EDNet 1.0 ✅ Python-3.10.4 ✅ torch-2.8.0+cu128 ✅CUDA:0 (NVIDIA A100-SXM4-40GB, 40441MiB)
[34m[1mengine/trainer: [0mtask=detect, mode=train, model=/home/ddwilde/scriptie/pretrained/small.pt, data=/home/ddwilde/scriptie/yaml/DOTA-stage1.yaml, epochs=50, time=None, patience=100, batch=4, imgsz=640, save=True, save_period=-1, cache=False, device=None, workers=8, project=/home/ddwilde/scriptie/runs/dota_replay, name=stage1-replay, exist_ok=False, pretrained=True, optimizer=auto, verbose=True, seed=0, deterministic=True, single_cls=False, rect=False, cos_lr=False, close_mosaic=10, resume=False, amp=True, fraction=1.0, profile=False, freeze=None, multi_scale=False, continual={'enable': False, 'batches': [], 'adapter_strategy': 'last', 'save_history': True}, replay={'enable': False, 'tap_layers': {'P2': 19, 'P3': 22, 'P4': 25}, 'tiny_max_pixels': 128, 'context_scale': 1.5, 'buffer_per_class': 64, 'sample_per_batch': 16, 'loss_weight': 1.0, 'scale_weighting': 'stride', 'store_dir': 'replay', 'buffer_file': 'buffer.pt', 'init_buffer': None, 'carryover_growth': 1.5, 'memory_dir': None, 'memory_ratio': 0.25, 'prototypes': {'num_fine': 4, 'use_coarse': True, 'ema_alpha': 0.05, 'init_sim_thresh': 0.9, 'gate_min_cos': 0.0, 'init_strategy': 'first_k', 'weight_by_count': False}, 'box': {'enable': False, 'loss_weight': 1.0, 'buffer_file': 'box_buffer.pt', 'init_buffer': None}}, kd={'enable': False, 'lambda_cls': 1.0, 'lambda_bbox': 1.0, 'top_k': 10, 'teacher_weights': None, 'teacher_nc': None, 'debug_batches': 10}, stage={'active_classes': [0, 1]}, overlap_mask=True, mask_ratio=4, dropout=0.0, val=True, split=val, save_json=False, save_hybrid=False, conf=None, iou=0.7, max_det=300, half=False, dnn=False, plots=True, per_class_tb_interval=1, source=None, vid_stride=1, stream_buffer=False, visualize=False, augment=False, agnostic_nms=False, classes=None, retina_masks=False, embed=None, show=False, save_frames=False, save_txt=False, save_conf=False, save_crop=False, show_labels=True, show_conf=True, show_boxes=True, line_width=None, format=torchscript, keras=False, optimize=False, int8=False, dynamic=False, simplify=False, opset=None, workspace=4, nms=False, lr0=0.01, lrf=0.01, momentum=0.937, weight_decay=0.0005, warmup_epochs=3.0, warmup_momentum=0.8, warmup_bias_lr=0.1, box=7.5, cls=0.5, dfl=1.5, pose=12.0, kobj=1.0, label_smoothing=0.0, nbs=64, hsv_h=0.015, hsv_s=0.7, hsv_v=0.4, degrees=0.0, translate=0.1, scale=0.5, shear=0.0, perspective=0.0, flipud=0.0, fliplr=0.5, bgr=0.0, mosaic=1.0, mixup=0.0, copy_paste=0.0, auto_augment=randaugment, erasing=0.4, crop_fraction=1.0, cfg=None, tracker=botsort.yaml, save_dir=/home/ddwilde/scriptie/runs/dota_replay/stage1-replay
Overriding model.yaml nc=10 with nc=2

                   from  n    params  module                                       arguments                     
  0                  -1  1       928  ednet.nn.modules.conv.Conv                   [3, 32, 3, 2]                 
  1                  -1  1     18560  ednet.nn.modules.conv.Conv                   [32, 64, 3, 2]                
  2                  -1  1     29056  ednet.nn.modules.block.C2f                   [64, 64, 1, True]             
  3                  -1  1     73984  ednet.nn.modules.conv.Conv                   [64, 128, 3, 2]               
  4                  -1  2    197632  ednet.nn.modules.block.C2f                   [128, 128, 2, True]           
  5                  -1  1    295424  ednet.nn.modules.conv.Conv                   [128, 256, 3, 2]              
  6                  -1  2    420864  ednet.nn.modules.block.C2f_FCA               [256, 256, 2, True]           
  7                  -1  1   1180672  ednet.nn.modules.conv.Conv                   [256, 512, 3, 2]              
  8                  -1  1   1095680  ednet.nn.modules.block.C2f_FCA               [512, 512, 1, True]           
  9                  -1  1    656896  ednet.nn.modules.block.SPPF                  [512, 512, 5]                 
 10                  -1  1    990976  ednet.nn.modules.block.PSA                   [512, 512]                    
 11                  -1  1         0  torch.nn.modules.upsampling.Upsample         [None, 2, 'nearest']          
 12             [-1, 6]  1         0  ednet.nn.modules.conv.Concat                 [1]                           
 13                  -1  1    591360  ednet.nn.modules.block.C2f                   [768, 256, 1]                 
 14                  -1  1         0  torch.nn.modules.upsampling.Upsample         [None, 2, 'nearest']          
 15             [-1, 4]  1         0  ednet.nn.modules.conv.Concat                 [1]                           
 16                  -1  1    148224  ednet.nn.modules.block.C2f                   [384, 128, 1]                 
 17                  -1  1         0  torch.nn.modules.upsampling.Upsample         [None, 2, 'nearest']          
 18             [-1, 2]  1         0  ednet.nn.modules.conv.Concat                 [1]                           
 19                  -1  1     37248  ednet.nn.modules.block.C2f                   [192, 64, 1]                  
 20                  -1  1     36992  ednet.nn.modules.conv.Conv                   [64, 64, 3, 2]                
 21            [-1, 16]  1         0  ednet.nn.modules.conv.Concat                 [1]                           
 22                  -1  1    123648  ednet.nn.modules.block.C2f                   [192, 128, 1]                 
 23                  -1  1    147712  ednet.nn.modules.conv.Conv                   [128, 128, 3, 2]              
 24            [-1, 13]  1         0  ednet.nn.modules.conv.Concat                 [1]                           
 25                  -1  1    493056  ednet.nn.modules.block.C2f                   [384, 256, 1]                 
 26                  -1  1     68864  ednet.nn.modules.block.SCDown                [256, 256, 3, 2]              
 27             [-1, 9]  1         0  ednet.nn.modules.conv.Concat                 [1]                           
 28                  -1  1   1089536  ednet.nn.modules.block.C2fCIB                [768, 512, 1, True, True]     
 29    [19, 22, 25, 28]  1   1621664  ednet.nn.modules.head.v10Detect              [2, [64, 128, 256, 512]]      
ednet-s summary: 510 layers, 9,318,976 parameters, 9,318,960 gradients

Active classes for this stage: (0, 1)
Transferred 737/753 items from pretrained weights
[34m[1mTensorBoard: [0mStart with 'tensorboard --logdir /home/ddwilde/scriptie/runs/dota_replay/stage1-replay', view at http://localhost:6006/
Freezing layer 'model.29.dfl.conv.weight'
[34m[1mAMP: [0mrunning Automatic Mixed Precision (AMP) checks with YOLOv8n...
[34m[1mAMP: [0mchecks passed ✅
Plotting labels to /home/ddwilde/scriptie/runs/dota_replay/stage1-replay/labels.jpg... 
[34m[1moptimizer:[0m 'optimizer=auto' found, ignoring 'lr0=0.01' and 'momentum=0.937' and determining best 'optimizer', 'lr0' and 'momentum' automatically... 
[34m[1moptimizer:[0m AdamW(lr=0.001667, momentum=0.9) with parameter groups 117 weight(decay=0.0), 145 weight(decay=0.0005), 139 bias(decay=0.0)
Trainable params: 401 tensors (9318960 weights). Top trainable=[('model.7.conv.weight', 1179648), ('model.9.cv2.conv.weight', 524288), ('model.8.cv2.conv.weight', 393216), ('model.28.cv1.conv.weight', 393216), ('model.28.cv2.conv.weight', 393216), ('model.5.conv.weight', 294912), ('model.29.cv2.3.0.conv.weight', 294912), ('model.29.one2one_cv2.3.0.conv.weight', 294912), ('model.8.cv1.conv.weight', 262144), ('model.10.cv1.conv.weight', 262144), ('model.10.cv2.conv.weight', 262144), ('model.13.cv1.conv.weight', 196608), ('model.13.m.0.cv1.conv.weight', 147456), ('model.13.m.0.cv2.conv.weight', 147456), ('model.23.conv.weight', 147456), ('model.25.m.0.cv1.conv.weight', 147456), ('model.25.m.0.cv2.conv.weight', 147456), ('model.29.cv2.2.0.conv.weight', 147456), ('model.29.one2one_cv2.2.0.conv.weight', 147456), ('model.6.cv2.conv.weight', 131072)]
[34m[1mTensorBoard: [0mmodel graph visualization added ✅
Image sizes 640 train, 640 val
Using 8 dataloader workers
Logging results to [1m/home/ddwilde/scriptie/runs/dota_replay/stage1-replay[0m
Starting training for 50 epochs...

      Epoch    GPU_mem   box_loss   cls_loss   dfl_loss  Instances       Size
Limiting positives to classes (0, 1)
Limiting positives to classes (0, 1)
Limiting positives to classes (0, 1)
Limiting positives to classes (0, 1)
No positive cells found.
No positive cells found.
                   all        186       8357      0.329      0.373       0.24      0.109

      Epoch    GPU_mem   box_loss   cls_loss   dfl_loss  Instances       Size
No positive cells found.
No positive cells found.
                   all        186       8357      0.384       0.37      0.287      0.161

      Epoch    GPU_mem   box_loss   cls_loss   dfl_loss  Instances       Size
No positive cells found.
No positive cells found.
                   all        186       8357      0.474      0.482        0.4      0.226

      Epoch    GPU_mem   box_loss   cls_loss   dfl_loss  Instances       Size
No positive cells found.
No positive cells found.
                   all        186       8357      0.522      0.493      0.423      0.232

      Epoch    GPU_mem   box_loss   cls_loss   dfl_loss  Instances       Size
No positive cells found.
No positive cells found.
                   all        186       8357        0.6      0.511      0.509      0.293

      Epoch    GPU_mem   box_loss   cls_loss   dfl_loss  Instances       Size
No positive cells found.
No positive cells found.
                   all        186       8357      0.601      0.518      0.509      0.293

      Epoch    GPU_mem   box_loss   cls_loss   dfl_loss  Instances       Size
No positive cells found.
No positive cells found.
                   all        186       8357      0.619      0.509      0.512      0.285

      Epoch    GPU_mem   box_loss   cls_loss   dfl_loss  Instances       Size
No positive cells found.
No positive cells found.
                   all        186       8357      0.645      0.568      0.565      0.329

      Epoch    GPU_mem   box_loss   cls_loss   dfl_loss  Instances       Size
No positive cells found.
No positive cells found.
                   all        186       8357      0.655      0.561      0.563      0.321

      Epoch    GPU_mem   box_loss   cls_loss   dfl_loss  Instances       Size
No positive cells found.
No positive cells found.
                   all        186       8357      0.611      0.532      0.524      0.308

      Epoch    GPU_mem   box_loss   cls_loss   dfl_loss  Instances       Size
No positive cells found.
No positive cells found.
                   all        186       8357      0.659      0.563      0.574      0.334

      Epoch    GPU_mem   box_loss   cls_loss   dfl_loss  Instances       Size
No positive cells found.
No positive cells found.
                   all        186       8357      0.704      0.554      0.587      0.336

      Epoch    GPU_mem   box_loss   cls_loss   dfl_loss  Instances       Size
No positive cells found.
No positive cells found.
                   all        186       8357      0.704      0.573      0.607       0.36

      Epoch    GPU_mem   box_loss   cls_loss   dfl_loss  Instances       Size
No positive cells found.
No positive cells found.
                   all        186       8357      0.695      0.582      0.608      0.357

      Epoch    GPU_mem   box_loss   cls_loss   dfl_loss  Instances       Size
No positive cells found.
No positive cells found.
                   all        186       8357      0.685      0.583      0.605      0.348

      Epoch    GPU_mem   box_loss   cls_loss   dfl_loss  Instances       Size
No positive cells found.
No positive cells found.
                   all        186       8357      0.697      0.584      0.615      0.363

      Epoch    GPU_mem   box_loss   cls_loss   dfl_loss  Instances       Size
No positive cells found.
No positive cells found.
                   all        186       8357      0.716      0.603      0.628      0.373

      Epoch    GPU_mem   box_loss   cls_loss   dfl_loss  Instances       Size
No positive cells found.
No positive cells found.
                   all        186       8357      0.693      0.576      0.612      0.359

      Epoch    GPU_mem   box_loss   cls_loss   dfl_loss  Instances       Size
No positive cells found.
No positive cells found.
                   all        186       8357      0.706      0.577      0.611      0.349

      Epoch    GPU_mem   box_loss   cls_loss   dfl_loss  Instances       Size
No positive cells found.
No positive cells found.
                   all        186       8357      0.719      0.594      0.627      0.377

      Epoch    GPU_mem   box_loss   cls_loss   dfl_loss  Instances       Size
No positive cells found.
No positive cells found.
                   all        186       8357      0.754      0.597      0.629      0.385

      Epoch    GPU_mem   box_loss   cls_loss   dfl_loss  Instances       Size
No positive cells found.
No positive cells found.
                   all        186       8357       0.75      0.595      0.633      0.383

      Epoch    GPU_mem   box_loss   cls_loss   dfl_loss  Instances       Size
No positive cells found.
No positive cells found.
                   all        186       8357      0.753      0.617      0.656      0.408

      Epoch    GPU_mem   box_loss   cls_loss   dfl_loss  Instances       Size
No positive cells found.
No positive cells found.
                   all        186       8357      0.722      0.613      0.637      0.383

      Epoch    GPU_mem   box_loss   cls_loss   dfl_loss  Instances       Size
No positive cells found.
No positive cells found.
                   all        186       8357      0.735      0.621      0.648      0.401

      Epoch    GPU_mem   box_loss   cls_loss   dfl_loss  Instances       Size
No positive cells found.
No positive cells found.
                   all        186       8357      0.741      0.619      0.646      0.388

      Epoch    GPU_mem   box_loss   cls_loss   dfl_loss  Instances       Size
No positive cells found.
No positive cells found.
                   all        186       8357      0.723      0.615      0.643      0.395

      Epoch    GPU_mem   box_loss   cls_loss   dfl_loss  Instances       Size
No positive cells found.
No positive cells found.
                   all        186       8357      0.735      0.627      0.655      0.397

      Epoch    GPU_mem   box_loss   cls_loss   dfl_loss  Instances       Size
No positive cells found.
No positive cells found.
                   all        186       8357       0.74      0.626      0.649      0.399

      Epoch    GPU_mem   box_loss   cls_loss   dfl_loss  Instances       Size
No positive cells found.
No positive cells found.
                   all        186       8357      0.714      0.615      0.636      0.386

      Epoch    GPU_mem   box_loss   cls_loss   dfl_loss  Instances       Size
No positive cells found.
No positive cells found.
                   all        186       8357      0.734      0.639      0.659      0.399

      Epoch    GPU_mem   box_loss   cls_loss   dfl_loss  Instances       Size
No positive cells found.
No positive cells found.
                   all        186       8357      0.721      0.603      0.635      0.383

      Epoch    GPU_mem   box_loss   cls_loss   dfl_loss  Instances       Size
No positive cells found.
No positive cells found.
                   all        186       8357      0.721      0.637      0.647      0.398

      Epoch    GPU_mem   box_loss   cls_loss   dfl_loss  Instances       Size
No positive cells found.
No positive cells found.
                   all        186       8357      0.758      0.627      0.666      0.411

      Epoch    GPU_mem   box_loss   cls_loss   dfl_loss  Instances       Size
No positive cells found.
No positive cells found.
                   all        186       8357      0.735      0.633      0.656      0.409

      Epoch    GPU_mem   box_loss   cls_loss   dfl_loss  Instances       Size
No positive cells found.
No positive cells found.
                   all        186       8357      0.746      0.631      0.659      0.408

      Epoch    GPU_mem   box_loss   cls_loss   dfl_loss  Instances       Size
No positive cells found.
No positive cells found.
                   all        186       8357      0.752      0.635      0.664      0.403

      Epoch    GPU_mem   box_loss   cls_loss   dfl_loss  Instances       Size
No positive cells found.
No positive cells found.
                   all        186       8357      0.725      0.618      0.648      0.401

      Epoch    GPU_mem   box_loss   cls_loss   dfl_loss  Instances       Size
No positive cells found.
No positive cells found.
                   all        186       8357      0.735      0.628      0.655      0.408

      Epoch    GPU_mem   box_loss   cls_loss   dfl_loss  Instances       Size
No positive cells found.
No positive cells found.
                   all        186       8357      0.746      0.632      0.662      0.413
Closing dataloader mosaic

      Epoch    GPU_mem   box_loss   cls_loss   dfl_loss  Instances       Size
No positive cells found.
No positive cells found.
                   all        186       8357      0.748      0.632      0.663      0.415

      Epoch    GPU_mem   box_loss   cls_loss   dfl_loss  Instances       Size
No positive cells found.
No positive cells found.
                   all        186       8357      0.751      0.633      0.661      0.412

      Epoch    GPU_mem   box_loss   cls_loss   dfl_loss  Instances       Size
No positive cells found.
No positive cells found.
                   all        186       8357      0.734      0.609      0.646      0.415

      Epoch    GPU_mem   box_loss   cls_loss   dfl_loss  Instances       Size
No positive cells found.
No positive cells found.
                   all        186       8357      0.764      0.622      0.667      0.422

      Epoch    GPU_mem   box_loss   cls_loss   dfl_loss  Instances       Size
No positive cells found.
No positive cells found.
                   all        186       8357      0.748      0.632      0.669      0.422

      Epoch    GPU_mem   box_loss   cls_loss   dfl_loss  Instances       Size
No positive cells found.
No positive cells found.
                   all        186       8357      0.749      0.636      0.667      0.418

      Epoch    GPU_mem   box_loss   cls_loss   dfl_loss  Instances       Size
No positive cells found.
No positive cells found.
                   all        186       8357      0.745       0.64      0.667      0.415

      Epoch    GPU_mem   box_loss   cls_loss   dfl_loss  Instances       Size
No positive cells found.
No positive cells found.
                   all        186       8357      0.748       0.64      0.673      0.422

      Epoch    GPU_mem   box_loss   cls_loss   dfl_loss  Instances       Size
No positive cells found.
No positive cells found.
                   all        186       8357      0.756      0.636      0.673      0.425

      Epoch    GPU_mem   box_loss   cls_loss   dfl_loss  Instances       Size
No positive cells found.
No positive cells found.
                   all        186       8357      0.747      0.638      0.672      0.425

50 epochs completed in 0.306 hours.
Optimizer stripped from /home/ddwilde/scriptie/runs/dota_replay/stage1-replay/weights/last.pt, 19.1MB
Optimizer stripped from /home/ddwilde/scriptie/runs/dota_replay/stage1-replay/weights/best.pt, 19.1MB

Validating /home/ddwilde/scriptie/runs/dota_replay/stage1-replay/weights/best.pt...
EDNet 1.0 ✅ Python-3.10.4 ✅ torch-2.8.0+cu128 ✅CUDA:0 (NVIDIA A100-SXM4-40GB, 40441MiB)
ednet-s summary (fused): 394 layers, 9,295,008 parameters, 0 gradients
                   all        186       8357      0.756      0.636      0.673      0.425
         small-vehicle         89       5547      0.685      0.532      0.565      0.307
         large-vehicle         73       2810      0.827       0.74      0.782      0.544
Speed: 0.1ms preprocess, 2.1ms inference, 0.0ms loss, 0.2ms postprocess per image
Results saved to [1m/home/ddwilde/scriptie/runs/dota_replay/stage1-replay[0m
Training finished. Results saved in: /home/ddwilde/scriptie/runs/dota_replay/stage1-replay
EDNet 1.0 ✅ Python-3.10.4 ✅ torch-2.8.0+cu128 ✅CUDA:0 (NVIDIA A100-SXM4-40GB, 40441MiB)
[34m[1mengine/trainer: [0mtask=detect, mode=train, model=/home/ddwilde/scriptie/runs/dota_replay/stage1-replay/weights/best.pt, data=/home/ddwilde/scriptie/yaml/DOTA-stage2.yaml, epochs=50, time=None, patience=100, batch=4, imgsz=640, save=True, save_period=-1, cache=False, device=None, workers=8, project=/home/ddwilde/scriptie/runs/dota_replay, name=stage2-replay, exist_ok=False, pretrained=True, optimizer=auto, verbose=True, seed=0, deterministic=True, single_cls=False, rect=False, cos_lr=False, close_mosaic=10, resume=False, amp=True, fraction=1.0, profile=False, freeze=None, multi_scale=False, continual={'enable': False, 'batches': [], 'adapter_strategy': 'last', 'save_history': True}, replay={'enable': True, 'memory_dir': '/home/ddwilde/scriptie/datasets/memory/stage1', 'memory_ratio': 0.25}, kd={'enable': False, 'lambda_cls': 1.0, 'lambda_bbox': 1.0, 'top_k': 10, 'teacher_weights': None, 'teacher_nc': None, 'debug_batches': 10}, stage={'active_classes': [2, 3], 'prev_classes': [0, 1]}, overlap_mask=True, mask_ratio=4, dropout=0.0, val=True, split=val, save_json=False, save_hybrid=False, conf=None, iou=0.7, max_det=300, half=False, dnn=False, plots=True, per_class_tb_interval=1, source=None, vid_stride=1, stream_buffer=False, visualize=False, augment=False, agnostic_nms=False, classes=None, retina_masks=False, embed=None, show=False, save_frames=False, save_txt=False, save_conf=False, save_crop=False, show_labels=True, show_conf=True, show_boxes=True, line_width=None, format=torchscript, keras=False, optimize=False, int8=False, dynamic=False, simplify=False, opset=None, workspace=4, nms=False, lr0=0.01, lrf=0.01, momentum=0.937, weight_decay=0.0005, warmup_epochs=3.0, warmup_momentum=0.8, warmup_bias_lr=0.1, box=7.5, cls=0.5, dfl=1.5, pose=12.0, kobj=1.0, label_smoothing=0.0, nbs=64, hsv_h=0.015, hsv_s=0.7, hsv_v=0.4, degrees=0.0, translate=0.1, scale=0.5, shear=0.0, perspective=0.0, flipud=0.0, fliplr=0.5, bgr=0.0, mosaic=1.0, mixup=0.0, copy_paste=0.0, auto_augment=randaugment, erasing=0.4, crop_fraction=1.0, cfg=None, tracker=botsort.yaml, save_dir=/home/ddwilde/scriptie/runs/dota_replay/stage2-replay
Overriding model.yaml nc=2 with nc=4

                   from  n    params  module                                       arguments                     
  0                  -1  1       928  ednet.nn.modules.conv.Conv                   [3, 32, 3, 2]                 
  1                  -1  1     18560  ednet.nn.modules.conv.Conv                   [32, 64, 3, 2]                
  2                  -1  1     29056  ednet.nn.modules.block.C2f                   [64, 64, 1, True]             
  3                  -1  1     73984  ednet.nn.modules.conv.Conv                   [64, 128, 3, 2]               
  4                  -1  2    197632  ednet.nn.modules.block.C2f                   [128, 128, 2, True]           
  5                  -1  1    295424  ednet.nn.modules.conv.Conv                   [128, 256, 3, 2]              
  6                  -1  2    420864  ednet.nn.modules.block.C2f_FCA               [256, 256, 2, True]           
  7                  -1  1   1180672  ednet.nn.modules.conv.Conv                   [256, 512, 3, 2]              
  8                  -1  1   1095680  ednet.nn.modules.block.C2f_FCA               [512, 512, 1, True]           
  9                  -1  1    656896  ednet.nn.modules.block.SPPF                  [512, 512, 5]                 
 10                  -1  1    990976  ednet.nn.modules.block.PSA                   [512, 512]                    
 11                  -1  1         0  torch.nn.modules.upsampling.Upsample         [None, 2, 'nearest']          
 12             [-1, 6]  1         0  ednet.nn.modules.conv.Concat                 [1]                           
 13                  -1  1    591360  ednet.nn.modules.block.C2f                   [768, 256, 1]                 
 14                  -1  1         0  torch.nn.modules.upsampling.Upsample         [None, 2, 'nearest']          
 15             [-1, 4]  1         0  ednet.nn.modules.conv.Concat                 [1]                           
 16                  -1  1    148224  ednet.nn.modules.block.C2f                   [384, 128, 1]                 
 17                  -1  1         0  torch.nn.modules.upsampling.Upsample         [None, 2, 'nearest']          
 18             [-1, 2]  1         0  ednet.nn.modules.conv.Concat                 [1]                           
 19                  -1  1     37248  ednet.nn.modules.block.C2f                   [192, 64, 1]                  
 20                  -1  1     36992  ednet.nn.modules.conv.Conv                   [64, 64, 3, 2]                
 21            [-1, 16]  1         0  ednet.nn.modules.conv.Concat                 [1]                           
 22                  -1  1    123648  ednet.nn.modules.block.C2f                   [192, 128, 1]                 
 23                  -1  1    147712  ednet.nn.modules.conv.Conv                   [128, 128, 3, 2]              
 24            [-1, 13]  1         0  ednet.nn.modules.conv.Concat                 [1]                           
 25                  -1  1    493056  ednet.nn.modules.block.C2f                   [384, 256, 1]                 
 26                  -1  1     68864  ednet.nn.modules.block.SCDown                [256, 256, 3, 2]              
 27             [-1, 9]  1         0  ednet.nn.modules.conv.Concat                 [1]                           
 28                  -1  1   1089536  ednet.nn.modules.block.C2fCIB                [768, 512, 1, True, True]     
 29    [19, 22, 25, 28]  1   1622704  ednet.nn.modules.head.v10Detect              [4, [64, 128, 256, 512]]      
ednet-s summary: 510 layers, 9,320,016 parameters, 9,320,000 gradients

Active classes for this stage: (2, 3)
Replay/previous classes for this stage: (0, 1)
Transferred 737/753 items from pretrained weights
Replay feature tapper initialized for detection head levels: ['P2', 'P3', 'P4']
[34m[1mTensorBoard: [0mStart with 'tensorboard --logdir /home/ddwilde/scriptie/runs/dota_replay/stage2-replay', view at http://localhost:6006/
Freezing layer 'model.29.dfl.conv.weight'
[34m[1mAMP: [0mrunning Automatic Mixed Precision (AMP) checks with YOLOv8n...
[34m[1mAMP: [0mchecks passed ✅
Plotting labels to /home/ddwilde/scriptie/runs/dota_replay/stage2-replay/labels.jpg... 
[34m[1moptimizer:[0m 'optimizer=auto' found, ignoring 'lr0=0.01' and 'momentum=0.937' and determining best 'optimizer', 'lr0' and 'momentum' automatically... 
[34m[1moptimizer:[0m AdamW(lr=0.00125, momentum=0.9) with parameter groups 117 weight(decay=0.0), 145 weight(decay=0.0005), 139 bias(decay=0.0)
Trainable params: 401 tensors (9320000 weights). Top trainable=[('model.7.conv.weight', 1179648), ('model.9.cv2.conv.weight', 524288), ('model.8.cv2.conv.weight', 393216), ('model.28.cv1.conv.weight', 393216), ('model.28.cv2.conv.weight', 393216), ('model.5.conv.weight', 294912), ('model.29.cv2.3.0.conv.weight', 294912), ('model.29.one2one_cv2.3.0.conv.weight', 294912), ('model.8.cv1.conv.weight', 262144), ('model.10.cv1.conv.weight', 262144), ('model.10.cv2.conv.weight', 262144), ('model.13.cv1.conv.weight', 196608), ('model.13.m.0.cv1.conv.weight', 147456), ('model.13.m.0.cv2.conv.weight', 147456), ('model.23.conv.weight', 147456), ('model.25.m.0.cv1.conv.weight', 147456), ('model.25.m.0.cv2.conv.weight', 147456), ('model.29.cv2.2.0.conv.weight', 147456), ('model.29.one2one_cv2.2.0.conv.weight', 147456), ('model.6.cv2.conv.weight', 131072)]
Limiting positives to classes (2, 3)
Replay targets limited to previous classes (0, 1)
Limiting positives to classes (2, 3)
Replay targets limited to previous classes (0, 1)
Memory replay enabled from /home/ddwilde/scriptie/datasets/memory/stage1/images with batch size 1 (25.0% of primary batch).
[34m[1mTensorBoard: [0mmodel graph visualization added ✅
Image sizes 640 train, 640 val
Using 8 dataloader workers
Logging results to [1m/home/ddwilde/scriptie/runs/dota_replay/stage2-replay[0m
Starting training for 50 epochs...

      Epoch    GPU_mem   box_loss   cls_loss   dfl_lossreplay_loss  Instances       Size
No replay auxiliary loss computed: teacher_ready = False
No replay auxiliary loss computed: teacher_ready = False
No replay auxiliary loss computed: teacher_ready = False
No replay auxiliary loss computed: teacher_ready = False
No replay auxiliary loss computed: teacher_ready = False
No replay auxiliary loss computed: teacher_ready = False
No replay auxiliary loss computed: teacher_ready = False
No replay auxiliary loss computed: teacher_ready = False
No replay auxiliary loss computed: teacher_ready = False
No replay auxiliary loss computed: teacher_ready = False
No replay auxiliary loss computed: teacher_ready = False
No replay auxiliary loss computed: teacher_ready = False
No replay auxiliary loss computed: teacher_ready = False
No replay auxiliary loss computed: teacher_ready = False
No replay auxiliary loss computed: teacher_ready = False
No replay auxiliary loss computed: teacher_ready = False
No replay auxiliary loss computed: teacher_ready = False
No replay auxiliary loss computed: teacher_ready = False
No replay auxiliary loss computed: teacher_ready = False
No replay auxiliary loss computed: teacher_ready = False
No replay auxiliary loss computed: teacher_ready = False
No replay auxiliary loss computed: teacher_ready = False
No replay auxiliary loss computed: teacher_ready = False
No replay auxiliary loss computed: teacher_ready = False
No replay auxiliary loss computed: teacher_ready = False
No replay auxiliary loss computed: teacher_ready = False
No replay auxiliary loss computed: teacher_ready = False
No replay auxiliary loss computed: teacher_ready = False
No replay auxiliary loss computed: teacher_ready = False
No replay auxiliary loss computed: teacher_ready = False
No replay auxiliary loss computed: teacher_ready = False
No replay auxiliary loss computed: teacher_ready = False
No replay auxiliary loss computed: teacher_ready = False
No replay auxiliary loss computed: teacher_ready = False
No replay auxiliary loss computed: teacher_ready = False
No replay auxiliary loss computed: teacher_ready = False
No replay auxiliary loss computed: teacher_ready = False
No replay auxiliary loss computed: teacher_ready = False
No replay auxiliary loss computed: teacher_ready = False
No replay auxiliary loss computed: teacher_ready = False
No replay auxiliary loss computed: teacher_ready = False
No replay auxiliary loss computed: teacher_ready = False
No replay auxiliary loss computed: teacher_ready = False
No replay auxiliary loss computed: teacher_ready = False
No replay auxiliary loss computed: teacher_ready = False
No replay auxiliary loss computed: teacher_ready = False
Limiting positives to classes (2, 3)
Replay targets limited to previous classes (0, 1)
Limiting positives to classes (2, 3)
Replay targets limited to previous classes (0, 1)
Replay tap config not set; GT-driven replay skipped for this batch.
Replay tap config not set; GT-driven replay skipped for this batch.
No positive cells found.
No positive cells found.
No positive cells found.
No positive cells found.
No positive cells found.
No positive cells found.
No positive cells found.
No positive cells found.
                   all        186      10109     0.0164     0.0598     0.0199    0.00856

      Epoch    GPU_mem   box_loss   cls_loss   dfl_lossreplay_loss  Instances       Size
No replay auxiliary loss computed: teacher_ready = False
No replay auxiliary loss computed: teacher_ready = False
No replay auxiliary loss computed: teacher_ready = False
No replay auxiliary loss computed: teacher_ready = False
No replay auxiliary loss computed: teacher_ready = False
No replay auxiliary loss computed: teacher_ready = False
No replay auxiliary loss computed: teacher_ready = False
No replay auxiliary loss computed: teacher_ready = False
No replay auxiliary loss computed: teacher_ready = False
No replay auxiliary loss computed: teacher_ready = False
No replay auxiliary loss computed: teacher_ready = False
No replay auxiliary loss computed: teacher_ready = False
No replay auxiliary loss computed: teacher_ready = False
No replay auxiliary loss computed: teacher_ready = False
No replay auxiliary loss computed: teacher_ready = False
No replay auxiliary loss computed: teacher_ready = False
No replay auxiliary loss computed: teacher_ready = False
No replay auxiliary loss computed: teacher_ready = False
No replay auxiliary loss computed: teacher_ready = False
No replay auxiliary loss computed: teacher_ready = False
No replay auxiliary loss computed: teacher_ready = False
No replay auxiliary loss computed: teacher_ready = False
No replay auxiliary loss computed: teacher_ready = False
No replay auxiliary loss computed: teacher_ready = False
No replay auxiliary loss computed: teacher_ready = False
No replay auxiliary loss computed: teacher_ready = False
No replay auxiliary loss computed: teacher_ready = False
No replay auxiliary loss computed: teacher_ready = False
No replay auxiliary loss computed: teacher_ready = False
No replay auxiliary loss computed: teacher_ready = False
No replay auxiliary loss computed: teacher_ready = False
No replay auxiliary loss computed: teacher_ready = False
No replay auxiliary loss computed: teacher_ready = False
No replay auxiliary loss computed: teacher_ready = False
No replay auxiliary loss computed: teacher_ready = False
No replay auxiliary loss computed: teacher_ready = False
No replay auxiliary loss computed: teacher_ready = False
No replay auxiliary loss computed: teacher_ready = False
No replay auxiliary loss computed: teacher_ready = False
No replay auxiliary loss computed: teacher_ready = False
No replay auxiliary loss computed: teacher_ready = False
No replay auxiliary loss computed: teacher_ready = False
No replay auxiliary loss computed: teacher_ready = False
No replay auxiliary loss computed: teacher_ready = False
No replay auxiliary loss computed: teacher_ready = False
No replay auxiliary loss computed: teacher_ready = False
No positive cells found.
No positive cells found.
No positive cells found.
No positive cells found.
No positive cells found.
No positive cells found.
No positive cells found.
No positive cells found.
                   all        186      10109     0.0115     0.0293    0.00878    0.00348

      Epoch    GPU_mem   box_loss   cls_loss   dfl_lossreplay_loss  Instances       Size
No replay auxiliary loss computed: teacher_ready = False
No replay auxiliary loss computed: teacher_ready = False
No replay auxiliary loss computed: teacher_ready = False
No replay auxiliary loss computed: teacher_ready = False
No replay auxiliary loss computed: teacher_ready = False
No replay auxiliary loss computed: teacher_ready = False
No replay auxiliary loss computed: teacher_ready = False
No replay auxiliary loss computed: teacher_ready = False
No replay auxiliary loss computed: teacher_ready = False
No replay auxiliary loss computed: teacher_ready = False
No replay auxiliary loss computed: teacher_ready = False
No replay auxiliary loss computed: teacher_ready = False
No replay auxiliary loss computed: teacher_ready = False
No replay auxiliary loss computed: teacher_ready = False
No replay auxiliary loss computed: teacher_ready = False
No replay auxiliary loss computed: teacher_ready = False
No replay auxiliary loss computed: teacher_ready = False
No replay auxiliary loss computed: teacher_ready = False
No replay auxiliary loss computed: teacher_ready = False
No replay auxiliary loss computed: teacher_ready = False
No replay auxiliary loss computed: teacher_ready = False
No replay auxiliary loss computed: teacher_ready = False
No replay auxiliary loss computed: teacher_ready = False
No replay auxiliary loss computed: teacher_ready = False
No replay auxiliary loss computed: teacher_ready = False
No replay auxiliary loss computed: teacher_ready = False
No replay auxiliary loss computed: teacher_ready = False
No replay auxiliary loss computed: teacher_ready = False
No replay auxiliary loss computed: teacher_ready = False
No replay auxiliary loss computed: teacher_ready = False
No replay auxiliary loss computed: teacher_ready = False
No replay auxiliary loss computed: teacher_ready = False
No replay auxiliary loss computed: teacher_ready = False
No replay auxiliary loss computed: teacher_ready = False
No replay auxiliary loss computed: teacher_ready = False
No replay auxiliary loss computed: teacher_ready = False
No replay auxiliary loss computed: teacher_ready = False
No replay auxiliary loss computed: teacher_ready = False
No replay auxiliary loss computed: teacher_ready = False
No replay auxiliary loss computed: teacher_ready = False
No replay auxiliary loss computed: teacher_ready = False
No replay auxiliary loss computed: teacher_ready = False
No replay auxiliary loss computed: teacher_ready = False
No replay auxiliary loss computed: teacher_ready = False
No replay auxiliary loss computed: teacher_ready = False
No replay auxiliary loss computed: teacher_ready = False
No positive cells found.
No positive cells found.
No positive cells found.
No positive cells found.
No positive cells found.
No positive cells found.
No positive cells found.
No positive cells found.
                   all        186      10109      0.017      0.129     0.0163    0.00697

      Epoch    GPU_mem   box_loss   cls_loss   dfl_lossreplay_loss  Instances       Size
No replay auxiliary loss computed: teacher_ready = False
No replay auxiliary loss computed: teacher_ready = False
No replay auxiliary loss computed: teacher_ready = False
No replay auxiliary loss computed: teacher_ready = False
No replay auxiliary loss computed: teacher_ready = False
No replay auxiliary loss computed: teacher_ready = False
No replay auxiliary loss computed: teacher_ready = False
No replay auxiliary loss computed: teacher_ready = False
No replay auxiliary loss computed: teacher_ready = False
No replay auxiliary loss computed: teacher_ready = False
No replay auxiliary loss computed: teacher_ready = False
No replay auxiliary loss computed: teacher_ready = False
No replay auxiliary loss computed: teacher_ready = False
No replay auxiliary loss computed: teacher_ready = False
No replay auxiliary loss computed: teacher_ready = False
No replay auxiliary loss computed: teacher_ready = False
No replay auxiliary loss computed: teacher_ready = False
No replay auxiliary loss computed: teacher_ready = False
No replay auxiliary loss computed: teacher_ready = False
No replay auxiliary loss computed: teacher_ready = False
No replay auxiliary loss computed: teacher_ready = False
No replay auxiliary loss computed: teacher_ready = False
No replay auxiliary loss computed: teacher_ready = False
No replay auxiliary loss computed: teacher_ready = False
No replay auxiliary loss computed: teacher_ready = False
No replay auxiliary loss computed: teacher_ready = False
No replay auxiliary loss computed: teacher_ready = False
No replay auxiliary loss computed: teacher_ready = False
No replay auxiliary loss computed: teacher_ready = False
No replay auxiliary loss computed: teacher_ready = False
No replay auxiliary loss computed: teacher_ready = False
No replay auxiliary loss computed: teacher_ready = False
No replay auxiliary loss computed: teacher_ready = False
No replay auxiliary loss computed: teacher_ready = False
No replay auxiliary loss computed: teacher_ready = False
No replay auxiliary loss computed: teacher_ready = False
No replay auxiliary loss computed: teacher_ready = False
No replay auxiliary loss computed: teacher_ready = False
No replay auxiliary loss computed: teacher_ready = False
No replay auxiliary loss computed: teacher_ready = False
No replay auxiliary loss computed: teacher_ready = False
No replay auxiliary loss computed: teacher_ready = False
No replay auxiliary loss computed: teacher_ready = False
No replay auxiliary loss computed: teacher_ready = False
No replay auxiliary loss computed: teacher_ready = False
No replay auxiliary loss computed: teacher_ready = False
No positive cells found.
No positive cells found.
No positive cells found.
No positive cells found.
No positive cells found.
No positive cells found.
No positive cells found.
No positive cells found.
                   all        186      10109      0.314     0.0488     0.0356     0.0146

      Epoch    GPU_mem   box_loss   cls_loss   dfl_lossreplay_loss  Instances       Size
No replay auxiliary loss computed: teacher_ready = False
No replay auxiliary loss computed: teacher_ready = False
No replay auxiliary loss computed: teacher_ready = False
No replay auxiliary loss computed: teacher_ready = False
No replay auxiliary loss computed: teacher_ready = False
No replay auxiliary loss computed: teacher_ready = False
No replay auxiliary loss computed: teacher_ready = False
No replay auxiliary loss computed: teacher_ready = False
No replay auxiliary loss computed: teacher_ready = False
No replay auxiliary loss computed: teacher_ready = False
No replay auxiliary loss computed: teacher_ready = False
No replay auxiliary loss computed: teacher_ready = False
No replay auxiliary loss computed: teacher_ready = False
No replay auxiliary loss computed: teacher_ready = False
No replay auxiliary loss computed: teacher_ready = False
No replay auxiliary loss computed: teacher_ready = False
No replay auxiliary loss computed: teacher_ready = False
No replay auxiliary loss computed: teacher_ready = False
No replay auxiliary loss computed: teacher_ready = False
No replay auxiliary loss computed: teacher_ready = False
No replay auxiliary loss computed: teacher_ready = False
No replay auxiliary loss computed: teacher_ready = False
No replay auxiliary loss computed: teacher_ready = False
No replay auxiliary loss computed: teacher_ready = False
No replay auxiliary loss computed: teacher_ready = False
No replay auxiliary loss computed: teacher_ready = False
No replay auxiliary loss computed: teacher_ready = False
No replay auxiliary loss computed: teacher_ready = False
No replay auxiliary loss computed: teacher_ready = False
No replay auxiliary loss computed: teacher_ready = False
No replay auxiliary loss computed: teacher_ready = False
No replay auxiliary loss computed: teacher_ready = False
No replay auxiliary loss computed: teacher_ready = False
No replay auxiliary loss computed: teacher_ready = False
No replay auxiliary loss computed: teacher_ready = False
No replay auxiliary loss computed: teacher_ready = False
No replay auxiliary loss computed: teacher_ready = False
No replay auxiliary loss computed: teacher_ready = False
No replay auxiliary loss computed: teacher_ready = False
No replay auxiliary loss computed: teacher_ready = False
No replay auxiliary loss computed: teacher_ready = False
No replay auxiliary loss computed: teacher_ready = False
No replay auxiliary loss computed: teacher_ready = False
No replay auxiliary loss computed: teacher_ready = False
No replay auxiliary loss computed: teacher_ready = False
No replay auxiliary loss computed: teacher_ready = False
No positive cells found.
No positive cells found.
No positive cells found.
No positive cells found.
No positive cells found.
No positive cells found.
No positive cells found.
No positive cells found.
                   all        186      10109      0.818     0.0635     0.0468     0.0205

      Epoch    GPU_mem   box_loss   cls_loss   dfl_lossreplay_loss  Instances       Size
No replay auxiliary loss computed: teacher_ready = False
No replay auxiliary loss computed: teacher_ready = False
No replay auxiliary loss computed: teacher_ready = False
No replay auxiliary loss computed: teacher_ready = False
No replay auxiliary loss computed: teacher_ready = False
No replay auxiliary loss computed: teacher_ready = False
No replay auxiliary loss computed: teacher_ready = False
No replay auxiliary loss computed: teacher_ready = False
No replay auxiliary loss computed: teacher_ready = False
No replay auxiliary loss computed: teacher_ready = False
No replay auxiliary loss computed: teacher_ready = False
No replay auxiliary loss computed: teacher_ready = False
No replay auxiliary loss computed: teacher_ready = False
No replay auxiliary loss computed: teacher_ready = False
No replay auxiliary loss computed: teacher_ready = False
No replay auxiliary loss computed: teacher_ready = False
No replay auxiliary loss computed: teacher_ready = False
No replay auxiliary loss computed: teacher_ready = False
No replay auxiliary loss computed: teacher_ready = False
No replay auxiliary loss computed: teacher_ready = False
No replay auxiliary loss computed: teacher_ready = False
No replay auxiliary loss computed: teacher_ready = False
No replay auxiliary loss computed: teacher_ready = False
No replay auxiliary loss computed: teacher_ready = False
No replay auxiliary loss computed: teacher_ready = False
No replay auxiliary loss computed: teacher_ready = False
No replay auxiliary loss computed: teacher_ready = False
No replay auxiliary loss computed: teacher_ready = False
No replay auxiliary loss computed: teacher_ready = False
No replay auxiliary loss computed: teacher_ready = False
No replay auxiliary loss computed: teacher_ready = False
No replay auxiliary loss computed: teacher_ready = False
No replay auxiliary loss computed: teacher_ready = False
No replay auxiliary loss computed: teacher_ready = False
No replay auxiliary loss computed: teacher_ready = False
No replay auxiliary loss computed: teacher_ready = False
No replay auxiliary loss computed: teacher_ready = False
No replay auxiliary loss computed: teacher_ready = False
No replay auxiliary loss computed: teacher_ready = False
No replay auxiliary loss computed: teacher_ready = False
No replay auxiliary loss computed: teacher_ready = False
No replay auxiliary loss computed: teacher_ready = False
No replay auxiliary loss computed: teacher_ready = False
No replay auxiliary loss computed: teacher_ready = False
No replay auxiliary loss computed: teacher_ready = False
No replay auxiliary loss computed: teacher_ready = False
No positive cells found.
No positive cells found.
No positive cells found.
No positive cells found.
No positive cells found.
No positive cells found.
No positive cells found.
No positive cells found.
                   all        186      10109      0.815     0.0763     0.0542     0.0259

      Epoch    GPU_mem   box_loss   cls_loss   dfl_lossreplay_loss  Instances       Size
No replay auxiliary loss computed: teacher_ready = False
No replay auxiliary loss computed: teacher_ready = False
No replay auxiliary loss computed: teacher_ready = False
No replay auxiliary loss computed: teacher_ready = False
No replay auxiliary loss computed: teacher_ready = False
No replay auxiliary loss computed: teacher_ready = False
No replay auxiliary loss computed: teacher_ready = False
No replay auxiliary loss computed: teacher_ready = False
No replay auxiliary loss computed: teacher_ready = False
No replay auxiliary loss computed: teacher_ready = False
No replay auxiliary loss computed: teacher_ready = False
No replay auxiliary loss computed: teacher_ready = False
No replay auxiliary loss computed: teacher_ready = False
No replay auxiliary loss computed: teacher_ready = False
No replay auxiliary loss computed: teacher_ready = False
No replay auxiliary loss computed: teacher_ready = False
No replay auxiliary loss computed: teacher_ready = False
No replay auxiliary loss computed: teacher_ready = False
No replay auxiliary loss computed: teacher_ready = False
No replay auxiliary loss computed: teacher_ready = False
No replay auxiliary loss computed: teacher_ready = False
No replay auxiliary loss computed: teacher_ready = False
No replay auxiliary loss computed: teacher_ready = False
No replay auxiliary loss computed: teacher_ready = False
No replay auxiliary loss computed: teacher_ready = False
No replay auxiliary loss computed: teacher_ready = False
No replay auxiliary loss computed: teacher_ready = False
No replay auxiliary loss computed: teacher_ready = False
No replay auxiliary loss computed: teacher_ready = False
No replay auxiliary loss computed: teacher_ready = False
No replay auxiliary loss computed: teacher_ready = False
No replay auxiliary loss computed: teacher_ready = False
No replay auxiliary loss computed: teacher_ready = False
No replay auxiliary loss computed: teacher_ready = False
No replay auxiliary loss computed: teacher_ready = False
No replay auxiliary loss computed: teacher_ready = False
No replay auxiliary loss computed: teacher_ready = False
No replay auxiliary loss computed: teacher_ready = False
No replay auxiliary loss computed: teacher_ready = False
No replay auxiliary loss computed: teacher_ready = False
No replay auxiliary loss computed: teacher_ready = False
No replay auxiliary loss computed: teacher_ready = False
No replay auxiliary loss computed: teacher_ready = False
No replay auxiliary loss computed: teacher_ready = False
No replay auxiliary loss computed: teacher_ready = False
No replay auxiliary loss computed: teacher_ready = False
No positive cells found.
No positive cells found.
No positive cells found.
No positive cells found.
No positive cells found.
No positive cells found.
No positive cells found.
No positive cells found.
                   all        186      10109       0.84     0.0888     0.0737     0.0358

      Epoch    GPU_mem   box_loss   cls_loss   dfl_lossreplay_loss  Instances       Size
No replay auxiliary loss computed: teacher_ready = False
No replay auxiliary loss computed: teacher_ready = False
No replay auxiliary loss computed: teacher_ready = False
No replay auxiliary loss computed: teacher_ready = False
No replay auxiliary loss computed: teacher_ready = False
No replay auxiliary loss computed: teacher_ready = False
No replay auxiliary loss computed: teacher_ready = False
No replay auxiliary loss computed: teacher_ready = False
No replay auxiliary loss computed: teacher_ready = False
No replay auxiliary loss computed: teacher_ready = False
No replay auxiliary loss computed: teacher_ready = False
No replay auxiliary loss computed: teacher_ready = False
No replay auxiliary loss computed: teacher_ready = False
No replay auxiliary loss computed: teacher_ready = False
No replay auxiliary loss computed: teacher_ready = False
No replay auxiliary loss computed: teacher_ready = False
No replay auxiliary loss computed: teacher_ready = False
No replay auxiliary loss computed: teacher_ready = False
No replay auxiliary loss computed: teacher_ready = False
No replay auxiliary loss computed: teacher_ready = False
No replay auxiliary loss computed: teacher_ready = False
No replay auxiliary loss computed: teacher_ready = False
No replay auxiliary loss computed: teacher_ready = False
No replay auxiliary loss computed: teacher_ready = False
No replay auxiliary loss computed: teacher_ready = False
No replay auxiliary loss computed: teacher_ready = False
No replay auxiliary loss computed: teacher_ready = False
No replay auxiliary loss computed: teacher_ready = False
No replay auxiliary loss computed: teacher_ready = False
No replay auxiliary loss computed: teacher_ready = False
No replay auxiliary loss computed: teacher_ready = False
No replay auxiliary loss computed: teacher_ready = False
No replay auxiliary loss computed: teacher_ready = False
No replay auxiliary loss computed: teacher_ready = False
No replay auxiliary loss computed: teacher_ready = False
No replay auxiliary loss computed: teacher_ready = False
No replay auxiliary loss computed: teacher_ready = False
No replay auxiliary loss computed: teacher_ready = False
No replay auxiliary loss computed: teacher_ready = False
No replay auxiliary loss computed: teacher_ready = False
No replay auxiliary loss computed: teacher_ready = False
No replay auxiliary loss computed: teacher_ready = False
No replay auxiliary loss computed: teacher_ready = False
No replay auxiliary loss computed: teacher_ready = False
No replay auxiliary loss computed: teacher_ready = False
No replay auxiliary loss computed: teacher_ready = False
No positive cells found.
No positive cells found.
No positive cells found.
No positive cells found.
No positive cells found.
No positive cells found.
No positive cells found.
No positive cells found.
                   all        186      10109      0.825     0.0952     0.0637     0.0264

      Epoch    GPU_mem   box_loss   cls_loss   dfl_lossreplay_loss  Instances       Size
No replay auxiliary loss computed: teacher_ready = False
No replay auxiliary loss computed: teacher_ready = False
No replay auxiliary loss computed: teacher_ready = False
No replay auxiliary loss computed: teacher_ready = False
No replay auxiliary loss computed: teacher_ready = False
No replay auxiliary loss computed: teacher_ready = False
No replay auxiliary loss computed: teacher_ready = False
No replay auxiliary loss computed: teacher_ready = False
No replay auxiliary loss computed: teacher_ready = False
No replay auxiliary loss computed: teacher_ready = False
No replay auxiliary loss computed: teacher_ready = False
No replay auxiliary loss computed: teacher_ready = False
No replay auxiliary loss computed: teacher_ready = False
No replay auxiliary loss computed: teacher_ready = False
No replay auxiliary loss computed: teacher_ready = False
No replay auxiliary loss computed: teacher_ready = False
No replay auxiliary loss computed: teacher_ready = False
No replay auxiliary loss computed: teacher_ready = False
No replay auxiliary loss computed: teacher_ready = False
No replay auxiliary loss computed: teacher_ready = False
No replay auxiliary loss computed: teacher_ready = False
No replay auxiliary loss computed: teacher_ready = False
No replay auxiliary loss computed: teacher_ready = False
No replay auxiliary loss computed: teacher_ready = False
No replay auxiliary loss computed: teacher_ready = False
No replay auxiliary loss computed: teacher_ready = False
No replay auxiliary loss computed: teacher_ready = False
No replay auxiliary loss computed: teacher_ready = False
No replay auxiliary loss computed: teacher_ready = False
No replay auxiliary loss computed: teacher_ready = False
No replay auxiliary loss computed: teacher_ready = False
No replay auxiliary loss computed: teacher_ready = False
No replay auxiliary loss computed: teacher_ready = False
No replay auxiliary loss computed: teacher_ready = False
No replay auxiliary loss computed: teacher_ready = False
No replay auxiliary loss computed: teacher_ready = False
No replay auxiliary loss computed: teacher_ready = False
No replay auxiliary loss computed: teacher_ready = False
No replay auxiliary loss computed: teacher_ready = False
No replay auxiliary loss computed: teacher_ready = False
No replay auxiliary loss computed: teacher_ready = False
No replay auxiliary loss computed: teacher_ready = False
No replay auxiliary loss computed: teacher_ready = False
No replay auxiliary loss computed: teacher_ready = False
No replay auxiliary loss computed: teacher_ready = False
No replay auxiliary loss computed: teacher_ready = False
No positive cells found.
No positive cells found.
No positive cells found.
No positive cells found.
No positive cells found.
No positive cells found.
No positive cells found.
No positive cells found.
                   all        186      10109      0.827      0.101     0.0668     0.0278

      Epoch    GPU_mem   box_loss   cls_loss   dfl_lossreplay_loss  Instances       Size
No replay auxiliary loss computed: teacher_ready = False
No replay auxiliary loss computed: teacher_ready = False
No replay auxiliary loss computed: teacher_ready = False
No replay auxiliary loss computed: teacher_ready = False
No replay auxiliary loss computed: teacher_ready = False
No replay auxiliary loss computed: teacher_ready = False
No replay auxiliary loss computed: teacher_ready = False
No replay auxiliary loss computed: teacher_ready = False
No replay auxiliary loss computed: teacher_ready = False
No replay auxiliary loss computed: teacher_ready = False
No replay auxiliary loss computed: teacher_ready = False
No replay auxiliary loss computed: teacher_ready = False
No replay auxiliary loss computed: teacher_ready = False
No replay auxiliary loss computed: teacher_ready = False
No replay auxiliary loss computed: teacher_ready = False
No replay auxiliary loss computed: teacher_ready = False
No replay auxiliary loss computed: teacher_ready = False
No replay auxiliary loss computed: teacher_ready = False
No replay auxiliary loss computed: teacher_ready = False
No replay auxiliary loss computed: teacher_ready = False
No replay auxiliary loss computed: teacher_ready = False
No replay auxiliary loss computed: teacher_ready = False
No replay auxiliary loss computed: teacher_ready = False
No replay auxiliary loss computed: teacher_ready = False
No replay auxiliary loss computed: teacher_ready = False
No replay auxiliary loss computed: teacher_ready = False
No replay auxiliary loss computed: teacher_ready = False
No replay auxiliary loss computed: teacher_ready = False
No replay auxiliary loss computed: teacher_ready = False
No replay auxiliary loss computed: teacher_ready = False
No replay auxiliary loss computed: teacher_ready = False
No replay auxiliary loss computed: teacher_ready = False
No replay auxiliary loss computed: teacher_ready = False
No replay auxiliary loss computed: teacher_ready = False
No replay auxiliary loss computed: teacher_ready = False
No replay auxiliary loss computed: teacher_ready = False
No replay auxiliary loss computed: teacher_ready = False
No replay auxiliary loss computed: teacher_ready = False
No replay auxiliary loss computed: teacher_ready = False
No replay auxiliary loss computed: teacher_ready = False
No replay auxiliary loss computed: teacher_ready = False
No replay auxiliary loss computed: teacher_ready = False
No replay auxiliary loss computed: teacher_ready = False
No replay auxiliary loss computed: teacher_ready = False
No replay auxiliary loss computed: teacher_ready = False
No replay auxiliary loss computed: teacher_ready = False
No positive cells found.
No positive cells found.
No positive cells found.
No positive cells found.
No positive cells found.
No positive cells found.
No positive cells found.
No positive cells found.
                   all        186      10109      0.892      0.116      0.117     0.0588

      Epoch    GPU_mem   box_loss   cls_loss   dfl_lossreplay_loss  Instances       Size
No replay auxiliary loss computed: teacher_ready = False
No replay auxiliary loss computed: teacher_ready = False
No replay auxiliary loss computed: teacher_ready = False
No replay auxiliary loss computed: teacher_ready = False
No replay auxiliary loss computed: teacher_ready = False
No replay auxiliary loss computed: teacher_ready = False
No replay auxiliary loss computed: teacher_ready = False
No replay auxiliary loss computed: teacher_ready = False
No replay auxiliary loss computed: teacher_ready = False
No replay auxiliary loss computed: teacher_ready = False
No replay auxiliary loss computed: teacher_ready = False
No replay auxiliary loss computed: teacher_ready = False
No replay auxiliary loss computed: teacher_ready = False
No replay auxiliary loss computed: teacher_ready = False
No replay auxiliary loss computed: teacher_ready = False
No replay auxiliary loss computed: teacher_ready = False
No replay auxiliary loss computed: teacher_ready = False
No replay auxiliary loss computed: teacher_ready = False
No replay auxiliary loss computed: teacher_ready = False
No replay auxiliary loss computed: teacher_ready = False
No replay auxiliary loss computed: teacher_ready = False
No replay auxiliary loss computed: teacher_ready = False
No replay auxiliary loss computed: teacher_ready = False
No replay auxiliary loss computed: teacher_ready = False
No replay auxiliary loss computed: teacher_ready = False
No replay auxiliary loss computed: teacher_ready = False
No replay auxiliary loss computed: teacher_ready = False
No replay auxiliary loss computed: teacher_ready = False
No replay auxiliary loss computed: teacher_ready = False
No replay auxiliary loss computed: teacher_ready = False
No replay auxiliary loss computed: teacher_ready = False
No replay auxiliary loss computed: teacher_ready = False
No replay auxiliary loss computed: teacher_ready = False
No replay auxiliary loss computed: teacher_ready = False
No replay auxiliary loss computed: teacher_ready = False
No replay auxiliary loss computed: teacher_ready = False
No replay auxiliary loss computed: teacher_ready = False
No replay auxiliary loss computed: teacher_ready = False
No replay auxiliary loss computed: teacher_ready = False
No replay auxiliary loss computed: teacher_ready = False
No replay auxiliary loss computed: teacher_ready = False
No replay auxiliary loss computed: teacher_ready = False
No replay auxiliary loss computed: teacher_ready = False
No replay auxiliary loss computed: teacher_ready = False
No replay auxiliary loss computed: teacher_ready = False
No replay auxiliary loss computed: teacher_ready = False
No positive cells found.
No positive cells found.
No positive cells found.
No positive cells found.
No positive cells found.
No positive cells found.
No positive cells found.
No positive cells found.
                   all        186      10109      0.885       0.11      0.109      0.047

      Epoch    GPU_mem   box_loss   cls_loss   dfl_lossreplay_loss  Instances       Size
No replay auxiliary loss computed: teacher_ready = False
No replay auxiliary loss computed: teacher_ready = False
No replay auxiliary loss computed: teacher_ready = False
No replay auxiliary loss computed: teacher_ready = False
No replay auxiliary loss computed: teacher_ready = False
No replay auxiliary loss computed: teacher_ready = False
No replay auxiliary loss computed: teacher_ready = False
No replay auxiliary loss computed: teacher_ready = False
No replay auxiliary loss computed: teacher_ready = False
No replay auxiliary loss computed: teacher_ready = False
No replay auxiliary loss computed: teacher_ready = False
No replay auxiliary loss computed: teacher_ready = False
No replay auxiliary loss computed: teacher_ready = False
No replay auxiliary loss computed: teacher_ready = False
No replay auxiliary loss computed: teacher_ready = False
No replay auxiliary loss computed: teacher_ready = False
No replay auxiliary loss computed: teacher_ready = False
No replay auxiliary loss computed: teacher_ready = False
No replay auxiliary loss computed: teacher_ready = False
No replay auxiliary loss computed: teacher_ready = False
No replay auxiliary loss computed: teacher_ready = False
No replay auxiliary loss computed: teacher_ready = False
No replay auxiliary loss computed: teacher_ready = False
No replay auxiliary loss computed: teacher_ready = False
No replay auxiliary loss computed: teacher_ready = False
No replay auxiliary loss computed: teacher_ready = False
No replay auxiliary loss computed: teacher_ready = False
No replay auxiliary loss computed: teacher_ready = False
No replay auxiliary loss computed: teacher_ready = False
No replay auxiliary loss computed: teacher_ready = False
No replay auxiliary loss computed: teacher_ready = False
No replay auxiliary loss computed: teacher_ready = False
No replay auxiliary loss computed: teacher_ready = False
No replay auxiliary loss computed: teacher_ready = False
No replay auxiliary loss computed: teacher_ready = False
No replay auxiliary loss computed: teacher_ready = False
No replay auxiliary loss computed: teacher_ready = False
No replay auxiliary loss computed: teacher_ready = False
No replay auxiliary loss computed: teacher_ready = False
No replay auxiliary loss computed: teacher_ready = False
No replay auxiliary loss computed: teacher_ready = False
No replay auxiliary loss computed: teacher_ready = False
No replay auxiliary loss computed: teacher_ready = False
No replay auxiliary loss computed: teacher_ready = False
No replay auxiliary loss computed: teacher_ready = False
No replay auxiliary loss computed: teacher_ready = False
No positive cells found.
No positive cells found.
No positive cells found.
No positive cells found.
No positive cells found.
No positive cells found.
No positive cells found.
No positive cells found.
                   all        186      10109      0.903      0.127      0.133     0.0642

      Epoch    GPU_mem   box_loss   cls_loss   dfl_lossreplay_loss  Instances       Size
No replay auxiliary loss computed: teacher_ready = False
No replay auxiliary loss computed: teacher_ready = False
No replay auxiliary loss computed: teacher_ready = False
No replay auxiliary loss computed: teacher_ready = False
No replay auxiliary loss computed: teacher_ready = False
No replay auxiliary loss computed: teacher_ready = False
No replay auxiliary loss computed: teacher_ready = False
No replay auxiliary loss computed: teacher_ready = False
No replay auxiliary loss computed: teacher_ready = False
No replay auxiliary loss computed: teacher_ready = False
No replay auxiliary loss computed: teacher_ready = False
No replay auxiliary loss computed: teacher_ready = False
No replay auxiliary loss computed: teacher_ready = False
No replay auxiliary loss computed: teacher_ready = False
No replay auxiliary loss computed: teacher_ready = False
No replay auxiliary loss computed: teacher_ready = False
No replay auxiliary loss computed: teacher_ready = False
No replay auxiliary loss computed: teacher_ready = False
No replay auxiliary loss computed: teacher_ready = False
No replay auxiliary loss computed: teacher_ready = False
No replay auxiliary loss computed: teacher_ready = False
No replay auxiliary loss computed: teacher_ready = False
No replay auxiliary loss computed: teacher_ready = False
No replay auxiliary loss computed: teacher_ready = False
No replay auxiliary loss computed: teacher_ready = False
No replay auxiliary loss computed: teacher_ready = False
No replay auxiliary loss computed: teacher_ready = False
No replay auxiliary loss computed: teacher_ready = False
No replay auxiliary loss computed: teacher_ready = False
No replay auxiliary loss computed: teacher_ready = False
No replay auxiliary loss computed: teacher_ready = False
No replay auxiliary loss computed: teacher_ready = False
No replay auxiliary loss computed: teacher_ready = False
No replay auxiliary loss computed: teacher_ready = False
No replay auxiliary loss computed: teacher_ready = False
No replay auxiliary loss computed: teacher_ready = False
No replay auxiliary loss computed: teacher_ready = False
No replay auxiliary loss computed: teacher_ready = False
No replay auxiliary loss computed: teacher_ready = False
No replay auxiliary loss computed: teacher_ready = False
No replay auxiliary loss computed: teacher_ready = False
No replay auxiliary loss computed: teacher_ready = False
No replay auxiliary loss computed: teacher_ready = False
No replay auxiliary loss computed: teacher_ready = False
No replay auxiliary loss computed: teacher_ready = False
No replay auxiliary loss computed: teacher_ready = False
No positive cells found.
No positive cells found.
No positive cells found.
No positive cells found.
No positive cells found.
No positive cells found.
No positive cells found.
No positive cells found.
                   all        186      10109       0.89      0.122      0.127     0.0606

      Epoch    GPU_mem   box_loss   cls_loss   dfl_lossreplay_loss  Instances       Size
No replay auxiliary loss computed: teacher_ready = False
No replay auxiliary loss computed: teacher_ready = False
No replay auxiliary loss computed: teacher_ready = False
No replay auxiliary loss computed: teacher_ready = False
No replay auxiliary loss computed: teacher_ready = False
No replay auxiliary loss computed: teacher_ready = False
No replay auxiliary loss computed: teacher_ready = False
No replay auxiliary loss computed: teacher_ready = False
No replay auxiliary loss computed: teacher_ready = False
No replay auxiliary loss computed: teacher_ready = False
No replay auxiliary loss computed: teacher_ready = False
No replay auxiliary loss computed: teacher_ready = False
No replay auxiliary loss computed: teacher_ready = False
No replay auxiliary loss computed: teacher_ready = False
No replay auxiliary loss computed: teacher_ready = False
No replay auxiliary loss computed: teacher_ready = False
No replay auxiliary loss computed: teacher_ready = False
No replay auxiliary loss computed: teacher_ready = False
No replay auxiliary loss computed: teacher_ready = False
No replay auxiliary loss computed: teacher_ready = False
No replay auxiliary loss computed: teacher_ready = False
No replay auxiliary loss computed: teacher_ready = False
No replay auxiliary loss computed: teacher_ready = False
No replay auxiliary loss computed: teacher_ready = False
No replay auxiliary loss computed: teacher_ready = False
No replay auxiliary loss computed: teacher_ready = False
No replay auxiliary loss computed: teacher_ready = False
No replay auxiliary loss computed: teacher_ready = False
No replay auxiliary loss computed: teacher_ready = False
No replay auxiliary loss computed: teacher_ready = False
No replay auxiliary loss computed: teacher_ready = False
No replay auxiliary loss computed: teacher_ready = False
No replay auxiliary loss computed: teacher_ready = False
No replay auxiliary loss computed: teacher_ready = False
No replay auxiliary loss computed: teacher_ready = False
No replay auxiliary loss computed: teacher_ready = False
No replay auxiliary loss computed: teacher_ready = False
No replay auxiliary loss computed: teacher_ready = False
No replay auxiliary loss computed: teacher_ready = False
No replay auxiliary loss computed: teacher_ready = False
No replay auxiliary loss computed: teacher_ready = False
No replay auxiliary loss computed: teacher_ready = False
No replay auxiliary loss computed: teacher_ready = False
No replay auxiliary loss computed: teacher_ready = False
No replay auxiliary loss computed: teacher_ready = False
No replay auxiliary loss computed: teacher_ready = False
No positive cells found.
No positive cells found.
No positive cells found.
No positive cells found.
No positive cells found.
No positive cells found.
No positive cells found.
No positive cells found.
                   all        186      10109      0.921      0.136      0.151       0.08

      Epoch    GPU_mem   box_loss   cls_loss   dfl_lossreplay_loss  Instances       Size
No replay auxiliary loss computed: teacher_ready = False
No replay auxiliary loss computed: teacher_ready = False
No replay auxiliary loss computed: teacher_ready = False
No replay auxiliary loss computed: teacher_ready = False
No replay auxiliary loss computed: teacher_ready = False
No replay auxiliary loss computed: teacher_ready = False
No replay auxiliary loss computed: teacher_ready = False
No replay auxiliary loss computed: teacher_ready = False
No replay auxiliary loss computed: teacher_ready = False
No replay auxiliary loss computed: teacher_ready = False
No replay auxiliary loss computed: teacher_ready = False
No replay auxiliary loss computed: teacher_ready = False
No replay auxiliary loss computed: teacher_ready = False
No replay auxiliary loss computed: teacher_ready = False
No replay auxiliary loss computed: teacher_ready = False
No replay auxiliary loss computed: teacher_ready = False
No replay auxiliary loss computed: teacher_ready = False
No replay auxiliary loss computed: teacher_ready = False
No replay auxiliary loss computed: teacher_ready = False
No replay auxiliary loss computed: teacher_ready = False
No replay auxiliary loss computed: teacher_ready = False
No replay auxiliary loss computed: teacher_ready = False
No replay auxiliary loss computed: teacher_ready = False
No replay auxiliary loss computed: teacher_ready = False
No replay auxiliary loss computed: teacher_ready = False
No replay auxiliary loss computed: teacher_ready = False
No replay auxiliary loss computed: teacher_ready = False
No replay auxiliary loss computed: teacher_ready = False
No replay auxiliary loss computed: teacher_ready = False
No replay auxiliary loss computed: teacher_ready = False
No replay auxiliary loss computed: teacher_ready = False
No replay auxiliary loss computed: teacher_ready = False
No replay auxiliary loss computed: teacher_ready = False
No replay auxiliary loss computed: teacher_ready = False
No replay auxiliary loss computed: teacher_ready = False
No replay auxiliary loss computed: teacher_ready = False
No replay auxiliary loss computed: teacher_ready = False
No replay auxiliary loss computed: teacher_ready = False
No replay auxiliary loss computed: teacher_ready = False
No replay auxiliary loss computed: teacher_ready = False
No replay auxiliary loss computed: teacher_ready = False
No replay auxiliary loss computed: teacher_ready = False
No replay auxiliary loss computed: teacher_ready = False
No replay auxiliary loss computed: teacher_ready = False
No replay auxiliary loss computed: teacher_ready = False
No replay auxiliary loss computed: teacher_ready = False
No positive cells found.
No positive cells found.
No positive cells found.
No positive cells found.
No positive cells found.
No positive cells found.
No positive cells found.
No positive cells found.
                   all        186      10109      0.923      0.145      0.157     0.0806

      Epoch    GPU_mem   box_loss   cls_loss   dfl_lossreplay_loss  Instances       Size
No replay auxiliary loss computed: teacher_ready = False
No replay auxiliary loss computed: teacher_ready = False
No replay auxiliary loss computed: teacher_ready = False
No replay auxiliary loss computed: teacher_ready = False
No replay auxiliary loss computed: teacher_ready = False
No replay auxiliary loss computed: teacher_ready = False
No replay auxiliary loss computed: teacher_ready = False
No replay auxiliary loss computed: teacher_ready = False
No replay auxiliary loss computed: teacher_ready = False
No replay auxiliary loss computed: teacher_ready = False
No replay auxiliary loss computed: teacher_ready = False
No replay auxiliary loss computed: teacher_ready = False
No replay auxiliary loss computed: teacher_ready = False
No replay auxiliary loss computed: teacher_ready = False
No replay auxiliary loss computed: teacher_ready = False
No replay auxiliary loss computed: teacher_ready = False
No replay auxiliary loss computed: teacher_ready = False
No replay auxiliary loss computed: teacher_ready = False
No replay auxiliary loss computed: teacher_ready = False
No replay auxiliary loss computed: teacher_ready = False
No replay auxiliary loss computed: teacher_ready = False
No replay auxiliary loss computed: teacher_ready = False
No replay auxiliary loss computed: teacher_ready = False
No replay auxiliary loss computed: teacher_ready = False
No replay auxiliary loss computed: teacher_ready = False
No replay auxiliary loss computed: teacher_ready = False
No replay auxiliary loss computed: teacher_ready = False
No replay auxiliary loss computed: teacher_ready = False
No replay auxiliary loss computed: teacher_ready = False
No replay auxiliary loss computed: teacher_ready = False
No replay auxiliary loss computed: teacher_ready = False
No replay auxiliary loss computed: teacher_ready = False
No replay auxiliary loss computed: teacher_ready = False
No replay auxiliary loss computed: teacher_ready = False
No replay auxiliary loss computed: teacher_ready = False
No replay auxiliary loss computed: teacher_ready = False
No replay auxiliary loss computed: teacher_ready = False
No replay auxiliary loss computed: teacher_ready = False
No replay auxiliary loss computed: teacher_ready = False
No replay auxiliary loss computed: teacher_ready = False
No replay auxiliary loss computed: teacher_ready = False
No replay auxiliary loss computed: teacher_ready = False
No replay auxiliary loss computed: teacher_ready = False
No replay auxiliary loss computed: teacher_ready = False
No replay auxiliary loss computed: teacher_ready = False
No replay auxiliary loss computed: teacher_ready = False
No positive cells found.
No positive cells found.
No positive cells found.
No positive cells found.
No positive cells found.
No positive cells found.
No positive cells found.
No positive cells found.
                   all        186      10109      0.678      0.147      0.161     0.0893

      Epoch    GPU_mem   box_loss   cls_loss   dfl_lossreplay_loss  Instances       Size
No replay auxiliary loss computed: teacher_ready = False
No replay auxiliary loss computed: teacher_ready = False
No replay auxiliary loss computed: teacher_ready = False
No replay auxiliary loss computed: teacher_ready = False
No replay auxiliary loss computed: teacher_ready = False
No replay auxiliary loss computed: teacher_ready = False
No replay auxiliary loss computed: teacher_ready = False
No replay auxiliary loss computed: teacher_ready = False
No replay auxiliary loss computed: teacher_ready = False
No replay auxiliary loss computed: teacher_ready = False
No replay auxiliary loss computed: teacher_ready = False
No replay auxiliary loss computed: teacher_ready = False
No replay auxiliary loss computed: teacher_ready = False
No replay auxiliary loss computed: teacher_ready = False
No replay auxiliary loss computed: teacher_ready = False
No replay auxiliary loss computed: teacher_ready = False
No replay auxiliary loss computed: teacher_ready = False
No replay auxiliary loss computed: teacher_ready = False
No replay auxiliary loss computed: teacher_ready = False
No replay auxiliary loss computed: teacher_ready = False
No replay auxiliary loss computed: teacher_ready = False
No replay auxiliary loss computed: teacher_ready = False
No replay auxiliary loss computed: teacher_ready = False
No replay auxiliary loss computed: teacher_ready = False
No replay auxiliary loss computed: teacher_ready = False
No replay auxiliary loss computed: teacher_ready = False
No replay auxiliary loss computed: teacher_ready = False
No replay auxiliary loss computed: teacher_ready = False
No replay auxiliary loss computed: teacher_ready = False
No replay auxiliary loss computed: teacher_ready = False
No replay auxiliary loss computed: teacher_ready = False
No replay auxiliary loss computed: teacher_ready = False
No replay auxiliary loss computed: teacher_ready = False
No replay auxiliary loss computed: teacher_ready = False
No replay auxiliary loss computed: teacher_ready = False
No replay auxiliary loss computed: teacher_ready = False
No replay auxiliary loss computed: teacher_ready = False
No replay auxiliary loss computed: teacher_ready = False
No replay auxiliary loss computed: teacher_ready = False
No replay auxiliary loss computed: teacher_ready = False
No replay auxiliary loss computed: teacher_ready = False
No replay auxiliary loss computed: teacher_ready = False
No replay auxiliary loss computed: teacher_ready = False
No replay auxiliary loss computed: teacher_ready = False
No replay auxiliary loss computed: teacher_ready = False
No replay auxiliary loss computed: teacher_ready = False
No positive cells found.
No positive cells found.
No positive cells found.
No positive cells found.
No positive cells found.
No positive cells found.
No positive cells found.
No positive cells found.
                   all        186      10109      0.429      0.149      0.163     0.0882

      Epoch    GPU_mem   box_loss   cls_loss   dfl_lossreplay_loss  Instances       Size
No replay auxiliary loss computed: teacher_ready = False
No replay auxiliary loss computed: teacher_ready = False
No replay auxiliary loss computed: teacher_ready = False
No replay auxiliary loss computed: teacher_ready = False
No replay auxiliary loss computed: teacher_ready = False
No replay auxiliary loss computed: teacher_ready = False
No replay auxiliary loss computed: teacher_ready = False
No replay auxiliary loss computed: teacher_ready = False
No replay auxiliary loss computed: teacher_ready = False
No replay auxiliary loss computed: teacher_ready = False
No replay auxiliary loss computed: teacher_ready = False
No replay auxiliary loss computed: teacher_ready = False
No replay auxiliary loss computed: teacher_ready = False
No replay auxiliary loss computed: teacher_ready = False
No replay auxiliary loss computed: teacher_ready = False
No replay auxiliary loss computed: teacher_ready = False
No replay auxiliary loss computed: teacher_ready = False
No replay auxiliary loss computed: teacher_ready = False
No replay auxiliary loss computed: teacher_ready = False
No replay auxiliary loss computed: teacher_ready = False
No replay auxiliary loss computed: teacher_ready = False
No replay auxiliary loss computed: teacher_ready = False
No replay auxiliary loss computed: teacher_ready = False
No replay auxiliary loss computed: teacher_ready = False
No replay auxiliary loss computed: teacher_ready = False
No replay auxiliary loss computed: teacher_ready = False
No replay auxiliary loss computed: teacher_ready = False
No replay auxiliary loss computed: teacher_ready = False
No replay auxiliary loss computed: teacher_ready = False
No replay auxiliary loss computed: teacher_ready = False
No replay auxiliary loss computed: teacher_ready = False
No replay auxiliary loss computed: teacher_ready = False
No replay auxiliary loss computed: teacher_ready = False
No replay auxiliary loss computed: teacher_ready = False
No replay auxiliary loss computed: teacher_ready = False
No replay auxiliary loss computed: teacher_ready = False
No replay auxiliary loss computed: teacher_ready = False
No replay auxiliary loss computed: teacher_ready = False
No replay auxiliary loss computed: teacher_ready = False
No replay auxiliary loss computed: teacher_ready = False
No replay auxiliary loss computed: teacher_ready = False
No replay auxiliary loss computed: teacher_ready = False
No replay auxiliary loss computed: teacher_ready = False
No replay auxiliary loss computed: teacher_ready = False
No replay auxiliary loss computed: teacher_ready = False
No replay auxiliary loss computed: teacher_ready = False
No positive cells found.
No positive cells found.
No positive cells found.
No positive cells found.
No positive cells found.
No positive cells found.
No positive cells found.
No positive cells found.
                   all        186      10109      0.418      0.139      0.153     0.0785

      Epoch    GPU_mem   box_loss   cls_loss   dfl_lossreplay_loss  Instances       Size
No replay auxiliary loss computed: teacher_ready = False
No replay auxiliary loss computed: teacher_ready = False
No replay auxiliary loss computed: teacher_ready = False
No replay auxiliary loss computed: teacher_ready = False
No replay auxiliary loss computed: teacher_ready = False
No replay auxiliary loss computed: teacher_ready = False
No replay auxiliary loss computed: teacher_ready = False
No replay auxiliary loss computed: teacher_ready = False
No replay auxiliary loss computed: teacher_ready = False
No replay auxiliary loss computed: teacher_ready = False
No replay auxiliary loss computed: teacher_ready = False
No replay auxiliary loss computed: teacher_ready = False
No replay auxiliary loss computed: teacher_ready = False
No replay auxiliary loss computed: teacher_ready = False
No replay auxiliary loss computed: teacher_ready = False
No replay auxiliary loss computed: teacher_ready = False
No replay auxiliary loss computed: teacher_ready = False
No replay auxiliary loss computed: teacher_ready = False
No replay auxiliary loss computed: teacher_ready = False
No replay auxiliary loss computed: teacher_ready = False
No replay auxiliary loss computed: teacher_ready = False
No replay auxiliary loss computed: teacher_ready = False
No replay auxiliary loss computed: teacher_ready = False
No replay auxiliary loss computed: teacher_ready = False
No replay auxiliary loss computed: teacher_ready = False
No replay auxiliary loss computed: teacher_ready = False
No replay auxiliary loss computed: teacher_ready = False
No replay auxiliary loss computed: teacher_ready = False
No replay auxiliary loss computed: teacher_ready = False
No replay auxiliary loss computed: teacher_ready = False
No replay auxiliary loss computed: teacher_ready = False
No replay auxiliary loss computed: teacher_ready = False
No replay auxiliary loss computed: teacher_ready = False
No replay auxiliary loss computed: teacher_ready = False
No replay auxiliary loss computed: teacher_ready = False
No replay auxiliary loss computed: teacher_ready = False
No replay auxiliary loss computed: teacher_ready = False
No replay auxiliary loss computed: teacher_ready = False
No replay auxiliary loss computed: teacher_ready = False
No replay auxiliary loss computed: teacher_ready = False
No replay auxiliary loss computed: teacher_ready = False
No replay auxiliary loss computed: teacher_ready = False
No replay auxiliary loss computed: teacher_ready = False
No replay auxiliary loss computed: teacher_ready = False
No replay auxiliary loss computed: teacher_ready = False
No replay auxiliary loss computed: teacher_ready = False
No positive cells found.
No positive cells found.
No positive cells found.
No positive cells found.
No positive cells found.
No positive cells found.
No positive cells found.
No positive cells found.
                   all        186      10109      0.424      0.144      0.156     0.0822

      Epoch    GPU_mem   box_loss   cls_loss   dfl_lossreplay_loss  Instances       Size
No replay auxiliary loss computed: teacher_ready = False
No replay auxiliary loss computed: teacher_ready = False
No replay auxiliary loss computed: teacher_ready = False
No replay auxiliary loss computed: teacher_ready = False
No replay auxiliary loss computed: teacher_ready = False
No replay auxiliary loss computed: teacher_ready = False
No replay auxiliary loss computed: teacher_ready = False
No replay auxiliary loss computed: teacher_ready = False
No replay auxiliary loss computed: teacher_ready = False
No replay auxiliary loss computed: teacher_ready = False
No replay auxiliary loss computed: teacher_ready = False
No replay auxiliary loss computed: teacher_ready = False
No replay auxiliary loss computed: teacher_ready = False
No replay auxiliary loss computed: teacher_ready = False
No replay auxiliary loss computed: teacher_ready = False
No replay auxiliary loss computed: teacher_ready = False
No replay auxiliary loss computed: teacher_ready = False
No replay auxiliary loss computed: teacher_ready = False
No replay auxiliary loss computed: teacher_ready = False
No replay auxiliary loss computed: teacher_ready = False
No replay auxiliary loss computed: teacher_ready = False
No replay auxiliary loss computed: teacher_ready = False
No replay auxiliary loss computed: teacher_ready = False
No replay auxiliary loss computed: teacher_ready = False
No replay auxiliary loss computed: teacher_ready = False
No replay auxiliary loss computed: teacher_ready = False
No replay auxiliary loss computed: teacher_ready = False
No replay auxiliary loss computed: teacher_ready = False
No replay auxiliary loss computed: teacher_ready = False
No replay auxiliary loss computed: teacher_ready = False
No replay auxiliary loss computed: teacher_ready = False
No replay auxiliary loss computed: teacher_ready = False
No replay auxiliary loss computed: teacher_ready = False
No replay auxiliary loss computed: teacher_ready = False
No replay auxiliary loss computed: teacher_ready = False
No replay auxiliary loss computed: teacher_ready = False
No replay auxiliary loss computed: teacher_ready = False
No replay auxiliary loss computed: teacher_ready = False
No replay auxiliary loss computed: teacher_ready = False
No replay auxiliary loss computed: teacher_ready = False
No replay auxiliary loss computed: teacher_ready = False
No replay auxiliary loss computed: teacher_ready = False
No replay auxiliary loss computed: teacher_ready = False
No replay auxiliary loss computed: teacher_ready = False
No replay auxiliary loss computed: teacher_ready = False
No replay auxiliary loss computed: teacher_ready = False
No positive cells found.
No positive cells found.
No positive cells found.
No positive cells found.
No positive cells found.
No positive cells found.
No positive cells found.
No positive cells found.
                   all        186      10109      0.432      0.157      0.168     0.0919

      Epoch    GPU_mem   box_loss   cls_loss   dfl_lossreplay_loss  Instances       Size
No replay auxiliary loss computed: teacher_ready = False
No replay auxiliary loss computed: teacher_ready = False
No replay auxiliary loss computed: teacher_ready = False
No replay auxiliary loss computed: teacher_ready = False
No replay auxiliary loss computed: teacher_ready = False
No replay auxiliary loss computed: teacher_ready = False
No replay auxiliary loss computed: teacher_ready = False
No replay auxiliary loss computed: teacher_ready = False
No replay auxiliary loss computed: teacher_ready = False
No replay auxiliary loss computed: teacher_ready = False
No replay auxiliary loss computed: teacher_ready = False
No replay auxiliary loss computed: teacher_ready = False
No replay auxiliary loss computed: teacher_ready = False
No replay auxiliary loss computed: teacher_ready = False
No replay auxiliary loss computed: teacher_ready = False
No replay auxiliary loss computed: teacher_ready = False
No replay auxiliary loss computed: teacher_ready = False
No replay auxiliary loss computed: teacher_ready = False
No replay auxiliary loss computed: teacher_ready = False
No replay auxiliary loss computed: teacher_ready = False
No replay auxiliary loss computed: teacher_ready = False
No replay auxiliary loss computed: teacher_ready = False
No replay auxiliary loss computed: teacher_ready = False
No replay auxiliary loss computed: teacher_ready = False
No replay auxiliary loss computed: teacher_ready = False
No replay auxiliary loss computed: teacher_ready = False
No replay auxiliary loss computed: teacher_ready = False
No replay auxiliary loss computed: teacher_ready = False
No replay auxiliary loss computed: teacher_ready = False
No replay auxiliary loss computed: teacher_ready = False
No replay auxiliary loss computed: teacher_ready = False
No replay auxiliary loss computed: teacher_ready = False
No replay auxiliary loss computed: teacher_ready = False
No replay auxiliary loss computed: teacher_ready = False
No replay auxiliary loss computed: teacher_ready = False
No replay auxiliary loss computed: teacher_ready = False
No replay auxiliary loss computed: teacher_ready = False
No replay auxiliary loss computed: teacher_ready = False
No replay auxiliary loss computed: teacher_ready = False
No replay auxiliary loss computed: teacher_ready = False
No replay auxiliary loss computed: teacher_ready = False
No replay auxiliary loss computed: teacher_ready = False
No replay auxiliary loss computed: teacher_ready = False
No replay auxiliary loss computed: teacher_ready = False
No replay auxiliary loss computed: teacher_ready = False
No replay auxiliary loss computed: teacher_ready = False
No positive cells found.
No positive cells found.
No positive cells found.
No positive cells found.
No positive cells found.
No positive cells found.
No positive cells found.
No positive cells found.
                   all        186      10109       0.44      0.161      0.175     0.0975

      Epoch    GPU_mem   box_loss   cls_loss   dfl_lossreplay_loss  Instances       Size
No replay auxiliary loss computed: teacher_ready = False
No replay auxiliary loss computed: teacher_ready = False
No replay auxiliary loss computed: teacher_ready = False
No replay auxiliary loss computed: teacher_ready = False
No replay auxiliary loss computed: teacher_ready = False
No replay auxiliary loss computed: teacher_ready = False
No replay auxiliary loss computed: teacher_ready = False
No replay auxiliary loss computed: teacher_ready = False
No replay auxiliary loss computed: teacher_ready = False
No replay auxiliary loss computed: teacher_ready = False
No replay auxiliary loss computed: teacher_ready = False
No replay auxiliary loss computed: teacher_ready = False
No replay auxiliary loss computed: teacher_ready = False
No replay auxiliary loss computed: teacher_ready = False
No replay auxiliary loss computed: teacher_ready = False
No replay auxiliary loss computed: teacher_ready = False
No replay auxiliary loss computed: teacher_ready = False
No replay auxiliary loss computed: teacher_ready = False
No replay auxiliary loss computed: teacher_ready = False
No replay auxiliary loss computed: teacher_ready = False
No replay auxiliary loss computed: teacher_ready = False
No replay auxiliary loss computed: teacher_ready = False
No replay auxiliary loss computed: teacher_ready = False
No replay auxiliary loss computed: teacher_ready = False
No replay auxiliary loss computed: teacher_ready = False
No replay auxiliary loss computed: teacher_ready = False
No replay auxiliary loss computed: teacher_ready = False
No replay auxiliary loss computed: teacher_ready = False
No replay auxiliary loss computed: teacher_ready = False
No replay auxiliary loss computed: teacher_ready = False
No replay auxiliary loss computed: teacher_ready = False
No replay auxiliary loss computed: teacher_ready = False
No replay auxiliary loss computed: teacher_ready = False
No replay auxiliary loss computed: teacher_ready = False
No replay auxiliary loss computed: teacher_ready = False
No replay auxiliary loss computed: teacher_ready = False
No replay auxiliary loss computed: teacher_ready = False
No replay auxiliary loss computed: teacher_ready = False
No replay auxiliary loss computed: teacher_ready = False
No replay auxiliary loss computed: teacher_ready = False
No replay auxiliary loss computed: teacher_ready = False
No replay auxiliary loss computed: teacher_ready = False
No replay auxiliary loss computed: teacher_ready = False
No replay auxiliary loss computed: teacher_ready = False
No replay auxiliary loss computed: teacher_ready = False
No replay auxiliary loss computed: teacher_ready = False
No positive cells found.
No positive cells found.
No positive cells found.
No positive cells found.
No positive cells found.
No positive cells found.
No positive cells found.
No positive cells found.
                   all        186      10109      0.435      0.159      0.171     0.0939

      Epoch    GPU_mem   box_loss   cls_loss   dfl_lossreplay_loss  Instances       Size
No replay auxiliary loss computed: teacher_ready = False
No replay auxiliary loss computed: teacher_ready = False
No replay auxiliary loss computed: teacher_ready = False
No replay auxiliary loss computed: teacher_ready = False
No replay auxiliary loss computed: teacher_ready = False
No replay auxiliary loss computed: teacher_ready = False
No replay auxiliary loss computed: teacher_ready = False
No replay auxiliary loss computed: teacher_ready = False
No replay auxiliary loss computed: teacher_ready = False
No replay auxiliary loss computed: teacher_ready = False
No replay auxiliary loss computed: teacher_ready = False
No replay auxiliary loss computed: teacher_ready = False
No replay auxiliary loss computed: teacher_ready = False
No replay auxiliary loss computed: teacher_ready = False
No replay auxiliary loss computed: teacher_ready = False
No replay auxiliary loss computed: teacher_ready = False
No replay auxiliary loss computed: teacher_ready = False
No replay auxiliary loss computed: teacher_ready = False
No replay auxiliary loss computed: teacher_ready = False
No replay auxiliary loss computed: teacher_ready = False
No replay auxiliary loss computed: teacher_ready = False
No replay auxiliary loss computed: teacher_ready = False
No replay auxiliary loss computed: teacher_ready = False
No replay auxiliary loss computed: teacher_ready = False
No replay auxiliary loss computed: teacher_ready = False
No replay auxiliary loss computed: teacher_ready = False
No replay auxiliary loss computed: teacher_ready = False
No replay auxiliary loss computed: teacher_ready = False
No replay auxiliary loss computed: teacher_ready = False
No replay auxiliary loss computed: teacher_ready = False
No replay auxiliary loss computed: teacher_ready = False
No replay auxiliary loss computed: teacher_ready = False
No replay auxiliary loss computed: teacher_ready = False
No replay auxiliary loss computed: teacher_ready = False
No replay auxiliary loss computed: teacher_ready = False
No replay auxiliary loss computed: teacher_ready = False
No replay auxiliary loss computed: teacher_ready = False
No replay auxiliary loss computed: teacher_ready = False
No replay auxiliary loss computed: teacher_ready = False
No replay auxiliary loss computed: teacher_ready = False
No replay auxiliary loss computed: teacher_ready = False
No replay auxiliary loss computed: teacher_ready = False
No replay auxiliary loss computed: teacher_ready = False
No replay auxiliary loss computed: teacher_ready = False
No replay auxiliary loss computed: teacher_ready = False
No replay auxiliary loss computed: teacher_ready = False
No positive cells found.
No positive cells found.
No positive cells found.
No positive cells found.
No positive cells found.
No positive cells found.
No positive cells found.
No positive cells found.
                   all        186      10109      0.439      0.164      0.175     0.0924

      Epoch    GPU_mem   box_loss   cls_loss   dfl_lossreplay_loss  Instances       Size
No replay auxiliary loss computed: teacher_ready = False
No replay auxiliary loss computed: teacher_ready = False
No replay auxiliary loss computed: teacher_ready = False
No replay auxiliary loss computed: teacher_ready = False
No replay auxiliary loss computed: teacher_ready = False
No replay auxiliary loss computed: teacher_ready = False
No replay auxiliary loss computed: teacher_ready = False
No replay auxiliary loss computed: teacher_ready = False
No replay auxiliary loss computed: teacher_ready = False
No replay auxiliary loss computed: teacher_ready = False
No replay auxiliary loss computed: teacher_ready = False
No replay auxiliary loss computed: teacher_ready = False
No replay auxiliary loss computed: teacher_ready = False
No replay auxiliary loss computed: teacher_ready = False
No replay auxiliary loss computed: teacher_ready = False
No replay auxiliary loss computed: teacher_ready = False
No replay auxiliary loss computed: teacher_ready = False
No replay auxiliary loss computed: teacher_ready = False
No replay auxiliary loss computed: teacher_ready = False
No replay auxiliary loss computed: teacher_ready = False
No replay auxiliary loss computed: teacher_ready = False
No replay auxiliary loss computed: teacher_ready = False
No replay auxiliary loss computed: teacher_ready = False
No replay auxiliary loss computed: teacher_ready = False
No replay auxiliary loss computed: teacher_ready = False
No replay auxiliary loss computed: teacher_ready = False
No replay auxiliary loss computed: teacher_ready = False
No replay auxiliary loss computed: teacher_ready = False
No replay auxiliary loss computed: teacher_ready = False
No replay auxiliary loss computed: teacher_ready = False
No replay auxiliary loss computed: teacher_ready = False
No replay auxiliary loss computed: teacher_ready = False
No replay auxiliary loss computed: teacher_ready = False
No replay auxiliary loss computed: teacher_ready = False
No replay auxiliary loss computed: teacher_ready = False
No replay auxiliary loss computed: teacher_ready = False
No replay auxiliary loss computed: teacher_ready = False
No replay auxiliary loss computed: teacher_ready = False
No replay auxiliary loss computed: teacher_ready = False
No replay auxiliary loss computed: teacher_ready = False
No replay auxiliary loss computed: teacher_ready = False
No replay auxiliary loss computed: teacher_ready = False
No replay auxiliary loss computed: teacher_ready = False
No replay auxiliary loss computed: teacher_ready = False
No replay auxiliary loss computed: teacher_ready = False
No replay auxiliary loss computed: teacher_ready = False
No positive cells found.
No positive cells found.
No positive cells found.
No positive cells found.
No positive cells found.
No positive cells found.
No positive cells found.
No positive cells found.
                   all        186      10109      0.437      0.156      0.171     0.0969

      Epoch    GPU_mem   box_loss   cls_loss   dfl_lossreplay_loss  Instances       Size
No replay auxiliary loss computed: teacher_ready = False
No replay auxiliary loss computed: teacher_ready = False
No replay auxiliary loss computed: teacher_ready = False
No replay auxiliary loss computed: teacher_ready = False
No replay auxiliary loss computed: teacher_ready = False
No replay auxiliary loss computed: teacher_ready = False
No replay auxiliary loss computed: teacher_ready = False
No replay auxiliary loss computed: teacher_ready = False
No replay auxiliary loss computed: teacher_ready = False
No replay auxiliary loss computed: teacher_ready = False
No replay auxiliary loss computed: teacher_ready = False
No replay auxiliary loss computed: teacher_ready = False
No replay auxiliary loss computed: teacher_ready = False
No replay auxiliary loss computed: teacher_ready = False
No replay auxiliary loss computed: teacher_ready = False
No replay auxiliary loss computed: teacher_ready = False
No replay auxiliary loss computed: teacher_ready = False
No replay auxiliary loss computed: teacher_ready = False
No replay auxiliary loss computed: teacher_ready = False
No replay auxiliary loss computed: teacher_ready = False
No replay auxiliary loss computed: teacher_ready = False
No replay auxiliary loss computed: teacher_ready = False
No replay auxiliary loss computed: teacher_ready = False
No replay auxiliary loss computed: teacher_ready = False
No replay auxiliary loss computed: teacher_ready = False
No replay auxiliary loss computed: teacher_ready = False
No replay auxiliary loss computed: teacher_ready = False
No replay auxiliary loss computed: teacher_ready = False
No replay auxiliary loss computed: teacher_ready = False
No replay auxiliary loss computed: teacher_ready = False
No replay auxiliary loss computed: teacher_ready = False
No replay auxiliary loss computed: teacher_ready = False
No replay auxiliary loss computed: teacher_ready = False
No replay auxiliary loss computed: teacher_ready = False
No replay auxiliary loss computed: teacher_ready = False
No replay auxiliary loss computed: teacher_ready = False
No replay auxiliary loss computed: teacher_ready = False
No replay auxiliary loss computed: teacher_ready = False
No replay auxiliary loss computed: teacher_ready = False
No replay auxiliary loss computed: teacher_ready = False
No replay auxiliary loss computed: teacher_ready = False
No replay auxiliary loss computed: teacher_ready = False
No replay auxiliary loss computed: teacher_ready = False
No replay auxiliary loss computed: teacher_ready = False
No replay auxiliary loss computed: teacher_ready = False
No replay auxiliary loss computed: teacher_ready = False
No positive cells found.
No positive cells found.
No positive cells found.
No positive cells found.
No positive cells found.
No positive cells found.
No positive cells found.
No positive cells found.
                   all        186      10109      0.444      0.157      0.175     0.0952

      Epoch    GPU_mem   box_loss   cls_loss   dfl_lossreplay_loss  Instances       Size
No replay auxiliary loss computed: teacher_ready = False
No replay auxiliary loss computed: teacher_ready = False
No replay auxiliary loss computed: teacher_ready = False
No replay auxiliary loss computed: teacher_ready = False
No replay auxiliary loss computed: teacher_ready = False
No replay auxiliary loss computed: teacher_ready = False
No replay auxiliary loss computed: teacher_ready = False
No replay auxiliary loss computed: teacher_ready = False
No replay auxiliary loss computed: teacher_ready = False
No replay auxiliary loss computed: teacher_ready = False
No replay auxiliary loss computed: teacher_ready = False
No replay auxiliary loss computed: teacher_ready = False
No replay auxiliary loss computed: teacher_ready = False
No replay auxiliary loss computed: teacher_ready = False
No replay auxiliary loss computed: teacher_ready = False
No replay auxiliary loss computed: teacher_ready = False
No replay auxiliary loss computed: teacher_ready = False
No replay auxiliary loss computed: teacher_ready = False
No replay auxiliary loss computed: teacher_ready = False
No replay auxiliary loss computed: teacher_ready = False
No replay auxiliary loss computed: teacher_ready = False
No replay auxiliary loss computed: teacher_ready = False
No replay auxiliary loss computed: teacher_ready = False
No replay auxiliary loss computed: teacher_ready = False
No replay auxiliary loss computed: teacher_ready = False
No replay auxiliary loss computed: teacher_ready = False
No replay auxiliary loss computed: teacher_ready = False
No replay auxiliary loss computed: teacher_ready = False
No replay auxiliary loss computed: teacher_ready = False
No replay auxiliary loss computed: teacher_ready = False
No replay auxiliary loss computed: teacher_ready = False
No replay auxiliary loss computed: teacher_ready = False
No replay auxiliary loss computed: teacher_ready = False
No replay auxiliary loss computed: teacher_ready = False
No replay auxiliary loss computed: teacher_ready = False
No replay auxiliary loss computed: teacher_ready = False
No replay auxiliary loss computed: teacher_ready = False
No replay auxiliary loss computed: teacher_ready = False
No replay auxiliary loss computed: teacher_ready = False
No replay auxiliary loss computed: teacher_ready = False
No replay auxiliary loss computed: teacher_ready = False
No replay auxiliary loss computed: teacher_ready = False
No replay auxiliary loss computed: teacher_ready = False
No replay auxiliary loss computed: teacher_ready = False
No replay auxiliary loss computed: teacher_ready = False
No replay auxiliary loss computed: teacher_ready = False
No positive cells found.
No positive cells found.
No positive cells found.
No positive cells found.
No positive cells found.
No positive cells found.
No positive cells found.
No positive cells found.
                   all        186      10109      0.418      0.152      0.162     0.0839

      Epoch    GPU_mem   box_loss   cls_loss   dfl_lossreplay_loss  Instances       Size
No replay auxiliary loss computed: teacher_ready = False
No replay auxiliary loss computed: teacher_ready = False
No replay auxiliary loss computed: teacher_ready = False
No replay auxiliary loss computed: teacher_ready = False
No replay auxiliary loss computed: teacher_ready = False
No replay auxiliary loss computed: teacher_ready = False
No replay auxiliary loss computed: teacher_ready = False
No replay auxiliary loss computed: teacher_ready = False
No replay auxiliary loss computed: teacher_ready = False
No replay auxiliary loss computed: teacher_ready = False
No replay auxiliary loss computed: teacher_ready = False
No replay auxiliary loss computed: teacher_ready = False
No replay auxiliary loss computed: teacher_ready = False
No replay auxiliary loss computed: teacher_ready = False
No replay auxiliary loss computed: teacher_ready = False
No replay auxiliary loss computed: teacher_ready = False
No replay auxiliary loss computed: teacher_ready = False
No replay auxiliary loss computed: teacher_ready = False
No replay auxiliary loss computed: teacher_ready = False
No replay auxiliary loss computed: teacher_ready = False
No replay auxiliary loss computed: teacher_ready = False
No replay auxiliary loss computed: teacher_ready = False
No replay auxiliary loss computed: teacher_ready = False
No replay auxiliary loss computed: teacher_ready = False
No replay auxiliary loss computed: teacher_ready = False
No replay auxiliary loss computed: teacher_ready = False
No replay auxiliary loss computed: teacher_ready = False
No replay auxiliary loss computed: teacher_ready = False
No replay auxiliary loss computed: teacher_ready = False
No replay auxiliary loss computed: teacher_ready = False
No replay auxiliary loss computed: teacher_ready = False
No replay auxiliary loss computed: teacher_ready = False
No replay auxiliary loss computed: teacher_ready = False
No replay auxiliary loss computed: teacher_ready = False
No replay auxiliary loss computed: teacher_ready = False
No replay auxiliary loss computed: teacher_ready = False
No replay auxiliary loss computed: teacher_ready = False
No replay auxiliary loss computed: teacher_ready = False
No replay auxiliary loss computed: teacher_ready = False
No replay auxiliary loss computed: teacher_ready = False
No replay auxiliary loss computed: teacher_ready = False
No replay auxiliary loss computed: teacher_ready = False
No replay auxiliary loss computed: teacher_ready = False
No replay auxiliary loss computed: teacher_ready = False
No replay auxiliary loss computed: teacher_ready = False
No replay auxiliary loss computed: teacher_ready = False
No positive cells found.
No positive cells found.
No positive cells found.
No positive cells found.
No positive cells found.
No positive cells found.
No positive cells found.
No positive cells found.
                   all        186      10109      0.443      0.159      0.176     0.0994

      Epoch    GPU_mem   box_loss   cls_loss   dfl_lossreplay_loss  Instances       Size
No replay auxiliary loss computed: teacher_ready = False
No replay auxiliary loss computed: teacher_ready = False
No replay auxiliary loss computed: teacher_ready = False
No replay auxiliary loss computed: teacher_ready = False
No replay auxiliary loss computed: teacher_ready = False
No replay auxiliary loss computed: teacher_ready = False
No replay auxiliary loss computed: teacher_ready = False
No replay auxiliary loss computed: teacher_ready = False
No replay auxiliary loss computed: teacher_ready = False
No replay auxiliary loss computed: teacher_ready = False
No replay auxiliary loss computed: teacher_ready = False
No replay auxiliary loss computed: teacher_ready = False
No replay auxiliary loss computed: teacher_ready = False
No replay auxiliary loss computed: teacher_ready = False
No replay auxiliary loss computed: teacher_ready = False
No replay auxiliary loss computed: teacher_ready = False
No replay auxiliary loss computed: teacher_ready = False
No replay auxiliary loss computed: teacher_ready = False
No replay auxiliary loss computed: teacher_ready = False
No replay auxiliary loss computed: teacher_ready = False
No replay auxiliary loss computed: teacher_ready = False
No replay auxiliary loss computed: teacher_ready = False
No replay auxiliary loss computed: teacher_ready = False
No replay auxiliary loss computed: teacher_ready = False
No replay auxiliary loss computed: teacher_ready = False
No replay auxiliary loss computed: teacher_ready = False
No replay auxiliary loss computed: teacher_ready = False
No replay auxiliary loss computed: teacher_ready = False
No replay auxiliary loss computed: teacher_ready = False
No replay auxiliary loss computed: teacher_ready = False
No replay auxiliary loss computed: teacher_ready = False
No replay auxiliary loss computed: teacher_ready = False
No replay auxiliary loss computed: teacher_ready = False
No replay auxiliary loss computed: teacher_ready = False
No replay auxiliary loss computed: teacher_ready = False
No replay auxiliary loss computed: teacher_ready = False
No replay auxiliary loss computed: teacher_ready = False
No replay auxiliary loss computed: teacher_ready = False
No replay auxiliary loss computed: teacher_ready = False
No replay auxiliary loss computed: teacher_ready = False
No replay auxiliary loss computed: teacher_ready = False
No replay auxiliary loss computed: teacher_ready = False
No replay auxiliary loss computed: teacher_ready = False
No replay auxiliary loss computed: teacher_ready = False
No replay auxiliary loss computed: teacher_ready = False
No replay auxiliary loss computed: teacher_ready = False
No positive cells found.
No positive cells found.
No positive cells found.
No positive cells found.
No positive cells found.
No positive cells found.
No positive cells found.
No positive cells found.
                   all        186      10109      0.451      0.162      0.181      0.103

      Epoch    GPU_mem   box_loss   cls_loss   dfl_lossreplay_loss  Instances       Size
No replay auxiliary loss computed: teacher_ready = False
No replay auxiliary loss computed: teacher_ready = False
No replay auxiliary loss computed: teacher_ready = False
No replay auxiliary loss computed: teacher_ready = False
No replay auxiliary loss computed: teacher_ready = False
No replay auxiliary loss computed: teacher_ready = False
No replay auxiliary loss computed: teacher_ready = False
No replay auxiliary loss computed: teacher_ready = False
No replay auxiliary loss computed: teacher_ready = False
No replay auxiliary loss computed: teacher_ready = False
No replay auxiliary loss computed: teacher_ready = False
No replay auxiliary loss computed: teacher_ready = False
No replay auxiliary loss computed: teacher_ready = False
No replay auxiliary loss computed: teacher_ready = False
No replay auxiliary loss computed: teacher_ready = False
No replay auxiliary loss computed: teacher_ready = False
No replay auxiliary loss computed: teacher_ready = False
No replay auxiliary loss computed: teacher_ready = False
No replay auxiliary loss computed: teacher_ready = False
No replay auxiliary loss computed: teacher_ready = False
No replay auxiliary loss computed: teacher_ready = False
No replay auxiliary loss computed: teacher_ready = False
No replay auxiliary loss computed: teacher_ready = False
No replay auxiliary loss computed: teacher_ready = False
No replay auxiliary loss computed: teacher_ready = False
No replay auxiliary loss computed: teacher_ready = False
No replay auxiliary loss computed: teacher_ready = False
No replay auxiliary loss computed: teacher_ready = False
No replay auxiliary loss computed: teacher_ready = False
No replay auxiliary loss computed: teacher_ready = False
No replay auxiliary loss computed: teacher_ready = False
No replay auxiliary loss computed: teacher_ready = False
No replay auxiliary loss computed: teacher_ready = False
No replay auxiliary loss computed: teacher_ready = False
No replay auxiliary loss computed: teacher_ready = False
No replay auxiliary loss computed: teacher_ready = False
No replay auxiliary loss computed: teacher_ready = False
No replay auxiliary loss computed: teacher_ready = False
No replay auxiliary loss computed: teacher_ready = False
No replay auxiliary loss computed: teacher_ready = False
No replay auxiliary loss computed: teacher_ready = False
No replay auxiliary loss computed: teacher_ready = False
No replay auxiliary loss computed: teacher_ready = False
No replay auxiliary loss computed: teacher_ready = False
No replay auxiliary loss computed: teacher_ready = False
No replay auxiliary loss computed: teacher_ready = False
No positive cells found.
No positive cells found.
No positive cells found.
No positive cells found.
No positive cells found.
No positive cells found.
No positive cells found.
No positive cells found.
                   all        186      10109      0.444      0.161      0.178     0.0984

      Epoch    GPU_mem   box_loss   cls_loss   dfl_lossreplay_loss  Instances       Size
No replay auxiliary loss computed: teacher_ready = False
No replay auxiliary loss computed: teacher_ready = False
No replay auxiliary loss computed: teacher_ready = False
No replay auxiliary loss computed: teacher_ready = False
No replay auxiliary loss computed: teacher_ready = False
No replay auxiliary loss computed: teacher_ready = False
No replay auxiliary loss computed: teacher_ready = False
No replay auxiliary loss computed: teacher_ready = False
No replay auxiliary loss computed: teacher_ready = False
No replay auxiliary loss computed: teacher_ready = False
No replay auxiliary loss computed: teacher_ready = False
No replay auxiliary loss computed: teacher_ready = False
No replay auxiliary loss computed: teacher_ready = False
No replay auxiliary loss computed: teacher_ready = False
No replay auxiliary loss computed: teacher_ready = False
No replay auxiliary loss computed: teacher_ready = False
No replay auxiliary loss computed: teacher_ready = False
No replay auxiliary loss computed: teacher_ready = False
No replay auxiliary loss computed: teacher_ready = False
No replay auxiliary loss computed: teacher_ready = False
No replay auxiliary loss computed: teacher_ready = False
No replay auxiliary loss computed: teacher_ready = False
No replay auxiliary loss computed: teacher_ready = False
No replay auxiliary loss computed: teacher_ready = False
No replay auxiliary loss computed: teacher_ready = False
No replay auxiliary loss computed: teacher_ready = False
No replay auxiliary loss computed: teacher_ready = False
No replay auxiliary loss computed: teacher_ready = False
No replay auxiliary loss computed: teacher_ready = False
No replay auxiliary loss computed: teacher_ready = False
No replay auxiliary loss computed: teacher_ready = False
No replay auxiliary loss computed: teacher_ready = False
No replay auxiliary loss computed: teacher_ready = False
No replay auxiliary loss computed: teacher_ready = False
No replay auxiliary loss computed: teacher_ready = False
No replay auxiliary loss computed: teacher_ready = False
No replay auxiliary loss computed: teacher_ready = False
No replay auxiliary loss computed: teacher_ready = False
No replay auxiliary loss computed: teacher_ready = False
No replay auxiliary loss computed: teacher_ready = False
No replay auxiliary loss computed: teacher_ready = False
No replay auxiliary loss computed: teacher_ready = False
No replay auxiliary loss computed: teacher_ready = False
No replay auxiliary loss computed: teacher_ready = False
No replay auxiliary loss computed: teacher_ready = False
No replay auxiliary loss computed: teacher_ready = False
No positive cells found.
No positive cells found.
No positive cells found.
No positive cells found.
No positive cells found.
No positive cells found.
No positive cells found.
No positive cells found.
                   all        186      10109      0.448      0.163      0.179     0.0976

      Epoch    GPU_mem   box_loss   cls_loss   dfl_lossreplay_loss  Instances       Size
No replay auxiliary loss computed: teacher_ready = False
No replay auxiliary loss computed: teacher_ready = False
No replay auxiliary loss computed: teacher_ready = False
No replay auxiliary loss computed: teacher_ready = False
No replay auxiliary loss computed: teacher_ready = False
No replay auxiliary loss computed: teacher_ready = False
No replay auxiliary loss computed: teacher_ready = False
No replay auxiliary loss computed: teacher_ready = False
No replay auxiliary loss computed: teacher_ready = False
No replay auxiliary loss computed: teacher_ready = False
No replay auxiliary loss computed: teacher_ready = False
No replay auxiliary loss computed: teacher_ready = False
No replay auxiliary loss computed: teacher_ready = False
No replay auxiliary loss computed: teacher_ready = False
No replay auxiliary loss computed: teacher_ready = False
No replay auxiliary loss computed: teacher_ready = False
No replay auxiliary loss computed: teacher_ready = False
No replay auxiliary loss computed: teacher_ready = False
No replay auxiliary loss computed: teacher_ready = False
No replay auxiliary loss computed: teacher_ready = False
No replay auxiliary loss computed: teacher_ready = False
No replay auxiliary loss computed: teacher_ready = False
No replay auxiliary loss computed: teacher_ready = False
No replay auxiliary loss computed: teacher_ready = False
No replay auxiliary loss computed: teacher_ready = False
No replay auxiliary loss computed: teacher_ready = False
No replay auxiliary loss computed: teacher_ready = False
No replay auxiliary loss computed: teacher_ready = False
No replay auxiliary loss computed: teacher_ready = False
No replay auxiliary loss computed: teacher_ready = False
No replay auxiliary loss computed: teacher_ready = False
No replay auxiliary loss computed: teacher_ready = False
No replay auxiliary loss computed: teacher_ready = False
No replay auxiliary loss computed: teacher_ready = False
No replay auxiliary loss computed: teacher_ready = False
No replay auxiliary loss computed: teacher_ready = False
No replay auxiliary loss computed: teacher_ready = False
No replay auxiliary loss computed: teacher_ready = False
No replay auxiliary loss computed: teacher_ready = False
No replay auxiliary loss computed: teacher_ready = False
No replay auxiliary loss computed: teacher_ready = False
No replay auxiliary loss computed: teacher_ready = False
No replay auxiliary loss computed: teacher_ready = False
No replay auxiliary loss computed: teacher_ready = False
No replay auxiliary loss computed: teacher_ready = False
No replay auxiliary loss computed: teacher_ready = False
No positive cells found.
No positive cells found.
No positive cells found.
No positive cells found.
No positive cells found.
No positive cells found.
No positive cells found.
No positive cells found.
                   all        186      10109      0.451      0.168      0.184      0.105

      Epoch    GPU_mem   box_loss   cls_loss   dfl_lossreplay_loss  Instances       Size
No replay auxiliary loss computed: teacher_ready = False
No replay auxiliary loss computed: teacher_ready = False
No replay auxiliary loss computed: teacher_ready = False
No replay auxiliary loss computed: teacher_ready = False
No replay auxiliary loss computed: teacher_ready = False
No replay auxiliary loss computed: teacher_ready = False
No replay auxiliary loss computed: teacher_ready = False
No replay auxiliary loss computed: teacher_ready = False
No replay auxiliary loss computed: teacher_ready = False
No replay auxiliary loss computed: teacher_ready = False
No replay auxiliary loss computed: teacher_ready = False
No replay auxiliary loss computed: teacher_ready = False
No replay auxiliary loss computed: teacher_ready = False
No replay auxiliary loss computed: teacher_ready = False
No replay auxiliary loss computed: teacher_ready = False
No replay auxiliary loss computed: teacher_ready = False
No replay auxiliary loss computed: teacher_ready = False
No replay auxiliary loss computed: teacher_ready = False
No replay auxiliary loss computed: teacher_ready = False
No replay auxiliary loss computed: teacher_ready = False
No replay auxiliary loss computed: teacher_ready = False
No replay auxiliary loss computed: teacher_ready = False
No replay auxiliary loss computed: teacher_ready = False
No replay auxiliary loss computed: teacher_ready = False
No replay auxiliary loss computed: teacher_ready = False
No replay auxiliary loss computed: teacher_ready = False
No replay auxiliary loss computed: teacher_ready = False
No replay auxiliary loss computed: teacher_ready = False
No replay auxiliary loss computed: teacher_ready = False
No replay auxiliary loss computed: teacher_ready = False
No replay auxiliary loss computed: teacher_ready = False
No replay auxiliary loss computed: teacher_ready = False
No replay auxiliary loss computed: teacher_ready = False
No replay auxiliary loss computed: teacher_ready = False
No replay auxiliary loss computed: teacher_ready = False
No replay auxiliary loss computed: teacher_ready = False
No replay auxiliary loss computed: teacher_ready = False
No replay auxiliary loss computed: teacher_ready = False
No replay auxiliary loss computed: teacher_ready = False
No replay auxiliary loss computed: teacher_ready = False
No replay auxiliary loss computed: teacher_ready = False
No replay auxiliary loss computed: teacher_ready = False
No replay auxiliary loss computed: teacher_ready = False
No replay auxiliary loss computed: teacher_ready = False
No replay auxiliary loss computed: teacher_ready = False
No replay auxiliary loss computed: teacher_ready = False
No positive cells found.
No positive cells found.
No positive cells found.
No positive cells found.
No positive cells found.
No positive cells found.
No positive cells found.
No positive cells found.
                   all        186      10109      0.446      0.164      0.181     0.0996

      Epoch    GPU_mem   box_loss   cls_loss   dfl_lossreplay_loss  Instances       Size
No replay auxiliary loss computed: teacher_ready = False
No replay auxiliary loss computed: teacher_ready = False
No replay auxiliary loss computed: teacher_ready = False
No replay auxiliary loss computed: teacher_ready = False
No replay auxiliary loss computed: teacher_ready = False
No replay auxiliary loss computed: teacher_ready = False
No replay auxiliary loss computed: teacher_ready = False
No replay auxiliary loss computed: teacher_ready = False
No replay auxiliary loss computed: teacher_ready = False
No replay auxiliary loss computed: teacher_ready = False
No replay auxiliary loss computed: teacher_ready = False
No replay auxiliary loss computed: teacher_ready = False
No replay auxiliary loss computed: teacher_ready = False
No replay auxiliary loss computed: teacher_ready = False
No replay auxiliary loss computed: teacher_ready = False
No replay auxiliary loss computed: teacher_ready = False
No replay auxiliary loss computed: teacher_ready = False
No replay auxiliary loss computed: teacher_ready = False
No replay auxiliary loss computed: teacher_ready = False
No replay auxiliary loss computed: teacher_ready = False
No replay auxiliary loss computed: teacher_ready = False
No replay auxiliary loss computed: teacher_ready = False
No replay auxiliary loss computed: teacher_ready = False
No replay auxiliary loss computed: teacher_ready = False
No replay auxiliary loss computed: teacher_ready = False
No replay auxiliary loss computed: teacher_ready = False
No replay auxiliary loss computed: teacher_ready = False
No replay auxiliary loss computed: teacher_ready = False
No replay auxiliary loss computed: teacher_ready = False
No replay auxiliary loss computed: teacher_ready = False
No replay auxiliary loss computed: teacher_ready = False
No replay auxiliary loss computed: teacher_ready = False
No replay auxiliary loss computed: teacher_ready = False
No replay auxiliary loss computed: teacher_ready = False
No replay auxiliary loss computed: teacher_ready = False
No replay auxiliary loss computed: teacher_ready = False
No replay auxiliary loss computed: teacher_ready = False
No replay auxiliary loss computed: teacher_ready = False
No replay auxiliary loss computed: teacher_ready = False
No replay auxiliary loss computed: teacher_ready = False
No replay auxiliary loss computed: teacher_ready = False
No replay auxiliary loss computed: teacher_ready = False
No replay auxiliary loss computed: teacher_ready = False
No replay auxiliary loss computed: teacher_ready = False
No replay auxiliary loss computed: teacher_ready = False
No replay auxiliary loss computed: teacher_ready = False
No positive cells found.
No positive cells found.
No positive cells found.
No positive cells found.
No positive cells found.
No positive cells found.
No positive cells found.
No positive cells found.
                   all        186      10109      0.455      0.165      0.184      0.105

      Epoch    GPU_mem   box_loss   cls_loss   dfl_lossreplay_loss  Instances       Size
No replay auxiliary loss computed: teacher_ready = False
No replay auxiliary loss computed: teacher_ready = False
No replay auxiliary loss computed: teacher_ready = False
No replay auxiliary loss computed: teacher_ready = False
No replay auxiliary loss computed: teacher_ready = False
No replay auxiliary loss computed: teacher_ready = False
No replay auxiliary loss computed: teacher_ready = False
No replay auxiliary loss computed: teacher_ready = False
No replay auxiliary loss computed: teacher_ready = False
No replay auxiliary loss computed: teacher_ready = False
No replay auxiliary loss computed: teacher_ready = False
No replay auxiliary loss computed: teacher_ready = False
No replay auxiliary loss computed: teacher_ready = False
No replay auxiliary loss computed: teacher_ready = False
No replay auxiliary loss computed: teacher_ready = False
No replay auxiliary loss computed: teacher_ready = False
No replay auxiliary loss computed: teacher_ready = False
No replay auxiliary loss computed: teacher_ready = False
No replay auxiliary loss computed: teacher_ready = False
No replay auxiliary loss computed: teacher_ready = False
No replay auxiliary loss computed: teacher_ready = False
No replay auxiliary loss computed: teacher_ready = False
No replay auxiliary loss computed: teacher_ready = False
No replay auxiliary loss computed: teacher_ready = False
No replay auxiliary loss computed: teacher_ready = False
No replay auxiliary loss computed: teacher_ready = False
No replay auxiliary loss computed: teacher_ready = False
No replay auxiliary loss computed: teacher_ready = False
No replay auxiliary loss computed: teacher_ready = False
No replay auxiliary loss computed: teacher_ready = False
No replay auxiliary loss computed: teacher_ready = False
No replay auxiliary loss computed: teacher_ready = False
No replay auxiliary loss computed: teacher_ready = False
No replay auxiliary loss computed: teacher_ready = False
No replay auxiliary loss computed: teacher_ready = False
No replay auxiliary loss computed: teacher_ready = False
No replay auxiliary loss computed: teacher_ready = False
No replay auxiliary loss computed: teacher_ready = False
No replay auxiliary loss computed: teacher_ready = False
No replay auxiliary loss computed: teacher_ready = False
No replay auxiliary loss computed: teacher_ready = False
No replay auxiliary loss computed: teacher_ready = False
No replay auxiliary loss computed: teacher_ready = False
No replay auxiliary loss computed: teacher_ready = False
No replay auxiliary loss computed: teacher_ready = False
No replay auxiliary loss computed: teacher_ready = False
No positive cells found.
No positive cells found.
No positive cells found.
No positive cells found.
No positive cells found.
No positive cells found.
No positive cells found.
No positive cells found.
                   all        186      10109      0.447      0.161      0.181      0.102

      Epoch    GPU_mem   box_loss   cls_loss   dfl_lossreplay_loss  Instances       Size
No replay auxiliary loss computed: teacher_ready = False
No replay auxiliary loss computed: teacher_ready = False
No replay auxiliary loss computed: teacher_ready = False
No replay auxiliary loss computed: teacher_ready = False
No replay auxiliary loss computed: teacher_ready = False
No replay auxiliary loss computed: teacher_ready = False
No replay auxiliary loss computed: teacher_ready = False
No replay auxiliary loss computed: teacher_ready = False
No replay auxiliary loss computed: teacher_ready = False
No replay auxiliary loss computed: teacher_ready = False
No replay auxiliary loss computed: teacher_ready = False
No replay auxiliary loss computed: teacher_ready = False
No replay auxiliary loss computed: teacher_ready = False
No replay auxiliary loss computed: teacher_ready = False
No replay auxiliary loss computed: teacher_ready = False
No replay auxiliary loss computed: teacher_ready = False
No replay auxiliary loss computed: teacher_ready = False
No replay auxiliary loss computed: teacher_ready = False
No replay auxiliary loss computed: teacher_ready = False
No replay auxiliary loss computed: teacher_ready = False
No replay auxiliary loss computed: teacher_ready = False
No replay auxiliary loss computed: teacher_ready = False
No replay auxiliary loss computed: teacher_ready = False
No replay auxiliary loss computed: teacher_ready = False
No replay auxiliary loss computed: teacher_ready = False
No replay auxiliary loss computed: teacher_ready = False
No replay auxiliary loss computed: teacher_ready = False
No replay auxiliary loss computed: teacher_ready = False
No replay auxiliary loss computed: teacher_ready = False
No replay auxiliary loss computed: teacher_ready = False
No replay auxiliary loss computed: teacher_ready = False
No replay auxiliary loss computed: teacher_ready = False
No replay auxiliary loss computed: teacher_ready = False
No replay auxiliary loss computed: teacher_ready = False
No replay auxiliary loss computed: teacher_ready = False
No replay auxiliary loss computed: teacher_ready = False
No replay auxiliary loss computed: teacher_ready = False
No replay auxiliary loss computed: teacher_ready = False
No replay auxiliary loss computed: teacher_ready = False
No replay auxiliary loss computed: teacher_ready = False
No replay auxiliary loss computed: teacher_ready = False
No replay auxiliary loss computed: teacher_ready = False
No replay auxiliary loss computed: teacher_ready = False
No replay auxiliary loss computed: teacher_ready = False
No replay auxiliary loss computed: teacher_ready = False
No replay auxiliary loss computed: teacher_ready = False
No positive cells found.
No positive cells found.
No positive cells found.
No positive cells found.
No positive cells found.
No positive cells found.
No positive cells found.
No positive cells found.
                   all        186      10109      0.447       0.16       0.18      0.102

      Epoch    GPU_mem   box_loss   cls_loss   dfl_lossreplay_loss  Instances       Size
No replay auxiliary loss computed: teacher_ready = False
No replay auxiliary loss computed: teacher_ready = False
No replay auxiliary loss computed: teacher_ready = False
No replay auxiliary loss computed: teacher_ready = False
No replay auxiliary loss computed: teacher_ready = False
No replay auxiliary loss computed: teacher_ready = False
No replay auxiliary loss computed: teacher_ready = False
No replay auxiliary loss computed: teacher_ready = False
No replay auxiliary loss computed: teacher_ready = False
No replay auxiliary loss computed: teacher_ready = False
No replay auxiliary loss computed: teacher_ready = False
No replay auxiliary loss computed: teacher_ready = False
No replay auxiliary loss computed: teacher_ready = False
No replay auxiliary loss computed: teacher_ready = False
No replay auxiliary loss computed: teacher_ready = False
No replay auxiliary loss computed: teacher_ready = False
No replay auxiliary loss computed: teacher_ready = False
No replay auxiliary loss computed: teacher_ready = False
No replay auxiliary loss computed: teacher_ready = False
No replay auxiliary loss computed: teacher_ready = False
No replay auxiliary loss computed: teacher_ready = False
No replay auxiliary loss computed: teacher_ready = False
No replay auxiliary loss computed: teacher_ready = False
No replay auxiliary loss computed: teacher_ready = False
No replay auxiliary loss computed: teacher_ready = False
No replay auxiliary loss computed: teacher_ready = False
No replay auxiliary loss computed: teacher_ready = False
No replay auxiliary loss computed: teacher_ready = False
No replay auxiliary loss computed: teacher_ready = False
No replay auxiliary loss computed: teacher_ready = False
No replay auxiliary loss computed: teacher_ready = False
No replay auxiliary loss computed: teacher_ready = False
No replay auxiliary loss computed: teacher_ready = False
No replay auxiliary loss computed: teacher_ready = False
No replay auxiliary loss computed: teacher_ready = False
No replay auxiliary loss computed: teacher_ready = False
No replay auxiliary loss computed: teacher_ready = False
No replay auxiliary loss computed: teacher_ready = False
No replay auxiliary loss computed: teacher_ready = False
No replay auxiliary loss computed: teacher_ready = False
No replay auxiliary loss computed: teacher_ready = False
No replay auxiliary loss computed: teacher_ready = False
No replay auxiliary loss computed: teacher_ready = False
No replay auxiliary loss computed: teacher_ready = False
No replay auxiliary loss computed: teacher_ready = False
No replay auxiliary loss computed: teacher_ready = False
No positive cells found.
No positive cells found.
No positive cells found.
No positive cells found.
No positive cells found.
No positive cells found.
No positive cells found.
No positive cells found.
                   all        186      10109      0.454      0.157       0.18      0.101

      Epoch    GPU_mem   box_loss   cls_loss   dfl_lossreplay_loss  Instances       Size
No replay auxiliary loss computed: teacher_ready = False
No replay auxiliary loss computed: teacher_ready = False
No replay auxiliary loss computed: teacher_ready = False
No replay auxiliary loss computed: teacher_ready = False
No replay auxiliary loss computed: teacher_ready = False
No replay auxiliary loss computed: teacher_ready = False
No replay auxiliary loss computed: teacher_ready = False
No replay auxiliary loss computed: teacher_ready = False
No replay auxiliary loss computed: teacher_ready = False
No replay auxiliary loss computed: teacher_ready = False
No replay auxiliary loss computed: teacher_ready = False
No replay auxiliary loss computed: teacher_ready = False
No replay auxiliary loss computed: teacher_ready = False
No replay auxiliary loss computed: teacher_ready = False
No replay auxiliary loss computed: teacher_ready = False
No replay auxiliary loss computed: teacher_ready = False
No replay auxiliary loss computed: teacher_ready = False
No replay auxiliary loss computed: teacher_ready = False
No replay auxiliary loss computed: teacher_ready = False
No replay auxiliary loss computed: teacher_ready = False
No replay auxiliary loss computed: teacher_ready = False
No replay auxiliary loss computed: teacher_ready = False
No replay auxiliary loss computed: teacher_ready = False
No replay auxiliary loss computed: teacher_ready = False
No replay auxiliary loss computed: teacher_ready = False
No replay auxiliary loss computed: teacher_ready = False
No replay auxiliary loss computed: teacher_ready = False
No replay auxiliary loss computed: teacher_ready = False
No replay auxiliary loss computed: teacher_ready = False
No replay auxiliary loss computed: teacher_ready = False
No replay auxiliary loss computed: teacher_ready = False
No replay auxiliary loss computed: teacher_ready = False
No replay auxiliary loss computed: teacher_ready = False
No replay auxiliary loss computed: teacher_ready = False
No replay auxiliary loss computed: teacher_ready = False
No replay auxiliary loss computed: teacher_ready = False
No replay auxiliary loss computed: teacher_ready = False
No replay auxiliary loss computed: teacher_ready = False
No replay auxiliary loss computed: teacher_ready = False
No replay auxiliary loss computed: teacher_ready = False
No replay auxiliary loss computed: teacher_ready = False
No replay auxiliary loss computed: teacher_ready = False
No replay auxiliary loss computed: teacher_ready = False
No replay auxiliary loss computed: teacher_ready = False
No replay auxiliary loss computed: teacher_ready = False
No replay auxiliary loss computed: teacher_ready = False
No positive cells found.
No positive cells found.
No positive cells found.
No positive cells found.
No positive cells found.
No positive cells found.
No positive cells found.
No positive cells found.
                   all        186      10109      0.454      0.162      0.183      0.104

      Epoch    GPU_mem   box_loss   cls_loss   dfl_lossreplay_loss  Instances       Size
No replay auxiliary loss computed: teacher_ready = False
No replay auxiliary loss computed: teacher_ready = False
No replay auxiliary loss computed: teacher_ready = False
No replay auxiliary loss computed: teacher_ready = False
No replay auxiliary loss computed: teacher_ready = False
No replay auxiliary loss computed: teacher_ready = False
No replay auxiliary loss computed: teacher_ready = False
No replay auxiliary loss computed: teacher_ready = False
No replay auxiliary loss computed: teacher_ready = False
No replay auxiliary loss computed: teacher_ready = False
No replay auxiliary loss computed: teacher_ready = False
No replay auxiliary loss computed: teacher_ready = False
No replay auxiliary loss computed: teacher_ready = False
No replay auxiliary loss computed: teacher_ready = False
No replay auxiliary loss computed: teacher_ready = False
No replay auxiliary loss computed: teacher_ready = False
No replay auxiliary loss computed: teacher_ready = False
No replay auxiliary loss computed: teacher_ready = False
No replay auxiliary loss computed: teacher_ready = False
No replay auxiliary loss computed: teacher_ready = False
No replay auxiliary loss computed: teacher_ready = False
No replay auxiliary loss computed: teacher_ready = False
No replay auxiliary loss computed: teacher_ready = False
No replay auxiliary loss computed: teacher_ready = False
No replay auxiliary loss computed: teacher_ready = False
No replay auxiliary loss computed: teacher_ready = False
No replay auxiliary loss computed: teacher_ready = False
No replay auxiliary loss computed: teacher_ready = False
No replay auxiliary loss computed: teacher_ready = False
No replay auxiliary loss computed: teacher_ready = False
No replay auxiliary loss computed: teacher_ready = False
No replay auxiliary loss computed: teacher_ready = False
No replay auxiliary loss computed: teacher_ready = False
No replay auxiliary loss computed: teacher_ready = False
No replay auxiliary loss computed: teacher_ready = False
No replay auxiliary loss computed: teacher_ready = False
No replay auxiliary loss computed: teacher_ready = False
No replay auxiliary loss computed: teacher_ready = False
No replay auxiliary loss computed: teacher_ready = False
No replay auxiliary loss computed: teacher_ready = False
No replay auxiliary loss computed: teacher_ready = False
No replay auxiliary loss computed: teacher_ready = False
No replay auxiliary loss computed: teacher_ready = False
No replay auxiliary loss computed: teacher_ready = False
No replay auxiliary loss computed: teacher_ready = False
No replay auxiliary loss computed: teacher_ready = False
No positive cells found.
No positive cells found.
No positive cells found.
No positive cells found.
No positive cells found.
No positive cells found.
No positive cells found.
No positive cells found.
                   all        186      10109      0.454      0.164      0.184      0.106

      Epoch    GPU_mem   box_loss   cls_loss   dfl_lossreplay_loss  Instances       Size
No replay auxiliary loss computed: teacher_ready = False
No replay auxiliary loss computed: teacher_ready = False
No replay auxiliary loss computed: teacher_ready = False
No replay auxiliary loss computed: teacher_ready = False
No replay auxiliary loss computed: teacher_ready = False
No replay auxiliary loss computed: teacher_ready = False
No replay auxiliary loss computed: teacher_ready = False
No replay auxiliary loss computed: teacher_ready = False
No replay auxiliary loss computed: teacher_ready = False
No replay auxiliary loss computed: teacher_ready = False
No replay auxiliary loss computed: teacher_ready = False
No replay auxiliary loss computed: teacher_ready = False
No replay auxiliary loss computed: teacher_ready = False
No replay auxiliary loss computed: teacher_ready = False
No replay auxiliary loss computed: teacher_ready = False
No replay auxiliary loss computed: teacher_ready = False
No replay auxiliary loss computed: teacher_ready = False
No replay auxiliary loss computed: teacher_ready = False
No replay auxiliary loss computed: teacher_ready = False
No replay auxiliary loss computed: teacher_ready = False
No replay auxiliary loss computed: teacher_ready = False
No replay auxiliary loss computed: teacher_ready = False
No replay auxiliary loss computed: teacher_ready = False
No replay auxiliary loss computed: teacher_ready = False
No replay auxiliary loss computed: teacher_ready = False
No replay auxiliary loss computed: teacher_ready = False
No replay auxiliary loss computed: teacher_ready = False
No replay auxiliary loss computed: teacher_ready = False
No replay auxiliary loss computed: teacher_ready = False
No replay auxiliary loss computed: teacher_ready = False
No replay auxiliary loss computed: teacher_ready = False
No replay auxiliary loss computed: teacher_ready = False
No replay auxiliary loss computed: teacher_ready = False
No replay auxiliary loss computed: teacher_ready = False
No replay auxiliary loss computed: teacher_ready = False
No replay auxiliary loss computed: teacher_ready = False
No replay auxiliary loss computed: teacher_ready = False
No replay auxiliary loss computed: teacher_ready = False
No replay auxiliary loss computed: teacher_ready = False
No replay auxiliary loss computed: teacher_ready = False
No replay auxiliary loss computed: teacher_ready = False
No replay auxiliary loss computed: teacher_ready = False
No replay auxiliary loss computed: teacher_ready = False
No replay auxiliary loss computed: teacher_ready = False
No replay auxiliary loss computed: teacher_ready = False
No replay auxiliary loss computed: teacher_ready = False
No positive cells found.
No positive cells found.
No positive cells found.
No positive cells found.
No positive cells found.
No positive cells found.
No positive cells found.
No positive cells found.
                   all        186      10109      0.946      0.158      0.177      0.102

      Epoch    GPU_mem   box_loss   cls_loss   dfl_lossreplay_loss  Instances       Size
No replay auxiliary loss computed: teacher_ready = False
No replay auxiliary loss computed: teacher_ready = False
No replay auxiliary loss computed: teacher_ready = False
No replay auxiliary loss computed: teacher_ready = False
No replay auxiliary loss computed: teacher_ready = False
No replay auxiliary loss computed: teacher_ready = False
No replay auxiliary loss computed: teacher_ready = False
No replay auxiliary loss computed: teacher_ready = False
No replay auxiliary loss computed: teacher_ready = False
No replay auxiliary loss computed: teacher_ready = False
No replay auxiliary loss computed: teacher_ready = False
No replay auxiliary loss computed: teacher_ready = False
No replay auxiliary loss computed: teacher_ready = False
No replay auxiliary loss computed: teacher_ready = False
No replay auxiliary loss computed: teacher_ready = False
No replay auxiliary loss computed: teacher_ready = False
No replay auxiliary loss computed: teacher_ready = False
No replay auxiliary loss computed: teacher_ready = False
No replay auxiliary loss computed: teacher_ready = False
No replay auxiliary loss computed: teacher_ready = False
No replay auxiliary loss computed: teacher_ready = False
No replay auxiliary loss computed: teacher_ready = False
No replay auxiliary loss computed: teacher_ready = False
No replay auxiliary loss computed: teacher_ready = False
No replay auxiliary loss computed: teacher_ready = False
No replay auxiliary loss computed: teacher_ready = False
No replay auxiliary loss computed: teacher_ready = False
No replay auxiliary loss computed: teacher_ready = False
No replay auxiliary loss computed: teacher_ready = False
No replay auxiliary loss computed: teacher_ready = False
No replay auxiliary loss computed: teacher_ready = False
No replay auxiliary loss computed: teacher_ready = False
No replay auxiliary loss computed: teacher_ready = False
No replay auxiliary loss computed: teacher_ready = False
No replay auxiliary loss computed: teacher_ready = False
No replay auxiliary loss computed: teacher_ready = False
No replay auxiliary loss computed: teacher_ready = False
No replay auxiliary loss computed: teacher_ready = False
No replay auxiliary loss computed: teacher_ready = False
No replay auxiliary loss computed: teacher_ready = False
No replay auxiliary loss computed: teacher_ready = False
No replay auxiliary loss computed: teacher_ready = False
No replay auxiliary loss computed: teacher_ready = False
No replay auxiliary loss computed: teacher_ready = False
No replay auxiliary loss computed: teacher_ready = False
No replay auxiliary loss computed: teacher_ready = False
No positive cells found.
No positive cells found.
No positive cells found.
No positive cells found.
No positive cells found.
No positive cells found.
No positive cells found.
No positive cells found.
                   all        186      10109      0.698      0.158      0.177        0.1
Closing dataloader mosaic

      Epoch    GPU_mem   box_loss   cls_loss   dfl_lossreplay_loss  Instances       Size
No replay auxiliary loss computed: teacher_ready = False
No replay auxiliary loss computed: teacher_ready = False
No replay auxiliary loss computed: teacher_ready = False
No replay auxiliary loss computed: teacher_ready = False
No replay auxiliary loss computed: teacher_ready = False
No replay auxiliary loss computed: teacher_ready = False
No replay auxiliary loss computed: teacher_ready = False
No replay auxiliary loss computed: teacher_ready = False
No replay auxiliary loss computed: teacher_ready = False
No replay auxiliary loss computed: teacher_ready = False
No replay auxiliary loss computed: teacher_ready = False
No replay auxiliary loss computed: teacher_ready = False
No replay auxiliary loss computed: teacher_ready = False
No replay auxiliary loss computed: teacher_ready = False
No replay auxiliary loss computed: teacher_ready = False
No replay auxiliary loss computed: teacher_ready = False
No replay auxiliary loss computed: teacher_ready = False
No replay auxiliary loss computed: teacher_ready = False
No replay auxiliary loss computed: teacher_ready = False
No replay auxiliary loss computed: teacher_ready = False
No replay auxiliary loss computed: teacher_ready = False
No replay auxiliary loss computed: teacher_ready = False
No replay auxiliary loss computed: teacher_ready = False
No replay auxiliary loss computed: teacher_ready = False
No replay auxiliary loss computed: teacher_ready = False
No replay auxiliary loss computed: teacher_ready = False
No replay auxiliary loss computed: teacher_ready = False
No replay auxiliary loss computed: teacher_ready = False
No replay auxiliary loss computed: teacher_ready = False
No replay auxiliary loss computed: teacher_ready = False
No replay auxiliary loss computed: teacher_ready = False
No replay auxiliary loss computed: teacher_ready = False
No replay auxiliary loss computed: teacher_ready = False
No replay auxiliary loss computed: teacher_ready = False
No replay auxiliary loss computed: teacher_ready = False
No replay auxiliary loss computed: teacher_ready = False
No replay auxiliary loss computed: teacher_ready = False
No replay auxiliary loss computed: teacher_ready = False
No replay auxiliary loss computed: teacher_ready = False
No replay auxiliary loss computed: teacher_ready = False
No replay auxiliary loss computed: teacher_ready = False
No replay auxiliary loss computed: teacher_ready = False
No replay auxiliary loss computed: teacher_ready = False
No replay auxiliary loss computed: teacher_ready = False
No replay auxiliary loss computed: teacher_ready = False
No replay auxiliary loss computed: teacher_ready = False
No positive cells found.
No positive cells found.
No positive cells found.
No positive cells found.
No positive cells found.
No positive cells found.
No positive cells found.
No positive cells found.
                   all        186      10109      0.454      0.158       0.18      0.103

      Epoch    GPU_mem   box_loss   cls_loss   dfl_lossreplay_loss  Instances       Size
No replay auxiliary loss computed: teacher_ready = False
No replay auxiliary loss computed: teacher_ready = False
No replay auxiliary loss computed: teacher_ready = False
No replay auxiliary loss computed: teacher_ready = False
No replay auxiliary loss computed: teacher_ready = False
No replay auxiliary loss computed: teacher_ready = False
No replay auxiliary loss computed: teacher_ready = False
No replay auxiliary loss computed: teacher_ready = False
No replay auxiliary loss computed: teacher_ready = False
No replay auxiliary loss computed: teacher_ready = False
No replay auxiliary loss computed: teacher_ready = False
No replay auxiliary loss computed: teacher_ready = False
No replay auxiliary loss computed: teacher_ready = False
No replay auxiliary loss computed: teacher_ready = False
No replay auxiliary loss computed: teacher_ready = False
No replay auxiliary loss computed: teacher_ready = False
No replay auxiliary loss computed: teacher_ready = False
No replay auxiliary loss computed: teacher_ready = False
No replay auxiliary loss computed: teacher_ready = False
No replay auxiliary loss computed: teacher_ready = False
No replay auxiliary loss computed: teacher_ready = False
No replay auxiliary loss computed: teacher_ready = False
No replay auxiliary loss computed: teacher_ready = False
No replay auxiliary loss computed: teacher_ready = False
No replay auxiliary loss computed: teacher_ready = False
No replay auxiliary loss computed: teacher_ready = False
No replay auxiliary loss computed: teacher_ready = False
No replay auxiliary loss computed: teacher_ready = False
No replay auxiliary loss computed: teacher_ready = False
No replay auxiliary loss computed: teacher_ready = False
No replay auxiliary loss computed: teacher_ready = False
No replay auxiliary loss computed: teacher_ready = False
No replay auxiliary loss computed: teacher_ready = False
No replay auxiliary loss computed: teacher_ready = False
No replay auxiliary loss computed: teacher_ready = False
No replay auxiliary loss computed: teacher_ready = False
No replay auxiliary loss computed: teacher_ready = False
No replay auxiliary loss computed: teacher_ready = False
No replay auxiliary loss computed: teacher_ready = False
No replay auxiliary loss computed: teacher_ready = False
No replay auxiliary loss computed: teacher_ready = False
No replay auxiliary loss computed: teacher_ready = False
No replay auxiliary loss computed: teacher_ready = False
No replay auxiliary loss computed: teacher_ready = False
No replay auxiliary loss computed: teacher_ready = False
No replay auxiliary loss computed: teacher_ready = False
No positive cells found.
No positive cells found.
No positive cells found.
No positive cells found.
No positive cells found.
No positive cells found.
No positive cells found.
No positive cells found.
                   all        186      10109      0.444      0.164      0.181      0.106

      Epoch    GPU_mem   box_loss   cls_loss   dfl_lossreplay_loss  Instances       Size
No replay auxiliary loss computed: teacher_ready = False
No replay auxiliary loss computed: teacher_ready = False
No replay auxiliary loss computed: teacher_ready = False
No replay auxiliary loss computed: teacher_ready = False
No replay auxiliary loss computed: teacher_ready = False
No replay auxiliary loss computed: teacher_ready = False
No replay auxiliary loss computed: teacher_ready = False
No replay auxiliary loss computed: teacher_ready = False
No replay auxiliary loss computed: teacher_ready = False
No replay auxiliary loss computed: teacher_ready = False
No replay auxiliary loss computed: teacher_ready = False
No replay auxiliary loss computed: teacher_ready = False
No replay auxiliary loss computed: teacher_ready = False
No replay auxiliary loss computed: teacher_ready = False
No replay auxiliary loss computed: teacher_ready = False
No replay auxiliary loss computed: teacher_ready = False
No replay auxiliary loss computed: teacher_ready = False
No replay auxiliary loss computed: teacher_ready = False
No replay auxiliary loss computed: teacher_ready = False
No replay auxiliary loss computed: teacher_ready = False
No replay auxiliary loss computed: teacher_ready = False
No replay auxiliary loss computed: teacher_ready = False
No replay auxiliary loss computed: teacher_ready = False
No replay auxiliary loss computed: teacher_ready = False
No replay auxiliary loss computed: teacher_ready = False
No replay auxiliary loss computed: teacher_ready = False
No replay auxiliary loss computed: teacher_ready = False
No replay auxiliary loss computed: teacher_ready = False
No replay auxiliary loss computed: teacher_ready = False
No replay auxiliary loss computed: teacher_ready = False
No replay auxiliary loss computed: teacher_ready = False
No replay auxiliary loss computed: teacher_ready = False
No replay auxiliary loss computed: teacher_ready = False
No replay auxiliary loss computed: teacher_ready = False
No replay auxiliary loss computed: teacher_ready = False
No replay auxiliary loss computed: teacher_ready = False
No replay auxiliary loss computed: teacher_ready = False
No replay auxiliary loss computed: teacher_ready = False
No replay auxiliary loss computed: teacher_ready = False
No replay auxiliary loss computed: teacher_ready = False
No replay auxiliary loss computed: teacher_ready = False
No replay auxiliary loss computed: teacher_ready = False
No replay auxiliary loss computed: teacher_ready = False
No replay auxiliary loss computed: teacher_ready = False
No replay auxiliary loss computed: teacher_ready = False
No replay auxiliary loss computed: teacher_ready = False
No positive cells found.
No positive cells found.
No positive cells found.
No positive cells found.
No positive cells found.
No positive cells found.
No positive cells found.
No positive cells found.
                   all        186      10109      0.446      0.162      0.181      0.104

      Epoch    GPU_mem   box_loss   cls_loss   dfl_lossreplay_loss  Instances       Size
No replay auxiliary loss computed: teacher_ready = False
No replay auxiliary loss computed: teacher_ready = False
No replay auxiliary loss computed: teacher_ready = False
No replay auxiliary loss computed: teacher_ready = False
No replay auxiliary loss computed: teacher_ready = False
No replay auxiliary loss computed: teacher_ready = False
No replay auxiliary loss computed: teacher_ready = False
No replay auxiliary loss computed: teacher_ready = False
No replay auxiliary loss computed: teacher_ready = False
No replay auxiliary loss computed: teacher_ready = False
No replay auxiliary loss computed: teacher_ready = False
No replay auxiliary loss computed: teacher_ready = False
No replay auxiliary loss computed: teacher_ready = False
No replay auxiliary loss computed: teacher_ready = False
No replay auxiliary loss computed: teacher_ready = False
No replay auxiliary loss computed: teacher_ready = False
No replay auxiliary loss computed: teacher_ready = False
No replay auxiliary loss computed: teacher_ready = False
No replay auxiliary loss computed: teacher_ready = False
No replay auxiliary loss computed: teacher_ready = False
No replay auxiliary loss computed: teacher_ready = False
No replay auxiliary loss computed: teacher_ready = False
No replay auxiliary loss computed: teacher_ready = False
No replay auxiliary loss computed: teacher_ready = False
No replay auxiliary loss computed: teacher_ready = False
No replay auxiliary loss computed: teacher_ready = False
No replay auxiliary loss computed: teacher_ready = False
No replay auxiliary loss computed: teacher_ready = False
No replay auxiliary loss computed: teacher_ready = False
No replay auxiliary loss computed: teacher_ready = False
No replay auxiliary loss computed: teacher_ready = False
No replay auxiliary loss computed: teacher_ready = False
No replay auxiliary loss computed: teacher_ready = False
No replay auxiliary loss computed: teacher_ready = False
No replay auxiliary loss computed: teacher_ready = False
No replay auxiliary loss computed: teacher_ready = False
No replay auxiliary loss computed: teacher_ready = False
No replay auxiliary loss computed: teacher_ready = False
No replay auxiliary loss computed: teacher_ready = False
No replay auxiliary loss computed: teacher_ready = False
No replay auxiliary loss computed: teacher_ready = False
No replay auxiliary loss computed: teacher_ready = False
No replay auxiliary loss computed: teacher_ready = False
No replay auxiliary loss computed: teacher_ready = False
No replay auxiliary loss computed: teacher_ready = False
No replay auxiliary loss computed: teacher_ready = False
No positive cells found.
No positive cells found.
No positive cells found.
No positive cells found.
No positive cells found.
No positive cells found.
No positive cells found.
No positive cells found.
                   all        186      10109      0.456       0.16      0.182      0.103

      Epoch    GPU_mem   box_loss   cls_loss   dfl_lossreplay_loss  Instances       Size
No replay auxiliary loss computed: teacher_ready = False
No replay auxiliary loss computed: teacher_ready = False
No replay auxiliary loss computed: teacher_ready = False
No replay auxiliary loss computed: teacher_ready = False
No replay auxiliary loss computed: teacher_ready = False
No replay auxiliary loss computed: teacher_ready = False
No replay auxiliary loss computed: teacher_ready = False
No replay auxiliary loss computed: teacher_ready = False
No replay auxiliary loss computed: teacher_ready = False
No replay auxiliary loss computed: teacher_ready = False
No replay auxiliary loss computed: teacher_ready = False
No replay auxiliary loss computed: teacher_ready = False
No replay auxiliary loss computed: teacher_ready = False
No replay auxiliary loss computed: teacher_ready = False
No replay auxiliary loss computed: teacher_ready = False
No replay auxiliary loss computed: teacher_ready = False
No replay auxiliary loss computed: teacher_ready = False
No replay auxiliary loss computed: teacher_ready = False
No replay auxiliary loss computed: teacher_ready = False
No replay auxiliary loss computed: teacher_ready = False
No replay auxiliary loss computed: teacher_ready = False
No replay auxiliary loss computed: teacher_ready = False
No replay auxiliary loss computed: teacher_ready = False
No replay auxiliary loss computed: teacher_ready = False
No replay auxiliary loss computed: teacher_ready = False
No replay auxiliary loss computed: teacher_ready = False
No replay auxiliary loss computed: teacher_ready = False
No replay auxiliary loss computed: teacher_ready = False
No replay auxiliary loss computed: teacher_ready = False
No replay auxiliary loss computed: teacher_ready = False
No replay auxiliary loss computed: teacher_ready = False
No replay auxiliary loss computed: teacher_ready = False
No replay auxiliary loss computed: teacher_ready = False
No replay auxiliary loss computed: teacher_ready = False
No replay auxiliary loss computed: teacher_ready = False
No replay auxiliary loss computed: teacher_ready = False
No replay auxiliary loss computed: teacher_ready = False
No replay auxiliary loss computed: teacher_ready = False
No replay auxiliary loss computed: teacher_ready = False
No replay auxiliary loss computed: teacher_ready = False
No replay auxiliary loss computed: teacher_ready = False
No replay auxiliary loss computed: teacher_ready = False
No replay auxiliary loss computed: teacher_ready = False
No replay auxiliary loss computed: teacher_ready = False
No replay auxiliary loss computed: teacher_ready = False
No replay auxiliary loss computed: teacher_ready = False
No positive cells found.
No positive cells found.
No positive cells found.
No positive cells found.
No positive cells found.
No positive cells found.
No positive cells found.
No positive cells found.
                   all        186      10109      0.449      0.156      0.178      0.101

      Epoch    GPU_mem   box_loss   cls_loss   dfl_lossreplay_loss  Instances       Size
No replay auxiliary loss computed: teacher_ready = False
No replay auxiliary loss computed: teacher_ready = False
No replay auxiliary loss computed: teacher_ready = False
No replay auxiliary loss computed: teacher_ready = False
No replay auxiliary loss computed: teacher_ready = False
No replay auxiliary loss computed: teacher_ready = False
No replay auxiliary loss computed: teacher_ready = False
No replay auxiliary loss computed: teacher_ready = False
No replay auxiliary loss computed: teacher_ready = False
No replay auxiliary loss computed: teacher_ready = False
No replay auxiliary loss computed: teacher_ready = False
No replay auxiliary loss computed: teacher_ready = False
No replay auxiliary loss computed: teacher_ready = False
No replay auxiliary loss computed: teacher_ready = False
No replay auxiliary loss computed: teacher_ready = False
No replay auxiliary loss computed: teacher_ready = False
No replay auxiliary loss computed: teacher_ready = False
No replay auxiliary loss computed: teacher_ready = False
No replay auxiliary loss computed: teacher_ready = False
No replay auxiliary loss computed: teacher_ready = False
No replay auxiliary loss computed: teacher_ready = False
No replay auxiliary loss computed: teacher_ready = False
No replay auxiliary loss computed: teacher_ready = False
No replay auxiliary loss computed: teacher_ready = False
No replay auxiliary loss computed: teacher_ready = False
No replay auxiliary loss computed: teacher_ready = False
No replay auxiliary loss computed: teacher_ready = False
No replay auxiliary loss computed: teacher_ready = False
No replay auxiliary loss computed: teacher_ready = False
No replay auxiliary loss computed: teacher_ready = False
No replay auxiliary loss computed: teacher_ready = False
No replay auxiliary loss computed: teacher_ready = False
No replay auxiliary loss computed: teacher_ready = False
No replay auxiliary loss computed: teacher_ready = False
No replay auxiliary loss computed: teacher_ready = False
No replay auxiliary loss computed: teacher_ready = False
No replay auxiliary loss computed: teacher_ready = False
No replay auxiliary loss computed: teacher_ready = False
No replay auxiliary loss computed: teacher_ready = False
No replay auxiliary loss computed: teacher_ready = False
No replay auxiliary loss computed: teacher_ready = False
No replay auxiliary loss computed: teacher_ready = False
No replay auxiliary loss computed: teacher_ready = False
No replay auxiliary loss computed: teacher_ready = False
No replay auxiliary loss computed: teacher_ready = False
No replay auxiliary loss computed: teacher_ready = False
No positive cells found.
No positive cells found.
No positive cells found.
No positive cells found.
No positive cells found.
No positive cells found.
No positive cells found.
No positive cells found.
                   all        186      10109      0.449      0.155      0.178      0.102

      Epoch    GPU_mem   box_loss   cls_loss   dfl_lossreplay_loss  Instances       Size
No replay auxiliary loss computed: teacher_ready = False
No replay auxiliary loss computed: teacher_ready = False
No replay auxiliary loss computed: teacher_ready = False
No replay auxiliary loss computed: teacher_ready = False
No replay auxiliary loss computed: teacher_ready = False
No replay auxiliary loss computed: teacher_ready = False
No replay auxiliary loss computed: teacher_ready = False
No replay auxiliary loss computed: teacher_ready = False
No replay auxiliary loss computed: teacher_ready = False
No replay auxiliary loss computed: teacher_ready = False
No replay auxiliary loss computed: teacher_ready = False
No replay auxiliary loss computed: teacher_ready = False
No replay auxiliary loss computed: teacher_ready = False
No replay auxiliary loss computed: teacher_ready = False
No replay auxiliary loss computed: teacher_ready = False
No replay auxiliary loss computed: teacher_ready = False
No replay auxiliary loss computed: teacher_ready = False
No replay auxiliary loss computed: teacher_ready = False
No replay auxiliary loss computed: teacher_ready = False
No replay auxiliary loss computed: teacher_ready = False
No replay auxiliary loss computed: teacher_ready = False
No replay auxiliary loss computed: teacher_ready = False
No replay auxiliary loss computed: teacher_ready = False
No replay auxiliary loss computed: teacher_ready = False
No replay auxiliary loss computed: teacher_ready = False
No replay auxiliary loss computed: teacher_ready = False
No replay auxiliary loss computed: teacher_ready = False
No replay auxiliary loss computed: teacher_ready = False
No replay auxiliary loss computed: teacher_ready = False
No replay auxiliary loss computed: teacher_ready = False
No replay auxiliary loss computed: teacher_ready = False
No replay auxiliary loss computed: teacher_ready = False
No replay auxiliary loss computed: teacher_ready = False
No replay auxiliary loss computed: teacher_ready = False
No replay auxiliary loss computed: teacher_ready = False
No replay auxiliary loss computed: teacher_ready = False
No replay auxiliary loss computed: teacher_ready = False
No replay auxiliary loss computed: teacher_ready = False
No replay auxiliary loss computed: teacher_ready = False
No replay auxiliary loss computed: teacher_ready = False
No replay auxiliary loss computed: teacher_ready = False
No replay auxiliary loss computed: teacher_ready = False
No replay auxiliary loss computed: teacher_ready = False
No replay auxiliary loss computed: teacher_ready = False
No replay auxiliary loss computed: teacher_ready = False
No replay auxiliary loss computed: teacher_ready = False
No positive cells found.
No positive cells found.
No positive cells found.
No positive cells found.
No positive cells found.
No positive cells found.
No positive cells found.
No positive cells found.
                   all        186      10109      0.443      0.162       0.18      0.104

      Epoch    GPU_mem   box_loss   cls_loss   dfl_lossreplay_loss  Instances       Size
No replay auxiliary loss computed: teacher_ready = False
No replay auxiliary loss computed: teacher_ready = False
No replay auxiliary loss computed: teacher_ready = False
No replay auxiliary loss computed: teacher_ready = False
No replay auxiliary loss computed: teacher_ready = False
No replay auxiliary loss computed: teacher_ready = False
No replay auxiliary loss computed: teacher_ready = False
No replay auxiliary loss computed: teacher_ready = False
No replay auxiliary loss computed: teacher_ready = False
No replay auxiliary loss computed: teacher_ready = False
No replay auxiliary loss computed: teacher_ready = False
No replay auxiliary loss computed: teacher_ready = False
No replay auxiliary loss computed: teacher_ready = False
No replay auxiliary loss computed: teacher_ready = False
No replay auxiliary loss computed: teacher_ready = False
No replay auxiliary loss computed: teacher_ready = False
No replay auxiliary loss computed: teacher_ready = False
No replay auxiliary loss computed: teacher_ready = False
No replay auxiliary loss computed: teacher_ready = False
No replay auxiliary loss computed: teacher_ready = False
No replay auxiliary loss computed: teacher_ready = False
No replay auxiliary loss computed: teacher_ready = False
No replay auxiliary loss computed: teacher_ready = False
No replay auxiliary loss computed: teacher_ready = False
No replay auxiliary loss computed: teacher_ready = False
No replay auxiliary loss computed: teacher_ready = False
No replay auxiliary loss computed: teacher_ready = False
No replay auxiliary loss computed: teacher_ready = False
No replay auxiliary loss computed: teacher_ready = False
No replay auxiliary loss computed: teacher_ready = False
No replay auxiliary loss computed: teacher_ready = False
No replay auxiliary loss computed: teacher_ready = False
No replay auxiliary loss computed: teacher_ready = False
No replay auxiliary loss computed: teacher_ready = False
No replay auxiliary loss computed: teacher_ready = False
No replay auxiliary loss computed: teacher_ready = False
No replay auxiliary loss computed: teacher_ready = False
No replay auxiliary loss computed: teacher_ready = False
No replay auxiliary loss computed: teacher_ready = False
No replay auxiliary loss computed: teacher_ready = False
No replay auxiliary loss computed: teacher_ready = False
No replay auxiliary loss computed: teacher_ready = False
No replay auxiliary loss computed: teacher_ready = False
No replay auxiliary loss computed: teacher_ready = False
No replay auxiliary loss computed: teacher_ready = False
No replay auxiliary loss computed: teacher_ready = False
No positive cells found.
No positive cells found.
No positive cells found.
No positive cells found.
No positive cells found.
No positive cells found.
No positive cells found.
No positive cells found.
                   all        186      10109      0.451      0.161      0.182      0.105

      Epoch    GPU_mem   box_loss   cls_loss   dfl_lossreplay_loss  Instances       Size
No replay auxiliary loss computed: teacher_ready = False
No replay auxiliary loss computed: teacher_ready = False
No replay auxiliary loss computed: teacher_ready = False
No replay auxiliary loss computed: teacher_ready = False
No replay auxiliary loss computed: teacher_ready = False
No replay auxiliary loss computed: teacher_ready = False
No replay auxiliary loss computed: teacher_ready = False
No replay auxiliary loss computed: teacher_ready = False
No replay auxiliary loss computed: teacher_ready = False
No replay auxiliary loss computed: teacher_ready = False
No replay auxiliary loss computed: teacher_ready = False
No replay auxiliary loss computed: teacher_ready = False
No replay auxiliary loss computed: teacher_ready = False
No replay auxiliary loss computed: teacher_ready = False
No replay auxiliary loss computed: teacher_ready = False
No replay auxiliary loss computed: teacher_ready = False
No replay auxiliary loss computed: teacher_ready = False
No replay auxiliary loss computed: teacher_ready = False
No replay auxiliary loss computed: teacher_ready = False
No replay auxiliary loss computed: teacher_ready = False
No replay auxiliary loss computed: teacher_ready = False
No replay auxiliary loss computed: teacher_ready = False
No replay auxiliary loss computed: teacher_ready = False
No replay auxiliary loss computed: teacher_ready = False
No replay auxiliary loss computed: teacher_ready = False
No replay auxiliary loss computed: teacher_ready = False
No replay auxiliary loss computed: teacher_ready = False
No replay auxiliary loss computed: teacher_ready = False
No replay auxiliary loss computed: teacher_ready = False
No replay auxiliary loss computed: teacher_ready = False
No replay auxiliary loss computed: teacher_ready = False
No replay auxiliary loss computed: teacher_ready = False
No replay auxiliary loss computed: teacher_ready = False
No replay auxiliary loss computed: teacher_ready = False
No replay auxiliary loss computed: teacher_ready = False
No replay auxiliary loss computed: teacher_ready = False
No replay auxiliary loss computed: teacher_ready = False
No replay auxiliary loss computed: teacher_ready = False
No replay auxiliary loss computed: teacher_ready = False
No replay auxiliary loss computed: teacher_ready = False
No replay auxiliary loss computed: teacher_ready = False
No replay auxiliary loss computed: teacher_ready = False
No replay auxiliary loss computed: teacher_ready = False
No replay auxiliary loss computed: teacher_ready = False
No replay auxiliary loss computed: teacher_ready = False
No replay auxiliary loss computed: teacher_ready = False
No positive cells found.
No positive cells found.
No positive cells found.
No positive cells found.
No positive cells found.
No positive cells found.
No positive cells found.
No positive cells found.
                   all        186      10109      0.452      0.161      0.182      0.106

      Epoch    GPU_mem   box_loss   cls_loss   dfl_lossreplay_loss  Instances       Size
No replay auxiliary loss computed: teacher_ready = False
No replay auxiliary loss computed: teacher_ready = False
No replay auxiliary loss computed: teacher_ready = False
No replay auxiliary loss computed: teacher_ready = False
No replay auxiliary loss computed: teacher_ready = False
No replay auxiliary loss computed: teacher_ready = False
No replay auxiliary loss computed: teacher_ready = False
No replay auxiliary loss computed: teacher_ready = False
No replay auxiliary loss computed: teacher_ready = False
No replay auxiliary loss computed: teacher_ready = False
No replay auxiliary loss computed: teacher_ready = False
No replay auxiliary loss computed: teacher_ready = False
No replay auxiliary loss computed: teacher_ready = False
No replay auxiliary loss computed: teacher_ready = False
No replay auxiliary loss computed: teacher_ready = False
No replay auxiliary loss computed: teacher_ready = False
No replay auxiliary loss computed: teacher_ready = False
No replay auxiliary loss computed: teacher_ready = False
No replay auxiliary loss computed: teacher_ready = False
No replay auxiliary loss computed: teacher_ready = False
No replay auxiliary loss computed: teacher_ready = False
No replay auxiliary loss computed: teacher_ready = False
No replay auxiliary loss computed: teacher_ready = False
No replay auxiliary loss computed: teacher_ready = False
No replay auxiliary loss computed: teacher_ready = False
No replay auxiliary loss computed: teacher_ready = False
No replay auxiliary loss computed: teacher_ready = False
No replay auxiliary loss computed: teacher_ready = False
No replay auxiliary loss computed: teacher_ready = False
No replay auxiliary loss computed: teacher_ready = False
No replay auxiliary loss computed: teacher_ready = False
No replay auxiliary loss computed: teacher_ready = False
No replay auxiliary loss computed: teacher_ready = False
No replay auxiliary loss computed: teacher_ready = False
No replay auxiliary loss computed: teacher_ready = False
No replay auxiliary loss computed: teacher_ready = False
No replay auxiliary loss computed: teacher_ready = False
No replay auxiliary loss computed: teacher_ready = False
No replay auxiliary loss computed: teacher_ready = False
No replay auxiliary loss computed: teacher_ready = False
No replay auxiliary loss computed: teacher_ready = False
No replay auxiliary loss computed: teacher_ready = False
No replay auxiliary loss computed: teacher_ready = False
No replay auxiliary loss computed: teacher_ready = False
No replay auxiliary loss computed: teacher_ready = False
No replay auxiliary loss computed: teacher_ready = False
No positive cells found.
No positive cells found.
No positive cells found.
No positive cells found.
No positive cells found.
No positive cells found.
No positive cells found.
No positive cells found.
                   all        186      10109      0.451      0.161      0.182      0.107

50 epochs completed in 0.203 hours.
Optimizer stripped from /home/ddwilde/scriptie/runs/dota_replay/stage2-replay/weights/last.pt, 19.1MB
Optimizer stripped from /home/ddwilde/scriptie/runs/dota_replay/stage2-replay/weights/best.pt, 19.1MB

Validating /home/ddwilde/scriptie/runs/dota_replay/stage2-replay/weights/best.pt...
EDNet 1.0 ✅ Python-3.10.4 ✅ torch-2.8.0+cu128 ✅CUDA:0 (NVIDIA A100-SXM4-40GB, 40441MiB)
ednet-s summary (fused): 394 layers, 9,296,048 parameters, 0 gradients
                   all        186      10109      0.451      0.162      0.182      0.107
         small-vehicle         89       5547          0          0          0          0
         large-vehicle         73       2810          0          0          0          0
                 plane         45       1720      0.804      0.648      0.726      0.426
            helicopter          5         32          1          0    0.00356    0.00173
Speed: 0.7ms preprocess, 2.3ms inference, 0.0ms loss, 0.1ms postprocess per image
Results saved to [1m/home/ddwilde/scriptie/runs/dota_replay/stage2-replay[0m
Training finished. Results saved in: /home/ddwilde/scriptie/runs/dota_replay/stage2-replay
EDNet 1.0 ✅ Python-3.10.4 ✅ torch-2.8.0+cu128 ✅CUDA:0 (NVIDIA A100-SXM4-40GB, 40441MiB)
[34m[1mengine/trainer: [0mtask=detect, mode=train, model=/home/ddwilde/scriptie/runs/dota_replay/stage2-replay/weights/best.pt, data=/home/ddwilde/scriptie/yaml/DOTA-stage3.yaml, epochs=50, time=None, patience=100, batch=4, imgsz=640, save=True, save_period=-1, cache=False, device=None, workers=8, project=/home/ddwilde/scriptie/runs/dota_replay, name=stage3-replay, exist_ok=False, pretrained=True, optimizer=auto, verbose=True, seed=0, deterministic=True, single_cls=False, rect=False, cos_lr=False, close_mosaic=10, resume=False, amp=True, fraction=1.0, profile=False, freeze=None, multi_scale=False, continual={'enable': False, 'batches': [], 'adapter_strategy': 'last', 'save_history': True}, replay={'enable': True, 'memory_dir': '/home/ddwilde/scriptie/datasets/memory/stage2', 'memory_ratio': 0.25}, kd={'enable': False, 'lambda_cls': 1.0, 'lambda_bbox': 1.0, 'top_k': 10, 'teacher_weights': None, 'teacher_nc': None, 'debug_batches': 10}, stage={'active_classes': [4], 'prev_classes': [0, 1, 2, 3]}, overlap_mask=True, mask_ratio=4, dropout=0.0, val=True, split=val, save_json=False, save_hybrid=False, conf=None, iou=0.7, max_det=300, half=False, dnn=False, plots=True, per_class_tb_interval=1, source=None, vid_stride=1, stream_buffer=False, visualize=False, augment=False, agnostic_nms=False, classes=None, retina_masks=False, embed=None, show=False, save_frames=False, save_txt=False, save_conf=False, save_crop=False, show_labels=True, show_conf=True, show_boxes=True, line_width=None, format=torchscript, keras=False, optimize=False, int8=False, dynamic=False, simplify=False, opset=None, workspace=4, nms=False, lr0=0.01, lrf=0.01, momentum=0.937, weight_decay=0.0005, warmup_epochs=3.0, warmup_momentum=0.8, warmup_bias_lr=0.1, box=7.5, cls=0.5, dfl=1.5, pose=12.0, kobj=1.0, label_smoothing=0.0, nbs=64, hsv_h=0.015, hsv_s=0.7, hsv_v=0.4, degrees=0.0, translate=0.1, scale=0.5, shear=0.0, perspective=0.0, flipud=0.0, fliplr=0.5, bgr=0.0, mosaic=1.0, mixup=0.0, copy_paste=0.0, auto_augment=randaugment, erasing=0.4, crop_fraction=1.0, cfg=None, tracker=botsort.yaml, save_dir=/home/ddwilde/scriptie/runs/dota_replay/stage3-replay
Overriding model.yaml nc=4 with nc=5

                   from  n    params  module                                       arguments                     
  0                  -1  1       928  ednet.nn.modules.conv.Conv                   [3, 32, 3, 2]                 
  1                  -1  1     18560  ednet.nn.modules.conv.Conv                   [32, 64, 3, 2]                
  2                  -1  1     29056  ednet.nn.modules.block.C2f                   [64, 64, 1, True]             
  3                  -1  1     73984  ednet.nn.modules.conv.Conv                   [64, 128, 3, 2]               
  4                  -1  2    197632  ednet.nn.modules.block.C2f                   [128, 128, 2, True]           
  5                  -1  1    295424  ednet.nn.modules.conv.Conv                   [128, 256, 3, 2]              
  6                  -1  2    420864  ednet.nn.modules.block.C2f_FCA               [256, 256, 2, True]           
  7                  -1  1   1180672  ednet.nn.modules.conv.Conv                   [256, 512, 3, 2]              
  8                  -1  1   1095680  ednet.nn.modules.block.C2f_FCA               [512, 512, 1, True]           
  9                  -1  1    656896  ednet.nn.modules.block.SPPF                  [512, 512, 5]                 
 10                  -1  1    990976  ednet.nn.modules.block.PSA                   [512, 512]                    
 11                  -1  1         0  torch.nn.modules.upsampling.Upsample         [None, 2, 'nearest']          
 12             [-1, 6]  1         0  ednet.nn.modules.conv.Concat                 [1]                           
 13                  -1  1    591360  ednet.nn.modules.block.C2f                   [768, 256, 1]                 
 14                  -1  1         0  torch.nn.modules.upsampling.Upsample         [None, 2, 'nearest']          
 15             [-1, 4]  1         0  ednet.nn.modules.conv.Concat                 [1]                           
 16                  -1  1    148224  ednet.nn.modules.block.C2f                   [384, 128, 1]                 
 17                  -1  1         0  torch.nn.modules.upsampling.Upsample         [None, 2, 'nearest']          
 18             [-1, 2]  1         0  ednet.nn.modules.conv.Concat                 [1]                           
 19                  -1  1     37248  ednet.nn.modules.block.C2f                   [192, 64, 1]                  
 20                  -1  1     36992  ednet.nn.modules.conv.Conv                   [64, 64, 3, 2]                
 21            [-1, 16]  1         0  ednet.nn.modules.conv.Concat                 [1]                           
 22                  -1  1    123648  ednet.nn.modules.block.C2f                   [192, 128, 1]                 
 23                  -1  1    147712  ednet.nn.modules.conv.Conv                   [128, 128, 3, 2]              
 24            [-1, 13]  1         0  ednet.nn.modules.conv.Concat                 [1]                           
 25                  -1  1    493056  ednet.nn.modules.block.C2f                   [384, 256, 1]                 
 26                  -1  1     68864  ednet.nn.modules.block.SCDown                [256, 256, 3, 2]              
 27             [-1, 9]  1         0  ednet.nn.modules.conv.Concat                 [1]                           
 28                  -1  1   1089536  ednet.nn.modules.block.C2fCIB                [768, 512, 1, True, True]     
 29    [19, 22, 25, 28]  1   1623224  ednet.nn.modules.head.v10Detect              [5, [64, 128, 256, 512]]      
ednet-s summary: 510 layers, 9,320,536 parameters, 9,320,520 gradients

Active classes for this stage: (4,)
Replay/previous classes for this stage: (0, 1, 2, 3)
Transferred 737/753 items from pretrained weights
Replay feature tapper initialized for detection head levels: ['P2', 'P3', 'P4']
[34m[1mTensorBoard: [0mStart with 'tensorboard --logdir /home/ddwilde/scriptie/runs/dota_replay/stage3-replay', view at http://localhost:6006/
Freezing layer 'model.29.dfl.conv.weight'
[34m[1mAMP: [0mrunning Automatic Mixed Precision (AMP) checks with YOLOv8n...
[34m[1mAMP: [0mchecks passed ✅
Plotting labels to /home/ddwilde/scriptie/runs/dota_replay/stage3-replay/labels.jpg... 
[34m[1moptimizer:[0m 'optimizer=auto' found, ignoring 'lr0=0.01' and 'momentum=0.937' and determining best 'optimizer', 'lr0' and 'momentum' automatically... 
[34m[1moptimizer:[0m AdamW(lr=0.001111, momentum=0.9) with parameter groups 117 weight(decay=0.0), 145 weight(decay=0.0005), 139 bias(decay=0.0)
Trainable params: 401 tensors (9320520 weights). Top trainable=[('model.7.conv.weight', 1179648), ('model.9.cv2.conv.weight', 524288), ('model.8.cv2.conv.weight', 393216), ('model.28.cv1.conv.weight', 393216), ('model.28.cv2.conv.weight', 393216), ('model.5.conv.weight', 294912), ('model.29.cv2.3.0.conv.weight', 294912), ('model.29.one2one_cv2.3.0.conv.weight', 294912), ('model.8.cv1.conv.weight', 262144), ('model.10.cv1.conv.weight', 262144), ('model.10.cv2.conv.weight', 262144), ('model.13.cv1.conv.weight', 196608), ('model.13.m.0.cv1.conv.weight', 147456), ('model.13.m.0.cv2.conv.weight', 147456), ('model.23.conv.weight', 147456), ('model.25.m.0.cv1.conv.weight', 147456), ('model.25.m.0.cv2.conv.weight', 147456), ('model.29.cv2.2.0.conv.weight', 147456), ('model.29.one2one_cv2.2.0.conv.weight', 147456), ('model.6.cv2.conv.weight', 131072)]
Limiting positives to classes (4,)
Replay targets limited to previous classes (0, 1, 2, 3)
Limiting positives to classes (4,)
Replay targets limited to previous classes (0, 1, 2, 3)
Memory replay enabled from /home/ddwilde/scriptie/datasets/memory/stage2/images with batch size 1 (25.0% of primary batch).
[34m[1mTensorBoard: [0mmodel graph visualization added ✅
Image sizes 640 train, 640 val
Using 8 dataloader workers
Logging results to [1m/home/ddwilde/scriptie/runs/dota_replay/stage3-replay[0m
Starting training for 50 epochs...

      Epoch    GPU_mem   box_loss   cls_loss   dfl_lossreplay_loss  Instances       Size
No replay auxiliary loss computed: teacher_ready = False
No replay auxiliary loss computed: teacher_ready = False
No replay auxiliary loss computed: teacher_ready = False
No replay auxiliary loss computed: teacher_ready = False
No replay auxiliary loss computed: teacher_ready = False
No replay auxiliary loss computed: teacher_ready = False
No replay auxiliary loss computed: teacher_ready = False
No replay auxiliary loss computed: teacher_ready = False
No replay auxiliary loss computed: teacher_ready = False
No replay auxiliary loss computed: teacher_ready = False
No replay auxiliary loss computed: teacher_ready = False
No replay auxiliary loss computed: teacher_ready = False
No replay auxiliary loss computed: teacher_ready = False
No replay auxiliary loss computed: teacher_ready = False
No replay auxiliary loss computed: teacher_ready = False
No replay auxiliary loss computed: teacher_ready = False
No replay auxiliary loss computed: teacher_ready = False
No replay auxiliary loss computed: teacher_ready = False
No replay auxiliary loss computed: teacher_ready = False
No replay auxiliary loss computed: teacher_ready = False
No replay auxiliary loss computed: teacher_ready = False
No replay auxiliary loss computed: teacher_ready = False
No replay auxiliary loss computed: teacher_ready = False
No replay auxiliary loss computed: teacher_ready = False
No replay auxiliary loss computed: teacher_ready = False
No replay auxiliary loss computed: teacher_ready = False
No replay auxiliary loss computed: teacher_ready = False
No replay auxiliary loss computed: teacher_ready = False
No replay auxiliary loss computed: teacher_ready = False
No replay auxiliary loss computed: teacher_ready = False
No replay auxiliary loss computed: teacher_ready = False
No replay auxiliary loss computed: teacher_ready = False
No replay auxiliary loss computed: teacher_ready = False
No replay auxiliary loss computed: teacher_ready = False
No replay auxiliary loss computed: teacher_ready = False
No replay auxiliary loss computed: teacher_ready = False
No replay auxiliary loss computed: teacher_ready = False
No replay auxiliary loss computed: teacher_ready = False
No replay auxiliary loss computed: teacher_ready = False
No replay auxiliary loss computed: teacher_ready = False
No replay auxiliary loss computed: teacher_ready = False
No replay auxiliary loss computed: teacher_ready = False
No replay auxiliary loss computed: teacher_ready = False
No replay auxiliary loss computed: teacher_ready = False
No replay auxiliary loss computed: teacher_ready = False
No replay auxiliary loss computed: teacher_ready = False
No replay auxiliary loss computed: teacher_ready = False
No replay auxiliary loss computed: teacher_ready = False
No replay auxiliary loss computed: teacher_ready = False
No replay auxiliary loss computed: teacher_ready = False
No replay auxiliary loss computed: teacher_ready = False
No replay auxiliary loss computed: teacher_ready = False
No replay auxiliary loss computed: teacher_ready = False
No replay auxiliary loss computed: teacher_ready = False
No replay auxiliary loss computed: teacher_ready = False
No replay auxiliary loss computed: teacher_ready = False
No replay auxiliary loss computed: teacher_ready = False
No replay auxiliary loss computed: teacher_ready = False
No replay auxiliary loss computed: teacher_ready = False
No replay auxiliary loss computed: teacher_ready = False
No replay auxiliary loss computed: teacher_ready = False
No replay auxiliary loss computed: teacher_ready = False
No replay auxiliary loss computed: teacher_ready = False
No replay auxiliary loss computed: teacher_ready = False
No replay auxiliary loss computed: teacher_ready = False
No replay auxiliary loss computed: teacher_ready = False
No replay auxiliary loss computed: teacher_ready = False
No replay auxiliary loss computed: teacher_ready = False
No replay auxiliary loss computed: teacher_ready = False
No replay auxiliary loss computed: teacher_ready = False
No replay auxiliary loss computed: teacher_ready = False
No replay auxiliary loss computed: teacher_ready = False
No replay auxiliary loss computed: teacher_ready = False
No replay auxiliary loss computed: teacher_ready = False
No replay auxiliary loss computed: teacher_ready = False
No replay auxiliary loss computed: teacher_ready = False
No replay auxiliary loss computed: teacher_ready = False
Limiting positives to classes (4,)
Replay targets limited to previous classes (0, 1, 2, 3)
Limiting positives to classes (4,)
Replay targets limited to previous classes (0, 1, 2, 3)
Replay tap config not set; GT-driven replay skipped for this batch.
Replay tap config not set; GT-driven replay skipped for this batch.
No positive cells found.
No positive cells found.
                   all        186      15849     0.0524      0.031     0.0352     0.0155

      Epoch    GPU_mem   box_loss   cls_loss   dfl_lossreplay_loss  Instances       Size
No replay auxiliary loss computed: teacher_ready = False
No replay auxiliary loss computed: teacher_ready = False
No replay auxiliary loss computed: teacher_ready = False
No replay auxiliary loss computed: teacher_ready = False
No replay auxiliary loss computed: teacher_ready = False
No replay auxiliary loss computed: teacher_ready = False
No replay auxiliary loss computed: teacher_ready = False
No replay auxiliary loss computed: teacher_ready = False
No replay auxiliary loss computed: teacher_ready = False
No replay auxiliary loss computed: teacher_ready = False
No replay auxiliary loss computed: teacher_ready = False
No replay auxiliary loss computed: teacher_ready = False
No replay auxiliary loss computed: teacher_ready = False
No replay auxiliary loss computed: teacher_ready = False
No replay auxiliary loss computed: teacher_ready = False
No replay auxiliary loss computed: teacher_ready = False
No replay auxiliary loss computed: teacher_ready = False
No replay auxiliary loss computed: teacher_ready = False
No replay auxiliary loss computed: teacher_ready = False
No replay auxiliary loss computed: teacher_ready = False
No replay auxiliary loss computed: teacher_ready = False
No replay auxiliary loss computed: teacher_ready = False
No replay auxiliary loss computed: teacher_ready = False
No replay auxiliary loss computed: teacher_ready = False
No replay auxiliary loss computed: teacher_ready = False
No replay auxiliary loss computed: teacher_ready = False
No replay auxiliary loss computed: teacher_ready = False
No replay auxiliary loss computed: teacher_ready = False
No replay auxiliary loss computed: teacher_ready = False
No replay auxiliary loss computed: teacher_ready = False
No replay auxiliary loss computed: teacher_ready = False
No replay auxiliary loss computed: teacher_ready = False
No replay auxiliary loss computed: teacher_ready = False
No replay auxiliary loss computed: teacher_ready = False
No replay auxiliary loss computed: teacher_ready = False
No replay auxiliary loss computed: teacher_ready = False
No replay auxiliary loss computed: teacher_ready = False
No replay auxiliary loss computed: teacher_ready = False
No replay auxiliary loss computed: teacher_ready = False
No replay auxiliary loss computed: teacher_ready = False
No replay auxiliary loss computed: teacher_ready = False
No replay auxiliary loss computed: teacher_ready = False
No replay auxiliary loss computed: teacher_ready = False
No replay auxiliary loss computed: teacher_ready = False
No replay auxiliary loss computed: teacher_ready = False
No replay auxiliary loss computed: teacher_ready = False
No replay auxiliary loss computed: teacher_ready = False
No replay auxiliary loss computed: teacher_ready = False
No replay auxiliary loss computed: teacher_ready = False
No replay auxiliary loss computed: teacher_ready = False
No replay auxiliary loss computed: teacher_ready = False
No replay auxiliary loss computed: teacher_ready = False
No replay auxiliary loss computed: teacher_ready = False
No replay auxiliary loss computed: teacher_ready = False
No replay auxiliary loss computed: teacher_ready = False
No replay auxiliary loss computed: teacher_ready = False
No replay auxiliary loss computed: teacher_ready = False
No replay auxiliary loss computed: teacher_ready = False
No replay auxiliary loss computed: teacher_ready = False
No replay auxiliary loss computed: teacher_ready = False
No replay auxiliary loss computed: teacher_ready = False
No replay auxiliary loss computed: teacher_ready = False
No replay auxiliary loss computed: teacher_ready = False
No replay auxiliary loss computed: teacher_ready = False
No replay auxiliary loss computed: teacher_ready = False
No replay auxiliary loss computed: teacher_ready = False
No replay auxiliary loss computed: teacher_ready = False
No replay auxiliary loss computed: teacher_ready = False
No replay auxiliary loss computed: teacher_ready = False
No replay auxiliary loss computed: teacher_ready = False
No replay auxiliary loss computed: teacher_ready = False
No replay auxiliary loss computed: teacher_ready = False
No replay auxiliary loss computed: teacher_ready = False
No replay auxiliary loss computed: teacher_ready = False
No replay auxiliary loss computed: teacher_ready = False
No replay auxiliary loss computed: teacher_ready = False
No replay auxiliary loss computed: teacher_ready = False
No positive cells found.
No positive cells found.
                   all        186      15849      0.872     0.0553     0.0475     0.0177

      Epoch    GPU_mem   box_loss   cls_loss   dfl_lossreplay_loss  Instances       Size
No replay auxiliary loss computed: teacher_ready = False
No replay auxiliary loss computed: teacher_ready = False
No replay auxiliary loss computed: teacher_ready = False
No replay auxiliary loss computed: teacher_ready = False
No replay auxiliary loss computed: teacher_ready = False
No replay auxiliary loss computed: teacher_ready = False
No replay auxiliary loss computed: teacher_ready = False
No replay auxiliary loss computed: teacher_ready = False
No replay auxiliary loss computed: teacher_ready = False
No replay auxiliary loss computed: teacher_ready = False
No replay auxiliary loss computed: teacher_ready = False
No replay auxiliary loss computed: teacher_ready = False
No replay auxiliary loss computed: teacher_ready = False
No replay auxiliary loss computed: teacher_ready = False
No replay auxiliary loss computed: teacher_ready = False
No replay auxiliary loss computed: teacher_ready = False
No replay auxiliary loss computed: teacher_ready = False
No replay auxiliary loss computed: teacher_ready = False
No replay auxiliary loss computed: teacher_ready = False
No replay auxiliary loss computed: teacher_ready = False
No replay auxiliary loss computed: teacher_ready = False
No replay auxiliary loss computed: teacher_ready = False
No replay auxiliary loss computed: teacher_ready = False
No replay auxiliary loss computed: teacher_ready = False
No replay auxiliary loss computed: teacher_ready = False
No replay auxiliary loss computed: teacher_ready = False
No replay auxiliary loss computed: teacher_ready = False
No replay auxiliary loss computed: teacher_ready = False
No replay auxiliary loss computed: teacher_ready = False
No replay auxiliary loss computed: teacher_ready = False
No replay auxiliary loss computed: teacher_ready = False
No replay auxiliary loss computed: teacher_ready = False
No replay auxiliary loss computed: teacher_ready = False
No replay auxiliary loss computed: teacher_ready = False
No replay auxiliary loss computed: teacher_ready = False
No replay auxiliary loss computed: teacher_ready = False
No replay auxiliary loss computed: teacher_ready = False
No replay auxiliary loss computed: teacher_ready = False
No replay auxiliary loss computed: teacher_ready = False
No replay auxiliary loss computed: teacher_ready = False
No replay auxiliary loss computed: teacher_ready = False
No replay auxiliary loss computed: teacher_ready = False
No replay auxiliary loss computed: teacher_ready = False
No replay auxiliary loss computed: teacher_ready = False
No replay auxiliary loss computed: teacher_ready = False
No replay auxiliary loss computed: teacher_ready = False
No replay auxiliary loss computed: teacher_ready = False
No replay auxiliary loss computed: teacher_ready = False
No replay auxiliary loss computed: teacher_ready = False
No replay auxiliary loss computed: teacher_ready = False
No replay auxiliary loss computed: teacher_ready = False
No replay auxiliary loss computed: teacher_ready = False
No replay auxiliary loss computed: teacher_ready = False
No replay auxiliary loss computed: teacher_ready = False
No replay auxiliary loss computed: teacher_ready = False
No replay auxiliary loss computed: teacher_ready = False
No replay auxiliary loss computed: teacher_ready = False
No replay auxiliary loss computed: teacher_ready = False
No replay auxiliary loss computed: teacher_ready = False
No replay auxiliary loss computed: teacher_ready = False
No replay auxiliary loss computed: teacher_ready = False
No replay auxiliary loss computed: teacher_ready = False
No replay auxiliary loss computed: teacher_ready = False
No replay auxiliary loss computed: teacher_ready = False
No replay auxiliary loss computed: teacher_ready = False
No replay auxiliary loss computed: teacher_ready = False
No replay auxiliary loss computed: teacher_ready = False
No replay auxiliary loss computed: teacher_ready = False
No replay auxiliary loss computed: teacher_ready = False
No replay auxiliary loss computed: teacher_ready = False
No replay auxiliary loss computed: teacher_ready = False
No replay auxiliary loss computed: teacher_ready = False
No replay auxiliary loss computed: teacher_ready = False
No replay auxiliary loss computed: teacher_ready = False
No replay auxiliary loss computed: teacher_ready = False
No replay auxiliary loss computed: teacher_ready = False
No replay auxiliary loss computed: teacher_ready = False
No positive cells found.
No positive cells found.
                   all        186      15849      0.908     0.0716     0.0651     0.0263

      Epoch    GPU_mem   box_loss   cls_loss   dfl_lossreplay_loss  Instances       Size
No replay auxiliary loss computed: teacher_ready = False
No replay auxiliary loss computed: teacher_ready = False
No replay auxiliary loss computed: teacher_ready = False
No replay auxiliary loss computed: teacher_ready = False
No replay auxiliary loss computed: teacher_ready = False
No replay auxiliary loss computed: teacher_ready = False
No replay auxiliary loss computed: teacher_ready = False
No replay auxiliary loss computed: teacher_ready = False
No replay auxiliary loss computed: teacher_ready = False
No replay auxiliary loss computed: teacher_ready = False
No replay auxiliary loss computed: teacher_ready = False
No replay auxiliary loss computed: teacher_ready = False
No replay auxiliary loss computed: teacher_ready = False
No replay auxiliary loss computed: teacher_ready = False
No replay auxiliary loss computed: teacher_ready = False
No replay auxiliary loss computed: teacher_ready = False
No replay auxiliary loss computed: teacher_ready = False
No replay auxiliary loss computed: teacher_ready = False
No replay auxiliary loss computed: teacher_ready = False
No replay auxiliary loss computed: teacher_ready = False
No replay auxiliary loss computed: teacher_ready = False
No replay auxiliary loss computed: teacher_ready = False
No replay auxiliary loss computed: teacher_ready = False
No replay auxiliary loss computed: teacher_ready = False
No replay auxiliary loss computed: teacher_ready = False
No replay auxiliary loss computed: teacher_ready = False
No replay auxiliary loss computed: teacher_ready = False
No replay auxiliary loss computed: teacher_ready = False
No replay auxiliary loss computed: teacher_ready = False
No replay auxiliary loss computed: teacher_ready = False
No replay auxiliary loss computed: teacher_ready = False
No replay auxiliary loss computed: teacher_ready = False
No replay auxiliary loss computed: teacher_ready = False
No replay auxiliary loss computed: teacher_ready = False
No replay auxiliary loss computed: teacher_ready = False
No replay auxiliary loss computed: teacher_ready = False
No replay auxiliary loss computed: teacher_ready = False
No replay auxiliary loss computed: teacher_ready = False
No replay auxiliary loss computed: teacher_ready = False
No replay auxiliary loss computed: teacher_ready = False
No replay auxiliary loss computed: teacher_ready = False
No replay auxiliary loss computed: teacher_ready = False
No replay auxiliary loss computed: teacher_ready = False
No replay auxiliary loss computed: teacher_ready = False
No replay auxiliary loss computed: teacher_ready = False
No replay auxiliary loss computed: teacher_ready = False
No replay auxiliary loss computed: teacher_ready = False
No replay auxiliary loss computed: teacher_ready = False
No replay auxiliary loss computed: teacher_ready = False
No replay auxiliary loss computed: teacher_ready = False
No replay auxiliary loss computed: teacher_ready = False
No replay auxiliary loss computed: teacher_ready = False
No replay auxiliary loss computed: teacher_ready = False
No replay auxiliary loss computed: teacher_ready = False
No replay auxiliary loss computed: teacher_ready = False
No replay auxiliary loss computed: teacher_ready = False
No replay auxiliary loss computed: teacher_ready = False
No replay auxiliary loss computed: teacher_ready = False
No replay auxiliary loss computed: teacher_ready = False
No replay auxiliary loss computed: teacher_ready = False
No replay auxiliary loss computed: teacher_ready = False
No replay auxiliary loss computed: teacher_ready = False
No replay auxiliary loss computed: teacher_ready = False
No replay auxiliary loss computed: teacher_ready = False
No replay auxiliary loss computed: teacher_ready = False
No replay auxiliary loss computed: teacher_ready = False
No replay auxiliary loss computed: teacher_ready = False
No replay auxiliary loss computed: teacher_ready = False
No replay auxiliary loss computed: teacher_ready = False
No replay auxiliary loss computed: teacher_ready = False
No replay auxiliary loss computed: teacher_ready = False
No replay auxiliary loss computed: teacher_ready = False
No replay auxiliary loss computed: teacher_ready = False
No replay auxiliary loss computed: teacher_ready = False
No replay auxiliary loss computed: teacher_ready = False
No replay auxiliary loss computed: teacher_ready = False
No replay auxiliary loss computed: teacher_ready = False
No positive cells found.
No positive cells found.
                   all        186      15849      0.897     0.0805     0.0647     0.0284

      Epoch    GPU_mem   box_loss   cls_loss   dfl_lossreplay_loss  Instances       Size
No replay auxiliary loss computed: teacher_ready = False
No replay auxiliary loss computed: teacher_ready = False
No replay auxiliary loss computed: teacher_ready = False
No replay auxiliary loss computed: teacher_ready = False
No replay auxiliary loss computed: teacher_ready = False
No replay auxiliary loss computed: teacher_ready = False
No replay auxiliary loss computed: teacher_ready = False
No replay auxiliary loss computed: teacher_ready = False
No replay auxiliary loss computed: teacher_ready = False
No replay auxiliary loss computed: teacher_ready = False
No replay auxiliary loss computed: teacher_ready = False
No replay auxiliary loss computed: teacher_ready = False
No replay auxiliary loss computed: teacher_ready = False
No replay auxiliary loss computed: teacher_ready = False
No replay auxiliary loss computed: teacher_ready = False
No replay auxiliary loss computed: teacher_ready = False
No replay auxiliary loss computed: teacher_ready = False
No replay auxiliary loss computed: teacher_ready = False
No replay auxiliary loss computed: teacher_ready = False
No replay auxiliary loss computed: teacher_ready = False
No replay auxiliary loss computed: teacher_ready = False
No replay auxiliary loss computed: teacher_ready = False
No replay auxiliary loss computed: teacher_ready = False
No replay auxiliary loss computed: teacher_ready = False
No replay auxiliary loss computed: teacher_ready = False
No replay auxiliary loss computed: teacher_ready = False
No replay auxiliary loss computed: teacher_ready = False
No replay auxiliary loss computed: teacher_ready = False
No replay auxiliary loss computed: teacher_ready = False
No replay auxiliary loss computed: teacher_ready = False
No replay auxiliary loss computed: teacher_ready = False
No replay auxiliary loss computed: teacher_ready = False
No replay auxiliary loss computed: teacher_ready = False
No replay auxiliary loss computed: teacher_ready = False
No replay auxiliary loss computed: teacher_ready = False
No replay auxiliary loss computed: teacher_ready = False
No replay auxiliary loss computed: teacher_ready = False
No replay auxiliary loss computed: teacher_ready = False
No replay auxiliary loss computed: teacher_ready = False
No replay auxiliary loss computed: teacher_ready = False
No replay auxiliary loss computed: teacher_ready = False
No replay auxiliary loss computed: teacher_ready = False
No replay auxiliary loss computed: teacher_ready = False
No replay auxiliary loss computed: teacher_ready = False
No replay auxiliary loss computed: teacher_ready = False
No replay auxiliary loss computed: teacher_ready = False
No replay auxiliary loss computed: teacher_ready = False
No replay auxiliary loss computed: teacher_ready = False
No replay auxiliary loss computed: teacher_ready = False
No replay auxiliary loss computed: teacher_ready = False
No replay auxiliary loss computed: teacher_ready = False
No replay auxiliary loss computed: teacher_ready = False
No replay auxiliary loss computed: teacher_ready = False
No replay auxiliary loss computed: teacher_ready = False
No replay auxiliary loss computed: teacher_ready = False
No replay auxiliary loss computed: teacher_ready = False
No replay auxiliary loss computed: teacher_ready = False
No replay auxiliary loss computed: teacher_ready = False
No replay auxiliary loss computed: teacher_ready = False
No replay auxiliary loss computed: teacher_ready = False
No replay auxiliary loss computed: teacher_ready = False
No replay auxiliary loss computed: teacher_ready = False
No replay auxiliary loss computed: teacher_ready = False
No replay auxiliary loss computed: teacher_ready = False
No replay auxiliary loss computed: teacher_ready = False
No replay auxiliary loss computed: teacher_ready = False
No replay auxiliary loss computed: teacher_ready = False
No replay auxiliary loss computed: teacher_ready = False
No replay auxiliary loss computed: teacher_ready = False
No replay auxiliary loss computed: teacher_ready = False
No replay auxiliary loss computed: teacher_ready = False
No replay auxiliary loss computed: teacher_ready = False
No replay auxiliary loss computed: teacher_ready = False
No replay auxiliary loss computed: teacher_ready = False
No replay auxiliary loss computed: teacher_ready = False
No replay auxiliary loss computed: teacher_ready = False
No replay auxiliary loss computed: teacher_ready = False
No positive cells found.
No positive cells found.
                   all        186      15849      0.903     0.0787     0.0644     0.0291

      Epoch    GPU_mem   box_loss   cls_loss   dfl_lossreplay_loss  Instances       Size
No replay auxiliary loss computed: teacher_ready = False
No replay auxiliary loss computed: teacher_ready = False
No replay auxiliary loss computed: teacher_ready = False
No replay auxiliary loss computed: teacher_ready = False
No replay auxiliary loss computed: teacher_ready = False
No replay auxiliary loss computed: teacher_ready = False
No replay auxiliary loss computed: teacher_ready = False
No replay auxiliary loss computed: teacher_ready = False
No replay auxiliary loss computed: teacher_ready = False
No replay auxiliary loss computed: teacher_ready = False
No replay auxiliary loss computed: teacher_ready = False
No replay auxiliary loss computed: teacher_ready = False
No replay auxiliary loss computed: teacher_ready = False
No replay auxiliary loss computed: teacher_ready = False
No replay auxiliary loss computed: teacher_ready = False
No replay auxiliary loss computed: teacher_ready = False
No replay auxiliary loss computed: teacher_ready = False
No replay auxiliary loss computed: teacher_ready = False
No replay auxiliary loss computed: teacher_ready = False
No replay auxiliary loss computed: teacher_ready = False
No replay auxiliary loss computed: teacher_ready = False
No replay auxiliary loss computed: teacher_ready = False
No replay auxiliary loss computed: teacher_ready = False
No replay auxiliary loss computed: teacher_ready = False
No replay auxiliary loss computed: teacher_ready = False
No replay auxiliary loss computed: teacher_ready = False
No replay auxiliary loss computed: teacher_ready = False
No replay auxiliary loss computed: teacher_ready = False
No replay auxiliary loss computed: teacher_ready = False
No replay auxiliary loss computed: teacher_ready = False
No replay auxiliary loss computed: teacher_ready = False
No replay auxiliary loss computed: teacher_ready = False
No replay auxiliary loss computed: teacher_ready = False
No replay auxiliary loss computed: teacher_ready = False
No replay auxiliary loss computed: teacher_ready = False
No replay auxiliary loss computed: teacher_ready = False
No replay auxiliary loss computed: teacher_ready = False
No replay auxiliary loss computed: teacher_ready = False
No replay auxiliary loss computed: teacher_ready = False
No replay auxiliary loss computed: teacher_ready = False
No replay auxiliary loss computed: teacher_ready = False
No replay auxiliary loss computed: teacher_ready = False
No replay auxiliary loss computed: teacher_ready = False
No replay auxiliary loss computed: teacher_ready = False
No replay auxiliary loss computed: teacher_ready = False
No replay auxiliary loss computed: teacher_ready = False
No replay auxiliary loss computed: teacher_ready = False
No replay auxiliary loss computed: teacher_ready = False
No replay auxiliary loss computed: teacher_ready = False
No replay auxiliary loss computed: teacher_ready = False
No replay auxiliary loss computed: teacher_ready = False
No replay auxiliary loss computed: teacher_ready = False
No replay auxiliary loss computed: teacher_ready = False
No replay auxiliary loss computed: teacher_ready = False
No replay auxiliary loss computed: teacher_ready = False
No replay auxiliary loss computed: teacher_ready = False
No replay auxiliary loss computed: teacher_ready = False
No replay auxiliary loss computed: teacher_ready = False
No replay auxiliary loss computed: teacher_ready = False
No replay auxiliary loss computed: teacher_ready = False
No replay auxiliary loss computed: teacher_ready = False
No replay auxiliary loss computed: teacher_ready = False
No replay auxiliary loss computed: teacher_ready = False
No replay auxiliary loss computed: teacher_ready = False
No replay auxiliary loss computed: teacher_ready = False
No replay auxiliary loss computed: teacher_ready = False
No replay auxiliary loss computed: teacher_ready = False
No replay auxiliary loss computed: teacher_ready = False
No replay auxiliary loss computed: teacher_ready = False
No replay auxiliary loss computed: teacher_ready = False
No replay auxiliary loss computed: teacher_ready = False
No replay auxiliary loss computed: teacher_ready = False
No replay auxiliary loss computed: teacher_ready = False
No replay auxiliary loss computed: teacher_ready = False
No replay auxiliary loss computed: teacher_ready = False
No replay auxiliary loss computed: teacher_ready = False
No replay auxiliary loss computed: teacher_ready = False
No positive cells found.
No positive cells found.
                   all        186      15849      0.937     0.0809      0.087     0.0372

      Epoch    GPU_mem   box_loss   cls_loss   dfl_lossreplay_loss  Instances       Size
No replay auxiliary loss computed: teacher_ready = False
No replay auxiliary loss computed: teacher_ready = False
No replay auxiliary loss computed: teacher_ready = False
No replay auxiliary loss computed: teacher_ready = False
No replay auxiliary loss computed: teacher_ready = False
No replay auxiliary loss computed: teacher_ready = False
No replay auxiliary loss computed: teacher_ready = False
No replay auxiliary loss computed: teacher_ready = False
No replay auxiliary loss computed: teacher_ready = False
No replay auxiliary loss computed: teacher_ready = False
No replay auxiliary loss computed: teacher_ready = False
No replay auxiliary loss computed: teacher_ready = False
No replay auxiliary loss computed: teacher_ready = False
No replay auxiliary loss computed: teacher_ready = False
No replay auxiliary loss computed: teacher_ready = False
No replay auxiliary loss computed: teacher_ready = False
No replay auxiliary loss computed: teacher_ready = False
No replay auxiliary loss computed: teacher_ready = False
No replay auxiliary loss computed: teacher_ready = False
No replay auxiliary loss computed: teacher_ready = False
No replay auxiliary loss computed: teacher_ready = False
No replay auxiliary loss computed: teacher_ready = False
No replay auxiliary loss computed: teacher_ready = False
No replay auxiliary loss computed: teacher_ready = False
No replay auxiliary loss computed: teacher_ready = False
No replay auxiliary loss computed: teacher_ready = False
No replay auxiliary loss computed: teacher_ready = False
No replay auxiliary loss computed: teacher_ready = False
No replay auxiliary loss computed: teacher_ready = False
No replay auxiliary loss computed: teacher_ready = False
No replay auxiliary loss computed: teacher_ready = False
No replay auxiliary loss computed: teacher_ready = False
No replay auxiliary loss computed: teacher_ready = False
No replay auxiliary loss computed: teacher_ready = False
No replay auxiliary loss computed: teacher_ready = False
No replay auxiliary loss computed: teacher_ready = False
No replay auxiliary loss computed: teacher_ready = False
No replay auxiliary loss computed: teacher_ready = False
No replay auxiliary loss computed: teacher_ready = False
No replay auxiliary loss computed: teacher_ready = False
No replay auxiliary loss computed: teacher_ready = False
No replay auxiliary loss computed: teacher_ready = False
No replay auxiliary loss computed: teacher_ready = False
No replay auxiliary loss computed: teacher_ready = False
No replay auxiliary loss computed: teacher_ready = False
No replay auxiliary loss computed: teacher_ready = False
No replay auxiliary loss computed: teacher_ready = False
No replay auxiliary loss computed: teacher_ready = False
No replay auxiliary loss computed: teacher_ready = False
No replay auxiliary loss computed: teacher_ready = False
No replay auxiliary loss computed: teacher_ready = False
No replay auxiliary loss computed: teacher_ready = False
No replay auxiliary loss computed: teacher_ready = False
No replay auxiliary loss computed: teacher_ready = False
No replay auxiliary loss computed: teacher_ready = False
No replay auxiliary loss computed: teacher_ready = False
No replay auxiliary loss computed: teacher_ready = False
No replay auxiliary loss computed: teacher_ready = False
No replay auxiliary loss computed: teacher_ready = False
No replay auxiliary loss computed: teacher_ready = False
No replay auxiliary loss computed: teacher_ready = False
No replay auxiliary loss computed: teacher_ready = False
No replay auxiliary loss computed: teacher_ready = False
No replay auxiliary loss computed: teacher_ready = False
No replay auxiliary loss computed: teacher_ready = False
No replay auxiliary loss computed: teacher_ready = False
No replay auxiliary loss computed: teacher_ready = False
No replay auxiliary loss computed: teacher_ready = False
No replay auxiliary loss computed: teacher_ready = False
No replay auxiliary loss computed: teacher_ready = False
No replay auxiliary loss computed: teacher_ready = False
No replay auxiliary loss computed: teacher_ready = False
No replay auxiliary loss computed: teacher_ready = False
No replay auxiliary loss computed: teacher_ready = False
No replay auxiliary loss computed: teacher_ready = False
No replay auxiliary loss computed: teacher_ready = False
No replay auxiliary loss computed: teacher_ready = False
No positive cells found.
No positive cells found.
                   all        186      15849      0.939     0.0888     0.0951     0.0436

      Epoch    GPU_mem   box_loss   cls_loss   dfl_lossreplay_loss  Instances       Size
No replay auxiliary loss computed: teacher_ready = False
No replay auxiliary loss computed: teacher_ready = False
No replay auxiliary loss computed: teacher_ready = False
No replay auxiliary loss computed: teacher_ready = False
No replay auxiliary loss computed: teacher_ready = False
No replay auxiliary loss computed: teacher_ready = False
No replay auxiliary loss computed: teacher_ready = False
No replay auxiliary loss computed: teacher_ready = False
No replay auxiliary loss computed: teacher_ready = False
No replay auxiliary loss computed: teacher_ready = False
No replay auxiliary loss computed: teacher_ready = False
No replay auxiliary loss computed: teacher_ready = False
No replay auxiliary loss computed: teacher_ready = False
No replay auxiliary loss computed: teacher_ready = False
No replay auxiliary loss computed: teacher_ready = False
No replay auxiliary loss computed: teacher_ready = False
No replay auxiliary loss computed: teacher_ready = False
No replay auxiliary loss computed: teacher_ready = False
No replay auxiliary loss computed: teacher_ready = False
No replay auxiliary loss computed: teacher_ready = False
No replay auxiliary loss computed: teacher_ready = False
No replay auxiliary loss computed: teacher_ready = False
No replay auxiliary loss computed: teacher_ready = False
No replay auxiliary loss computed: teacher_ready = False
No replay auxiliary loss computed: teacher_ready = False
No replay auxiliary loss computed: teacher_ready = False
No replay auxiliary loss computed: teacher_ready = False
No replay auxiliary loss computed: teacher_ready = False
No replay auxiliary loss computed: teacher_ready = False
No replay auxiliary loss computed: teacher_ready = False
No replay auxiliary loss computed: teacher_ready = False
No replay auxiliary loss computed: teacher_ready = False
No replay auxiliary loss computed: teacher_ready = False
No replay auxiliary loss computed: teacher_ready = False
No replay auxiliary loss computed: teacher_ready = False
No replay auxiliary loss computed: teacher_ready = False
No replay auxiliary loss computed: teacher_ready = False
No replay auxiliary loss computed: teacher_ready = False
No replay auxiliary loss computed: teacher_ready = False
No replay auxiliary loss computed: teacher_ready = False
No replay auxiliary loss computed: teacher_ready = False
No replay auxiliary loss computed: teacher_ready = False
No replay auxiliary loss computed: teacher_ready = False
No replay auxiliary loss computed: teacher_ready = False
No replay auxiliary loss computed: teacher_ready = False
No replay auxiliary loss computed: teacher_ready = False
No replay auxiliary loss computed: teacher_ready = False
No replay auxiliary loss computed: teacher_ready = False
No replay auxiliary loss computed: teacher_ready = False
No replay auxiliary loss computed: teacher_ready = False
No replay auxiliary loss computed: teacher_ready = False
No replay auxiliary loss computed: teacher_ready = False
No replay auxiliary loss computed: teacher_ready = False
No replay auxiliary loss computed: teacher_ready = False
No replay auxiliary loss computed: teacher_ready = False
No replay auxiliary loss computed: teacher_ready = False
No replay auxiliary loss computed: teacher_ready = False
No replay auxiliary loss computed: teacher_ready = False
No replay auxiliary loss computed: teacher_ready = False
No replay auxiliary loss computed: teacher_ready = False
No replay auxiliary loss computed: teacher_ready = False
No replay auxiliary loss computed: teacher_ready = False
No replay auxiliary loss computed: teacher_ready = False
No replay auxiliary loss computed: teacher_ready = False
No replay auxiliary loss computed: teacher_ready = False
No replay auxiliary loss computed: teacher_ready = False
No replay auxiliary loss computed: teacher_ready = False
No replay auxiliary loss computed: teacher_ready = False
No replay auxiliary loss computed: teacher_ready = False
No replay auxiliary loss computed: teacher_ready = False
No replay auxiliary loss computed: teacher_ready = False
No replay auxiliary loss computed: teacher_ready = False
No replay auxiliary loss computed: teacher_ready = False
No replay auxiliary loss computed: teacher_ready = False
No replay auxiliary loss computed: teacher_ready = False
No replay auxiliary loss computed: teacher_ready = False
No replay auxiliary loss computed: teacher_ready = False
No positive cells found.
No positive cells found.
                   all        186      15849      0.941     0.0901     0.0954     0.0422

      Epoch    GPU_mem   box_loss   cls_loss   dfl_lossreplay_loss  Instances       Size
No replay auxiliary loss computed: teacher_ready = False
No replay auxiliary loss computed: teacher_ready = False
No replay auxiliary loss computed: teacher_ready = False
No replay auxiliary loss computed: teacher_ready = False
No replay auxiliary loss computed: teacher_ready = False
No replay auxiliary loss computed: teacher_ready = False
No replay auxiliary loss computed: teacher_ready = False
No replay auxiliary loss computed: teacher_ready = False
No replay auxiliary loss computed: teacher_ready = False
No replay auxiliary loss computed: teacher_ready = False
No replay auxiliary loss computed: teacher_ready = False
No replay auxiliary loss computed: teacher_ready = False
No replay auxiliary loss computed: teacher_ready = False
No replay auxiliary loss computed: teacher_ready = False
No replay auxiliary loss computed: teacher_ready = False
No replay auxiliary loss computed: teacher_ready = False
No replay auxiliary loss computed: teacher_ready = False
No replay auxiliary loss computed: teacher_ready = False
No replay auxiliary loss computed: teacher_ready = False
No replay auxiliary loss computed: teacher_ready = False
No replay auxiliary loss computed: teacher_ready = False
No replay auxiliary loss computed: teacher_ready = False
No replay auxiliary loss computed: teacher_ready = False
No replay auxiliary loss computed: teacher_ready = False
No replay auxiliary loss computed: teacher_ready = False
No replay auxiliary loss computed: teacher_ready = False
No replay auxiliary loss computed: teacher_ready = False
No replay auxiliary loss computed: teacher_ready = False
No replay auxiliary loss computed: teacher_ready = False
No replay auxiliary loss computed: teacher_ready = False
No replay auxiliary loss computed: teacher_ready = False
No replay auxiliary loss computed: teacher_ready = False
No replay auxiliary loss computed: teacher_ready = False
No replay auxiliary loss computed: teacher_ready = False
No replay auxiliary loss computed: teacher_ready = False
No replay auxiliary loss computed: teacher_ready = False
No replay auxiliary loss computed: teacher_ready = False
No replay auxiliary loss computed: teacher_ready = False
No replay auxiliary loss computed: teacher_ready = False
No replay auxiliary loss computed: teacher_ready = False
No replay auxiliary loss computed: teacher_ready = False
No replay auxiliary loss computed: teacher_ready = False
No replay auxiliary loss computed: teacher_ready = False
No replay auxiliary loss computed: teacher_ready = False
No replay auxiliary loss computed: teacher_ready = False
No replay auxiliary loss computed: teacher_ready = False
No replay auxiliary loss computed: teacher_ready = False
No replay auxiliary loss computed: teacher_ready = False
No replay auxiliary loss computed: teacher_ready = False
No replay auxiliary loss computed: teacher_ready = False
No replay auxiliary loss computed: teacher_ready = False
No replay auxiliary loss computed: teacher_ready = False
No replay auxiliary loss computed: teacher_ready = False
No replay auxiliary loss computed: teacher_ready = False
No replay auxiliary loss computed: teacher_ready = False
No replay auxiliary loss computed: teacher_ready = False
No replay auxiliary loss computed: teacher_ready = False
No replay auxiliary loss computed: teacher_ready = False
No replay auxiliary loss computed: teacher_ready = False
No replay auxiliary loss computed: teacher_ready = False
No replay auxiliary loss computed: teacher_ready = False
No replay auxiliary loss computed: teacher_ready = False
No replay auxiliary loss computed: teacher_ready = False
No replay auxiliary loss computed: teacher_ready = False
No replay auxiliary loss computed: teacher_ready = False
No replay auxiliary loss computed: teacher_ready = False
No replay auxiliary loss computed: teacher_ready = False
No replay auxiliary loss computed: teacher_ready = False
No replay auxiliary loss computed: teacher_ready = False
No replay auxiliary loss computed: teacher_ready = False
No replay auxiliary loss computed: teacher_ready = False
No replay auxiliary loss computed: teacher_ready = False
No replay auxiliary loss computed: teacher_ready = False
No replay auxiliary loss computed: teacher_ready = False
No replay auxiliary loss computed: teacher_ready = False
No replay auxiliary loss computed: teacher_ready = False
No replay auxiliary loss computed: teacher_ready = False
No positive cells found.
No positive cells found.
                   all        186      15849      0.924     0.0912     0.0879     0.0413

      Epoch    GPU_mem   box_loss   cls_loss   dfl_lossreplay_loss  Instances       Size
No replay auxiliary loss computed: teacher_ready = False
No replay auxiliary loss computed: teacher_ready = False
No replay auxiliary loss computed: teacher_ready = False
No replay auxiliary loss computed: teacher_ready = False
No replay auxiliary loss computed: teacher_ready = False
No replay auxiliary loss computed: teacher_ready = False
No replay auxiliary loss computed: teacher_ready = False
No replay auxiliary loss computed: teacher_ready = False
No replay auxiliary loss computed: teacher_ready = False
No replay auxiliary loss computed: teacher_ready = False
No replay auxiliary loss computed: teacher_ready = False
No replay auxiliary loss computed: teacher_ready = False
No replay auxiliary loss computed: teacher_ready = False
No replay auxiliary loss computed: teacher_ready = False
No replay auxiliary loss computed: teacher_ready = False
No replay auxiliary loss computed: teacher_ready = False
No replay auxiliary loss computed: teacher_ready = False
No replay auxiliary loss computed: teacher_ready = False
No replay auxiliary loss computed: teacher_ready = False
No replay auxiliary loss computed: teacher_ready = False
No replay auxiliary loss computed: teacher_ready = False
No replay auxiliary loss computed: teacher_ready = False
No replay auxiliary loss computed: teacher_ready = False
No replay auxiliary loss computed: teacher_ready = False
No replay auxiliary loss computed: teacher_ready = False
No replay auxiliary loss computed: teacher_ready = False
No replay auxiliary loss computed: teacher_ready = False
No replay auxiliary loss computed: teacher_ready = False
No replay auxiliary loss computed: teacher_ready = False
No replay auxiliary loss computed: teacher_ready = False
No replay auxiliary loss computed: teacher_ready = False
No replay auxiliary loss computed: teacher_ready = False
No replay auxiliary loss computed: teacher_ready = False
No replay auxiliary loss computed: teacher_ready = False
No replay auxiliary loss computed: teacher_ready = False
No replay auxiliary loss computed: teacher_ready = False
No replay auxiliary loss computed: teacher_ready = False
No replay auxiliary loss computed: teacher_ready = False
No replay auxiliary loss computed: teacher_ready = False
No replay auxiliary loss computed: teacher_ready = False
No replay auxiliary loss computed: teacher_ready = False
No replay auxiliary loss computed: teacher_ready = False
No replay auxiliary loss computed: teacher_ready = False
No replay auxiliary loss computed: teacher_ready = False
No replay auxiliary loss computed: teacher_ready = False
No replay auxiliary loss computed: teacher_ready = False
No replay auxiliary loss computed: teacher_ready = False
No replay auxiliary loss computed: teacher_ready = False
No replay auxiliary loss computed: teacher_ready = False
No replay auxiliary loss computed: teacher_ready = False
No replay auxiliary loss computed: teacher_ready = False
No replay auxiliary loss computed: teacher_ready = False
No replay auxiliary loss computed: teacher_ready = False
No replay auxiliary loss computed: teacher_ready = False
No replay auxiliary loss computed: teacher_ready = False
No replay auxiliary loss computed: teacher_ready = False
No replay auxiliary loss computed: teacher_ready = False
No replay auxiliary loss computed: teacher_ready = False
No replay auxiliary loss computed: teacher_ready = False
No replay auxiliary loss computed: teacher_ready = False
No replay auxiliary loss computed: teacher_ready = False
No replay auxiliary loss computed: teacher_ready = False
No replay auxiliary loss computed: teacher_ready = False
No replay auxiliary loss computed: teacher_ready = False
No replay auxiliary loss computed: teacher_ready = False
No replay auxiliary loss computed: teacher_ready = False
No replay auxiliary loss computed: teacher_ready = False
No replay auxiliary loss computed: teacher_ready = False
No replay auxiliary loss computed: teacher_ready = False
No replay auxiliary loss computed: teacher_ready = False
No replay auxiliary loss computed: teacher_ready = False
No replay auxiliary loss computed: teacher_ready = False
No replay auxiliary loss computed: teacher_ready = False
No replay auxiliary loss computed: teacher_ready = False
No replay auxiliary loss computed: teacher_ready = False
No replay auxiliary loss computed: teacher_ready = False
No replay auxiliary loss computed: teacher_ready = False
No positive cells found.
No positive cells found.
                   all        186      15849      0.937     0.0825      0.089      0.037

      Epoch    GPU_mem   box_loss   cls_loss   dfl_lossreplay_loss  Instances       Size
No replay auxiliary loss computed: teacher_ready = False
No replay auxiliary loss computed: teacher_ready = False
No replay auxiliary loss computed: teacher_ready = False
No replay auxiliary loss computed: teacher_ready = False
No replay auxiliary loss computed: teacher_ready = False
No replay auxiliary loss computed: teacher_ready = False
No replay auxiliary loss computed: teacher_ready = False
No replay auxiliary loss computed: teacher_ready = False
No replay auxiliary loss computed: teacher_ready = False
No replay auxiliary loss computed: teacher_ready = False
No replay auxiliary loss computed: teacher_ready = False
No replay auxiliary loss computed: teacher_ready = False
No replay auxiliary loss computed: teacher_ready = False
No replay auxiliary loss computed: teacher_ready = False
No replay auxiliary loss computed: teacher_ready = False
No replay auxiliary loss computed: teacher_ready = False
No replay auxiliary loss computed: teacher_ready = False
No replay auxiliary loss computed: teacher_ready = False
No replay auxiliary loss computed: teacher_ready = False
No replay auxiliary loss computed: teacher_ready = False
No replay auxiliary loss computed: teacher_ready = False
No replay auxiliary loss computed: teacher_ready = False
No replay auxiliary loss computed: teacher_ready = False
No replay auxiliary loss computed: teacher_ready = False
No replay auxiliary loss computed: teacher_ready = False
No replay auxiliary loss computed: teacher_ready = False
No replay auxiliary loss computed: teacher_ready = False
No replay auxiliary loss computed: teacher_ready = False
No replay auxiliary loss computed: teacher_ready = False
No replay auxiliary loss computed: teacher_ready = False
No replay auxiliary loss computed: teacher_ready = False
No replay auxiliary loss computed: teacher_ready = False
No replay auxiliary loss computed: teacher_ready = False
No replay auxiliary loss computed: teacher_ready = False
No replay auxiliary loss computed: teacher_ready = False
No replay auxiliary loss computed: teacher_ready = False
No replay auxiliary loss computed: teacher_ready = False
No replay auxiliary loss computed: teacher_ready = False
No replay auxiliary loss computed: teacher_ready = False
No replay auxiliary loss computed: teacher_ready = False
No replay auxiliary loss computed: teacher_ready = False
No replay auxiliary loss computed: teacher_ready = False
No replay auxiliary loss computed: teacher_ready = False
No replay auxiliary loss computed: teacher_ready = False
No replay auxiliary loss computed: teacher_ready = False
No replay auxiliary loss computed: teacher_ready = False
No replay auxiliary loss computed: teacher_ready = False
No replay auxiliary loss computed: teacher_ready = False
No replay auxiliary loss computed: teacher_ready = False
No replay auxiliary loss computed: teacher_ready = False
No replay auxiliary loss computed: teacher_ready = False
No replay auxiliary loss computed: teacher_ready = False
No replay auxiliary loss computed: teacher_ready = False
No replay auxiliary loss computed: teacher_ready = False
No replay auxiliary loss computed: teacher_ready = False
No replay auxiliary loss computed: teacher_ready = False
No replay auxiliary loss computed: teacher_ready = False
No replay auxiliary loss computed: teacher_ready = False
No replay auxiliary loss computed: teacher_ready = False
No replay auxiliary loss computed: teacher_ready = False
No replay auxiliary loss computed: teacher_ready = False
No replay auxiliary loss computed: teacher_ready = False
No replay auxiliary loss computed: teacher_ready = False
No replay auxiliary loss computed: teacher_ready = False
No replay auxiliary loss computed: teacher_ready = False
No replay auxiliary loss computed: teacher_ready = False
No replay auxiliary loss computed: teacher_ready = False
No replay auxiliary loss computed: teacher_ready = False
No replay auxiliary loss computed: teacher_ready = False
No replay auxiliary loss computed: teacher_ready = False
No replay auxiliary loss computed: teacher_ready = False
No replay auxiliary loss computed: teacher_ready = False
No replay auxiliary loss computed: teacher_ready = False
No replay auxiliary loss computed: teacher_ready = False
No replay auxiliary loss computed: teacher_ready = False
No replay auxiliary loss computed: teacher_ready = False
No replay auxiliary loss computed: teacher_ready = False
No positive cells found.
No positive cells found.
                   all        186      15849      0.744     0.0912     0.0968     0.0436

      Epoch    GPU_mem   box_loss   cls_loss   dfl_lossreplay_loss  Instances       Size
No replay auxiliary loss computed: teacher_ready = False
No replay auxiliary loss computed: teacher_ready = False
No replay auxiliary loss computed: teacher_ready = False
No replay auxiliary loss computed: teacher_ready = False
No replay auxiliary loss computed: teacher_ready = False
No replay auxiliary loss computed: teacher_ready = False
No replay auxiliary loss computed: teacher_ready = False
No replay auxiliary loss computed: teacher_ready = False
No replay auxiliary loss computed: teacher_ready = False
No replay auxiliary loss computed: teacher_ready = False
No replay auxiliary loss computed: teacher_ready = False
No replay auxiliary loss computed: teacher_ready = False
No replay auxiliary loss computed: teacher_ready = False
No replay auxiliary loss computed: teacher_ready = False
No replay auxiliary loss computed: teacher_ready = False
No replay auxiliary loss computed: teacher_ready = False
No replay auxiliary loss computed: teacher_ready = False
No replay auxiliary loss computed: teacher_ready = False
No replay auxiliary loss computed: teacher_ready = False
No replay auxiliary loss computed: teacher_ready = False
No replay auxiliary loss computed: teacher_ready = False
No replay auxiliary loss computed: teacher_ready = False
No replay auxiliary loss computed: teacher_ready = False
No replay auxiliary loss computed: teacher_ready = False
No replay auxiliary loss computed: teacher_ready = False
No replay auxiliary loss computed: teacher_ready = False
No replay auxiliary loss computed: teacher_ready = False
No replay auxiliary loss computed: teacher_ready = False
No replay auxiliary loss computed: teacher_ready = False
No replay auxiliary loss computed: teacher_ready = False
No replay auxiliary loss computed: teacher_ready = False
No replay auxiliary loss computed: teacher_ready = False
No replay auxiliary loss computed: teacher_ready = False
No replay auxiliary loss computed: teacher_ready = False
No replay auxiliary loss computed: teacher_ready = False
No replay auxiliary loss computed: teacher_ready = False
No replay auxiliary loss computed: teacher_ready = False
No replay auxiliary loss computed: teacher_ready = False
No replay auxiliary loss computed: teacher_ready = False
No replay auxiliary loss computed: teacher_ready = False
No replay auxiliary loss computed: teacher_ready = False
No replay auxiliary loss computed: teacher_ready = False
No replay auxiliary loss computed: teacher_ready = False
No replay auxiliary loss computed: teacher_ready = False
No replay auxiliary loss computed: teacher_ready = False
No replay auxiliary loss computed: teacher_ready = False
No replay auxiliary loss computed: teacher_ready = False
No replay auxiliary loss computed: teacher_ready = False
No replay auxiliary loss computed: teacher_ready = False
No replay auxiliary loss computed: teacher_ready = False
No replay auxiliary loss computed: teacher_ready = False
No replay auxiliary loss computed: teacher_ready = False
No replay auxiliary loss computed: teacher_ready = False
No replay auxiliary loss computed: teacher_ready = False
No replay auxiliary loss computed: teacher_ready = False
No replay auxiliary loss computed: teacher_ready = False
No replay auxiliary loss computed: teacher_ready = False
No replay auxiliary loss computed: teacher_ready = False
No replay auxiliary loss computed: teacher_ready = False
No replay auxiliary loss computed: teacher_ready = False
No replay auxiliary loss computed: teacher_ready = False
No replay auxiliary loss computed: teacher_ready = False
No replay auxiliary loss computed: teacher_ready = False
No replay auxiliary loss computed: teacher_ready = False
No replay auxiliary loss computed: teacher_ready = False
No replay auxiliary loss computed: teacher_ready = False
No replay auxiliary loss computed: teacher_ready = False
No replay auxiliary loss computed: teacher_ready = False
No replay auxiliary loss computed: teacher_ready = False
No replay auxiliary loss computed: teacher_ready = False
No replay auxiliary loss computed: teacher_ready = False
No replay auxiliary loss computed: teacher_ready = False
No replay auxiliary loss computed: teacher_ready = False
No replay auxiliary loss computed: teacher_ready = False
No replay auxiliary loss computed: teacher_ready = False
No replay auxiliary loss computed: teacher_ready = False
No replay auxiliary loss computed: teacher_ready = False
No positive cells found.
No positive cells found.
                   all        186      15849      0.728     0.0854     0.0873     0.0399

      Epoch    GPU_mem   box_loss   cls_loss   dfl_lossreplay_loss  Instances       Size
No replay auxiliary loss computed: teacher_ready = False
No replay auxiliary loss computed: teacher_ready = False
No replay auxiliary loss computed: teacher_ready = False
No replay auxiliary loss computed: teacher_ready = False
No replay auxiliary loss computed: teacher_ready = False
No replay auxiliary loss computed: teacher_ready = False
No replay auxiliary loss computed: teacher_ready = False
No replay auxiliary loss computed: teacher_ready = False
No replay auxiliary loss computed: teacher_ready = False
No replay auxiliary loss computed: teacher_ready = False
No replay auxiliary loss computed: teacher_ready = False
No replay auxiliary loss computed: teacher_ready = False
No replay auxiliary loss computed: teacher_ready = False
No replay auxiliary loss computed: teacher_ready = False
No replay auxiliary loss computed: teacher_ready = False
No replay auxiliary loss computed: teacher_ready = False
No replay auxiliary loss computed: teacher_ready = False
No replay auxiliary loss computed: teacher_ready = False
No replay auxiliary loss computed: teacher_ready = False
No replay auxiliary loss computed: teacher_ready = False
No replay auxiliary loss computed: teacher_ready = False
No replay auxiliary loss computed: teacher_ready = False
No replay auxiliary loss computed: teacher_ready = False
No replay auxiliary loss computed: teacher_ready = False
No replay auxiliary loss computed: teacher_ready = False
No replay auxiliary loss computed: teacher_ready = False
No replay auxiliary loss computed: teacher_ready = False
No replay auxiliary loss computed: teacher_ready = False
No replay auxiliary loss computed: teacher_ready = False
No replay auxiliary loss computed: teacher_ready = False
No replay auxiliary loss computed: teacher_ready = False
No replay auxiliary loss computed: teacher_ready = False
No replay auxiliary loss computed: teacher_ready = False
No replay auxiliary loss computed: teacher_ready = False
No replay auxiliary loss computed: teacher_ready = False
No replay auxiliary loss computed: teacher_ready = False
No replay auxiliary loss computed: teacher_ready = False
No replay auxiliary loss computed: teacher_ready = False
No replay auxiliary loss computed: teacher_ready = False
No replay auxiliary loss computed: teacher_ready = False
No replay auxiliary loss computed: teacher_ready = False
No replay auxiliary loss computed: teacher_ready = False
No replay auxiliary loss computed: teacher_ready = False
No replay auxiliary loss computed: teacher_ready = False
No replay auxiliary loss computed: teacher_ready = False
No replay auxiliary loss computed: teacher_ready = False
No replay auxiliary loss computed: teacher_ready = False
No replay auxiliary loss computed: teacher_ready = False
No replay auxiliary loss computed: teacher_ready = False
No replay auxiliary loss computed: teacher_ready = False
No replay auxiliary loss computed: teacher_ready = False
No replay auxiliary loss computed: teacher_ready = False
No replay auxiliary loss computed: teacher_ready = False
No replay auxiliary loss computed: teacher_ready = False
No replay auxiliary loss computed: teacher_ready = False
No replay auxiliary loss computed: teacher_ready = False
No replay auxiliary loss computed: teacher_ready = False
No replay auxiliary loss computed: teacher_ready = False
No replay auxiliary loss computed: teacher_ready = False
No replay auxiliary loss computed: teacher_ready = False
No replay auxiliary loss computed: teacher_ready = False
No replay auxiliary loss computed: teacher_ready = False
No replay auxiliary loss computed: teacher_ready = False
No replay auxiliary loss computed: teacher_ready = False
No replay auxiliary loss computed: teacher_ready = False
No replay auxiliary loss computed: teacher_ready = False
No replay auxiliary loss computed: teacher_ready = False
No replay auxiliary loss computed: teacher_ready = False
No replay auxiliary loss computed: teacher_ready = False
No replay auxiliary loss computed: teacher_ready = False
No replay auxiliary loss computed: teacher_ready = False
No replay auxiliary loss computed: teacher_ready = False
No replay auxiliary loss computed: teacher_ready = False
No replay auxiliary loss computed: teacher_ready = False
No replay auxiliary loss computed: teacher_ready = False
No replay auxiliary loss computed: teacher_ready = False
No replay auxiliary loss computed: teacher_ready = False
No positive cells found.
No positive cells found.
                   all        186      15849      0.735     0.0792     0.0885     0.0395

      Epoch    GPU_mem   box_loss   cls_loss   dfl_lossreplay_loss  Instances       Size
No replay auxiliary loss computed: teacher_ready = False
No replay auxiliary loss computed: teacher_ready = False
No replay auxiliary loss computed: teacher_ready = False
No replay auxiliary loss computed: teacher_ready = False
No replay auxiliary loss computed: teacher_ready = False
No replay auxiliary loss computed: teacher_ready = False
No replay auxiliary loss computed: teacher_ready = False
No replay auxiliary loss computed: teacher_ready = False
No replay auxiliary loss computed: teacher_ready = False
No replay auxiliary loss computed: teacher_ready = False
No replay auxiliary loss computed: teacher_ready = False
No replay auxiliary loss computed: teacher_ready = False
No replay auxiliary loss computed: teacher_ready = False
No replay auxiliary loss computed: teacher_ready = False
No replay auxiliary loss computed: teacher_ready = False
No replay auxiliary loss computed: teacher_ready = False
No replay auxiliary loss computed: teacher_ready = False
No replay auxiliary loss computed: teacher_ready = False
No replay auxiliary loss computed: teacher_ready = False
No replay auxiliary loss computed: teacher_ready = False
No replay auxiliary loss computed: teacher_ready = False
No replay auxiliary loss computed: teacher_ready = False
No replay auxiliary loss computed: teacher_ready = False
No replay auxiliary loss computed: teacher_ready = False
No replay auxiliary loss computed: teacher_ready = False
No replay auxiliary loss computed: teacher_ready = False
No replay auxiliary loss computed: teacher_ready = False
No replay auxiliary loss computed: teacher_ready = False
No replay auxiliary loss computed: teacher_ready = False
No replay auxiliary loss computed: teacher_ready = False
No replay auxiliary loss computed: teacher_ready = False
No replay auxiliary loss computed: teacher_ready = False
No replay auxiliary loss computed: teacher_ready = False
No replay auxiliary loss computed: teacher_ready = False
No replay auxiliary loss computed: teacher_ready = False
No replay auxiliary loss computed: teacher_ready = False
No replay auxiliary loss computed: teacher_ready = False
No replay auxiliary loss computed: teacher_ready = False
No replay auxiliary loss computed: teacher_ready = False
No replay auxiliary loss computed: teacher_ready = False
No replay auxiliary loss computed: teacher_ready = False
No replay auxiliary loss computed: teacher_ready = False
No replay auxiliary loss computed: teacher_ready = False
No replay auxiliary loss computed: teacher_ready = False
No replay auxiliary loss computed: teacher_ready = False
No replay auxiliary loss computed: teacher_ready = False
No replay auxiliary loss computed: teacher_ready = False
No replay auxiliary loss computed: teacher_ready = False
No replay auxiliary loss computed: teacher_ready = False
No replay auxiliary loss computed: teacher_ready = False
No replay auxiliary loss computed: teacher_ready = False
No replay auxiliary loss computed: teacher_ready = False
No replay auxiliary loss computed: teacher_ready = False
No replay auxiliary loss computed: teacher_ready = False
No replay auxiliary loss computed: teacher_ready = False
No replay auxiliary loss computed: teacher_ready = False
No replay auxiliary loss computed: teacher_ready = False
No replay auxiliary loss computed: teacher_ready = False
No replay auxiliary loss computed: teacher_ready = False
No replay auxiliary loss computed: teacher_ready = False
No replay auxiliary loss computed: teacher_ready = False
No replay auxiliary loss computed: teacher_ready = False
No replay auxiliary loss computed: teacher_ready = False
No replay auxiliary loss computed: teacher_ready = False
No replay auxiliary loss computed: teacher_ready = False
No replay auxiliary loss computed: teacher_ready = False
No replay auxiliary loss computed: teacher_ready = False
No replay auxiliary loss computed: teacher_ready = False
No replay auxiliary loss computed: teacher_ready = False
No replay auxiliary loss computed: teacher_ready = False
No replay auxiliary loss computed: teacher_ready = False
No replay auxiliary loss computed: teacher_ready = False
No replay auxiliary loss computed: teacher_ready = False
No replay auxiliary loss computed: teacher_ready = False
No replay auxiliary loss computed: teacher_ready = False
No replay auxiliary loss computed: teacher_ready = False
No replay auxiliary loss computed: teacher_ready = False
No positive cells found.
No positive cells found.
                   all        186      15849      0.545     0.0907     0.0976      0.045

      Epoch    GPU_mem   box_loss   cls_loss   dfl_lossreplay_loss  Instances       Size
No replay auxiliary loss computed: teacher_ready = False
No replay auxiliary loss computed: teacher_ready = False
No replay auxiliary loss computed: teacher_ready = False
No replay auxiliary loss computed: teacher_ready = False
No replay auxiliary loss computed: teacher_ready = False
No replay auxiliary loss computed: teacher_ready = False
No replay auxiliary loss computed: teacher_ready = False
No replay auxiliary loss computed: teacher_ready = False
No replay auxiliary loss computed: teacher_ready = False
No replay auxiliary loss computed: teacher_ready = False
No replay auxiliary loss computed: teacher_ready = False
No replay auxiliary loss computed: teacher_ready = False
No replay auxiliary loss computed: teacher_ready = False
No replay auxiliary loss computed: teacher_ready = False
No replay auxiliary loss computed: teacher_ready = False
No replay auxiliary loss computed: teacher_ready = False
No replay auxiliary loss computed: teacher_ready = False
No replay auxiliary loss computed: teacher_ready = False
No replay auxiliary loss computed: teacher_ready = False
No replay auxiliary loss computed: teacher_ready = False
No replay auxiliary loss computed: teacher_ready = False
No replay auxiliary loss computed: teacher_ready = False
No replay auxiliary loss computed: teacher_ready = False
No replay auxiliary loss computed: teacher_ready = False
No replay auxiliary loss computed: teacher_ready = False
No replay auxiliary loss computed: teacher_ready = False
No replay auxiliary loss computed: teacher_ready = False
No replay auxiliary loss computed: teacher_ready = False
No replay auxiliary loss computed: teacher_ready = False
No replay auxiliary loss computed: teacher_ready = False
No replay auxiliary loss computed: teacher_ready = False
No replay auxiliary loss computed: teacher_ready = False
No replay auxiliary loss computed: teacher_ready = False
No replay auxiliary loss computed: teacher_ready = False
No replay auxiliary loss computed: teacher_ready = False
No replay auxiliary loss computed: teacher_ready = False
No replay auxiliary loss computed: teacher_ready = False
No replay auxiliary loss computed: teacher_ready = False
No replay auxiliary loss computed: teacher_ready = False
No replay auxiliary loss computed: teacher_ready = False
No replay auxiliary loss computed: teacher_ready = False
No replay auxiliary loss computed: teacher_ready = False
No replay auxiliary loss computed: teacher_ready = False
No replay auxiliary loss computed: teacher_ready = False
No replay auxiliary loss computed: teacher_ready = False
No replay auxiliary loss computed: teacher_ready = False
No replay auxiliary loss computed: teacher_ready = False
No replay auxiliary loss computed: teacher_ready = False
No replay auxiliary loss computed: teacher_ready = False
No replay auxiliary loss computed: teacher_ready = False
No replay auxiliary loss computed: teacher_ready = False
No replay auxiliary loss computed: teacher_ready = False
No replay auxiliary loss computed: teacher_ready = False
No replay auxiliary loss computed: teacher_ready = False
No replay auxiliary loss computed: teacher_ready = False
No replay auxiliary loss computed: teacher_ready = False
No replay auxiliary loss computed: teacher_ready = False
No replay auxiliary loss computed: teacher_ready = False
No replay auxiliary loss computed: teacher_ready = False
No replay auxiliary loss computed: teacher_ready = False
No replay auxiliary loss computed: teacher_ready = False
No replay auxiliary loss computed: teacher_ready = False
No replay auxiliary loss computed: teacher_ready = False
No replay auxiliary loss computed: teacher_ready = False
No replay auxiliary loss computed: teacher_ready = False
No replay auxiliary loss computed: teacher_ready = False
No replay auxiliary loss computed: teacher_ready = False
No replay auxiliary loss computed: teacher_ready = False
No replay auxiliary loss computed: teacher_ready = False
No replay auxiliary loss computed: teacher_ready = False
No replay auxiliary loss computed: teacher_ready = False
No replay auxiliary loss computed: teacher_ready = False
No replay auxiliary loss computed: teacher_ready = False
No replay auxiliary loss computed: teacher_ready = False
No replay auxiliary loss computed: teacher_ready = False
No replay auxiliary loss computed: teacher_ready = False
No replay auxiliary loss computed: teacher_ready = False
No positive cells found.
No positive cells found.
                   all        186      15849      0.516      0.071     0.0773     0.0343

      Epoch    GPU_mem   box_loss   cls_loss   dfl_lossreplay_loss  Instances       Size
No replay auxiliary loss computed: teacher_ready = False
No replay auxiliary loss computed: teacher_ready = False
No replay auxiliary loss computed: teacher_ready = False
No replay auxiliary loss computed: teacher_ready = False
No replay auxiliary loss computed: teacher_ready = False
No replay auxiliary loss computed: teacher_ready = False
No replay auxiliary loss computed: teacher_ready = False
No replay auxiliary loss computed: teacher_ready = False
No replay auxiliary loss computed: teacher_ready = False
No replay auxiliary loss computed: teacher_ready = False
No replay auxiliary loss computed: teacher_ready = False
No replay auxiliary loss computed: teacher_ready = False
No replay auxiliary loss computed: teacher_ready = False
No replay auxiliary loss computed: teacher_ready = False
No replay auxiliary loss computed: teacher_ready = False
No replay auxiliary loss computed: teacher_ready = False
No replay auxiliary loss computed: teacher_ready = False
No replay auxiliary loss computed: teacher_ready = False
No replay auxiliary loss computed: teacher_ready = False
No replay auxiliary loss computed: teacher_ready = False
No replay auxiliary loss computed: teacher_ready = False
No replay auxiliary loss computed: teacher_ready = False
No replay auxiliary loss computed: teacher_ready = False
No replay auxiliary loss computed: teacher_ready = False
No replay auxiliary loss computed: teacher_ready = False
No replay auxiliary loss computed: teacher_ready = False
No replay auxiliary loss computed: teacher_ready = False
No replay auxiliary loss computed: teacher_ready = False
No replay auxiliary loss computed: teacher_ready = False
No replay auxiliary loss computed: teacher_ready = False
No replay auxiliary loss computed: teacher_ready = False
No replay auxiliary loss computed: teacher_ready = False
No replay auxiliary loss computed: teacher_ready = False
No replay auxiliary loss computed: teacher_ready = False
No replay auxiliary loss computed: teacher_ready = False
No replay auxiliary loss computed: teacher_ready = False
No replay auxiliary loss computed: teacher_ready = False
No replay auxiliary loss computed: teacher_ready = False
No replay auxiliary loss computed: teacher_ready = False
No replay auxiliary loss computed: teacher_ready = False
No replay auxiliary loss computed: teacher_ready = False
No replay auxiliary loss computed: teacher_ready = False
No replay auxiliary loss computed: teacher_ready = False
No replay auxiliary loss computed: teacher_ready = False
No replay auxiliary loss computed: teacher_ready = False
No replay auxiliary loss computed: teacher_ready = False
No replay auxiliary loss computed: teacher_ready = False
No replay auxiliary loss computed: teacher_ready = False
No replay auxiliary loss computed: teacher_ready = False
No replay auxiliary loss computed: teacher_ready = False
No replay auxiliary loss computed: teacher_ready = False
No replay auxiliary loss computed: teacher_ready = False
No replay auxiliary loss computed: teacher_ready = False
No replay auxiliary loss computed: teacher_ready = False
No replay auxiliary loss computed: teacher_ready = False
No replay auxiliary loss computed: teacher_ready = False
No replay auxiliary loss computed: teacher_ready = False
No replay auxiliary loss computed: teacher_ready = False
No replay auxiliary loss computed: teacher_ready = False
No replay auxiliary loss computed: teacher_ready = False
No replay auxiliary loss computed: teacher_ready = False
No replay auxiliary loss computed: teacher_ready = False
No replay auxiliary loss computed: teacher_ready = False
No replay auxiliary loss computed: teacher_ready = False
No replay auxiliary loss computed: teacher_ready = False
No replay auxiliary loss computed: teacher_ready = False
No replay auxiliary loss computed: teacher_ready = False
No replay auxiliary loss computed: teacher_ready = False
No replay auxiliary loss computed: teacher_ready = False
No replay auxiliary loss computed: teacher_ready = False
No replay auxiliary loss computed: teacher_ready = False
No replay auxiliary loss computed: teacher_ready = False
No replay auxiliary loss computed: teacher_ready = False
No replay auxiliary loss computed: teacher_ready = False
No replay auxiliary loss computed: teacher_ready = False
No replay auxiliary loss computed: teacher_ready = False
No replay auxiliary loss computed: teacher_ready = False
No positive cells found.
No positive cells found.
                   all        186      15849      0.542      0.092     0.0968     0.0462

      Epoch    GPU_mem   box_loss   cls_loss   dfl_lossreplay_loss  Instances       Size
No replay auxiliary loss computed: teacher_ready = False
No replay auxiliary loss computed: teacher_ready = False
No replay auxiliary loss computed: teacher_ready = False
No replay auxiliary loss computed: teacher_ready = False
No replay auxiliary loss computed: teacher_ready = False
No replay auxiliary loss computed: teacher_ready = False
No replay auxiliary loss computed: teacher_ready = False
No replay auxiliary loss computed: teacher_ready = False
No replay auxiliary loss computed: teacher_ready = False
No replay auxiliary loss computed: teacher_ready = False
No replay auxiliary loss computed: teacher_ready = False
No replay auxiliary loss computed: teacher_ready = False
No replay auxiliary loss computed: teacher_ready = False
No replay auxiliary loss computed: teacher_ready = False
No replay auxiliary loss computed: teacher_ready = False
No replay auxiliary loss computed: teacher_ready = False
No replay auxiliary loss computed: teacher_ready = False
No replay auxiliary loss computed: teacher_ready = False
No replay auxiliary loss computed: teacher_ready = False
No replay auxiliary loss computed: teacher_ready = False
No replay auxiliary loss computed: teacher_ready = False
No replay auxiliary loss computed: teacher_ready = False
No replay auxiliary loss computed: teacher_ready = False
No replay auxiliary loss computed: teacher_ready = False
No replay auxiliary loss computed: teacher_ready = False
No replay auxiliary loss computed: teacher_ready = False
No replay auxiliary loss computed: teacher_ready = False
No replay auxiliary loss computed: teacher_ready = False
No replay auxiliary loss computed: teacher_ready = False
No replay auxiliary loss computed: teacher_ready = False
No replay auxiliary loss computed: teacher_ready = False
No replay auxiliary loss computed: teacher_ready = False
No replay auxiliary loss computed: teacher_ready = False
No replay auxiliary loss computed: teacher_ready = False
No replay auxiliary loss computed: teacher_ready = False
No replay auxiliary loss computed: teacher_ready = False
No replay auxiliary loss computed: teacher_ready = False
No replay auxiliary loss computed: teacher_ready = False
No replay auxiliary loss computed: teacher_ready = False
No replay auxiliary loss computed: teacher_ready = False
No replay auxiliary loss computed: teacher_ready = False
No replay auxiliary loss computed: teacher_ready = False
No replay auxiliary loss computed: teacher_ready = False
No replay auxiliary loss computed: teacher_ready = False
No replay auxiliary loss computed: teacher_ready = False
No replay auxiliary loss computed: teacher_ready = False
No replay auxiliary loss computed: teacher_ready = False
No replay auxiliary loss computed: teacher_ready = False
No replay auxiliary loss computed: teacher_ready = False
No replay auxiliary loss computed: teacher_ready = False
No replay auxiliary loss computed: teacher_ready = False
No replay auxiliary loss computed: teacher_ready = False
No replay auxiliary loss computed: teacher_ready = False
No replay auxiliary loss computed: teacher_ready = False
No replay auxiliary loss computed: teacher_ready = False
No replay auxiliary loss computed: teacher_ready = False
No replay auxiliary loss computed: teacher_ready = False
No replay auxiliary loss computed: teacher_ready = False
No replay auxiliary loss computed: teacher_ready = False
No replay auxiliary loss computed: teacher_ready = False
No replay auxiliary loss computed: teacher_ready = False
No replay auxiliary loss computed: teacher_ready = False
No replay auxiliary loss computed: teacher_ready = False
No replay auxiliary loss computed: teacher_ready = False
No replay auxiliary loss computed: teacher_ready = False
No replay auxiliary loss computed: teacher_ready = False
No replay auxiliary loss computed: teacher_ready = False
No replay auxiliary loss computed: teacher_ready = False
No replay auxiliary loss computed: teacher_ready = False
No replay auxiliary loss computed: teacher_ready = False
No replay auxiliary loss computed: teacher_ready = False
No replay auxiliary loss computed: teacher_ready = False
No replay auxiliary loss computed: teacher_ready = False
No replay auxiliary loss computed: teacher_ready = False
No replay auxiliary loss computed: teacher_ready = False
No replay auxiliary loss computed: teacher_ready = False
No replay auxiliary loss computed: teacher_ready = False
No positive cells found.
No positive cells found.
                   all        186      15849      0.348     0.0846     0.0955     0.0444

      Epoch    GPU_mem   box_loss   cls_loss   dfl_lossreplay_loss  Instances       Size
No replay auxiliary loss computed: teacher_ready = False
No replay auxiliary loss computed: teacher_ready = False
No replay auxiliary loss computed: teacher_ready = False
No replay auxiliary loss computed: teacher_ready = False
No replay auxiliary loss computed: teacher_ready = False
No replay auxiliary loss computed: teacher_ready = False
No replay auxiliary loss computed: teacher_ready = False
No replay auxiliary loss computed: teacher_ready = False
No replay auxiliary loss computed: teacher_ready = False
No replay auxiliary loss computed: teacher_ready = False
No replay auxiliary loss computed: teacher_ready = False
No replay auxiliary loss computed: teacher_ready = False
No replay auxiliary loss computed: teacher_ready = False
No replay auxiliary loss computed: teacher_ready = False
No replay auxiliary loss computed: teacher_ready = False
No replay auxiliary loss computed: teacher_ready = False
No replay auxiliary loss computed: teacher_ready = False
No replay auxiliary loss computed: teacher_ready = False
No replay auxiliary loss computed: teacher_ready = False
No replay auxiliary loss computed: teacher_ready = False
No replay auxiliary loss computed: teacher_ready = False
No replay auxiliary loss computed: teacher_ready = False
No replay auxiliary loss computed: teacher_ready = False
No replay auxiliary loss computed: teacher_ready = False
No replay auxiliary loss computed: teacher_ready = False
No replay auxiliary loss computed: teacher_ready = False
No replay auxiliary loss computed: teacher_ready = False
No replay auxiliary loss computed: teacher_ready = False
No replay auxiliary loss computed: teacher_ready = False
No replay auxiliary loss computed: teacher_ready = False
No replay auxiliary loss computed: teacher_ready = False
No replay auxiliary loss computed: teacher_ready = False
No replay auxiliary loss computed: teacher_ready = False
No replay auxiliary loss computed: teacher_ready = False
No replay auxiliary loss computed: teacher_ready = False
No replay auxiliary loss computed: teacher_ready = False
No replay auxiliary loss computed: teacher_ready = False
No replay auxiliary loss computed: teacher_ready = False
No replay auxiliary loss computed: teacher_ready = False
No replay auxiliary loss computed: teacher_ready = False
No replay auxiliary loss computed: teacher_ready = False
No replay auxiliary loss computed: teacher_ready = False
No replay auxiliary loss computed: teacher_ready = False
No replay auxiliary loss computed: teacher_ready = False
No replay auxiliary loss computed: teacher_ready = False
No replay auxiliary loss computed: teacher_ready = False
No replay auxiliary loss computed: teacher_ready = False
No replay auxiliary loss computed: teacher_ready = False
No replay auxiliary loss computed: teacher_ready = False
No replay auxiliary loss computed: teacher_ready = False
No replay auxiliary loss computed: teacher_ready = False
No replay auxiliary loss computed: teacher_ready = False
No replay auxiliary loss computed: teacher_ready = False
No replay auxiliary loss computed: teacher_ready = False
No replay auxiliary loss computed: teacher_ready = False
No replay auxiliary loss computed: teacher_ready = False
No replay auxiliary loss computed: teacher_ready = False
No replay auxiliary loss computed: teacher_ready = False
No replay auxiliary loss computed: teacher_ready = False
No replay auxiliary loss computed: teacher_ready = False
No replay auxiliary loss computed: teacher_ready = False
No replay auxiliary loss computed: teacher_ready = False
No replay auxiliary loss computed: teacher_ready = False
No replay auxiliary loss computed: teacher_ready = False
No replay auxiliary loss computed: teacher_ready = False
No replay auxiliary loss computed: teacher_ready = False
No replay auxiliary loss computed: teacher_ready = False
No replay auxiliary loss computed: teacher_ready = False
No replay auxiliary loss computed: teacher_ready = False
No replay auxiliary loss computed: teacher_ready = False
No replay auxiliary loss computed: teacher_ready = False
No replay auxiliary loss computed: teacher_ready = False
No replay auxiliary loss computed: teacher_ready = False
No replay auxiliary loss computed: teacher_ready = False
No replay auxiliary loss computed: teacher_ready = False
No replay auxiliary loss computed: teacher_ready = False
No replay auxiliary loss computed: teacher_ready = False
No positive cells found.
No positive cells found.
                   all        186      15849      0.523     0.0905      0.088     0.0415

      Epoch    GPU_mem   box_loss   cls_loss   dfl_lossreplay_loss  Instances       Size
No replay auxiliary loss computed: teacher_ready = False
No replay auxiliary loss computed: teacher_ready = False
No replay auxiliary loss computed: teacher_ready = False
No replay auxiliary loss computed: teacher_ready = False
No replay auxiliary loss computed: teacher_ready = False
No replay auxiliary loss computed: teacher_ready = False
No replay auxiliary loss computed: teacher_ready = False
No replay auxiliary loss computed: teacher_ready = False
No replay auxiliary loss computed: teacher_ready = False
No replay auxiliary loss computed: teacher_ready = False
No replay auxiliary loss computed: teacher_ready = False
No replay auxiliary loss computed: teacher_ready = False
No replay auxiliary loss computed: teacher_ready = False
No replay auxiliary loss computed: teacher_ready = False
No replay auxiliary loss computed: teacher_ready = False
No replay auxiliary loss computed: teacher_ready = False
No replay auxiliary loss computed: teacher_ready = False
No replay auxiliary loss computed: teacher_ready = False
No replay auxiliary loss computed: teacher_ready = False
No replay auxiliary loss computed: teacher_ready = False
No replay auxiliary loss computed: teacher_ready = False
No replay auxiliary loss computed: teacher_ready = False
No replay auxiliary loss computed: teacher_ready = False
No replay auxiliary loss computed: teacher_ready = False
No replay auxiliary loss computed: teacher_ready = False
No replay auxiliary loss computed: teacher_ready = False
No replay auxiliary loss computed: teacher_ready = False
No replay auxiliary loss computed: teacher_ready = False
No replay auxiliary loss computed: teacher_ready = False
No replay auxiliary loss computed: teacher_ready = False
No replay auxiliary loss computed: teacher_ready = False
No replay auxiliary loss computed: teacher_ready = False
No replay auxiliary loss computed: teacher_ready = False
No replay auxiliary loss computed: teacher_ready = False
No replay auxiliary loss computed: teacher_ready = False
No replay auxiliary loss computed: teacher_ready = False
No replay auxiliary loss computed: teacher_ready = False
No replay auxiliary loss computed: teacher_ready = False
No replay auxiliary loss computed: teacher_ready = False
No replay auxiliary loss computed: teacher_ready = False
No replay auxiliary loss computed: teacher_ready = False
No replay auxiliary loss computed: teacher_ready = False
No replay auxiliary loss computed: teacher_ready = False
No replay auxiliary loss computed: teacher_ready = False
No replay auxiliary loss computed: teacher_ready = False
No replay auxiliary loss computed: teacher_ready = False
No replay auxiliary loss computed: teacher_ready = False
No replay auxiliary loss computed: teacher_ready = False
No replay auxiliary loss computed: teacher_ready = False
No replay auxiliary loss computed: teacher_ready = False
No replay auxiliary loss computed: teacher_ready = False
No replay auxiliary loss computed: teacher_ready = False
No replay auxiliary loss computed: teacher_ready = False
No replay auxiliary loss computed: teacher_ready = False
No replay auxiliary loss computed: teacher_ready = False
No replay auxiliary loss computed: teacher_ready = False
No replay auxiliary loss computed: teacher_ready = False
No replay auxiliary loss computed: teacher_ready = False
No replay auxiliary loss computed: teacher_ready = False
No replay auxiliary loss computed: teacher_ready = False
No replay auxiliary loss computed: teacher_ready = False
No replay auxiliary loss computed: teacher_ready = False
No replay auxiliary loss computed: teacher_ready = False
No replay auxiliary loss computed: teacher_ready = False
No replay auxiliary loss computed: teacher_ready = False
No replay auxiliary loss computed: teacher_ready = False
No replay auxiliary loss computed: teacher_ready = False
No replay auxiliary loss computed: teacher_ready = False
No replay auxiliary loss computed: teacher_ready = False
No replay auxiliary loss computed: teacher_ready = False
No replay auxiliary loss computed: teacher_ready = False
No replay auxiliary loss computed: teacher_ready = False
No replay auxiliary loss computed: teacher_ready = False
No replay auxiliary loss computed: teacher_ready = False
No replay auxiliary loss computed: teacher_ready = False
No replay auxiliary loss computed: teacher_ready = False
No replay auxiliary loss computed: teacher_ready = False
No positive cells found.
No positive cells found.
                   all        186      15849      0.132     0.0916     0.0938     0.0464

      Epoch    GPU_mem   box_loss   cls_loss   dfl_lossreplay_loss  Instances       Size
No replay auxiliary loss computed: teacher_ready = False
No replay auxiliary loss computed: teacher_ready = False
No replay auxiliary loss computed: teacher_ready = False
No replay auxiliary loss computed: teacher_ready = False
No replay auxiliary loss computed: teacher_ready = False
No replay auxiliary loss computed: teacher_ready = False
No replay auxiliary loss computed: teacher_ready = False
No replay auxiliary loss computed: teacher_ready = False
No replay auxiliary loss computed: teacher_ready = False
No replay auxiliary loss computed: teacher_ready = False
No replay auxiliary loss computed: teacher_ready = False
No replay auxiliary loss computed: teacher_ready = False
No replay auxiliary loss computed: teacher_ready = False
No replay auxiliary loss computed: teacher_ready = False
No replay auxiliary loss computed: teacher_ready = False
No replay auxiliary loss computed: teacher_ready = False
No replay auxiliary loss computed: teacher_ready = False
No replay auxiliary loss computed: teacher_ready = False
No replay auxiliary loss computed: teacher_ready = False
No replay auxiliary loss computed: teacher_ready = False
No replay auxiliary loss computed: teacher_ready = False
No replay auxiliary loss computed: teacher_ready = False
No replay auxiliary loss computed: teacher_ready = False
No replay auxiliary loss computed: teacher_ready = False
No replay auxiliary loss computed: teacher_ready = False
No replay auxiliary loss computed: teacher_ready = False
No replay auxiliary loss computed: teacher_ready = False
No replay auxiliary loss computed: teacher_ready = False
No replay auxiliary loss computed: teacher_ready = False
No replay auxiliary loss computed: teacher_ready = False
No replay auxiliary loss computed: teacher_ready = False
No replay auxiliary loss computed: teacher_ready = False
No replay auxiliary loss computed: teacher_ready = False
No replay auxiliary loss computed: teacher_ready = False
No replay auxiliary loss computed: teacher_ready = False
No replay auxiliary loss computed: teacher_ready = False
No replay auxiliary loss computed: teacher_ready = False
No replay auxiliary loss computed: teacher_ready = False
No replay auxiliary loss computed: teacher_ready = False
No replay auxiliary loss computed: teacher_ready = False
No replay auxiliary loss computed: teacher_ready = False
No replay auxiliary loss computed: teacher_ready = False
No replay auxiliary loss computed: teacher_ready = False
No replay auxiliary loss computed: teacher_ready = False
No replay auxiliary loss computed: teacher_ready = False
No replay auxiliary loss computed: teacher_ready = False
No replay auxiliary loss computed: teacher_ready = False
No replay auxiliary loss computed: teacher_ready = False
No replay auxiliary loss computed: teacher_ready = False
No replay auxiliary loss computed: teacher_ready = False
No replay auxiliary loss computed: teacher_ready = False
No replay auxiliary loss computed: teacher_ready = False
No replay auxiliary loss computed: teacher_ready = False
No replay auxiliary loss computed: teacher_ready = False
No replay auxiliary loss computed: teacher_ready = False
No replay auxiliary loss computed: teacher_ready = False
No replay auxiliary loss computed: teacher_ready = False
No replay auxiliary loss computed: teacher_ready = False
No replay auxiliary loss computed: teacher_ready = False
No replay auxiliary loss computed: teacher_ready = False
No replay auxiliary loss computed: teacher_ready = False
No replay auxiliary loss computed: teacher_ready = False
No replay auxiliary loss computed: teacher_ready = False
No replay auxiliary loss computed: teacher_ready = False
No replay auxiliary loss computed: teacher_ready = False
No replay auxiliary loss computed: teacher_ready = False
No replay auxiliary loss computed: teacher_ready = False
No replay auxiliary loss computed: teacher_ready = False
No replay auxiliary loss computed: teacher_ready = False
No replay auxiliary loss computed: teacher_ready = False
No replay auxiliary loss computed: teacher_ready = False
No replay auxiliary loss computed: teacher_ready = False
No replay auxiliary loss computed: teacher_ready = False
No replay auxiliary loss computed: teacher_ready = False
No replay auxiliary loss computed: teacher_ready = False
No replay auxiliary loss computed: teacher_ready = False
No replay auxiliary loss computed: teacher_ready = False
No positive cells found.
No positive cells found.
                   all        186      15849      0.146      0.091     0.0982     0.0479

      Epoch    GPU_mem   box_loss   cls_loss   dfl_lossreplay_loss  Instances       Size
No replay auxiliary loss computed: teacher_ready = False
No replay auxiliary loss computed: teacher_ready = False
No replay auxiliary loss computed: teacher_ready = False
No replay auxiliary loss computed: teacher_ready = False
No replay auxiliary loss computed: teacher_ready = False
No replay auxiliary loss computed: teacher_ready = False
No replay auxiliary loss computed: teacher_ready = False
No replay auxiliary loss computed: teacher_ready = False
No replay auxiliary loss computed: teacher_ready = False
No replay auxiliary loss computed: teacher_ready = False
No replay auxiliary loss computed: teacher_ready = False
No replay auxiliary loss computed: teacher_ready = False
No replay auxiliary loss computed: teacher_ready = False
No replay auxiliary loss computed: teacher_ready = False
No replay auxiliary loss computed: teacher_ready = False
No replay auxiliary loss computed: teacher_ready = False
No replay auxiliary loss computed: teacher_ready = False
No replay auxiliary loss computed: teacher_ready = False
No replay auxiliary loss computed: teacher_ready = False
No replay auxiliary loss computed: teacher_ready = False
No replay auxiliary loss computed: teacher_ready = False
No replay auxiliary loss computed: teacher_ready = False
No replay auxiliary loss computed: teacher_ready = False
No replay auxiliary loss computed: teacher_ready = False
No replay auxiliary loss computed: teacher_ready = False
No replay auxiliary loss computed: teacher_ready = False
No replay auxiliary loss computed: teacher_ready = False
No replay auxiliary loss computed: teacher_ready = False
No replay auxiliary loss computed: teacher_ready = False
No replay auxiliary loss computed: teacher_ready = False
No replay auxiliary loss computed: teacher_ready = False
No replay auxiliary loss computed: teacher_ready = False
No replay auxiliary loss computed: teacher_ready = False
No replay auxiliary loss computed: teacher_ready = False
No replay auxiliary loss computed: teacher_ready = False
No replay auxiliary loss computed: teacher_ready = False
No replay auxiliary loss computed: teacher_ready = False
No replay auxiliary loss computed: teacher_ready = False
No replay auxiliary loss computed: teacher_ready = False
No replay auxiliary loss computed: teacher_ready = False
No replay auxiliary loss computed: teacher_ready = False
No replay auxiliary loss computed: teacher_ready = False
No replay auxiliary loss computed: teacher_ready = False
No replay auxiliary loss computed: teacher_ready = False
No replay auxiliary loss computed: teacher_ready = False
No replay auxiliary loss computed: teacher_ready = False
No replay auxiliary loss computed: teacher_ready = False
No replay auxiliary loss computed: teacher_ready = False
No replay auxiliary loss computed: teacher_ready = False
No replay auxiliary loss computed: teacher_ready = False
No replay auxiliary loss computed: teacher_ready = False
No replay auxiliary loss computed: teacher_ready = False
No replay auxiliary loss computed: teacher_ready = False
No replay auxiliary loss computed: teacher_ready = False
No replay auxiliary loss computed: teacher_ready = False
No replay auxiliary loss computed: teacher_ready = False
No replay auxiliary loss computed: teacher_ready = False
No replay auxiliary loss computed: teacher_ready = False
No replay auxiliary loss computed: teacher_ready = False
No replay auxiliary loss computed: teacher_ready = False
No replay auxiliary loss computed: teacher_ready = False
No replay auxiliary loss computed: teacher_ready = False
No replay auxiliary loss computed: teacher_ready = False
No replay auxiliary loss computed: teacher_ready = False
No replay auxiliary loss computed: teacher_ready = False
No replay auxiliary loss computed: teacher_ready = False
No replay auxiliary loss computed: teacher_ready = False
No replay auxiliary loss computed: teacher_ready = False
No replay auxiliary loss computed: teacher_ready = False
No replay auxiliary loss computed: teacher_ready = False
No replay auxiliary loss computed: teacher_ready = False
No replay auxiliary loss computed: teacher_ready = False
No replay auxiliary loss computed: teacher_ready = False
No replay auxiliary loss computed: teacher_ready = False
No replay auxiliary loss computed: teacher_ready = False
No replay auxiliary loss computed: teacher_ready = False
No replay auxiliary loss computed: teacher_ready = False
No positive cells found.
No positive cells found.
                   all        186      15849      0.347     0.0923     0.0991     0.0483

      Epoch    GPU_mem   box_loss   cls_loss   dfl_lossreplay_loss  Instances       Size
No replay auxiliary loss computed: teacher_ready = False
No replay auxiliary loss computed: teacher_ready = False
No replay auxiliary loss computed: teacher_ready = False
No replay auxiliary loss computed: teacher_ready = False
No replay auxiliary loss computed: teacher_ready = False
No replay auxiliary loss computed: teacher_ready = False
No replay auxiliary loss computed: teacher_ready = False
No replay auxiliary loss computed: teacher_ready = False
No replay auxiliary loss computed: teacher_ready = False
No replay auxiliary loss computed: teacher_ready = False
No replay auxiliary loss computed: teacher_ready = False
No replay auxiliary loss computed: teacher_ready = False
No replay auxiliary loss computed: teacher_ready = False
No replay auxiliary loss computed: teacher_ready = False
No replay auxiliary loss computed: teacher_ready = False
No replay auxiliary loss computed: teacher_ready = False
No replay auxiliary loss computed: teacher_ready = False
No replay auxiliary loss computed: teacher_ready = False
No replay auxiliary loss computed: teacher_ready = False
No replay auxiliary loss computed: teacher_ready = False
No replay auxiliary loss computed: teacher_ready = False
No replay auxiliary loss computed: teacher_ready = False
No replay auxiliary loss computed: teacher_ready = False
No replay auxiliary loss computed: teacher_ready = False
No replay auxiliary loss computed: teacher_ready = False
No replay auxiliary loss computed: teacher_ready = False
No replay auxiliary loss computed: teacher_ready = False
No replay auxiliary loss computed: teacher_ready = False
No replay auxiliary loss computed: teacher_ready = False
No replay auxiliary loss computed: teacher_ready = False
No replay auxiliary loss computed: teacher_ready = False
No replay auxiliary loss computed: teacher_ready = False
No replay auxiliary loss computed: teacher_ready = False
No replay auxiliary loss computed: teacher_ready = False
No replay auxiliary loss computed: teacher_ready = False
No replay auxiliary loss computed: teacher_ready = False
No replay auxiliary loss computed: teacher_ready = False
No replay auxiliary loss computed: teacher_ready = False
No replay auxiliary loss computed: teacher_ready = False
No replay auxiliary loss computed: teacher_ready = False
No replay auxiliary loss computed: teacher_ready = False
No replay auxiliary loss computed: teacher_ready = False
No replay auxiliary loss computed: teacher_ready = False
No replay auxiliary loss computed: teacher_ready = False
No replay auxiliary loss computed: teacher_ready = False
No replay auxiliary loss computed: teacher_ready = False
No replay auxiliary loss computed: teacher_ready = False
No replay auxiliary loss computed: teacher_ready = False
No replay auxiliary loss computed: teacher_ready = False
No replay auxiliary loss computed: teacher_ready = False
No replay auxiliary loss computed: teacher_ready = False
No replay auxiliary loss computed: teacher_ready = False
No replay auxiliary loss computed: teacher_ready = False
No replay auxiliary loss computed: teacher_ready = False
No replay auxiliary loss computed: teacher_ready = False
No replay auxiliary loss computed: teacher_ready = False
No replay auxiliary loss computed: teacher_ready = False
No replay auxiliary loss computed: teacher_ready = False
No replay auxiliary loss computed: teacher_ready = False
No replay auxiliary loss computed: teacher_ready = False
No replay auxiliary loss computed: teacher_ready = False
No replay auxiliary loss computed: teacher_ready = False
No replay auxiliary loss computed: teacher_ready = False
No replay auxiliary loss computed: teacher_ready = False
No replay auxiliary loss computed: teacher_ready = False
No replay auxiliary loss computed: teacher_ready = False
No replay auxiliary loss computed: teacher_ready = False
No replay auxiliary loss computed: teacher_ready = False
No replay auxiliary loss computed: teacher_ready = False
No replay auxiliary loss computed: teacher_ready = False
No replay auxiliary loss computed: teacher_ready = False
No replay auxiliary loss computed: teacher_ready = False
No replay auxiliary loss computed: teacher_ready = False
No replay auxiliary loss computed: teacher_ready = False
No replay auxiliary loss computed: teacher_ready = False
No replay auxiliary loss computed: teacher_ready = False
No replay auxiliary loss computed: teacher_ready = False
No positive cells found.
No positive cells found.
                   all        186      15849      0.144     0.0917      0.099     0.0498

      Epoch    GPU_mem   box_loss   cls_loss   dfl_lossreplay_loss  Instances       Size
No replay auxiliary loss computed: teacher_ready = False
No replay auxiliary loss computed: teacher_ready = False
No replay auxiliary loss computed: teacher_ready = False
No replay auxiliary loss computed: teacher_ready = False
No replay auxiliary loss computed: teacher_ready = False
No replay auxiliary loss computed: teacher_ready = False
No replay auxiliary loss computed: teacher_ready = False
No replay auxiliary loss computed: teacher_ready = False
No replay auxiliary loss computed: teacher_ready = False
No replay auxiliary loss computed: teacher_ready = False
No replay auxiliary loss computed: teacher_ready = False
No replay auxiliary loss computed: teacher_ready = False
No replay auxiliary loss computed: teacher_ready = False
No replay auxiliary loss computed: teacher_ready = False
No replay auxiliary loss computed: teacher_ready = False
No replay auxiliary loss computed: teacher_ready = False
No replay auxiliary loss computed: teacher_ready = False
No replay auxiliary loss computed: teacher_ready = False
No replay auxiliary loss computed: teacher_ready = False
No replay auxiliary loss computed: teacher_ready = False
No replay auxiliary loss computed: teacher_ready = False
No replay auxiliary loss computed: teacher_ready = False
No replay auxiliary loss computed: teacher_ready = False
No replay auxiliary loss computed: teacher_ready = False
No replay auxiliary loss computed: teacher_ready = False
No replay auxiliary loss computed: teacher_ready = False
No replay auxiliary loss computed: teacher_ready = False
No replay auxiliary loss computed: teacher_ready = False
No replay auxiliary loss computed: teacher_ready = False
No replay auxiliary loss computed: teacher_ready = False
No replay auxiliary loss computed: teacher_ready = False
No replay auxiliary loss computed: teacher_ready = False
No replay auxiliary loss computed: teacher_ready = False
No replay auxiliary loss computed: teacher_ready = False
No replay auxiliary loss computed: teacher_ready = False
No replay auxiliary loss computed: teacher_ready = False
No replay auxiliary loss computed: teacher_ready = False
No replay auxiliary loss computed: teacher_ready = False
No replay auxiliary loss computed: teacher_ready = False
No replay auxiliary loss computed: teacher_ready = False
No replay auxiliary loss computed: teacher_ready = False
No replay auxiliary loss computed: teacher_ready = False
No replay auxiliary loss computed: teacher_ready = False
No replay auxiliary loss computed: teacher_ready = False
No replay auxiliary loss computed: teacher_ready = False
No replay auxiliary loss computed: teacher_ready = False
No replay auxiliary loss computed: teacher_ready = False
No replay auxiliary loss computed: teacher_ready = False
No replay auxiliary loss computed: teacher_ready = False
No replay auxiliary loss computed: teacher_ready = False
No replay auxiliary loss computed: teacher_ready = False
No replay auxiliary loss computed: teacher_ready = False
No replay auxiliary loss computed: teacher_ready = False
No replay auxiliary loss computed: teacher_ready = False
No replay auxiliary loss computed: teacher_ready = False
No replay auxiliary loss computed: teacher_ready = False
No replay auxiliary loss computed: teacher_ready = False
No replay auxiliary loss computed: teacher_ready = False
No replay auxiliary loss computed: teacher_ready = False
No replay auxiliary loss computed: teacher_ready = False
No replay auxiliary loss computed: teacher_ready = False
No replay auxiliary loss computed: teacher_ready = False
No replay auxiliary loss computed: teacher_ready = False
No replay auxiliary loss computed: teacher_ready = False
No replay auxiliary loss computed: teacher_ready = False
No replay auxiliary loss computed: teacher_ready = False
No replay auxiliary loss computed: teacher_ready = False
No replay auxiliary loss computed: teacher_ready = False
No replay auxiliary loss computed: teacher_ready = False
No replay auxiliary loss computed: teacher_ready = False
No replay auxiliary loss computed: teacher_ready = False
No replay auxiliary loss computed: teacher_ready = False
No replay auxiliary loss computed: teacher_ready = False
No replay auxiliary loss computed: teacher_ready = False
No replay auxiliary loss computed: teacher_ready = False
No replay auxiliary loss computed: teacher_ready = False
No replay auxiliary loss computed: teacher_ready = False
No positive cells found.
No positive cells found.
                   all        186      15849      0.152     0.0857     0.0972     0.0473

      Epoch    GPU_mem   box_loss   cls_loss   dfl_lossreplay_loss  Instances       Size
No replay auxiliary loss computed: teacher_ready = False
No replay auxiliary loss computed: teacher_ready = False
No replay auxiliary loss computed: teacher_ready = False
No replay auxiliary loss computed: teacher_ready = False
No replay auxiliary loss computed: teacher_ready = False
No replay auxiliary loss computed: teacher_ready = False
No replay auxiliary loss computed: teacher_ready = False
No replay auxiliary loss computed: teacher_ready = False
No replay auxiliary loss computed: teacher_ready = False
No replay auxiliary loss computed: teacher_ready = False
No replay auxiliary loss computed: teacher_ready = False
No replay auxiliary loss computed: teacher_ready = False
No replay auxiliary loss computed: teacher_ready = False
No replay auxiliary loss computed: teacher_ready = False
No replay auxiliary loss computed: teacher_ready = False
No replay auxiliary loss computed: teacher_ready = False
No replay auxiliary loss computed: teacher_ready = False
No replay auxiliary loss computed: teacher_ready = False
No replay auxiliary loss computed: teacher_ready = False
No replay auxiliary loss computed: teacher_ready = False
No replay auxiliary loss computed: teacher_ready = False
No replay auxiliary loss computed: teacher_ready = False
No replay auxiliary loss computed: teacher_ready = False
No replay auxiliary loss computed: teacher_ready = False
No replay auxiliary loss computed: teacher_ready = False
No replay auxiliary loss computed: teacher_ready = False
No replay auxiliary loss computed: teacher_ready = False
No replay auxiliary loss computed: teacher_ready = False
No replay auxiliary loss computed: teacher_ready = False
No replay auxiliary loss computed: teacher_ready = False
No replay auxiliary loss computed: teacher_ready = False
No replay auxiliary loss computed: teacher_ready = False
No replay auxiliary loss computed: teacher_ready = False
No replay auxiliary loss computed: teacher_ready = False
No replay auxiliary loss computed: teacher_ready = False
No replay auxiliary loss computed: teacher_ready = False
No replay auxiliary loss computed: teacher_ready = False
No replay auxiliary loss computed: teacher_ready = False
No replay auxiliary loss computed: teacher_ready = False
No replay auxiliary loss computed: teacher_ready = False
No replay auxiliary loss computed: teacher_ready = False
No replay auxiliary loss computed: teacher_ready = False
No replay auxiliary loss computed: teacher_ready = False
No replay auxiliary loss computed: teacher_ready = False
No replay auxiliary loss computed: teacher_ready = False
No replay auxiliary loss computed: teacher_ready = False
No replay auxiliary loss computed: teacher_ready = False
No replay auxiliary loss computed: teacher_ready = False
No replay auxiliary loss computed: teacher_ready = False
No replay auxiliary loss computed: teacher_ready = False
No replay auxiliary loss computed: teacher_ready = False
No replay auxiliary loss computed: teacher_ready = False
No replay auxiliary loss computed: teacher_ready = False
No replay auxiliary loss computed: teacher_ready = False
No replay auxiliary loss computed: teacher_ready = False
No replay auxiliary loss computed: teacher_ready = False
No replay auxiliary loss computed: teacher_ready = False
No replay auxiliary loss computed: teacher_ready = False
No replay auxiliary loss computed: teacher_ready = False
No replay auxiliary loss computed: teacher_ready = False
No replay auxiliary loss computed: teacher_ready = False
No replay auxiliary loss computed: teacher_ready = False
No replay auxiliary loss computed: teacher_ready = False
No replay auxiliary loss computed: teacher_ready = False
No replay auxiliary loss computed: teacher_ready = False
No replay auxiliary loss computed: teacher_ready = False
No replay auxiliary loss computed: teacher_ready = False
No replay auxiliary loss computed: teacher_ready = False
No replay auxiliary loss computed: teacher_ready = False
No replay auxiliary loss computed: teacher_ready = False
No replay auxiliary loss computed: teacher_ready = False
No replay auxiliary loss computed: teacher_ready = False
No replay auxiliary loss computed: teacher_ready = False
No replay auxiliary loss computed: teacher_ready = False
No replay auxiliary loss computed: teacher_ready = False
No replay auxiliary loss computed: teacher_ready = False
No replay auxiliary loss computed: teacher_ready = False
No positive cells found.
No positive cells found.
                   all        186      15849      0.145     0.0859     0.0936     0.0442

      Epoch    GPU_mem   box_loss   cls_loss   dfl_lossreplay_loss  Instances       Size
No replay auxiliary loss computed: teacher_ready = False
No replay auxiliary loss computed: teacher_ready = False
No replay auxiliary loss computed: teacher_ready = False
No replay auxiliary loss computed: teacher_ready = False
No replay auxiliary loss computed: teacher_ready = False
No replay auxiliary loss computed: teacher_ready = False
No replay auxiliary loss computed: teacher_ready = False
No replay auxiliary loss computed: teacher_ready = False
No replay auxiliary loss computed: teacher_ready = False
No replay auxiliary loss computed: teacher_ready = False
No replay auxiliary loss computed: teacher_ready = False
No replay auxiliary loss computed: teacher_ready = False
No replay auxiliary loss computed: teacher_ready = False
No replay auxiliary loss computed: teacher_ready = False
No replay auxiliary loss computed: teacher_ready = False
No replay auxiliary loss computed: teacher_ready = False
No replay auxiliary loss computed: teacher_ready = False
No replay auxiliary loss computed: teacher_ready = False
No replay auxiliary loss computed: teacher_ready = False
No replay auxiliary loss computed: teacher_ready = False
No replay auxiliary loss computed: teacher_ready = False
No replay auxiliary loss computed: teacher_ready = False
No replay auxiliary loss computed: teacher_ready = False
No replay auxiliary loss computed: teacher_ready = False
No replay auxiliary loss computed: teacher_ready = False
No replay auxiliary loss computed: teacher_ready = False
No replay auxiliary loss computed: teacher_ready = False
No replay auxiliary loss computed: teacher_ready = False
No replay auxiliary loss computed: teacher_ready = False
No replay auxiliary loss computed: teacher_ready = False
No replay auxiliary loss computed: teacher_ready = False
No replay auxiliary loss computed: teacher_ready = False
No replay auxiliary loss computed: teacher_ready = False
No replay auxiliary loss computed: teacher_ready = False
No replay auxiliary loss computed: teacher_ready = False
No replay auxiliary loss computed: teacher_ready = False
No replay auxiliary loss computed: teacher_ready = False
No replay auxiliary loss computed: teacher_ready = False
No replay auxiliary loss computed: teacher_ready = False
No replay auxiliary loss computed: teacher_ready = False
No replay auxiliary loss computed: teacher_ready = False
No replay auxiliary loss computed: teacher_ready = False
No replay auxiliary loss computed: teacher_ready = False
No replay auxiliary loss computed: teacher_ready = False
No replay auxiliary loss computed: teacher_ready = False
No replay auxiliary loss computed: teacher_ready = False
No replay auxiliary loss computed: teacher_ready = False
No replay auxiliary loss computed: teacher_ready = False
No replay auxiliary loss computed: teacher_ready = False
No replay auxiliary loss computed: teacher_ready = False
No replay auxiliary loss computed: teacher_ready = False
No replay auxiliary loss computed: teacher_ready = False
No replay auxiliary loss computed: teacher_ready = False
No replay auxiliary loss computed: teacher_ready = False
No replay auxiliary loss computed: teacher_ready = False
No replay auxiliary loss computed: teacher_ready = False
No replay auxiliary loss computed: teacher_ready = False
No replay auxiliary loss computed: teacher_ready = False
No replay auxiliary loss computed: teacher_ready = False
No replay auxiliary loss computed: teacher_ready = False
No replay auxiliary loss computed: teacher_ready = False
No replay auxiliary loss computed: teacher_ready = False
No replay auxiliary loss computed: teacher_ready = False
No replay auxiliary loss computed: teacher_ready = False
No replay auxiliary loss computed: teacher_ready = False
No replay auxiliary loss computed: teacher_ready = False
No replay auxiliary loss computed: teacher_ready = False
No replay auxiliary loss computed: teacher_ready = False
No replay auxiliary loss computed: teacher_ready = False
No replay auxiliary loss computed: teacher_ready = False
No replay auxiliary loss computed: teacher_ready = False
No replay auxiliary loss computed: teacher_ready = False
No replay auxiliary loss computed: teacher_ready = False
No replay auxiliary loss computed: teacher_ready = False
No replay auxiliary loss computed: teacher_ready = False
No replay auxiliary loss computed: teacher_ready = False
No replay auxiliary loss computed: teacher_ready = False
No positive cells found.
No positive cells found.
                   all        186      15849      0.134     0.0796     0.0862     0.0432

      Epoch    GPU_mem   box_loss   cls_loss   dfl_lossreplay_loss  Instances       Size
No replay auxiliary loss computed: teacher_ready = False
No replay auxiliary loss computed: teacher_ready = False
No replay auxiliary loss computed: teacher_ready = False
No replay auxiliary loss computed: teacher_ready = False
No replay auxiliary loss computed: teacher_ready = False
No replay auxiliary loss computed: teacher_ready = False
No replay auxiliary loss computed: teacher_ready = False
No replay auxiliary loss computed: teacher_ready = False
No replay auxiliary loss computed: teacher_ready = False
No replay auxiliary loss computed: teacher_ready = False
No replay auxiliary loss computed: teacher_ready = False
No replay auxiliary loss computed: teacher_ready = False
No replay auxiliary loss computed: teacher_ready = False
No replay auxiliary loss computed: teacher_ready = False
No replay auxiliary loss computed: teacher_ready = False
No replay auxiliary loss computed: teacher_ready = False
No replay auxiliary loss computed: teacher_ready = False
No replay auxiliary loss computed: teacher_ready = False
No replay auxiliary loss computed: teacher_ready = False
No replay auxiliary loss computed: teacher_ready = False
No replay auxiliary loss computed: teacher_ready = False
No replay auxiliary loss computed: teacher_ready = False
No replay auxiliary loss computed: teacher_ready = False
No replay auxiliary loss computed: teacher_ready = False
No replay auxiliary loss computed: teacher_ready = False
No replay auxiliary loss computed: teacher_ready = False
No replay auxiliary loss computed: teacher_ready = False
No replay auxiliary loss computed: teacher_ready = False
No replay auxiliary loss computed: teacher_ready = False
No replay auxiliary loss computed: teacher_ready = False
No replay auxiliary loss computed: teacher_ready = False
No replay auxiliary loss computed: teacher_ready = False
No replay auxiliary loss computed: teacher_ready = False
No replay auxiliary loss computed: teacher_ready = False
No replay auxiliary loss computed: teacher_ready = False
No replay auxiliary loss computed: teacher_ready = False
No replay auxiliary loss computed: teacher_ready = False
No replay auxiliary loss computed: teacher_ready = False
No replay auxiliary loss computed: teacher_ready = False
No replay auxiliary loss computed: teacher_ready = False
No replay auxiliary loss computed: teacher_ready = False
No replay auxiliary loss computed: teacher_ready = False
No replay auxiliary loss computed: teacher_ready = False
No replay auxiliary loss computed: teacher_ready = False
No replay auxiliary loss computed: teacher_ready = False
No replay auxiliary loss computed: teacher_ready = False
No replay auxiliary loss computed: teacher_ready = False
No replay auxiliary loss computed: teacher_ready = False
No replay auxiliary loss computed: teacher_ready = False
No replay auxiliary loss computed: teacher_ready = False
No replay auxiliary loss computed: teacher_ready = False
No replay auxiliary loss computed: teacher_ready = False
No replay auxiliary loss computed: teacher_ready = False
No replay auxiliary loss computed: teacher_ready = False
No replay auxiliary loss computed: teacher_ready = False
No replay auxiliary loss computed: teacher_ready = False
No replay auxiliary loss computed: teacher_ready = False
No replay auxiliary loss computed: teacher_ready = False
No replay auxiliary loss computed: teacher_ready = False
No replay auxiliary loss computed: teacher_ready = False
No replay auxiliary loss computed: teacher_ready = False
No replay auxiliary loss computed: teacher_ready = False
No replay auxiliary loss computed: teacher_ready = False
No replay auxiliary loss computed: teacher_ready = False
No replay auxiliary loss computed: teacher_ready = False
No replay auxiliary loss computed: teacher_ready = False
No replay auxiliary loss computed: teacher_ready = False
No replay auxiliary loss computed: teacher_ready = False
No replay auxiliary loss computed: teacher_ready = False
No replay auxiliary loss computed: teacher_ready = False
No replay auxiliary loss computed: teacher_ready = False
No replay auxiliary loss computed: teacher_ready = False
No replay auxiliary loss computed: teacher_ready = False
No replay auxiliary loss computed: teacher_ready = False
No replay auxiliary loss computed: teacher_ready = False
No replay auxiliary loss computed: teacher_ready = False
No replay auxiliary loss computed: teacher_ready = False
No positive cells found.
No positive cells found.
                   all        186      15849      0.149     0.0889     0.0991     0.0483

      Epoch    GPU_mem   box_loss   cls_loss   dfl_lossreplay_loss  Instances       Size
No replay auxiliary loss computed: teacher_ready = False
No replay auxiliary loss computed: teacher_ready = False
No replay auxiliary loss computed: teacher_ready = False
No replay auxiliary loss computed: teacher_ready = False
No replay auxiliary loss computed: teacher_ready = False
No replay auxiliary loss computed: teacher_ready = False
No replay auxiliary loss computed: teacher_ready = False
No replay auxiliary loss computed: teacher_ready = False
No replay auxiliary loss computed: teacher_ready = False
No replay auxiliary loss computed: teacher_ready = False
No replay auxiliary loss computed: teacher_ready = False
No replay auxiliary loss computed: teacher_ready = False
No replay auxiliary loss computed: teacher_ready = False
No replay auxiliary loss computed: teacher_ready = False
No replay auxiliary loss computed: teacher_ready = False
No replay auxiliary loss computed: teacher_ready = False
No replay auxiliary loss computed: teacher_ready = False
No replay auxiliary loss computed: teacher_ready = False
No replay auxiliary loss computed: teacher_ready = False
No replay auxiliary loss computed: teacher_ready = False
No replay auxiliary loss computed: teacher_ready = False
No replay auxiliary loss computed: teacher_ready = False
No replay auxiliary loss computed: teacher_ready = False
No replay auxiliary loss computed: teacher_ready = False
No replay auxiliary loss computed: teacher_ready = False
No replay auxiliary loss computed: teacher_ready = False
No replay auxiliary loss computed: teacher_ready = False
No replay auxiliary loss computed: teacher_ready = False
No replay auxiliary loss computed: teacher_ready = False
No replay auxiliary loss computed: teacher_ready = False
No replay auxiliary loss computed: teacher_ready = False
No replay auxiliary loss computed: teacher_ready = False
No replay auxiliary loss computed: teacher_ready = False
No replay auxiliary loss computed: teacher_ready = False
No replay auxiliary loss computed: teacher_ready = False
No replay auxiliary loss computed: teacher_ready = False
No replay auxiliary loss computed: teacher_ready = False
No replay auxiliary loss computed: teacher_ready = False
No replay auxiliary loss computed: teacher_ready = False
No replay auxiliary loss computed: teacher_ready = False
No replay auxiliary loss computed: teacher_ready = False
No replay auxiliary loss computed: teacher_ready = False
No replay auxiliary loss computed: teacher_ready = False
No replay auxiliary loss computed: teacher_ready = False
No replay auxiliary loss computed: teacher_ready = False
No replay auxiliary loss computed: teacher_ready = False
No replay auxiliary loss computed: teacher_ready = False
No replay auxiliary loss computed: teacher_ready = False
No replay auxiliary loss computed: teacher_ready = False
No replay auxiliary loss computed: teacher_ready = False
No replay auxiliary loss computed: teacher_ready = False
No replay auxiliary loss computed: teacher_ready = False
No replay auxiliary loss computed: teacher_ready = False
No replay auxiliary loss computed: teacher_ready = False
No replay auxiliary loss computed: teacher_ready = False
No replay auxiliary loss computed: teacher_ready = False
No replay auxiliary loss computed: teacher_ready = False
No replay auxiliary loss computed: teacher_ready = False
No replay auxiliary loss computed: teacher_ready = False
No replay auxiliary loss computed: teacher_ready = False
No replay auxiliary loss computed: teacher_ready = False
No replay auxiliary loss computed: teacher_ready = False
No replay auxiliary loss computed: teacher_ready = False
No replay auxiliary loss computed: teacher_ready = False
No replay auxiliary loss computed: teacher_ready = False
No replay auxiliary loss computed: teacher_ready = False
No replay auxiliary loss computed: teacher_ready = False
No replay auxiliary loss computed: teacher_ready = False
No replay auxiliary loss computed: teacher_ready = False
No replay auxiliary loss computed: teacher_ready = False
No replay auxiliary loss computed: teacher_ready = False
No replay auxiliary loss computed: teacher_ready = False
No replay auxiliary loss computed: teacher_ready = False
No replay auxiliary loss computed: teacher_ready = False
No replay auxiliary loss computed: teacher_ready = False
No replay auxiliary loss computed: teacher_ready = False
No replay auxiliary loss computed: teacher_ready = False
No positive cells found.
No positive cells found.
                   all        186      15849      0.143     0.0832     0.0913     0.0434

      Epoch    GPU_mem   box_loss   cls_loss   dfl_lossreplay_loss  Instances       Size
No replay auxiliary loss computed: teacher_ready = False
No replay auxiliary loss computed: teacher_ready = False
No replay auxiliary loss computed: teacher_ready = False
No replay auxiliary loss computed: teacher_ready = False
No replay auxiliary loss computed: teacher_ready = False
No replay auxiliary loss computed: teacher_ready = False
No replay auxiliary loss computed: teacher_ready = False
No replay auxiliary loss computed: teacher_ready = False
No replay auxiliary loss computed: teacher_ready = False
No replay auxiliary loss computed: teacher_ready = False
No replay auxiliary loss computed: teacher_ready = False
No replay auxiliary loss computed: teacher_ready = False
No replay auxiliary loss computed: teacher_ready = False
No replay auxiliary loss computed: teacher_ready = False
No replay auxiliary loss computed: teacher_ready = False
No replay auxiliary loss computed: teacher_ready = False
No replay auxiliary loss computed: teacher_ready = False
No replay auxiliary loss computed: teacher_ready = False
No replay auxiliary loss computed: teacher_ready = False
No replay auxiliary loss computed: teacher_ready = False
No replay auxiliary loss computed: teacher_ready = False
No replay auxiliary loss computed: teacher_ready = False
No replay auxiliary loss computed: teacher_ready = False
No replay auxiliary loss computed: teacher_ready = False
No replay auxiliary loss computed: teacher_ready = False
No replay auxiliary loss computed: teacher_ready = False
No replay auxiliary loss computed: teacher_ready = False
No replay auxiliary loss computed: teacher_ready = False
No replay auxiliary loss computed: teacher_ready = False
No replay auxiliary loss computed: teacher_ready = False
No replay auxiliary loss computed: teacher_ready = False
No replay auxiliary loss computed: teacher_ready = False
No replay auxiliary loss computed: teacher_ready = False
No replay auxiliary loss computed: teacher_ready = False
No replay auxiliary loss computed: teacher_ready = False
No replay auxiliary loss computed: teacher_ready = False
No replay auxiliary loss computed: teacher_ready = False
No replay auxiliary loss computed: teacher_ready = False
No replay auxiliary loss computed: teacher_ready = False
No replay auxiliary loss computed: teacher_ready = False
No replay auxiliary loss computed: teacher_ready = False
No replay auxiliary loss computed: teacher_ready = False
No replay auxiliary loss computed: teacher_ready = False
No replay auxiliary loss computed: teacher_ready = False
No replay auxiliary loss computed: teacher_ready = False
No replay auxiliary loss computed: teacher_ready = False
No replay auxiliary loss computed: teacher_ready = False
No replay auxiliary loss computed: teacher_ready = False
No replay auxiliary loss computed: teacher_ready = False
No replay auxiliary loss computed: teacher_ready = False
No replay auxiliary loss computed: teacher_ready = False
No replay auxiliary loss computed: teacher_ready = False
No replay auxiliary loss computed: teacher_ready = False
No replay auxiliary loss computed: teacher_ready = False
No replay auxiliary loss computed: teacher_ready = False
No replay auxiliary loss computed: teacher_ready = False
No replay auxiliary loss computed: teacher_ready = False
No replay auxiliary loss computed: teacher_ready = False
No replay auxiliary loss computed: teacher_ready = False
No replay auxiliary loss computed: teacher_ready = False
No replay auxiliary loss computed: teacher_ready = False
No replay auxiliary loss computed: teacher_ready = False
No replay auxiliary loss computed: teacher_ready = False
No replay auxiliary loss computed: teacher_ready = False
No replay auxiliary loss computed: teacher_ready = False
No replay auxiliary loss computed: teacher_ready = False
No replay auxiliary loss computed: teacher_ready = False
No replay auxiliary loss computed: teacher_ready = False
No replay auxiliary loss computed: teacher_ready = False
No replay auxiliary loss computed: teacher_ready = False
No replay auxiliary loss computed: teacher_ready = False
No replay auxiliary loss computed: teacher_ready = False
No replay auxiliary loss computed: teacher_ready = False
No replay auxiliary loss computed: teacher_ready = False
No replay auxiliary loss computed: teacher_ready = False
No replay auxiliary loss computed: teacher_ready = False
No replay auxiliary loss computed: teacher_ready = False
No positive cells found.
No positive cells found.
                   all        186      15849      0.144      0.084      0.093     0.0446

      Epoch    GPU_mem   box_loss   cls_loss   dfl_lossreplay_loss  Instances       Size
No replay auxiliary loss computed: teacher_ready = False
No replay auxiliary loss computed: teacher_ready = False
No replay auxiliary loss computed: teacher_ready = False
No replay auxiliary loss computed: teacher_ready = False
No replay auxiliary loss computed: teacher_ready = False
No replay auxiliary loss computed: teacher_ready = False
No replay auxiliary loss computed: teacher_ready = False
No replay auxiliary loss computed: teacher_ready = False
No replay auxiliary loss computed: teacher_ready = False
No replay auxiliary loss computed: teacher_ready = False
No replay auxiliary loss computed: teacher_ready = False
No replay auxiliary loss computed: teacher_ready = False
No replay auxiliary loss computed: teacher_ready = False
No replay auxiliary loss computed: teacher_ready = False
No replay auxiliary loss computed: teacher_ready = False
No replay auxiliary loss computed: teacher_ready = False
No replay auxiliary loss computed: teacher_ready = False
No replay auxiliary loss computed: teacher_ready = False
No replay auxiliary loss computed: teacher_ready = False
No replay auxiliary loss computed: teacher_ready = False
No replay auxiliary loss computed: teacher_ready = False
No replay auxiliary loss computed: teacher_ready = False
No replay auxiliary loss computed: teacher_ready = False
No replay auxiliary loss computed: teacher_ready = False
No replay auxiliary loss computed: teacher_ready = False
No replay auxiliary loss computed: teacher_ready = False
No replay auxiliary loss computed: teacher_ready = False
No replay auxiliary loss computed: teacher_ready = False
No replay auxiliary loss computed: teacher_ready = False
No replay auxiliary loss computed: teacher_ready = False
No replay auxiliary loss computed: teacher_ready = False
No replay auxiliary loss computed: teacher_ready = False
No replay auxiliary loss computed: teacher_ready = False
No replay auxiliary loss computed: teacher_ready = False
No replay auxiliary loss computed: teacher_ready = False
No replay auxiliary loss computed: teacher_ready = False
No replay auxiliary loss computed: teacher_ready = False
No replay auxiliary loss computed: teacher_ready = False
No replay auxiliary loss computed: teacher_ready = False
No replay auxiliary loss computed: teacher_ready = False
No replay auxiliary loss computed: teacher_ready = False
No replay auxiliary loss computed: teacher_ready = False
No replay auxiliary loss computed: teacher_ready = False
No replay auxiliary loss computed: teacher_ready = False
No replay auxiliary loss computed: teacher_ready = False
No replay auxiliary loss computed: teacher_ready = False
No replay auxiliary loss computed: teacher_ready = False
No replay auxiliary loss computed: teacher_ready = False
No replay auxiliary loss computed: teacher_ready = False
No replay auxiliary loss computed: teacher_ready = False
No replay auxiliary loss computed: teacher_ready = False
No replay auxiliary loss computed: teacher_ready = False
No replay auxiliary loss computed: teacher_ready = False
No replay auxiliary loss computed: teacher_ready = False
No replay auxiliary loss computed: teacher_ready = False
No replay auxiliary loss computed: teacher_ready = False
No replay auxiliary loss computed: teacher_ready = False
No replay auxiliary loss computed: teacher_ready = False
No replay auxiliary loss computed: teacher_ready = False
No replay auxiliary loss computed: teacher_ready = False
No replay auxiliary loss computed: teacher_ready = False
No replay auxiliary loss computed: teacher_ready = False
No replay auxiliary loss computed: teacher_ready = False
No replay auxiliary loss computed: teacher_ready = False
No replay auxiliary loss computed: teacher_ready = False
No replay auxiliary loss computed: teacher_ready = False
No replay auxiliary loss computed: teacher_ready = False
No replay auxiliary loss computed: teacher_ready = False
No replay auxiliary loss computed: teacher_ready = False
No replay auxiliary loss computed: teacher_ready = False
No replay auxiliary loss computed: teacher_ready = False
No replay auxiliary loss computed: teacher_ready = False
No replay auxiliary loss computed: teacher_ready = False
No replay auxiliary loss computed: teacher_ready = False
No replay auxiliary loss computed: teacher_ready = False
No replay auxiliary loss computed: teacher_ready = False
No replay auxiliary loss computed: teacher_ready = False
No positive cells found.
No positive cells found.
                   all        186      15849      0.148     0.0923      0.099     0.0478

      Epoch    GPU_mem   box_loss   cls_loss   dfl_lossreplay_loss  Instances       Size
No replay auxiliary loss computed: teacher_ready = False
No replay auxiliary loss computed: teacher_ready = False
No replay auxiliary loss computed: teacher_ready = False
No replay auxiliary loss computed: teacher_ready = False
No replay auxiliary loss computed: teacher_ready = False
No replay auxiliary loss computed: teacher_ready = False
No replay auxiliary loss computed: teacher_ready = False
No replay auxiliary loss computed: teacher_ready = False
No replay auxiliary loss computed: teacher_ready = False
No replay auxiliary loss computed: teacher_ready = False
No replay auxiliary loss computed: teacher_ready = False
No replay auxiliary loss computed: teacher_ready = False
No replay auxiliary loss computed: teacher_ready = False
No replay auxiliary loss computed: teacher_ready = False
No replay auxiliary loss computed: teacher_ready = False
No replay auxiliary loss computed: teacher_ready = False
No replay auxiliary loss computed: teacher_ready = False
No replay auxiliary loss computed: teacher_ready = False
No replay auxiliary loss computed: teacher_ready = False
No replay auxiliary loss computed: teacher_ready = False
No replay auxiliary loss computed: teacher_ready = False
No replay auxiliary loss computed: teacher_ready = False
No replay auxiliary loss computed: teacher_ready = False
No replay auxiliary loss computed: teacher_ready = False
No replay auxiliary loss computed: teacher_ready = False
No replay auxiliary loss computed: teacher_ready = False
No replay auxiliary loss computed: teacher_ready = False
No replay auxiliary loss computed: teacher_ready = False
No replay auxiliary loss computed: teacher_ready = False
No replay auxiliary loss computed: teacher_ready = False
No replay auxiliary loss computed: teacher_ready = False
No replay auxiliary loss computed: teacher_ready = False
No replay auxiliary loss computed: teacher_ready = False
No replay auxiliary loss computed: teacher_ready = False
No replay auxiliary loss computed: teacher_ready = False
No replay auxiliary loss computed: teacher_ready = False
No replay auxiliary loss computed: teacher_ready = False
No replay auxiliary loss computed: teacher_ready = False
No replay auxiliary loss computed: teacher_ready = False
No replay auxiliary loss computed: teacher_ready = False
No replay auxiliary loss computed: teacher_ready = False
No replay auxiliary loss computed: teacher_ready = False
No replay auxiliary loss computed: teacher_ready = False
No replay auxiliary loss computed: teacher_ready = False
No replay auxiliary loss computed: teacher_ready = False
No replay auxiliary loss computed: teacher_ready = False
No replay auxiliary loss computed: teacher_ready = False
No replay auxiliary loss computed: teacher_ready = False
No replay auxiliary loss computed: teacher_ready = False
No replay auxiliary loss computed: teacher_ready = False
No replay auxiliary loss computed: teacher_ready = False
No replay auxiliary loss computed: teacher_ready = False
No replay auxiliary loss computed: teacher_ready = False
No replay auxiliary loss computed: teacher_ready = False
No replay auxiliary loss computed: teacher_ready = False
No replay auxiliary loss computed: teacher_ready = False
No replay auxiliary loss computed: teacher_ready = False
No replay auxiliary loss computed: teacher_ready = False
No replay auxiliary loss computed: teacher_ready = False
No replay auxiliary loss computed: teacher_ready = False
No replay auxiliary loss computed: teacher_ready = False
No replay auxiliary loss computed: teacher_ready = False
No replay auxiliary loss computed: teacher_ready = False
No replay auxiliary loss computed: teacher_ready = False
No replay auxiliary loss computed: teacher_ready = False
No replay auxiliary loss computed: teacher_ready = False
No replay auxiliary loss computed: teacher_ready = False
No replay auxiliary loss computed: teacher_ready = False
No replay auxiliary loss computed: teacher_ready = False
No replay auxiliary loss computed: teacher_ready = False
No replay auxiliary loss computed: teacher_ready = False
No replay auxiliary loss computed: teacher_ready = False
No replay auxiliary loss computed: teacher_ready = False
No replay auxiliary loss computed: teacher_ready = False
No replay auxiliary loss computed: teacher_ready = False
No replay auxiliary loss computed: teacher_ready = False
No replay auxiliary loss computed: teacher_ready = False
No positive cells found.
No positive cells found.
                   all        186      15849      0.142     0.0839     0.0935     0.0442

      Epoch    GPU_mem   box_loss   cls_loss   dfl_lossreplay_loss  Instances       Size
No replay auxiliary loss computed: teacher_ready = False
No replay auxiliary loss computed: teacher_ready = False
No replay auxiliary loss computed: teacher_ready = False
No replay auxiliary loss computed: teacher_ready = False
No replay auxiliary loss computed: teacher_ready = False
No replay auxiliary loss computed: teacher_ready = False
No replay auxiliary loss computed: teacher_ready = False
No replay auxiliary loss computed: teacher_ready = False
No replay auxiliary loss computed: teacher_ready = False
No replay auxiliary loss computed: teacher_ready = False
No replay auxiliary loss computed: teacher_ready = False
No replay auxiliary loss computed: teacher_ready = False
No replay auxiliary loss computed: teacher_ready = False
No replay auxiliary loss computed: teacher_ready = False
No replay auxiliary loss computed: teacher_ready = False
No replay auxiliary loss computed: teacher_ready = False
No replay auxiliary loss computed: teacher_ready = False
No replay auxiliary loss computed: teacher_ready = False
No replay auxiliary loss computed: teacher_ready = False
No replay auxiliary loss computed: teacher_ready = False
No replay auxiliary loss computed: teacher_ready = False
No replay auxiliary loss computed: teacher_ready = False
No replay auxiliary loss computed: teacher_ready = False
No replay auxiliary loss computed: teacher_ready = False
No replay auxiliary loss computed: teacher_ready = False
No replay auxiliary loss computed: teacher_ready = False
No replay auxiliary loss computed: teacher_ready = False
No replay auxiliary loss computed: teacher_ready = False
No replay auxiliary loss computed: teacher_ready = False
No replay auxiliary loss computed: teacher_ready = False
No replay auxiliary loss computed: teacher_ready = False
No replay auxiliary loss computed: teacher_ready = False
No replay auxiliary loss computed: teacher_ready = False
No replay auxiliary loss computed: teacher_ready = False
No replay auxiliary loss computed: teacher_ready = False
No replay auxiliary loss computed: teacher_ready = False
No replay auxiliary loss computed: teacher_ready = False
No replay auxiliary loss computed: teacher_ready = False
No replay auxiliary loss computed: teacher_ready = False
No replay auxiliary loss computed: teacher_ready = False
No replay auxiliary loss computed: teacher_ready = False
No replay auxiliary loss computed: teacher_ready = False
No replay auxiliary loss computed: teacher_ready = False
No replay auxiliary loss computed: teacher_ready = False
No replay auxiliary loss computed: teacher_ready = False
No replay auxiliary loss computed: teacher_ready = False
No replay auxiliary loss computed: teacher_ready = False
No replay auxiliary loss computed: teacher_ready = False
No replay auxiliary loss computed: teacher_ready = False
No replay auxiliary loss computed: teacher_ready = False
No replay auxiliary loss computed: teacher_ready = False
No replay auxiliary loss computed: teacher_ready = False
No replay auxiliary loss computed: teacher_ready = False
No replay auxiliary loss computed: teacher_ready = False
No replay auxiliary loss computed: teacher_ready = False
No replay auxiliary loss computed: teacher_ready = False
No replay auxiliary loss computed: teacher_ready = False
No replay auxiliary loss computed: teacher_ready = False
No replay auxiliary loss computed: teacher_ready = False
No replay auxiliary loss computed: teacher_ready = False
No replay auxiliary loss computed: teacher_ready = False
No replay auxiliary loss computed: teacher_ready = False
No replay auxiliary loss computed: teacher_ready = False
No replay auxiliary loss computed: teacher_ready = False
No replay auxiliary loss computed: teacher_ready = False
No replay auxiliary loss computed: teacher_ready = False
No replay auxiliary loss computed: teacher_ready = False
No replay auxiliary loss computed: teacher_ready = False
No replay auxiliary loss computed: teacher_ready = False
No replay auxiliary loss computed: teacher_ready = False
No replay auxiliary loss computed: teacher_ready = False
No replay auxiliary loss computed: teacher_ready = False
No replay auxiliary loss computed: teacher_ready = False
No replay auxiliary loss computed: teacher_ready = False
No replay auxiliary loss computed: teacher_ready = False
No replay auxiliary loss computed: teacher_ready = False
No replay auxiliary loss computed: teacher_ready = False
No positive cells found.
No positive cells found.
                   all        186      15849       0.15     0.0825     0.0929      0.044

      Epoch    GPU_mem   box_loss   cls_loss   dfl_lossreplay_loss  Instances       Size
No replay auxiliary loss computed: teacher_ready = False
No replay auxiliary loss computed: teacher_ready = False
No replay auxiliary loss computed: teacher_ready = False
No replay auxiliary loss computed: teacher_ready = False
No replay auxiliary loss computed: teacher_ready = False
No replay auxiliary loss computed: teacher_ready = False
No replay auxiliary loss computed: teacher_ready = False
No replay auxiliary loss computed: teacher_ready = False
No replay auxiliary loss computed: teacher_ready = False
No replay auxiliary loss computed: teacher_ready = False
No replay auxiliary loss computed: teacher_ready = False
No replay auxiliary loss computed: teacher_ready = False
No replay auxiliary loss computed: teacher_ready = False
No replay auxiliary loss computed: teacher_ready = False
No replay auxiliary loss computed: teacher_ready = False
No replay auxiliary loss computed: teacher_ready = False
No replay auxiliary loss computed: teacher_ready = False
No replay auxiliary loss computed: teacher_ready = False
No replay auxiliary loss computed: teacher_ready = False
No replay auxiliary loss computed: teacher_ready = False
No replay auxiliary loss computed: teacher_ready = False
No replay auxiliary loss computed: teacher_ready = False
No replay auxiliary loss computed: teacher_ready = False
No replay auxiliary loss computed: teacher_ready = False
No replay auxiliary loss computed: teacher_ready = False
No replay auxiliary loss computed: teacher_ready = False
No replay auxiliary loss computed: teacher_ready = False
No replay auxiliary loss computed: teacher_ready = False
No replay auxiliary loss computed: teacher_ready = False
No replay auxiliary loss computed: teacher_ready = False
No replay auxiliary loss computed: teacher_ready = False
No replay auxiliary loss computed: teacher_ready = False
No replay auxiliary loss computed: teacher_ready = False
No replay auxiliary loss computed: teacher_ready = False
No replay auxiliary loss computed: teacher_ready = False
No replay auxiliary loss computed: teacher_ready = False
No replay auxiliary loss computed: teacher_ready = False
No replay auxiliary loss computed: teacher_ready = False
No replay auxiliary loss computed: teacher_ready = False
No replay auxiliary loss computed: teacher_ready = False
No replay auxiliary loss computed: teacher_ready = False
No replay auxiliary loss computed: teacher_ready = False
No replay auxiliary loss computed: teacher_ready = False
No replay auxiliary loss computed: teacher_ready = False
No replay auxiliary loss computed: teacher_ready = False
No replay auxiliary loss computed: teacher_ready = False
No replay auxiliary loss computed: teacher_ready = False
No replay auxiliary loss computed: teacher_ready = False
No replay auxiliary loss computed: teacher_ready = False
No replay auxiliary loss computed: teacher_ready = False
No replay auxiliary loss computed: teacher_ready = False
No replay auxiliary loss computed: teacher_ready = False
No replay auxiliary loss computed: teacher_ready = False
No replay auxiliary loss computed: teacher_ready = False
No replay auxiliary loss computed: teacher_ready = False
No replay auxiliary loss computed: teacher_ready = False
No replay auxiliary loss computed: teacher_ready = False
No replay auxiliary loss computed: teacher_ready = False
No replay auxiliary loss computed: teacher_ready = False
No replay auxiliary loss computed: teacher_ready = False
No replay auxiliary loss computed: teacher_ready = False
No replay auxiliary loss computed: teacher_ready = False
No replay auxiliary loss computed: teacher_ready = False
No replay auxiliary loss computed: teacher_ready = False
No replay auxiliary loss computed: teacher_ready = False
No replay auxiliary loss computed: teacher_ready = False
No replay auxiliary loss computed: teacher_ready = False
No replay auxiliary loss computed: teacher_ready = False
No replay auxiliary loss computed: teacher_ready = False
No replay auxiliary loss computed: teacher_ready = False
No replay auxiliary loss computed: teacher_ready = False
No replay auxiliary loss computed: teacher_ready = False
No replay auxiliary loss computed: teacher_ready = False
No replay auxiliary loss computed: teacher_ready = False
No replay auxiliary loss computed: teacher_ready = False
No replay auxiliary loss computed: teacher_ready = False
No replay auxiliary loss computed: teacher_ready = False
No positive cells found.
No positive cells found.
                   all        186      15849      0.149     0.0899     0.0983     0.0485

      Epoch    GPU_mem   box_loss   cls_loss   dfl_lossreplay_loss  Instances       Size
No replay auxiliary loss computed: teacher_ready = False
No replay auxiliary loss computed: teacher_ready = False
No replay auxiliary loss computed: teacher_ready = False
No replay auxiliary loss computed: teacher_ready = False
No replay auxiliary loss computed: teacher_ready = False
No replay auxiliary loss computed: teacher_ready = False
No replay auxiliary loss computed: teacher_ready = False
No replay auxiliary loss computed: teacher_ready = False
No replay auxiliary loss computed: teacher_ready = False
No replay auxiliary loss computed: teacher_ready = False
No replay auxiliary loss computed: teacher_ready = False
No replay auxiliary loss computed: teacher_ready = False
No replay auxiliary loss computed: teacher_ready = False
No replay auxiliary loss computed: teacher_ready = False
No replay auxiliary loss computed: teacher_ready = False
No replay auxiliary loss computed: teacher_ready = False
No replay auxiliary loss computed: teacher_ready = False
No replay auxiliary loss computed: teacher_ready = False
No replay auxiliary loss computed: teacher_ready = False
No replay auxiliary loss computed: teacher_ready = False
No replay auxiliary loss computed: teacher_ready = False
No replay auxiliary loss computed: teacher_ready = False
No replay auxiliary loss computed: teacher_ready = False
No replay auxiliary loss computed: teacher_ready = False
No replay auxiliary loss computed: teacher_ready = False
No replay auxiliary loss computed: teacher_ready = False
No replay auxiliary loss computed: teacher_ready = False
No replay auxiliary loss computed: teacher_ready = False
No replay auxiliary loss computed: teacher_ready = False
No replay auxiliary loss computed: teacher_ready = False
No replay auxiliary loss computed: teacher_ready = False
No replay auxiliary loss computed: teacher_ready = False
No replay auxiliary loss computed: teacher_ready = False
No replay auxiliary loss computed: teacher_ready = False
No replay auxiliary loss computed: teacher_ready = False
No replay auxiliary loss computed: teacher_ready = False
No replay auxiliary loss computed: teacher_ready = False
No replay auxiliary loss computed: teacher_ready = False
No replay auxiliary loss computed: teacher_ready = False
No replay auxiliary loss computed: teacher_ready = False
No replay auxiliary loss computed: teacher_ready = False
No replay auxiliary loss computed: teacher_ready = False
No replay auxiliary loss computed: teacher_ready = False
No replay auxiliary loss computed: teacher_ready = False
No replay auxiliary loss computed: teacher_ready = False
No replay auxiliary loss computed: teacher_ready = False
No replay auxiliary loss computed: teacher_ready = False
No replay auxiliary loss computed: teacher_ready = False
No replay auxiliary loss computed: teacher_ready = False
No replay auxiliary loss computed: teacher_ready = False
No replay auxiliary loss computed: teacher_ready = False
No replay auxiliary loss computed: teacher_ready = False
No replay auxiliary loss computed: teacher_ready = False
No replay auxiliary loss computed: teacher_ready = False
No replay auxiliary loss computed: teacher_ready = False
No replay auxiliary loss computed: teacher_ready = False
No replay auxiliary loss computed: teacher_ready = False
No replay auxiliary loss computed: teacher_ready = False
No replay auxiliary loss computed: teacher_ready = False
No replay auxiliary loss computed: teacher_ready = False
No replay auxiliary loss computed: teacher_ready = False
No replay auxiliary loss computed: teacher_ready = False
No replay auxiliary loss computed: teacher_ready = False
No replay auxiliary loss computed: teacher_ready = False
No replay auxiliary loss computed: teacher_ready = False
No replay auxiliary loss computed: teacher_ready = False
No replay auxiliary loss computed: teacher_ready = False
No replay auxiliary loss computed: teacher_ready = False
No replay auxiliary loss computed: teacher_ready = False
No replay auxiliary loss computed: teacher_ready = False
No replay auxiliary loss computed: teacher_ready = False
No replay auxiliary loss computed: teacher_ready = False
No replay auxiliary loss computed: teacher_ready = False
No replay auxiliary loss computed: teacher_ready = False
No replay auxiliary loss computed: teacher_ready = False
No replay auxiliary loss computed: teacher_ready = False
No replay auxiliary loss computed: teacher_ready = False
No positive cells found.
No positive cells found.
                   all        186      15849      0.151     0.0959      0.104     0.0528

      Epoch    GPU_mem   box_loss   cls_loss   dfl_lossreplay_loss  Instances       Size
No replay auxiliary loss computed: teacher_ready = False
No replay auxiliary loss computed: teacher_ready = False
No replay auxiliary loss computed: teacher_ready = False
No replay auxiliary loss computed: teacher_ready = False
No replay auxiliary loss computed: teacher_ready = False
No replay auxiliary loss computed: teacher_ready = False
No replay auxiliary loss computed: teacher_ready = False
No replay auxiliary loss computed: teacher_ready = False
No replay auxiliary loss computed: teacher_ready = False
No replay auxiliary loss computed: teacher_ready = False
No replay auxiliary loss computed: teacher_ready = False
No replay auxiliary loss computed: teacher_ready = False
No replay auxiliary loss computed: teacher_ready = False
No replay auxiliary loss computed: teacher_ready = False
No replay auxiliary loss computed: teacher_ready = False
No replay auxiliary loss computed: teacher_ready = False
No replay auxiliary loss computed: teacher_ready = False
No replay auxiliary loss computed: teacher_ready = False
No replay auxiliary loss computed: teacher_ready = False
No replay auxiliary loss computed: teacher_ready = False
No replay auxiliary loss computed: teacher_ready = False
No replay auxiliary loss computed: teacher_ready = False
No replay auxiliary loss computed: teacher_ready = False
No replay auxiliary loss computed: teacher_ready = False
No replay auxiliary loss computed: teacher_ready = False
No replay auxiliary loss computed: teacher_ready = False
No replay auxiliary loss computed: teacher_ready = False
No replay auxiliary loss computed: teacher_ready = False
No replay auxiliary loss computed: teacher_ready = False
No replay auxiliary loss computed: teacher_ready = False
No replay auxiliary loss computed: teacher_ready = False
No replay auxiliary loss computed: teacher_ready = False
No replay auxiliary loss computed: teacher_ready = False
No replay auxiliary loss computed: teacher_ready = False
No replay auxiliary loss computed: teacher_ready = False
No replay auxiliary loss computed: teacher_ready = False
No replay auxiliary loss computed: teacher_ready = False
No replay auxiliary loss computed: teacher_ready = False
No replay auxiliary loss computed: teacher_ready = False
No replay auxiliary loss computed: teacher_ready = False
No replay auxiliary loss computed: teacher_ready = False
No replay auxiliary loss computed: teacher_ready = False
No replay auxiliary loss computed: teacher_ready = False
No replay auxiliary loss computed: teacher_ready = False
No replay auxiliary loss computed: teacher_ready = False
No replay auxiliary loss computed: teacher_ready = False
No replay auxiliary loss computed: teacher_ready = False
No replay auxiliary loss computed: teacher_ready = False
No replay auxiliary loss computed: teacher_ready = False
No replay auxiliary loss computed: teacher_ready = False
No replay auxiliary loss computed: teacher_ready = False
No replay auxiliary loss computed: teacher_ready = False
No replay auxiliary loss computed: teacher_ready = False
No replay auxiliary loss computed: teacher_ready = False
No replay auxiliary loss computed: teacher_ready = False
No replay auxiliary loss computed: teacher_ready = False
No replay auxiliary loss computed: teacher_ready = False
No replay auxiliary loss computed: teacher_ready = False
No replay auxiliary loss computed: teacher_ready = False
No replay auxiliary loss computed: teacher_ready = False
No replay auxiliary loss computed: teacher_ready = False
No replay auxiliary loss computed: teacher_ready = False
No replay auxiliary loss computed: teacher_ready = False
No replay auxiliary loss computed: teacher_ready = False
No replay auxiliary loss computed: teacher_ready = False
No replay auxiliary loss computed: teacher_ready = False
No replay auxiliary loss computed: teacher_ready = False
No replay auxiliary loss computed: teacher_ready = False
No replay auxiliary loss computed: teacher_ready = False
No replay auxiliary loss computed: teacher_ready = False
No replay auxiliary loss computed: teacher_ready = False
No replay auxiliary loss computed: teacher_ready = False
No replay auxiliary loss computed: teacher_ready = False
No replay auxiliary loss computed: teacher_ready = False
No replay auxiliary loss computed: teacher_ready = False
No replay auxiliary loss computed: teacher_ready = False
No replay auxiliary loss computed: teacher_ready = False
No positive cells found.
No positive cells found.
                   all        186      15849       0.15     0.0962      0.104     0.0521

      Epoch    GPU_mem   box_loss   cls_loss   dfl_lossreplay_loss  Instances       Size
No replay auxiliary loss computed: teacher_ready = False
No replay auxiliary loss computed: teacher_ready = False
No replay auxiliary loss computed: teacher_ready = False
No replay auxiliary loss computed: teacher_ready = False
No replay auxiliary loss computed: teacher_ready = False
No replay auxiliary loss computed: teacher_ready = False
No replay auxiliary loss computed: teacher_ready = False
No replay auxiliary loss computed: teacher_ready = False
No replay auxiliary loss computed: teacher_ready = False
No replay auxiliary loss computed: teacher_ready = False
No replay auxiliary loss computed: teacher_ready = False
No replay auxiliary loss computed: teacher_ready = False
No replay auxiliary loss computed: teacher_ready = False
No replay auxiliary loss computed: teacher_ready = False
No replay auxiliary loss computed: teacher_ready = False
No replay auxiliary loss computed: teacher_ready = False
No replay auxiliary loss computed: teacher_ready = False
No replay auxiliary loss computed: teacher_ready = False
No replay auxiliary loss computed: teacher_ready = False
No replay auxiliary loss computed: teacher_ready = False
No replay auxiliary loss computed: teacher_ready = False
No replay auxiliary loss computed: teacher_ready = False
No replay auxiliary loss computed: teacher_ready = False
No replay auxiliary loss computed: teacher_ready = False
No replay auxiliary loss computed: teacher_ready = False
No replay auxiliary loss computed: teacher_ready = False
No replay auxiliary loss computed: teacher_ready = False
No replay auxiliary loss computed: teacher_ready = False
No replay auxiliary loss computed: teacher_ready = False
No replay auxiliary loss computed: teacher_ready = False
No replay auxiliary loss computed: teacher_ready = False
No replay auxiliary loss computed: teacher_ready = False
No replay auxiliary loss computed: teacher_ready = False
No replay auxiliary loss computed: teacher_ready = False
No replay auxiliary loss computed: teacher_ready = False
No replay auxiliary loss computed: teacher_ready = False
No replay auxiliary loss computed: teacher_ready = False
No replay auxiliary loss computed: teacher_ready = False
No replay auxiliary loss computed: teacher_ready = False
No replay auxiliary loss computed: teacher_ready = False
No replay auxiliary loss computed: teacher_ready = False
No replay auxiliary loss computed: teacher_ready = False
No replay auxiliary loss computed: teacher_ready = False
No replay auxiliary loss computed: teacher_ready = False
No replay auxiliary loss computed: teacher_ready = False
No replay auxiliary loss computed: teacher_ready = False
No replay auxiliary loss computed: teacher_ready = False
No replay auxiliary loss computed: teacher_ready = False
No replay auxiliary loss computed: teacher_ready = False
No replay auxiliary loss computed: teacher_ready = False
No replay auxiliary loss computed: teacher_ready = False
No replay auxiliary loss computed: teacher_ready = False
No replay auxiliary loss computed: teacher_ready = False
No replay auxiliary loss computed: teacher_ready = False
No replay auxiliary loss computed: teacher_ready = False
No replay auxiliary loss computed: teacher_ready = False
No replay auxiliary loss computed: teacher_ready = False
No replay auxiliary loss computed: teacher_ready = False
No replay auxiliary loss computed: teacher_ready = False
No replay auxiliary loss computed: teacher_ready = False
No replay auxiliary loss computed: teacher_ready = False
No replay auxiliary loss computed: teacher_ready = False
No replay auxiliary loss computed: teacher_ready = False
No replay auxiliary loss computed: teacher_ready = False
No replay auxiliary loss computed: teacher_ready = False
No replay auxiliary loss computed: teacher_ready = False
No replay auxiliary loss computed: teacher_ready = False
No replay auxiliary loss computed: teacher_ready = False
No replay auxiliary loss computed: teacher_ready = False
No replay auxiliary loss computed: teacher_ready = False
No replay auxiliary loss computed: teacher_ready = False
No replay auxiliary loss computed: teacher_ready = False
No replay auxiliary loss computed: teacher_ready = False
No replay auxiliary loss computed: teacher_ready = False
No replay auxiliary loss computed: teacher_ready = False
No replay auxiliary loss computed: teacher_ready = False
No replay auxiliary loss computed: teacher_ready = False
No positive cells found.
No positive cells found.
                   all        186      15849      0.141     0.0908     0.0933     0.0466

      Epoch    GPU_mem   box_loss   cls_loss   dfl_lossreplay_loss  Instances       Size
No replay auxiliary loss computed: teacher_ready = False
No replay auxiliary loss computed: teacher_ready = False
No replay auxiliary loss computed: teacher_ready = False
No replay auxiliary loss computed: teacher_ready = False
No replay auxiliary loss computed: teacher_ready = False
No replay auxiliary loss computed: teacher_ready = False
No replay auxiliary loss computed: teacher_ready = False
No replay auxiliary loss computed: teacher_ready = False
No replay auxiliary loss computed: teacher_ready = False
No replay auxiliary loss computed: teacher_ready = False
No replay auxiliary loss computed: teacher_ready = False
No replay auxiliary loss computed: teacher_ready = False
No replay auxiliary loss computed: teacher_ready = False
No replay auxiliary loss computed: teacher_ready = False
No replay auxiliary loss computed: teacher_ready = False
No replay auxiliary loss computed: teacher_ready = False
No replay auxiliary loss computed: teacher_ready = False
No replay auxiliary loss computed: teacher_ready = False
No replay auxiliary loss computed: teacher_ready = False
No replay auxiliary loss computed: teacher_ready = False
No replay auxiliary loss computed: teacher_ready = False
No replay auxiliary loss computed: teacher_ready = False
No replay auxiliary loss computed: teacher_ready = False
No replay auxiliary loss computed: teacher_ready = False
No replay auxiliary loss computed: teacher_ready = False
No replay auxiliary loss computed: teacher_ready = False
No replay auxiliary loss computed: teacher_ready = False
No replay auxiliary loss computed: teacher_ready = False
No replay auxiliary loss computed: teacher_ready = False
No replay auxiliary loss computed: teacher_ready = False
No replay auxiliary loss computed: teacher_ready = False
No replay auxiliary loss computed: teacher_ready = False
No replay auxiliary loss computed: teacher_ready = False
No replay auxiliary loss computed: teacher_ready = False
No replay auxiliary loss computed: teacher_ready = False
No replay auxiliary loss computed: teacher_ready = False
No replay auxiliary loss computed: teacher_ready = False
No replay auxiliary loss computed: teacher_ready = False
No replay auxiliary loss computed: teacher_ready = False
No replay auxiliary loss computed: teacher_ready = False
No replay auxiliary loss computed: teacher_ready = False
No replay auxiliary loss computed: teacher_ready = False
No replay auxiliary loss computed: teacher_ready = False
No replay auxiliary loss computed: teacher_ready = False
No replay auxiliary loss computed: teacher_ready = False
No replay auxiliary loss computed: teacher_ready = False
No replay auxiliary loss computed: teacher_ready = False
No replay auxiliary loss computed: teacher_ready = False
No replay auxiliary loss computed: teacher_ready = False
No replay auxiliary loss computed: teacher_ready = False
No replay auxiliary loss computed: teacher_ready = False
No replay auxiliary loss computed: teacher_ready = False
No replay auxiliary loss computed: teacher_ready = False
No replay auxiliary loss computed: teacher_ready = False
No replay auxiliary loss computed: teacher_ready = False
No replay auxiliary loss computed: teacher_ready = False
No replay auxiliary loss computed: teacher_ready = False
No replay auxiliary loss computed: teacher_ready = False
No replay auxiliary loss computed: teacher_ready = False
No replay auxiliary loss computed: teacher_ready = False
No replay auxiliary loss computed: teacher_ready = False
No replay auxiliary loss computed: teacher_ready = False
No replay auxiliary loss computed: teacher_ready = False
No replay auxiliary loss computed: teacher_ready = False
No replay auxiliary loss computed: teacher_ready = False
No replay auxiliary loss computed: teacher_ready = False
No replay auxiliary loss computed: teacher_ready = False
No replay auxiliary loss computed: teacher_ready = False
No replay auxiliary loss computed: teacher_ready = False
No replay auxiliary loss computed: teacher_ready = False
No replay auxiliary loss computed: teacher_ready = False
No replay auxiliary loss computed: teacher_ready = False
No replay auxiliary loss computed: teacher_ready = False
No replay auxiliary loss computed: teacher_ready = False
No replay auxiliary loss computed: teacher_ready = False
No replay auxiliary loss computed: teacher_ready = False
No replay auxiliary loss computed: teacher_ready = False
No positive cells found.
No positive cells found.
                   all        186      15849      0.146     0.0916      0.101     0.0496

      Epoch    GPU_mem   box_loss   cls_loss   dfl_lossreplay_loss  Instances       Size
No replay auxiliary loss computed: teacher_ready = False
No replay auxiliary loss computed: teacher_ready = False
No replay auxiliary loss computed: teacher_ready = False
No replay auxiliary loss computed: teacher_ready = False
No replay auxiliary loss computed: teacher_ready = False
No replay auxiliary loss computed: teacher_ready = False
No replay auxiliary loss computed: teacher_ready = False
No replay auxiliary loss computed: teacher_ready = False
No replay auxiliary loss computed: teacher_ready = False
No replay auxiliary loss computed: teacher_ready = False
No replay auxiliary loss computed: teacher_ready = False
No replay auxiliary loss computed: teacher_ready = False
No replay auxiliary loss computed: teacher_ready = False
No replay auxiliary loss computed: teacher_ready = False
No replay auxiliary loss computed: teacher_ready = False
No replay auxiliary loss computed: teacher_ready = False
No replay auxiliary loss computed: teacher_ready = False
No replay auxiliary loss computed: teacher_ready = False
No replay auxiliary loss computed: teacher_ready = False
No replay auxiliary loss computed: teacher_ready = False
No replay auxiliary loss computed: teacher_ready = False
No replay auxiliary loss computed: teacher_ready = False
No replay auxiliary loss computed: teacher_ready = False
No replay auxiliary loss computed: teacher_ready = False
No replay auxiliary loss computed: teacher_ready = False
No replay auxiliary loss computed: teacher_ready = False
No replay auxiliary loss computed: teacher_ready = False
No replay auxiliary loss computed: teacher_ready = False
No replay auxiliary loss computed: teacher_ready = False
No replay auxiliary loss computed: teacher_ready = False
No replay auxiliary loss computed: teacher_ready = False
No replay auxiliary loss computed: teacher_ready = False
No replay auxiliary loss computed: teacher_ready = False
No replay auxiliary loss computed: teacher_ready = False
No replay auxiliary loss computed: teacher_ready = False
No replay auxiliary loss computed: teacher_ready = False
No replay auxiliary loss computed: teacher_ready = False
No replay auxiliary loss computed: teacher_ready = False
No replay auxiliary loss computed: teacher_ready = False
No replay auxiliary loss computed: teacher_ready = False
No replay auxiliary loss computed: teacher_ready = False
No replay auxiliary loss computed: teacher_ready = False
No replay auxiliary loss computed: teacher_ready = False
No replay auxiliary loss computed: teacher_ready = False
No replay auxiliary loss computed: teacher_ready = False
No replay auxiliary loss computed: teacher_ready = False
No replay auxiliary loss computed: teacher_ready = False
No replay auxiliary loss computed: teacher_ready = False
No replay auxiliary loss computed: teacher_ready = False
No replay auxiliary loss computed: teacher_ready = False
No replay auxiliary loss computed: teacher_ready = False
No replay auxiliary loss computed: teacher_ready = False
No replay auxiliary loss computed: teacher_ready = False
No replay auxiliary loss computed: teacher_ready = False
No replay auxiliary loss computed: teacher_ready = False
No replay auxiliary loss computed: teacher_ready = False
No replay auxiliary loss computed: teacher_ready = False
No replay auxiliary loss computed: teacher_ready = False
No replay auxiliary loss computed: teacher_ready = False
No replay auxiliary loss computed: teacher_ready = False
No replay auxiliary loss computed: teacher_ready = False
No replay auxiliary loss computed: teacher_ready = False
No replay auxiliary loss computed: teacher_ready = False
No replay auxiliary loss computed: teacher_ready = False
No replay auxiliary loss computed: teacher_ready = False
No replay auxiliary loss computed: teacher_ready = False
No replay auxiliary loss computed: teacher_ready = False
No replay auxiliary loss computed: teacher_ready = False
No replay auxiliary loss computed: teacher_ready = False
No replay auxiliary loss computed: teacher_ready = False
No replay auxiliary loss computed: teacher_ready = False
No replay auxiliary loss computed: teacher_ready = False
No replay auxiliary loss computed: teacher_ready = False
No replay auxiliary loss computed: teacher_ready = False
No replay auxiliary loss computed: teacher_ready = False
No replay auxiliary loss computed: teacher_ready = False
No replay auxiliary loss computed: teacher_ready = False
No positive cells found.
No positive cells found.
                   all        186      15849      0.149     0.0936      0.103     0.0521

      Epoch    GPU_mem   box_loss   cls_loss   dfl_lossreplay_loss  Instances       Size
No replay auxiliary loss computed: teacher_ready = False
No replay auxiliary loss computed: teacher_ready = False
No replay auxiliary loss computed: teacher_ready = False
No replay auxiliary loss computed: teacher_ready = False
No replay auxiliary loss computed: teacher_ready = False
No replay auxiliary loss computed: teacher_ready = False
No replay auxiliary loss computed: teacher_ready = False
No replay auxiliary loss computed: teacher_ready = False
No replay auxiliary loss computed: teacher_ready = False
No replay auxiliary loss computed: teacher_ready = False
No replay auxiliary loss computed: teacher_ready = False
No replay auxiliary loss computed: teacher_ready = False
No replay auxiliary loss computed: teacher_ready = False
No replay auxiliary loss computed: teacher_ready = False
No replay auxiliary loss computed: teacher_ready = False
No replay auxiliary loss computed: teacher_ready = False
No replay auxiliary loss computed: teacher_ready = False
No replay auxiliary loss computed: teacher_ready = False
No replay auxiliary loss computed: teacher_ready = False
No replay auxiliary loss computed: teacher_ready = False
No replay auxiliary loss computed: teacher_ready = False
No replay auxiliary loss computed: teacher_ready = False
No replay auxiliary loss computed: teacher_ready = False
No replay auxiliary loss computed: teacher_ready = False
No replay auxiliary loss computed: teacher_ready = False
No replay auxiliary loss computed: teacher_ready = False
No replay auxiliary loss computed: teacher_ready = False
No replay auxiliary loss computed: teacher_ready = False
No replay auxiliary loss computed: teacher_ready = False
No replay auxiliary loss computed: teacher_ready = False
No replay auxiliary loss computed: teacher_ready = False
No replay auxiliary loss computed: teacher_ready = False
No replay auxiliary loss computed: teacher_ready = False
No replay auxiliary loss computed: teacher_ready = False
No replay auxiliary loss computed: teacher_ready = False
No replay auxiliary loss computed: teacher_ready = False
No replay auxiliary loss computed: teacher_ready = False
No replay auxiliary loss computed: teacher_ready = False
No replay auxiliary loss computed: teacher_ready = False
No replay auxiliary loss computed: teacher_ready = False
No replay auxiliary loss computed: teacher_ready = False
No replay auxiliary loss computed: teacher_ready = False
No replay auxiliary loss computed: teacher_ready = False
No replay auxiliary loss computed: teacher_ready = False
No replay auxiliary loss computed: teacher_ready = False
No replay auxiliary loss computed: teacher_ready = False
No replay auxiliary loss computed: teacher_ready = False
No replay auxiliary loss computed: teacher_ready = False
No replay auxiliary loss computed: teacher_ready = False
No replay auxiliary loss computed: teacher_ready = False
No replay auxiliary loss computed: teacher_ready = False
No replay auxiliary loss computed: teacher_ready = False
No replay auxiliary loss computed: teacher_ready = False
No replay auxiliary loss computed: teacher_ready = False
No replay auxiliary loss computed: teacher_ready = False
No replay auxiliary loss computed: teacher_ready = False
No replay auxiliary loss computed: teacher_ready = False
No replay auxiliary loss computed: teacher_ready = False
No replay auxiliary loss computed: teacher_ready = False
No replay auxiliary loss computed: teacher_ready = False
No replay auxiliary loss computed: teacher_ready = False
No replay auxiliary loss computed: teacher_ready = False
No replay auxiliary loss computed: teacher_ready = False
No replay auxiliary loss computed: teacher_ready = False
No replay auxiliary loss computed: teacher_ready = False
No replay auxiliary loss computed: teacher_ready = False
No replay auxiliary loss computed: teacher_ready = False
No replay auxiliary loss computed: teacher_ready = False
No replay auxiliary loss computed: teacher_ready = False
No replay auxiliary loss computed: teacher_ready = False
No replay auxiliary loss computed: teacher_ready = False
No replay auxiliary loss computed: teacher_ready = False
No replay auxiliary loss computed: teacher_ready = False
No replay auxiliary loss computed: teacher_ready = False
No replay auxiliary loss computed: teacher_ready = False
No replay auxiliary loss computed: teacher_ready = False
No replay auxiliary loss computed: teacher_ready = False
No positive cells found.
No positive cells found.
                   all        186      15849      0.152     0.0879      0.101      0.051

      Epoch    GPU_mem   box_loss   cls_loss   dfl_lossreplay_loss  Instances       Size
No replay auxiliary loss computed: teacher_ready = False
No replay auxiliary loss computed: teacher_ready = False
No replay auxiliary loss computed: teacher_ready = False
No replay auxiliary loss computed: teacher_ready = False
No replay auxiliary loss computed: teacher_ready = False
No replay auxiliary loss computed: teacher_ready = False
No replay auxiliary loss computed: teacher_ready = False
No replay auxiliary loss computed: teacher_ready = False
No replay auxiliary loss computed: teacher_ready = False
No replay auxiliary loss computed: teacher_ready = False
No replay auxiliary loss computed: teacher_ready = False
No replay auxiliary loss computed: teacher_ready = False
No replay auxiliary loss computed: teacher_ready = False
No replay auxiliary loss computed: teacher_ready = False
No replay auxiliary loss computed: teacher_ready = False
No replay auxiliary loss computed: teacher_ready = False
No replay auxiliary loss computed: teacher_ready = False
No replay auxiliary loss computed: teacher_ready = False
No replay auxiliary loss computed: teacher_ready = False
No replay auxiliary loss computed: teacher_ready = False
No replay auxiliary loss computed: teacher_ready = False
No replay auxiliary loss computed: teacher_ready = False
No replay auxiliary loss computed: teacher_ready = False
No replay auxiliary loss computed: teacher_ready = False
No replay auxiliary loss computed: teacher_ready = False
No replay auxiliary loss computed: teacher_ready = False
No replay auxiliary loss computed: teacher_ready = False
No replay auxiliary loss computed: teacher_ready = False
No replay auxiliary loss computed: teacher_ready = False
No replay auxiliary loss computed: teacher_ready = False
No replay auxiliary loss computed: teacher_ready = False
No replay auxiliary loss computed: teacher_ready = False
No replay auxiliary loss computed: teacher_ready = False
No replay auxiliary loss computed: teacher_ready = False
No replay auxiliary loss computed: teacher_ready = False
No replay auxiliary loss computed: teacher_ready = False
No replay auxiliary loss computed: teacher_ready = False
No replay auxiliary loss computed: teacher_ready = False
No replay auxiliary loss computed: teacher_ready = False
No replay auxiliary loss computed: teacher_ready = False
No replay auxiliary loss computed: teacher_ready = False
No replay auxiliary loss computed: teacher_ready = False
No replay auxiliary loss computed: teacher_ready = False
No replay auxiliary loss computed: teacher_ready = False
No replay auxiliary loss computed: teacher_ready = False
No replay auxiliary loss computed: teacher_ready = False
No replay auxiliary loss computed: teacher_ready = False
No replay auxiliary loss computed: teacher_ready = False
No replay auxiliary loss computed: teacher_ready = False
No replay auxiliary loss computed: teacher_ready = False
No replay auxiliary loss computed: teacher_ready = False
No replay auxiliary loss computed: teacher_ready = False
No replay auxiliary loss computed: teacher_ready = False
No replay auxiliary loss computed: teacher_ready = False
No replay auxiliary loss computed: teacher_ready = False
No replay auxiliary loss computed: teacher_ready = False
No replay auxiliary loss computed: teacher_ready = False
No replay auxiliary loss computed: teacher_ready = False
No replay auxiliary loss computed: teacher_ready = False
No replay auxiliary loss computed: teacher_ready = False
No replay auxiliary loss computed: teacher_ready = False
No replay auxiliary loss computed: teacher_ready = False
No replay auxiliary loss computed: teacher_ready = False
No replay auxiliary loss computed: teacher_ready = False
No replay auxiliary loss computed: teacher_ready = False
No replay auxiliary loss computed: teacher_ready = False
No replay auxiliary loss computed: teacher_ready = False
No replay auxiliary loss computed: teacher_ready = False
No replay auxiliary loss computed: teacher_ready = False
No replay auxiliary loss computed: teacher_ready = False
No replay auxiliary loss computed: teacher_ready = False
No replay auxiliary loss computed: teacher_ready = False
No replay auxiliary loss computed: teacher_ready = False
No replay auxiliary loss computed: teacher_ready = False
No replay auxiliary loss computed: teacher_ready = False
No replay auxiliary loss computed: teacher_ready = False
No replay auxiliary loss computed: teacher_ready = False
No positive cells found.
No positive cells found.
                   all        186      15849       0.15     0.0839      0.096     0.0477

      Epoch    GPU_mem   box_loss   cls_loss   dfl_lossreplay_loss  Instances       Size
No replay auxiliary loss computed: teacher_ready = False
No replay auxiliary loss computed: teacher_ready = False
No replay auxiliary loss computed: teacher_ready = False
No replay auxiliary loss computed: teacher_ready = False
No replay auxiliary loss computed: teacher_ready = False
No replay auxiliary loss computed: teacher_ready = False
No replay auxiliary loss computed: teacher_ready = False
No replay auxiliary loss computed: teacher_ready = False
No replay auxiliary loss computed: teacher_ready = False
No replay auxiliary loss computed: teacher_ready = False
No replay auxiliary loss computed: teacher_ready = False
No replay auxiliary loss computed: teacher_ready = False
No replay auxiliary loss computed: teacher_ready = False
No replay auxiliary loss computed: teacher_ready = False
No replay auxiliary loss computed: teacher_ready = False
No replay auxiliary loss computed: teacher_ready = False
No replay auxiliary loss computed: teacher_ready = False
No replay auxiliary loss computed: teacher_ready = False
No replay auxiliary loss computed: teacher_ready = False
No replay auxiliary loss computed: teacher_ready = False
No replay auxiliary loss computed: teacher_ready = False
No replay auxiliary loss computed: teacher_ready = False
No replay auxiliary loss computed: teacher_ready = False
No replay auxiliary loss computed: teacher_ready = False
No replay auxiliary loss computed: teacher_ready = False
No replay auxiliary loss computed: teacher_ready = False
No replay auxiliary loss computed: teacher_ready = False
No replay auxiliary loss computed: teacher_ready = False
No replay auxiliary loss computed: teacher_ready = False
No replay auxiliary loss computed: teacher_ready = False
No replay auxiliary loss computed: teacher_ready = False
No replay auxiliary loss computed: teacher_ready = False
No replay auxiliary loss computed: teacher_ready = False
No replay auxiliary loss computed: teacher_ready = False
No replay auxiliary loss computed: teacher_ready = False
No replay auxiliary loss computed: teacher_ready = False
No replay auxiliary loss computed: teacher_ready = False
No replay auxiliary loss computed: teacher_ready = False
No replay auxiliary loss computed: teacher_ready = False
No replay auxiliary loss computed: teacher_ready = False
No replay auxiliary loss computed: teacher_ready = False
No replay auxiliary loss computed: teacher_ready = False
No replay auxiliary loss computed: teacher_ready = False
No replay auxiliary loss computed: teacher_ready = False
No replay auxiliary loss computed: teacher_ready = False
No replay auxiliary loss computed: teacher_ready = False
No replay auxiliary loss computed: teacher_ready = False
No replay auxiliary loss computed: teacher_ready = False
No replay auxiliary loss computed: teacher_ready = False
No replay auxiliary loss computed: teacher_ready = False
No replay auxiliary loss computed: teacher_ready = False
No replay auxiliary loss computed: teacher_ready = False
No replay auxiliary loss computed: teacher_ready = False
No replay auxiliary loss computed: teacher_ready = False
No replay auxiliary loss computed: teacher_ready = False
No replay auxiliary loss computed: teacher_ready = False
No replay auxiliary loss computed: teacher_ready = False
No replay auxiliary loss computed: teacher_ready = False
No replay auxiliary loss computed: teacher_ready = False
No replay auxiliary loss computed: teacher_ready = False
No replay auxiliary loss computed: teacher_ready = False
No replay auxiliary loss computed: teacher_ready = False
No replay auxiliary loss computed: teacher_ready = False
No replay auxiliary loss computed: teacher_ready = False
No replay auxiliary loss computed: teacher_ready = False
No replay auxiliary loss computed: teacher_ready = False
No replay auxiliary loss computed: teacher_ready = False
No replay auxiliary loss computed: teacher_ready = False
No replay auxiliary loss computed: teacher_ready = False
No replay auxiliary loss computed: teacher_ready = False
No replay auxiliary loss computed: teacher_ready = False
No replay auxiliary loss computed: teacher_ready = False
No replay auxiliary loss computed: teacher_ready = False
No replay auxiliary loss computed: teacher_ready = False
No replay auxiliary loss computed: teacher_ready = False
No replay auxiliary loss computed: teacher_ready = False
No replay auxiliary loss computed: teacher_ready = False
No positive cells found.
No positive cells found.
                   all        186      15849       0.15     0.0829     0.0933     0.0464
Closing dataloader mosaic

      Epoch    GPU_mem   box_loss   cls_loss   dfl_lossreplay_loss  Instances       Size
No replay auxiliary loss computed: teacher_ready = False
No replay auxiliary loss computed: teacher_ready = False
No replay auxiliary loss computed: teacher_ready = False
No replay auxiliary loss computed: teacher_ready = False
No replay auxiliary loss computed: teacher_ready = False
No replay auxiliary loss computed: teacher_ready = False
No replay auxiliary loss computed: teacher_ready = False
No replay auxiliary loss computed: teacher_ready = False
No replay auxiliary loss computed: teacher_ready = False
No replay auxiliary loss computed: teacher_ready = False
No replay auxiliary loss computed: teacher_ready = False
No replay auxiliary loss computed: teacher_ready = False
No replay auxiliary loss computed: teacher_ready = False
No replay auxiliary loss computed: teacher_ready = False
No replay auxiliary loss computed: teacher_ready = False
No replay auxiliary loss computed: teacher_ready = False
No replay auxiliary loss computed: teacher_ready = False
No replay auxiliary loss computed: teacher_ready = False
No replay auxiliary loss computed: teacher_ready = False
No replay auxiliary loss computed: teacher_ready = False
No replay auxiliary loss computed: teacher_ready = False
No replay auxiliary loss computed: teacher_ready = False
No replay auxiliary loss computed: teacher_ready = False
No replay auxiliary loss computed: teacher_ready = False
No replay auxiliary loss computed: teacher_ready = False
No replay auxiliary loss computed: teacher_ready = False
No replay auxiliary loss computed: teacher_ready = False
No replay auxiliary loss computed: teacher_ready = False
No replay auxiliary loss computed: teacher_ready = False
No replay auxiliary loss computed: teacher_ready = False
No replay auxiliary loss computed: teacher_ready = False
No replay auxiliary loss computed: teacher_ready = False
No replay auxiliary loss computed: teacher_ready = False
No replay auxiliary loss computed: teacher_ready = False
No replay auxiliary loss computed: teacher_ready = False
No replay auxiliary loss computed: teacher_ready = False
No replay auxiliary loss computed: teacher_ready = False
No replay auxiliary loss computed: teacher_ready = False
No replay auxiliary loss computed: teacher_ready = False
No replay auxiliary loss computed: teacher_ready = False
No replay auxiliary loss computed: teacher_ready = False
No replay auxiliary loss computed: teacher_ready = False
No replay auxiliary loss computed: teacher_ready = False
No replay auxiliary loss computed: teacher_ready = False
No replay auxiliary loss computed: teacher_ready = False
No replay auxiliary loss computed: teacher_ready = False
No replay auxiliary loss computed: teacher_ready = False
No replay auxiliary loss computed: teacher_ready = False
No replay auxiliary loss computed: teacher_ready = False
No replay auxiliary loss computed: teacher_ready = False
No replay auxiliary loss computed: teacher_ready = False
No replay auxiliary loss computed: teacher_ready = False
No replay auxiliary loss computed: teacher_ready = False
No replay auxiliary loss computed: teacher_ready = False
No replay auxiliary loss computed: teacher_ready = False
No replay auxiliary loss computed: teacher_ready = False
No replay auxiliary loss computed: teacher_ready = False
No replay auxiliary loss computed: teacher_ready = False
No replay auxiliary loss computed: teacher_ready = False
No replay auxiliary loss computed: teacher_ready = False
No replay auxiliary loss computed: teacher_ready = False
No replay auxiliary loss computed: teacher_ready = False
No replay auxiliary loss computed: teacher_ready = False
No replay auxiliary loss computed: teacher_ready = False
No replay auxiliary loss computed: teacher_ready = False
No replay auxiliary loss computed: teacher_ready = False
No replay auxiliary loss computed: teacher_ready = False
No replay auxiliary loss computed: teacher_ready = False
No replay auxiliary loss computed: teacher_ready = False
No replay auxiliary loss computed: teacher_ready = False
No replay auxiliary loss computed: teacher_ready = False
No replay auxiliary loss computed: teacher_ready = False
No replay auxiliary loss computed: teacher_ready = False
No replay auxiliary loss computed: teacher_ready = False
No replay auxiliary loss computed: teacher_ready = False
No replay auxiliary loss computed: teacher_ready = False
No replay auxiliary loss computed: teacher_ready = False
No positive cells found.
No positive cells found.
                   all        186      15849      0.148     0.0802     0.0896     0.0436

      Epoch    GPU_mem   box_loss   cls_loss   dfl_lossreplay_loss  Instances       Size
No replay auxiliary loss computed: teacher_ready = False
No replay auxiliary loss computed: teacher_ready = False
No replay auxiliary loss computed: teacher_ready = False
No replay auxiliary loss computed: teacher_ready = False
No replay auxiliary loss computed: teacher_ready = False
No replay auxiliary loss computed: teacher_ready = False
No replay auxiliary loss computed: teacher_ready = False
No replay auxiliary loss computed: teacher_ready = False
No replay auxiliary loss computed: teacher_ready = False
No replay auxiliary loss computed: teacher_ready = False
No replay auxiliary loss computed: teacher_ready = False
No replay auxiliary loss computed: teacher_ready = False
No replay auxiliary loss computed: teacher_ready = False
No replay auxiliary loss computed: teacher_ready = False
No replay auxiliary loss computed: teacher_ready = False
No replay auxiliary loss computed: teacher_ready = False
No replay auxiliary loss computed: teacher_ready = False
No replay auxiliary loss computed: teacher_ready = False
No replay auxiliary loss computed: teacher_ready = False
No replay auxiliary loss computed: teacher_ready = False
No replay auxiliary loss computed: teacher_ready = False
No replay auxiliary loss computed: teacher_ready = False
No replay auxiliary loss computed: teacher_ready = False
No replay auxiliary loss computed: teacher_ready = False
No replay auxiliary loss computed: teacher_ready = False
No replay auxiliary loss computed: teacher_ready = False
No replay auxiliary loss computed: teacher_ready = False
No replay auxiliary loss computed: teacher_ready = False
No replay auxiliary loss computed: teacher_ready = False
No replay auxiliary loss computed: teacher_ready = False
No replay auxiliary loss computed: teacher_ready = False
No replay auxiliary loss computed: teacher_ready = False
No replay auxiliary loss computed: teacher_ready = False
No replay auxiliary loss computed: teacher_ready = False
No replay auxiliary loss computed: teacher_ready = False
No replay auxiliary loss computed: teacher_ready = False
No replay auxiliary loss computed: teacher_ready = False
No replay auxiliary loss computed: teacher_ready = False
No replay auxiliary loss computed: teacher_ready = False
No replay auxiliary loss computed: teacher_ready = False
No replay auxiliary loss computed: teacher_ready = False
No replay auxiliary loss computed: teacher_ready = False
No replay auxiliary loss computed: teacher_ready = False
No replay auxiliary loss computed: teacher_ready = False
No replay auxiliary loss computed: teacher_ready = False
No replay auxiliary loss computed: teacher_ready = False
No replay auxiliary loss computed: teacher_ready = False
No replay auxiliary loss computed: teacher_ready = False
No replay auxiliary loss computed: teacher_ready = False
No replay auxiliary loss computed: teacher_ready = False
No replay auxiliary loss computed: teacher_ready = False
No replay auxiliary loss computed: teacher_ready = False
No replay auxiliary loss computed: teacher_ready = False
No replay auxiliary loss computed: teacher_ready = False
No replay auxiliary loss computed: teacher_ready = False
No replay auxiliary loss computed: teacher_ready = False
No replay auxiliary loss computed: teacher_ready = False
No replay auxiliary loss computed: teacher_ready = False
No replay auxiliary loss computed: teacher_ready = False
No replay auxiliary loss computed: teacher_ready = False
No replay auxiliary loss computed: teacher_ready = False
No replay auxiliary loss computed: teacher_ready = False
No replay auxiliary loss computed: teacher_ready = False
No replay auxiliary loss computed: teacher_ready = False
No replay auxiliary loss computed: teacher_ready = False
No replay auxiliary loss computed: teacher_ready = False
No replay auxiliary loss computed: teacher_ready = False
No replay auxiliary loss computed: teacher_ready = False
No replay auxiliary loss computed: teacher_ready = False
No replay auxiliary loss computed: teacher_ready = False
No replay auxiliary loss computed: teacher_ready = False
No replay auxiliary loss computed: teacher_ready = False
No replay auxiliary loss computed: teacher_ready = False
No replay auxiliary loss computed: teacher_ready = False
No replay auxiliary loss computed: teacher_ready = False
No replay auxiliary loss computed: teacher_ready = False
No replay auxiliary loss computed: teacher_ready = False
No positive cells found.
No positive cells found.
                   all        186      15849      0.147     0.0892     0.0986     0.0482

      Epoch    GPU_mem   box_loss   cls_loss   dfl_lossreplay_loss  Instances       Size
No replay auxiliary loss computed: teacher_ready = False
No replay auxiliary loss computed: teacher_ready = False
No replay auxiliary loss computed: teacher_ready = False
No replay auxiliary loss computed: teacher_ready = False
No replay auxiliary loss computed: teacher_ready = False
No replay auxiliary loss computed: teacher_ready = False
No replay auxiliary loss computed: teacher_ready = False
No replay auxiliary loss computed: teacher_ready = False
No replay auxiliary loss computed: teacher_ready = False
No replay auxiliary loss computed: teacher_ready = False
No replay auxiliary loss computed: teacher_ready = False
No replay auxiliary loss computed: teacher_ready = False
No replay auxiliary loss computed: teacher_ready = False
No replay auxiliary loss computed: teacher_ready = False
No replay auxiliary loss computed: teacher_ready = False
No replay auxiliary loss computed: teacher_ready = False
No replay auxiliary loss computed: teacher_ready = False
No replay auxiliary loss computed: teacher_ready = False
No replay auxiliary loss computed: teacher_ready = False
No replay auxiliary loss computed: teacher_ready = False
No replay auxiliary loss computed: teacher_ready = False
No replay auxiliary loss computed: teacher_ready = False
No replay auxiliary loss computed: teacher_ready = False
No replay auxiliary loss computed: teacher_ready = False
No replay auxiliary loss computed: teacher_ready = False
No replay auxiliary loss computed: teacher_ready = False
No replay auxiliary loss computed: teacher_ready = False
No replay auxiliary loss computed: teacher_ready = False
No replay auxiliary loss computed: teacher_ready = False
No replay auxiliary loss computed: teacher_ready = False
No replay auxiliary loss computed: teacher_ready = False
No replay auxiliary loss computed: teacher_ready = False
No replay auxiliary loss computed: teacher_ready = False
No replay auxiliary loss computed: teacher_ready = False
No replay auxiliary loss computed: teacher_ready = False
No replay auxiliary loss computed: teacher_ready = False
No replay auxiliary loss computed: teacher_ready = False
No replay auxiliary loss computed: teacher_ready = False
No replay auxiliary loss computed: teacher_ready = False
No replay auxiliary loss computed: teacher_ready = False
No replay auxiliary loss computed: teacher_ready = False
No replay auxiliary loss computed: teacher_ready = False
No replay auxiliary loss computed: teacher_ready = False
No replay auxiliary loss computed: teacher_ready = False
No replay auxiliary loss computed: teacher_ready = False
No replay auxiliary loss computed: teacher_ready = False
No replay auxiliary loss computed: teacher_ready = False
No replay auxiliary loss computed: teacher_ready = False
No replay auxiliary loss computed: teacher_ready = False
No replay auxiliary loss computed: teacher_ready = False
No replay auxiliary loss computed: teacher_ready = False
No replay auxiliary loss computed: teacher_ready = False
No replay auxiliary loss computed: teacher_ready = False
No replay auxiliary loss computed: teacher_ready = False
No replay auxiliary loss computed: teacher_ready = False
No replay auxiliary loss computed: teacher_ready = False
No replay auxiliary loss computed: teacher_ready = False
No replay auxiliary loss computed: teacher_ready = False
No replay auxiliary loss computed: teacher_ready = False
No replay auxiliary loss computed: teacher_ready = False
No replay auxiliary loss computed: teacher_ready = False
No replay auxiliary loss computed: teacher_ready = False
No replay auxiliary loss computed: teacher_ready = False
No replay auxiliary loss computed: teacher_ready = False
No replay auxiliary loss computed: teacher_ready = False
No replay auxiliary loss computed: teacher_ready = False
No replay auxiliary loss computed: teacher_ready = False
No replay auxiliary loss computed: teacher_ready = False
No replay auxiliary loss computed: teacher_ready = False
No replay auxiliary loss computed: teacher_ready = False
No replay auxiliary loss computed: teacher_ready = False
No replay auxiliary loss computed: teacher_ready = False
No replay auxiliary loss computed: teacher_ready = False
No replay auxiliary loss computed: teacher_ready = False
No replay auxiliary loss computed: teacher_ready = False
No replay auxiliary loss computed: teacher_ready = False
No replay auxiliary loss computed: teacher_ready = False
No positive cells found.
No positive cells found.
                   all        186      15849      0.143     0.0878     0.0963     0.0465

      Epoch    GPU_mem   box_loss   cls_loss   dfl_lossreplay_loss  Instances       Size
No replay auxiliary loss computed: teacher_ready = False
No replay auxiliary loss computed: teacher_ready = False
No replay auxiliary loss computed: teacher_ready = False
No replay auxiliary loss computed: teacher_ready = False
No replay auxiliary loss computed: teacher_ready = False
No replay auxiliary loss computed: teacher_ready = False
No replay auxiliary loss computed: teacher_ready = False
No replay auxiliary loss computed: teacher_ready = False
No replay auxiliary loss computed: teacher_ready = False
No replay auxiliary loss computed: teacher_ready = False
No replay auxiliary loss computed: teacher_ready = False
No replay auxiliary loss computed: teacher_ready = False
No replay auxiliary loss computed: teacher_ready = False
No replay auxiliary loss computed: teacher_ready = False
No replay auxiliary loss computed: teacher_ready = False
No replay auxiliary loss computed: teacher_ready = False
No replay auxiliary loss computed: teacher_ready = False
No replay auxiliary loss computed: teacher_ready = False
No replay auxiliary loss computed: teacher_ready = False
No replay auxiliary loss computed: teacher_ready = False
No replay auxiliary loss computed: teacher_ready = False
No replay auxiliary loss computed: teacher_ready = False
No replay auxiliary loss computed: teacher_ready = False
No replay auxiliary loss computed: teacher_ready = False
No replay auxiliary loss computed: teacher_ready = False
No replay auxiliary loss computed: teacher_ready = False
No replay auxiliary loss computed: teacher_ready = False
No replay auxiliary loss computed: teacher_ready = False
No replay auxiliary loss computed: teacher_ready = False
No replay auxiliary loss computed: teacher_ready = False
No replay auxiliary loss computed: teacher_ready = False
No replay auxiliary loss computed: teacher_ready = False
No replay auxiliary loss computed: teacher_ready = False
No replay auxiliary loss computed: teacher_ready = False
No replay auxiliary loss computed: teacher_ready = False
No replay auxiliary loss computed: teacher_ready = False
No replay auxiliary loss computed: teacher_ready = False
No replay auxiliary loss computed: teacher_ready = False
No replay auxiliary loss computed: teacher_ready = False
No replay auxiliary loss computed: teacher_ready = False
No replay auxiliary loss computed: teacher_ready = False
No replay auxiliary loss computed: teacher_ready = False
No replay auxiliary loss computed: teacher_ready = False
No replay auxiliary loss computed: teacher_ready = False
No replay auxiliary loss computed: teacher_ready = False
No replay auxiliary loss computed: teacher_ready = False
No replay auxiliary loss computed: teacher_ready = False
No replay auxiliary loss computed: teacher_ready = False
No replay auxiliary loss computed: teacher_ready = False
No replay auxiliary loss computed: teacher_ready = False
No replay auxiliary loss computed: teacher_ready = False
No replay auxiliary loss computed: teacher_ready = False
No replay auxiliary loss computed: teacher_ready = False
No replay auxiliary loss computed: teacher_ready = False
No replay auxiliary loss computed: teacher_ready = False
No replay auxiliary loss computed: teacher_ready = False
No replay auxiliary loss computed: teacher_ready = False
No replay auxiliary loss computed: teacher_ready = False
No replay auxiliary loss computed: teacher_ready = False
No replay auxiliary loss computed: teacher_ready = False
No replay auxiliary loss computed: teacher_ready = False
No replay auxiliary loss computed: teacher_ready = False
No replay auxiliary loss computed: teacher_ready = False
No replay auxiliary loss computed: teacher_ready = False
No replay auxiliary loss computed: teacher_ready = False
No replay auxiliary loss computed: teacher_ready = False
No replay auxiliary loss computed: teacher_ready = False
No replay auxiliary loss computed: teacher_ready = False
No replay auxiliary loss computed: teacher_ready = False
No replay auxiliary loss computed: teacher_ready = False
No replay auxiliary loss computed: teacher_ready = False
No replay auxiliary loss computed: teacher_ready = False
No replay auxiliary loss computed: teacher_ready = False
No replay auxiliary loss computed: teacher_ready = False
No replay auxiliary loss computed: teacher_ready = False
No replay auxiliary loss computed: teacher_ready = False
No replay auxiliary loss computed: teacher_ready = False
No positive cells found.
No positive cells found.
                   all        186      15849      0.145     0.0888     0.0992     0.0488

      Epoch    GPU_mem   box_loss   cls_loss   dfl_lossreplay_loss  Instances       Size
No replay auxiliary loss computed: teacher_ready = False
No replay auxiliary loss computed: teacher_ready = False
No replay auxiliary loss computed: teacher_ready = False
No replay auxiliary loss computed: teacher_ready = False
No replay auxiliary loss computed: teacher_ready = False
No replay auxiliary loss computed: teacher_ready = False
No replay auxiliary loss computed: teacher_ready = False
No replay auxiliary loss computed: teacher_ready = False
No replay auxiliary loss computed: teacher_ready = False
No replay auxiliary loss computed: teacher_ready = False
No replay auxiliary loss computed: teacher_ready = False
No replay auxiliary loss computed: teacher_ready = False
No replay auxiliary loss computed: teacher_ready = False
No replay auxiliary loss computed: teacher_ready = False
No replay auxiliary loss computed: teacher_ready = False
No replay auxiliary loss computed: teacher_ready = False
No replay auxiliary loss computed: teacher_ready = False
No replay auxiliary loss computed: teacher_ready = False
No replay auxiliary loss computed: teacher_ready = False
No replay auxiliary loss computed: teacher_ready = False
No replay auxiliary loss computed: teacher_ready = False
No replay auxiliary loss computed: teacher_ready = False
No replay auxiliary loss computed: teacher_ready = False
No replay auxiliary loss computed: teacher_ready = False
No replay auxiliary loss computed: teacher_ready = False
No replay auxiliary loss computed: teacher_ready = False
No replay auxiliary loss computed: teacher_ready = False
No replay auxiliary loss computed: teacher_ready = False
No replay auxiliary loss computed: teacher_ready = False
No replay auxiliary loss computed: teacher_ready = False
No replay auxiliary loss computed: teacher_ready = False
No replay auxiliary loss computed: teacher_ready = False
No replay auxiliary loss computed: teacher_ready = False
No replay auxiliary loss computed: teacher_ready = False
No replay auxiliary loss computed: teacher_ready = False
No replay auxiliary loss computed: teacher_ready = False
No replay auxiliary loss computed: teacher_ready = False
No replay auxiliary loss computed: teacher_ready = False
No replay auxiliary loss computed: teacher_ready = False
No replay auxiliary loss computed: teacher_ready = False
No replay auxiliary loss computed: teacher_ready = False
No replay auxiliary loss computed: teacher_ready = False
No replay auxiliary loss computed: teacher_ready = False
No replay auxiliary loss computed: teacher_ready = False
No replay auxiliary loss computed: teacher_ready = False
No replay auxiliary loss computed: teacher_ready = False
No replay auxiliary loss computed: teacher_ready = False
No replay auxiliary loss computed: teacher_ready = False
No replay auxiliary loss computed: teacher_ready = False
No replay auxiliary loss computed: teacher_ready = False
No replay auxiliary loss computed: teacher_ready = False
No replay auxiliary loss computed: teacher_ready = False
No replay auxiliary loss computed: teacher_ready = False
No replay auxiliary loss computed: teacher_ready = False
No replay auxiliary loss computed: teacher_ready = False
No replay auxiliary loss computed: teacher_ready = False
No replay auxiliary loss computed: teacher_ready = False
No replay auxiliary loss computed: teacher_ready = False
No replay auxiliary loss computed: teacher_ready = False
No replay auxiliary loss computed: teacher_ready = False
No replay auxiliary loss computed: teacher_ready = False
No replay auxiliary loss computed: teacher_ready = False
No replay auxiliary loss computed: teacher_ready = False
No replay auxiliary loss computed: teacher_ready = False
No replay auxiliary loss computed: teacher_ready = False
No replay auxiliary loss computed: teacher_ready = False
No replay auxiliary loss computed: teacher_ready = False
No replay auxiliary loss computed: teacher_ready = False
No replay auxiliary loss computed: teacher_ready = False
No replay auxiliary loss computed: teacher_ready = False
No replay auxiliary loss computed: teacher_ready = False
No replay auxiliary loss computed: teacher_ready = False
No replay auxiliary loss computed: teacher_ready = False
No replay auxiliary loss computed: teacher_ready = False
No replay auxiliary loss computed: teacher_ready = False
No replay auxiliary loss computed: teacher_ready = False
No replay auxiliary loss computed: teacher_ready = False
No positive cells found.
No positive cells found.
                   all        186      15849      0.152     0.0946      0.104     0.0518

      Epoch    GPU_mem   box_loss   cls_loss   dfl_lossreplay_loss  Instances       Size
No replay auxiliary loss computed: teacher_ready = False
No replay auxiliary loss computed: teacher_ready = False
No replay auxiliary loss computed: teacher_ready = False
No replay auxiliary loss computed: teacher_ready = False
No replay auxiliary loss computed: teacher_ready = False
No replay auxiliary loss computed: teacher_ready = False
No replay auxiliary loss computed: teacher_ready = False
No replay auxiliary loss computed: teacher_ready = False
No replay auxiliary loss computed: teacher_ready = False
No replay auxiliary loss computed: teacher_ready = False
No replay auxiliary loss computed: teacher_ready = False
No replay auxiliary loss computed: teacher_ready = False
No replay auxiliary loss computed: teacher_ready = False
No replay auxiliary loss computed: teacher_ready = False
No replay auxiliary loss computed: teacher_ready = False
No replay auxiliary loss computed: teacher_ready = False
No replay auxiliary loss computed: teacher_ready = False
No replay auxiliary loss computed: teacher_ready = False
No replay auxiliary loss computed: teacher_ready = False
No replay auxiliary loss computed: teacher_ready = False
No replay auxiliary loss computed: teacher_ready = False
No replay auxiliary loss computed: teacher_ready = False
No replay auxiliary loss computed: teacher_ready = False
No replay auxiliary loss computed: teacher_ready = False
No replay auxiliary loss computed: teacher_ready = False
No replay auxiliary loss computed: teacher_ready = False
No replay auxiliary loss computed: teacher_ready = False
No replay auxiliary loss computed: teacher_ready = False
No replay auxiliary loss computed: teacher_ready = False
No replay auxiliary loss computed: teacher_ready = False
No replay auxiliary loss computed: teacher_ready = False
No replay auxiliary loss computed: teacher_ready = False
No replay auxiliary loss computed: teacher_ready = False
No replay auxiliary loss computed: teacher_ready = False
No replay auxiliary loss computed: teacher_ready = False
No replay auxiliary loss computed: teacher_ready = False
No replay auxiliary loss computed: teacher_ready = False
No replay auxiliary loss computed: teacher_ready = False
No replay auxiliary loss computed: teacher_ready = False
No replay auxiliary loss computed: teacher_ready = False
No replay auxiliary loss computed: teacher_ready = False
No replay auxiliary loss computed: teacher_ready = False
No replay auxiliary loss computed: teacher_ready = False
No replay auxiliary loss computed: teacher_ready = False
No replay auxiliary loss computed: teacher_ready = False
No replay auxiliary loss computed: teacher_ready = False
No replay auxiliary loss computed: teacher_ready = False
No replay auxiliary loss computed: teacher_ready = False
No replay auxiliary loss computed: teacher_ready = False
No replay auxiliary loss computed: teacher_ready = False
No replay auxiliary loss computed: teacher_ready = False
No replay auxiliary loss computed: teacher_ready = False
No replay auxiliary loss computed: teacher_ready = False
No replay auxiliary loss computed: teacher_ready = False
No replay auxiliary loss computed: teacher_ready = False
No replay auxiliary loss computed: teacher_ready = False
No replay auxiliary loss computed: teacher_ready = False
No replay auxiliary loss computed: teacher_ready = False
No replay auxiliary loss computed: teacher_ready = False
No replay auxiliary loss computed: teacher_ready = False
No replay auxiliary loss computed: teacher_ready = False
No replay auxiliary loss computed: teacher_ready = False
No replay auxiliary loss computed: teacher_ready = False
No replay auxiliary loss computed: teacher_ready = False
No replay auxiliary loss computed: teacher_ready = False
No replay auxiliary loss computed: teacher_ready = False
No replay auxiliary loss computed: teacher_ready = False
No replay auxiliary loss computed: teacher_ready = False
No replay auxiliary loss computed: teacher_ready = False
No replay auxiliary loss computed: teacher_ready = False
No replay auxiliary loss computed: teacher_ready = False
No replay auxiliary loss computed: teacher_ready = False
No replay auxiliary loss computed: teacher_ready = False
No replay auxiliary loss computed: teacher_ready = False
No replay auxiliary loss computed: teacher_ready = False
No replay auxiliary loss computed: teacher_ready = False
No replay auxiliary loss computed: teacher_ready = False
No positive cells found.
No positive cells found.
                   all        186      15849      0.153     0.0943      0.105     0.0525

      Epoch    GPU_mem   box_loss   cls_loss   dfl_lossreplay_loss  Instances       Size
No replay auxiliary loss computed: teacher_ready = False
No replay auxiliary loss computed: teacher_ready = False
No replay auxiliary loss computed: teacher_ready = False
No replay auxiliary loss computed: teacher_ready = False
No replay auxiliary loss computed: teacher_ready = False
No replay auxiliary loss computed: teacher_ready = False
No replay auxiliary loss computed: teacher_ready = False
No replay auxiliary loss computed: teacher_ready = False
No replay auxiliary loss computed: teacher_ready = False
No replay auxiliary loss computed: teacher_ready = False
No replay auxiliary loss computed: teacher_ready = False
No replay auxiliary loss computed: teacher_ready = False
No replay auxiliary loss computed: teacher_ready = False
No replay auxiliary loss computed: teacher_ready = False
No replay auxiliary loss computed: teacher_ready = False
No replay auxiliary loss computed: teacher_ready = False
No replay auxiliary loss computed: teacher_ready = False
No replay auxiliary loss computed: teacher_ready = False
No replay auxiliary loss computed: teacher_ready = False
No replay auxiliary loss computed: teacher_ready = False
No replay auxiliary loss computed: teacher_ready = False
No replay auxiliary loss computed: teacher_ready = False
No replay auxiliary loss computed: teacher_ready = False
No replay auxiliary loss computed: teacher_ready = False
No replay auxiliary loss computed: teacher_ready = False
No replay auxiliary loss computed: teacher_ready = False
No replay auxiliary loss computed: teacher_ready = False
No replay auxiliary loss computed: teacher_ready = False
No replay auxiliary loss computed: teacher_ready = False
No replay auxiliary loss computed: teacher_ready = False
No replay auxiliary loss computed: teacher_ready = False
No replay auxiliary loss computed: teacher_ready = False
No replay auxiliary loss computed: teacher_ready = False
No replay auxiliary loss computed: teacher_ready = False
No replay auxiliary loss computed: teacher_ready = False
No replay auxiliary loss computed: teacher_ready = False
No replay auxiliary loss computed: teacher_ready = False
No replay auxiliary loss computed: teacher_ready = False
No replay auxiliary loss computed: teacher_ready = False
No replay auxiliary loss computed: teacher_ready = False
No replay auxiliary loss computed: teacher_ready = False
No replay auxiliary loss computed: teacher_ready = False
No replay auxiliary loss computed: teacher_ready = False
No replay auxiliary loss computed: teacher_ready = False
No replay auxiliary loss computed: teacher_ready = False
No replay auxiliary loss computed: teacher_ready = False
No replay auxiliary loss computed: teacher_ready = False
No replay auxiliary loss computed: teacher_ready = False
No replay auxiliary loss computed: teacher_ready = False
No replay auxiliary loss computed: teacher_ready = False
No replay auxiliary loss computed: teacher_ready = False
No replay auxiliary loss computed: teacher_ready = False
No replay auxiliary loss computed: teacher_ready = False
No replay auxiliary loss computed: teacher_ready = False
No replay auxiliary loss computed: teacher_ready = False
No replay auxiliary loss computed: teacher_ready = False
No replay auxiliary loss computed: teacher_ready = False
No replay auxiliary loss computed: teacher_ready = False
No replay auxiliary loss computed: teacher_ready = False
No replay auxiliary loss computed: teacher_ready = False
No replay auxiliary loss computed: teacher_ready = False
No replay auxiliary loss computed: teacher_ready = False
No replay auxiliary loss computed: teacher_ready = False
No replay auxiliary loss computed: teacher_ready = False
No replay auxiliary loss computed: teacher_ready = False
No replay auxiliary loss computed: teacher_ready = False
No replay auxiliary loss computed: teacher_ready = False
No replay auxiliary loss computed: teacher_ready = False
No replay auxiliary loss computed: teacher_ready = False
No replay auxiliary loss computed: teacher_ready = False
No replay auxiliary loss computed: teacher_ready = False
No replay auxiliary loss computed: teacher_ready = False
No replay auxiliary loss computed: teacher_ready = False
No replay auxiliary loss computed: teacher_ready = False
No replay auxiliary loss computed: teacher_ready = False
No replay auxiliary loss computed: teacher_ready = False
No replay auxiliary loss computed: teacher_ready = False
No positive cells found.
No positive cells found.
                   all        186      15849      0.146      0.089      0.102     0.0512

      Epoch    GPU_mem   box_loss   cls_loss   dfl_lossreplay_loss  Instances       Size
No replay auxiliary loss computed: teacher_ready = False
No replay auxiliary loss computed: teacher_ready = False
No replay auxiliary loss computed: teacher_ready = False
No replay auxiliary loss computed: teacher_ready = False
No replay auxiliary loss computed: teacher_ready = False
No replay auxiliary loss computed: teacher_ready = False
No replay auxiliary loss computed: teacher_ready = False
No replay auxiliary loss computed: teacher_ready = False
No replay auxiliary loss computed: teacher_ready = False
No replay auxiliary loss computed: teacher_ready = False
No replay auxiliary loss computed: teacher_ready = False
No replay auxiliary loss computed: teacher_ready = False
No replay auxiliary loss computed: teacher_ready = False
No replay auxiliary loss computed: teacher_ready = False
No replay auxiliary loss computed: teacher_ready = False
No replay auxiliary loss computed: teacher_ready = False
No replay auxiliary loss computed: teacher_ready = False
No replay auxiliary loss computed: teacher_ready = False
No replay auxiliary loss computed: teacher_ready = False
No replay auxiliary loss computed: teacher_ready = False
No replay auxiliary loss computed: teacher_ready = False
No replay auxiliary loss computed: teacher_ready = False
No replay auxiliary loss computed: teacher_ready = False
No replay auxiliary loss computed: teacher_ready = False
No replay auxiliary loss computed: teacher_ready = False
No replay auxiliary loss computed: teacher_ready = False
No replay auxiliary loss computed: teacher_ready = False
No replay auxiliary loss computed: teacher_ready = False
No replay auxiliary loss computed: teacher_ready = False
No replay auxiliary loss computed: teacher_ready = False
No replay auxiliary loss computed: teacher_ready = False
No replay auxiliary loss computed: teacher_ready = False
No replay auxiliary loss computed: teacher_ready = False
No replay auxiliary loss computed: teacher_ready = False
No replay auxiliary loss computed: teacher_ready = False
No replay auxiliary loss computed: teacher_ready = False
No replay auxiliary loss computed: teacher_ready = False
No replay auxiliary loss computed: teacher_ready = False
No replay auxiliary loss computed: teacher_ready = False
No replay auxiliary loss computed: teacher_ready = False
No replay auxiliary loss computed: teacher_ready = False
No replay auxiliary loss computed: teacher_ready = False
No replay auxiliary loss computed: teacher_ready = False
No replay auxiliary loss computed: teacher_ready = False
No replay auxiliary loss computed: teacher_ready = False
No replay auxiliary loss computed: teacher_ready = False
No replay auxiliary loss computed: teacher_ready = False
No replay auxiliary loss computed: teacher_ready = False
No replay auxiliary loss computed: teacher_ready = False
No replay auxiliary loss computed: teacher_ready = False
No replay auxiliary loss computed: teacher_ready = False
No replay auxiliary loss computed: teacher_ready = False
No replay auxiliary loss computed: teacher_ready = False
No replay auxiliary loss computed: teacher_ready = False
No replay auxiliary loss computed: teacher_ready = False
No replay auxiliary loss computed: teacher_ready = False
No replay auxiliary loss computed: teacher_ready = False
No replay auxiliary loss computed: teacher_ready = False
No replay auxiliary loss computed: teacher_ready = False
No replay auxiliary loss computed: teacher_ready = False
No replay auxiliary loss computed: teacher_ready = False
No replay auxiliary loss computed: teacher_ready = False
No replay auxiliary loss computed: teacher_ready = False
No replay auxiliary loss computed: teacher_ready = False
No replay auxiliary loss computed: teacher_ready = False
No replay auxiliary loss computed: teacher_ready = False
No replay auxiliary loss computed: teacher_ready = False
No replay auxiliary loss computed: teacher_ready = False
No replay auxiliary loss computed: teacher_ready = False
No replay auxiliary loss computed: teacher_ready = False
No replay auxiliary loss computed: teacher_ready = False
No replay auxiliary loss computed: teacher_ready = False
No replay auxiliary loss computed: teacher_ready = False
No replay auxiliary loss computed: teacher_ready = False
No replay auxiliary loss computed: teacher_ready = False
No replay auxiliary loss computed: teacher_ready = False
No replay auxiliary loss computed: teacher_ready = False
No positive cells found.
No positive cells found.
                   all        186      15849      0.148     0.0876      0.101     0.0513

      Epoch    GPU_mem   box_loss   cls_loss   dfl_lossreplay_loss  Instances       Size
No replay auxiliary loss computed: teacher_ready = False
No replay auxiliary loss computed: teacher_ready = False
No replay auxiliary loss computed: teacher_ready = False
No replay auxiliary loss computed: teacher_ready = False
No replay auxiliary loss computed: teacher_ready = False
No replay auxiliary loss computed: teacher_ready = False
No replay auxiliary loss computed: teacher_ready = False
No replay auxiliary loss computed: teacher_ready = False
No replay auxiliary loss computed: teacher_ready = False
No replay auxiliary loss computed: teacher_ready = False
No replay auxiliary loss computed: teacher_ready = False
No replay auxiliary loss computed: teacher_ready = False
No replay auxiliary loss computed: teacher_ready = False
No replay auxiliary loss computed: teacher_ready = False
No replay auxiliary loss computed: teacher_ready = False
No replay auxiliary loss computed: teacher_ready = False
No replay auxiliary loss computed: teacher_ready = False
No replay auxiliary loss computed: teacher_ready = False
No replay auxiliary loss computed: teacher_ready = False
No replay auxiliary loss computed: teacher_ready = False
No replay auxiliary loss computed: teacher_ready = False
No replay auxiliary loss computed: teacher_ready = False
No replay auxiliary loss computed: teacher_ready = False
No replay auxiliary loss computed: teacher_ready = False
No replay auxiliary loss computed: teacher_ready = False
No replay auxiliary loss computed: teacher_ready = False
No replay auxiliary loss computed: teacher_ready = False
No replay auxiliary loss computed: teacher_ready = False
No replay auxiliary loss computed: teacher_ready = False
No replay auxiliary loss computed: teacher_ready = False
No replay auxiliary loss computed: teacher_ready = False
No replay auxiliary loss computed: teacher_ready = False
No replay auxiliary loss computed: teacher_ready = False
No replay auxiliary loss computed: teacher_ready = False
No replay auxiliary loss computed: teacher_ready = False
No replay auxiliary loss computed: teacher_ready = False
No replay auxiliary loss computed: teacher_ready = False
No replay auxiliary loss computed: teacher_ready = False
No replay auxiliary loss computed: teacher_ready = False
No replay auxiliary loss computed: teacher_ready = False
No replay auxiliary loss computed: teacher_ready = False
No replay auxiliary loss computed: teacher_ready = False
No replay auxiliary loss computed: teacher_ready = False
No replay auxiliary loss computed: teacher_ready = False
No replay auxiliary loss computed: teacher_ready = False
No replay auxiliary loss computed: teacher_ready = False
No replay auxiliary loss computed: teacher_ready = False
No replay auxiliary loss computed: teacher_ready = False
No replay auxiliary loss computed: teacher_ready = False
No replay auxiliary loss computed: teacher_ready = False
No replay auxiliary loss computed: teacher_ready = False
No replay auxiliary loss computed: teacher_ready = False
No replay auxiliary loss computed: teacher_ready = False
No replay auxiliary loss computed: teacher_ready = False
No replay auxiliary loss computed: teacher_ready = False
No replay auxiliary loss computed: teacher_ready = False
No replay auxiliary loss computed: teacher_ready = False
No replay auxiliary loss computed: teacher_ready = False
No replay auxiliary loss computed: teacher_ready = False
No replay auxiliary loss computed: teacher_ready = False
No replay auxiliary loss computed: teacher_ready = False
No replay auxiliary loss computed: teacher_ready = False
No replay auxiliary loss computed: teacher_ready = False
No replay auxiliary loss computed: teacher_ready = False
No replay auxiliary loss computed: teacher_ready = False
No replay auxiliary loss computed: teacher_ready = False
No replay auxiliary loss computed: teacher_ready = False
No replay auxiliary loss computed: teacher_ready = False
No replay auxiliary loss computed: teacher_ready = False
No replay auxiliary loss computed: teacher_ready = False
No replay auxiliary loss computed: teacher_ready = False
No replay auxiliary loss computed: teacher_ready = False
No replay auxiliary loss computed: teacher_ready = False
No replay auxiliary loss computed: teacher_ready = False
No replay auxiliary loss computed: teacher_ready = False
No replay auxiliary loss computed: teacher_ready = False
No replay auxiliary loss computed: teacher_ready = False
No positive cells found.
No positive cells found.
                   all        186      15849      0.148     0.0839     0.0993     0.0501

      Epoch    GPU_mem   box_loss   cls_loss   dfl_lossreplay_loss  Instances       Size
No replay auxiliary loss computed: teacher_ready = False
No replay auxiliary loss computed: teacher_ready = False
No replay auxiliary loss computed: teacher_ready = False
No replay auxiliary loss computed: teacher_ready = False
No replay auxiliary loss computed: teacher_ready = False
No replay auxiliary loss computed: teacher_ready = False
No replay auxiliary loss computed: teacher_ready = False
No replay auxiliary loss computed: teacher_ready = False
No replay auxiliary loss computed: teacher_ready = False
No replay auxiliary loss computed: teacher_ready = False
No replay auxiliary loss computed: teacher_ready = False
No replay auxiliary loss computed: teacher_ready = False
No replay auxiliary loss computed: teacher_ready = False
No replay auxiliary loss computed: teacher_ready = False
No replay auxiliary loss computed: teacher_ready = False
No replay auxiliary loss computed: teacher_ready = False
No replay auxiliary loss computed: teacher_ready = False
No replay auxiliary loss computed: teacher_ready = False
No replay auxiliary loss computed: teacher_ready = False
No replay auxiliary loss computed: teacher_ready = False
No replay auxiliary loss computed: teacher_ready = False
No replay auxiliary loss computed: teacher_ready = False
No replay auxiliary loss computed: teacher_ready = False
No replay auxiliary loss computed: teacher_ready = False
No replay auxiliary loss computed: teacher_ready = False
No replay auxiliary loss computed: teacher_ready = False
No replay auxiliary loss computed: teacher_ready = False
No replay auxiliary loss computed: teacher_ready = False
No replay auxiliary loss computed: teacher_ready = False
No replay auxiliary loss computed: teacher_ready = False
No replay auxiliary loss computed: teacher_ready = False
No replay auxiliary loss computed: teacher_ready = False
No replay auxiliary loss computed: teacher_ready = False
No replay auxiliary loss computed: teacher_ready = False
No replay auxiliary loss computed: teacher_ready = False
No replay auxiliary loss computed: teacher_ready = False
No replay auxiliary loss computed: teacher_ready = False
No replay auxiliary loss computed: teacher_ready = False
No replay auxiliary loss computed: teacher_ready = False
No replay auxiliary loss computed: teacher_ready = False
No replay auxiliary loss computed: teacher_ready = False
No replay auxiliary loss computed: teacher_ready = False
No replay auxiliary loss computed: teacher_ready = False
No replay auxiliary loss computed: teacher_ready = False
No replay auxiliary loss computed: teacher_ready = False
No replay auxiliary loss computed: teacher_ready = False
No replay auxiliary loss computed: teacher_ready = False
No replay auxiliary loss computed: teacher_ready = False
No replay auxiliary loss computed: teacher_ready = False
No replay auxiliary loss computed: teacher_ready = False
No replay auxiliary loss computed: teacher_ready = False
No replay auxiliary loss computed: teacher_ready = False
No replay auxiliary loss computed: teacher_ready = False
No replay auxiliary loss computed: teacher_ready = False
No replay auxiliary loss computed: teacher_ready = False
No replay auxiliary loss computed: teacher_ready = False
No replay auxiliary loss computed: teacher_ready = False
No replay auxiliary loss computed: teacher_ready = False
No replay auxiliary loss computed: teacher_ready = False
No replay auxiliary loss computed: teacher_ready = False
No replay auxiliary loss computed: teacher_ready = False
No replay auxiliary loss computed: teacher_ready = False
No replay auxiliary loss computed: teacher_ready = False
No replay auxiliary loss computed: teacher_ready = False
No replay auxiliary loss computed: teacher_ready = False
No replay auxiliary loss computed: teacher_ready = False
No replay auxiliary loss computed: teacher_ready = False
No replay auxiliary loss computed: teacher_ready = False
No replay auxiliary loss computed: teacher_ready = False
No replay auxiliary loss computed: teacher_ready = False
No replay auxiliary loss computed: teacher_ready = False
No replay auxiliary loss computed: teacher_ready = False
No replay auxiliary loss computed: teacher_ready = False
No replay auxiliary loss computed: teacher_ready = False
No replay auxiliary loss computed: teacher_ready = False
No replay auxiliary loss computed: teacher_ready = False
No replay auxiliary loss computed: teacher_ready = False
No positive cells found.
No positive cells found.
                   all        186      15849      0.148     0.0831     0.0981     0.0494

50 epochs completed in 0.298 hours.
Optimizer stripped from /home/ddwilde/scriptie/runs/dota_replay/stage3-replay/weights/last.pt, 19.1MB
Optimizer stripped from /home/ddwilde/scriptie/runs/dota_replay/stage3-replay/weights/best.pt, 19.1MB

Validating /home/ddwilde/scriptie/runs/dota_replay/stage3-replay/weights/best.pt...
EDNet 1.0 ✅ Python-3.10.4 ✅ torch-2.8.0+cu128 ✅CUDA:0 (NVIDIA A100-SXM4-40GB, 40441MiB)
ednet-s summary (fused): 394 layers, 9,296,568 parameters, 0 gradients
                   all        186      15849      0.151     0.0959      0.104     0.0528
         small-vehicle         89       5547          0          0          0          0
         large-vehicle         73       2810          0          0          0          0
                 plane         45       1720          0          0          0          0
            helicopter          5         32          0          0          0          0
                  ship         65       5740      0.754      0.479       0.52      0.264
Speed: 0.1ms preprocess, 4.8ms inference, 0.0ms loss, 0.1ms postprocess per image
Results saved to [1m/home/ddwilde/scriptie/runs/dota_replay/stage3-replay[0m
Training finished. Results saved in: /home/ddwilde/scriptie/runs/dota_replay/stage3-replay
