EDNet 1.0 ✅ Python-3.10.4 ✅ torch-2.8.0+cu128 ✅CUDA:0 (NVIDIA A100-SXM4-40GB, 40441MiB)
[34m[1mengine/trainer: [0mtask=detect, mode=train, model=/home/ddwilde/scriptie/pretrained/small.pt, data=/home/ddwilde/scriptie/yaml/DOTA-shared-stage1.yaml, epochs=50, time=None, patience=100, batch=4, imgsz=640, save=True, save_period=-1, cache=False, device=None, workers=8, project=/home/ddwilde/scriptie/runs/dota_saab2, name=stage1-saab, exist_ok=False, pretrained=True, optimizer=auto, verbose=True, seed=0, deterministic=True, single_cls=False, rect=False, cos_lr=False, close_mosaic=10, resume=False, amp=True, fraction=1.0, profile=False, freeze=None, multi_scale=False, continual={'enable': False, 'batches': [], 'adapter_strategy': 'last', 'save_history': True}, replay={'enable': True, 'buffer_per_class': 128, 'sample_per_batch': 32, 'loss_weight': 10.0, 'tiny_max_pixels': 320, 'prototypes': {'num_fine': 4}, 'box': {'enable': True, 'loss_weight': 1.0}, 'student_update_freq': 10}, kd={'enable': False, 'lambda_cls': 1.0, 'lambda_bbox': 1.0, 'top_k': 10, 'teacher_weights': None, 'teacher_nc': None, 'debug_batches': 10}, stage={'active_classes': [0, 1]}, overlap_mask=True, mask_ratio=4, dropout=0.0, val=True, split=val, save_json=False, save_hybrid=False, conf=None, iou=0.7, max_det=300, half=False, dnn=False, plots=True, per_class_tb_interval=1, source=None, vid_stride=1, stream_buffer=False, visualize=False, augment=False, agnostic_nms=False, classes=None, retina_masks=False, embed=None, show=False, save_frames=False, save_txt=False, save_conf=False, save_crop=False, show_labels=True, show_conf=True, show_boxes=True, line_width=None, format=torchscript, keras=False, optimize=False, int8=False, dynamic=False, simplify=False, opset=None, workspace=4, nms=False, lr0=0.01, lrf=0.01, momentum=0.937, weight_decay=0.0005, warmup_epochs=3.0, warmup_momentum=0.8, warmup_bias_lr=0.1, box=7.5, cls=0.5, dfl=1.5, pose=12.0, kobj=1.0, label_smoothing=0.0, nbs=64, hsv_h=0.015, hsv_s=0.7, hsv_v=0.4, degrees=0.0, translate=0.1, scale=0.5, shear=0.0, perspective=0.0, flipud=0.0, fliplr=0.5, bgr=0.0, mosaic=1.0, mixup=0.0, copy_paste=0.0, auto_augment=randaugment, erasing=0.4, crop_fraction=1.0, cfg=None, tracker=botsort.yaml, save_dir=/home/ddwilde/scriptie/runs/dota_saab2/stage1-saab
Overriding model.yaml nc=10 with nc=2

                   from  n    params  module                                       arguments                     
  0                  -1  1       928  ednet.nn.modules.conv.Conv                   [3, 32, 3, 2]                 
  1                  -1  1     18560  ednet.nn.modules.conv.Conv                   [32, 64, 3, 2]                
  2                  -1  1     29056  ednet.nn.modules.block.C2f                   [64, 64, 1, True]             
  3                  -1  1     73984  ednet.nn.modules.conv.Conv                   [64, 128, 3, 2]               
  4                  -1  2    197632  ednet.nn.modules.block.C2f                   [128, 128, 2, True]           
  5                  -1  1    295424  ednet.nn.modules.conv.Conv                   [128, 256, 3, 2]              
  6                  -1  2    420864  ednet.nn.modules.block.C2f_FCA               [256, 256, 2, True]           
  7                  -1  1   1180672  ednet.nn.modules.conv.Conv                   [256, 512, 3, 2]              
  8                  -1  1   1095680  ednet.nn.modules.block.C2f_FCA               [512, 512, 1, True]           
  9                  -1  1    656896  ednet.nn.modules.block.SPPF                  [512, 512, 5]                 
 10                  -1  1    990976  ednet.nn.modules.block.PSA                   [512, 512]                    
 11                  -1  1         0  torch.nn.modules.upsampling.Upsample         [None, 2, 'nearest']          
 12             [-1, 6]  1         0  ednet.nn.modules.conv.Concat                 [1]                           
 13                  -1  1    591360  ednet.nn.modules.block.C2f                   [768, 256, 1]                 
 14                  -1  1         0  torch.nn.modules.upsampling.Upsample         [None, 2, 'nearest']          
 15             [-1, 4]  1         0  ednet.nn.modules.conv.Concat                 [1]                           
 16                  -1  1    148224  ednet.nn.modules.block.C2f                   [384, 128, 1]                 
 17                  -1  1         0  torch.nn.modules.upsampling.Upsample         [None, 2, 'nearest']          
 18             [-1, 2]  1         0  ednet.nn.modules.conv.Concat                 [1]                           
 19                  -1  1     37248  ednet.nn.modules.block.C2f                   [192, 64, 1]                  
 20                  -1  1     36992  ednet.nn.modules.conv.Conv                   [64, 64, 3, 2]                
 21            [-1, 16]  1         0  ednet.nn.modules.conv.Concat                 [1]                           
 22                  -1  1    123648  ednet.nn.modules.block.C2f                   [192, 128, 1]                 
 23                  -1  1    147712  ednet.nn.modules.conv.Conv                   [128, 128, 3, 2]              
 24            [-1, 13]  1         0  ednet.nn.modules.conv.Concat                 [1]                           
 25                  -1  1    493056  ednet.nn.modules.block.C2f                   [384, 256, 1]                 
 26                  -1  1     68864  ednet.nn.modules.block.SCDown                [256, 256, 3, 2]              
 27             [-1, 9]  1         0  ednet.nn.modules.conv.Concat                 [1]                           
 28                  -1  1   1089536  ednet.nn.modules.block.C2fCIB                [768, 512, 1, True, True]     
 29    [19, 22, 25, 28]  1   1621664  ednet.nn.modules.head.v10Detect              [2, [64, 128, 256, 512]]      
ednet-s summary: 510 layers, 9,318,976 parameters, 9,318,960 gradients

Active classes for this stage: (0, 1)
Transferred 737/753 items from pretrained weights
Replay feature tapper initialized for detection head levels: ['P2', 'P3', 'P4']
Box replay feature tapper initialized (cv2) for levels: ['P2', 'P3', 'P4']
Box prototype replay enabled | loss_weight=1.00
[34m[1mTensorBoard: [0mStart with 'tensorboard --logdir /home/ddwilde/scriptie/runs/dota_saab2/stage1-saab', view at http://localhost:6006/
Freezing layer 'model.29.dfl.conv.weight'
[34m[1mAMP: [0mrunning Automatic Mixed Precision (AMP) checks with YOLOv8n...
[34m[1mAMP: [0mchecks passed ✅
Plotting labels to /home/ddwilde/scriptie/runs/dota_saab2/stage1-saab/labels.jpg... 
[34m[1moptimizer:[0m 'optimizer=auto' found, ignoring 'lr0=0.01' and 'momentum=0.937' and determining best 'optimizer', 'lr0' and 'momentum' automatically... 
[34m[1moptimizer:[0m AdamW(lr=0.001667, momentum=0.9) with parameter groups 117 weight(decay=0.0), 145 weight(decay=0.0005), 139 bias(decay=0.0)
Trainable params: 401 tensors (9318960 weights). Top trainable=[('model.7.conv.weight', 1179648), ('model.9.cv2.conv.weight', 524288), ('model.8.cv2.conv.weight', 393216), ('model.28.cv1.conv.weight', 393216), ('model.28.cv2.conv.weight', 393216), ('model.5.conv.weight', 294912), ('model.29.cv2.3.0.conv.weight', 294912), ('model.29.one2one_cv2.3.0.conv.weight', 294912), ('model.8.cv1.conv.weight', 262144), ('model.10.cv1.conv.weight', 262144), ('model.10.cv2.conv.weight', 262144), ('model.13.cv1.conv.weight', 196608), ('model.13.m.0.cv1.conv.weight', 147456), ('model.13.m.0.cv2.conv.weight', 147456), ('model.23.conv.weight', 147456), ('model.25.m.0.cv1.conv.weight', 147456), ('model.25.m.0.cv2.conv.weight', 147456), ('model.29.cv2.2.0.conv.weight', 147456), ('model.29.one2one_cv2.2.0.conv.weight', 147456), ('model.6.cv2.conv.weight', 131072)]
Limiting positives to classes (0, 1)
Limiting positives to classes (0, 1)
[34m[1mTensorBoard: [0mmodel graph visualization added ✅
Image sizes 640 train, 640 val
Using 8 dataloader workers
Logging results to [1m/home/ddwilde/scriptie/runs/dota_saab2/stage1-saab[0m
Starting training for 50 epochs...

      Epoch    GPU_mem   box_loss   cls_loss   dfl_loss  Instances       Size
Limiting positives to classes (0, 1)
Limiting positives to classes (0, 1)
                   all        186       8357      0.379       0.39      0.289      0.124
Saved 2885 replay embeddings to /home/ddwilde/scriptie/runs/dota_saab2/stage1-saab/replay/buffer.pt
Saved fine prototype sources to /home/ddwilde/scriptie/runs/dota_saab2/stage1-saab/replay/buffer_sources.json
Saved 2852 box replay embeddings to /home/ddwilde/scriptie/runs/dota_saab2/stage1-saab/replay/box_buffer.pt
Saved fine prototype sources to /home/ddwilde/scriptie/runs/dota_saab2/stage1-saab/replay/box_buffer_sources.json

      Epoch    GPU_mem   box_loss   cls_loss   dfl_loss  Instances       Size
                   all        186       8357      0.397      0.473      0.356      0.189
Saved 3107 replay embeddings to /home/ddwilde/scriptie/runs/dota_saab2/stage1-saab/replay/buffer.pt
Saved fine prototype sources to /home/ddwilde/scriptie/runs/dota_saab2/stage1-saab/replay/buffer_sources.json
Saved 3065 box replay embeddings to /home/ddwilde/scriptie/runs/dota_saab2/stage1-saab/replay/box_buffer.pt
Saved fine prototype sources to /home/ddwilde/scriptie/runs/dota_saab2/stage1-saab/replay/box_buffer_sources.json

      Epoch    GPU_mem   box_loss   cls_loss   dfl_loss  Instances       Size
                   all        186       8357      0.431      0.453      0.341      0.184
Saved 3182 replay embeddings to /home/ddwilde/scriptie/runs/dota_saab2/stage1-saab/replay/buffer.pt
Saved fine prototype sources to /home/ddwilde/scriptie/runs/dota_saab2/stage1-saab/replay/buffer_sources.json
Saved 3167 box replay embeddings to /home/ddwilde/scriptie/runs/dota_saab2/stage1-saab/replay/box_buffer.pt
Saved fine prototype sources to /home/ddwilde/scriptie/runs/dota_saab2/stage1-saab/replay/box_buffer_sources.json

      Epoch    GPU_mem   box_loss   cls_loss   dfl_loss  Instances       Size
                   all        186       8357      0.493      0.539       0.48      0.272
Saved 3208 replay embeddings to /home/ddwilde/scriptie/runs/dota_saab2/stage1-saab/replay/buffer.pt
Saved fine prototype sources to /home/ddwilde/scriptie/runs/dota_saab2/stage1-saab/replay/buffer_sources.json
Saved 3263 box replay embeddings to /home/ddwilde/scriptie/runs/dota_saab2/stage1-saab/replay/box_buffer.pt
Saved fine prototype sources to /home/ddwilde/scriptie/runs/dota_saab2/stage1-saab/replay/box_buffer_sources.json

      Epoch    GPU_mem   box_loss   cls_loss   dfl_loss  Instances       Size
                   all        186       8357      0.609      0.518      0.513      0.281
Saved 3229 replay embeddings to /home/ddwilde/scriptie/runs/dota_saab2/stage1-saab/replay/buffer.pt
Saved fine prototype sources to /home/ddwilde/scriptie/runs/dota_saab2/stage1-saab/replay/buffer_sources.json
Saved 3337 box replay embeddings to /home/ddwilde/scriptie/runs/dota_saab2/stage1-saab/replay/box_buffer.pt
Saved fine prototype sources to /home/ddwilde/scriptie/runs/dota_saab2/stage1-saab/replay/box_buffer_sources.json

      Epoch    GPU_mem   box_loss   cls_loss   dfl_loss  Instances       Size
                   all        186       8357        0.6      0.549      0.536      0.302
Saved 3152 replay embeddings to /home/ddwilde/scriptie/runs/dota_saab2/stage1-saab/replay/buffer.pt
Saved fine prototype sources to /home/ddwilde/scriptie/runs/dota_saab2/stage1-saab/replay/buffer_sources.json
Saved 3371 box replay embeddings to /home/ddwilde/scriptie/runs/dota_saab2/stage1-saab/replay/box_buffer.pt
Saved fine prototype sources to /home/ddwilde/scriptie/runs/dota_saab2/stage1-saab/replay/box_buffer_sources.json

      Epoch    GPU_mem   box_loss   cls_loss   dfl_loss  Instances       Size
                   all        186       8357       0.58       0.55      0.528      0.306
Saved 3175 replay embeddings to /home/ddwilde/scriptie/runs/dota_saab2/stage1-saab/replay/buffer.pt
Saved fine prototype sources to /home/ddwilde/scriptie/runs/dota_saab2/stage1-saab/replay/buffer_sources.json
Saved 3422 box replay embeddings to /home/ddwilde/scriptie/runs/dota_saab2/stage1-saab/replay/box_buffer.pt
Saved fine prototype sources to /home/ddwilde/scriptie/runs/dota_saab2/stage1-saab/replay/box_buffer_sources.json

      Epoch    GPU_mem   box_loss   cls_loss   dfl_loss  Instances       Size
                   all        186       8357      0.664      0.553      0.577      0.312
Saved 3183 replay embeddings to /home/ddwilde/scriptie/runs/dota_saab2/stage1-saab/replay/buffer.pt
Saved fine prototype sources to /home/ddwilde/scriptie/runs/dota_saab2/stage1-saab/replay/buffer_sources.json
Saved 3429 box replay embeddings to /home/ddwilde/scriptie/runs/dota_saab2/stage1-saab/replay/box_buffer.pt
Saved fine prototype sources to /home/ddwilde/scriptie/runs/dota_saab2/stage1-saab/replay/box_buffer_sources.json

      Epoch    GPU_mem   box_loss   cls_loss   dfl_loss  Instances       Size
                   all        186       8357       0.69      0.557      0.571      0.323
Saved 3190 replay embeddings to /home/ddwilde/scriptie/runs/dota_saab2/stage1-saab/replay/buffer.pt
Saved fine prototype sources to /home/ddwilde/scriptie/runs/dota_saab2/stage1-saab/replay/buffer_sources.json
Saved 3442 box replay embeddings to /home/ddwilde/scriptie/runs/dota_saab2/stage1-saab/replay/box_buffer.pt
Saved fine prototype sources to /home/ddwilde/scriptie/runs/dota_saab2/stage1-saab/replay/box_buffer_sources.json

      Epoch    GPU_mem   box_loss   cls_loss   dfl_loss  Instances       Size
                   all        186       8357      0.665      0.549      0.564      0.298
Saved 3205 replay embeddings to /home/ddwilde/scriptie/runs/dota_saab2/stage1-saab/replay/buffer.pt
Saved fine prototype sources to /home/ddwilde/scriptie/runs/dota_saab2/stage1-saab/replay/buffer_sources.json
Saved 3469 box replay embeddings to /home/ddwilde/scriptie/runs/dota_saab2/stage1-saab/replay/box_buffer.pt
Saved fine prototype sources to /home/ddwilde/scriptie/runs/dota_saab2/stage1-saab/replay/box_buffer_sources.json

      Epoch    GPU_mem   box_loss   cls_loss   dfl_loss  Instances       Size
                   all        186       8357       0.73      0.556      0.601      0.332
Saved 3129 replay embeddings to /home/ddwilde/scriptie/runs/dota_saab2/stage1-saab/replay/buffer.pt
Saved fine prototype sources to /home/ddwilde/scriptie/runs/dota_saab2/stage1-saab/replay/buffer_sources.json
Saved 3627 box replay embeddings to /home/ddwilde/scriptie/runs/dota_saab2/stage1-saab/replay/box_buffer.pt
Saved fine prototype sources to /home/ddwilde/scriptie/runs/dota_saab2/stage1-saab/replay/box_buffer_sources.json

      Epoch    GPU_mem   box_loss   cls_loss   dfl_loss  Instances       Size
                   all        186       8357      0.696      0.548      0.581      0.326
Saved 3211 replay embeddings to /home/ddwilde/scriptie/runs/dota_saab2/stage1-saab/replay/buffer.pt
Saved fine prototype sources to /home/ddwilde/scriptie/runs/dota_saab2/stage1-saab/replay/buffer_sources.json
Saved 3633 box replay embeddings to /home/ddwilde/scriptie/runs/dota_saab2/stage1-saab/replay/box_buffer.pt
Saved fine prototype sources to /home/ddwilde/scriptie/runs/dota_saab2/stage1-saab/replay/box_buffer_sources.json

      Epoch    GPU_mem   box_loss   cls_loss   dfl_loss  Instances       Size
                   all        186       8357      0.707      0.595      0.624      0.357
Saved 3130 replay embeddings to /home/ddwilde/scriptie/runs/dota_saab2/stage1-saab/replay/buffer.pt
Saved fine prototype sources to /home/ddwilde/scriptie/runs/dota_saab2/stage1-saab/replay/buffer_sources.json
Saved 3572 box replay embeddings to /home/ddwilde/scriptie/runs/dota_saab2/stage1-saab/replay/box_buffer.pt
Saved fine prototype sources to /home/ddwilde/scriptie/runs/dota_saab2/stage1-saab/replay/box_buffer_sources.json

      Epoch    GPU_mem   box_loss   cls_loss   dfl_loss  Instances       Size
                   all        186       8357      0.726      0.589      0.625      0.359
Saved 3136 replay embeddings to /home/ddwilde/scriptie/runs/dota_saab2/stage1-saab/replay/buffer.pt
Saved fine prototype sources to /home/ddwilde/scriptie/runs/dota_saab2/stage1-saab/replay/buffer_sources.json
Saved 3642 box replay embeddings to /home/ddwilde/scriptie/runs/dota_saab2/stage1-saab/replay/box_buffer.pt
Saved fine prototype sources to /home/ddwilde/scriptie/runs/dota_saab2/stage1-saab/replay/box_buffer_sources.json

      Epoch    GPU_mem   box_loss   cls_loss   dfl_loss  Instances       Size
                   all        186       8357      0.668      0.584      0.593      0.347
Saved 3139 replay embeddings to /home/ddwilde/scriptie/runs/dota_saab2/stage1-saab/replay/buffer.pt
Saved fine prototype sources to /home/ddwilde/scriptie/runs/dota_saab2/stage1-saab/replay/buffer_sources.json
Saved 3642 box replay embeddings to /home/ddwilde/scriptie/runs/dota_saab2/stage1-saab/replay/box_buffer.pt
Saved fine prototype sources to /home/ddwilde/scriptie/runs/dota_saab2/stage1-saab/replay/box_buffer_sources.json

      Epoch    GPU_mem   box_loss   cls_loss   dfl_loss  Instances       Size
                   all        186       8357      0.716      0.577      0.605      0.324
Saved 3186 replay embeddings to /home/ddwilde/scriptie/runs/dota_saab2/stage1-saab/replay/buffer.pt
Saved fine prototype sources to /home/ddwilde/scriptie/runs/dota_saab2/stage1-saab/replay/buffer_sources.json
Saved 3646 box replay embeddings to /home/ddwilde/scriptie/runs/dota_saab2/stage1-saab/replay/box_buffer.pt
Saved fine prototype sources to /home/ddwilde/scriptie/runs/dota_saab2/stage1-saab/replay/box_buffer_sources.json

      Epoch    GPU_mem   box_loss   cls_loss   dfl_loss  Instances       Size
                   all        186       8357       0.69      0.586      0.596      0.358
Saved 3244 replay embeddings to /home/ddwilde/scriptie/runs/dota_saab2/stage1-saab/replay/buffer.pt
Saved fine prototype sources to /home/ddwilde/scriptie/runs/dota_saab2/stage1-saab/replay/buffer_sources.json
Saved 3631 box replay embeddings to /home/ddwilde/scriptie/runs/dota_saab2/stage1-saab/replay/box_buffer.pt
Saved fine prototype sources to /home/ddwilde/scriptie/runs/dota_saab2/stage1-saab/replay/box_buffer_sources.json

      Epoch    GPU_mem   box_loss   cls_loss   dfl_loss  Instances       Size
                   all        186       8357      0.731      0.589      0.626      0.366
Saved 3259 replay embeddings to /home/ddwilde/scriptie/runs/dota_saab2/stage1-saab/replay/buffer.pt
Saved fine prototype sources to /home/ddwilde/scriptie/runs/dota_saab2/stage1-saab/replay/buffer_sources.json
Saved 3634 box replay embeddings to /home/ddwilde/scriptie/runs/dota_saab2/stage1-saab/replay/box_buffer.pt
Saved fine prototype sources to /home/ddwilde/scriptie/runs/dota_saab2/stage1-saab/replay/box_buffer_sources.json

      Epoch    GPU_mem   box_loss   cls_loss   dfl_loss  Instances       Size
                   all        186       8357      0.739      0.594      0.622      0.371
Saved 3274 replay embeddings to /home/ddwilde/scriptie/runs/dota_saab2/stage1-saab/replay/buffer.pt
Saved fine prototype sources to /home/ddwilde/scriptie/runs/dota_saab2/stage1-saab/replay/buffer_sources.json
Saved 3636 box replay embeddings to /home/ddwilde/scriptie/runs/dota_saab2/stage1-saab/replay/box_buffer.pt
Saved fine prototype sources to /home/ddwilde/scriptie/runs/dota_saab2/stage1-saab/replay/box_buffer_sources.json

      Epoch    GPU_mem   box_loss   cls_loss   dfl_loss  Instances       Size
                   all        186       8357      0.748      0.595      0.633      0.379
Saved 3294 replay embeddings to /home/ddwilde/scriptie/runs/dota_saab2/stage1-saab/replay/buffer.pt
Saved fine prototype sources to /home/ddwilde/scriptie/runs/dota_saab2/stage1-saab/replay/buffer_sources.json
Saved 3641 box replay embeddings to /home/ddwilde/scriptie/runs/dota_saab2/stage1-saab/replay/box_buffer.pt
Saved fine prototype sources to /home/ddwilde/scriptie/runs/dota_saab2/stage1-saab/replay/box_buffer_sources.json

      Epoch    GPU_mem   box_loss   cls_loss   dfl_loss  Instances       Size
                   all        186       8357      0.743      0.608      0.645      0.378
Saved 3327 replay embeddings to /home/ddwilde/scriptie/runs/dota_saab2/stage1-saab/replay/buffer.pt
Saved fine prototype sources to /home/ddwilde/scriptie/runs/dota_saab2/stage1-saab/replay/buffer_sources.json
Saved 3642 box replay embeddings to /home/ddwilde/scriptie/runs/dota_saab2/stage1-saab/replay/box_buffer.pt
Saved fine prototype sources to /home/ddwilde/scriptie/runs/dota_saab2/stage1-saab/replay/box_buffer_sources.json

      Epoch    GPU_mem   box_loss   cls_loss   dfl_loss  Instances       Size
                   all        186       8357      0.765      0.602      0.644      0.384
Saved 3330 replay embeddings to /home/ddwilde/scriptie/runs/dota_saab2/stage1-saab/replay/buffer.pt
Saved fine prototype sources to /home/ddwilde/scriptie/runs/dota_saab2/stage1-saab/replay/buffer_sources.json
Saved 3646 box replay embeddings to /home/ddwilde/scriptie/runs/dota_saab2/stage1-saab/replay/box_buffer.pt
Saved fine prototype sources to /home/ddwilde/scriptie/runs/dota_saab2/stage1-saab/replay/box_buffer_sources.json

      Epoch    GPU_mem   box_loss   cls_loss   dfl_loss  Instances       Size
                   all        186       8357      0.733      0.587      0.636      0.377
Saved 3332 replay embeddings to /home/ddwilde/scriptie/runs/dota_saab2/stage1-saab/replay/buffer.pt
Saved fine prototype sources to /home/ddwilde/scriptie/runs/dota_saab2/stage1-saab/replay/buffer_sources.json
Saved 3648 box replay embeddings to /home/ddwilde/scriptie/runs/dota_saab2/stage1-saab/replay/box_buffer.pt
Saved fine prototype sources to /home/ddwilde/scriptie/runs/dota_saab2/stage1-saab/replay/box_buffer_sources.json

      Epoch    GPU_mem   box_loss   cls_loss   dfl_loss  Instances       Size
                   all        186       8357      0.759      0.596      0.643      0.385
Saved 3206 replay embeddings to /home/ddwilde/scriptie/runs/dota_saab2/stage1-saab/replay/buffer.pt
Saved fine prototype sources to /home/ddwilde/scriptie/runs/dota_saab2/stage1-saab/replay/buffer_sources.json
Saved 3650 box replay embeddings to /home/ddwilde/scriptie/runs/dota_saab2/stage1-saab/replay/box_buffer.pt
Saved fine prototype sources to /home/ddwilde/scriptie/runs/dota_saab2/stage1-saab/replay/box_buffer_sources.json

      Epoch    GPU_mem   box_loss   cls_loss   dfl_loss  Instances       Size
                   all        186       8357      0.732      0.605      0.643      0.361
Saved 3228 replay embeddings to /home/ddwilde/scriptie/runs/dota_saab2/stage1-saab/replay/buffer.pt
Saved fine prototype sources to /home/ddwilde/scriptie/runs/dota_saab2/stage1-saab/replay/buffer_sources.json
Saved 3659 box replay embeddings to /home/ddwilde/scriptie/runs/dota_saab2/stage1-saab/replay/box_buffer.pt
Saved fine prototype sources to /home/ddwilde/scriptie/runs/dota_saab2/stage1-saab/replay/box_buffer_sources.json

      Epoch    GPU_mem   box_loss   cls_loss   dfl_loss  Instances       Size
                   all        186       8357      0.723      0.593      0.617      0.374
Saved 3267 replay embeddings to /home/ddwilde/scriptie/runs/dota_saab2/stage1-saab/replay/buffer.pt
Saved fine prototype sources to /home/ddwilde/scriptie/runs/dota_saab2/stage1-saab/replay/buffer_sources.json
Saved 3670 box replay embeddings to /home/ddwilde/scriptie/runs/dota_saab2/stage1-saab/replay/box_buffer.pt
Saved fine prototype sources to /home/ddwilde/scriptie/runs/dota_saab2/stage1-saab/replay/box_buffer_sources.json

      Epoch    GPU_mem   box_loss   cls_loss   dfl_loss  Instances       Size
                   all        186       8357      0.736      0.612      0.645      0.387
Saved 3321 replay embeddings to /home/ddwilde/scriptie/runs/dota_saab2/stage1-saab/replay/buffer.pt
Saved fine prototype sources to /home/ddwilde/scriptie/runs/dota_saab2/stage1-saab/replay/buffer_sources.json
Saved 3674 box replay embeddings to /home/ddwilde/scriptie/runs/dota_saab2/stage1-saab/replay/box_buffer.pt
Saved fine prototype sources to /home/ddwilde/scriptie/runs/dota_saab2/stage1-saab/replay/box_buffer_sources.json

      Epoch    GPU_mem   box_loss   cls_loss   dfl_loss  Instances       Size
                   all        186       8357      0.762      0.612      0.649      0.399
Saved 3236 replay embeddings to /home/ddwilde/scriptie/runs/dota_saab2/stage1-saab/replay/buffer.pt
Saved fine prototype sources to /home/ddwilde/scriptie/runs/dota_saab2/stage1-saab/replay/buffer_sources.json
Saved 3557 box replay embeddings to /home/ddwilde/scriptie/runs/dota_saab2/stage1-saab/replay/box_buffer.pt
Saved fine prototype sources to /home/ddwilde/scriptie/runs/dota_saab2/stage1-saab/replay/box_buffer_sources.json

      Epoch    GPU_mem   box_loss   cls_loss   dfl_loss  Instances       Size
                   all        186       8357      0.756      0.601      0.645      0.384
Saved 3240 replay embeddings to /home/ddwilde/scriptie/runs/dota_saab2/stage1-saab/replay/buffer.pt
Saved fine prototype sources to /home/ddwilde/scriptie/runs/dota_saab2/stage1-saab/replay/buffer_sources.json
Saved 3438 box replay embeddings to /home/ddwilde/scriptie/runs/dota_saab2/stage1-saab/replay/box_buffer.pt
Saved fine prototype sources to /home/ddwilde/scriptie/runs/dota_saab2/stage1-saab/replay/box_buffer_sources.json

      Epoch    GPU_mem   box_loss   cls_loss   dfl_loss  Instances       Size
                   all        186       8357      0.749      0.611      0.651      0.395
Saved 3265 replay embeddings to /home/ddwilde/scriptie/runs/dota_saab2/stage1-saab/replay/buffer.pt
Saved fine prototype sources to /home/ddwilde/scriptie/runs/dota_saab2/stage1-saab/replay/buffer_sources.json
Saved 3513 box replay embeddings to /home/ddwilde/scriptie/runs/dota_saab2/stage1-saab/replay/box_buffer.pt
Saved fine prototype sources to /home/ddwilde/scriptie/runs/dota_saab2/stage1-saab/replay/box_buffer_sources.json

      Epoch    GPU_mem   box_loss   cls_loss   dfl_loss  Instances       Size
                   all        186       8357      0.767      0.631       0.67      0.401
Saved 3312 replay embeddings to /home/ddwilde/scriptie/runs/dota_saab2/stage1-saab/replay/buffer.pt
Saved fine prototype sources to /home/ddwilde/scriptie/runs/dota_saab2/stage1-saab/replay/buffer_sources.json
Saved 3566 box replay embeddings to /home/ddwilde/scriptie/runs/dota_saab2/stage1-saab/replay/box_buffer.pt
Saved fine prototype sources to /home/ddwilde/scriptie/runs/dota_saab2/stage1-saab/replay/box_buffer_sources.json

      Epoch    GPU_mem   box_loss   cls_loss   dfl_loss  Instances       Size
                   all        186       8357      0.753      0.623       0.66      0.398
Saved 3232 replay embeddings to /home/ddwilde/scriptie/runs/dota_saab2/stage1-saab/replay/buffer.pt
Saved fine prototype sources to /home/ddwilde/scriptie/runs/dota_saab2/stage1-saab/replay/buffer_sources.json
Saved 3572 box replay embeddings to /home/ddwilde/scriptie/runs/dota_saab2/stage1-saab/replay/box_buffer.pt
Saved fine prototype sources to /home/ddwilde/scriptie/runs/dota_saab2/stage1-saab/replay/box_buffer_sources.json

      Epoch    GPU_mem   box_loss   cls_loss   dfl_loss  Instances       Size
                   all        186       8357      0.756      0.616      0.653      0.395
Saved 3152 replay embeddings to /home/ddwilde/scriptie/runs/dota_saab2/stage1-saab/replay/buffer.pt
Saved fine prototype sources to /home/ddwilde/scriptie/runs/dota_saab2/stage1-saab/replay/buffer_sources.json
Saved 3582 box replay embeddings to /home/ddwilde/scriptie/runs/dota_saab2/stage1-saab/replay/box_buffer.pt
Saved fine prototype sources to /home/ddwilde/scriptie/runs/dota_saab2/stage1-saab/replay/box_buffer_sources.json

      Epoch    GPU_mem   box_loss   cls_loss   dfl_loss  Instances       Size
                   all        186       8357       0.77      0.628      0.665      0.406
Saved 3220 replay embeddings to /home/ddwilde/scriptie/runs/dota_saab2/stage1-saab/replay/buffer.pt
Saved fine prototype sources to /home/ddwilde/scriptie/runs/dota_saab2/stage1-saab/replay/buffer_sources.json
Saved 3586 box replay embeddings to /home/ddwilde/scriptie/runs/dota_saab2/stage1-saab/replay/box_buffer.pt
Saved fine prototype sources to /home/ddwilde/scriptie/runs/dota_saab2/stage1-saab/replay/box_buffer_sources.json

      Epoch    GPU_mem   box_loss   cls_loss   dfl_loss  Instances       Size
                   all        186       8357      0.782      0.613      0.658      0.412
Saved 3262 replay embeddings to /home/ddwilde/scriptie/runs/dota_saab2/stage1-saab/replay/buffer.pt
Saved fine prototype sources to /home/ddwilde/scriptie/runs/dota_saab2/stage1-saab/replay/buffer_sources.json
Saved 3591 box replay embeddings to /home/ddwilde/scriptie/runs/dota_saab2/stage1-saab/replay/box_buffer.pt
Saved fine prototype sources to /home/ddwilde/scriptie/runs/dota_saab2/stage1-saab/replay/box_buffer_sources.json

      Epoch    GPU_mem   box_loss   cls_loss   dfl_loss  Instances       Size
                   all        186       8357       0.75      0.612      0.648      0.394
Saved 3145 replay embeddings to /home/ddwilde/scriptie/runs/dota_saab2/stage1-saab/replay/buffer.pt
Saved fine prototype sources to /home/ddwilde/scriptie/runs/dota_saab2/stage1-saab/replay/buffer_sources.json
Saved 3596 box replay embeddings to /home/ddwilde/scriptie/runs/dota_saab2/stage1-saab/replay/box_buffer.pt
Saved fine prototype sources to /home/ddwilde/scriptie/runs/dota_saab2/stage1-saab/replay/box_buffer_sources.json

      Epoch    GPU_mem   box_loss   cls_loss   dfl_loss  Instances       Size
                   all        186       8357      0.755      0.634      0.661      0.405
Saved 3155 replay embeddings to /home/ddwilde/scriptie/runs/dota_saab2/stage1-saab/replay/buffer.pt
Saved fine prototype sources to /home/ddwilde/scriptie/runs/dota_saab2/stage1-saab/replay/buffer_sources.json
Saved 3598 box replay embeddings to /home/ddwilde/scriptie/runs/dota_saab2/stage1-saab/replay/box_buffer.pt
Saved fine prototype sources to /home/ddwilde/scriptie/runs/dota_saab2/stage1-saab/replay/box_buffer_sources.json

      Epoch    GPU_mem   box_loss   cls_loss   dfl_loss  Instances       Size
                   all        186       8357       0.75      0.612      0.642      0.397
Saved 3183 replay embeddings to /home/ddwilde/scriptie/runs/dota_saab2/stage1-saab/replay/buffer.pt
Saved fine prototype sources to /home/ddwilde/scriptie/runs/dota_saab2/stage1-saab/replay/buffer_sources.json
Saved 3600 box replay embeddings to /home/ddwilde/scriptie/runs/dota_saab2/stage1-saab/replay/box_buffer.pt
Saved fine prototype sources to /home/ddwilde/scriptie/runs/dota_saab2/stage1-saab/replay/box_buffer_sources.json

      Epoch    GPU_mem   box_loss   cls_loss   dfl_loss  Instances       Size
                   all        186       8357      0.766      0.637      0.669      0.415
Saved 3207 replay embeddings to /home/ddwilde/scriptie/runs/dota_saab2/stage1-saab/replay/buffer.pt
Saved fine prototype sources to /home/ddwilde/scriptie/runs/dota_saab2/stage1-saab/replay/buffer_sources.json
Saved 3602 box replay embeddings to /home/ddwilde/scriptie/runs/dota_saab2/stage1-saab/replay/box_buffer.pt
Saved fine prototype sources to /home/ddwilde/scriptie/runs/dota_saab2/stage1-saab/replay/box_buffer_sources.json

      Epoch    GPU_mem   box_loss   cls_loss   dfl_loss  Instances       Size
                   all        186       8357      0.769      0.645      0.681      0.421
Saved 3240 replay embeddings to /home/ddwilde/scriptie/runs/dota_saab2/stage1-saab/replay/buffer.pt
Saved fine prototype sources to /home/ddwilde/scriptie/runs/dota_saab2/stage1-saab/replay/buffer_sources.json
Saved 3604 box replay embeddings to /home/ddwilde/scriptie/runs/dota_saab2/stage1-saab/replay/box_buffer.pt
Saved fine prototype sources to /home/ddwilde/scriptie/runs/dota_saab2/stage1-saab/replay/box_buffer_sources.json
Closing dataloader mosaic

      Epoch    GPU_mem   box_loss   cls_loss   dfl_loss  Instances       Size
                   all        186       8357      0.734      0.637      0.653      0.405
Saved 3261 replay embeddings to /home/ddwilde/scriptie/runs/dota_saab2/stage1-saab/replay/buffer.pt
Saved fine prototype sources to /home/ddwilde/scriptie/runs/dota_saab2/stage1-saab/replay/buffer_sources.json
Saved 3604 box replay embeddings to /home/ddwilde/scriptie/runs/dota_saab2/stage1-saab/replay/box_buffer.pt
Saved fine prototype sources to /home/ddwilde/scriptie/runs/dota_saab2/stage1-saab/replay/box_buffer_sources.json

      Epoch    GPU_mem   box_loss   cls_loss   dfl_loss  Instances       Size
                   all        186       8357      0.759       0.62      0.658      0.409
Saved 3280 replay embeddings to /home/ddwilde/scriptie/runs/dota_saab2/stage1-saab/replay/buffer.pt
Saved fine prototype sources to /home/ddwilde/scriptie/runs/dota_saab2/stage1-saab/replay/buffer_sources.json
Saved 3605 box replay embeddings to /home/ddwilde/scriptie/runs/dota_saab2/stage1-saab/replay/box_buffer.pt
Saved fine prototype sources to /home/ddwilde/scriptie/runs/dota_saab2/stage1-saab/replay/box_buffer_sources.json

      Epoch    GPU_mem   box_loss   cls_loss   dfl_loss  Instances       Size
                   all        186       8357      0.773      0.635      0.677      0.427
Saved 3349 replay embeddings to /home/ddwilde/scriptie/runs/dota_saab2/stage1-saab/replay/buffer.pt
Saved fine prototype sources to /home/ddwilde/scriptie/runs/dota_saab2/stage1-saab/replay/buffer_sources.json
Saved 3610 box replay embeddings to /home/ddwilde/scriptie/runs/dota_saab2/stage1-saab/replay/box_buffer.pt
Saved fine prototype sources to /home/ddwilde/scriptie/runs/dota_saab2/stage1-saab/replay/box_buffer_sources.json

      Epoch    GPU_mem   box_loss   cls_loss   dfl_loss  Instances       Size
                   all        186       8357      0.769       0.63       0.66      0.412
Saved 3382 replay embeddings to /home/ddwilde/scriptie/runs/dota_saab2/stage1-saab/replay/buffer.pt
Saved fine prototype sources to /home/ddwilde/scriptie/runs/dota_saab2/stage1-saab/replay/buffer_sources.json
Saved 3610 box replay embeddings to /home/ddwilde/scriptie/runs/dota_saab2/stage1-saab/replay/box_buffer.pt
Saved fine prototype sources to /home/ddwilde/scriptie/runs/dota_saab2/stage1-saab/replay/box_buffer_sources.json

      Epoch    GPU_mem   box_loss   cls_loss   dfl_loss  Instances       Size
                   all        186       8357      0.788      0.627      0.672      0.419
Saved 3391 replay embeddings to /home/ddwilde/scriptie/runs/dota_saab2/stage1-saab/replay/buffer.pt
Saved fine prototype sources to /home/ddwilde/scriptie/runs/dota_saab2/stage1-saab/replay/buffer_sources.json
Saved 3610 box replay embeddings to /home/ddwilde/scriptie/runs/dota_saab2/stage1-saab/replay/box_buffer.pt
Saved fine prototype sources to /home/ddwilde/scriptie/runs/dota_saab2/stage1-saab/replay/box_buffer_sources.json

      Epoch    GPU_mem   box_loss   cls_loss   dfl_loss  Instances       Size
                   all        186       8357      0.754      0.628       0.66      0.412
Saved 3395 replay embeddings to /home/ddwilde/scriptie/runs/dota_saab2/stage1-saab/replay/buffer.pt
Saved fine prototype sources to /home/ddwilde/scriptie/runs/dota_saab2/stage1-saab/replay/buffer_sources.json
Saved 3610 box replay embeddings to /home/ddwilde/scriptie/runs/dota_saab2/stage1-saab/replay/box_buffer.pt
Saved fine prototype sources to /home/ddwilde/scriptie/runs/dota_saab2/stage1-saab/replay/box_buffer_sources.json

      Epoch    GPU_mem   box_loss   cls_loss   dfl_loss  Instances       Size
                   all        186       8357      0.753       0.63      0.663      0.412
Saved 3395 replay embeddings to /home/ddwilde/scriptie/runs/dota_saab2/stage1-saab/replay/buffer.pt
Saved fine prototype sources to /home/ddwilde/scriptie/runs/dota_saab2/stage1-saab/replay/buffer_sources.json
Saved 3610 box replay embeddings to /home/ddwilde/scriptie/runs/dota_saab2/stage1-saab/replay/box_buffer.pt
Saved fine prototype sources to /home/ddwilde/scriptie/runs/dota_saab2/stage1-saab/replay/box_buffer_sources.json

      Epoch    GPU_mem   box_loss   cls_loss   dfl_loss  Instances       Size
                   all        186       8357      0.752      0.637      0.669      0.419
Saved 3395 replay embeddings to /home/ddwilde/scriptie/runs/dota_saab2/stage1-saab/replay/buffer.pt
Saved fine prototype sources to /home/ddwilde/scriptie/runs/dota_saab2/stage1-saab/replay/buffer_sources.json
Saved 3610 box replay embeddings to /home/ddwilde/scriptie/runs/dota_saab2/stage1-saab/replay/box_buffer.pt
Saved fine prototype sources to /home/ddwilde/scriptie/runs/dota_saab2/stage1-saab/replay/box_buffer_sources.json

      Epoch    GPU_mem   box_loss   cls_loss   dfl_loss  Instances       Size
                   all        186       8357       0.76      0.628      0.665      0.419
Saved 3396 replay embeddings to /home/ddwilde/scriptie/runs/dota_saab2/stage1-saab/replay/buffer.pt
Saved fine prototype sources to /home/ddwilde/scriptie/runs/dota_saab2/stage1-saab/replay/buffer_sources.json
Saved 3611 box replay embeddings to /home/ddwilde/scriptie/runs/dota_saab2/stage1-saab/replay/box_buffer.pt
Saved fine prototype sources to /home/ddwilde/scriptie/runs/dota_saab2/stage1-saab/replay/box_buffer_sources.json

      Epoch    GPU_mem   box_loss   cls_loss   dfl_loss  Instances       Size
                   all        186       8357      0.747      0.629      0.661      0.414
Saved 3397 replay embeddings to /home/ddwilde/scriptie/runs/dota_saab2/stage1-saab/replay/buffer.pt
Saved fine prototype sources to /home/ddwilde/scriptie/runs/dota_saab2/stage1-saab/replay/buffer_sources.json
Saved 3612 box replay embeddings to /home/ddwilde/scriptie/runs/dota_saab2/stage1-saab/replay/box_buffer.pt
Saved fine prototype sources to /home/ddwilde/scriptie/runs/dota_saab2/stage1-saab/replay/box_buffer_sources.json

50 epochs completed in 0.582 hours.
Optimizer stripped from /home/ddwilde/scriptie/runs/dota_saab2/stage1-saab/weights/last.pt, 19.1MB
Optimizer stripped from /home/ddwilde/scriptie/runs/dota_saab2/stage1-saab/weights/best.pt, 19.1MB

Validating /home/ddwilde/scriptie/runs/dota_saab2/stage1-saab/weights/best.pt...
EDNet 1.0 ✅ Python-3.10.4 ✅ torch-2.8.0+cu128 ✅CUDA:0 (NVIDIA A100-SXM4-40GB, 40441MiB)
ednet-s summary (fused): 394 layers, 9,295,008 parameters, 0 gradients
                   all        186       8357      0.771      0.635      0.677      0.427
         small-vehicle         89       5547      0.752        0.5      0.557      0.306
         large-vehicle         73       2810       0.79      0.769      0.796      0.547
Speed: 0.1ms preprocess, 2.2ms inference, 0.0ms loss, 0.1ms postprocess per image
Results saved to [1m/home/ddwilde/scriptie/runs/dota_saab2/stage1-saab[0m
Training finished. Results saved in: /home/ddwilde/scriptie/runs/dota_saab2/stage1-saab
EDNet 1.0 ✅ Python-3.10.4 ✅ torch-2.8.0+cu128 ✅CUDA:0 (NVIDIA A100-SXM4-40GB, 40441MiB)
[34m[1mengine/trainer: [0mtask=detect, mode=train, model=/home/ddwilde/scriptie/runs/dota_saab2/stage1-saab/weights/best.pt, data=/home/ddwilde/scriptie/yaml/DOTA-shared-stage2-replay.yaml, epochs=50, time=None, patience=100, batch=4, imgsz=640, save=True, save_period=-1, cache=False, device=None, workers=8, project=/home/ddwilde/scriptie/runs/dota_saab2, name=stage2-saab, exist_ok=False, pretrained=True, optimizer=auto, verbose=True, seed=0, deterministic=True, single_cls=False, rect=False, cos_lr=False, close_mosaic=10, resume=False, amp=True, fraction=1.0, profile=False, freeze=None, multi_scale=False, continual={'enable': False, 'batches': [], 'adapter_strategy': 'last', 'save_history': True}, replay={'enable': True, 'buffer_per_class': 128, 'sample_per_batch': 32, 'loss_weight': 10.0, 'tiny_max_pixels': 320, 'prototypes': {'num_fine': 4}, 'init_buffer': '/home/ddwilde/scriptie/runs/dota_saab2/stage1-saab/replay/buffer.pt', 'box': {'enable': True, 'loss_weight': 1.0, 'init_buffer': '/home/ddwilde/scriptie/runs/dota_saab2/stage1-saab/replay/box_buffer.pt'}, 'student_update_freq': 10}, kd={'enable': False, 'lambda_cls': 1.0, 'lambda_bbox': 1.0, 'top_k': 10, 'teacher_weights': None, 'teacher_nc': None, 'debug_batches': 10}, stage={'active_classes': [2, 3], 'prev_classes': [0, 1]}, overlap_mask=True, mask_ratio=4, dropout=0.0, val=True, split=val, save_json=False, save_hybrid=False, conf=None, iou=0.7, max_det=300, half=False, dnn=False, plots=True, per_class_tb_interval=1, source=None, vid_stride=1, stream_buffer=False, visualize=False, augment=False, agnostic_nms=False, classes=None, retina_masks=False, embed=None, show=False, save_frames=False, save_txt=False, save_conf=False, save_crop=False, show_labels=True, show_conf=True, show_boxes=True, line_width=None, format=torchscript, keras=False, optimize=False, int8=False, dynamic=False, simplify=False, opset=None, workspace=4, nms=False, lr0=0.01, lrf=0.01, momentum=0.937, weight_decay=0.0005, warmup_epochs=3.0, warmup_momentum=0.8, warmup_bias_lr=0.1, box=7.5, cls=0.5, dfl=1.5, pose=12.0, kobj=1.0, label_smoothing=0.0, nbs=64, hsv_h=0.015, hsv_s=0.7, hsv_v=0.4, degrees=0.0, translate=0.1, scale=0.5, shear=0.0, perspective=0.0, flipud=0.0, fliplr=0.5, bgr=0.0, mosaic=1.0, mixup=0.0, copy_paste=0.0, auto_augment=randaugment, erasing=0.4, crop_fraction=1.0, cfg=None, tracker=botsort.yaml, save_dir=/home/ddwilde/scriptie/runs/dota_saab2/stage2-saab
Overriding model.yaml nc=2 with nc=4

                   from  n    params  module                                       arguments                     
  0                  -1  1       928  ednet.nn.modules.conv.Conv                   [3, 32, 3, 2]                 
  1                  -1  1     18560  ednet.nn.modules.conv.Conv                   [32, 64, 3, 2]                
  2                  -1  1     29056  ednet.nn.modules.block.C2f                   [64, 64, 1, True]             
  3                  -1  1     73984  ednet.nn.modules.conv.Conv                   [64, 128, 3, 2]               
  4                  -1  2    197632  ednet.nn.modules.block.C2f                   [128, 128, 2, True]           
  5                  -1  1    295424  ednet.nn.modules.conv.Conv                   [128, 256, 3, 2]              
  6                  -1  2    420864  ednet.nn.modules.block.C2f_FCA               [256, 256, 2, True]           
  7                  -1  1   1180672  ednet.nn.modules.conv.Conv                   [256, 512, 3, 2]              
  8                  -1  1   1095680  ednet.nn.modules.block.C2f_FCA               [512, 512, 1, True]           
  9                  -1  1    656896  ednet.nn.modules.block.SPPF                  [512, 512, 5]                 
 10                  -1  1    990976  ednet.nn.modules.block.PSA                   [512, 512]                    
 11                  -1  1         0  torch.nn.modules.upsampling.Upsample         [None, 2, 'nearest']          
 12             [-1, 6]  1         0  ednet.nn.modules.conv.Concat                 [1]                           
 13                  -1  1    591360  ednet.nn.modules.block.C2f                   [768, 256, 1]                 
 14                  -1  1         0  torch.nn.modules.upsampling.Upsample         [None, 2, 'nearest']          
 15             [-1, 4]  1         0  ednet.nn.modules.conv.Concat                 [1]                           
 16                  -1  1    148224  ednet.nn.modules.block.C2f                   [384, 128, 1]                 
 17                  -1  1         0  torch.nn.modules.upsampling.Upsample         [None, 2, 'nearest']          
 18             [-1, 2]  1         0  ednet.nn.modules.conv.Concat                 [1]                           
 19                  -1  1     37248  ednet.nn.modules.block.C2f                   [192, 64, 1]                  
 20                  -1  1     36992  ednet.nn.modules.conv.Conv                   [64, 64, 3, 2]                
 21            [-1, 16]  1         0  ednet.nn.modules.conv.Concat                 [1]                           
 22                  -1  1    123648  ednet.nn.modules.block.C2f                   [192, 128, 1]                 
 23                  -1  1    147712  ednet.nn.modules.conv.Conv                   [128, 128, 3, 2]              
 24            [-1, 13]  1         0  ednet.nn.modules.conv.Concat                 [1]                           
 25                  -1  1    493056  ednet.nn.modules.block.C2f                   [384, 256, 1]                 
 26                  -1  1     68864  ednet.nn.modules.block.SCDown                [256, 256, 3, 2]              
 27             [-1, 9]  1         0  ednet.nn.modules.conv.Concat                 [1]                           
 28                  -1  1   1089536  ednet.nn.modules.block.C2fCIB                [768, 512, 1, True, True]     
 29    [19, 22, 25, 28]  1   1622704  ednet.nn.modules.head.v10Detect              [4, [64, 128, 256, 512]]      
ednet-s summary: 510 layers, 9,320,016 parameters, 9,320,000 gradients

Active classes for this stage: (2, 3)
Replay/previous classes for this stage: (0, 1)
Transferred 737/753 items from pretrained weights
Replay active: extended active_classes → (0, 1, 2, 3)
Replay feature tapper initialized for detection head levels: ['P2', 'P3', 'P4']
Loaded 3397 replay embeddings from /home/ddwilde/scriptie/runs/dota_saab2/stage1-saab/replay/buffer.pt
Box replay feature tapper initialized (cv2) for levels: ['P2', 'P3', 'P4']
Loaded 3612 box replay embeddings from /home/ddwilde/scriptie/runs/dota_saab2/stage1-saab/replay/box_buffer.pt
Box prototype replay enabled | loss_weight=1.00
[34m[1mTensorBoard: [0mStart with 'tensorboard --logdir /home/ddwilde/scriptie/runs/dota_saab2/stage2-saab', view at http://localhost:6006/
Freezing layer 'model.29.dfl.conv.weight'
[34m[1mAMP: [0mrunning Automatic Mixed Precision (AMP) checks with YOLOv8n...
[34m[1mAMP: [0mchecks passed ✅
Plotting labels to /home/ddwilde/scriptie/runs/dota_saab2/stage2-saab/labels.jpg... 
[34m[1moptimizer:[0m 'optimizer=auto' found, ignoring 'lr0=0.01' and 'momentum=0.937' and determining best 'optimizer', 'lr0' and 'momentum' automatically... 
[34m[1moptimizer:[0m AdamW(lr=0.00125, momentum=0.9) with parameter groups 117 weight(decay=0.0), 145 weight(decay=0.0005), 139 bias(decay=0.0)
Trainable params: 401 tensors (9320000 weights). Top trainable=[('model.7.conv.weight', 1179648), ('model.9.cv2.conv.weight', 524288), ('model.8.cv2.conv.weight', 393216), ('model.28.cv1.conv.weight', 393216), ('model.28.cv2.conv.weight', 393216), ('model.5.conv.weight', 294912), ('model.29.cv2.3.0.conv.weight', 294912), ('model.29.one2one_cv2.3.0.conv.weight', 294912), ('model.8.cv1.conv.weight', 262144), ('model.10.cv1.conv.weight', 262144), ('model.10.cv2.conv.weight', 262144), ('model.13.cv1.conv.weight', 196608), ('model.13.m.0.cv1.conv.weight', 147456), ('model.13.m.0.cv2.conv.weight', 147456), ('model.23.conv.weight', 147456), ('model.25.m.0.cv1.conv.weight', 147456), ('model.25.m.0.cv2.conv.weight', 147456), ('model.29.cv2.2.0.conv.weight', 147456), ('model.29.one2one_cv2.2.0.conv.weight', 147456), ('model.6.cv2.conv.weight', 131072)]
Limiting positives to classes (0, 1, 2, 3)
Replay targets limited to previous classes (0, 1)
Limiting positives to classes (0, 1, 2, 3)
Replay targets limited to previous classes (0, 1)
[34m[1mTensorBoard: [0mmodel graph visualization added ✅
Image sizes 640 train, 640 val
Using 8 dataloader workers
Logging results to [1m/home/ddwilde/scriptie/runs/dota_saab2/stage2-saab[0m
Starting training for 50 epochs...

      Epoch    GPU_mem   box_loss   cls_loss   dfl_loss  Instances       Size
Limiting positives to classes (0, 1, 2, 3)
Replay targets limited to previous classes (0, 1)
Limiting positives to classes (0, 1, 2, 3)
Replay targets limited to previous classes (0, 1)
Replay tap config not set; GT-driven replay skipped for this batch.
Replay tap config not set; GT-driven replay skipped for this batch.
                   all        186      10109     0.0448      0.136     0.0329     0.0208
Saved 7345 replay embeddings to /home/ddwilde/scriptie/runs/dota_saab2/stage2-saab/replay/buffer.pt
Saved fine prototype sources to /home/ddwilde/scriptie/runs/dota_saab2/stage2-saab/replay/buffer_sources.json
Saved 8190 box replay embeddings to /home/ddwilde/scriptie/runs/dota_saab2/stage2-saab/replay/box_buffer.pt
Saved fine prototype sources to /home/ddwilde/scriptie/runs/dota_saab2/stage2-saab/replay/box_buffer_sources.json

      Epoch    GPU_mem   box_loss   cls_loss   dfl_loss  Instances       Size
                   all        186      10109      0.178      0.301      0.189     0.0958
Saved 7963 replay embeddings to /home/ddwilde/scriptie/runs/dota_saab2/stage2-saab/replay/buffer.pt
Saved fine prototype sources to /home/ddwilde/scriptie/runs/dota_saab2/stage2-saab/replay/buffer_sources.json
Saved 8523 box replay embeddings to /home/ddwilde/scriptie/runs/dota_saab2/stage2-saab/replay/box_buffer.pt
Saved fine prototype sources to /home/ddwilde/scriptie/runs/dota_saab2/stage2-saab/replay/box_buffer_sources.json

      Epoch    GPU_mem   box_loss   cls_loss   dfl_loss  Instances       Size
                   all        186      10109      0.102      0.361      0.215      0.113
Saved 8548 replay embeddings to /home/ddwilde/scriptie/runs/dota_saab2/stage2-saab/replay/buffer.pt
Saved fine prototype sources to /home/ddwilde/scriptie/runs/dota_saab2/stage2-saab/replay/buffer_sources.json
Saved 8968 box replay embeddings to /home/ddwilde/scriptie/runs/dota_saab2/stage2-saab/replay/box_buffer.pt
Saved fine prototype sources to /home/ddwilde/scriptie/runs/dota_saab2/stage2-saab/replay/box_buffer_sources.json

      Epoch    GPU_mem   box_loss   cls_loss   dfl_loss  Instances       Size
                   all        186      10109      0.216      0.331      0.265      0.133
Saved 9021 replay embeddings to /home/ddwilde/scriptie/runs/dota_saab2/stage2-saab/replay/buffer.pt
Saved fine prototype sources to /home/ddwilde/scriptie/runs/dota_saab2/stage2-saab/replay/buffer_sources.json
Saved 9260 box replay embeddings to /home/ddwilde/scriptie/runs/dota_saab2/stage2-saab/replay/box_buffer.pt
Saved fine prototype sources to /home/ddwilde/scriptie/runs/dota_saab2/stage2-saab/replay/box_buffer_sources.json

      Epoch    GPU_mem   box_loss   cls_loss   dfl_loss  Instances       Size
                   all        186      10109     0.0906      0.274      0.141     0.0679
Saved 9241 replay embeddings to /home/ddwilde/scriptie/runs/dota_saab2/stage2-saab/replay/buffer.pt
Saved fine prototype sources to /home/ddwilde/scriptie/runs/dota_saab2/stage2-saab/replay/buffer_sources.json
Saved 9441 box replay embeddings to /home/ddwilde/scriptie/runs/dota_saab2/stage2-saab/replay/box_buffer.pt
Saved fine prototype sources to /home/ddwilde/scriptie/runs/dota_saab2/stage2-saab/replay/box_buffer_sources.json

      Epoch    GPU_mem   box_loss   cls_loss   dfl_loss  Instances       Size
                   all        186      10109      0.121      0.364      0.242      0.127
Saved 9348 replay embeddings to /home/ddwilde/scriptie/runs/dota_saab2/stage2-saab/replay/buffer.pt
Saved fine prototype sources to /home/ddwilde/scriptie/runs/dota_saab2/stage2-saab/replay/buffer_sources.json
Saved 9590 box replay embeddings to /home/ddwilde/scriptie/runs/dota_saab2/stage2-saab/replay/box_buffer.pt
Saved fine prototype sources to /home/ddwilde/scriptie/runs/dota_saab2/stage2-saab/replay/box_buffer_sources.json

      Epoch    GPU_mem   box_loss   cls_loss   dfl_loss  Instances       Size
                   all        186      10109       0.17      0.445      0.337      0.179
Saved 9267 replay embeddings to /home/ddwilde/scriptie/runs/dota_saab2/stage2-saab/replay/buffer.pt
Saved fine prototype sources to /home/ddwilde/scriptie/runs/dota_saab2/stage2-saab/replay/buffer_sources.json
Saved 9711 box replay embeddings to /home/ddwilde/scriptie/runs/dota_saab2/stage2-saab/replay/box_buffer.pt
Saved fine prototype sources to /home/ddwilde/scriptie/runs/dota_saab2/stage2-saab/replay/box_buffer_sources.json

      Epoch    GPU_mem   box_loss   cls_loss   dfl_loss  Instances       Size
                   all        186      10109       0.15      0.423      0.316      0.167
Saved 9388 replay embeddings to /home/ddwilde/scriptie/runs/dota_saab2/stage2-saab/replay/buffer.pt
Saved fine prototype sources to /home/ddwilde/scriptie/runs/dota_saab2/stage2-saab/replay/buffer_sources.json
Saved 9795 box replay embeddings to /home/ddwilde/scriptie/runs/dota_saab2/stage2-saab/replay/box_buffer.pt
Saved fine prototype sources to /home/ddwilde/scriptie/runs/dota_saab2/stage2-saab/replay/box_buffer_sources.json

      Epoch    GPU_mem   box_loss   cls_loss   dfl_loss  Instances       Size
                   all        186      10109      0.269      0.413      0.376      0.209
Saved 9408 replay embeddings to /home/ddwilde/scriptie/runs/dota_saab2/stage2-saab/replay/buffer.pt
Saved fine prototype sources to /home/ddwilde/scriptie/runs/dota_saab2/stage2-saab/replay/buffer_sources.json
Saved 9840 box replay embeddings to /home/ddwilde/scriptie/runs/dota_saab2/stage2-saab/replay/box_buffer.pt
Saved fine prototype sources to /home/ddwilde/scriptie/runs/dota_saab2/stage2-saab/replay/box_buffer_sources.json

      Epoch    GPU_mem   box_loss   cls_loss   dfl_loss  Instances       Size
                   all        186      10109       0.17      0.461      0.338      0.169
Saved 9422 replay embeddings to /home/ddwilde/scriptie/runs/dota_saab2/stage2-saab/replay/buffer.pt
Saved fine prototype sources to /home/ddwilde/scriptie/runs/dota_saab2/stage2-saab/replay/buffer_sources.json
Saved 9568 box replay embeddings to /home/ddwilde/scriptie/runs/dota_saab2/stage2-saab/replay/box_buffer.pt
Saved fine prototype sources to /home/ddwilde/scriptie/runs/dota_saab2/stage2-saab/replay/box_buffer_sources.json

      Epoch    GPU_mem   box_loss   cls_loss   dfl_loss  Instances       Size
                   all        186      10109      0.207      0.408      0.341      0.196
Saved 9451 replay embeddings to /home/ddwilde/scriptie/runs/dota_saab2/stage2-saab/replay/buffer.pt
Saved fine prototype sources to /home/ddwilde/scriptie/runs/dota_saab2/stage2-saab/replay/buffer_sources.json
Saved 9609 box replay embeddings to /home/ddwilde/scriptie/runs/dota_saab2/stage2-saab/replay/box_buffer.pt
Saved fine prototype sources to /home/ddwilde/scriptie/runs/dota_saab2/stage2-saab/replay/box_buffer_sources.json

      Epoch    GPU_mem   box_loss   cls_loss   dfl_loss  Instances       Size
                   all        186      10109      0.201      0.503      0.387      0.216
Saved 9471 replay embeddings to /home/ddwilde/scriptie/runs/dota_saab2/stage2-saab/replay/buffer.pt
Saved fine prototype sources to /home/ddwilde/scriptie/runs/dota_saab2/stage2-saab/replay/buffer_sources.json
Saved 9636 box replay embeddings to /home/ddwilde/scriptie/runs/dota_saab2/stage2-saab/replay/box_buffer.pt
Saved fine prototype sources to /home/ddwilde/scriptie/runs/dota_saab2/stage2-saab/replay/box_buffer_sources.json

      Epoch    GPU_mem   box_loss   cls_loss   dfl_loss  Instances       Size
                   all        186      10109      0.166      0.508      0.413      0.217
Saved 9482 replay embeddings to /home/ddwilde/scriptie/runs/dota_saab2/stage2-saab/replay/buffer.pt
Saved fine prototype sources to /home/ddwilde/scriptie/runs/dota_saab2/stage2-saab/replay/buffer_sources.json
Saved 9640 box replay embeddings to /home/ddwilde/scriptie/runs/dota_saab2/stage2-saab/replay/box_buffer.pt
Saved fine prototype sources to /home/ddwilde/scriptie/runs/dota_saab2/stage2-saab/replay/box_buffer_sources.json

      Epoch    GPU_mem   box_loss   cls_loss   dfl_loss  Instances       Size
                   all        186      10109      0.204      0.481      0.409       0.22
Saved 9502 replay embeddings to /home/ddwilde/scriptie/runs/dota_saab2/stage2-saab/replay/buffer.pt
Saved fine prototype sources to /home/ddwilde/scriptie/runs/dota_saab2/stage2-saab/replay/buffer_sources.json
Saved 9665 box replay embeddings to /home/ddwilde/scriptie/runs/dota_saab2/stage2-saab/replay/box_buffer.pt
Saved fine prototype sources to /home/ddwilde/scriptie/runs/dota_saab2/stage2-saab/replay/box_buffer_sources.json

      Epoch    GPU_mem   box_loss   cls_loss   dfl_loss  Instances       Size
                   all        186      10109      0.152      0.487      0.361      0.195
Saved 9514 replay embeddings to /home/ddwilde/scriptie/runs/dota_saab2/stage2-saab/replay/buffer.pt
Saved fine prototype sources to /home/ddwilde/scriptie/runs/dota_saab2/stage2-saab/replay/buffer_sources.json
Saved 9673 box replay embeddings to /home/ddwilde/scriptie/runs/dota_saab2/stage2-saab/replay/box_buffer.pt
Saved fine prototype sources to /home/ddwilde/scriptie/runs/dota_saab2/stage2-saab/replay/box_buffer_sources.json

      Epoch    GPU_mem   box_loss   cls_loss   dfl_loss  Instances       Size
                   all        186      10109      0.133      0.484       0.34      0.174
Saved 9533 replay embeddings to /home/ddwilde/scriptie/runs/dota_saab2/stage2-saab/replay/buffer.pt
Saved fine prototype sources to /home/ddwilde/scriptie/runs/dota_saab2/stage2-saab/replay/buffer_sources.json
Saved 9691 box replay embeddings to /home/ddwilde/scriptie/runs/dota_saab2/stage2-saab/replay/box_buffer.pt
Saved fine prototype sources to /home/ddwilde/scriptie/runs/dota_saab2/stage2-saab/replay/box_buffer_sources.json

      Epoch    GPU_mem   box_loss   cls_loss   dfl_loss  Instances       Size
                   all        186      10109      0.215      0.439      0.339      0.182
Saved 9449 replay embeddings to /home/ddwilde/scriptie/runs/dota_saab2/stage2-saab/replay/buffer.pt
Saved fine prototype sources to /home/ddwilde/scriptie/runs/dota_saab2/stage2-saab/replay/buffer_sources.json
Saved 9710 box replay embeddings to /home/ddwilde/scriptie/runs/dota_saab2/stage2-saab/replay/box_buffer.pt
Saved fine prototype sources to /home/ddwilde/scriptie/runs/dota_saab2/stage2-saab/replay/box_buffer_sources.json

      Epoch    GPU_mem   box_loss   cls_loss   dfl_loss  Instances       Size
                   all        186      10109      0.142      0.538      0.343      0.184
Saved 9455 replay embeddings to /home/ddwilde/scriptie/runs/dota_saab2/stage2-saab/replay/buffer.pt
Saved fine prototype sources to /home/ddwilde/scriptie/runs/dota_saab2/stage2-saab/replay/buffer_sources.json
Saved 9823 box replay embeddings to /home/ddwilde/scriptie/runs/dota_saab2/stage2-saab/replay/box_buffer.pt
Saved fine prototype sources to /home/ddwilde/scriptie/runs/dota_saab2/stage2-saab/replay/box_buffer_sources.json

      Epoch    GPU_mem   box_loss   cls_loss   dfl_loss  Instances       Size
                   all        186      10109      0.224      0.517      0.399      0.212
Saved 9459 replay embeddings to /home/ddwilde/scriptie/runs/dota_saab2/stage2-saab/replay/buffer.pt
Saved fine prototype sources to /home/ddwilde/scriptie/runs/dota_saab2/stage2-saab/replay/buffer_sources.json
Saved 9837 box replay embeddings to /home/ddwilde/scriptie/runs/dota_saab2/stage2-saab/replay/box_buffer.pt
Saved fine prototype sources to /home/ddwilde/scriptie/runs/dota_saab2/stage2-saab/replay/box_buffer_sources.json

      Epoch    GPU_mem   box_loss   cls_loss   dfl_loss  Instances       Size
                   all        186      10109      0.172      0.505      0.366      0.185
Saved 9480 replay embeddings to /home/ddwilde/scriptie/runs/dota_saab2/stage2-saab/replay/buffer.pt
Saved fine prototype sources to /home/ddwilde/scriptie/runs/dota_saab2/stage2-saab/replay/buffer_sources.json
Saved 9848 box replay embeddings to /home/ddwilde/scriptie/runs/dota_saab2/stage2-saab/replay/box_buffer.pt
Saved fine prototype sources to /home/ddwilde/scriptie/runs/dota_saab2/stage2-saab/replay/box_buffer_sources.json

      Epoch    GPU_mem   box_loss   cls_loss   dfl_loss  Instances       Size
                   all        186      10109      0.136      0.516      0.325      0.174
Saved 9496 replay embeddings to /home/ddwilde/scriptie/runs/dota_saab2/stage2-saab/replay/buffer.pt
Saved fine prototype sources to /home/ddwilde/scriptie/runs/dota_saab2/stage2-saab/replay/buffer_sources.json
Saved 9863 box replay embeddings to /home/ddwilde/scriptie/runs/dota_saab2/stage2-saab/replay/box_buffer.pt
Saved fine prototype sources to /home/ddwilde/scriptie/runs/dota_saab2/stage2-saab/replay/box_buffer_sources.json

      Epoch    GPU_mem   box_loss   cls_loss   dfl_loss  Instances       Size
                   all        186      10109      0.291      0.359      0.354      0.181
Saved 9498 replay embeddings to /home/ddwilde/scriptie/runs/dota_saab2/stage2-saab/replay/buffer.pt
Saved fine prototype sources to /home/ddwilde/scriptie/runs/dota_saab2/stage2-saab/replay/buffer_sources.json
Saved 9680 box replay embeddings to /home/ddwilde/scriptie/runs/dota_saab2/stage2-saab/replay/box_buffer.pt
Saved fine prototype sources to /home/ddwilde/scriptie/runs/dota_saab2/stage2-saab/replay/box_buffer_sources.json

      Epoch    GPU_mem   box_loss   cls_loss   dfl_loss  Instances       Size
                   all        186      10109       0.18       0.49      0.373      0.211
Saved 9520 replay embeddings to /home/ddwilde/scriptie/runs/dota_saab2/stage2-saab/replay/buffer.pt
Saved fine prototype sources to /home/ddwilde/scriptie/runs/dota_saab2/stage2-saab/replay/buffer_sources.json
Saved 9702 box replay embeddings to /home/ddwilde/scriptie/runs/dota_saab2/stage2-saab/replay/box_buffer.pt
Saved fine prototype sources to /home/ddwilde/scriptie/runs/dota_saab2/stage2-saab/replay/box_buffer_sources.json

      Epoch    GPU_mem   box_loss   cls_loss   dfl_loss  Instances       Size
                   all        186      10109      0.188      0.527        0.4      0.226
Saved 9555 replay embeddings to /home/ddwilde/scriptie/runs/dota_saab2/stage2-saab/replay/buffer.pt
Saved fine prototype sources to /home/ddwilde/scriptie/runs/dota_saab2/stage2-saab/replay/buffer_sources.json
Saved 9748 box replay embeddings to /home/ddwilde/scriptie/runs/dota_saab2/stage2-saab/replay/box_buffer.pt
Saved fine prototype sources to /home/ddwilde/scriptie/runs/dota_saab2/stage2-saab/replay/box_buffer_sources.json

      Epoch    GPU_mem   box_loss   cls_loss   dfl_loss  Instances       Size
                   all        186      10109      0.177      0.508      0.393      0.217
Saved 9570 replay embeddings to /home/ddwilde/scriptie/runs/dota_saab2/stage2-saab/replay/buffer.pt
Saved fine prototype sources to /home/ddwilde/scriptie/runs/dota_saab2/stage2-saab/replay/buffer_sources.json
Saved 9773 box replay embeddings to /home/ddwilde/scriptie/runs/dota_saab2/stage2-saab/replay/box_buffer.pt
Saved fine prototype sources to /home/ddwilde/scriptie/runs/dota_saab2/stage2-saab/replay/box_buffer_sources.json

      Epoch    GPU_mem   box_loss   cls_loss   dfl_loss  Instances       Size
                   all        186      10109      0.194      0.533      0.378      0.212
Saved 9590 replay embeddings to /home/ddwilde/scriptie/runs/dota_saab2/stage2-saab/replay/buffer.pt
Saved fine prototype sources to /home/ddwilde/scriptie/runs/dota_saab2/stage2-saab/replay/buffer_sources.json
Saved 9779 box replay embeddings to /home/ddwilde/scriptie/runs/dota_saab2/stage2-saab/replay/box_buffer.pt
Saved fine prototype sources to /home/ddwilde/scriptie/runs/dota_saab2/stage2-saab/replay/box_buffer_sources.json

      Epoch    GPU_mem   box_loss   cls_loss   dfl_loss  Instances       Size
                   all        186      10109      0.185      0.527      0.385      0.216
Saved 9602 replay embeddings to /home/ddwilde/scriptie/runs/dota_saab2/stage2-saab/replay/buffer.pt
Saved fine prototype sources to /home/ddwilde/scriptie/runs/dota_saab2/stage2-saab/replay/buffer_sources.json
Saved 9786 box replay embeddings to /home/ddwilde/scriptie/runs/dota_saab2/stage2-saab/replay/box_buffer.pt
Saved fine prototype sources to /home/ddwilde/scriptie/runs/dota_saab2/stage2-saab/replay/box_buffer_sources.json

      Epoch    GPU_mem   box_loss   cls_loss   dfl_loss  Instances       Size
                   all        186      10109      0.223      0.418      0.335       0.19
Saved 9505 replay embeddings to /home/ddwilde/scriptie/runs/dota_saab2/stage2-saab/replay/buffer.pt
Saved fine prototype sources to /home/ddwilde/scriptie/runs/dota_saab2/stage2-saab/replay/buffer_sources.json
Saved 9677 box replay embeddings to /home/ddwilde/scriptie/runs/dota_saab2/stage2-saab/replay/box_buffer.pt
Saved fine prototype sources to /home/ddwilde/scriptie/runs/dota_saab2/stage2-saab/replay/box_buffer_sources.json

      Epoch    GPU_mem   box_loss   cls_loss   dfl_loss  Instances       Size
                   all        186      10109      0.161      0.515      0.374      0.207
Saved 9508 replay embeddings to /home/ddwilde/scriptie/runs/dota_saab2/stage2-saab/replay/buffer.pt
Saved fine prototype sources to /home/ddwilde/scriptie/runs/dota_saab2/stage2-saab/replay/buffer_sources.json
Saved 9706 box replay embeddings to /home/ddwilde/scriptie/runs/dota_saab2/stage2-saab/replay/box_buffer.pt
Saved fine prototype sources to /home/ddwilde/scriptie/runs/dota_saab2/stage2-saab/replay/box_buffer_sources.json

      Epoch    GPU_mem   box_loss   cls_loss   dfl_loss  Instances       Size
                   all        186      10109      0.189       0.52      0.392      0.218
Saved 9523 replay embeddings to /home/ddwilde/scriptie/runs/dota_saab2/stage2-saab/replay/buffer.pt
Saved fine prototype sources to /home/ddwilde/scriptie/runs/dota_saab2/stage2-saab/replay/buffer_sources.json
Saved 9718 box replay embeddings to /home/ddwilde/scriptie/runs/dota_saab2/stage2-saab/replay/box_buffer.pt
Saved fine prototype sources to /home/ddwilde/scriptie/runs/dota_saab2/stage2-saab/replay/box_buffer_sources.json

      Epoch    GPU_mem   box_loss   cls_loss   dfl_loss  Instances       Size
                   all        186      10109      0.185      0.524      0.383      0.214
Saved 9525 replay embeddings to /home/ddwilde/scriptie/runs/dota_saab2/stage2-saab/replay/buffer.pt
Saved fine prototype sources to /home/ddwilde/scriptie/runs/dota_saab2/stage2-saab/replay/buffer_sources.json
Saved 9739 box replay embeddings to /home/ddwilde/scriptie/runs/dota_saab2/stage2-saab/replay/box_buffer.pt
Saved fine prototype sources to /home/ddwilde/scriptie/runs/dota_saab2/stage2-saab/replay/box_buffer_sources.json

      Epoch    GPU_mem   box_loss   cls_loss   dfl_loss  Instances       Size
                   all        186      10109      0.202       0.56      0.407      0.226
Saved 9540 replay embeddings to /home/ddwilde/scriptie/runs/dota_saab2/stage2-saab/replay/buffer.pt
Saved fine prototype sources to /home/ddwilde/scriptie/runs/dota_saab2/stage2-saab/replay/buffer_sources.json
Saved 9746 box replay embeddings to /home/ddwilde/scriptie/runs/dota_saab2/stage2-saab/replay/box_buffer.pt
Saved fine prototype sources to /home/ddwilde/scriptie/runs/dota_saab2/stage2-saab/replay/box_buffer_sources.json

      Epoch    GPU_mem   box_loss   cls_loss   dfl_loss  Instances       Size
                   all        186      10109       0.18      0.523      0.386      0.207
Saved 9545 replay embeddings to /home/ddwilde/scriptie/runs/dota_saab2/stage2-saab/replay/buffer.pt
Saved fine prototype sources to /home/ddwilde/scriptie/runs/dota_saab2/stage2-saab/replay/buffer_sources.json
Saved 9746 box replay embeddings to /home/ddwilde/scriptie/runs/dota_saab2/stage2-saab/replay/box_buffer.pt
Saved fine prototype sources to /home/ddwilde/scriptie/runs/dota_saab2/stage2-saab/replay/box_buffer_sources.json

      Epoch    GPU_mem   box_loss   cls_loss   dfl_loss  Instances       Size
                   all        186      10109      0.213      0.507      0.389      0.223
Saved 9549 replay embeddings to /home/ddwilde/scriptie/runs/dota_saab2/stage2-saab/replay/buffer.pt
Saved fine prototype sources to /home/ddwilde/scriptie/runs/dota_saab2/stage2-saab/replay/buffer_sources.json
Saved 9748 box replay embeddings to /home/ddwilde/scriptie/runs/dota_saab2/stage2-saab/replay/box_buffer.pt
Saved fine prototype sources to /home/ddwilde/scriptie/runs/dota_saab2/stage2-saab/replay/box_buffer_sources.json

      Epoch    GPU_mem   box_loss   cls_loss   dfl_loss  Instances       Size
                   all        186      10109      0.163      0.535       0.36        0.2
Saved 9565 replay embeddings to /home/ddwilde/scriptie/runs/dota_saab2/stage2-saab/replay/buffer.pt
Saved fine prototype sources to /home/ddwilde/scriptie/runs/dota_saab2/stage2-saab/replay/buffer_sources.json
Saved 9749 box replay embeddings to /home/ddwilde/scriptie/runs/dota_saab2/stage2-saab/replay/box_buffer.pt
Saved fine prototype sources to /home/ddwilde/scriptie/runs/dota_saab2/stage2-saab/replay/box_buffer_sources.json

      Epoch    GPU_mem   box_loss   cls_loss   dfl_loss  Instances       Size
                   all        186      10109      0.178      0.529      0.365      0.202
Saved 9585 replay embeddings to /home/ddwilde/scriptie/runs/dota_saab2/stage2-saab/replay/buffer.pt
Saved fine prototype sources to /home/ddwilde/scriptie/runs/dota_saab2/stage2-saab/replay/buffer_sources.json
Saved 9754 box replay embeddings to /home/ddwilde/scriptie/runs/dota_saab2/stage2-saab/replay/box_buffer.pt
Saved fine prototype sources to /home/ddwilde/scriptie/runs/dota_saab2/stage2-saab/replay/box_buffer_sources.json

      Epoch    GPU_mem   box_loss   cls_loss   dfl_loss  Instances       Size
                   all        186      10109      0.181      0.548      0.375      0.213
Saved 9603 replay embeddings to /home/ddwilde/scriptie/runs/dota_saab2/stage2-saab/replay/buffer.pt
Saved fine prototype sources to /home/ddwilde/scriptie/runs/dota_saab2/stage2-saab/replay/buffer_sources.json
Saved 9757 box replay embeddings to /home/ddwilde/scriptie/runs/dota_saab2/stage2-saab/replay/box_buffer.pt
Saved fine prototype sources to /home/ddwilde/scriptie/runs/dota_saab2/stage2-saab/replay/box_buffer_sources.json

      Epoch    GPU_mem   box_loss   cls_loss   dfl_loss  Instances       Size
                   all        186      10109      0.152      0.523       0.34      0.187
Saved 9624 replay embeddings to /home/ddwilde/scriptie/runs/dota_saab2/stage2-saab/replay/buffer.pt
Saved fine prototype sources to /home/ddwilde/scriptie/runs/dota_saab2/stage2-saab/replay/buffer_sources.json
Saved 9770 box replay embeddings to /home/ddwilde/scriptie/runs/dota_saab2/stage2-saab/replay/box_buffer.pt
Saved fine prototype sources to /home/ddwilde/scriptie/runs/dota_saab2/stage2-saab/replay/box_buffer_sources.json

      Epoch    GPU_mem   box_loss   cls_loss   dfl_loss  Instances       Size
                   all        186      10109      0.205      0.544      0.399      0.223
Saved 9663 replay embeddings to /home/ddwilde/scriptie/runs/dota_saab2/stage2-saab/replay/buffer.pt
Saved fine prototype sources to /home/ddwilde/scriptie/runs/dota_saab2/stage2-saab/replay/buffer_sources.json
Saved 9774 box replay embeddings to /home/ddwilde/scriptie/runs/dota_saab2/stage2-saab/replay/box_buffer.pt
Saved fine prototype sources to /home/ddwilde/scriptie/runs/dota_saab2/stage2-saab/replay/box_buffer_sources.json

      Epoch    GPU_mem   box_loss   cls_loss   dfl_loss  Instances       Size
                   all        186      10109        0.4      0.304      0.347      0.192
Saved 9691 replay embeddings to /home/ddwilde/scriptie/runs/dota_saab2/stage2-saab/replay/buffer.pt
Saved fine prototype sources to /home/ddwilde/scriptie/runs/dota_saab2/stage2-saab/replay/buffer_sources.json
Saved 9801 box replay embeddings to /home/ddwilde/scriptie/runs/dota_saab2/stage2-saab/replay/box_buffer.pt
Saved fine prototype sources to /home/ddwilde/scriptie/runs/dota_saab2/stage2-saab/replay/box_buffer_sources.json
Closing dataloader mosaic

      Epoch    GPU_mem   box_loss   cls_loss   dfl_loss  Instances       Size
                   all        186      10109       0.25      0.448      0.385      0.222
Saved 9709 replay embeddings to /home/ddwilde/scriptie/runs/dota_saab2/stage2-saab/replay/buffer.pt
Saved fine prototype sources to /home/ddwilde/scriptie/runs/dota_saab2/stage2-saab/replay/buffer_sources.json
Saved 9809 box replay embeddings to /home/ddwilde/scriptie/runs/dota_saab2/stage2-saab/replay/box_buffer.pt
Saved fine prototype sources to /home/ddwilde/scriptie/runs/dota_saab2/stage2-saab/replay/box_buffer_sources.json

      Epoch    GPU_mem   box_loss   cls_loss   dfl_loss  Instances       Size
                   all        186      10109      0.201      0.511      0.374      0.208
Saved 9711 replay embeddings to /home/ddwilde/scriptie/runs/dota_saab2/stage2-saab/replay/buffer.pt
Saved fine prototype sources to /home/ddwilde/scriptie/runs/dota_saab2/stage2-saab/replay/buffer_sources.json
Saved 9820 box replay embeddings to /home/ddwilde/scriptie/runs/dota_saab2/stage2-saab/replay/box_buffer.pt
Saved fine prototype sources to /home/ddwilde/scriptie/runs/dota_saab2/stage2-saab/replay/box_buffer_sources.json

      Epoch    GPU_mem   box_loss   cls_loss   dfl_loss  Instances       Size
                   all        186      10109      0.227      0.484      0.361      0.204
Saved 9732 replay embeddings to /home/ddwilde/scriptie/runs/dota_saab2/stage2-saab/replay/buffer.pt
Saved fine prototype sources to /home/ddwilde/scriptie/runs/dota_saab2/stage2-saab/replay/buffer_sources.json
Saved 9839 box replay embeddings to /home/ddwilde/scriptie/runs/dota_saab2/stage2-saab/replay/box_buffer.pt
Saved fine prototype sources to /home/ddwilde/scriptie/runs/dota_saab2/stage2-saab/replay/box_buffer_sources.json

      Epoch    GPU_mem   box_loss   cls_loss   dfl_loss  Instances       Size
                   all        186      10109      0.214      0.503      0.378      0.209
Saved 9747 replay embeddings to /home/ddwilde/scriptie/runs/dota_saab2/stage2-saab/replay/buffer.pt
Saved fine prototype sources to /home/ddwilde/scriptie/runs/dota_saab2/stage2-saab/replay/buffer_sources.json
Saved 9857 box replay embeddings to /home/ddwilde/scriptie/runs/dota_saab2/stage2-saab/replay/box_buffer.pt
Saved fine prototype sources to /home/ddwilde/scriptie/runs/dota_saab2/stage2-saab/replay/box_buffer_sources.json

      Epoch    GPU_mem   box_loss   cls_loss   dfl_loss  Instances       Size
                   all        186      10109      0.171      0.506      0.337      0.187
Saved 9781 replay embeddings to /home/ddwilde/scriptie/runs/dota_saab2/stage2-saab/replay/buffer.pt
Saved fine prototype sources to /home/ddwilde/scriptie/runs/dota_saab2/stage2-saab/replay/buffer_sources.json
Saved 9878 box replay embeddings to /home/ddwilde/scriptie/runs/dota_saab2/stage2-saab/replay/box_buffer.pt
Saved fine prototype sources to /home/ddwilde/scriptie/runs/dota_saab2/stage2-saab/replay/box_buffer_sources.json

      Epoch    GPU_mem   box_loss   cls_loss   dfl_loss  Instances       Size
                   all        186      10109      0.261      0.493      0.395      0.227
Saved 9787 replay embeddings to /home/ddwilde/scriptie/runs/dota_saab2/stage2-saab/replay/buffer.pt
Saved fine prototype sources to /home/ddwilde/scriptie/runs/dota_saab2/stage2-saab/replay/buffer_sources.json
Saved 9884 box replay embeddings to /home/ddwilde/scriptie/runs/dota_saab2/stage2-saab/replay/box_buffer.pt
Saved fine prototype sources to /home/ddwilde/scriptie/runs/dota_saab2/stage2-saab/replay/box_buffer_sources.json

      Epoch    GPU_mem   box_loss   cls_loss   dfl_loss  Instances       Size
                   all        186      10109      0.221      0.518        0.4      0.224
Saved 9809 replay embeddings to /home/ddwilde/scriptie/runs/dota_saab2/stage2-saab/replay/buffer.pt
Saved fine prototype sources to /home/ddwilde/scriptie/runs/dota_saab2/stage2-saab/replay/buffer_sources.json
Saved 9891 box replay embeddings to /home/ddwilde/scriptie/runs/dota_saab2/stage2-saab/replay/box_buffer.pt
Saved fine prototype sources to /home/ddwilde/scriptie/runs/dota_saab2/stage2-saab/replay/box_buffer_sources.json

      Epoch    GPU_mem   box_loss   cls_loss   dfl_loss  Instances       Size
                   all        186      10109      0.223      0.505      0.396      0.225
Saved 9874 replay embeddings to /home/ddwilde/scriptie/runs/dota_saab2/stage2-saab/replay/buffer.pt
Saved fine prototype sources to /home/ddwilde/scriptie/runs/dota_saab2/stage2-saab/replay/buffer_sources.json
Saved 9908 box replay embeddings to /home/ddwilde/scriptie/runs/dota_saab2/stage2-saab/replay/box_buffer.pt
Saved fine prototype sources to /home/ddwilde/scriptie/runs/dota_saab2/stage2-saab/replay/box_buffer_sources.json

      Epoch    GPU_mem   box_loss   cls_loss   dfl_loss  Instances       Size
                   all        186      10109        0.2      0.521      0.381      0.216
Saved 9901 replay embeddings to /home/ddwilde/scriptie/runs/dota_saab2/stage2-saab/replay/buffer.pt
Saved fine prototype sources to /home/ddwilde/scriptie/runs/dota_saab2/stage2-saab/replay/buffer_sources.json
Saved 9927 box replay embeddings to /home/ddwilde/scriptie/runs/dota_saab2/stage2-saab/replay/box_buffer.pt
Saved fine prototype sources to /home/ddwilde/scriptie/runs/dota_saab2/stage2-saab/replay/box_buffer_sources.json

      Epoch    GPU_mem   box_loss   cls_loss   dfl_loss  Instances       Size
                   all        186      10109      0.221      0.516      0.383      0.218
Saved 9907 replay embeddings to /home/ddwilde/scriptie/runs/dota_saab2/stage2-saab/replay/buffer.pt
Saved fine prototype sources to /home/ddwilde/scriptie/runs/dota_saab2/stage2-saab/replay/buffer_sources.json
Saved 9934 box replay embeddings to /home/ddwilde/scriptie/runs/dota_saab2/stage2-saab/replay/box_buffer.pt
Saved fine prototype sources to /home/ddwilde/scriptie/runs/dota_saab2/stage2-saab/replay/box_buffer_sources.json

50 epochs completed in 0.669 hours.
Optimizer stripped from /home/ddwilde/scriptie/runs/dota_saab2/stage2-saab/weights/last.pt, 19.1MB
Optimizer stripped from /home/ddwilde/scriptie/runs/dota_saab2/stage2-saab/weights/best.pt, 19.1MB

Validating /home/ddwilde/scriptie/runs/dota_saab2/stage2-saab/weights/best.pt...
EDNet 1.0 ✅ Python-3.10.4 ✅ torch-2.8.0+cu128 ✅CUDA:0 (NVIDIA A100-SXM4-40GB, 40441MiB)
ednet-s summary (fused): 394 layers, 9,296,048 parameters, 0 gradients
                   all        186      10109      0.261      0.493      0.395      0.227
         small-vehicle         89       5547      0.359      0.364      0.299      0.143
         large-vehicle         73       2810      0.493      0.496      0.451      0.292
                 plane         45       1720      0.183       0.83      0.756      0.431
            helicopter          5         32    0.00949      0.281     0.0729     0.0432
Speed: 0.1ms preprocess, 5.4ms inference, 0.0ms loss, 0.1ms postprocess per image
Results saved to [1m/home/ddwilde/scriptie/runs/dota_saab2/stage2-saab[0m
Training finished. Results saved in: /home/ddwilde/scriptie/runs/dota_saab2/stage2-saab
EDNet 1.0 ✅ Python-3.10.4 ✅ torch-2.8.0+cu128 ✅CUDA:0 (NVIDIA A100-SXM4-40GB, 40441MiB)
[34m[1mengine/trainer: [0mtask=detect, mode=train, model=/home/ddwilde/scriptie/runs/dota_saab2/stage2-saab/weights/best.pt, data=/home/ddwilde/scriptie/yaml/DOTA-shared-stage3-replay.yaml, epochs=50, time=None, patience=100, batch=4, imgsz=640, save=True, save_period=-1, cache=False, device=None, workers=8, project=/home/ddwilde/scriptie/runs/dota_saab2, name=stage3-saab, exist_ok=False, pretrained=True, optimizer=auto, verbose=True, seed=0, deterministic=True, single_cls=False, rect=False, cos_lr=False, close_mosaic=10, resume=False, amp=True, fraction=1.0, profile=False, freeze=None, multi_scale=False, continual={'enable': False, 'batches': [], 'adapter_strategy': 'last', 'save_history': True}, replay={'enable': True, 'buffer_per_class': 128, 'sample_per_batch': 32, 'loss_weight': 10.0, 'tiny_max_pixels': 320, 'prototypes': {'num_fine': 4}, 'init_buffer': '/home/ddwilde/scriptie/runs/dota_saab2/stage2-saab/replay/buffer.pt', 'box': {'enable': True, 'loss_weight': 1.0, 'init_buffer': '/home/ddwilde/scriptie/runs/dota_saab2/stage2-saab/replay/box_buffer.pt'}, 'student_update_freq': 10}, kd={'enable': False, 'lambda_cls': 1.0, 'lambda_bbox': 1.0, 'top_k': 10, 'teacher_weights': None, 'teacher_nc': None, 'debug_batches': 10}, stage={'active_classes': [4], 'prev_classes': [0, 1, 2, 3]}, overlap_mask=True, mask_ratio=4, dropout=0.0, val=True, split=val, save_json=False, save_hybrid=False, conf=None, iou=0.7, max_det=300, half=False, dnn=False, plots=True, per_class_tb_interval=1, source=None, vid_stride=1, stream_buffer=False, visualize=False, augment=False, agnostic_nms=False, classes=None, retina_masks=False, embed=None, show=False, save_frames=False, save_txt=False, save_conf=False, save_crop=False, show_labels=True, show_conf=True, show_boxes=True, line_width=None, format=torchscript, keras=False, optimize=False, int8=False, dynamic=False, simplify=False, opset=None, workspace=4, nms=False, lr0=0.01, lrf=0.01, momentum=0.937, weight_decay=0.0005, warmup_epochs=3.0, warmup_momentum=0.8, warmup_bias_lr=0.1, box=7.5, cls=0.5, dfl=1.5, pose=12.0, kobj=1.0, label_smoothing=0.0, nbs=64, hsv_h=0.015, hsv_s=0.7, hsv_v=0.4, degrees=0.0, translate=0.1, scale=0.5, shear=0.0, perspective=0.0, flipud=0.0, fliplr=0.5, bgr=0.0, mosaic=1.0, mixup=0.0, copy_paste=0.0, auto_augment=randaugment, erasing=0.4, crop_fraction=1.0, cfg=None, tracker=botsort.yaml, save_dir=/home/ddwilde/scriptie/runs/dota_saab2/stage3-saab
Overriding model.yaml nc=4 with nc=5

                   from  n    params  module                                       arguments                     
  0                  -1  1       928  ednet.nn.modules.conv.Conv                   [3, 32, 3, 2]                 
  1                  -1  1     18560  ednet.nn.modules.conv.Conv                   [32, 64, 3, 2]                
  2                  -1  1     29056  ednet.nn.modules.block.C2f                   [64, 64, 1, True]             
  3                  -1  1     73984  ednet.nn.modules.conv.Conv                   [64, 128, 3, 2]               
  4                  -1  2    197632  ednet.nn.modules.block.C2f                   [128, 128, 2, True]           
  5                  -1  1    295424  ednet.nn.modules.conv.Conv                   [128, 256, 3, 2]              
  6                  -1  2    420864  ednet.nn.modules.block.C2f_FCA               [256, 256, 2, True]           
  7                  -1  1   1180672  ednet.nn.modules.conv.Conv                   [256, 512, 3, 2]              
  8                  -1  1   1095680  ednet.nn.modules.block.C2f_FCA               [512, 512, 1, True]           
  9                  -1  1    656896  ednet.nn.modules.block.SPPF                  [512, 512, 5]                 
 10                  -1  1    990976  ednet.nn.modules.block.PSA                   [512, 512]                    
 11                  -1  1         0  torch.nn.modules.upsampling.Upsample         [None, 2, 'nearest']          
 12             [-1, 6]  1         0  ednet.nn.modules.conv.Concat                 [1]                           
 13                  -1  1    591360  ednet.nn.modules.block.C2f                   [768, 256, 1]                 
 14                  -1  1         0  torch.nn.modules.upsampling.Upsample         [None, 2, 'nearest']          
 15             [-1, 4]  1         0  ednet.nn.modules.conv.Concat                 [1]                           
 16                  -1  1    148224  ednet.nn.modules.block.C2f                   [384, 128, 1]                 
 17                  -1  1         0  torch.nn.modules.upsampling.Upsample         [None, 2, 'nearest']          
 18             [-1, 2]  1         0  ednet.nn.modules.conv.Concat                 [1]                           
 19                  -1  1     37248  ednet.nn.modules.block.C2f                   [192, 64, 1]                  
 20                  -1  1     36992  ednet.nn.modules.conv.Conv                   [64, 64, 3, 2]                
 21            [-1, 16]  1         0  ednet.nn.modules.conv.Concat                 [1]                           
 22                  -1  1    123648  ednet.nn.modules.block.C2f                   [192, 128, 1]                 
 23                  -1  1    147712  ednet.nn.modules.conv.Conv                   [128, 128, 3, 2]              
 24            [-1, 13]  1         0  ednet.nn.modules.conv.Concat                 [1]                           
 25                  -1  1    493056  ednet.nn.modules.block.C2f                   [384, 256, 1]                 
 26                  -1  1     68864  ednet.nn.modules.block.SCDown                [256, 256, 3, 2]              
 27             [-1, 9]  1         0  ednet.nn.modules.conv.Concat                 [1]                           
 28                  -1  1   1089536  ednet.nn.modules.block.C2fCIB                [768, 512, 1, True, True]     
 29    [19, 22, 25, 28]  1   1623224  ednet.nn.modules.head.v10Detect              [5, [64, 128, 256, 512]]      
ednet-s summary: 510 layers, 9,320,536 parameters, 9,320,520 gradients

Active classes for this stage: (4,)
Replay/previous classes for this stage: (0, 1, 2, 3)
Transferred 737/753 items from pretrained weights
Replay active: extended active_classes → (0, 1, 2, 3, 4)
Replay feature tapper initialized for detection head levels: ['P2', 'P3', 'P4']
Loaded 9907 replay embeddings from /home/ddwilde/scriptie/runs/dota_saab2/stage2-saab/replay/buffer.pt
Box replay feature tapper initialized (cv2) for levels: ['P2', 'P3', 'P4']
Loaded 9934 box replay embeddings from /home/ddwilde/scriptie/runs/dota_saab2/stage2-saab/replay/box_buffer.pt
Box prototype replay enabled | loss_weight=1.00
[34m[1mTensorBoard: [0mStart with 'tensorboard --logdir /home/ddwilde/scriptie/runs/dota_saab2/stage3-saab', view at http://localhost:6006/
Freezing layer 'model.29.dfl.conv.weight'
[34m[1mAMP: [0mrunning Automatic Mixed Precision (AMP) checks with YOLOv8n...
[34m[1mAMP: [0mchecks passed ✅
Plotting labels to /home/ddwilde/scriptie/runs/dota_saab2/stage3-saab/labels.jpg... 
[34m[1moptimizer:[0m 'optimizer=auto' found, ignoring 'lr0=0.01' and 'momentum=0.937' and determining best 'optimizer', 'lr0' and 'momentum' automatically... 
[34m[1moptimizer:[0m AdamW(lr=0.001111, momentum=0.9) with parameter groups 117 weight(decay=0.0), 145 weight(decay=0.0005), 139 bias(decay=0.0)
Trainable params: 401 tensors (9320520 weights). Top trainable=[('model.7.conv.weight', 1179648), ('model.9.cv2.conv.weight', 524288), ('model.8.cv2.conv.weight', 393216), ('model.28.cv1.conv.weight', 393216), ('model.28.cv2.conv.weight', 393216), ('model.5.conv.weight', 294912), ('model.29.cv2.3.0.conv.weight', 294912), ('model.29.one2one_cv2.3.0.conv.weight', 294912), ('model.8.cv1.conv.weight', 262144), ('model.10.cv1.conv.weight', 262144), ('model.10.cv2.conv.weight', 262144), ('model.13.cv1.conv.weight', 196608), ('model.13.m.0.cv1.conv.weight', 147456), ('model.13.m.0.cv2.conv.weight', 147456), ('model.23.conv.weight', 147456), ('model.25.m.0.cv1.conv.weight', 147456), ('model.25.m.0.cv2.conv.weight', 147456), ('model.29.cv2.2.0.conv.weight', 147456), ('model.29.one2one_cv2.2.0.conv.weight', 147456), ('model.6.cv2.conv.weight', 131072)]
Limiting positives to classes (0, 1, 2, 3, 4)
Replay targets limited to previous classes (0, 1, 2, 3)
Limiting positives to classes (0, 1, 2, 3, 4)
Replay targets limited to previous classes (0, 1, 2, 3)
[34m[1mTensorBoard: [0mmodel graph visualization added ✅
Image sizes 640 train, 640 val
Using 8 dataloader workers
Logging results to [1m/home/ddwilde/scriptie/runs/dota_saab2/stage3-saab[0m
Starting training for 50 epochs...

      Epoch    GPU_mem   box_loss   cls_loss   dfl_loss  Instances       Size
Limiting positives to classes (0, 1, 2, 3, 4)
Replay targets limited to previous classes (0, 1, 2, 3)
Limiting positives to classes (0, 1, 2, 3, 4)
Replay targets limited to previous classes (0, 1, 2, 3)
Replay tap config not set; GT-driven replay skipped for this batch.
Replay tap config not set; GT-driven replay skipped for this batch.
                   all        186      15849      0.107      0.268       0.17     0.0958
Saved 15111 replay embeddings to /home/ddwilde/scriptie/runs/dota_saab2/stage3-saab/replay/buffer.pt
Saved fine prototype sources to /home/ddwilde/scriptie/runs/dota_saab2/stage3-saab/replay/buffer_sources.json
Saved 15336 box replay embeddings to /home/ddwilde/scriptie/runs/dota_saab2/stage3-saab/replay/box_buffer.pt
Saved fine prototype sources to /home/ddwilde/scriptie/runs/dota_saab2/stage3-saab/replay/box_buffer_sources.json

      Epoch    GPU_mem   box_loss   cls_loss   dfl_loss  Instances       Size
                   all        186      15849      0.628      0.174      0.232      0.106
Saved 16191 replay embeddings to /home/ddwilde/scriptie/runs/dota_saab2/stage3-saab/replay/buffer.pt
Saved fine prototype sources to /home/ddwilde/scriptie/runs/dota_saab2/stage3-saab/replay/buffer_sources.json
Saved 16231 box replay embeddings to /home/ddwilde/scriptie/runs/dota_saab2/stage3-saab/replay/box_buffer.pt
Saved fine prototype sources to /home/ddwilde/scriptie/runs/dota_saab2/stage3-saab/replay/box_buffer_sources.json

      Epoch    GPU_mem   box_loss   cls_loss   dfl_loss  Instances       Size
                   all        186      15849      0.654      0.189      0.308      0.149
Saved 16825 replay embeddings to /home/ddwilde/scriptie/runs/dota_saab2/stage3-saab/replay/buffer.pt
Saved fine prototype sources to /home/ddwilde/scriptie/runs/dota_saab2/stage3-saab/replay/buffer_sources.json
Saved 16734 box replay embeddings to /home/ddwilde/scriptie/runs/dota_saab2/stage3-saab/replay/box_buffer.pt
Saved fine prototype sources to /home/ddwilde/scriptie/runs/dota_saab2/stage3-saab/replay/box_buffer_sources.json

      Epoch    GPU_mem   box_loss   cls_loss   dfl_loss  Instances       Size
                   all        186      15849      0.156      0.463        0.3      0.142
Saved 17248 replay embeddings to /home/ddwilde/scriptie/runs/dota_saab2/stage3-saab/replay/buffer.pt
Saved fine prototype sources to /home/ddwilde/scriptie/runs/dota_saab2/stage3-saab/replay/buffer_sources.json
Saved 16986 box replay embeddings to /home/ddwilde/scriptie/runs/dota_saab2/stage3-saab/replay/box_buffer.pt
Saved fine prototype sources to /home/ddwilde/scriptie/runs/dota_saab2/stage3-saab/replay/box_buffer_sources.json

      Epoch    GPU_mem   box_loss   cls_loss   dfl_loss  Instances       Size
                   all        186      15849      0.159      0.426      0.266      0.125
Saved 17509 replay embeddings to /home/ddwilde/scriptie/runs/dota_saab2/stage3-saab/replay/buffer.pt
Saved fine prototype sources to /home/ddwilde/scriptie/runs/dota_saab2/stage3-saab/replay/buffer_sources.json
Saved 17217 box replay embeddings to /home/ddwilde/scriptie/runs/dota_saab2/stage3-saab/replay/box_buffer.pt
Saved fine prototype sources to /home/ddwilde/scriptie/runs/dota_saab2/stage3-saab/replay/box_buffer_sources.json

      Epoch    GPU_mem   box_loss   cls_loss   dfl_loss  Instances       Size
                   all        186      15849      0.179      0.477       0.31      0.149
Saved 17702 replay embeddings to /home/ddwilde/scriptie/runs/dota_saab2/stage3-saab/replay/buffer.pt
Saved fine prototype sources to /home/ddwilde/scriptie/runs/dota_saab2/stage3-saab/replay/buffer_sources.json
Saved 17493 box replay embeddings to /home/ddwilde/scriptie/runs/dota_saab2/stage3-saab/replay/box_buffer.pt
Saved fine prototype sources to /home/ddwilde/scriptie/runs/dota_saab2/stage3-saab/replay/box_buffer_sources.json

      Epoch    GPU_mem   box_loss   cls_loss   dfl_loss  Instances       Size
                   all        186      15849      0.176      0.482      0.332      0.168
Saved 17807 replay embeddings to /home/ddwilde/scriptie/runs/dota_saab2/stage3-saab/replay/buffer.pt
Saved fine prototype sources to /home/ddwilde/scriptie/runs/dota_saab2/stage3-saab/replay/buffer_sources.json
Saved 17611 box replay embeddings to /home/ddwilde/scriptie/runs/dota_saab2/stage3-saab/replay/box_buffer.pt
Saved fine prototype sources to /home/ddwilde/scriptie/runs/dota_saab2/stage3-saab/replay/box_buffer_sources.json

      Epoch    GPU_mem   box_loss   cls_loss   dfl_loss  Instances       Size
                   all        186      15849      0.192      0.475      0.344       0.17
Saved 17861 replay embeddings to /home/ddwilde/scriptie/runs/dota_saab2/stage3-saab/replay/buffer.pt
Saved fine prototype sources to /home/ddwilde/scriptie/runs/dota_saab2/stage3-saab/replay/buffer_sources.json
Saved 17576 box replay embeddings to /home/ddwilde/scriptie/runs/dota_saab2/stage3-saab/replay/box_buffer.pt
Saved fine prototype sources to /home/ddwilde/scriptie/runs/dota_saab2/stage3-saab/replay/box_buffer_sources.json

      Epoch    GPU_mem   box_loss   cls_loss   dfl_loss  Instances       Size
                   all        186      15849      0.523      0.302      0.381      0.197
Saved 17886 replay embeddings to /home/ddwilde/scriptie/runs/dota_saab2/stage3-saab/replay/buffer.pt
Saved fine prototype sources to /home/ddwilde/scriptie/runs/dota_saab2/stage3-saab/replay/buffer_sources.json
Saved 17653 box replay embeddings to /home/ddwilde/scriptie/runs/dota_saab2/stage3-saab/replay/box_buffer.pt
Saved fine prototype sources to /home/ddwilde/scriptie/runs/dota_saab2/stage3-saab/replay/box_buffer_sources.json

      Epoch    GPU_mem   box_loss   cls_loss   dfl_loss  Instances       Size
                   all        186      15849      0.214      0.501      0.394      0.207
Saved 17781 replay embeddings to /home/ddwilde/scriptie/runs/dota_saab2/stage3-saab/replay/buffer.pt
Saved fine prototype sources to /home/ddwilde/scriptie/runs/dota_saab2/stage3-saab/replay/buffer_sources.json
Saved 17676 box replay embeddings to /home/ddwilde/scriptie/runs/dota_saab2/stage3-saab/replay/box_buffer.pt
Saved fine prototype sources to /home/ddwilde/scriptie/runs/dota_saab2/stage3-saab/replay/box_buffer_sources.json

      Epoch    GPU_mem   box_loss   cls_loss   dfl_loss  Instances       Size
                   all        186      15849      0.524      0.319      0.399      0.207
Saved 17799 replay embeddings to /home/ddwilde/scriptie/runs/dota_saab2/stage3-saab/replay/buffer.pt
Saved fine prototype sources to /home/ddwilde/scriptie/runs/dota_saab2/stage3-saab/replay/buffer_sources.json
Saved 17738 box replay embeddings to /home/ddwilde/scriptie/runs/dota_saab2/stage3-saab/replay/box_buffer.pt
Saved fine prototype sources to /home/ddwilde/scriptie/runs/dota_saab2/stage3-saab/replay/box_buffer_sources.json

      Epoch    GPU_mem   box_loss   cls_loss   dfl_loss  Instances       Size
                   all        186      15849      0.179      0.452      0.362      0.188
Saved 17831 replay embeddings to /home/ddwilde/scriptie/runs/dota_saab2/stage3-saab/replay/buffer.pt
Saved fine prototype sources to /home/ddwilde/scriptie/runs/dota_saab2/stage3-saab/replay/buffer_sources.json
Saved 17830 box replay embeddings to /home/ddwilde/scriptie/runs/dota_saab2/stage3-saab/replay/box_buffer.pt
Saved fine prototype sources to /home/ddwilde/scriptie/runs/dota_saab2/stage3-saab/replay/box_buffer_sources.json

      Epoch    GPU_mem   box_loss   cls_loss   dfl_loss  Instances       Size
                   all        186      15849      0.183      0.475      0.352      0.174
Saved 17853 replay embeddings to /home/ddwilde/scriptie/runs/dota_saab2/stage3-saab/replay/buffer.pt
Saved fine prototype sources to /home/ddwilde/scriptie/runs/dota_saab2/stage3-saab/replay/buffer_sources.json
Saved 17885 box replay embeddings to /home/ddwilde/scriptie/runs/dota_saab2/stage3-saab/replay/box_buffer.pt
Saved fine prototype sources to /home/ddwilde/scriptie/runs/dota_saab2/stage3-saab/replay/box_buffer_sources.json

      Epoch    GPU_mem   box_loss   cls_loss   dfl_loss  Instances       Size
                   all        186      15849      0.187      0.489      0.383      0.198
Saved 17800 replay embeddings to /home/ddwilde/scriptie/runs/dota_saab2/stage3-saab/replay/buffer.pt
Saved fine prototype sources to /home/ddwilde/scriptie/runs/dota_saab2/stage3-saab/replay/buffer_sources.json
Saved 17820 box replay embeddings to /home/ddwilde/scriptie/runs/dota_saab2/stage3-saab/replay/box_buffer.pt
Saved fine prototype sources to /home/ddwilde/scriptie/runs/dota_saab2/stage3-saab/replay/box_buffer_sources.json

      Epoch    GPU_mem   box_loss   cls_loss   dfl_loss  Instances       Size
                   all        186      15849      0.576      0.314      0.355      0.175
Saved 17844 replay embeddings to /home/ddwilde/scriptie/runs/dota_saab2/stage3-saab/replay/buffer.pt
Saved fine prototype sources to /home/ddwilde/scriptie/runs/dota_saab2/stage3-saab/replay/buffer_sources.json
Saved 17639 box replay embeddings to /home/ddwilde/scriptie/runs/dota_saab2/stage3-saab/replay/box_buffer.pt
Saved fine prototype sources to /home/ddwilde/scriptie/runs/dota_saab2/stage3-saab/replay/box_buffer_sources.json

      Epoch    GPU_mem   box_loss   cls_loss   dfl_loss  Instances       Size
                   all        186      15849      0.565      0.365       0.37      0.187
Saved 17924 replay embeddings to /home/ddwilde/scriptie/runs/dota_saab2/stage3-saab/replay/buffer.pt
Saved fine prototype sources to /home/ddwilde/scriptie/runs/dota_saab2/stage3-saab/replay/buffer_sources.json
Saved 17581 box replay embeddings to /home/ddwilde/scriptie/runs/dota_saab2/stage3-saab/replay/box_buffer.pt
Saved fine prototype sources to /home/ddwilde/scriptie/runs/dota_saab2/stage3-saab/replay/box_buffer_sources.json

      Epoch    GPU_mem   box_loss   cls_loss   dfl_loss  Instances       Size
                   all        186      15849      0.358      0.451      0.392      0.199
Saved 17966 replay embeddings to /home/ddwilde/scriptie/runs/dota_saab2/stage3-saab/replay/buffer.pt
Saved fine prototype sources to /home/ddwilde/scriptie/runs/dota_saab2/stage3-saab/replay/buffer_sources.json
Saved 17793 box replay embeddings to /home/ddwilde/scriptie/runs/dota_saab2/stage3-saab/replay/box_buffer.pt
Saved fine prototype sources to /home/ddwilde/scriptie/runs/dota_saab2/stage3-saab/replay/box_buffer_sources.json

      Epoch    GPU_mem   box_loss   cls_loss   dfl_loss  Instances       Size
                   all        186      15849      0.495      0.321      0.358      0.176
Saved 17981 replay embeddings to /home/ddwilde/scriptie/runs/dota_saab2/stage3-saab/replay/buffer.pt
Saved fine prototype sources to /home/ddwilde/scriptie/runs/dota_saab2/stage3-saab/replay/buffer_sources.json
Saved 17827 box replay embeddings to /home/ddwilde/scriptie/runs/dota_saab2/stage3-saab/replay/box_buffer.pt
Saved fine prototype sources to /home/ddwilde/scriptie/runs/dota_saab2/stage3-saab/replay/box_buffer_sources.json

      Epoch    GPU_mem   box_loss   cls_loss   dfl_loss  Instances       Size
                   all        186      15849      0.247      0.474      0.377      0.193
Saved 17990 replay embeddings to /home/ddwilde/scriptie/runs/dota_saab2/stage3-saab/replay/buffer.pt
Saved fine prototype sources to /home/ddwilde/scriptie/runs/dota_saab2/stage3-saab/replay/buffer_sources.json
Saved 17852 box replay embeddings to /home/ddwilde/scriptie/runs/dota_saab2/stage3-saab/replay/box_buffer.pt
Saved fine prototype sources to /home/ddwilde/scriptie/runs/dota_saab2/stage3-saab/replay/box_buffer_sources.json

      Epoch    GPU_mem   box_loss   cls_loss   dfl_loss  Instances       Size
                   all        186      15849      0.354      0.414      0.378      0.196
Saved 18015 replay embeddings to /home/ddwilde/scriptie/runs/dota_saab2/stage3-saab/replay/buffer.pt
Saved fine prototype sources to /home/ddwilde/scriptie/runs/dota_saab2/stage3-saab/replay/buffer_sources.json
Saved 17747 box replay embeddings to /home/ddwilde/scriptie/runs/dota_saab2/stage3-saab/replay/box_buffer.pt
Saved fine prototype sources to /home/ddwilde/scriptie/runs/dota_saab2/stage3-saab/replay/box_buffer_sources.json

      Epoch    GPU_mem   box_loss   cls_loss   dfl_loss  Instances       Size
                   all        186      15849      0.573      0.316      0.397      0.206
Saved 17918 replay embeddings to /home/ddwilde/scriptie/runs/dota_saab2/stage3-saab/replay/buffer.pt
Saved fine prototype sources to /home/ddwilde/scriptie/runs/dota_saab2/stage3-saab/replay/buffer_sources.json
Saved 17778 box replay embeddings to /home/ddwilde/scriptie/runs/dota_saab2/stage3-saab/replay/box_buffer.pt
Saved fine prototype sources to /home/ddwilde/scriptie/runs/dota_saab2/stage3-saab/replay/box_buffer_sources.json

      Epoch    GPU_mem   box_loss   cls_loss   dfl_loss  Instances       Size
                   all        186      15849       0.72      0.297      0.396      0.208
Saved 17935 replay embeddings to /home/ddwilde/scriptie/runs/dota_saab2/stage3-saab/replay/buffer.pt
Saved fine prototype sources to /home/ddwilde/scriptie/runs/dota_saab2/stage3-saab/replay/buffer_sources.json
Saved 17855 box replay embeddings to /home/ddwilde/scriptie/runs/dota_saab2/stage3-saab/replay/box_buffer.pt
Saved fine prototype sources to /home/ddwilde/scriptie/runs/dota_saab2/stage3-saab/replay/box_buffer_sources.json

      Epoch    GPU_mem   box_loss   cls_loss   dfl_loss  Instances       Size
                   all        186      15849      0.447       0.39       0.39      0.207
Saved 17963 replay embeddings to /home/ddwilde/scriptie/runs/dota_saab2/stage3-saab/replay/buffer.pt
Saved fine prototype sources to /home/ddwilde/scriptie/runs/dota_saab2/stage3-saab/replay/buffer_sources.json
Saved 17871 box replay embeddings to /home/ddwilde/scriptie/runs/dota_saab2/stage3-saab/replay/box_buffer.pt
Saved fine prototype sources to /home/ddwilde/scriptie/runs/dota_saab2/stage3-saab/replay/box_buffer_sources.json

      Epoch    GPU_mem   box_loss   cls_loss   dfl_loss  Instances       Size
                   all        186      15849       0.24      0.502      0.382      0.208
Saved 17979 replay embeddings to /home/ddwilde/scriptie/runs/dota_saab2/stage3-saab/replay/buffer.pt
Saved fine prototype sources to /home/ddwilde/scriptie/runs/dota_saab2/stage3-saab/replay/buffer_sources.json
Saved 17765 box replay embeddings to /home/ddwilde/scriptie/runs/dota_saab2/stage3-saab/replay/box_buffer.pt
Saved fine prototype sources to /home/ddwilde/scriptie/runs/dota_saab2/stage3-saab/replay/box_buffer_sources.json

      Epoch    GPU_mem   box_loss   cls_loss   dfl_loss  Instances       Size
                   all        186      15849      0.256      0.443      0.354      0.184
Saved 18003 replay embeddings to /home/ddwilde/scriptie/runs/dota_saab2/stage3-saab/replay/buffer.pt
Saved fine prototype sources to /home/ddwilde/scriptie/runs/dota_saab2/stage3-saab/replay/buffer_sources.json
Saved 17650 box replay embeddings to /home/ddwilde/scriptie/runs/dota_saab2/stage3-saab/replay/box_buffer.pt
Saved fine prototype sources to /home/ddwilde/scriptie/runs/dota_saab2/stage3-saab/replay/box_buffer_sources.json

      Epoch    GPU_mem   box_loss   cls_loss   dfl_loss  Instances       Size
                   all        186      15849      0.573      0.311      0.384      0.204
Saved 18042 replay embeddings to /home/ddwilde/scriptie/runs/dota_saab2/stage3-saab/replay/buffer.pt
Saved fine prototype sources to /home/ddwilde/scriptie/runs/dota_saab2/stage3-saab/replay/buffer_sources.json
Saved 17662 box replay embeddings to /home/ddwilde/scriptie/runs/dota_saab2/stage3-saab/replay/box_buffer.pt
Saved fine prototype sources to /home/ddwilde/scriptie/runs/dota_saab2/stage3-saab/replay/box_buffer_sources.json

      Epoch    GPU_mem   box_loss   cls_loss   dfl_loss  Instances       Size
                   all        186      15849      0.208       0.52      0.396      0.199
Saved 18156 replay embeddings to /home/ddwilde/scriptie/runs/dota_saab2/stage3-saab/replay/buffer.pt
Saved fine prototype sources to /home/ddwilde/scriptie/runs/dota_saab2/stage3-saab/replay/buffer_sources.json
Saved 17593 box replay embeddings to /home/ddwilde/scriptie/runs/dota_saab2/stage3-saab/replay/box_buffer.pt
Saved fine prototype sources to /home/ddwilde/scriptie/runs/dota_saab2/stage3-saab/replay/box_buffer_sources.json

      Epoch    GPU_mem   box_loss   cls_loss   dfl_loss  Instances       Size
                   all        186      15849      0.223      0.507      0.383      0.193
Saved 18069 replay embeddings to /home/ddwilde/scriptie/runs/dota_saab2/stage3-saab/replay/buffer.pt
Saved fine prototype sources to /home/ddwilde/scriptie/runs/dota_saab2/stage3-saab/replay/buffer_sources.json
Saved 17660 box replay embeddings to /home/ddwilde/scriptie/runs/dota_saab2/stage3-saab/replay/box_buffer.pt
Saved fine prototype sources to /home/ddwilde/scriptie/runs/dota_saab2/stage3-saab/replay/box_buffer_sources.json

      Epoch    GPU_mem   box_loss   cls_loss   dfl_loss  Instances       Size
                   all        186      15849      0.666      0.341       0.41      0.213
Saved 18109 replay embeddings to /home/ddwilde/scriptie/runs/dota_saab2/stage3-saab/replay/buffer.pt
Saved fine prototype sources to /home/ddwilde/scriptie/runs/dota_saab2/stage3-saab/replay/buffer_sources.json
Saved 17673 box replay embeddings to /home/ddwilde/scriptie/runs/dota_saab2/stage3-saab/replay/box_buffer.pt
Saved fine prototype sources to /home/ddwilde/scriptie/runs/dota_saab2/stage3-saab/replay/box_buffer_sources.json

      Epoch    GPU_mem   box_loss   cls_loss   dfl_loss  Instances       Size
                   all        186      15849        0.7      0.346      0.423      0.221
Saved 18160 replay embeddings to /home/ddwilde/scriptie/runs/dota_saab2/stage3-saab/replay/buffer.pt
Saved fine prototype sources to /home/ddwilde/scriptie/runs/dota_saab2/stage3-saab/replay/buffer_sources.json
Saved 17693 box replay embeddings to /home/ddwilde/scriptie/runs/dota_saab2/stage3-saab/replay/box_buffer.pt
Saved fine prototype sources to /home/ddwilde/scriptie/runs/dota_saab2/stage3-saab/replay/box_buffer_sources.json

      Epoch    GPU_mem   box_loss   cls_loss   dfl_loss  Instances       Size
                   all        186      15849      0.568      0.359      0.403      0.204
Saved 18185 replay embeddings to /home/ddwilde/scriptie/runs/dota_saab2/stage3-saab/replay/buffer.pt
Saved fine prototype sources to /home/ddwilde/scriptie/runs/dota_saab2/stage3-saab/replay/buffer_sources.json
Saved 17695 box replay embeddings to /home/ddwilde/scriptie/runs/dota_saab2/stage3-saab/replay/box_buffer.pt
Saved fine prototype sources to /home/ddwilde/scriptie/runs/dota_saab2/stage3-saab/replay/box_buffer_sources.json

      Epoch    GPU_mem   box_loss   cls_loss   dfl_loss  Instances       Size
                   all        186      15849      0.495      0.394      0.417      0.214
Saved 18232 replay embeddings to /home/ddwilde/scriptie/runs/dota_saab2/stage3-saab/replay/buffer.pt
Saved fine prototype sources to /home/ddwilde/scriptie/runs/dota_saab2/stage3-saab/replay/buffer_sources.json
Saved 17719 box replay embeddings to /home/ddwilde/scriptie/runs/dota_saab2/stage3-saab/replay/box_buffer.pt
Saved fine prototype sources to /home/ddwilde/scriptie/runs/dota_saab2/stage3-saab/replay/box_buffer_sources.json

      Epoch    GPU_mem   box_loss   cls_loss   dfl_loss  Instances       Size
                   all        186      15849      0.622       0.33      0.385      0.196
Saved 18275 replay embeddings to /home/ddwilde/scriptie/runs/dota_saab2/stage3-saab/replay/buffer.pt
Saved fine prototype sources to /home/ddwilde/scriptie/runs/dota_saab2/stage3-saab/replay/buffer_sources.json
Saved 17739 box replay embeddings to /home/ddwilde/scriptie/runs/dota_saab2/stage3-saab/replay/box_buffer.pt
Saved fine prototype sources to /home/ddwilde/scriptie/runs/dota_saab2/stage3-saab/replay/box_buffer_sources.json

      Epoch    GPU_mem   box_loss   cls_loss   dfl_loss  Instances       Size
                   all        186      15849      0.555      0.304      0.367      0.194
Saved 18304 replay embeddings to /home/ddwilde/scriptie/runs/dota_saab2/stage3-saab/replay/buffer.pt
Saved fine prototype sources to /home/ddwilde/scriptie/runs/dota_saab2/stage3-saab/replay/buffer_sources.json
Saved 17753 box replay embeddings to /home/ddwilde/scriptie/runs/dota_saab2/stage3-saab/replay/box_buffer.pt
Saved fine prototype sources to /home/ddwilde/scriptie/runs/dota_saab2/stage3-saab/replay/box_buffer_sources.json

      Epoch    GPU_mem   box_loss   cls_loss   dfl_loss  Instances       Size
                   all        186      15849       0.61      0.316      0.396      0.214
Saved 18333 replay embeddings to /home/ddwilde/scriptie/runs/dota_saab2/stage3-saab/replay/buffer.pt
Saved fine prototype sources to /home/ddwilde/scriptie/runs/dota_saab2/stage3-saab/replay/buffer_sources.json
Saved 17639 box replay embeddings to /home/ddwilde/scriptie/runs/dota_saab2/stage3-saab/replay/box_buffer.pt
Saved fine prototype sources to /home/ddwilde/scriptie/runs/dota_saab2/stage3-saab/replay/box_buffer_sources.json

      Epoch    GPU_mem   box_loss   cls_loss   dfl_loss  Instances       Size
                   all        186      15849      0.703      0.343       0.43      0.226
Saved 18367 replay embeddings to /home/ddwilde/scriptie/runs/dota_saab2/stage3-saab/replay/buffer.pt
Saved fine prototype sources to /home/ddwilde/scriptie/runs/dota_saab2/stage3-saab/replay/buffer_sources.json
Saved 17773 box replay embeddings to /home/ddwilde/scriptie/runs/dota_saab2/stage3-saab/replay/box_buffer.pt
Saved fine prototype sources to /home/ddwilde/scriptie/runs/dota_saab2/stage3-saab/replay/box_buffer_sources.json

      Epoch    GPU_mem   box_loss   cls_loss   dfl_loss  Instances       Size
                   all        186      15849      0.672      0.319      0.388      0.205
Saved 18403 replay embeddings to /home/ddwilde/scriptie/runs/dota_saab2/stage3-saab/replay/buffer.pt
Saved fine prototype sources to /home/ddwilde/scriptie/runs/dota_saab2/stage3-saab/replay/buffer_sources.json
Saved 17570 box replay embeddings to /home/ddwilde/scriptie/runs/dota_saab2/stage3-saab/replay/box_buffer.pt
Saved fine prototype sources to /home/ddwilde/scriptie/runs/dota_saab2/stage3-saab/replay/box_buffer_sources.json

      Epoch    GPU_mem   box_loss   cls_loss   dfl_loss  Instances       Size
                   all        186      15849      0.542      0.352        0.4      0.213
Saved 18486 replay embeddings to /home/ddwilde/scriptie/runs/dota_saab2/stage3-saab/replay/buffer.pt
Saved fine prototype sources to /home/ddwilde/scriptie/runs/dota_saab2/stage3-saab/replay/buffer_sources.json
Saved 17583 box replay embeddings to /home/ddwilde/scriptie/runs/dota_saab2/stage3-saab/replay/box_buffer.pt
Saved fine prototype sources to /home/ddwilde/scriptie/runs/dota_saab2/stage3-saab/replay/box_buffer_sources.json

      Epoch    GPU_mem   box_loss   cls_loss   dfl_loss  Instances       Size
                   all        186      15849      0.259      0.501      0.391      0.212
Saved 18518 replay embeddings to /home/ddwilde/scriptie/runs/dota_saab2/stage3-saab/replay/buffer.pt
Saved fine prototype sources to /home/ddwilde/scriptie/runs/dota_saab2/stage3-saab/replay/buffer_sources.json
Saved 17607 box replay embeddings to /home/ddwilde/scriptie/runs/dota_saab2/stage3-saab/replay/box_buffer.pt
Saved fine prototype sources to /home/ddwilde/scriptie/runs/dota_saab2/stage3-saab/replay/box_buffer_sources.json

      Epoch    GPU_mem   box_loss   cls_loss   dfl_loss  Instances       Size
                   all        186      15849      0.547      0.342      0.388      0.206
Saved 18295 replay embeddings to /home/ddwilde/scriptie/runs/dota_saab2/stage3-saab/replay/buffer.pt
Saved fine prototype sources to /home/ddwilde/scriptie/runs/dota_saab2/stage3-saab/replay/buffer_sources.json
Saved 17622 box replay embeddings to /home/ddwilde/scriptie/runs/dota_saab2/stage3-saab/replay/box_buffer.pt
Saved fine prototype sources to /home/ddwilde/scriptie/runs/dota_saab2/stage3-saab/replay/box_buffer_sources.json
Closing dataloader mosaic

      Epoch    GPU_mem   box_loss   cls_loss   dfl_loss  Instances       Size
                   all        186      15849       0.31      0.416       0.37      0.201
Saved 18303 replay embeddings to /home/ddwilde/scriptie/runs/dota_saab2/stage3-saab/replay/buffer.pt
Saved fine prototype sources to /home/ddwilde/scriptie/runs/dota_saab2/stage3-saab/replay/buffer_sources.json
Saved 17651 box replay embeddings to /home/ddwilde/scriptie/runs/dota_saab2/stage3-saab/replay/box_buffer.pt
Saved fine prototype sources to /home/ddwilde/scriptie/runs/dota_saab2/stage3-saab/replay/box_buffer_sources.json

      Epoch    GPU_mem   box_loss   cls_loss   dfl_loss  Instances       Size
                   all        186      15849      0.234      0.491      0.386      0.206
Saved 18441 replay embeddings to /home/ddwilde/scriptie/runs/dota_saab2/stage3-saab/replay/buffer.pt
Saved fine prototype sources to /home/ddwilde/scriptie/runs/dota_saab2/stage3-saab/replay/buffer_sources.json
Saved 17671 box replay embeddings to /home/ddwilde/scriptie/runs/dota_saab2/stage3-saab/replay/box_buffer.pt
Saved fine prototype sources to /home/ddwilde/scriptie/runs/dota_saab2/stage3-saab/replay/box_buffer_sources.json

      Epoch    GPU_mem   box_loss   cls_loss   dfl_loss  Instances       Size
                   all        186      15849      0.303      0.427      0.389      0.215
Saved 18446 replay embeddings to /home/ddwilde/scriptie/runs/dota_saab2/stage3-saab/replay/buffer.pt
Saved fine prototype sources to /home/ddwilde/scriptie/runs/dota_saab2/stage3-saab/replay/buffer_sources.json
Saved 17718 box replay embeddings to /home/ddwilde/scriptie/runs/dota_saab2/stage3-saab/replay/box_buffer.pt
Saved fine prototype sources to /home/ddwilde/scriptie/runs/dota_saab2/stage3-saab/replay/box_buffer_sources.json

      Epoch    GPU_mem   box_loss   cls_loss   dfl_loss  Instances       Size
                   all        186      15849      0.285      0.449      0.378      0.208
Saved 18453 replay embeddings to /home/ddwilde/scriptie/runs/dota_saab2/stage3-saab/replay/buffer.pt
Saved fine prototype sources to /home/ddwilde/scriptie/runs/dota_saab2/stage3-saab/replay/buffer_sources.json
Saved 17747 box replay embeddings to /home/ddwilde/scriptie/runs/dota_saab2/stage3-saab/replay/box_buffer.pt
Saved fine prototype sources to /home/ddwilde/scriptie/runs/dota_saab2/stage3-saab/replay/box_buffer_sources.json

      Epoch    GPU_mem   box_loss   cls_loss   dfl_loss  Instances       Size
                   all        186      15849      0.242      0.478      0.369      0.196
Saved 18455 replay embeddings to /home/ddwilde/scriptie/runs/dota_saab2/stage3-saab/replay/buffer.pt
Saved fine prototype sources to /home/ddwilde/scriptie/runs/dota_saab2/stage3-saab/replay/buffer_sources.json
Saved 17747 box replay embeddings to /home/ddwilde/scriptie/runs/dota_saab2/stage3-saab/replay/box_buffer.pt
Saved fine prototype sources to /home/ddwilde/scriptie/runs/dota_saab2/stage3-saab/replay/box_buffer_sources.json

      Epoch    GPU_mem   box_loss   cls_loss   dfl_loss  Instances       Size
                   all        186      15849      0.314      0.451      0.389      0.219
Saved 18460 replay embeddings to /home/ddwilde/scriptie/runs/dota_saab2/stage3-saab/replay/buffer.pt
Saved fine prototype sources to /home/ddwilde/scriptie/runs/dota_saab2/stage3-saab/replay/buffer_sources.json
Saved 17877 box replay embeddings to /home/ddwilde/scriptie/runs/dota_saab2/stage3-saab/replay/box_buffer.pt
Saved fine prototype sources to /home/ddwilde/scriptie/runs/dota_saab2/stage3-saab/replay/box_buffer_sources.json

      Epoch    GPU_mem   box_loss   cls_loss   dfl_loss  Instances       Size
                   all        186      15849      0.294      0.448      0.378      0.209
Saved 18478 replay embeddings to /home/ddwilde/scriptie/runs/dota_saab2/stage3-saab/replay/buffer.pt
Saved fine prototype sources to /home/ddwilde/scriptie/runs/dota_saab2/stage3-saab/replay/buffer_sources.json
Saved 17889 box replay embeddings to /home/ddwilde/scriptie/runs/dota_saab2/stage3-saab/replay/box_buffer.pt
Saved fine prototype sources to /home/ddwilde/scriptie/runs/dota_saab2/stage3-saab/replay/box_buffer_sources.json

      Epoch    GPU_mem   box_loss   cls_loss   dfl_loss  Instances       Size
                   all        186      15849      0.263      0.475      0.378      0.208
Saved 18523 replay embeddings to /home/ddwilde/scriptie/runs/dota_saab2/stage3-saab/replay/buffer.pt
Saved fine prototype sources to /home/ddwilde/scriptie/runs/dota_saab2/stage3-saab/replay/buffer_sources.json
Saved 17909 box replay embeddings to /home/ddwilde/scriptie/runs/dota_saab2/stage3-saab/replay/box_buffer.pt
Saved fine prototype sources to /home/ddwilde/scriptie/runs/dota_saab2/stage3-saab/replay/box_buffer_sources.json

      Epoch    GPU_mem   box_loss   cls_loss   dfl_loss  Instances       Size
                   all        186      15849      0.263      0.464      0.369      0.202
Saved 18533 replay embeddings to /home/ddwilde/scriptie/runs/dota_saab2/stage3-saab/replay/buffer.pt
Saved fine prototype sources to /home/ddwilde/scriptie/runs/dota_saab2/stage3-saab/replay/buffer_sources.json
Saved 17918 box replay embeddings to /home/ddwilde/scriptie/runs/dota_saab2/stage3-saab/replay/box_buffer.pt
Saved fine prototype sources to /home/ddwilde/scriptie/runs/dota_saab2/stage3-saab/replay/box_buffer_sources.json

      Epoch    GPU_mem   box_loss   cls_loss   dfl_loss  Instances       Size
                   all        186      15849      0.265      0.468       0.37      0.205
Saved 18545 replay embeddings to /home/ddwilde/scriptie/runs/dota_saab2/stage3-saab/replay/buffer.pt
Saved fine prototype sources to /home/ddwilde/scriptie/runs/dota_saab2/stage3-saab/replay/buffer_sources.json
Saved 17975 box replay embeddings to /home/ddwilde/scriptie/runs/dota_saab2/stage3-saab/replay/box_buffer.pt
Saved fine prototype sources to /home/ddwilde/scriptie/runs/dota_saab2/stage3-saab/replay/box_buffer_sources.json

50 epochs completed in 0.840 hours.
Optimizer stripped from /home/ddwilde/scriptie/runs/dota_saab2/stage3-saab/weights/last.pt, 19.1MB
Optimizer stripped from /home/ddwilde/scriptie/runs/dota_saab2/stage3-saab/weights/best.pt, 19.1MB

Validating /home/ddwilde/scriptie/runs/dota_saab2/stage3-saab/weights/best.pt...
EDNet 1.0 ✅ Python-3.10.4 ✅ torch-2.8.0+cu128 ✅CUDA:0 (NVIDIA A100-SXM4-40GB, 40441MiB)
ednet-s summary (fused): 394 layers, 9,296,568 parameters, 0 gradients
                   all        186      15849      0.703      0.343       0.43      0.226
         small-vehicle         89       5547      0.597      0.251        0.4      0.194
         large-vehicle         73       2810      0.768      0.303      0.507      0.325
                 plane         45       1720      0.533      0.602      0.592      0.304
            helicopter          5         32          1     0.0589      0.125     0.0468
                  ship         65       5740      0.618      0.499      0.527      0.263
Speed: 0.1ms preprocess, 4.5ms inference, 0.0ms loss, 0.1ms postprocess per image
Results saved to [1m/home/ddwilde/scriptie/runs/dota_saab2/stage3-saab[0m
Training finished. Results saved in: /home/ddwilde/scriptie/runs/dota_saab2/stage3-saab
