EDNet 1.0 ✅ Python-3.10.4 ✅ torch-2.8.0+cu128 ✅CUDA:0 (NVIDIA A100-SXM4-40GB, 40441MiB)
[34m[1mengine/trainer: [0mtask=detect, mode=train, model=/home/ddwilde/scriptie/pretrained/small.pt, data=/home/ddwilde/scriptie/yaml/DOTA-shared-stage1.yaml, epochs=50, time=None, patience=100, batch=4, imgsz=640, save=True, save_period=-1, cache=False, device=None, workers=8, project=/home/ddwilde/scriptie/runs/dota_saab, name=stage1-saab, exist_ok=False, pretrained=True, optimizer=auto, verbose=True, seed=0, deterministic=True, single_cls=False, rect=False, cos_lr=False, close_mosaic=10, resume=False, amp=True, fraction=1.0, profile=False, freeze=None, multi_scale=False, continual={'enable': False, 'batches': [], 'adapter_strategy': 'last', 'save_history': True}, replay={'enable': True, 'buffer_per_class': 128, 'sample_per_batch': 32, 'loss_weight': 1.0, 'tiny_max_pixels': 320, 'prototypes': {'num_fine': 4}, 'box': {'enable': True, 'loss_weight': 1.0}, 'student_update_freq': 10}, kd={'enable': False, 'lambda_cls': 1.0, 'lambda_bbox': 1.0, 'top_k': 10, 'teacher_weights': None, 'teacher_nc': None, 'debug_batches': 10}, stage={'active_classes': [0, 1]}, overlap_mask=True, mask_ratio=4, dropout=0.0, val=True, split=val, save_json=False, save_hybrid=False, conf=None, iou=0.7, max_det=300, half=False, dnn=False, plots=True, per_class_tb_interval=1, source=None, vid_stride=1, stream_buffer=False, visualize=False, augment=False, agnostic_nms=False, classes=None, retina_masks=False, embed=None, show=False, save_frames=False, save_txt=False, save_conf=False, save_crop=False, show_labels=True, show_conf=True, show_boxes=True, line_width=None, format=torchscript, keras=False, optimize=False, int8=False, dynamic=False, simplify=False, opset=None, workspace=4, nms=False, lr0=0.01, lrf=0.01, momentum=0.937, weight_decay=0.0005, warmup_epochs=3.0, warmup_momentum=0.8, warmup_bias_lr=0.1, box=7.5, cls=0.5, dfl=1.5, pose=12.0, kobj=1.0, label_smoothing=0.0, nbs=64, hsv_h=0.015, hsv_s=0.7, hsv_v=0.4, degrees=0.0, translate=0.1, scale=0.5, shear=0.0, perspective=0.0, flipud=0.0, fliplr=0.5, bgr=0.0, mosaic=1.0, mixup=0.0, copy_paste=0.0, auto_augment=randaugment, erasing=0.4, crop_fraction=1.0, cfg=None, tracker=botsort.yaml, save_dir=/home/ddwilde/scriptie/runs/dota_saab/stage1-saab
Overriding model.yaml nc=10 with nc=2

                   from  n    params  module                                       arguments                     
  0                  -1  1       928  ednet.nn.modules.conv.Conv                   [3, 32, 3, 2]                 
  1                  -1  1     18560  ednet.nn.modules.conv.Conv                   [32, 64, 3, 2]                
  2                  -1  1     29056  ednet.nn.modules.block.C2f                   [64, 64, 1, True]             
  3                  -1  1     73984  ednet.nn.modules.conv.Conv                   [64, 128, 3, 2]               
  4                  -1  2    197632  ednet.nn.modules.block.C2f                   [128, 128, 2, True]           
  5                  -1  1    295424  ednet.nn.modules.conv.Conv                   [128, 256, 3, 2]              
  6                  -1  2    420864  ednet.nn.modules.block.C2f_FCA               [256, 256, 2, True]           
  7                  -1  1   1180672  ednet.nn.modules.conv.Conv                   [256, 512, 3, 2]              
  8                  -1  1   1095680  ednet.nn.modules.block.C2f_FCA               [512, 512, 1, True]           
  9                  -1  1    656896  ednet.nn.modules.block.SPPF                  [512, 512, 5]                 
 10                  -1  1    990976  ednet.nn.modules.block.PSA                   [512, 512]                    
 11                  -1  1         0  torch.nn.modules.upsampling.Upsample         [None, 2, 'nearest']          
 12             [-1, 6]  1         0  ednet.nn.modules.conv.Concat                 [1]                           
 13                  -1  1    591360  ednet.nn.modules.block.C2f                   [768, 256, 1]                 
 14                  -1  1         0  torch.nn.modules.upsampling.Upsample         [None, 2, 'nearest']          
 15             [-1, 4]  1         0  ednet.nn.modules.conv.Concat                 [1]                           
 16                  -1  1    148224  ednet.nn.modules.block.C2f                   [384, 128, 1]                 
 17                  -1  1         0  torch.nn.modules.upsampling.Upsample         [None, 2, 'nearest']          
 18             [-1, 2]  1         0  ednet.nn.modules.conv.Concat                 [1]                           
 19                  -1  1     37248  ednet.nn.modules.block.C2f                   [192, 64, 1]                  
 20                  -1  1     36992  ednet.nn.modules.conv.Conv                   [64, 64, 3, 2]                
 21            [-1, 16]  1         0  ednet.nn.modules.conv.Concat                 [1]                           
 22                  -1  1    123648  ednet.nn.modules.block.C2f                   [192, 128, 1]                 
 23                  -1  1    147712  ednet.nn.modules.conv.Conv                   [128, 128, 3, 2]              
 24            [-1, 13]  1         0  ednet.nn.modules.conv.Concat                 [1]                           
 25                  -1  1    493056  ednet.nn.modules.block.C2f                   [384, 256, 1]                 
 26                  -1  1     68864  ednet.nn.modules.block.SCDown                [256, 256, 3, 2]              
 27             [-1, 9]  1         0  ednet.nn.modules.conv.Concat                 [1]                           
 28                  -1  1   1089536  ednet.nn.modules.block.C2fCIB                [768, 512, 1, True, True]     
 29    [19, 22, 25, 28]  1   1621664  ednet.nn.modules.head.v10Detect              [2, [64, 128, 256, 512]]      
ednet-s summary: 510 layers, 9,318,976 parameters, 9,318,960 gradients

Active classes for this stage: (0, 1)
Transferred 737/753 items from pretrained weights
Replay feature tapper initialized for detection head levels: ['P2', 'P3', 'P4']
Box replay feature tapper initialized (cv2) for levels: ['P2', 'P3', 'P4']
Box prototype replay enabled | loss_weight=1.00
[34m[1mTensorBoard: [0mStart with 'tensorboard --logdir /home/ddwilde/scriptie/runs/dota_saab/stage1-saab', view at http://localhost:6006/
Freezing layer 'model.29.dfl.conv.weight'
[34m[1mAMP: [0mrunning Automatic Mixed Precision (AMP) checks with YOLOv8n...
[34m[1mAMP: [0mchecks passed ✅
Plotting labels to /home/ddwilde/scriptie/runs/dota_saab/stage1-saab/labels.jpg... 
[34m[1moptimizer:[0m 'optimizer=auto' found, ignoring 'lr0=0.01' and 'momentum=0.937' and determining best 'optimizer', 'lr0' and 'momentum' automatically... 
[34m[1moptimizer:[0m AdamW(lr=0.001667, momentum=0.9) with parameter groups 117 weight(decay=0.0), 145 weight(decay=0.0005), 139 bias(decay=0.0)
Trainable params: 401 tensors (9318960 weights). Top trainable=[('model.7.conv.weight', 1179648), ('model.9.cv2.conv.weight', 524288), ('model.8.cv2.conv.weight', 393216), ('model.28.cv1.conv.weight', 393216), ('model.28.cv2.conv.weight', 393216), ('model.5.conv.weight', 294912), ('model.29.cv2.3.0.conv.weight', 294912), ('model.29.one2one_cv2.3.0.conv.weight', 294912), ('model.8.cv1.conv.weight', 262144), ('model.10.cv1.conv.weight', 262144), ('model.10.cv2.conv.weight', 262144), ('model.13.cv1.conv.weight', 196608), ('model.13.m.0.cv1.conv.weight', 147456), ('model.13.m.0.cv2.conv.weight', 147456), ('model.23.conv.weight', 147456), ('model.25.m.0.cv1.conv.weight', 147456), ('model.25.m.0.cv2.conv.weight', 147456), ('model.29.cv2.2.0.conv.weight', 147456), ('model.29.one2one_cv2.2.0.conv.weight', 147456), ('model.6.cv2.conv.weight', 131072)]
Limiting positives to classes (0, 1)
Limiting positives to classes (0, 1)
[34m[1mTensorBoard: [0mmodel graph visualization added ✅
Image sizes 640 train, 640 val
Using 8 dataloader workers
Logging results to [1m/home/ddwilde/scriptie/runs/dota_saab/stage1-saab[0m
Starting training for 50 epochs...

      Epoch    GPU_mem   box_loss   cls_loss   dfl_lossreplay_loss  Instances       Size
Limiting positives to classes (0, 1)
Limiting positives to classes (0, 1)
                   all        186       8357      0.379       0.39      0.289      0.124
Saved 2885 replay embeddings to /home/ddwilde/scriptie/runs/dota_saab/stage1-saab/replay/buffer.pt
Saved fine prototype sources to /home/ddwilde/scriptie/runs/dota_saab/stage1-saab/replay/buffer_sources.json
Saved 2852 box replay embeddings to /home/ddwilde/scriptie/runs/dota_saab/stage1-saab/replay/box_buffer.pt
Saved fine prototype sources to /home/ddwilde/scriptie/runs/dota_saab/stage1-saab/replay/box_buffer_sources.json

      Epoch    GPU_mem   box_loss   cls_loss   dfl_lossreplay_loss  Instances       Size
                   all        186       8357      0.397      0.473      0.356      0.189
Saved 3107 replay embeddings to /home/ddwilde/scriptie/runs/dota_saab/stage1-saab/replay/buffer.pt
Saved fine prototype sources to /home/ddwilde/scriptie/runs/dota_saab/stage1-saab/replay/buffer_sources.json
Saved 3065 box replay embeddings to /home/ddwilde/scriptie/runs/dota_saab/stage1-saab/replay/box_buffer.pt
Saved fine prototype sources to /home/ddwilde/scriptie/runs/dota_saab/stage1-saab/replay/box_buffer_sources.json

      Epoch    GPU_mem   box_loss   cls_loss   dfl_lossreplay_loss  Instances       Size
                   all        186       8357      0.431      0.453      0.341      0.184
Saved 3182 replay embeddings to /home/ddwilde/scriptie/runs/dota_saab/stage1-saab/replay/buffer.pt
Saved fine prototype sources to /home/ddwilde/scriptie/runs/dota_saab/stage1-saab/replay/buffer_sources.json
Saved 3167 box replay embeddings to /home/ddwilde/scriptie/runs/dota_saab/stage1-saab/replay/box_buffer.pt
Saved fine prototype sources to /home/ddwilde/scriptie/runs/dota_saab/stage1-saab/replay/box_buffer_sources.json

      Epoch    GPU_mem   box_loss   cls_loss   dfl_lossreplay_loss  Instances       Size
                   all        186       8357      0.493      0.539       0.48      0.272
Saved 3208 replay embeddings to /home/ddwilde/scriptie/runs/dota_saab/stage1-saab/replay/buffer.pt
Saved fine prototype sources to /home/ddwilde/scriptie/runs/dota_saab/stage1-saab/replay/buffer_sources.json
Saved 3263 box replay embeddings to /home/ddwilde/scriptie/runs/dota_saab/stage1-saab/replay/box_buffer.pt
Saved fine prototype sources to /home/ddwilde/scriptie/runs/dota_saab/stage1-saab/replay/box_buffer_sources.json

      Epoch    GPU_mem   box_loss   cls_loss   dfl_lossreplay_loss  Instances       Size
                   all        186       8357      0.609      0.518      0.513      0.281
Saved 3229 replay embeddings to /home/ddwilde/scriptie/runs/dota_saab/stage1-saab/replay/buffer.pt
Saved fine prototype sources to /home/ddwilde/scriptie/runs/dota_saab/stage1-saab/replay/buffer_sources.json
Saved 3337 box replay embeddings to /home/ddwilde/scriptie/runs/dota_saab/stage1-saab/replay/box_buffer.pt
Saved fine prototype sources to /home/ddwilde/scriptie/runs/dota_saab/stage1-saab/replay/box_buffer_sources.json

      Epoch    GPU_mem   box_loss   cls_loss   dfl_lossreplay_loss  Instances       Size
                   all        186       8357        0.6      0.549      0.536      0.302
Saved 3152 replay embeddings to /home/ddwilde/scriptie/runs/dota_saab/stage1-saab/replay/buffer.pt
Saved fine prototype sources to /home/ddwilde/scriptie/runs/dota_saab/stage1-saab/replay/buffer_sources.json
Saved 3371 box replay embeddings to /home/ddwilde/scriptie/runs/dota_saab/stage1-saab/replay/box_buffer.pt
Saved fine prototype sources to /home/ddwilde/scriptie/runs/dota_saab/stage1-saab/replay/box_buffer_sources.json

      Epoch    GPU_mem   box_loss   cls_loss   dfl_lossreplay_loss  Instances       Size
                   all        186       8357       0.58       0.55      0.528      0.306
Saved 3175 replay embeddings to /home/ddwilde/scriptie/runs/dota_saab/stage1-saab/replay/buffer.pt
Saved fine prototype sources to /home/ddwilde/scriptie/runs/dota_saab/stage1-saab/replay/buffer_sources.json
Saved 3422 box replay embeddings to /home/ddwilde/scriptie/runs/dota_saab/stage1-saab/replay/box_buffer.pt
Saved fine prototype sources to /home/ddwilde/scriptie/runs/dota_saab/stage1-saab/replay/box_buffer_sources.json

      Epoch    GPU_mem   box_loss   cls_loss   dfl_lossreplay_loss  Instances       Size
                   all        186       8357      0.664      0.553      0.577      0.312
Saved 3183 replay embeddings to /home/ddwilde/scriptie/runs/dota_saab/stage1-saab/replay/buffer.pt
Saved fine prototype sources to /home/ddwilde/scriptie/runs/dota_saab/stage1-saab/replay/buffer_sources.json
Saved 3429 box replay embeddings to /home/ddwilde/scriptie/runs/dota_saab/stage1-saab/replay/box_buffer.pt
Saved fine prototype sources to /home/ddwilde/scriptie/runs/dota_saab/stage1-saab/replay/box_buffer_sources.json

      Epoch    GPU_mem   box_loss   cls_loss   dfl_lossreplay_loss  Instances       Size
                   all        186       8357       0.69      0.557      0.571      0.323
Saved 3190 replay embeddings to /home/ddwilde/scriptie/runs/dota_saab/stage1-saab/replay/buffer.pt
Saved fine prototype sources to /home/ddwilde/scriptie/runs/dota_saab/stage1-saab/replay/buffer_sources.json
Saved 3442 box replay embeddings to /home/ddwilde/scriptie/runs/dota_saab/stage1-saab/replay/box_buffer.pt
Saved fine prototype sources to /home/ddwilde/scriptie/runs/dota_saab/stage1-saab/replay/box_buffer_sources.json

      Epoch    GPU_mem   box_loss   cls_loss   dfl_lossreplay_loss  Instances       Size
                   all        186       8357      0.665      0.549      0.564      0.298
Saved 3205 replay embeddings to /home/ddwilde/scriptie/runs/dota_saab/stage1-saab/replay/buffer.pt
Saved fine prototype sources to /home/ddwilde/scriptie/runs/dota_saab/stage1-saab/replay/buffer_sources.json
Saved 3469 box replay embeddings to /home/ddwilde/scriptie/runs/dota_saab/stage1-saab/replay/box_buffer.pt
Saved fine prototype sources to /home/ddwilde/scriptie/runs/dota_saab/stage1-saab/replay/box_buffer_sources.json

      Epoch    GPU_mem   box_loss   cls_loss   dfl_lossreplay_loss  Instances       Size
                   all        186       8357       0.73      0.556      0.601      0.332
Saved 3129 replay embeddings to /home/ddwilde/scriptie/runs/dota_saab/stage1-saab/replay/buffer.pt
Saved fine prototype sources to /home/ddwilde/scriptie/runs/dota_saab/stage1-saab/replay/buffer_sources.json
Saved 3627 box replay embeddings to /home/ddwilde/scriptie/runs/dota_saab/stage1-saab/replay/box_buffer.pt
Saved fine prototype sources to /home/ddwilde/scriptie/runs/dota_saab/stage1-saab/replay/box_buffer_sources.json

      Epoch    GPU_mem   box_loss   cls_loss   dfl_lossreplay_loss  Instances       Size
                   all        186       8357      0.696      0.548      0.581      0.326
Saved 3211 replay embeddings to /home/ddwilde/scriptie/runs/dota_saab/stage1-saab/replay/buffer.pt
Saved fine prototype sources to /home/ddwilde/scriptie/runs/dota_saab/stage1-saab/replay/buffer_sources.json
Saved 3633 box replay embeddings to /home/ddwilde/scriptie/runs/dota_saab/stage1-saab/replay/box_buffer.pt
Saved fine prototype sources to /home/ddwilde/scriptie/runs/dota_saab/stage1-saab/replay/box_buffer_sources.json

      Epoch    GPU_mem   box_loss   cls_loss   dfl_lossreplay_loss  Instances       Size
                   all        186       8357      0.707      0.595      0.624      0.357
Saved 3130 replay embeddings to /home/ddwilde/scriptie/runs/dota_saab/stage1-saab/replay/buffer.pt
Saved fine prototype sources to /home/ddwilde/scriptie/runs/dota_saab/stage1-saab/replay/buffer_sources.json
Saved 3572 box replay embeddings to /home/ddwilde/scriptie/runs/dota_saab/stage1-saab/replay/box_buffer.pt
Saved fine prototype sources to /home/ddwilde/scriptie/runs/dota_saab/stage1-saab/replay/box_buffer_sources.json

      Epoch    GPU_mem   box_loss   cls_loss   dfl_lossreplay_loss  Instances       Size
                   all        186       8357      0.726      0.589      0.625      0.359
Saved 3136 replay embeddings to /home/ddwilde/scriptie/runs/dota_saab/stage1-saab/replay/buffer.pt
Saved fine prototype sources to /home/ddwilde/scriptie/runs/dota_saab/stage1-saab/replay/buffer_sources.json
Saved 3642 box replay embeddings to /home/ddwilde/scriptie/runs/dota_saab/stage1-saab/replay/box_buffer.pt
Saved fine prototype sources to /home/ddwilde/scriptie/runs/dota_saab/stage1-saab/replay/box_buffer_sources.json

      Epoch    GPU_mem   box_loss   cls_loss   dfl_lossreplay_loss  Instances       Size
                   all        186       8357      0.668      0.584      0.593      0.347
Saved 3139 replay embeddings to /home/ddwilde/scriptie/runs/dota_saab/stage1-saab/replay/buffer.pt
Saved fine prototype sources to /home/ddwilde/scriptie/runs/dota_saab/stage1-saab/replay/buffer_sources.json
Saved 3642 box replay embeddings to /home/ddwilde/scriptie/runs/dota_saab/stage1-saab/replay/box_buffer.pt
Saved fine prototype sources to /home/ddwilde/scriptie/runs/dota_saab/stage1-saab/replay/box_buffer_sources.json

      Epoch    GPU_mem   box_loss   cls_loss   dfl_lossreplay_loss  Instances       Size
                   all        186       8357      0.716      0.577      0.605      0.324
Saved 3186 replay embeddings to /home/ddwilde/scriptie/runs/dota_saab/stage1-saab/replay/buffer.pt
Saved fine prototype sources to /home/ddwilde/scriptie/runs/dota_saab/stage1-saab/replay/buffer_sources.json
Saved 3646 box replay embeddings to /home/ddwilde/scriptie/runs/dota_saab/stage1-saab/replay/box_buffer.pt
Saved fine prototype sources to /home/ddwilde/scriptie/runs/dota_saab/stage1-saab/replay/box_buffer_sources.json

      Epoch    GPU_mem   box_loss   cls_loss   dfl_lossreplay_loss  Instances       Size
                   all        186       8357       0.69      0.586      0.596      0.358
Saved 3244 replay embeddings to /home/ddwilde/scriptie/runs/dota_saab/stage1-saab/replay/buffer.pt
Saved fine prototype sources to /home/ddwilde/scriptie/runs/dota_saab/stage1-saab/replay/buffer_sources.json
Saved 3631 box replay embeddings to /home/ddwilde/scriptie/runs/dota_saab/stage1-saab/replay/box_buffer.pt
Saved fine prototype sources to /home/ddwilde/scriptie/runs/dota_saab/stage1-saab/replay/box_buffer_sources.json

      Epoch    GPU_mem   box_loss   cls_loss   dfl_lossreplay_loss  Instances       Size
                   all        186       8357      0.731      0.589      0.626      0.366
Saved 3259 replay embeddings to /home/ddwilde/scriptie/runs/dota_saab/stage1-saab/replay/buffer.pt
Saved fine prototype sources to /home/ddwilde/scriptie/runs/dota_saab/stage1-saab/replay/buffer_sources.json
Saved 3634 box replay embeddings to /home/ddwilde/scriptie/runs/dota_saab/stage1-saab/replay/box_buffer.pt
Saved fine prototype sources to /home/ddwilde/scriptie/runs/dota_saab/stage1-saab/replay/box_buffer_sources.json

      Epoch    GPU_mem   box_loss   cls_loss   dfl_lossreplay_loss  Instances       Size
                   all        186       8357      0.739      0.594      0.622      0.371
Saved 3274 replay embeddings to /home/ddwilde/scriptie/runs/dota_saab/stage1-saab/replay/buffer.pt
Saved fine prototype sources to /home/ddwilde/scriptie/runs/dota_saab/stage1-saab/replay/buffer_sources.json
Saved 3636 box replay embeddings to /home/ddwilde/scriptie/runs/dota_saab/stage1-saab/replay/box_buffer.pt
Saved fine prototype sources to /home/ddwilde/scriptie/runs/dota_saab/stage1-saab/replay/box_buffer_sources.json

      Epoch    GPU_mem   box_loss   cls_loss   dfl_lossreplay_loss  Instances       Size
                   all        186       8357      0.748      0.595      0.633      0.379
Saved 3294 replay embeddings to /home/ddwilde/scriptie/runs/dota_saab/stage1-saab/replay/buffer.pt
Saved fine prototype sources to /home/ddwilde/scriptie/runs/dota_saab/stage1-saab/replay/buffer_sources.json
Saved 3641 box replay embeddings to /home/ddwilde/scriptie/runs/dota_saab/stage1-saab/replay/box_buffer.pt
Saved fine prototype sources to /home/ddwilde/scriptie/runs/dota_saab/stage1-saab/replay/box_buffer_sources.json

      Epoch    GPU_mem   box_loss   cls_loss   dfl_lossreplay_loss  Instances       Size
                   all        186       8357      0.743      0.608      0.645      0.378
Saved 3327 replay embeddings to /home/ddwilde/scriptie/runs/dota_saab/stage1-saab/replay/buffer.pt
Saved fine prototype sources to /home/ddwilde/scriptie/runs/dota_saab/stage1-saab/replay/buffer_sources.json
Saved 3642 box replay embeddings to /home/ddwilde/scriptie/runs/dota_saab/stage1-saab/replay/box_buffer.pt
Saved fine prototype sources to /home/ddwilde/scriptie/runs/dota_saab/stage1-saab/replay/box_buffer_sources.json

      Epoch    GPU_mem   box_loss   cls_loss   dfl_lossreplay_loss  Instances       Size
                   all        186       8357      0.765      0.602      0.644      0.384
Saved 3330 replay embeddings to /home/ddwilde/scriptie/runs/dota_saab/stage1-saab/replay/buffer.pt
Saved fine prototype sources to /home/ddwilde/scriptie/runs/dota_saab/stage1-saab/replay/buffer_sources.json
Saved 3646 box replay embeddings to /home/ddwilde/scriptie/runs/dota_saab/stage1-saab/replay/box_buffer.pt
Saved fine prototype sources to /home/ddwilde/scriptie/runs/dota_saab/stage1-saab/replay/box_buffer_sources.json

      Epoch    GPU_mem   box_loss   cls_loss   dfl_lossreplay_loss  Instances       Size
                   all        186       8357      0.733      0.587      0.636      0.377
Saved 3332 replay embeddings to /home/ddwilde/scriptie/runs/dota_saab/stage1-saab/replay/buffer.pt
Saved fine prototype sources to /home/ddwilde/scriptie/runs/dota_saab/stage1-saab/replay/buffer_sources.json
Saved 3648 box replay embeddings to /home/ddwilde/scriptie/runs/dota_saab/stage1-saab/replay/box_buffer.pt
Saved fine prototype sources to /home/ddwilde/scriptie/runs/dota_saab/stage1-saab/replay/box_buffer_sources.json

      Epoch    GPU_mem   box_loss   cls_loss   dfl_lossreplay_loss  Instances       Size
                   all        186       8357      0.759      0.596      0.643      0.385
Saved 3206 replay embeddings to /home/ddwilde/scriptie/runs/dota_saab/stage1-saab/replay/buffer.pt
Saved fine prototype sources to /home/ddwilde/scriptie/runs/dota_saab/stage1-saab/replay/buffer_sources.json
Saved 3650 box replay embeddings to /home/ddwilde/scriptie/runs/dota_saab/stage1-saab/replay/box_buffer.pt
Saved fine prototype sources to /home/ddwilde/scriptie/runs/dota_saab/stage1-saab/replay/box_buffer_sources.json

      Epoch    GPU_mem   box_loss   cls_loss   dfl_lossreplay_loss  Instances       Size
                   all        186       8357      0.732      0.605      0.643      0.361
Saved 3228 replay embeddings to /home/ddwilde/scriptie/runs/dota_saab/stage1-saab/replay/buffer.pt
Saved fine prototype sources to /home/ddwilde/scriptie/runs/dota_saab/stage1-saab/replay/buffer_sources.json
Saved 3659 box replay embeddings to /home/ddwilde/scriptie/runs/dota_saab/stage1-saab/replay/box_buffer.pt
Saved fine prototype sources to /home/ddwilde/scriptie/runs/dota_saab/stage1-saab/replay/box_buffer_sources.json

      Epoch    GPU_mem   box_loss   cls_loss   dfl_lossreplay_loss  Instances       Size
                   all        186       8357      0.723      0.593      0.617      0.374
Saved 3267 replay embeddings to /home/ddwilde/scriptie/runs/dota_saab/stage1-saab/replay/buffer.pt
Saved fine prototype sources to /home/ddwilde/scriptie/runs/dota_saab/stage1-saab/replay/buffer_sources.json
Saved 3670 box replay embeddings to /home/ddwilde/scriptie/runs/dota_saab/stage1-saab/replay/box_buffer.pt
Saved fine prototype sources to /home/ddwilde/scriptie/runs/dota_saab/stage1-saab/replay/box_buffer_sources.json

      Epoch    GPU_mem   box_loss   cls_loss   dfl_lossreplay_loss  Instances       Size
                   all        186       8357      0.736      0.612      0.645      0.387
Saved 3321 replay embeddings to /home/ddwilde/scriptie/runs/dota_saab/stage1-saab/replay/buffer.pt
Saved fine prototype sources to /home/ddwilde/scriptie/runs/dota_saab/stage1-saab/replay/buffer_sources.json
Saved 3674 box replay embeddings to /home/ddwilde/scriptie/runs/dota_saab/stage1-saab/replay/box_buffer.pt
Saved fine prototype sources to /home/ddwilde/scriptie/runs/dota_saab/stage1-saab/replay/box_buffer_sources.json

      Epoch    GPU_mem   box_loss   cls_loss   dfl_lossreplay_loss  Instances       Size
                   all        186       8357      0.762      0.612      0.649      0.399
Saved 3236 replay embeddings to /home/ddwilde/scriptie/runs/dota_saab/stage1-saab/replay/buffer.pt
Saved fine prototype sources to /home/ddwilde/scriptie/runs/dota_saab/stage1-saab/replay/buffer_sources.json
Saved 3557 box replay embeddings to /home/ddwilde/scriptie/runs/dota_saab/stage1-saab/replay/box_buffer.pt
Saved fine prototype sources to /home/ddwilde/scriptie/runs/dota_saab/stage1-saab/replay/box_buffer_sources.json

      Epoch    GPU_mem   box_loss   cls_loss   dfl_lossreplay_loss  Instances       Size
                   all        186       8357      0.756      0.601      0.645      0.384
Saved 3240 replay embeddings to /home/ddwilde/scriptie/runs/dota_saab/stage1-saab/replay/buffer.pt
Saved fine prototype sources to /home/ddwilde/scriptie/runs/dota_saab/stage1-saab/replay/buffer_sources.json
Saved 3438 box replay embeddings to /home/ddwilde/scriptie/runs/dota_saab/stage1-saab/replay/box_buffer.pt
Saved fine prototype sources to /home/ddwilde/scriptie/runs/dota_saab/stage1-saab/replay/box_buffer_sources.json

      Epoch    GPU_mem   box_loss   cls_loss   dfl_lossreplay_loss  Instances       Size
                   all        186       8357      0.749      0.611      0.651      0.395
Saved 3265 replay embeddings to /home/ddwilde/scriptie/runs/dota_saab/stage1-saab/replay/buffer.pt
Saved fine prototype sources to /home/ddwilde/scriptie/runs/dota_saab/stage1-saab/replay/buffer_sources.json
Saved 3513 box replay embeddings to /home/ddwilde/scriptie/runs/dota_saab/stage1-saab/replay/box_buffer.pt
Saved fine prototype sources to /home/ddwilde/scriptie/runs/dota_saab/stage1-saab/replay/box_buffer_sources.json

      Epoch    GPU_mem   box_loss   cls_loss   dfl_lossreplay_loss  Instances       Size
                   all        186       8357      0.767      0.631       0.67      0.401
Saved 3312 replay embeddings to /home/ddwilde/scriptie/runs/dota_saab/stage1-saab/replay/buffer.pt
Saved fine prototype sources to /home/ddwilde/scriptie/runs/dota_saab/stage1-saab/replay/buffer_sources.json
Saved 3566 box replay embeddings to /home/ddwilde/scriptie/runs/dota_saab/stage1-saab/replay/box_buffer.pt
Saved fine prototype sources to /home/ddwilde/scriptie/runs/dota_saab/stage1-saab/replay/box_buffer_sources.json

      Epoch    GPU_mem   box_loss   cls_loss   dfl_lossreplay_loss  Instances       Size
                   all        186       8357      0.753      0.623       0.66      0.398
Saved 3232 replay embeddings to /home/ddwilde/scriptie/runs/dota_saab/stage1-saab/replay/buffer.pt
Saved fine prototype sources to /home/ddwilde/scriptie/runs/dota_saab/stage1-saab/replay/buffer_sources.json
Saved 3572 box replay embeddings to /home/ddwilde/scriptie/runs/dota_saab/stage1-saab/replay/box_buffer.pt
Saved fine prototype sources to /home/ddwilde/scriptie/runs/dota_saab/stage1-saab/replay/box_buffer_sources.json

      Epoch    GPU_mem   box_loss   cls_loss   dfl_lossreplay_loss  Instances       Size
                   all        186       8357      0.756      0.616      0.653      0.395
Saved 3152 replay embeddings to /home/ddwilde/scriptie/runs/dota_saab/stage1-saab/replay/buffer.pt
Saved fine prototype sources to /home/ddwilde/scriptie/runs/dota_saab/stage1-saab/replay/buffer_sources.json
Saved 3582 box replay embeddings to /home/ddwilde/scriptie/runs/dota_saab/stage1-saab/replay/box_buffer.pt
Saved fine prototype sources to /home/ddwilde/scriptie/runs/dota_saab/stage1-saab/replay/box_buffer_sources.json

      Epoch    GPU_mem   box_loss   cls_loss   dfl_lossreplay_loss  Instances       Size
                   all        186       8357       0.77      0.628      0.665      0.406
Saved 3220 replay embeddings to /home/ddwilde/scriptie/runs/dota_saab/stage1-saab/replay/buffer.pt
Saved fine prototype sources to /home/ddwilde/scriptie/runs/dota_saab/stage1-saab/replay/buffer_sources.json
Saved 3586 box replay embeddings to /home/ddwilde/scriptie/runs/dota_saab/stage1-saab/replay/box_buffer.pt
Saved fine prototype sources to /home/ddwilde/scriptie/runs/dota_saab/stage1-saab/replay/box_buffer_sources.json

      Epoch    GPU_mem   box_loss   cls_loss   dfl_lossreplay_loss  Instances       Size
                   all        186       8357      0.782      0.613      0.658      0.412
Saved 3262 replay embeddings to /home/ddwilde/scriptie/runs/dota_saab/stage1-saab/replay/buffer.pt
Saved fine prototype sources to /home/ddwilde/scriptie/runs/dota_saab/stage1-saab/replay/buffer_sources.json
Saved 3591 box replay embeddings to /home/ddwilde/scriptie/runs/dota_saab/stage1-saab/replay/box_buffer.pt
Saved fine prototype sources to /home/ddwilde/scriptie/runs/dota_saab/stage1-saab/replay/box_buffer_sources.json

      Epoch    GPU_mem   box_loss   cls_loss   dfl_lossreplay_loss  Instances       Size
                   all        186       8357       0.75      0.612      0.648      0.394
Saved 3145 replay embeddings to /home/ddwilde/scriptie/runs/dota_saab/stage1-saab/replay/buffer.pt
Saved fine prototype sources to /home/ddwilde/scriptie/runs/dota_saab/stage1-saab/replay/buffer_sources.json
Saved 3596 box replay embeddings to /home/ddwilde/scriptie/runs/dota_saab/stage1-saab/replay/box_buffer.pt
Saved fine prototype sources to /home/ddwilde/scriptie/runs/dota_saab/stage1-saab/replay/box_buffer_sources.json

      Epoch    GPU_mem   box_loss   cls_loss   dfl_lossreplay_loss  Instances       Size
                   all        186       8357      0.755      0.634      0.661      0.405
Saved 3155 replay embeddings to /home/ddwilde/scriptie/runs/dota_saab/stage1-saab/replay/buffer.pt
Saved fine prototype sources to /home/ddwilde/scriptie/runs/dota_saab/stage1-saab/replay/buffer_sources.json
Saved 3598 box replay embeddings to /home/ddwilde/scriptie/runs/dota_saab/stage1-saab/replay/box_buffer.pt
Saved fine prototype sources to /home/ddwilde/scriptie/runs/dota_saab/stage1-saab/replay/box_buffer_sources.json

      Epoch    GPU_mem   box_loss   cls_loss   dfl_lossreplay_loss  Instances       Size
                   all        186       8357       0.75      0.612      0.642      0.397
Saved 3183 replay embeddings to /home/ddwilde/scriptie/runs/dota_saab/stage1-saab/replay/buffer.pt
Saved fine prototype sources to /home/ddwilde/scriptie/runs/dota_saab/stage1-saab/replay/buffer_sources.json
Saved 3600 box replay embeddings to /home/ddwilde/scriptie/runs/dota_saab/stage1-saab/replay/box_buffer.pt
Saved fine prototype sources to /home/ddwilde/scriptie/runs/dota_saab/stage1-saab/replay/box_buffer_sources.json

      Epoch    GPU_mem   box_loss   cls_loss   dfl_lossreplay_loss  Instances       Size
                   all        186       8357      0.766      0.637      0.669      0.415
Saved 3207 replay embeddings to /home/ddwilde/scriptie/runs/dota_saab/stage1-saab/replay/buffer.pt
Saved fine prototype sources to /home/ddwilde/scriptie/runs/dota_saab/stage1-saab/replay/buffer_sources.json
Saved 3602 box replay embeddings to /home/ddwilde/scriptie/runs/dota_saab/stage1-saab/replay/box_buffer.pt
Saved fine prototype sources to /home/ddwilde/scriptie/runs/dota_saab/stage1-saab/replay/box_buffer_sources.json

      Epoch    GPU_mem   box_loss   cls_loss   dfl_lossreplay_loss  Instances       Size
                   all        186       8357      0.769      0.645      0.681      0.421
Saved 3240 replay embeddings to /home/ddwilde/scriptie/runs/dota_saab/stage1-saab/replay/buffer.pt
Saved fine prototype sources to /home/ddwilde/scriptie/runs/dota_saab/stage1-saab/replay/buffer_sources.json
Saved 3604 box replay embeddings to /home/ddwilde/scriptie/runs/dota_saab/stage1-saab/replay/box_buffer.pt
Saved fine prototype sources to /home/ddwilde/scriptie/runs/dota_saab/stage1-saab/replay/box_buffer_sources.json
Closing dataloader mosaic

      Epoch    GPU_mem   box_loss   cls_loss   dfl_lossreplay_loss  Instances       Size
                   all        186       8357      0.734      0.637      0.653      0.405
Saved 3261 replay embeddings to /home/ddwilde/scriptie/runs/dota_saab/stage1-saab/replay/buffer.pt
Saved fine prototype sources to /home/ddwilde/scriptie/runs/dota_saab/stage1-saab/replay/buffer_sources.json
Saved 3604 box replay embeddings to /home/ddwilde/scriptie/runs/dota_saab/stage1-saab/replay/box_buffer.pt
Saved fine prototype sources to /home/ddwilde/scriptie/runs/dota_saab/stage1-saab/replay/box_buffer_sources.json

      Epoch    GPU_mem   box_loss   cls_loss   dfl_lossreplay_loss  Instances       Size
                   all        186       8357      0.759       0.62      0.658      0.409
Saved 3280 replay embeddings to /home/ddwilde/scriptie/runs/dota_saab/stage1-saab/replay/buffer.pt
Saved fine prototype sources to /home/ddwilde/scriptie/runs/dota_saab/stage1-saab/replay/buffer_sources.json
Saved 3605 box replay embeddings to /home/ddwilde/scriptie/runs/dota_saab/stage1-saab/replay/box_buffer.pt
Saved fine prototype sources to /home/ddwilde/scriptie/runs/dota_saab/stage1-saab/replay/box_buffer_sources.json

      Epoch    GPU_mem   box_loss   cls_loss   dfl_lossreplay_loss  Instances       Size
                   all        186       8357      0.773      0.635      0.677      0.427
Saved 3349 replay embeddings to /home/ddwilde/scriptie/runs/dota_saab/stage1-saab/replay/buffer.pt
Saved fine prototype sources to /home/ddwilde/scriptie/runs/dota_saab/stage1-saab/replay/buffer_sources.json
Saved 3610 box replay embeddings to /home/ddwilde/scriptie/runs/dota_saab/stage1-saab/replay/box_buffer.pt
Saved fine prototype sources to /home/ddwilde/scriptie/runs/dota_saab/stage1-saab/replay/box_buffer_sources.json

      Epoch    GPU_mem   box_loss   cls_loss   dfl_lossreplay_loss  Instances       Size
                   all        186       8357      0.769       0.63       0.66      0.412
Saved 3382 replay embeddings to /home/ddwilde/scriptie/runs/dota_saab/stage1-saab/replay/buffer.pt
Saved fine prototype sources to /home/ddwilde/scriptie/runs/dota_saab/stage1-saab/replay/buffer_sources.json
Saved 3610 box replay embeddings to /home/ddwilde/scriptie/runs/dota_saab/stage1-saab/replay/box_buffer.pt
Saved fine prototype sources to /home/ddwilde/scriptie/runs/dota_saab/stage1-saab/replay/box_buffer_sources.json

      Epoch    GPU_mem   box_loss   cls_loss   dfl_lossreplay_loss  Instances       Size
                   all        186       8357      0.788      0.627      0.672      0.419
Saved 3391 replay embeddings to /home/ddwilde/scriptie/runs/dota_saab/stage1-saab/replay/buffer.pt
Saved fine prototype sources to /home/ddwilde/scriptie/runs/dota_saab/stage1-saab/replay/buffer_sources.json
Saved 3610 box replay embeddings to /home/ddwilde/scriptie/runs/dota_saab/stage1-saab/replay/box_buffer.pt
Saved fine prototype sources to /home/ddwilde/scriptie/runs/dota_saab/stage1-saab/replay/box_buffer_sources.json

      Epoch    GPU_mem   box_loss   cls_loss   dfl_lossreplay_loss  Instances       Size
                   all        186       8357      0.754      0.628       0.66      0.412
Saved 3395 replay embeddings to /home/ddwilde/scriptie/runs/dota_saab/stage1-saab/replay/buffer.pt
Saved fine prototype sources to /home/ddwilde/scriptie/runs/dota_saab/stage1-saab/replay/buffer_sources.json
Saved 3610 box replay embeddings to /home/ddwilde/scriptie/runs/dota_saab/stage1-saab/replay/box_buffer.pt
Saved fine prototype sources to /home/ddwilde/scriptie/runs/dota_saab/stage1-saab/replay/box_buffer_sources.json

      Epoch    GPU_mem   box_loss   cls_loss   dfl_lossreplay_loss  Instances       Size
                   all        186       8357      0.753       0.63      0.663      0.412
Saved 3395 replay embeddings to /home/ddwilde/scriptie/runs/dota_saab/stage1-saab/replay/buffer.pt
Saved fine prototype sources to /home/ddwilde/scriptie/runs/dota_saab/stage1-saab/replay/buffer_sources.json
Saved 3610 box replay embeddings to /home/ddwilde/scriptie/runs/dota_saab/stage1-saab/replay/box_buffer.pt
Saved fine prototype sources to /home/ddwilde/scriptie/runs/dota_saab/stage1-saab/replay/box_buffer_sources.json

      Epoch    GPU_mem   box_loss   cls_loss   dfl_lossreplay_loss  Instances       Size
                   all        186       8357      0.752      0.637      0.669      0.419
Saved 3395 replay embeddings to /home/ddwilde/scriptie/runs/dota_saab/stage1-saab/replay/buffer.pt
Saved fine prototype sources to /home/ddwilde/scriptie/runs/dota_saab/stage1-saab/replay/buffer_sources.json
Saved 3610 box replay embeddings to /home/ddwilde/scriptie/runs/dota_saab/stage1-saab/replay/box_buffer.pt
Saved fine prototype sources to /home/ddwilde/scriptie/runs/dota_saab/stage1-saab/replay/box_buffer_sources.json

      Epoch    GPU_mem   box_loss   cls_loss   dfl_lossreplay_loss  Instances       Size
                   all        186       8357       0.76      0.628      0.665      0.419
Saved 3396 replay embeddings to /home/ddwilde/scriptie/runs/dota_saab/stage1-saab/replay/buffer.pt
Saved fine prototype sources to /home/ddwilde/scriptie/runs/dota_saab/stage1-saab/replay/buffer_sources.json
Saved 3611 box replay embeddings to /home/ddwilde/scriptie/runs/dota_saab/stage1-saab/replay/box_buffer.pt
Saved fine prototype sources to /home/ddwilde/scriptie/runs/dota_saab/stage1-saab/replay/box_buffer_sources.json

      Epoch    GPU_mem   box_loss   cls_loss   dfl_lossreplay_loss  Instances       Size
                   all        186       8357      0.747      0.629      0.661      0.414
Saved 3397 replay embeddings to /home/ddwilde/scriptie/runs/dota_saab/stage1-saab/replay/buffer.pt
Saved fine prototype sources to /home/ddwilde/scriptie/runs/dota_saab/stage1-saab/replay/buffer_sources.json
Saved 3612 box replay embeddings to /home/ddwilde/scriptie/runs/dota_saab/stage1-saab/replay/box_buffer.pt
Saved fine prototype sources to /home/ddwilde/scriptie/runs/dota_saab/stage1-saab/replay/box_buffer_sources.json

50 epochs completed in 0.584 hours.
Optimizer stripped from /home/ddwilde/scriptie/runs/dota_saab/stage1-saab/weights/last.pt, 19.1MB
Optimizer stripped from /home/ddwilde/scriptie/runs/dota_saab/stage1-saab/weights/best.pt, 19.1MB

Validating /home/ddwilde/scriptie/runs/dota_saab/stage1-saab/weights/best.pt...
EDNet 1.0 ✅ Python-3.10.4 ✅ torch-2.8.0+cu128 ✅CUDA:0 (NVIDIA A100-SXM4-40GB, 40441MiB)
ednet-s summary (fused): 394 layers, 9,295,008 parameters, 0 gradients
                   all        186       8357      0.771      0.635      0.677      0.427
         small-vehicle         89       5547      0.752        0.5      0.557      0.306
         large-vehicle         73       2810       0.79      0.769      0.796      0.547
Speed: 0.2ms preprocess, 2.2ms inference, 0.0ms loss, 0.1ms postprocess per image
Results saved to [1m/home/ddwilde/scriptie/runs/dota_saab/stage1-saab[0m
Training finished. Results saved in: /home/ddwilde/scriptie/runs/dota_saab/stage1-saab
EDNet 1.0 ✅ Python-3.10.4 ✅ torch-2.8.0+cu128 ✅CUDA:0 (NVIDIA A100-SXM4-40GB, 40441MiB)
[34m[1mengine/trainer: [0mtask=detect, mode=train, model=/home/ddwilde/scriptie/runs/dota_saab/stage1-saab/weights/best.pt, data=/home/ddwilde/scriptie/yaml/DOTA-shared-stage2-replay.yaml, epochs=50, time=None, patience=100, batch=4, imgsz=640, save=True, save_period=-1, cache=False, device=None, workers=8, project=/home/ddwilde/scriptie/runs/dota_saab, name=stage2-saab, exist_ok=False, pretrained=True, optimizer=auto, verbose=True, seed=0, deterministic=True, single_cls=False, rect=False, cos_lr=False, close_mosaic=10, resume=False, amp=True, fraction=1.0, profile=False, freeze=None, multi_scale=False, continual={'enable': False, 'batches': [], 'adapter_strategy': 'last', 'save_history': True}, replay={'enable': True, 'buffer_per_class': 128, 'sample_per_batch': 32, 'loss_weight': 1.0, 'tiny_max_pixels': 320, 'prototypes': {'num_fine': 4}, 'init_buffer': '/home/ddwilde/scriptie/runs/dota_saab/stage1-saab/replay/buffer.pt', 'box': {'enable': True, 'loss_weight': 1.0, 'init_buffer': '/home/ddwilde/scriptie/runs/dota_saab/stage1-saab/replay/box_buffer.pt'}, 'student_update_freq': 10}, kd={'enable': False, 'lambda_cls': 1.0, 'lambda_bbox': 1.0, 'top_k': 10, 'teacher_weights': None, 'teacher_nc': None, 'debug_batches': 10}, stage={'active_classes': [2, 3], 'prev_classes': [0, 1]}, overlap_mask=True, mask_ratio=4, dropout=0.0, val=True, split=val, save_json=False, save_hybrid=False, conf=None, iou=0.7, max_det=300, half=False, dnn=False, plots=True, per_class_tb_interval=1, source=None, vid_stride=1, stream_buffer=False, visualize=False, augment=False, agnostic_nms=False, classes=None, retina_masks=False, embed=None, show=False, save_frames=False, save_txt=False, save_conf=False, save_crop=False, show_labels=True, show_conf=True, show_boxes=True, line_width=None, format=torchscript, keras=False, optimize=False, int8=False, dynamic=False, simplify=False, opset=None, workspace=4, nms=False, lr0=0.01, lrf=0.01, momentum=0.937, weight_decay=0.0005, warmup_epochs=3.0, warmup_momentum=0.8, warmup_bias_lr=0.1, box=7.5, cls=0.5, dfl=1.5, pose=12.0, kobj=1.0, label_smoothing=0.0, nbs=64, hsv_h=0.015, hsv_s=0.7, hsv_v=0.4, degrees=0.0, translate=0.1, scale=0.5, shear=0.0, perspective=0.0, flipud=0.0, fliplr=0.5, bgr=0.0, mosaic=1.0, mixup=0.0, copy_paste=0.0, auto_augment=randaugment, erasing=0.4, crop_fraction=1.0, cfg=None, tracker=botsort.yaml, save_dir=/home/ddwilde/scriptie/runs/dota_saab/stage2-saab
Overriding model.yaml nc=2 with nc=4

                   from  n    params  module                                       arguments                     
  0                  -1  1       928  ednet.nn.modules.conv.Conv                   [3, 32, 3, 2]                 
  1                  -1  1     18560  ednet.nn.modules.conv.Conv                   [32, 64, 3, 2]                
  2                  -1  1     29056  ednet.nn.modules.block.C2f                   [64, 64, 1, True]             
  3                  -1  1     73984  ednet.nn.modules.conv.Conv                   [64, 128, 3, 2]               
  4                  -1  2    197632  ednet.nn.modules.block.C2f                   [128, 128, 2, True]           
  5                  -1  1    295424  ednet.nn.modules.conv.Conv                   [128, 256, 3, 2]              
  6                  -1  2    420864  ednet.nn.modules.block.C2f_FCA               [256, 256, 2, True]           
  7                  -1  1   1180672  ednet.nn.modules.conv.Conv                   [256, 512, 3, 2]              
  8                  -1  1   1095680  ednet.nn.modules.block.C2f_FCA               [512, 512, 1, True]           
  9                  -1  1    656896  ednet.nn.modules.block.SPPF                  [512, 512, 5]                 
 10                  -1  1    990976  ednet.nn.modules.block.PSA                   [512, 512]                    
 11                  -1  1         0  torch.nn.modules.upsampling.Upsample         [None, 2, 'nearest']          
 12             [-1, 6]  1         0  ednet.nn.modules.conv.Concat                 [1]                           
 13                  -1  1    591360  ednet.nn.modules.block.C2f                   [768, 256, 1]                 
 14                  -1  1         0  torch.nn.modules.upsampling.Upsample         [None, 2, 'nearest']          
 15             [-1, 4]  1         0  ednet.nn.modules.conv.Concat                 [1]                           
 16                  -1  1    148224  ednet.nn.modules.block.C2f                   [384, 128, 1]                 
 17                  -1  1         0  torch.nn.modules.upsampling.Upsample         [None, 2, 'nearest']          
 18             [-1, 2]  1         0  ednet.nn.modules.conv.Concat                 [1]                           
 19                  -1  1     37248  ednet.nn.modules.block.C2f                   [192, 64, 1]                  
 20                  -1  1     36992  ednet.nn.modules.conv.Conv                   [64, 64, 3, 2]                
 21            [-1, 16]  1         0  ednet.nn.modules.conv.Concat                 [1]                           
 22                  -1  1    123648  ednet.nn.modules.block.C2f                   [192, 128, 1]                 
 23                  -1  1    147712  ednet.nn.modules.conv.Conv                   [128, 128, 3, 2]              
 24            [-1, 13]  1         0  ednet.nn.modules.conv.Concat                 [1]                           
 25                  -1  1    493056  ednet.nn.modules.block.C2f                   [384, 256, 1]                 
 26                  -1  1     68864  ednet.nn.modules.block.SCDown                [256, 256, 3, 2]              
 27             [-1, 9]  1         0  ednet.nn.modules.conv.Concat                 [1]                           
 28                  -1  1   1089536  ednet.nn.modules.block.C2fCIB                [768, 512, 1, True, True]     
 29    [19, 22, 25, 28]  1   1622704  ednet.nn.modules.head.v10Detect              [4, [64, 128, 256, 512]]      
ednet-s summary: 510 layers, 9,320,016 parameters, 9,320,000 gradients

Active classes for this stage: (2, 3)
Replay/previous classes for this stage: (0, 1)
Transferred 737/753 items from pretrained weights
Replay active: extended active_classes → (0, 1, 2, 3)
Replay feature tapper initialized for detection head levels: ['P2', 'P3', 'P4']
Loaded 3397 replay embeddings from /home/ddwilde/scriptie/runs/dota_saab/stage1-saab/replay/buffer.pt
Box replay feature tapper initialized (cv2) for levels: ['P2', 'P3', 'P4']
Loaded 3612 box replay embeddings from /home/ddwilde/scriptie/runs/dota_saab/stage1-saab/replay/box_buffer.pt
Box prototype replay enabled | loss_weight=1.00
[34m[1mTensorBoard: [0mStart with 'tensorboard --logdir /home/ddwilde/scriptie/runs/dota_saab/stage2-saab', view at http://localhost:6006/
Freezing layer 'model.29.dfl.conv.weight'
[34m[1mAMP: [0mrunning Automatic Mixed Precision (AMP) checks with YOLOv8n...
[34m[1mAMP: [0mchecks passed ✅
Plotting labels to /home/ddwilde/scriptie/runs/dota_saab/stage2-saab/labels.jpg... 
[34m[1moptimizer:[0m 'optimizer=auto' found, ignoring 'lr0=0.01' and 'momentum=0.937' and determining best 'optimizer', 'lr0' and 'momentum' automatically... 
[34m[1moptimizer:[0m AdamW(lr=0.00125, momentum=0.9) with parameter groups 117 weight(decay=0.0), 145 weight(decay=0.0005), 139 bias(decay=0.0)
Trainable params: 401 tensors (9320000 weights). Top trainable=[('model.7.conv.weight', 1179648), ('model.9.cv2.conv.weight', 524288), ('model.8.cv2.conv.weight', 393216), ('model.28.cv1.conv.weight', 393216), ('model.28.cv2.conv.weight', 393216), ('model.5.conv.weight', 294912), ('model.29.cv2.3.0.conv.weight', 294912), ('model.29.one2one_cv2.3.0.conv.weight', 294912), ('model.8.cv1.conv.weight', 262144), ('model.10.cv1.conv.weight', 262144), ('model.10.cv2.conv.weight', 262144), ('model.13.cv1.conv.weight', 196608), ('model.13.m.0.cv1.conv.weight', 147456), ('model.13.m.0.cv2.conv.weight', 147456), ('model.23.conv.weight', 147456), ('model.25.m.0.cv1.conv.weight', 147456), ('model.25.m.0.cv2.conv.weight', 147456), ('model.29.cv2.2.0.conv.weight', 147456), ('model.29.one2one_cv2.2.0.conv.weight', 147456), ('model.6.cv2.conv.weight', 131072)]
Limiting positives to classes (0, 1, 2, 3)
Replay targets limited to previous classes (0, 1)
Limiting positives to classes (0, 1, 2, 3)
Replay targets limited to previous classes (0, 1)
[34m[1mTensorBoard: [0mmodel graph visualization added ✅
Image sizes 640 train, 640 val
Using 8 dataloader workers
Logging results to [1m/home/ddwilde/scriptie/runs/dota_saab/stage2-saab[0m
Starting training for 50 epochs...

      Epoch    GPU_mem   box_loss   cls_loss   dfl_lossreplay_loss  Instances       Size
Limiting positives to classes (0, 1, 2, 3)
Replay targets limited to previous classes (0, 1)
Limiting positives to classes (0, 1, 2, 3)
Replay targets limited to previous classes (0, 1)
Replay tap config not set; GT-driven replay skipped for this batch.
Replay tap config not set; GT-driven replay skipped for this batch.
                   all        186      10109      0.054       0.16     0.0468     0.0296
Saved 7354 replay embeddings to /home/ddwilde/scriptie/runs/dota_saab/stage2-saab/replay/buffer.pt
Saved fine prototype sources to /home/ddwilde/scriptie/runs/dota_saab/stage2-saab/replay/buffer_sources.json
Saved 8168 box replay embeddings to /home/ddwilde/scriptie/runs/dota_saab/stage2-saab/replay/box_buffer.pt
Saved fine prototype sources to /home/ddwilde/scriptie/runs/dota_saab/stage2-saab/replay/box_buffer_sources.json

      Epoch    GPU_mem   box_loss   cls_loss   dfl_lossreplay_loss  Instances       Size
                   all        186      10109      0.107      0.309      0.163      0.083
Saved 8005 replay embeddings to /home/ddwilde/scriptie/runs/dota_saab/stage2-saab/replay/buffer.pt
Saved fine prototype sources to /home/ddwilde/scriptie/runs/dota_saab/stage2-saab/replay/buffer_sources.json
Saved 8539 box replay embeddings to /home/ddwilde/scriptie/runs/dota_saab/stage2-saab/replay/box_buffer.pt
Saved fine prototype sources to /home/ddwilde/scriptie/runs/dota_saab/stage2-saab/replay/box_buffer_sources.json

      Epoch    GPU_mem   box_loss   cls_loss   dfl_lossreplay_loss  Instances       Size
                   all        186      10109      0.148      0.353      0.194     0.0938
Saved 8560 replay embeddings to /home/ddwilde/scriptie/runs/dota_saab/stage2-saab/replay/buffer.pt
Saved fine prototype sources to /home/ddwilde/scriptie/runs/dota_saab/stage2-saab/replay/buffer_sources.json
Saved 8988 box replay embeddings to /home/ddwilde/scriptie/runs/dota_saab/stage2-saab/replay/box_buffer.pt
Saved fine prototype sources to /home/ddwilde/scriptie/runs/dota_saab/stage2-saab/replay/box_buffer_sources.json

      Epoch    GPU_mem   box_loss   cls_loss   dfl_lossreplay_loss  Instances       Size
                   all        186      10109      0.196      0.321      0.262      0.134
Saved 9029 replay embeddings to /home/ddwilde/scriptie/runs/dota_saab/stage2-saab/replay/buffer.pt
Saved fine prototype sources to /home/ddwilde/scriptie/runs/dota_saab/stage2-saab/replay/buffer_sources.json
Saved 9293 box replay embeddings to /home/ddwilde/scriptie/runs/dota_saab/stage2-saab/replay/box_buffer.pt
Saved fine prototype sources to /home/ddwilde/scriptie/runs/dota_saab/stage2-saab/replay/box_buffer_sources.json

      Epoch    GPU_mem   box_loss   cls_loss   dfl_lossreplay_loss  Instances       Size
                   all        186      10109      0.461      0.176      0.189     0.0928
Saved 9242 replay embeddings to /home/ddwilde/scriptie/runs/dota_saab/stage2-saab/replay/buffer.pt
Saved fine prototype sources to /home/ddwilde/scriptie/runs/dota_saab/stage2-saab/replay/buffer_sources.json
Saved 9518 box replay embeddings to /home/ddwilde/scriptie/runs/dota_saab/stage2-saab/replay/box_buffer.pt
Saved fine prototype sources to /home/ddwilde/scriptie/runs/dota_saab/stage2-saab/replay/box_buffer_sources.json

      Epoch    GPU_mem   box_loss   cls_loss   dfl_lossreplay_loss  Instances       Size
                   all        186      10109      0.655      0.137       0.21      0.101
Saved 9341 replay embeddings to /home/ddwilde/scriptie/runs/dota_saab/stage2-saab/replay/buffer.pt
Saved fine prototype sources to /home/ddwilde/scriptie/runs/dota_saab/stage2-saab/replay/buffer_sources.json
Saved 9432 box replay embeddings to /home/ddwilde/scriptie/runs/dota_saab/stage2-saab/replay/box_buffer.pt
Saved fine prototype sources to /home/ddwilde/scriptie/runs/dota_saab/stage2-saab/replay/box_buffer_sources.json

      Epoch    GPU_mem   box_loss   cls_loss   dfl_lossreplay_loss  Instances       Size
                   all        186      10109      0.222      0.398      0.317      0.174
Saved 9398 replay embeddings to /home/ddwilde/scriptie/runs/dota_saab/stage2-saab/replay/buffer.pt
Saved fine prototype sources to /home/ddwilde/scriptie/runs/dota_saab/stage2-saab/replay/buffer_sources.json
Saved 9426 box replay embeddings to /home/ddwilde/scriptie/runs/dota_saab/stage2-saab/replay/box_buffer.pt
Saved fine prototype sources to /home/ddwilde/scriptie/runs/dota_saab/stage2-saab/replay/box_buffer_sources.json

      Epoch    GPU_mem   box_loss   cls_loss   dfl_lossreplay_loss  Instances       Size
                   all        186      10109      0.148       0.45      0.303      0.156
Saved 9264 replay embeddings to /home/ddwilde/scriptie/runs/dota_saab/stage2-saab/replay/buffer.pt
Saved fine prototype sources to /home/ddwilde/scriptie/runs/dota_saab/stage2-saab/replay/buffer_sources.json
Saved 9513 box replay embeddings to /home/ddwilde/scriptie/runs/dota_saab/stage2-saab/replay/box_buffer.pt
Saved fine prototype sources to /home/ddwilde/scriptie/runs/dota_saab/stage2-saab/replay/box_buffer_sources.json

      Epoch    GPU_mem   box_loss   cls_loss   dfl_lossreplay_loss  Instances       Size
                   all        186      10109       0.22      0.412      0.334      0.177
Saved 9333 replay embeddings to /home/ddwilde/scriptie/runs/dota_saab/stage2-saab/replay/buffer.pt
Saved fine prototype sources to /home/ddwilde/scriptie/runs/dota_saab/stage2-saab/replay/buffer_sources.json
Saved 9632 box replay embeddings to /home/ddwilde/scriptie/runs/dota_saab/stage2-saab/replay/box_buffer.pt
Saved fine prototype sources to /home/ddwilde/scriptie/runs/dota_saab/stage2-saab/replay/box_buffer_sources.json

      Epoch    GPU_mem   box_loss   cls_loss   dfl_lossreplay_loss  Instances       Size
                   all        186      10109       0.18      0.458       0.33      0.173
Saved 9356 replay embeddings to /home/ddwilde/scriptie/runs/dota_saab/stage2-saab/replay/buffer.pt
Saved fine prototype sources to /home/ddwilde/scriptie/runs/dota_saab/stage2-saab/replay/buffer_sources.json
Saved 9600 box replay embeddings to /home/ddwilde/scriptie/runs/dota_saab/stage2-saab/replay/box_buffer.pt
Saved fine prototype sources to /home/ddwilde/scriptie/runs/dota_saab/stage2-saab/replay/box_buffer_sources.json

      Epoch    GPU_mem   box_loss   cls_loss   dfl_lossreplay_loss  Instances       Size
                   all        186      10109      0.209      0.417      0.355      0.197
Saved 9423 replay embeddings to /home/ddwilde/scriptie/runs/dota_saab/stage2-saab/replay/buffer.pt
Saved fine prototype sources to /home/ddwilde/scriptie/runs/dota_saab/stage2-saab/replay/buffer_sources.json
Saved 9758 box replay embeddings to /home/ddwilde/scriptie/runs/dota_saab/stage2-saab/replay/box_buffer.pt
Saved fine prototype sources to /home/ddwilde/scriptie/runs/dota_saab/stage2-saab/replay/box_buffer_sources.json

      Epoch    GPU_mem   box_loss   cls_loss   dfl_lossreplay_loss  Instances       Size
                   all        186      10109      0.151      0.421      0.303      0.161
Saved 9468 replay embeddings to /home/ddwilde/scriptie/runs/dota_saab/stage2-saab/replay/buffer.pt
Saved fine prototype sources to /home/ddwilde/scriptie/runs/dota_saab/stage2-saab/replay/buffer_sources.json
Saved 9763 box replay embeddings to /home/ddwilde/scriptie/runs/dota_saab/stage2-saab/replay/box_buffer.pt
Saved fine prototype sources to /home/ddwilde/scriptie/runs/dota_saab/stage2-saab/replay/box_buffer_sources.json

      Epoch    GPU_mem   box_loss   cls_loss   dfl_lossreplay_loss  Instances       Size
                   all        186      10109      0.159      0.446      0.363        0.2
Saved 9489 replay embeddings to /home/ddwilde/scriptie/runs/dota_saab/stage2-saab/replay/buffer.pt
Saved fine prototype sources to /home/ddwilde/scriptie/runs/dota_saab/stage2-saab/replay/buffer_sources.json
Saved 9895 box replay embeddings to /home/ddwilde/scriptie/runs/dota_saab/stage2-saab/replay/box_buffer.pt
Saved fine prototype sources to /home/ddwilde/scriptie/runs/dota_saab/stage2-saab/replay/box_buffer_sources.json

      Epoch    GPU_mem   box_loss   cls_loss   dfl_lossreplay_loss  Instances       Size
                   all        186      10109      0.251      0.426      0.397      0.225
Saved 9533 replay embeddings to /home/ddwilde/scriptie/runs/dota_saab/stage2-saab/replay/buffer.pt
Saved fine prototype sources to /home/ddwilde/scriptie/runs/dota_saab/stage2-saab/replay/buffer_sources.json
Saved 9778 box replay embeddings to /home/ddwilde/scriptie/runs/dota_saab/stage2-saab/replay/box_buffer.pt
Saved fine prototype sources to /home/ddwilde/scriptie/runs/dota_saab/stage2-saab/replay/box_buffer_sources.json

      Epoch    GPU_mem   box_loss   cls_loss   dfl_lossreplay_loss  Instances       Size
                   all        186      10109      0.141      0.481      0.345      0.186
Saved 9572 replay embeddings to /home/ddwilde/scriptie/runs/dota_saab/stage2-saab/replay/buffer.pt
Saved fine prototype sources to /home/ddwilde/scriptie/runs/dota_saab/stage2-saab/replay/buffer_sources.json
Saved 9789 box replay embeddings to /home/ddwilde/scriptie/runs/dota_saab/stage2-saab/replay/box_buffer.pt
Saved fine prototype sources to /home/ddwilde/scriptie/runs/dota_saab/stage2-saab/replay/box_buffer_sources.json

      Epoch    GPU_mem   box_loss   cls_loss   dfl_lossreplay_loss  Instances       Size
                   all        186      10109      0.119      0.436      0.306      0.155
Saved 9613 replay embeddings to /home/ddwilde/scriptie/runs/dota_saab/stage2-saab/replay/buffer.pt
Saved fine prototype sources to /home/ddwilde/scriptie/runs/dota_saab/stage2-saab/replay/buffer_sources.json
Saved 9800 box replay embeddings to /home/ddwilde/scriptie/runs/dota_saab/stage2-saab/replay/box_buffer.pt
Saved fine prototype sources to /home/ddwilde/scriptie/runs/dota_saab/stage2-saab/replay/box_buffer_sources.json

      Epoch    GPU_mem   box_loss   cls_loss   dfl_lossreplay_loss  Instances       Size
                   all        186      10109      0.244      0.457      0.371      0.214
Saved 9617 replay embeddings to /home/ddwilde/scriptie/runs/dota_saab/stage2-saab/replay/buffer.pt
Saved fine prototype sources to /home/ddwilde/scriptie/runs/dota_saab/stage2-saab/replay/buffer_sources.json
Saved 9833 box replay embeddings to /home/ddwilde/scriptie/runs/dota_saab/stage2-saab/replay/box_buffer.pt
Saved fine prototype sources to /home/ddwilde/scriptie/runs/dota_saab/stage2-saab/replay/box_buffer_sources.json

      Epoch    GPU_mem   box_loss   cls_loss   dfl_lossreplay_loss  Instances       Size
                   all        186      10109      0.133      0.501      0.325      0.175
Saved 9621 replay embeddings to /home/ddwilde/scriptie/runs/dota_saab/stage2-saab/replay/buffer.pt
Saved fine prototype sources to /home/ddwilde/scriptie/runs/dota_saab/stage2-saab/replay/buffer_sources.json
Saved 9988 box replay embeddings to /home/ddwilde/scriptie/runs/dota_saab/stage2-saab/replay/box_buffer.pt
Saved fine prototype sources to /home/ddwilde/scriptie/runs/dota_saab/stage2-saab/replay/box_buffer_sources.json

      Epoch    GPU_mem   box_loss   cls_loss   dfl_lossreplay_loss  Instances       Size
                   all        186      10109      0.268      0.498      0.421      0.229
Saved 9624 replay embeddings to /home/ddwilde/scriptie/runs/dota_saab/stage2-saab/replay/buffer.pt
Saved fine prototype sources to /home/ddwilde/scriptie/runs/dota_saab/stage2-saab/replay/buffer_sources.json
Saved 9992 box replay embeddings to /home/ddwilde/scriptie/runs/dota_saab/stage2-saab/replay/box_buffer.pt
Saved fine prototype sources to /home/ddwilde/scriptie/runs/dota_saab/stage2-saab/replay/box_buffer_sources.json

      Epoch    GPU_mem   box_loss   cls_loss   dfl_lossreplay_loss  Instances       Size
                   all        186      10109      0.168      0.501      0.373      0.193
Saved 9637 replay embeddings to /home/ddwilde/scriptie/runs/dota_saab/stage2-saab/replay/buffer.pt
Saved fine prototype sources to /home/ddwilde/scriptie/runs/dota_saab/stage2-saab/replay/buffer_sources.json
Saved 9998 box replay embeddings to /home/ddwilde/scriptie/runs/dota_saab/stage2-saab/replay/box_buffer.pt
Saved fine prototype sources to /home/ddwilde/scriptie/runs/dota_saab/stage2-saab/replay/box_buffer_sources.json

      Epoch    GPU_mem   box_loss   cls_loss   dfl_lossreplay_loss  Instances       Size
                   all        186      10109      0.151      0.534      0.341      0.187
Saved 9651 replay embeddings to /home/ddwilde/scriptie/runs/dota_saab/stage2-saab/replay/buffer.pt
Saved fine prototype sources to /home/ddwilde/scriptie/runs/dota_saab/stage2-saab/replay/buffer_sources.json
Saved 10010 box replay embeddings to /home/ddwilde/scriptie/runs/dota_saab/stage2-saab/replay/box_buffer.pt
Saved fine prototype sources to /home/ddwilde/scriptie/runs/dota_saab/stage2-saab/replay/box_buffer_sources.json

      Epoch    GPU_mem   box_loss   cls_loss   dfl_lossreplay_loss  Instances       Size
                   all        186      10109      0.232      0.386      0.337      0.176
Saved 9653 replay embeddings to /home/ddwilde/scriptie/runs/dota_saab/stage2-saab/replay/buffer.pt
Saved fine prototype sources to /home/ddwilde/scriptie/runs/dota_saab/stage2-saab/replay/buffer_sources.json
Saved 10014 box replay embeddings to /home/ddwilde/scriptie/runs/dota_saab/stage2-saab/replay/box_buffer.pt
Saved fine prototype sources to /home/ddwilde/scriptie/runs/dota_saab/stage2-saab/replay/box_buffer_sources.json

      Epoch    GPU_mem   box_loss   cls_loss   dfl_lossreplay_loss  Instances       Size
                   all        186      10109      0.227      0.434      0.372      0.218
Saved 9680 replay embeddings to /home/ddwilde/scriptie/runs/dota_saab/stage2-saab/replay/buffer.pt
Saved fine prototype sources to /home/ddwilde/scriptie/runs/dota_saab/stage2-saab/replay/buffer_sources.json
Saved 10042 box replay embeddings to /home/ddwilde/scriptie/runs/dota_saab/stage2-saab/replay/box_buffer.pt
Saved fine prototype sources to /home/ddwilde/scriptie/runs/dota_saab/stage2-saab/replay/box_buffer_sources.json

      Epoch    GPU_mem   box_loss   cls_loss   dfl_lossreplay_loss  Instances       Size
                   all        186      10109      0.184      0.506      0.384      0.215
Saved 9693 replay embeddings to /home/ddwilde/scriptie/runs/dota_saab/stage2-saab/replay/buffer.pt
Saved fine prototype sources to /home/ddwilde/scriptie/runs/dota_saab/stage2-saab/replay/buffer_sources.json
Saved 10073 box replay embeddings to /home/ddwilde/scriptie/runs/dota_saab/stage2-saab/replay/box_buffer.pt
Saved fine prototype sources to /home/ddwilde/scriptie/runs/dota_saab/stage2-saab/replay/box_buffer_sources.json

      Epoch    GPU_mem   box_loss   cls_loss   dfl_lossreplay_loss  Instances       Size
                   all        186      10109      0.193      0.483       0.38      0.204
Saved 9693 replay embeddings to /home/ddwilde/scriptie/runs/dota_saab/stage2-saab/replay/buffer.pt
Saved fine prototype sources to /home/ddwilde/scriptie/runs/dota_saab/stage2-saab/replay/buffer_sources.json
Saved 10080 box replay embeddings to /home/ddwilde/scriptie/runs/dota_saab/stage2-saab/replay/box_buffer.pt
Saved fine prototype sources to /home/ddwilde/scriptie/runs/dota_saab/stage2-saab/replay/box_buffer_sources.json

      Epoch    GPU_mem   box_loss   cls_loss   dfl_lossreplay_loss  Instances       Size
                   all        186      10109      0.195      0.521       0.37      0.206
Saved 9705 replay embeddings to /home/ddwilde/scriptie/runs/dota_saab/stage2-saab/replay/buffer.pt
Saved fine prototype sources to /home/ddwilde/scriptie/runs/dota_saab/stage2-saab/replay/buffer_sources.json
Saved 10137 box replay embeddings to /home/ddwilde/scriptie/runs/dota_saab/stage2-saab/replay/box_buffer.pt
Saved fine prototype sources to /home/ddwilde/scriptie/runs/dota_saab/stage2-saab/replay/box_buffer_sources.json

      Epoch    GPU_mem   box_loss   cls_loss   dfl_lossreplay_loss  Instances       Size
                   all        186      10109      0.224      0.529      0.406      0.225
Saved 9711 replay embeddings to /home/ddwilde/scriptie/runs/dota_saab/stage2-saab/replay/buffer.pt
Saved fine prototype sources to /home/ddwilde/scriptie/runs/dota_saab/stage2-saab/replay/buffer_sources.json
Saved 10167 box replay embeddings to /home/ddwilde/scriptie/runs/dota_saab/stage2-saab/replay/box_buffer.pt
Saved fine prototype sources to /home/ddwilde/scriptie/runs/dota_saab/stage2-saab/replay/box_buffer_sources.json

      Epoch    GPU_mem   box_loss   cls_loss   dfl_lossreplay_loss  Instances       Size
                   all        186      10109      0.259      0.453      0.371      0.215
Saved 9725 replay embeddings to /home/ddwilde/scriptie/runs/dota_saab/stage2-saab/replay/buffer.pt
Saved fine prototype sources to /home/ddwilde/scriptie/runs/dota_saab/stage2-saab/replay/buffer_sources.json
Saved 10223 box replay embeddings to /home/ddwilde/scriptie/runs/dota_saab/stage2-saab/replay/box_buffer.pt
Saved fine prototype sources to /home/ddwilde/scriptie/runs/dota_saab/stage2-saab/replay/box_buffer_sources.json

      Epoch    GPU_mem   box_loss   cls_loss   dfl_lossreplay_loss  Instances       Size
                   all        186      10109      0.169      0.516      0.374      0.205
Saved 9728 replay embeddings to /home/ddwilde/scriptie/runs/dota_saab/stage2-saab/replay/buffer.pt
Saved fine prototype sources to /home/ddwilde/scriptie/runs/dota_saab/stage2-saab/replay/buffer_sources.json
Saved 10229 box replay embeddings to /home/ddwilde/scriptie/runs/dota_saab/stage2-saab/replay/box_buffer.pt
Saved fine prototype sources to /home/ddwilde/scriptie/runs/dota_saab/stage2-saab/replay/box_buffer_sources.json

      Epoch    GPU_mem   box_loss   cls_loss   dfl_lossreplay_loss  Instances       Size
                   all        186      10109      0.182      0.491      0.352      0.194
Saved 9733 replay embeddings to /home/ddwilde/scriptie/runs/dota_saab/stage2-saab/replay/buffer.pt
Saved fine prototype sources to /home/ddwilde/scriptie/runs/dota_saab/stage2-saab/replay/buffer_sources.json
Saved 10250 box replay embeddings to /home/ddwilde/scriptie/runs/dota_saab/stage2-saab/replay/box_buffer.pt
Saved fine prototype sources to /home/ddwilde/scriptie/runs/dota_saab/stage2-saab/replay/box_buffer_sources.json

      Epoch    GPU_mem   box_loss   cls_loss   dfl_lossreplay_loss  Instances       Size
                   all        186      10109      0.198      0.523       0.38      0.217
Saved 9735 replay embeddings to /home/ddwilde/scriptie/runs/dota_saab/stage2-saab/replay/buffer.pt
Saved fine prototype sources to /home/ddwilde/scriptie/runs/dota_saab/stage2-saab/replay/buffer_sources.json
Saved 10253 box replay embeddings to /home/ddwilde/scriptie/runs/dota_saab/stage2-saab/replay/box_buffer.pt
Saved fine prototype sources to /home/ddwilde/scriptie/runs/dota_saab/stage2-saab/replay/box_buffer_sources.json

      Epoch    GPU_mem   box_loss   cls_loss   dfl_lossreplay_loss  Instances       Size
                   all        186      10109      0.177      0.549      0.375      0.207
Saved 9739 replay embeddings to /home/ddwilde/scriptie/runs/dota_saab/stage2-saab/replay/buffer.pt
Saved fine prototype sources to /home/ddwilde/scriptie/runs/dota_saab/stage2-saab/replay/buffer_sources.json
Saved 10133 box replay embeddings to /home/ddwilde/scriptie/runs/dota_saab/stage2-saab/replay/box_buffer.pt
Saved fine prototype sources to /home/ddwilde/scriptie/runs/dota_saab/stage2-saab/replay/box_buffer_sources.json

      Epoch    GPU_mem   box_loss   cls_loss   dfl_lossreplay_loss  Instances       Size
                   all        186      10109      0.161      0.495      0.352      0.193
Saved 9743 replay embeddings to /home/ddwilde/scriptie/runs/dota_saab/stage2-saab/replay/buffer.pt
Saved fine prototype sources to /home/ddwilde/scriptie/runs/dota_saab/stage2-saab/replay/buffer_sources.json
Saved 10135 box replay embeddings to /home/ddwilde/scriptie/runs/dota_saab/stage2-saab/replay/box_buffer.pt
Saved fine prototype sources to /home/ddwilde/scriptie/runs/dota_saab/stage2-saab/replay/box_buffer_sources.json

      Epoch    GPU_mem   box_loss   cls_loss   dfl_lossreplay_loss  Instances       Size
                   all        186      10109      0.204      0.497      0.382      0.216
Saved 9746 replay embeddings to /home/ddwilde/scriptie/runs/dota_saab/stage2-saab/replay/buffer.pt
Saved fine prototype sources to /home/ddwilde/scriptie/runs/dota_saab/stage2-saab/replay/buffer_sources.json
Saved 10138 box replay embeddings to /home/ddwilde/scriptie/runs/dota_saab/stage2-saab/replay/box_buffer.pt
Saved fine prototype sources to /home/ddwilde/scriptie/runs/dota_saab/stage2-saab/replay/box_buffer_sources.json

      Epoch    GPU_mem   box_loss   cls_loss   dfl_lossreplay_loss  Instances       Size
                   all        186      10109      0.214      0.516      0.375      0.209
Saved 9746 replay embeddings to /home/ddwilde/scriptie/runs/dota_saab/stage2-saab/replay/buffer.pt
Saved fine prototype sources to /home/ddwilde/scriptie/runs/dota_saab/stage2-saab/replay/buffer_sources.json
Saved 10152 box replay embeddings to /home/ddwilde/scriptie/runs/dota_saab/stage2-saab/replay/box_buffer.pt
Saved fine prototype sources to /home/ddwilde/scriptie/runs/dota_saab/stage2-saab/replay/box_buffer_sources.json

      Epoch    GPU_mem   box_loss   cls_loss   dfl_lossreplay_loss  Instances       Size
                   all        186      10109      0.201      0.519      0.379      0.214
Saved 9751 replay embeddings to /home/ddwilde/scriptie/runs/dota_saab/stage2-saab/replay/buffer.pt
Saved fine prototype sources to /home/ddwilde/scriptie/runs/dota_saab/stage2-saab/replay/buffer_sources.json
Saved 10165 box replay embeddings to /home/ddwilde/scriptie/runs/dota_saab/stage2-saab/replay/box_buffer.pt
Saved fine prototype sources to /home/ddwilde/scriptie/runs/dota_saab/stage2-saab/replay/box_buffer_sources.json

      Epoch    GPU_mem   box_loss   cls_loss   dfl_lossreplay_loss  Instances       Size
                   all        186      10109      0.172      0.552      0.394      0.221
Saved 9755 replay embeddings to /home/ddwilde/scriptie/runs/dota_saab/stage2-saab/replay/buffer.pt
Saved fine prototype sources to /home/ddwilde/scriptie/runs/dota_saab/stage2-saab/replay/buffer_sources.json
Saved 10046 box replay embeddings to /home/ddwilde/scriptie/runs/dota_saab/stage2-saab/replay/box_buffer.pt
Saved fine prototype sources to /home/ddwilde/scriptie/runs/dota_saab/stage2-saab/replay/box_buffer_sources.json

      Epoch    GPU_mem   box_loss   cls_loss   dfl_lossreplay_loss  Instances       Size
                   all        186      10109      0.165      0.497      0.342      0.194
Saved 9767 replay embeddings to /home/ddwilde/scriptie/runs/dota_saab/stage2-saab/replay/buffer.pt
Saved fine prototype sources to /home/ddwilde/scriptie/runs/dota_saab/stage2-saab/replay/buffer_sources.json
Saved 10059 box replay embeddings to /home/ddwilde/scriptie/runs/dota_saab/stage2-saab/replay/box_buffer.pt
Saved fine prototype sources to /home/ddwilde/scriptie/runs/dota_saab/stage2-saab/replay/box_buffer_sources.json

      Epoch    GPU_mem   box_loss   cls_loss   dfl_lossreplay_loss  Instances       Size
                   all        186      10109      0.235      0.528      0.397      0.227
Saved 9774 replay embeddings to /home/ddwilde/scriptie/runs/dota_saab/stage2-saab/replay/buffer.pt
Saved fine prototype sources to /home/ddwilde/scriptie/runs/dota_saab/stage2-saab/replay/buffer_sources.json
Saved 10073 box replay embeddings to /home/ddwilde/scriptie/runs/dota_saab/stage2-saab/replay/box_buffer.pt
Saved fine prototype sources to /home/ddwilde/scriptie/runs/dota_saab/stage2-saab/replay/box_buffer_sources.json

      Epoch    GPU_mem   box_loss   cls_loss   dfl_lossreplay_loss  Instances       Size
                   all        186      10109      0.423      0.322      0.373      0.208
Saved 9781 replay embeddings to /home/ddwilde/scriptie/runs/dota_saab/stage2-saab/replay/buffer.pt
Saved fine prototype sources to /home/ddwilde/scriptie/runs/dota_saab/stage2-saab/replay/buffer_sources.json
Saved 10114 box replay embeddings to /home/ddwilde/scriptie/runs/dota_saab/stage2-saab/replay/box_buffer.pt
Saved fine prototype sources to /home/ddwilde/scriptie/runs/dota_saab/stage2-saab/replay/box_buffer_sources.json
Closing dataloader mosaic

      Epoch    GPU_mem   box_loss   cls_loss   dfl_lossreplay_loss  Instances       Size
                   all        186      10109      0.252      0.408      0.334      0.194
Saved 9802 replay embeddings to /home/ddwilde/scriptie/runs/dota_saab/stage2-saab/replay/buffer.pt
Saved fine prototype sources to /home/ddwilde/scriptie/runs/dota_saab/stage2-saab/replay/buffer_sources.json
Saved 10141 box replay embeddings to /home/ddwilde/scriptie/runs/dota_saab/stage2-saab/replay/box_buffer.pt
Saved fine prototype sources to /home/ddwilde/scriptie/runs/dota_saab/stage2-saab/replay/box_buffer_sources.json

      Epoch    GPU_mem   box_loss   cls_loss   dfl_lossreplay_loss  Instances       Size
                   all        186      10109      0.204      0.489      0.336       0.19
Saved 9802 replay embeddings to /home/ddwilde/scriptie/runs/dota_saab/stage2-saab/replay/buffer.pt
Saved fine prototype sources to /home/ddwilde/scriptie/runs/dota_saab/stage2-saab/replay/buffer_sources.json
Saved 10141 box replay embeddings to /home/ddwilde/scriptie/runs/dota_saab/stage2-saab/replay/box_buffer.pt
Saved fine prototype sources to /home/ddwilde/scriptie/runs/dota_saab/stage2-saab/replay/box_buffer_sources.json

      Epoch    GPU_mem   box_loss   cls_loss   dfl_lossreplay_loss  Instances       Size
                   all        186      10109      0.208      0.486       0.37      0.208
Saved 9802 replay embeddings to /home/ddwilde/scriptie/runs/dota_saab/stage2-saab/replay/buffer.pt
Saved fine prototype sources to /home/ddwilde/scriptie/runs/dota_saab/stage2-saab/replay/buffer_sources.json
Saved 10153 box replay embeddings to /home/ddwilde/scriptie/runs/dota_saab/stage2-saab/replay/box_buffer.pt
Saved fine prototype sources to /home/ddwilde/scriptie/runs/dota_saab/stage2-saab/replay/box_buffer_sources.json

      Epoch    GPU_mem   box_loss   cls_loss   dfl_lossreplay_loss  Instances       Size
                   all        186      10109      0.236      0.493      0.395      0.226
Saved 9804 replay embeddings to /home/ddwilde/scriptie/runs/dota_saab/stage2-saab/replay/buffer.pt
Saved fine prototype sources to /home/ddwilde/scriptie/runs/dota_saab/stage2-saab/replay/buffer_sources.json
Saved 10156 box replay embeddings to /home/ddwilde/scriptie/runs/dota_saab/stage2-saab/replay/box_buffer.pt
Saved fine prototype sources to /home/ddwilde/scriptie/runs/dota_saab/stage2-saab/replay/box_buffer_sources.json

      Epoch    GPU_mem   box_loss   cls_loss   dfl_lossreplay_loss  Instances       Size
                   all        186      10109       0.24      0.482      0.382      0.219
Saved 9805 replay embeddings to /home/ddwilde/scriptie/runs/dota_saab/stage2-saab/replay/buffer.pt
Saved fine prototype sources to /home/ddwilde/scriptie/runs/dota_saab/stage2-saab/replay/buffer_sources.json
Saved 10159 box replay embeddings to /home/ddwilde/scriptie/runs/dota_saab/stage2-saab/replay/box_buffer.pt
Saved fine prototype sources to /home/ddwilde/scriptie/runs/dota_saab/stage2-saab/replay/box_buffer_sources.json

      Epoch    GPU_mem   box_loss   cls_loss   dfl_lossreplay_loss  Instances       Size
                   all        186      10109      0.219      0.487      0.378      0.214
Saved 9807 replay embeddings to /home/ddwilde/scriptie/runs/dota_saab/stage2-saab/replay/buffer.pt
Saved fine prototype sources to /home/ddwilde/scriptie/runs/dota_saab/stage2-saab/replay/buffer_sources.json
Saved 10171 box replay embeddings to /home/ddwilde/scriptie/runs/dota_saab/stage2-saab/replay/box_buffer.pt
Saved fine prototype sources to /home/ddwilde/scriptie/runs/dota_saab/stage2-saab/replay/box_buffer_sources.json

      Epoch    GPU_mem   box_loss   cls_loss   dfl_lossreplay_loss  Instances       Size
                   all        186      10109      0.231      0.493      0.393      0.223
Saved 9812 replay embeddings to /home/ddwilde/scriptie/runs/dota_saab/stage2-saab/replay/buffer.pt
Saved fine prototype sources to /home/ddwilde/scriptie/runs/dota_saab/stage2-saab/replay/buffer_sources.json
Saved 10179 box replay embeddings to /home/ddwilde/scriptie/runs/dota_saab/stage2-saab/replay/box_buffer.pt
Saved fine prototype sources to /home/ddwilde/scriptie/runs/dota_saab/stage2-saab/replay/box_buffer_sources.json

      Epoch    GPU_mem   box_loss   cls_loss   dfl_lossreplay_loss  Instances       Size
                   all        186      10109      0.243      0.499      0.396      0.226
Saved 9812 replay embeddings to /home/ddwilde/scriptie/runs/dota_saab/stage2-saab/replay/buffer.pt
Saved fine prototype sources to /home/ddwilde/scriptie/runs/dota_saab/stage2-saab/replay/buffer_sources.json
Saved 10219 box replay embeddings to /home/ddwilde/scriptie/runs/dota_saab/stage2-saab/replay/box_buffer.pt
Saved fine prototype sources to /home/ddwilde/scriptie/runs/dota_saab/stage2-saab/replay/box_buffer_sources.json

      Epoch    GPU_mem   box_loss   cls_loss   dfl_lossreplay_loss  Instances       Size
                   all        186      10109       0.22      0.504      0.387       0.22
Saved 9818 replay embeddings to /home/ddwilde/scriptie/runs/dota_saab/stage2-saab/replay/buffer.pt
Saved fine prototype sources to /home/ddwilde/scriptie/runs/dota_saab/stage2-saab/replay/buffer_sources.json
Saved 10246 box replay embeddings to /home/ddwilde/scriptie/runs/dota_saab/stage2-saab/replay/box_buffer.pt
Saved fine prototype sources to /home/ddwilde/scriptie/runs/dota_saab/stage2-saab/replay/box_buffer_sources.json

      Epoch    GPU_mem   box_loss   cls_loss   dfl_lossreplay_loss  Instances       Size
                   all        186      10109       0.22      0.501      0.384       0.22
Saved 9819 replay embeddings to /home/ddwilde/scriptie/runs/dota_saab/stage2-saab/replay/buffer.pt
Saved fine prototype sources to /home/ddwilde/scriptie/runs/dota_saab/stage2-saab/replay/buffer_sources.json
Saved 10247 box replay embeddings to /home/ddwilde/scriptie/runs/dota_saab/stage2-saab/replay/box_buffer.pt
Saved fine prototype sources to /home/ddwilde/scriptie/runs/dota_saab/stage2-saab/replay/box_buffer_sources.json

50 epochs completed in 0.674 hours.
Optimizer stripped from /home/ddwilde/scriptie/runs/dota_saab/stage2-saab/weights/last.pt, 19.1MB
Optimizer stripped from /home/ddwilde/scriptie/runs/dota_saab/stage2-saab/weights/best.pt, 19.1MB

Validating /home/ddwilde/scriptie/runs/dota_saab/stage2-saab/weights/best.pt...
EDNet 1.0 ✅ Python-3.10.4 ✅ torch-2.8.0+cu128 ✅CUDA:0 (NVIDIA A100-SXM4-40GB, 40441MiB)
ednet-s summary (fused): 394 layers, 9,296,048 parameters, 0 gradients
                   all        186      10109      0.268      0.499      0.421      0.229
         small-vehicle         89       5547      0.326      0.475      0.404      0.187
         large-vehicle         73       2810      0.588      0.496      0.569      0.354
                 plane         45       1720       0.15      0.805      0.701       0.37
            helicopter          5         32    0.00699      0.219     0.0107    0.00559
Speed: 0.1ms preprocess, 5.1ms inference, 0.0ms loss, 0.1ms postprocess per image
Results saved to [1m/home/ddwilde/scriptie/runs/dota_saab/stage2-saab[0m
Training finished. Results saved in: /home/ddwilde/scriptie/runs/dota_saab/stage2-saab
EDNet 1.0 ✅ Python-3.10.4 ✅ torch-2.8.0+cu128 ✅CUDA:0 (NVIDIA A100-SXM4-40GB, 40441MiB)
[34m[1mengine/trainer: [0mtask=detect, mode=train, model=/home/ddwilde/scriptie/runs/dota_saab/stage2-saab/weights/best.pt, data=/home/ddwilde/scriptie/yaml/DOTA-shared-stage3-replay.yaml, epochs=50, time=None, patience=100, batch=4, imgsz=640, save=True, save_period=-1, cache=False, device=None, workers=8, project=/home/ddwilde/scriptie/runs/dota_saab, name=stage3-saab, exist_ok=False, pretrained=True, optimizer=auto, verbose=True, seed=0, deterministic=True, single_cls=False, rect=False, cos_lr=False, close_mosaic=10, resume=False, amp=True, fraction=1.0, profile=False, freeze=None, multi_scale=False, continual={'enable': False, 'batches': [], 'adapter_strategy': 'last', 'save_history': True}, replay={'enable': True, 'buffer_per_class': 128, 'sample_per_batch': 32, 'loss_weight': 1.0, 'tiny_max_pixels': 320, 'prototypes': {'num_fine': 4}, 'init_buffer': '/home/ddwilde/scriptie/runs/dota_saab/stage2-saab/replay/buffer.pt', 'box': {'enable': True, 'loss_weight': 1.0, 'init_buffer': '/home/ddwilde/scriptie/runs/dota_saab/stage2-saab/replay/box_buffer.pt'}, 'student_update_freq': 10}, kd={'enable': False, 'lambda_cls': 1.0, 'lambda_bbox': 1.0, 'top_k': 10, 'teacher_weights': None, 'teacher_nc': None, 'debug_batches': 10}, stage={'active_classes': [4], 'prev_classes': [0, 1, 2, 3]}, overlap_mask=True, mask_ratio=4, dropout=0.0, val=True, split=val, save_json=False, save_hybrid=False, conf=None, iou=0.7, max_det=300, half=False, dnn=False, plots=True, per_class_tb_interval=1, source=None, vid_stride=1, stream_buffer=False, visualize=False, augment=False, agnostic_nms=False, classes=None, retina_masks=False, embed=None, show=False, save_frames=False, save_txt=False, save_conf=False, save_crop=False, show_labels=True, show_conf=True, show_boxes=True, line_width=None, format=torchscript, keras=False, optimize=False, int8=False, dynamic=False, simplify=False, opset=None, workspace=4, nms=False, lr0=0.01, lrf=0.01, momentum=0.937, weight_decay=0.0005, warmup_epochs=3.0, warmup_momentum=0.8, warmup_bias_lr=0.1, box=7.5, cls=0.5, dfl=1.5, pose=12.0, kobj=1.0, label_smoothing=0.0, nbs=64, hsv_h=0.015, hsv_s=0.7, hsv_v=0.4, degrees=0.0, translate=0.1, scale=0.5, shear=0.0, perspective=0.0, flipud=0.0, fliplr=0.5, bgr=0.0, mosaic=1.0, mixup=0.0, copy_paste=0.0, auto_augment=randaugment, erasing=0.4, crop_fraction=1.0, cfg=None, tracker=botsort.yaml, save_dir=/home/ddwilde/scriptie/runs/dota_saab/stage3-saab
Overriding model.yaml nc=4 with nc=5

                   from  n    params  module                                       arguments                     
  0                  -1  1       928  ednet.nn.modules.conv.Conv                   [3, 32, 3, 2]                 
  1                  -1  1     18560  ednet.nn.modules.conv.Conv                   [32, 64, 3, 2]                
  2                  -1  1     29056  ednet.nn.modules.block.C2f                   [64, 64, 1, True]             
  3                  -1  1     73984  ednet.nn.modules.conv.Conv                   [64, 128, 3, 2]               
  4                  -1  2    197632  ednet.nn.modules.block.C2f                   [128, 128, 2, True]           
  5                  -1  1    295424  ednet.nn.modules.conv.Conv                   [128, 256, 3, 2]              
  6                  -1  2    420864  ednet.nn.modules.block.C2f_FCA               [256, 256, 2, True]           
  7                  -1  1   1180672  ednet.nn.modules.conv.Conv                   [256, 512, 3, 2]              
  8                  -1  1   1095680  ednet.nn.modules.block.C2f_FCA               [512, 512, 1, True]           
  9                  -1  1    656896  ednet.nn.modules.block.SPPF                  [512, 512, 5]                 
 10                  -1  1    990976  ednet.nn.modules.block.PSA                   [512, 512]                    
 11                  -1  1         0  torch.nn.modules.upsampling.Upsample         [None, 2, 'nearest']          
 12             [-1, 6]  1         0  ednet.nn.modules.conv.Concat                 [1]                           
 13                  -1  1    591360  ednet.nn.modules.block.C2f                   [768, 256, 1]                 
 14                  -1  1         0  torch.nn.modules.upsampling.Upsample         [None, 2, 'nearest']          
 15             [-1, 4]  1         0  ednet.nn.modules.conv.Concat                 [1]                           
 16                  -1  1    148224  ednet.nn.modules.block.C2f                   [384, 128, 1]                 
 17                  -1  1         0  torch.nn.modules.upsampling.Upsample         [None, 2, 'nearest']          
 18             [-1, 2]  1         0  ednet.nn.modules.conv.Concat                 [1]                           
 19                  -1  1     37248  ednet.nn.modules.block.C2f                   [192, 64, 1]                  
 20                  -1  1     36992  ednet.nn.modules.conv.Conv                   [64, 64, 3, 2]                
 21            [-1, 16]  1         0  ednet.nn.modules.conv.Concat                 [1]                           
 22                  -1  1    123648  ednet.nn.modules.block.C2f                   [192, 128, 1]                 
 23                  -1  1    147712  ednet.nn.modules.conv.Conv                   [128, 128, 3, 2]              
 24            [-1, 13]  1         0  ednet.nn.modules.conv.Concat                 [1]                           
 25                  -1  1    493056  ednet.nn.modules.block.C2f                   [384, 256, 1]                 
 26                  -1  1     68864  ednet.nn.modules.block.SCDown                [256, 256, 3, 2]              
 27             [-1, 9]  1         0  ednet.nn.modules.conv.Concat                 [1]                           
 28                  -1  1   1089536  ednet.nn.modules.block.C2fCIB                [768, 512, 1, True, True]     
 29    [19, 22, 25, 28]  1   1623224  ednet.nn.modules.head.v10Detect              [5, [64, 128, 256, 512]]      
ednet-s summary: 510 layers, 9,320,536 parameters, 9,320,520 gradients

Active classes for this stage: (4,)
Replay/previous classes for this stage: (0, 1, 2, 3)
Transferred 737/753 items from pretrained weights
Replay active: extended active_classes → (0, 1, 2, 3, 4)
Replay feature tapper initialized for detection head levels: ['P2', 'P3', 'P4']
Loaded 9819 replay embeddings from /home/ddwilde/scriptie/runs/dota_saab/stage2-saab/replay/buffer.pt
Box replay feature tapper initialized (cv2) for levels: ['P2', 'P3', 'P4']
Loaded 10247 box replay embeddings from /home/ddwilde/scriptie/runs/dota_saab/stage2-saab/replay/box_buffer.pt
Box prototype replay enabled | loss_weight=1.00
[34m[1mTensorBoard: [0mStart with 'tensorboard --logdir /home/ddwilde/scriptie/runs/dota_saab/stage3-saab', view at http://localhost:6006/
Freezing layer 'model.29.dfl.conv.weight'
[34m[1mAMP: [0mrunning Automatic Mixed Precision (AMP) checks with YOLOv8n...
[34m[1mAMP: [0mchecks passed ✅
Plotting labels to /home/ddwilde/scriptie/runs/dota_saab/stage3-saab/labels.jpg... 
[34m[1moptimizer:[0m 'optimizer=auto' found, ignoring 'lr0=0.01' and 'momentum=0.937' and determining best 'optimizer', 'lr0' and 'momentum' automatically... 
[34m[1moptimizer:[0m AdamW(lr=0.001111, momentum=0.9) with parameter groups 117 weight(decay=0.0), 145 weight(decay=0.0005), 139 bias(decay=0.0)
Trainable params: 401 tensors (9320520 weights). Top trainable=[('model.7.conv.weight', 1179648), ('model.9.cv2.conv.weight', 524288), ('model.8.cv2.conv.weight', 393216), ('model.28.cv1.conv.weight', 393216), ('model.28.cv2.conv.weight', 393216), ('model.5.conv.weight', 294912), ('model.29.cv2.3.0.conv.weight', 294912), ('model.29.one2one_cv2.3.0.conv.weight', 294912), ('model.8.cv1.conv.weight', 262144), ('model.10.cv1.conv.weight', 262144), ('model.10.cv2.conv.weight', 262144), ('model.13.cv1.conv.weight', 196608), ('model.13.m.0.cv1.conv.weight', 147456), ('model.13.m.0.cv2.conv.weight', 147456), ('model.23.conv.weight', 147456), ('model.25.m.0.cv1.conv.weight', 147456), ('model.25.m.0.cv2.conv.weight', 147456), ('model.29.cv2.2.0.conv.weight', 147456), ('model.29.one2one_cv2.2.0.conv.weight', 147456), ('model.6.cv2.conv.weight', 131072)]
Limiting positives to classes (0, 1, 2, 3, 4)
Replay targets limited to previous classes (0, 1, 2, 3)
Limiting positives to classes (0, 1, 2, 3, 4)
Replay targets limited to previous classes (0, 1, 2, 3)
[34m[1mTensorBoard: [0mmodel graph visualization added ✅
Image sizes 640 train, 640 val
Using 8 dataloader workers
Logging results to [1m/home/ddwilde/scriptie/runs/dota_saab/stage3-saab[0m
Starting training for 50 epochs...

      Epoch    GPU_mem   box_loss   cls_loss   dfl_lossreplay_loss  Instances       Size
Limiting positives to classes (0, 1, 2, 3, 4)
Replay targets limited to previous classes (0, 1, 2, 3)
Limiting positives to classes (0, 1, 2, 3, 4)
Replay targets limited to previous classes (0, 1, 2, 3)
Replay tap config not set; GT-driven replay skipped for this batch.
Replay tap config not set; GT-driven replay skipped for this batch.
                   all        186      15849      0.134       0.22      0.141     0.0827
Saved 14813 replay embeddings to /home/ddwilde/scriptie/runs/dota_saab/stage3-saab/replay/buffer.pt
Saved fine prototype sources to /home/ddwilde/scriptie/runs/dota_saab/stage3-saab/replay/buffer_sources.json
Saved 15594 box replay embeddings to /home/ddwilde/scriptie/runs/dota_saab/stage3-saab/replay/box_buffer.pt
Saved fine prototype sources to /home/ddwilde/scriptie/runs/dota_saab/stage3-saab/replay/box_buffer_sources.json

      Epoch    GPU_mem   box_loss   cls_loss   dfl_lossreplay_loss  Instances       Size
                   all        186      15849      0.633      0.153      0.196     0.0906
Saved 15577 replay embeddings to /home/ddwilde/scriptie/runs/dota_saab/stage3-saab/replay/buffer.pt
Saved fine prototype sources to /home/ddwilde/scriptie/runs/dota_saab/stage3-saab/replay/buffer_sources.json
Saved 16362 box replay embeddings to /home/ddwilde/scriptie/runs/dota_saab/stage3-saab/replay/box_buffer.pt
Saved fine prototype sources to /home/ddwilde/scriptie/runs/dota_saab/stage3-saab/replay/box_buffer_sources.json

      Epoch    GPU_mem   box_loss   cls_loss   dfl_lossreplay_loss  Instances       Size
                   all        186      15849      0.112      0.306       0.22      0.107
Saved 16395 replay embeddings to /home/ddwilde/scriptie/runs/dota_saab/stage3-saab/replay/buffer.pt
Saved fine prototype sources to /home/ddwilde/scriptie/runs/dota_saab/stage3-saab/replay/buffer_sources.json
Saved 16820 box replay embeddings to /home/ddwilde/scriptie/runs/dota_saab/stage3-saab/replay/box_buffer.pt
Saved fine prototype sources to /home/ddwilde/scriptie/runs/dota_saab/stage3-saab/replay/box_buffer_sources.json

      Epoch    GPU_mem   box_loss   cls_loss   dfl_lossreplay_loss  Instances       Size
                   all        186      15849      0.534      0.217       0.25      0.115
Saved 16955 replay embeddings to /home/ddwilde/scriptie/runs/dota_saab/stage3-saab/replay/buffer.pt
Saved fine prototype sources to /home/ddwilde/scriptie/runs/dota_saab/stage3-saab/replay/buffer_sources.json
Saved 17115 box replay embeddings to /home/ddwilde/scriptie/runs/dota_saab/stage3-saab/replay/box_buffer.pt
Saved fine prototype sources to /home/ddwilde/scriptie/runs/dota_saab/stage3-saab/replay/box_buffer_sources.json

      Epoch    GPU_mem   box_loss   cls_loss   dfl_lossreplay_loss  Instances       Size
                   all        186      15849       0.19      0.386       0.28      0.138
Saved 17306 replay embeddings to /home/ddwilde/scriptie/runs/dota_saab/stage3-saab/replay/buffer.pt
Saved fine prototype sources to /home/ddwilde/scriptie/runs/dota_saab/stage3-saab/replay/buffer_sources.json
Saved 17319 box replay embeddings to /home/ddwilde/scriptie/runs/dota_saab/stage3-saab/replay/box_buffer.pt
Saved fine prototype sources to /home/ddwilde/scriptie/runs/dota_saab/stage3-saab/replay/box_buffer_sources.json

      Epoch    GPU_mem   box_loss   cls_loss   dfl_lossreplay_loss  Instances       Size
                   all        186      15849      0.185      0.415      0.298      0.149
Saved 17565 replay embeddings to /home/ddwilde/scriptie/runs/dota_saab/stage3-saab/replay/buffer.pt
Saved fine prototype sources to /home/ddwilde/scriptie/runs/dota_saab/stage3-saab/replay/buffer_sources.json
Saved 17723 box replay embeddings to /home/ddwilde/scriptie/runs/dota_saab/stage3-saab/replay/box_buffer.pt
Saved fine prototype sources to /home/ddwilde/scriptie/runs/dota_saab/stage3-saab/replay/box_buffer_sources.json

      Epoch    GPU_mem   box_loss   cls_loss   dfl_lossreplay_loss  Instances       Size
                   all        186      15849      0.174      0.444      0.314      0.161
Saved 17695 replay embeddings to /home/ddwilde/scriptie/runs/dota_saab/stage3-saab/replay/buffer.pt
Saved fine prototype sources to /home/ddwilde/scriptie/runs/dota_saab/stage3-saab/replay/buffer_sources.json
Saved 17974 box replay embeddings to /home/ddwilde/scriptie/runs/dota_saab/stage3-saab/replay/box_buffer.pt
Saved fine prototype sources to /home/ddwilde/scriptie/runs/dota_saab/stage3-saab/replay/box_buffer_sources.json

      Epoch    GPU_mem   box_loss   cls_loss   dfl_lossreplay_loss  Instances       Size
                   all        186      15849      0.179      0.449      0.351      0.175
Saved 17804 replay embeddings to /home/ddwilde/scriptie/runs/dota_saab/stage3-saab/replay/buffer.pt
Saved fine prototype sources to /home/ddwilde/scriptie/runs/dota_saab/stage3-saab/replay/buffer_sources.json
Saved 18000 box replay embeddings to /home/ddwilde/scriptie/runs/dota_saab/stage3-saab/replay/box_buffer.pt
Saved fine prototype sources to /home/ddwilde/scriptie/runs/dota_saab/stage3-saab/replay/box_buffer_sources.json

      Epoch    GPU_mem   box_loss   cls_loss   dfl_lossreplay_loss  Instances       Size
                   all        186      15849      0.382      0.356      0.339      0.168
Saved 17867 replay embeddings to /home/ddwilde/scriptie/runs/dota_saab/stage3-saab/replay/buffer.pt
Saved fine prototype sources to /home/ddwilde/scriptie/runs/dota_saab/stage3-saab/replay/buffer_sources.json
Saved 18124 box replay embeddings to /home/ddwilde/scriptie/runs/dota_saab/stage3-saab/replay/box_buffer.pt
Saved fine prototype sources to /home/ddwilde/scriptie/runs/dota_saab/stage3-saab/replay/box_buffer_sources.json

      Epoch    GPU_mem   box_loss   cls_loss   dfl_lossreplay_loss  Instances       Size
                   all        186      15849      0.194      0.488      0.371      0.193
Saved 17905 replay embeddings to /home/ddwilde/scriptie/runs/dota_saab/stage3-saab/replay/buffer.pt
Saved fine prototype sources to /home/ddwilde/scriptie/runs/dota_saab/stage3-saab/replay/buffer_sources.json
Saved 18142 box replay embeddings to /home/ddwilde/scriptie/runs/dota_saab/stage3-saab/replay/box_buffer.pt
Saved fine prototype sources to /home/ddwilde/scriptie/runs/dota_saab/stage3-saab/replay/box_buffer_sources.json

      Epoch    GPU_mem   box_loss   cls_loss   dfl_lossreplay_loss  Instances       Size
                   all        186      15849      0.399      0.337      0.336      0.175
Saved 17924 replay embeddings to /home/ddwilde/scriptie/runs/dota_saab/stage3-saab/replay/buffer.pt
Saved fine prototype sources to /home/ddwilde/scriptie/runs/dota_saab/stage3-saab/replay/buffer_sources.json
Saved 18175 box replay embeddings to /home/ddwilde/scriptie/runs/dota_saab/stage3-saab/replay/box_buffer.pt
Saved fine prototype sources to /home/ddwilde/scriptie/runs/dota_saab/stage3-saab/replay/box_buffer_sources.json

      Epoch    GPU_mem   box_loss   cls_loss   dfl_lossreplay_loss  Instances       Size
                   all        186      15849      0.201       0.48      0.361      0.183
Saved 17958 replay embeddings to /home/ddwilde/scriptie/runs/dota_saab/stage3-saab/replay/buffer.pt
Saved fine prototype sources to /home/ddwilde/scriptie/runs/dota_saab/stage3-saab/replay/buffer_sources.json
Saved 18201 box replay embeddings to /home/ddwilde/scriptie/runs/dota_saab/stage3-saab/replay/box_buffer.pt
Saved fine prototype sources to /home/ddwilde/scriptie/runs/dota_saab/stage3-saab/replay/box_buffer_sources.json

      Epoch    GPU_mem   box_loss   cls_loss   dfl_lossreplay_loss  Instances       Size
                   all        186      15849      0.161      0.448      0.326      0.166
Saved 18015 replay embeddings to /home/ddwilde/scriptie/runs/dota_saab/stage3-saab/replay/buffer.pt
Saved fine prototype sources to /home/ddwilde/scriptie/runs/dota_saab/stage3-saab/replay/buffer_sources.json
Saved 18236 box replay embeddings to /home/ddwilde/scriptie/runs/dota_saab/stage3-saab/replay/box_buffer.pt
Saved fine prototype sources to /home/ddwilde/scriptie/runs/dota_saab/stage3-saab/replay/box_buffer_sources.json

      Epoch    GPU_mem   box_loss   cls_loss   dfl_lossreplay_loss  Instances       Size
                   all        186      15849      0.528      0.409      0.367      0.191
Saved 18089 replay embeddings to /home/ddwilde/scriptie/runs/dota_saab/stage3-saab/replay/buffer.pt
Saved fine prototype sources to /home/ddwilde/scriptie/runs/dota_saab/stage3-saab/replay/buffer_sources.json
Saved 18250 box replay embeddings to /home/ddwilde/scriptie/runs/dota_saab/stage3-saab/replay/box_buffer.pt
Saved fine prototype sources to /home/ddwilde/scriptie/runs/dota_saab/stage3-saab/replay/box_buffer_sources.json

      Epoch    GPU_mem   box_loss   cls_loss   dfl_lossreplay_loss  Instances       Size
                   all        186      15849      0.181      0.495      0.372      0.188
Saved 18115 replay embeddings to /home/ddwilde/scriptie/runs/dota_saab/stage3-saab/replay/buffer.pt
Saved fine prototype sources to /home/ddwilde/scriptie/runs/dota_saab/stage3-saab/replay/buffer_sources.json
Saved 18288 box replay embeddings to /home/ddwilde/scriptie/runs/dota_saab/stage3-saab/replay/box_buffer.pt
Saved fine prototype sources to /home/ddwilde/scriptie/runs/dota_saab/stage3-saab/replay/box_buffer_sources.json

      Epoch    GPU_mem   box_loss   cls_loss   dfl_lossreplay_loss  Instances       Size
                   all        186      15849      0.561      0.362      0.345      0.177
Saved 18203 replay embeddings to /home/ddwilde/scriptie/runs/dota_saab/stage3-saab/replay/buffer.pt
Saved fine prototype sources to /home/ddwilde/scriptie/runs/dota_saab/stage3-saab/replay/buffer_sources.json
Saved 18326 box replay embeddings to /home/ddwilde/scriptie/runs/dota_saab/stage3-saab/replay/box_buffer.pt
Saved fine prototype sources to /home/ddwilde/scriptie/runs/dota_saab/stage3-saab/replay/box_buffer_sources.json

      Epoch    GPU_mem   box_loss   cls_loss   dfl_lossreplay_loss  Instances       Size
                   all        186      15849        0.2      0.508      0.384      0.195
Saved 18227 replay embeddings to /home/ddwilde/scriptie/runs/dota_saab/stage3-saab/replay/buffer.pt
Saved fine prototype sources to /home/ddwilde/scriptie/runs/dota_saab/stage3-saab/replay/buffer_sources.json
Saved 18423 box replay embeddings to /home/ddwilde/scriptie/runs/dota_saab/stage3-saab/replay/box_buffer.pt
Saved fine prototype sources to /home/ddwilde/scriptie/runs/dota_saab/stage3-saab/replay/box_buffer_sources.json

      Epoch    GPU_mem   box_loss   cls_loss   dfl_lossreplay_loss  Instances       Size
                   all        186      15849      0.634      0.351      0.406      0.201
Saved 18247 replay embeddings to /home/ddwilde/scriptie/runs/dota_saab/stage3-saab/replay/buffer.pt
Saved fine prototype sources to /home/ddwilde/scriptie/runs/dota_saab/stage3-saab/replay/buffer_sources.json
Saved 18447 box replay embeddings to /home/ddwilde/scriptie/runs/dota_saab/stage3-saab/replay/box_buffer.pt
Saved fine prototype sources to /home/ddwilde/scriptie/runs/dota_saab/stage3-saab/replay/box_buffer_sources.json

      Epoch    GPU_mem   box_loss   cls_loss   dfl_lossreplay_loss  Instances       Size
                   all        186      15849      0.241      0.452      0.363      0.184
Saved 18282 replay embeddings to /home/ddwilde/scriptie/runs/dota_saab/stage3-saab/replay/buffer.pt
Saved fine prototype sources to /home/ddwilde/scriptie/runs/dota_saab/stage3-saab/replay/buffer_sources.json
Saved 18468 box replay embeddings to /home/ddwilde/scriptie/runs/dota_saab/stage3-saab/replay/box_buffer.pt
Saved fine prototype sources to /home/ddwilde/scriptie/runs/dota_saab/stage3-saab/replay/box_buffer_sources.json

      Epoch    GPU_mem   box_loss   cls_loss   dfl_lossreplay_loss  Instances       Size
                   all        186      15849      0.204      0.509      0.376      0.198
Saved 18312 replay embeddings to /home/ddwilde/scriptie/runs/dota_saab/stage3-saab/replay/buffer.pt
Saved fine prototype sources to /home/ddwilde/scriptie/runs/dota_saab/stage3-saab/replay/buffer_sources.json
Saved 18547 box replay embeddings to /home/ddwilde/scriptie/runs/dota_saab/stage3-saab/replay/box_buffer.pt
Saved fine prototype sources to /home/ddwilde/scriptie/runs/dota_saab/stage3-saab/replay/box_buffer_sources.json

      Epoch    GPU_mem   box_loss   cls_loss   dfl_lossreplay_loss  Instances       Size
                   all        186      15849      0.664      0.329      0.391      0.199
Saved 18334 replay embeddings to /home/ddwilde/scriptie/runs/dota_saab/stage3-saab/replay/buffer.pt
Saved fine prototype sources to /home/ddwilde/scriptie/runs/dota_saab/stage3-saab/replay/buffer_sources.json
Saved 18617 box replay embeddings to /home/ddwilde/scriptie/runs/dota_saab/stage3-saab/replay/box_buffer.pt
Saved fine prototype sources to /home/ddwilde/scriptie/runs/dota_saab/stage3-saab/replay/box_buffer_sources.json

      Epoch    GPU_mem   box_loss   cls_loss   dfl_lossreplay_loss  Instances       Size
                   all        186      15849      0.234      0.501      0.406      0.215
Saved 18338 replay embeddings to /home/ddwilde/scriptie/runs/dota_saab/stage3-saab/replay/buffer.pt
Saved fine prototype sources to /home/ddwilde/scriptie/runs/dota_saab/stage3-saab/replay/buffer_sources.json
Saved 18623 box replay embeddings to /home/ddwilde/scriptie/runs/dota_saab/stage3-saab/replay/box_buffer.pt
Saved fine prototype sources to /home/ddwilde/scriptie/runs/dota_saab/stage3-saab/replay/box_buffer_sources.json

      Epoch    GPU_mem   box_loss   cls_loss   dfl_lossreplay_loss  Instances       Size
                   all        186      15849      0.212      0.509      0.393      0.208
Saved 18343 replay embeddings to /home/ddwilde/scriptie/runs/dota_saab/stage3-saab/replay/buffer.pt
Saved fine prototype sources to /home/ddwilde/scriptie/runs/dota_saab/stage3-saab/replay/buffer_sources.json
Saved 18634 box replay embeddings to /home/ddwilde/scriptie/runs/dota_saab/stage3-saab/replay/box_buffer.pt
Saved fine prototype sources to /home/ddwilde/scriptie/runs/dota_saab/stage3-saab/replay/box_buffer_sources.json

      Epoch    GPU_mem   box_loss   cls_loss   dfl_lossreplay_loss  Instances       Size
                   all        186      15849      0.215      0.512      0.391      0.206
Saved 18351 replay embeddings to /home/ddwilde/scriptie/runs/dota_saab/stage3-saab/replay/buffer.pt
Saved fine prototype sources to /home/ddwilde/scriptie/runs/dota_saab/stage3-saab/replay/buffer_sources.json
Saved 18548 box replay embeddings to /home/ddwilde/scriptie/runs/dota_saab/stage3-saab/replay/box_buffer.pt
Saved fine prototype sources to /home/ddwilde/scriptie/runs/dota_saab/stage3-saab/replay/box_buffer_sources.json

      Epoch    GPU_mem   box_loss   cls_loss   dfl_lossreplay_loss  Instances       Size
                   all        186      15849      0.243      0.432      0.351      0.179
Saved 18353 replay embeddings to /home/ddwilde/scriptie/runs/dota_saab/stage3-saab/replay/buffer.pt
Saved fine prototype sources to /home/ddwilde/scriptie/runs/dota_saab/stage3-saab/replay/buffer_sources.json
Saved 18426 box replay embeddings to /home/ddwilde/scriptie/runs/dota_saab/stage3-saab/replay/box_buffer.pt
Saved fine prototype sources to /home/ddwilde/scriptie/runs/dota_saab/stage3-saab/replay/box_buffer_sources.json

      Epoch    GPU_mem   box_loss   cls_loss   dfl_lossreplay_loss  Instances       Size
                   all        186      15849      0.341      0.455      0.409       0.21
Saved 18381 replay embeddings to /home/ddwilde/scriptie/runs/dota_saab/stage3-saab/replay/buffer.pt
Saved fine prototype sources to /home/ddwilde/scriptie/runs/dota_saab/stage3-saab/replay/buffer_sources.json
Saved 18442 box replay embeddings to /home/ddwilde/scriptie/runs/dota_saab/stage3-saab/replay/box_buffer.pt
Saved fine prototype sources to /home/ddwilde/scriptie/runs/dota_saab/stage3-saab/replay/box_buffer_sources.json

      Epoch    GPU_mem   box_loss   cls_loss   dfl_lossreplay_loss  Instances       Size
                   all        186      15849      0.216      0.519      0.406       0.21
Saved 18277 replay embeddings to /home/ddwilde/scriptie/runs/dota_saab/stage3-saab/replay/buffer.pt
Saved fine prototype sources to /home/ddwilde/scriptie/runs/dota_saab/stage3-saab/replay/buffer_sources.json
Saved 18466 box replay embeddings to /home/ddwilde/scriptie/runs/dota_saab/stage3-saab/replay/box_buffer.pt
Saved fine prototype sources to /home/ddwilde/scriptie/runs/dota_saab/stage3-saab/replay/box_buffer_sources.json

      Epoch    GPU_mem   box_loss   cls_loss   dfl_lossreplay_loss  Instances       Size
                   all        186      15849      0.225      0.516      0.409      0.215
Saved 18333 replay embeddings to /home/ddwilde/scriptie/runs/dota_saab/stage3-saab/replay/buffer.pt
Saved fine prototype sources to /home/ddwilde/scriptie/runs/dota_saab/stage3-saab/replay/buffer_sources.json
Saved 18717 box replay embeddings to /home/ddwilde/scriptie/runs/dota_saab/stage3-saab/replay/box_buffer.pt
Saved fine prototype sources to /home/ddwilde/scriptie/runs/dota_saab/stage3-saab/replay/box_buffer_sources.json

      Epoch    GPU_mem   box_loss   cls_loss   dfl_lossreplay_loss  Instances       Size
                   all        186      15849      0.706      0.304      0.397      0.206
Saved 18366 replay embeddings to /home/ddwilde/scriptie/runs/dota_saab/stage3-saab/replay/buffer.pt
Saved fine prototype sources to /home/ddwilde/scriptie/runs/dota_saab/stage3-saab/replay/buffer_sources.json
Saved 18682 box replay embeddings to /home/ddwilde/scriptie/runs/dota_saab/stage3-saab/replay/box_buffer.pt
Saved fine prototype sources to /home/ddwilde/scriptie/runs/dota_saab/stage3-saab/replay/box_buffer_sources.json

      Epoch    GPU_mem   box_loss   cls_loss   dfl_lossreplay_loss  Instances       Size
                   all        186      15849        0.7       0.31      0.386      0.203
Saved 18446 replay embeddings to /home/ddwilde/scriptie/runs/dota_saab/stage3-saab/replay/buffer.pt
Saved fine prototype sources to /home/ddwilde/scriptie/runs/dota_saab/stage3-saab/replay/buffer_sources.json
Saved 18636 box replay embeddings to /home/ddwilde/scriptie/runs/dota_saab/stage3-saab/replay/box_buffer.pt
Saved fine prototype sources to /home/ddwilde/scriptie/runs/dota_saab/stage3-saab/replay/box_buffer_sources.json

      Epoch    GPU_mem   box_loss   cls_loss   dfl_lossreplay_loss  Instances       Size
                   all        186      15849      0.677      0.315      0.381      0.199
Saved 18458 replay embeddings to /home/ddwilde/scriptie/runs/dota_saab/stage3-saab/replay/buffer.pt
Saved fine prototype sources to /home/ddwilde/scriptie/runs/dota_saab/stage3-saab/replay/buffer_sources.json
Saved 18638 box replay embeddings to /home/ddwilde/scriptie/runs/dota_saab/stage3-saab/replay/box_buffer.pt
Saved fine prototype sources to /home/ddwilde/scriptie/runs/dota_saab/stage3-saab/replay/box_buffer_sources.json

      Epoch    GPU_mem   box_loss   cls_loss   dfl_lossreplay_loss  Instances       Size
                   all        186      15849      0.487       0.32      0.396      0.202
Saved 18472 replay embeddings to /home/ddwilde/scriptie/runs/dota_saab/stage3-saab/replay/buffer.pt
Saved fine prototype sources to /home/ddwilde/scriptie/runs/dota_saab/stage3-saab/replay/buffer_sources.json
Saved 18530 box replay embeddings to /home/ddwilde/scriptie/runs/dota_saab/stage3-saab/replay/box_buffer.pt
Saved fine prototype sources to /home/ddwilde/scriptie/runs/dota_saab/stage3-saab/replay/box_buffer_sources.json

      Epoch    GPU_mem   box_loss   cls_loss   dfl_lossreplay_loss  Instances       Size
                   all        186      15849      0.449      0.363      0.395      0.199
Saved 18509 replay embeddings to /home/ddwilde/scriptie/runs/dota_saab/stage3-saab/replay/buffer.pt
Saved fine prototype sources to /home/ddwilde/scriptie/runs/dota_saab/stage3-saab/replay/buffer_sources.json
Saved 18558 box replay embeddings to /home/ddwilde/scriptie/runs/dota_saab/stage3-saab/replay/box_buffer.pt
Saved fine prototype sources to /home/ddwilde/scriptie/runs/dota_saab/stage3-saab/replay/box_buffer_sources.json

      Epoch    GPU_mem   box_loss   cls_loss   dfl_lossreplay_loss  Instances       Size
                   all        186      15849      0.358      0.413      0.382      0.201
Saved 18547 replay embeddings to /home/ddwilde/scriptie/runs/dota_saab/stage3-saab/replay/buffer.pt
Saved fine prototype sources to /home/ddwilde/scriptie/runs/dota_saab/stage3-saab/replay/buffer_sources.json
Saved 18561 box replay embeddings to /home/ddwilde/scriptie/runs/dota_saab/stage3-saab/replay/box_buffer.pt
Saved fine prototype sources to /home/ddwilde/scriptie/runs/dota_saab/stage3-saab/replay/box_buffer_sources.json

      Epoch    GPU_mem   box_loss   cls_loss   dfl_lossreplay_loss  Instances       Size
