2 0.482249 0.178202 0.008208 0.023336
2 0.521283 0.231769 0.008589 0.020684
2 0.520281 0.209361 0.009639 0.023071
2 0.520328 0.186820 0.010689 0.027314
2 0.492508 0.237735 0.009448 0.026783
2 0.494465 0.214134 0.009735 0.026783
2 0.492938 0.193450 0.008589 0.020949
2 0.492556 0.166932 0.011262 0.028905
2 0.455335 0.108724 0.009544 0.027579
2 0.557692 0.094405 0.008876 0.024927
2 0.461538 0.174490 0.009735 0.029170
2 0.460155 0.194909 0.010403 0.026518
2 0.461014 0.215062 0.007158 0.019623
2 0.461061 0.235084 0.009544 0.026253
2 0.470176 0.269557 0.009067 0.020419
2 0.469937 0.494033 0.009735 0.024397
2 0.471416 0.529435 0.016129 0.043755
2 0.550487 0.250199 0.010116 0.022540
2 0.575014 0.166799 0.010116 0.028109
2 0.469985 0.559931 0.009830 0.024662
2 0.546526 0.558473 0.006967 0.025988
2 0.577448 0.570141 0.009448 0.023336
2 0.578402 0.596659 0.012502 0.030231
2 0.559219 0.599178 0.010594 0.032087
2 0.536935 0.583930 0.011071 0.026518
2 0.536123 0.606338 0.011166 0.028374
2 0.513743 0.579952 0.007253 0.015911
2 0.514029 0.557147 0.008971 0.022806
2 0.544951 0.507823 0.012598 0.037125
2 0.597204 0.153673 0.010785 0.028374
2 0.554543 0.472819 0.009448 0.022806
2 0.567713 0.260541 0.009257 0.025723
2 0.605364 0.236542 0.007635 0.021745
2 0.574155 0.241846 0.007826 0.019623
2 0.600258 0.197295 0.007921 0.021745
2 0.576828 0.208433 0.007635 0.021745
2 0.596536 0.175815 0.007730 0.018032
2 0.492985 0.525723 0.009830 0.022540
2 0.494465 0.569080 0.009544 0.021215
2 0.190876 0.673429 0.014125 0.037391
2 0.374928 0.520021 0.017274 0.047202
2 0.338662 0.546142 0.010403 0.028905
2 0.390246 0.720233 0.016415 0.038717
2 0.289177 0.696102 0.015652 0.049324
2 0.186343 0.284673 0.015556 0.041103
2 0.231151 0.707902 0.016606 0.047468
2 0.224804 0.756828 0.008876 0.018032
2 0.126217 0.393397 0.008494 0.025192
2 0.385856 0.289181 0.015079 0.046937
2 0.108274 0.597056 0.018420 0.053832
2 0.084367 0.605012 0.015079 0.043755
2 0.050010 0.700080 0.015843 0.046142
2 0.044617 0.655396 0.016320 0.047998
2 0.036028 0.612437 0.016702 0.039512
2 0.100544 0.235746 0.014411 0.036595
2 0.102835 0.346858 0.008494 0.021745
2 0.389292 0.414346 0.013552 0.037921
2 0.366816 0.237205 0.013266 0.036330
2 0.495085 0.590560 0.010785 0.027579
2 0.413485 0.617078 0.015556 0.048263
2 0.517083 0.607399 0.017751 0.047468
2 0.486305 0.617475 0.012884 0.034739
2 0.505631 0.625829 0.008017 0.026518
2 0.518133 0.693317 0.008208 0.021480
2 0.475616 0.702466 0.006013 0.015381
2 0.441115 0.721692 0.006872 0.023071
2 0.439445 0.610713 0.014984 0.039777
2 0.439492 0.571997 0.013170 0.036065
2 0.434005 0.189340 0.018801 0.047733
2 0.413819 0.570538 0.013934 0.037391
2 0.438824 0.532883 0.015461 0.038982
2 0.437440 0.495094 0.013839 0.037125
2 0.409382 0.478785 0.015938 0.049589
2 0.432478 0.303633 0.015938 0.037656
2 0.431189 0.265049 0.016224 0.040042
2 0.404085 0.273667 0.017179 0.042429
2 0.589091 0.559268 0.008494 0.025457
2 0.603121 0.591488 0.016320 0.045876
2 0.617723 0.581411 0.008876 0.028374
2 0.599494 0.564041 0.009257 0.023866
2 0.670882 0.952665 0.004676 0.015115
2 0.714974 0.501458 0.008494 0.020154
2 0.728383 0.526783 0.007444 0.023071
2 0.704142 0.549854 0.006108 0.017237
2 0.725759 0.599443 0.010403 0.026783
2 0.686295 0.949881 0.004581 0.013259
2 0.681237 0.949483 0.005154 0.017237
2 0.675845 0.951472 0.005058 0.016972
2 0.642918 0.587112 0.007158 0.018563
2 0.643014 0.572527 0.007349 0.019623
2 0.643157 0.531291 0.008399 0.021480
2 0.642107 0.495227 0.008780 0.022540
2 0.619345 0.451472 0.010212 0.024662
2 0.575205 0.463538 0.008017 0.021215
2 0.619345 0.545213 0.013457 0.036065
2 0.598253 0.536197 0.009448 0.025457
2 0.715642 0.466720 0.007921 0.018563
2 0.715213 0.443119 0.007635 0.019093
2 0.742508 0.420976 0.006490 0.022540
2 0.767895 0.592681 0.014125 0.037656
2 0.910002 0.977592 0.018515 0.028374
2 0.799055 0.971095 0.009257 0.014320
2 0.867103 0.972819 0.015366 0.024662
2 0.831647 0.931716 0.013170 0.029435
2 0.917971 0.866083 0.015366 0.043490
2 0.842527 0.578626 0.007826 0.018563
2 0.911672 0.661496 0.010403 0.023601
2 0.938681 0.602360 0.011166 0.028374
2 0.903942 0.607133 0.010021 0.020949
2 0.875310 0.571732 0.010212 0.024397
2 0.878507 0.503580 0.008208 0.018563
2 0.906041 0.479316 0.003149 0.010872
2 0.939206 0.456643 0.008208 0.027579
2 0.075157 0.240652 0.013648 0.035800
0 0.781256 0.098117 0.000573 0.003182
0 0.460298 0.347123 0.000382 0.002652
0 0.465642 0.308141 0.001145 0.002121
0 0.464927 0.311058 0.001050 0.002652
0 0.463447 0.313180 0.000954 0.002652
0 0.462111 0.316097 0.000954 0.003182
0 0.461014 0.319411 0.000668 0.002917
0 0.462779 0.335853 0.000382 0.003978
0 0.462111 0.335455 0.000573 0.003182
0 0.460202 0.342350 0.000573 0.003182
0 0.467265 0.311323 0.000954 0.001591
0 0.460202 0.336913 0.000764 0.002917
0 0.459343 0.336118 0.000573 0.002917
0 0.459868 0.332405 0.000477 0.002917
0 0.459773 0.327897 0.000477 0.002917
0 0.459391 0.325643 0.000668 0.003713
0 0.459868 0.321798 0.000477 0.002917
0 0.460584 0.317688 0.000954 0.003713
0 0.466597 0.309732 0.001336 0.002652
0 0.468792 0.306683 0.000954 0.001856
0 0.462397 0.309069 0.000764 0.002387
0 0.470223 0.308539 0.001145 0.001326
0 0.476761 0.302440 0.001050 0.001326
0 0.475186 0.302572 0.000954 0.001061
0 0.473707 0.306683 0.001050 0.001326
0 0.471893 0.313312 0.001050 0.001856
0 0.471798 0.309997 0.000859 0.001591
0 0.472275 0.308274 0.000859 0.001856
0 0.471989 0.306683 0.001050 0.001326
0 0.469221 0.310395 0.000859 0.001856
0 0.471225 0.305091 0.001050 0.001326
0 0.468601 0.308671 0.000954 0.001591
0 0.463209 0.320339 0.000668 0.003182
0 0.462445 0.318218 0.000859 0.002652
0 0.463352 0.315566 0.000954 0.003182
0 0.451040 0.321268 0.001336 0.003447
0 0.451517 0.319942 0.001527 0.003447
0 0.451995 0.318616 0.001145 0.002917
0 0.461586 0.314771 0.001241 0.003182
0 0.487593 0.259082 0.001145 0.002121
0 0.477572 0.305754 0.001145 0.001591
0 0.404991 0.326306 0.000668 0.003447
0 0.431141 0.240255 0.001241 0.001591
0 0.431428 0.236144 0.001241 0.001326
0 0.400792 0.251525 0.001432 0.001856
0 0.438872 0.283081 0.000668 0.003447
0 0.428708 0.277247 0.001145 0.002387
0 0.422743 0.299523 0.001241 0.001856
0 0.402749 0.326173 0.000764 0.002652
0 0.407616 0.324317 0.000954 0.003182
0 0.432716 0.204720 0.001909 0.002652
0 0.407473 0.328958 0.001050 0.003447
0 0.429614 0.324052 0.001050 0.003713
0 0.430664 0.322991 0.001241 0.003713
0 0.431285 0.321400 0.001336 0.004243
0 0.432048 0.320870 0.000954 0.003182
0 0.429758 0.317688 0.000954 0.002652
0 0.429376 0.319279 0.000954 0.002652
0 0.434052 0.239592 0.001336 0.002387
0 0.432191 0.202334 0.001050 0.001591
0 0.485159 0.222487 0.000477 0.003182
0 0.471082 0.224741 0.000954 0.002387
0 0.486734 0.223681 0.000954 0.002917
0 0.487879 0.226995 0.000954 0.003182
0 0.473611 0.239724 0.001050 0.001591
0 0.470271 0.228984 0.001050 0.002387
0 0.470605 0.227393 0.001336 0.002917
0 0.470748 0.225935 0.001050 0.002652
0 0.471893 0.226598 0.001050 0.002387
0 0.471703 0.224078 0.001050 0.003182
0 0.440494 0.191859 0.000668 0.003447
0 0.468028 0.216388 0.001145 0.002652
0 0.467742 0.218112 0.001527 0.003447
0 0.502815 0.110581 0.001241 0.001591
0 0.482392 0.115089 0.001050 0.001591
0 0.439349 0.126757 0.001241 0.001591
0 0.413104 0.132856 0.001241 0.002121
0 0.408523 0.133386 0.001241 0.001591
0 0.478956 0.305489 0.001050 0.001591
0 0.478670 0.308671 0.001050 0.001591
0 0.477143 0.355078 0.000668 0.003182
0 0.510880 0.297932 0.000954 0.001326
0 0.509687 0.302042 0.001050 0.001591
0 0.512932 0.299257 0.001241 0.001326
0 0.512121 0.301512 0.001145 0.001591
0 0.512407 0.297799 0.001145 0.001591
0 0.510880 0.299655 0.000954 0.001591
0 0.501861 0.275789 0.000668 0.003182
0 0.500811 0.276054 0.000668 0.003713
0 0.509687 0.298595 0.001241 0.001591
0 0.512598 0.324848 0.000954 0.003182
0 0.508208 0.298992 0.001145 0.001856
0 0.508065 0.300583 0.001432 0.001856
0 0.506156 0.302705 0.001050 0.001856
0 0.506156 0.300981 0.000859 0.001591
0 0.506299 0.299257 0.000954 0.001856
0 0.504581 0.301246 0.000954 0.001591
0 0.504915 0.299788 0.001050 0.001326
0 0.500764 0.310263 0.000954 0.002121
0 0.511691 0.324715 0.001050 0.002387
0 0.503149 0.300053 0.000954 0.001326
0 0.469126 0.350835 0.001050 0.001591
0 0.475472 0.355476 0.000764 0.003447
0 0.474327 0.355874 0.000764 0.003713
0 0.473802 0.356006 0.000668 0.002917
0 0.472848 0.355874 0.000477 0.003182
0 0.472323 0.356139 0.000764 0.003182
0 0.471703 0.356272 0.000668 0.003447
0 0.469078 0.352294 0.000954 0.001326
0 0.469269 0.348979 0.000954 0.001591
0 0.511882 0.333068 0.001050 0.003182
0 0.466931 0.353089 0.001241 0.001856
0 0.460393 0.354018 0.000954 0.002652
0 0.459248 0.346195 0.000954 0.003447
0 0.495944 0.326571 0.001050 0.001856
0 0.509353 0.328693 0.001145 0.002387
0 0.509257 0.327102 0.001145 0.002917
0 0.509162 0.325378 0.001145 0.001591
0 0.503102 0.301379 0.000859 0.001326
0 0.501861 0.301909 0.000859 0.001856
0 0.475997 0.304429 0.001050 0.001591
0 0.482201 0.304694 0.001241 0.001591
0 0.485398 0.305887 0.000954 0.001326
0 0.485398 0.303500 0.000954 0.001856
0 0.487164 0.306948 0.000859 0.001326
0 0.487164 0.304959 0.000859 0.001591
0 0.487211 0.303766 0.000954 0.001326
0 0.484921 0.300318 0.000954 0.001326
0 0.480912 0.301909 0.001145 0.001856
0 0.478717 0.303766 0.000954 0.001856
0 0.483060 0.305622 0.000859 0.001856
0 0.478622 0.315168 0.000954 0.001856
0 0.473993 0.314108 0.000859 0.001856
0 0.474613 0.312119 0.000954 0.001591
0 0.474327 0.309732 0.000954 0.001591
0 0.474136 0.308274 0.001145 0.001856
0 0.475520 0.307743 0.000859 0.001326
0 0.475950 0.305887 0.000954 0.001326
0 0.484300 0.307478 0.000859 0.001856
0 0.483728 0.303766 0.001050 0.001856
0 0.501718 0.300186 0.000954 0.001591
0 0.499380 0.300981 0.001050 0.001591
0 0.494274 0.310130 0.000954 0.001326
0 0.490504 0.310793 0.001241 0.002121
0 0.483632 0.310395 0.001813 0.002387
0 0.489406 0.306550 0.001145 0.001591
0 0.489406 0.304429 0.001145 0.001591
0 0.501861 0.303633 0.001622 0.001591
0 0.499046 0.302837 0.000954 0.002652
0 0.497948 0.301379 0.001050 0.002387
0 0.488929 0.299523 0.001336 0.001856
0 0.496994 0.300981 0.000859 0.001591
0 0.494894 0.301644 0.001050 0.001326
0 0.493462 0.301512 0.001050 0.002652
0 0.491840 0.304429 0.000859 0.001591
0 0.492079 0.302440 0.000954 0.001856
0 0.490504 0.302970 0.000859 0.001326
0 0.489072 0.302970 0.001050 0.001856
0 0.428469 0.325643 0.000859 0.003182
0 0.427849 0.324185 0.000954 0.002917
0 0.442069 0.444312 0.001145 0.001856
0 0.221989 0.353620 0.000382 0.002917
0 0.221798 0.326041 0.000573 0.002917
1 0.250477 0.333068 0.000859 0.007425
0 0.249046 0.347918 0.000668 0.004243
0 0.226140 0.353487 0.000668 0.003182
0 0.225425 0.353885 0.000573 0.002917
0 0.223182 0.354018 0.000477 0.002652
0 0.222562 0.354150 0.000573 0.003447
0 0.221464 0.353752 0.000477 0.003182
0 0.222848 0.325643 0.000382 0.002652
0 0.222705 0.341952 0.001050 0.001326
0 0.219985 0.346592 0.000573 0.002652
0 0.220032 0.352294 0.000859 0.003978
0 0.255058 0.362636 0.001050 0.003447
0 0.257349 0.373774 0.000668 0.003447
0 0.257301 0.377884 0.000573 0.002652
0 0.257587 0.383187 0.000573 0.003182
0 0.222323 0.325908 0.000477 0.002652
0 0.223516 0.325908 0.000573 0.002652
0 0.260689 0.378679 0.000668 0.003182
0 0.256013 0.310528 0.000668 0.003713
0 0.249236 0.291700 0.000668 0.002652
0 0.248568 0.291700 0.000477 0.002652
0 0.247996 0.291700 0.000668 0.002652
0 0.247423 0.291832 0.000477 0.002387
0 0.240456 0.302837 0.000477 0.003713
0 0.239693 0.303368 0.000477 0.003182
0 0.244321 0.292495 0.000573 0.003182
0 0.253627 0.293821 0.000668 0.003182
0 0.224470 0.325510 0.000764 0.003447
0 0.255010 0.294882 0.000573 0.003713
0 0.252481 0.293026 0.001241 0.001591
0 0.252481 0.294749 0.001432 0.001326
0 0.213113 0.323124 0.001145 0.001856
0 0.229099 0.326041 0.000668 0.002917
0 0.228479 0.326041 0.000573 0.002917
0 0.227811 0.326704 0.000764 0.003182
0 0.257492 0.387165 0.000573 0.002652
0 0.262407 0.361045 0.001241 0.001856
0 0.440542 0.444577 0.001145 0.001856
1 0.270137 0.642800 0.000859 0.006364
0 0.252434 0.506630 0.001145 0.001856
0 0.251336 0.513922 0.001050 0.002121
0 0.251861 0.530231 0.000954 0.001856
0 0.251718 0.528507 0.000859 0.001591
0 0.253388 0.541766 0.001718 0.001591
0 0.253531 0.555821 0.001241 0.001591
1 0.270519 0.654336 0.001050 0.006630
1 0.269565 0.632723 0.000859 0.006895
0 0.245753 0.510607 0.000573 0.003447
1 0.268229 0.615089 0.000859 0.006630
1 0.268658 0.606603 0.000764 0.006099
0 0.271617 0.679528 0.000764 0.002917
0 0.195553 0.885574 0.001336 0.002917
0 0.189111 0.874702 0.001432 0.001856
0 0.196650 0.881066 0.001050 0.003447
1 0.178755 0.876425 0.002100 0.010077
0 0.255297 0.517104 0.001145 0.001591
0 0.246278 0.509016 0.000477 0.003447
0 0.266797 0.399098 0.000668 0.003182
0 0.265890 0.406523 0.000573 0.003182
0 0.268849 0.398701 0.000573 0.003447
0 0.269469 0.398701 0.000668 0.003447
0 0.269565 0.405861 0.000477 0.003447
0 0.268563 0.406126 0.000573 0.002917
0 0.267895 0.406391 0.000573 0.003447
0 0.267179 0.406391 0.000668 0.003447
0 0.266463 0.406391 0.000573 0.003447
0 0.265366 0.406391 0.000477 0.002917
0 0.248616 0.509281 0.000573 0.003447
0 0.251002 0.434765 0.001145 0.001326
0 0.249332 0.435561 0.001432 0.001856
0 0.261643 0.506630 0.001241 0.001326
0 0.261643 0.502387 0.001050 0.001326
0 0.259878 0.479316 0.000382 0.002917
0 0.260355 0.478918 0.000573 0.002652
0 0.259830 0.476134 0.000477 0.002917
0 0.250811 0.282286 0.000573 0.002917
0 0.249571 0.283612 0.000573 0.003447
0 0.248425 0.284142 0.000382 0.002917
0 0.362569 0.705516 0.001336 0.001856
0 0.447843 0.685362 0.001241 0.002387
0 0.411433 0.684699 0.000573 0.002652
0 0.413295 0.691063 0.000668 0.003182
0 0.411672 0.693715 0.002004 0.002121
0 0.409763 0.693185 0.001432 0.002652
0 0.407998 0.694909 0.001909 0.001856
0 0.405803 0.694776 0.001145 0.001591
0 0.372447 0.703660 0.001241 0.001856
0 0.451183 0.681384 0.000859 0.002917
0 0.354314 0.638557 0.001050 0.003713
0 0.322294 0.658446 0.001145 0.001591
0 0.331027 0.613630 0.001241 0.003182
0 0.320863 0.400027 0.001527 0.002387
0 0.312894 0.389817 0.000477 0.003713
0 0.315614 0.352957 0.001145 0.001591
0 0.315614 0.354813 0.001145 0.001591
0 0.451136 0.684699 0.001145 0.001591
0 0.439683 0.632193 0.001145 0.002121
0 0.247805 0.284142 0.000668 0.003447
0 0.436868 0.507027 0.001241 0.002121
0 0.411099 0.463405 0.001241 0.003447
0 0.408713 0.456245 0.001241 0.001326
0 0.409906 0.453195 0.001336 0.002121
0 0.404610 0.461681 0.001432 0.003182
0 0.402939 0.460488 0.000573 0.003978
0 0.410861 0.499602 0.001145 0.003713
0 0.411624 0.502519 0.001145 0.003713
0 0.435054 0.510077 0.001241 0.002917
0 0.404705 0.612172 0.000668 0.003447
0 0.402176 0.524132 0.000764 0.004508
0 0.437154 0.552241 0.000477 0.002917
0 0.437059 0.586582 0.001241 0.002652
0 0.434052 0.623044 0.000573 0.002917
0 0.429185 0.630204 0.000573 0.002917
0 0.435102 0.622381 0.000954 0.003713
0 0.420834 0.608062 0.000859 0.003713
0 0.315518 0.356935 0.001336 0.001591
0 0.248139 0.294749 0.000573 0.003447
0 0.254056 0.251127 0.001145 0.001591
0 0.253674 0.238266 0.000954 0.001326
0 0.266272 0.224874 0.000573 0.003713
0 0.266224 0.228719 0.000668 0.003447
0 0.265031 0.228852 0.000573 0.003182
0 0.263314 0.229382 0.000573 0.003713
0 0.254295 0.260939 0.001432 0.001591
0 0.247566 0.295015 0.000382 0.002917
0 0.245944 0.295280 0.000573 0.002917
0 0.244990 0.295015 0.000573 0.003447
0 0.242079 0.285070 0.000477 0.004773
0 0.244608 0.284275 0.000573 0.003713
0 0.246039 0.284142 0.000764 0.005038
0 0.246612 0.284010 0.000573 0.003182
0 0.247137 0.284142 0.000477 0.003447
0 0.255917 0.251525 0.000668 0.003447
0 0.251050 0.251260 0.001050 0.001856
0 0.254533 0.265447 0.000954 0.001591
0 0.247900 0.228984 0.000668 0.003447
0 0.246755 0.229515 0.000477 0.002387
0 0.247375 0.229117 0.000382 0.002652
0 0.242985 0.233360 0.000382 0.002652
0 0.243892 0.230575 0.000477 0.002917
0 0.244369 0.230443 0.000477 0.002652
0 0.239263 0.223813 0.000573 0.003713
0 0.239025 0.234023 0.000668 0.003978
0 0.237975 0.233890 0.000668 0.003182
0 0.245944 0.233095 0.000573 0.003713
0 0.246421 0.232697 0.000573 0.003447
0 0.246851 0.232432 0.000477 0.002917
0 0.247996 0.232167 0.000477 0.002917
0 0.475950 0.355343 0.000573 0.003182
0 0.478002 0.354813 0.000668 0.003182
1 0.181237 0.862768 0.002863 0.002387
0 0.469698 0.382392 0.001050 0.002121
0 0.472752 0.365553 0.001050 0.001326
0 0.472609 0.363697 0.000954 0.001856
0 0.472562 0.362238 0.001050 0.001591
0 0.472562 0.360780 0.001050 0.001326
0 0.471559 0.360117 0.000954 0.001591
0 0.469794 0.386502 0.001050 0.002917
0 0.469842 0.383850 0.001145 0.002917
0 0.469698 0.381066 0.000859 0.002121
0 0.475043 0.360249 0.001050 0.002387
0 0.469698 0.379342 0.001050 0.002387
0 0.469603 0.378149 0.000859 0.002121
0 0.469412 0.373641 0.001050 0.002652
0 0.469508 0.372050 0.001241 0.002121
0 0.469317 0.370857 0.001241 0.002387
0 0.469317 0.368072 0.001050 0.002652
0 0.469221 0.366614 0.001050 0.002387
0 0.474948 0.358791 0.000859 0.002121
0 0.475043 0.361840 0.001050 0.002387
0 0.469126 0.363431 0.001050 0.002387
0 0.475472 0.376425 0.001145 0.001856
0 0.475711 0.386502 0.001050 0.002387
0 0.475711 0.384911 0.001050 0.002387
0 0.475616 0.383585 0.001050 0.002387
0 0.475616 0.382127 0.000859 0.002652
0 0.475616 0.380403 0.001050 0.002917
0 0.475425 0.379210 0.001241 0.002652
0 0.475377 0.377751 0.001145 0.001856
0 0.475472 0.374967 0.000954 0.002121
0 0.475138 0.363431 0.001050 0.002387
0 0.475282 0.373641 0.001145 0.002652
0 0.475329 0.372050 0.001050 0.002121
0 0.475282 0.370857 0.000764 0.001856
0 0.475234 0.369398 0.001050 0.002121
0 0.475186 0.367940 0.000954 0.002387
0 0.475091 0.366481 0.000954 0.002652
0 0.475282 0.364625 0.000954 0.002121
0 0.469269 0.365155 0.000954 0.002121
0 0.469269 0.361973 0.000954 0.002121
0 0.475711 0.389950 0.001050 0.002387
0 0.491745 0.319809 0.001050 0.002121
0 0.498568 0.340891 0.001336 0.001856
0 0.499380 0.329621 0.001241 0.003182
0 0.499189 0.326571 0.001241 0.002387
0 0.499189 0.323787 0.001241 0.002121
0 0.497471 0.322726 0.000668 0.002652
0 0.494321 0.332007 0.001241 0.002121
0 0.494417 0.330416 0.001241 0.002121
0 0.496039 0.280960 0.000859 0.001326
0 0.497948 0.350172 0.001241 0.002917
0 0.494560 0.281358 0.000954 0.001591
0 0.493224 0.281623 0.000954 0.001591
0 0.252529 0.450809 0.000382 0.003182
0 0.253006 0.450676 0.000382 0.002917
0 0.254199 0.449748 0.000668 0.003182
0 0.255345 0.450411 0.000477 0.003447
0 0.256394 0.450013 0.000477 0.002652
0 0.497948 0.345797 0.001241 0.003182
0 0.500095 0.353089 0.001145 0.001856
0 0.469174 0.360514 0.000954 0.001856
0 0.470701 0.356404 0.000954 0.003182
0 0.463638 0.372182 0.000382 0.003447
0 0.464831 0.388756 0.000668 0.003182
0 0.461682 0.371785 0.000477 0.002652
0 0.460393 0.370591 0.000382 0.003447
0 0.461348 0.361840 0.000573 0.002387
0 0.460632 0.358923 0.000668 0.004508
0 0.459773 0.357730 0.000286 0.003182
1 0.502291 0.319676 0.000764 0.005038
0 0.500286 0.356537 0.000954 0.001856
1 0.497519 0.355343 0.002481 0.005304
0 0.494560 0.338107 0.000954 0.002121
0 0.493415 0.342482 0.000954 0.002387
0 0.493606 0.339830 0.001145 0.002387
0 0.493367 0.337046 0.001241 0.002121
0 0.493462 0.332538 0.001241 0.002652
0 0.498282 0.361177 0.000954 0.003713
0 0.475806 0.387961 0.000859 0.002652
0 0.485780 0.368470 0.001336 0.001856
0 0.478526 0.354813 0.000573 0.003182
0 0.481867 0.424158 0.000954 0.003447
0 0.474423 0.425749 0.000954 0.003447
0 0.474995 0.425617 0.000954 0.003713
0 0.475568 0.425749 0.000954 0.003447
0 0.475997 0.425351 0.001050 0.003713
0 0.476665 0.425086 0.000859 0.003182
0 0.480674 0.424556 0.001241 0.003713
0 0.481246 0.424291 0.000859 0.003182
0 0.482439 0.424291 0.000954 0.003182
0 0.473039 0.426280 0.000668 0.003447
0 0.484157 0.423893 0.000954 0.002387
0 0.484682 0.423495 0.000668 0.002652
0 0.486305 0.423097 0.000859 0.002917
0 0.487545 0.420711 0.001050 0.001326
0 0.483871 0.416998 0.000954 0.002387
0 0.480960 0.413816 0.001432 0.002387
0 0.481533 0.411562 0.001241 0.002121
0 0.473707 0.426280 0.000668 0.003447
0 0.472037 0.424025 0.001145 0.002121
0 0.480292 0.405595 0.001241 0.002917
0 0.471559 0.413020 0.001145 0.002917
0 0.473707 0.411429 0.001050 0.001856
0 0.473707 0.409971 0.001050 0.002121
0 0.473611 0.408380 0.001050 0.002121
0 0.473611 0.407054 0.001050 0.002121
0 0.473707 0.405330 0.001050 0.001856
0 0.473611 0.403474 0.001050 0.001856
0 0.471655 0.411562 0.001145 0.002652
0 0.471512 0.414877 0.001241 0.002387
0 0.471941 0.422037 0.001336 0.002917
0 0.471512 0.416335 0.001050 0.002121
0 0.468601 0.418722 0.001145 0.002652
0 0.461109 0.409308 0.000668 0.003447
0 0.462207 0.406921 0.000573 0.002917
0 0.461682 0.400557 0.000859 0.002917
0 0.471750 0.417396 0.001527 0.003182
0 0.471846 0.419120 0.001527 0.003447
0 0.480531 0.408910 0.001145 0.002652
0 0.484634 0.404269 0.001145 0.001856
1 0.502243 0.332405 0.000859 0.006099
0 0.461777 0.395121 0.000477 0.003182
0 0.495992 0.387430 0.001145 0.002652
0 0.503436 0.375630 0.000573 0.003447
0 0.500191 0.380138 0.000573 0.003447
0 0.499475 0.380270 0.000668 0.002652
0 0.498902 0.380270 0.000859 0.002652
0 0.496087 0.380801 0.001145 0.003713
0 0.461014 0.387828 0.000668 0.002917
1 0.461491 0.404800 0.000668 0.005038
0 0.475138 0.396977 0.000859 0.002652
1 0.460918 0.393927 0.001050 0.004508
1 0.460441 0.384911 0.000859 0.007160
1 0.477715 0.387430 0.002386 0.004773
1 0.463113 0.380403 0.000668 0.004508
1 0.460870 0.371387 0.000573 0.004508
1 0.463781 0.398568 0.001050 0.006364
1 0.462063 0.381994 0.000668 0.007160
0 0.494846 0.389419 0.001145 0.002917
0 0.476284 0.396447 0.000859 0.003182
0 0.483251 0.401618 0.001241 0.002917
0 0.471321 0.404402 0.001050 0.002652
0 0.481008 0.401750 0.001145 0.002121
0 0.480101 0.402413 0.001241 0.002387
0 0.477715 0.403076 0.001050 0.002652
0 0.476999 0.402811 0.000954 0.002652
0 0.475663 0.406523 0.000954 0.002652
0 0.474566 0.403606 0.001050 0.002121
0 0.471369 0.405728 0.001145 0.002652
0 0.471369 0.402546 0.001145 0.002652
0 0.476761 0.396579 0.000859 0.002917
0 0.471273 0.400689 0.000954 0.001591
0 0.471130 0.399364 0.001050 0.001591
0 0.471273 0.397640 0.000954 0.001856
0 0.479672 0.395518 0.000764 0.002387
0 0.478574 0.396049 0.001050 0.002387
0 0.477906 0.395784 0.000859 0.002917
0 0.477381 0.396314 0.000764 0.002917
0 0.260307 0.471360 0.000859 0.001856
0 0.260403 0.469372 0.001050 0.001591
0 0.260307 0.468178 0.001050 0.001856
0 0.474327 0.334261 0.001145 0.002387
0 0.477954 0.337576 0.001145 0.002121
0 0.477811 0.335190 0.001050 0.002121
0 0.477667 0.333731 0.000954 0.002387
0 0.477620 0.332007 0.001050 0.002121
0 0.477477 0.330814 0.000954 0.002387
0 0.477858 0.328030 0.000764 0.001591
0 0.474375 0.335985 0.001050 0.002121
0 0.474327 0.332803 0.001145 0.002121
0 0.478002 0.340758 0.001050 0.002652
0 0.474327 0.331477 0.001145 0.002121
0 0.475425 0.333731 0.001050 0.001856
0 0.475520 0.335455 0.001241 0.002121
0 0.475520 0.337046 0.001050 0.002121
0 0.475425 0.338504 0.001050 0.001856
0 0.475520 0.339963 0.000859 0.001591
0 0.475759 0.342482 0.001527 0.002917
0 0.477954 0.339167 0.001145 0.002652
0 0.478049 0.343410 0.001145 0.002652
0 0.475711 0.345267 0.001241 0.002121
0 0.478908 0.334924 0.000954 0.002121
0 0.481294 0.334527 0.001145 0.002387
0 0.481199 0.332936 0.000954 0.001856
0 0.481294 0.331344 0.001145 0.001856
0 0.481056 0.329621 0.001050 0.002652
0 0.478860 0.330019 0.000859 0.001856
0 0.478574 0.331875 0.001050 0.002387
0 0.478574 0.333599 0.001050 0.002121
0 0.479051 0.337709 0.001050 0.002387
0 0.478288 0.346062 0.001050 0.002121
0 0.479004 0.340361 0.000954 0.002387
0 0.479051 0.343012 0.001050 0.002917
0 0.479195 0.344604 0.001145 0.002387
0 0.479195 0.346327 0.000954 0.002121
0 0.479195 0.347918 0.001145 0.002652
0 0.479195 0.349642 0.001145 0.002387
0 0.478240 0.347918 0.000954 0.002121
0 0.474661 0.344604 0.001050 0.001856
0 0.475806 0.346725 0.001050 0.001856
0 0.260260 0.466455 0.000954 0.001591
0 0.471082 0.325908 0.000764 0.002652
0 0.477333 0.324450 0.000859 0.003447
0 0.476809 0.324715 0.000764 0.003447
0 0.476188 0.324980 0.000859 0.003447
0 0.474757 0.325643 0.000668 0.003713
0 0.474232 0.325378 0.000764 0.003182
0 0.472609 0.325776 0.000764 0.003447
0 0.472037 0.325908 0.000764 0.003182
0 0.470557 0.326041 0.000668 0.002917
0 0.478288 0.324052 0.000668 0.002652
0 0.482249 0.351101 0.000954 0.001591
0 0.482296 0.354283 0.000668 0.003182
0 0.481724 0.354018 0.000668 0.003182
0 0.481199 0.354283 0.000573 0.003713
0 0.480578 0.354415 0.000668 0.003447
0 0.479576 0.354680 0.000764 0.003447
0 0.479051 0.354548 0.000859 0.003713
0 0.477811 0.324317 0.000859 0.003182
0 0.478765 0.324317 0.000668 0.003182
0 0.475854 0.348449 0.001336 0.002121
0 0.489025 0.321931 0.000764 0.003182
0 0.475902 0.350040 0.001050 0.001591
0 0.474948 0.350172 0.001050 0.001856
0 0.472371 0.349509 0.001241 0.002652
0 0.472228 0.344736 0.000954 0.002652
0 0.472084 0.336118 0.000859 0.002387
0 0.472037 0.333201 0.000954 0.002387
0 0.489884 0.325113 0.000954 0.001591
0 0.488452 0.322461 0.000764 0.003713
0 0.479385 0.323919 0.000573 0.002917
0 0.487927 0.322859 0.000668 0.003447
0 0.487450 0.322461 0.000668 0.003182
0 0.486877 0.322859 0.000477 0.002917
0 0.486352 0.322461 0.000764 0.003182
0 0.485827 0.322859 0.000668 0.003447
0 0.485207 0.322991 0.000764 0.003713
0 0.479863 0.324317 0.000764 0.003182
0 0.481246 0.335985 0.001050 0.002121
0 0.481342 0.338637 0.001050 0.001591
0 0.481342 0.339963 0.001241 0.002121
0 0.485827 0.353355 0.000668 0.002917
0 0.489693 0.352559 0.000573 0.003447
0 0.489120 0.352824 0.000573 0.003447
0 0.488595 0.353222 0.000668 0.003182
0 0.488023 0.352824 0.000668 0.003978
0 0.487498 0.352957 0.000764 0.003182
0 0.487020 0.352824 0.000764 0.003447
0 0.486448 0.352957 0.000573 0.002652
0 0.485350 0.353487 0.000668 0.003182
0 0.490981 0.352426 0.000668 0.003182
0 0.484921 0.353620 0.000573 0.002917
0 0.484396 0.353885 0.000668 0.002917
0 0.483776 0.353620 0.000764 0.003978
0 0.488500 0.344604 0.001241 0.001856
0 0.488404 0.342747 0.001050 0.001856
0 0.488452 0.341687 0.000954 0.001856
0 0.488261 0.338504 0.000954 0.001326
0 0.490408 0.352559 0.000477 0.002917
0 0.255917 0.321931 0.000859 0.001591
0 0.481437 0.341687 0.001050 0.001856
0 0.256394 0.335455 0.001050 0.001591
0 0.260212 0.464598 0.001050 0.002121
0 0.260116 0.459692 0.000859 0.001326
0 0.256728 0.351763 0.001145 0.001856
0 0.256538 0.341819 0.000954 0.001591
0 0.256538 0.340626 0.000954 0.001326
0 0.256538 0.338902 0.000954 0.001591
0 0.256442 0.336781 0.000954 0.001591
0 0.256490 0.334261 0.001050 0.001856
0 0.256013 0.323389 0.001050 0.001326
0 0.256394 0.332007 0.001050 0.001591
0 0.256347 0.330814 0.000954 0.001326
0 0.256251 0.329753 0.000954 0.001326
0 0.256108 0.328825 0.000859 0.001591
0 0.256060 0.327234 0.001145 0.001591
0 0.256013 0.326041 0.001050 0.001326
0 0.256013 0.324715 0.001050 0.001856
0 0.488213 0.337178 0.001050 0.001856
0 0.488166 0.335455 0.001145 0.002121
0 0.488118 0.333996 0.001050 0.001856
0 0.482344 0.339698 0.001145 0.002652
0 0.484539 0.331875 0.001145 0.002387
0 0.484491 0.330284 0.001241 0.002387
0 0.484491 0.328958 0.001050 0.002387
0 0.482535 0.346858 0.000954 0.001591
0 0.482630 0.345532 0.001145 0.002121
0 0.482726 0.344073 0.000954 0.001856
0 0.482487 0.342482 0.001050 0.001856
0 0.482439 0.338637 0.001145 0.002121
0 0.488070 0.332538 0.000954 0.002121
0 0.482201 0.334129 0.001241 0.002652
0 0.482201 0.332405 0.001050 0.002387
0 0.482153 0.330814 0.000954 0.001856
0 0.482058 0.329223 0.000954 0.001326
0 0.482678 0.348449 0.000859 0.001591
0 0.481580 0.347255 0.001145 0.001856
0 0.481485 0.344073 0.000954 0.001856
0 0.484587 0.333466 0.001050 0.002387
0 0.484682 0.334792 0.001050 0.002387
0 0.484730 0.336250 0.000954 0.002121
0 0.484778 0.337709 0.001050 0.002387
0 0.488023 0.331344 0.001050 0.002387
0 0.486114 0.344736 0.001241 0.002121
0 0.485971 0.343410 0.000954 0.002121
0 0.485875 0.341952 0.000954 0.002387
0 0.485780 0.340626 0.000954 0.001856
0 0.486018 0.338637 0.001050 0.002652
0 0.485637 0.335985 0.001050 0.002652
0 0.485684 0.333201 0.001336 0.002917
0 0.485589 0.331742 0.001145 0.002652
0 0.485207 0.347918 0.001145 0.002652
0 0.485112 0.346725 0.001145 0.001856
0 0.485112 0.345001 0.001145 0.002652
0 0.484969 0.342350 0.001050 0.002652
0 0.484730 0.340758 0.000954 0.002652
0 0.484730 0.339167 0.001145 0.002121
1 0.186438 0.884646 0.001622 0.011138
0 0.176608 0.849907 0.001622 0.004243
0 0.472800 0.411827 0.000382 0.003182
0 0.175272 0.643065 0.000477 0.002652
0 0.149408 0.656855 0.000477 0.002652
0 0.148788 0.656855 0.000382 0.002652
0 0.148358 0.657120 0.000477 0.002652
0 0.147738 0.657385 0.000382 0.002121
0 0.147118 0.657253 0.000477 0.002387
0 0.178803 0.640414 0.000859 0.001591
0 0.176608 0.642800 0.000477 0.002652
0 0.174556 0.643596 0.000573 0.002652
0 0.150410 0.656325 0.000382 0.002652
0 0.173936 0.643463 0.000477 0.002917
0 0.173363 0.643065 0.000477 0.002652
0 0.172600 0.643331 0.000477 0.002652
0 0.171884 0.643994 0.000573 0.003447
0 0.171311 0.643994 0.000382 0.002917
0 0.170452 0.644126 0.000573 0.002652
0 0.169927 0.644126 0.000477 0.002652
0 0.149838 0.656590 0.000573 0.002652
0 0.150983 0.656325 0.000573 0.003182
0 0.167876 0.644922 0.000573 0.003182
0 0.156614 0.655396 0.000382 0.002387
0 0.160050 0.654468 0.000573 0.002652
0 0.159477 0.654733 0.000382 0.002652
0 0.171407 0.650491 0.000573 0.003182
0 0.170643 0.650756 0.000382 0.002652
0 0.158045 0.654733 0.000573 0.003182
0 0.157568 0.654866 0.000573 0.002387
0 0.157043 0.654999 0.000477 0.002121
0 0.155946 0.655529 0.000573 0.002121
0 0.151412 0.656325 0.000477 0.002652
0 0.155373 0.655264 0.000382 0.002121
0 0.154896 0.654999 0.000573 0.003182
0 0.154514 0.655396 0.000573 0.002387
0 0.153464 0.655662 0.000573 0.002387
0 0.152939 0.655396 0.000477 0.002917
0 0.152462 0.655794 0.000477 0.002652
0 0.151937 0.656325 0.000382 0.002652
0 0.169212 0.644126 0.000573 0.002652
0 0.166015 0.646248 0.000477 0.002652
0 0.161720 0.654071 0.000477 0.002387
0 0.150315 0.649695 0.000573 0.003182
0 0.154896 0.648634 0.000573 0.002652
0 0.154228 0.648899 0.000573 0.002652
0 0.153512 0.648899 0.000477 0.002652
0 0.152939 0.648767 0.000477 0.002387
0 0.152510 0.649032 0.000573 0.002917
0 0.151699 0.649430 0.000668 0.002652
0 0.151222 0.649828 0.000477 0.002917
0 0.149504 0.649828 0.000477 0.002917
0 0.155994 0.648237 0.000477 0.002917
0 0.149027 0.650093 0.000477 0.002917
0 0.148740 0.649960 0.000477 0.003182
0 0.147834 0.650093 0.000573 0.002917
0 0.147309 0.650358 0.000477 0.002917
0 0.146927 0.650623 0.000477 0.002917
0 0.159811 0.644391 0.000477 0.002121
0 0.159238 0.644391 0.000477 0.003182
0 0.155516 0.648502 0.000477 0.002917
0 0.156471 0.648237 0.000477 0.002387
0 0.165537 0.646513 0.000477 0.003182
0 0.161863 0.646911 0.000573 0.003978
0 0.165108 0.645982 0.000382 0.002652
0 0.164631 0.646115 0.000573 0.002917
0 0.164249 0.646248 0.000382 0.003182
0 0.163819 0.646380 0.000477 0.002387
0 0.163342 0.646513 0.000477 0.003182
0 0.162913 0.646248 0.000573 0.002652
0 0.162436 0.646645 0.000382 0.003447
0 0.161243 0.646778 0.000477 0.002121
0 0.156900 0.647971 0.000573 0.002917
0 0.160861 0.647043 0.000477 0.003182
0 0.160288 0.647308 0.000477 0.002652
0 0.159859 0.647308 0.000573 0.002652
0 0.159238 0.647839 0.000477 0.002652
0 0.158761 0.647706 0.000477 0.002387
0 0.158189 0.647839 0.000477 0.002652
0 0.157377 0.647706 0.000573 0.002387
0 0.161052 0.654203 0.000477 0.002652
0 0.162674 0.653540 0.000477 0.002387
0 0.174318 0.653142 0.000477 0.003182
0 0.154323 0.665606 0.000382 0.002652
0 0.158713 0.664678 0.000573 0.002387
0 0.158236 0.664678 0.000382 0.002917
0 0.157425 0.664678 0.000477 0.002917
0 0.156566 0.664810 0.000477 0.003182
0 0.156137 0.664943 0.000382 0.003447
0 0.155278 0.665076 0.000573 0.002121
0 0.154801 0.665076 0.000382 0.002121
0 0.153560 0.665473 0.000573 0.002387
0 0.159525 0.664413 0.000477 0.002387
0 0.153035 0.665341 0.000668 0.002652
0 0.152367 0.665473 0.000477 0.002387
0 0.151699 0.665739 0.000477 0.002917
0 0.151222 0.666004 0.000477 0.002917
0 0.150506 0.666401 0.000573 0.002652
0 0.150029 0.666401 0.000382 0.002652
0 0.149170 0.666534 0.000573 0.002917
0 0.159095 0.664545 0.000382 0.002121
0 0.160002 0.664147 0.000477 0.002387
0 0.147547 0.666799 0.000573 0.002917
0 0.169737 0.654071 0.000477 0.002917
0 0.173316 0.653408 0.000573 0.003182
0 0.172791 0.653275 0.000477 0.002387
0 0.172218 0.653805 0.000477 0.002917
0 0.171741 0.653673 0.000477 0.002652
0 0.171359 0.653805 0.000477 0.002917
0 0.170739 0.653805 0.000573 0.003447
0 0.170309 0.653805 0.000477 0.002917
0 0.169259 0.654071 0.000477 0.002917
0 0.160479 0.663882 0.000477 0.002917
0 0.168782 0.654336 0.000477 0.002917
0 0.168257 0.654468 0.000573 0.003713
0 0.175511 0.649430 0.000573 0.002652
0 0.174079 0.649828 0.000573 0.002917
0 0.173316 0.650093 0.000764 0.002917
0 0.162197 0.663882 0.000477 0.002387
0 0.161768 0.664015 0.000573 0.002121
0 0.148358 0.666932 0.000477 0.002652
0 0.165776 0.655794 0.000573 0.002652
0 0.163151 0.653408 0.000477 0.002652
0 0.148597 0.659639 0.000573 0.002387
0 0.153083 0.658579 0.000573 0.002387
0 0.151937 0.659242 0.000573 0.003182
0 0.151317 0.658844 0.000477 0.002387
0 0.150744 0.658976 0.000477 0.003182
0 0.150220 0.659109 0.000573 0.002917
0 0.149790 0.659374 0.000477 0.002917
0 0.149265 0.659639 0.000573 0.002387
0 0.147738 0.659772 0.000573 0.002652
0 0.154132 0.658313 0.000573 0.002387
0 0.147261 0.660037 0.000573 0.002652
0 0.166301 0.655529 0.000477 0.002652
0 0.166110 0.652745 0.000477 0.002387
0 0.165203 0.653275 0.000573 0.002387
0 0.164678 0.653408 0.000477 0.002652
0 0.164153 0.653540 0.000573 0.002917
0 0.163629 0.653142 0.000477 0.003182
0 0.153751 0.658844 0.000573 0.002917
0 0.154848 0.658579 0.000477 0.002917
0 0.165203 0.656059 0.000573 0.002652
0 0.161099 0.656988 0.000573 0.002917
0 0.164726 0.656457 0.000573 0.003447
0 0.164153 0.656325 0.000573 0.003182
0 0.163724 0.656590 0.000477 0.002652
0 0.163247 0.656192 0.000477 0.002387
0 0.162817 0.656325 0.000382 0.002652
0 0.162292 0.656988 0.000668 0.003447
0 0.161529 0.656590 0.000477 0.002652
0 0.160622 0.657253 0.000573 0.002917
0 0.155469 0.658446 0.000573 0.002652
0 0.160097 0.656988 0.000477 0.002387
0 0.159668 0.657120 0.000573 0.002121
0 0.158857 0.657385 0.000477 0.002652
0 0.158332 0.657650 0.000382 0.003182
0 0.157711 0.657120 0.000477 0.002652
0 0.157186 0.657783 0.000382 0.002917
0 0.156041 0.658181 0.000573 0.002652
0 0.158284 0.644922 0.000477 0.002652
0 0.157616 0.644657 0.000477 0.002121
0 0.157234 0.644524 0.000477 0.002387
0 0.151460 0.629674 0.000382 0.002917
0 0.155421 0.628613 0.000477 0.002387
0 0.154944 0.628746 0.000477 0.002652
0 0.154467 0.628878 0.000477 0.002917
0 0.153703 0.629409 0.000477 0.002387
0 0.153035 0.629143 0.000477 0.002387
0 0.152510 0.629276 0.000573 0.002652
0 0.151937 0.629276 0.000573 0.002652
0 0.150792 0.629806 0.000382 0.003182
0 0.156614 0.628481 0.000382 0.002652
0 0.150315 0.629939 0.000382 0.002387
0 0.149504 0.630204 0.000477 0.002917
0 0.148931 0.630735 0.000477 0.003447
0 0.148120 0.630204 0.000382 0.002387
0 0.147547 0.630204 0.000573 0.002917
0 0.146879 0.630602 0.000573 0.002652
0 0.146259 0.630337 0.000477 0.002652
0 0.155850 0.628613 0.000382 0.001856
0 0.157186 0.628481 0.000573 0.003182
0 0.159477 0.627685 0.000573 0.002652
0 0.144732 0.664147 0.001050 0.001326
0 0.144493 0.654203 0.000954 0.001591
0 0.144589 0.655396 0.000954 0.001326
0 0.144493 0.656855 0.000954 0.001591
0 0.144446 0.658313 0.001050 0.001326
0 0.144589 0.659639 0.000954 0.001326
0 0.144636 0.661098 0.001050 0.001591
0 0.144636 0.662424 0.000859 0.001591
0 0.144780 0.665473 0.000954 0.001326
0 0.157568 0.627818 0.000382 0.002387
0 0.144875 0.666534 0.000954 0.001326
0 0.144780 0.669451 0.001145 0.001326
0 0.144875 0.671042 0.001145 0.001326
0 0.145066 0.672501 0.000764 0.001591
0 0.158904 0.628083 0.000382 0.002917
0 0.158427 0.628215 0.000382 0.002652
0 0.157998 0.627818 0.000477 0.002387
0 0.159668 0.630602 0.001145 0.003182
0 0.159334 0.624901 0.000477 0.002387
0 0.156662 0.645187 0.000477 0.002121
0 0.157950 0.618801 0.000382 0.002917
0 0.146163 0.628083 0.000477 0.002387
0 0.160909 0.617873 0.000573 0.002652
0 0.159954 0.617741 0.000382 0.002387
0 0.160479 0.618006 0.000477 0.002917
0 0.159477 0.617873 0.000573 0.002652
0 0.159000 0.618138 0.000573 0.002652
0 0.158475 0.618006 0.000477 0.002917
0 0.157425 0.618669 0.000477 0.002652
0 0.147165 0.627818 0.000573 0.002387
0 0.156948 0.618404 0.000477 0.002652
0 0.156471 0.618801 0.000477 0.002917
0 0.155946 0.619199 0.000573 0.002652
0 0.155421 0.619730 0.000477 0.003713
0 0.154896 0.619464 0.000382 0.002652
0 0.154419 0.619597 0.000382 0.002387
0 0.153894 0.619464 0.000477 0.002652
0 0.146641 0.627950 0.000668 0.002652
0 0.147977 0.627552 0.000477 0.002387
0 0.158952 0.624635 0.000477 0.003447
0 0.154085 0.626094 0.000477 0.002652
0 0.158379 0.625166 0.000477 0.002387
0 0.157616 0.625431 0.000477 0.002387
0 0.157139 0.625564 0.000477 0.002652
0 0.156662 0.625829 0.000477 0.002652
0 0.156232 0.626226 0.000382 0.002387
0 0.155755 0.626226 0.000573 0.002917
0 0.154514 0.625829 0.000573 0.002652
0 0.153655 0.626624 0.000382 0.002121
0 0.148454 0.627420 0.000477 0.002652
0 0.152892 0.626492 0.000573 0.002387
0 0.152176 0.626492 0.000668 0.002917
0 0.151747 0.626757 0.000573 0.002387
0 0.150744 0.626889 0.000477 0.002652
0 0.150220 0.627155 0.000382 0.002652
0 0.149742 0.627420 0.000573 0.002652
0 0.149313 0.627420 0.000668 0.002652
0 0.144350 0.652745 0.001050 0.001326
0 0.144302 0.651021 0.001145 0.001591
0 0.144255 0.649562 0.001050 0.001326
0 0.155612 0.638292 0.000477 0.002652
0 0.159191 0.637497 0.000573 0.002652
0 0.158713 0.637894 0.000573 0.002917
0 0.157998 0.638160 0.000477 0.003447
0 0.157473 0.638292 0.000573 0.002652
0 0.157043 0.638160 0.000477 0.002917
0 0.156471 0.638292 0.000477 0.002652
0 0.156089 0.638160 0.000477 0.002917
0 0.154991 0.638823 0.000573 0.002121
0 0.146975 0.647441 0.000382 0.002917
0 0.154467 0.638690 0.000477 0.002387
0 0.154085 0.638823 0.000477 0.002652
0 0.153655 0.638823 0.000573 0.002652
0 0.152701 0.639220 0.000573 0.002917
0 0.152224 0.639220 0.000573 0.002917
0 0.151412 0.639486 0.000477 0.002917
0 0.150935 0.639353 0.000477 0.002652
0 0.159668 0.637497 0.000573 0.003182
0 0.147547 0.647043 0.000573 0.003182
0 0.144302 0.648237 0.000764 0.001326
0 0.152701 0.646513 0.000573 0.002121
0 0.156184 0.645320 0.000477 0.002387
0 0.155707 0.645187 0.000477 0.002652
0 0.155182 0.645585 0.000382 0.001856
0 0.154705 0.645585 0.000382 0.002387
0 0.154037 0.645982 0.000382 0.002652
0 0.153655 0.645982 0.000382 0.002652
0 0.153083 0.645982 0.000382 0.002121
0 0.152033 0.646248 0.000573 0.002121
0 0.148072 0.647308 0.000477 0.002652
0 0.151508 0.646645 0.000477 0.002917
0 0.151031 0.646778 0.000668 0.002652
0 0.150601 0.646778 0.000573 0.002652
0 0.150076 0.646513 0.000668 0.003182
0 0.149504 0.646778 0.000477 0.002652
0 0.149074 0.647043 0.000573 0.002652
0 0.148549 0.647043 0.000477 0.002652
0 0.150124 0.639486 0.000573 0.002387
0 0.149695 0.639353 0.000477 0.002652
0 0.148836 0.639883 0.000477 0.002652
0 0.146545 0.637629 0.000477 0.002917
0 0.149599 0.637099 0.000477 0.002387
0 0.149074 0.637099 0.000382 0.002387
0 0.147881 0.637232 0.000477 0.002652
0 0.147452 0.637364 0.000382 0.002387
0 0.146975 0.640149 0.000573 0.002652
0 0.146545 0.640811 0.000477 0.002917
0 0.146975 0.637497 0.000382 0.002652
0 0.143873 0.636701 0.001050 0.001591
0 0.148406 0.639883 0.000573 0.002652
0 0.143873 0.638690 0.001050 0.001326
0 0.144111 0.640016 0.001145 0.001856
0 0.144016 0.641474 0.000573 0.001061
0 0.144111 0.642535 0.000954 0.001591
0 0.144207 0.643728 0.000954 0.001326
0 0.144064 0.645452 0.000859 0.001591
0 0.144255 0.646911 0.000859 0.001326
0 0.150124 0.636966 0.000573 0.002652
0 0.150649 0.636834 0.000477 0.002387
0 0.151269 0.636569 0.000573 0.002917
0 0.151651 0.636569 0.000573 0.002387
0 0.147977 0.640281 0.000668 0.002917
0 0.159572 0.634580 0.000573 0.002652
0 0.159143 0.634580 0.000477 0.002652
0 0.157902 0.635110 0.000668 0.002652
0 0.157330 0.635508 0.000477 0.002917
0 0.156948 0.635508 0.000477 0.002387
0 0.156471 0.635508 0.000477 0.002387
0 0.155994 0.635243 0.000477 0.001856
0 0.155230 0.635375 0.000477 0.002652
0 0.154753 0.635640 0.000477 0.002121
0 0.154371 0.635906 0.000477 0.002652
0 0.153894 0.635640 0.000477 0.002652
0 0.153417 0.636171 0.000286 0.002121
0 0.152987 0.636436 0.000382 0.002652
0 0.152224 0.636303 0.000573 0.002917
0 0.173840 0.653275 0.000477 0.002917
0 0.174843 0.653142 0.000573 0.003182
0 0.194741 0.849509 0.001622 0.002387
0 0.165346 0.686025 0.000668 0.002652
0 0.170691 0.684169 0.000668 0.003182
0 0.169641 0.684566 0.000668 0.002917
0 0.169116 0.684301 0.000573 0.002387
0 0.167112 0.684832 0.000573 0.002387
0 0.166587 0.685097 0.000477 0.002387
0 0.166205 0.685229 0.000477 0.002121
0 0.165728 0.685362 0.000477 0.002387
0 0.164487 0.686025 0.000668 0.003182
0 0.173220 0.683506 0.000573 0.002917
0 0.163581 0.685892 0.000573 0.002387
0 0.162817 0.686423 0.000573 0.003447
0 0.161958 0.686423 0.000573 0.002387
0 0.174222 0.680589 0.000477 0.002387
0 0.173220 0.680456 0.000573 0.003182
0 0.172695 0.680456 0.000477 0.003182
0 0.172170 0.680721 0.000573 0.002652
0 0.171216 0.684169 0.000573 0.002652
0 0.174699 0.680324 0.000477 0.002387
0 0.171168 0.681517 0.000668 0.003182
0 0.177897 0.682975 0.000764 0.003447
0 0.152081 0.695306 0.000477 0.002652
0 0.151603 0.695704 0.000477 0.002917
0 0.150076 0.695571 0.000477 0.003182
0 0.148549 0.696234 0.000477 0.002387
0 0.148024 0.696897 0.000573 0.003182
0 0.146975 0.696897 0.000382 0.002121
0 0.146450 0.696897 0.000477 0.002652
0 0.176942 0.682578 0.000573 0.002652
0 0.175224 0.679926 0.000382 0.002652
0 0.176036 0.683506 0.000668 0.003447
0 0.175558 0.683241 0.000477 0.003978
0 0.174843 0.683506 0.000573 0.003447
0 0.177706 0.679661 0.000573 0.002652
0 0.176847 0.679793 0.000573 0.002917
0 0.176179 0.680058 0.000573 0.002387
0 0.175749 0.679926 0.000477 0.002652
0 0.171550 0.680589 0.000859 0.002917
0 0.169641 0.681517 0.000668 0.002652
0 0.153560 0.695041 0.000382 0.002652
0 0.177467 0.672898 0.000477 0.002917
0 0.153703 0.688146 0.000477 0.003182
0 0.152844 0.685892 0.000477 0.002387
0 0.151985 0.685892 0.000477 0.002917
0 0.151412 0.686158 0.000477 0.002917
0 0.150554 0.686423 0.000477 0.002917
0 0.149599 0.689207 0.000668 0.003182
0 0.148883 0.686820 0.000764 0.003182
0 0.176894 0.672898 0.000668 0.002917
0 0.155039 0.687881 0.000477 0.002652
0 0.176465 0.673164 0.000573 0.002917
0 0.176036 0.672898 0.000477 0.002387
0 0.175415 0.672766 0.000573 0.002652
0 0.174890 0.673031 0.000477 0.002652
0 0.174413 0.673296 0.000477 0.003182
0 0.173888 0.673296 0.000573 0.002652
0 0.173411 0.673429 0.000382 0.002387
0 0.154514 0.685362 0.000382 0.001856
0 0.155850 0.684566 0.000573 0.003447
0 0.169069 0.681649 0.000477 0.002387
0 0.161863 0.683373 0.000382 0.002121
0 0.166635 0.682180 0.000573 0.002917
0 0.166158 0.682578 0.000573 0.003182
0 0.165203 0.682843 0.000573 0.002652
0 0.164487 0.683108 0.000477 0.002652
0 0.163963 0.683373 0.000573 0.003182
0 0.163151 0.683373 0.000477 0.002652
0 0.162292 0.683373 0.000668 0.002652
0 0.161099 0.683903 0.000382 0.003182
0 0.156662 0.684566 0.000477 0.002917
0 0.160670 0.686953 0.000477 0.002917
0 0.159668 0.686688 0.000573 0.003978
0 0.160097 0.683903 0.000477 0.002121
0 0.158857 0.684169 0.000477 0.002652
0 0.158570 0.686953 0.000668 0.002917
0 0.157807 0.684832 0.000668 0.003978
0 0.156805 0.687218 0.000573 0.002387
0 0.153130 0.695306 0.000477 0.002652
0 0.154132 0.695041 0.000573 0.002652
0 0.175367 0.653142 0.000477 0.003713
0 0.179567 0.662159 0.001050 0.001591
0 0.179185 0.652347 0.001050 0.001591
0 0.179233 0.653540 0.000954 0.001326
0 0.179280 0.654999 0.001432 0.002121
0 0.179376 0.656457 0.001050 0.001856
0 0.179376 0.657783 0.001050 0.001326
0 0.179424 0.659374 0.000954 0.001856
0 0.179471 0.660833 0.000859 0.001591
0 0.179519 0.663750 0.000954 0.001591
0 0.179137 0.649562 0.000954 0.001326
0 0.179614 0.665076 0.001145 0.001591
0 0.179567 0.666534 0.001241 0.001326
0 0.179567 0.668258 0.001050 0.001591
0 0.179710 0.669186 0.000954 0.001326
0 0.179805 0.670644 0.000954 0.001061
0 0.179805 0.672235 0.000954 0.001591
0 0.179901 0.673429 0.000954 0.001326
0 0.179328 0.650756 0.000954 0.001591
0 0.179090 0.648104 0.001050 0.001591
0 0.179948 0.675948 0.001050 0.001591
1 0.168830 0.827234 0.003436 0.007160
0 0.196125 0.853089 0.000954 0.002652
0 0.189492 0.854018 0.001432 0.003978
0 0.189826 0.849377 0.001336 0.001591
0 0.189969 0.847388 0.001432 0.001856
0 0.190208 0.845399 0.001527 0.002652
0 0.189063 0.838372 0.001527 0.002387
0 0.206098 0.808141 0.001050 0.002387
1 0.177038 0.827632 0.002100 0.005304
0 0.179042 0.646645 0.000954 0.001326
1 0.171311 0.814903 0.002291 0.002652
0 0.172552 0.835322 0.001527 0.004773
0 0.170071 0.819014 0.000764 0.003447
0 0.169450 0.799655 0.001813 0.001856
0 0.178994 0.642535 0.000859 0.002121
0 0.179090 0.643861 0.001050 0.001591
0 0.179042 0.645187 0.001145 0.001591
0 0.179758 0.674887 0.000859 0.001591
0 0.179948 0.678732 0.001050 0.001856
0 0.156328 0.694246 0.000573 0.003713
0 0.162865 0.693185 0.000477 0.003182
0 0.168305 0.692124 0.000477 0.002121
0 0.167589 0.692389 0.000573 0.002652
0 0.166444 0.692787 0.000573 0.002917
0 0.165394 0.692920 0.000382 0.002652
0 0.164822 0.693185 0.000382 0.002121
0 0.164153 0.692787 0.000573 0.003447
0 0.163390 0.693185 0.000573 0.002652
0 0.162340 0.693185 0.000573 0.003182
0 0.169212 0.691594 0.000573 0.002652
0 0.161768 0.693450 0.000573 0.002652
0 0.161290 0.693450 0.000573 0.002652
0 0.160336 0.693583 0.000573 0.002917
0 0.159763 0.693848 0.000573 0.002917
0 0.158284 0.693715 0.000668 0.003182
0 0.157664 0.694246 0.000573 0.002652
0 0.157234 0.694113 0.000668 0.002917
0 0.168782 0.692257 0.000477 0.002387
0 0.169832 0.691726 0.000668 0.002917
0 0.179853 0.680589 0.000859 0.001326
0 0.176513 0.690135 0.000477 0.002387
0 0.180092 0.682047 0.001145 0.001591
0 0.180139 0.683373 0.001050 0.002121
0 0.180092 0.684964 0.000954 0.001591
0 0.179567 0.689605 0.000477 0.003447
0 0.178946 0.689075 0.000573 0.002917
0 0.178374 0.689737 0.000573 0.002652
0 0.177897 0.689605 0.000573 0.002917
0 0.175940 0.690268 0.000477 0.002652
0 0.171407 0.691726 0.000573 0.002917
0 0.175415 0.690533 0.000573 0.002121
0 0.174890 0.690666 0.000477 0.002387
0 0.174413 0.690533 0.000477 0.002652
0 0.173554 0.690931 0.000477 0.002917
0 0.172838 0.690666 0.000573 0.002917
0 0.172266 0.690931 0.000573 0.002917
0 0.171789 0.691461 0.000382 0.002387
0 0.172981 0.673694 0.000477 0.002917
0 0.172504 0.673561 0.000477 0.002121
0 0.171884 0.673561 0.000573 0.002652
0 0.145352 0.686025 0.000954 0.001591
0 0.149551 0.676478 0.000573 0.002652
0 0.148549 0.677009 0.000668 0.003182
0 0.147690 0.677141 0.000477 0.002387
0 0.145066 0.676478 0.000954 0.001591
0 0.145161 0.677937 0.000954 0.001856
0 0.145257 0.682180 0.001145 0.001856
0 0.145161 0.684832 0.000764 0.001326
0 0.145448 0.688014 0.000954 0.001326
0 0.151222 0.675815 0.000668 0.003447
0 0.145638 0.692124 0.000954 0.001591
0 0.145495 0.693583 0.001050 0.001326
0 0.165919 0.665739 0.000477 0.002387
0 0.165537 0.666136 0.000477 0.001591
0 0.164917 0.665606 0.000573 0.003182
0 0.164535 0.665871 0.000573 0.002652
0 0.164058 0.666004 0.000573 0.002387
0 0.150315 0.676081 0.000573 0.002917
0 0.152558 0.675815 0.000477 0.002387
0 0.162913 0.666004 0.000573 0.002917
0 0.159143 0.674224 0.000477 0.002917
0 0.164535 0.673031 0.000382 0.002652
0 0.163963 0.673296 0.000382 0.002652
0 0.163295 0.673429 0.000573 0.002387
0 0.162483 0.673694 0.000668 0.002387
0 0.162006 0.673959 0.000477 0.002917
0 0.161290 0.674357 0.000573 0.002652
0 0.160193 0.674224 0.000477 0.002387
0 0.158666 0.674622 0.000477 0.002652
0 0.153369 0.675948 0.000382 0.002652
0 0.158141 0.674490 0.000573 0.002917
0 0.157664 0.675152 0.000573 0.003182
0 0.156996 0.676081 0.000764 0.003447
0 0.156184 0.674755 0.000477 0.002917
0 0.155612 0.675418 0.000477 0.002652
0 0.154610 0.675815 0.000573 0.002917
0 0.153942 0.675948 0.000382 0.003182
0 0.163485 0.666401 0.000382 0.002652
0 0.162388 0.666534 0.000477 0.002387
0 0.171407 0.673959 0.000573 0.002917
0 0.165728 0.663219 0.000477 0.002652
0 0.150649 0.669318 0.000477 0.002652
0 0.149647 0.669451 0.000573 0.002917
0 0.148692 0.669849 0.000382 0.002652
0 0.148120 0.670247 0.000573 0.002917
0 0.147500 0.669716 0.000477 0.002917
0 0.166587 0.665739 0.000668 0.002387
0 0.166587 0.662556 0.000477 0.002387
0 0.165251 0.663087 0.000668 0.002917
0 0.151699 0.668788 0.000668 0.003182
0 0.164822 0.663087 0.000573 0.002387
0 0.164344 0.663352 0.000573 0.002387
0 0.163867 0.663750 0.000573 0.002652
0 0.163342 0.663219 0.000477 0.002652
0 0.176990 0.651949 0.000477 0.002917
0 0.176465 0.652214 0.000382 0.002917
0 0.175892 0.652745 0.000573 0.002917
0 0.151317 0.669053 0.000477 0.003182
0 0.152844 0.668656 0.000668 0.002917
0 0.161815 0.666799 0.000477 0.002917
0 0.157807 0.667462 0.000477 0.002652
0 0.161386 0.666932 0.000573 0.002652
0 0.160909 0.667064 0.000573 0.002917
0 0.160384 0.667064 0.000477 0.002917
0 0.159811 0.667462 0.000477 0.002652
0 0.159334 0.667330 0.000477 0.002387
0 0.158857 0.667197 0.000668 0.003182
0 0.158332 0.667330 0.000573 0.002917
0 0.157425 0.667727 0.000477 0.002121
0 0.153321 0.668788 0.000477 0.002652
0 0.156757 0.668125 0.000477 0.002387
0 0.156375 0.668258 0.000477 0.002652
0 0.155850 0.668258 0.000573 0.002652
0 0.155325 0.668390 0.000477 0.002387
0 0.154896 0.668523 0.000573 0.002652
0 0.154323 0.668258 0.000573 0.002652
0 0.153798 0.668656 0.000668 0.002917
0 0.165108 0.672898 0.000573 0.002387
0 0.165537 0.672898 0.000477 0.002917
0 0.166015 0.672898 0.000477 0.002387
0 0.163008 0.676213 0.000573 0.002652
0 0.166826 0.675285 0.000573 0.002387
0 0.166396 0.675550 0.000477 0.002387
0 0.165919 0.675550 0.000477 0.002917
0 0.165442 0.675815 0.000477 0.002387
0 0.165060 0.675948 0.000477 0.002652
0 0.164201 0.676081 0.000477 0.002917
0 0.163724 0.676346 0.000477 0.002917
0 0.162054 0.676478 0.000382 0.002652
0 0.169259 0.671175 0.000477 0.003182
0 0.161672 0.676346 0.000382 0.001856
0 0.160813 0.676744 0.000382 0.002652
0 0.160097 0.677009 0.000477 0.002652
0 0.159477 0.677274 0.000573 0.003182
0 0.159048 0.677407 0.000477 0.002917
0 0.158236 0.677407 0.000764 0.002917
0 0.157711 0.678069 0.000668 0.002652
0 0.168734 0.671838 0.000382 0.002917
0 0.170214 0.670910 0.000477 0.003182
0 0.166873 0.672633 0.000477 0.002917
0 0.175940 0.670247 0.000477 0.001856
0 0.170834 0.673827 0.000573 0.002652
0 0.170357 0.674224 0.000573 0.002917
0 0.169689 0.673959 0.000573 0.002387
0 0.169212 0.674490 0.000573 0.002917
0 0.168782 0.674490 0.000477 0.002387
0 0.177419 0.669849 0.000573 0.003182
0 0.176513 0.669849 0.000477 0.002652
0 0.175415 0.669981 0.000573 0.002387
0 0.170786 0.670910 0.000668 0.003182
0 0.174843 0.670114 0.000573 0.002652
0 0.174413 0.669981 0.000477 0.003447
0 0.173840 0.670247 0.000477 0.002917
0 0.172981 0.670777 0.000477 0.002917
0 0.172313 0.670644 0.000477 0.002652
0 0.171789 0.670644 0.000573 0.003182
0 0.171311 0.670777 0.000573 0.002387
0 0.156041 0.678069 0.000573 0.003182
0 0.155135 0.678202 0.000477 0.002917
0 0.153942 0.678732 0.000382 0.002917
0 0.174174 0.660302 0.000573 0.002652
0 0.169546 0.664015 0.000477 0.002652
0 0.169021 0.664280 0.000573 0.002652
0 0.168448 0.665341 0.000573 0.002652
0 0.176179 0.659639 0.000573 0.002387
0 0.175701 0.659772 0.000573 0.002652
0 0.175224 0.660302 0.000573 0.002121
0 0.174747 0.659905 0.000573 0.002387
0 0.173650 0.660700 0.000477 0.002387
0 0.153035 0.678732 0.000477 0.002917
0 0.172695 0.660833 0.000477 0.002652
0 0.172123 0.660965 0.000668 0.002917
0 0.171550 0.661363 0.000477 0.003182
0 0.170596 0.661098 0.000668 0.002652
0 0.170071 0.661363 0.000573 0.002121
0 0.168925 0.661628 0.000573 0.003182
0 0.168448 0.661893 0.000573 0.002652
0 0.170023 0.664147 0.000477 0.002387
0 0.170596 0.664147 0.000668 0.002917
0 0.171120 0.663750 0.000382 0.002652
0 0.171598 0.663882 0.000573 0.002387
0 0.152128 0.678600 0.000573 0.002652
0 0.151222 0.678865 0.000477 0.002652
0 0.148263 0.680058 0.000477 0.002387
0 0.147786 0.680058 0.000668 0.002917
0 0.177228 0.662556 0.000573 0.002387
0 0.176704 0.662954 0.000477 0.002652
0 0.176179 0.663087 0.000573 0.003447
0 0.175654 0.662689 0.000668 0.002652
0 0.175224 0.663087 0.000382 0.002917
0 0.174699 0.663484 0.000477 0.003182
0 0.174222 0.663352 0.000477 0.002387
0 0.173650 0.663352 0.000477 0.002917
0 0.173125 0.663617 0.000573 0.002917
0 0.172600 0.663882 0.000668 0.002917
0 0.172075 0.664015 0.000573 0.002652
0 0.473850 0.413286 0.001145 0.001856
0 0.474804 0.406126 0.001145 0.001856
0 0.152892 0.619597 0.000573 0.002917
0 0.541038 0.293026 0.000954 0.001061
0 0.538557 0.291965 0.001145 0.002121
0 0.540132 0.295412 0.001241 0.002121
0 0.544140 0.294749 0.001241 0.001856
0 0.543615 0.292893 0.001145 0.001856
0 0.545715 0.290772 0.000954 0.001326
0 0.546478 0.286927 0.001145 0.001061
0 0.543567 0.291302 0.000859 0.001326
0 0.540084 0.292230 0.001145 0.001591
0 0.555545 0.285468 0.001145 0.001856
0 0.537125 0.296075 0.001336 0.001326
0 0.534835 0.293291 0.001145 0.001591
0 0.534071 0.296738 0.000764 0.001591
0 0.532019 0.296606 0.000859 0.001856
0 0.532019 0.293556 0.001050 0.001591
0 0.533165 0.293026 0.001050 0.002121
0 0.532497 0.291832 0.001050 0.001856
0 0.551298 0.285733 0.001432 0.001326
0 0.555354 0.286927 0.000954 0.002121
0 0.528297 0.298064 0.001050 0.001591
0 0.570815 0.288915 0.001145 0.001856
0 0.553827 0.289048 0.001145 0.001591
0 0.552300 0.292495 0.001336 0.001591
0 0.553970 0.292628 0.001050 0.001856
0 0.555306 0.290772 0.001241 0.002387
0 0.556547 0.291965 0.001241 0.001591
0 0.556356 0.288385 0.001050 0.001856
0 0.573869 0.287722 0.001145 0.001591
0 0.570099 0.287059 0.001050 0.001856
0 0.558981 0.287457 0.001145 0.002121
0 0.568095 0.287192 0.000859 0.001591
0 0.566711 0.284805 0.001336 0.001591
0 0.565518 0.289844 0.001050 0.001591
0 0.561844 0.290772 0.001145 0.001856
0 0.560651 0.289048 0.001050 0.001591
0 0.559506 0.291435 0.001050 0.002121
0 0.557883 0.289844 0.001241 0.002121
0 0.530683 0.293689 0.001050 0.001326
0 0.525482 0.298595 0.001145 0.001591
0 0.550630 0.290904 0.001241 0.001591
0 0.527820 0.300583 0.001241 0.001326
0 0.565518 0.299125 0.000859 0.001591
0 0.568286 0.292098 0.001050 0.001326
0 0.567904 0.296473 0.000859 0.001591
0 0.565232 0.296606 0.001050 0.001856
0 0.563132 0.295412 0.000859 0.001591
0 0.551918 0.304694 0.000954 0.002652
0 0.529634 0.303766 0.000859 0.001856
0 0.525243 0.306417 0.001241 0.001856
1 0.551203 0.296075 0.001432 0.001856
0 0.520901 0.307611 0.001145 0.001591
0 0.520949 0.302970 0.001813 0.001856
0 0.516940 0.300716 0.001050 0.001591
0 0.517799 0.298860 0.001050 0.001591
0 0.517704 0.296871 0.000859 0.001856
0 0.515938 0.297136 0.001145 0.001856
0 0.515318 0.299523 0.001050 0.001856
0 0.553779 0.299523 0.000859 0.001856
1 0.538175 0.298860 0.001718 0.002121
0 0.527152 0.296473 0.001241 0.001591
0 0.519326 0.297932 0.000859 0.001856
0 0.528965 0.294484 0.001050 0.001856
0 0.528393 0.291169 0.001432 0.001591
0 0.524909 0.295412 0.001527 0.002121
0 0.522571 0.297534 0.000859 0.001591
0 0.522714 0.295545 0.000954 0.001326
0 0.521474 0.295810 0.000954 0.001326
0 0.520853 0.298064 0.000859 0.001591
0 0.519756 0.296075 0.000954 0.002387
1 0.570242 0.292363 0.001527 0.001856
0 0.508923 0.295015 0.001050 0.001856
0 0.520949 0.292628 0.001241 0.001856
1 0.545047 0.289181 0.002291 0.001856
1 0.550057 0.288252 0.002386 0.002121
1 0.564659 0.288252 0.002386 0.002121
1 0.568286 0.282286 0.001813 0.001856
1 0.573678 0.282816 0.001527 0.001856
0 0.553159 0.290506 0.000954 0.001326
0 0.550105 0.292761 0.001145 0.001591
0 0.631991 0.111907 0.000573 0.003713
0 0.631132 0.096924 0.000764 0.002917
0 0.645352 0.098117 0.000573 0.003182
0 0.644732 0.098117 0.000477 0.003182
0 0.643777 0.097985 0.000477 0.002917
0 0.643205 0.097852 0.000668 0.002652
0 0.642537 0.097852 0.000477 0.002652
0 0.642107 0.097719 0.000573 0.003447
0 0.637860 0.091090 0.000668 0.002387
0 0.630512 0.096659 0.000668 0.003447
0 0.632182 0.101697 0.000573 0.002917
0 0.629987 0.096659 0.000573 0.002387
0 0.629462 0.097322 0.000668 0.002652
0 0.628889 0.097719 0.000668 0.003447
0 0.628316 0.098117 0.000668 0.003713
0 0.627744 0.098780 0.000477 0.002917
0 0.625501 0.102228 0.000954 0.003447
0 0.622686 0.107001 0.001050 0.002917
0 0.645877 0.097719 0.000477 0.003978
0 0.632707 0.101697 0.000477 0.002917
0 0.619870 0.119464 0.001336 0.002917
0 0.629366 0.108062 0.000477 0.003447
0 0.633709 0.111774 0.000382 0.003447
0 0.634234 0.108724 0.000477 0.003182
0 0.633613 0.108724 0.000382 0.003182
0 0.633041 0.108724 0.000573 0.003182
0 0.632516 0.108724 0.000477 0.003182
0 0.631991 0.108592 0.000573 0.002917
0 0.630082 0.108327 0.000382 0.002917
0 0.628460 0.108459 0.000573 0.003182
0 0.633184 0.101697 0.000477 0.003978
0 0.627314 0.108194 0.000573 0.002652
0 0.648836 0.108857 0.001050 0.001326
0 0.647356 0.109122 0.001336 0.001326
0 0.641916 0.109653 0.000573 0.002387
0 0.639674 0.102758 0.001241 0.002387
0 0.634281 0.101299 0.000573 0.002652
0 0.633756 0.101697 0.000477 0.002917
0 0.622018 0.109653 0.001241 0.002917
0 0.619584 0.121055 0.001145 0.002917
0 0.547767 0.293821 0.001050 0.002121
0 0.543711 0.172235 0.000954 0.001856
0 0.541897 0.222222 0.001336 0.001591
0 0.527772 0.219836 0.001336 0.002121
0 0.521474 0.202201 0.001336 0.003447
0 0.516893 0.196632 0.001145 0.003447
0 0.522810 0.183373 0.000954 0.003447
0 0.546860 0.172633 0.000573 0.003182
0 0.543949 0.175020 0.000668 0.003713
0 0.514554 0.246884 0.000668 0.003713
0 0.547003 0.154999 0.000859 0.002917
1 0.556881 0.255237 0.000954 0.006099
1 0.525052 0.297136 0.001813 0.001856
1 0.523048 0.299390 0.002195 0.002652
1 0.529299 0.296340 0.001718 0.001856
0 0.545858 0.293954 0.001241 0.001856
0 0.548912 0.290109 0.001432 0.001591
0 0.548292 0.291700 0.001145 0.001591
0 0.551155 0.186820 0.000764 0.002917
0 0.547433 0.154203 0.000954 0.002917
0 0.612283 0.146778 0.000859 0.002917
0 0.595581 0.127818 0.000668 0.003713
0 0.616625 0.110183 0.000954 0.003447
0 0.619298 0.099045 0.001145 0.002917
0 0.639340 0.082074 0.001718 0.002917
0 0.633136 0.081013 0.001336 0.002917
0 0.632325 0.083400 0.000859 0.002387
0 0.627171 0.084726 0.001050 0.002387
0 0.599637 0.130602 0.001145 0.001326
0 0.595056 0.127818 0.000764 0.004243
0 0.548339 0.146911 0.000477 0.003713
0 0.593863 0.128083 0.000668 0.004243
0 0.572819 0.133386 0.001145 0.001591
0 0.577448 0.145850 0.001050 0.002121
0 0.590332 0.129276 0.000477 0.003978
0 0.592861 0.128083 0.000573 0.003713
0 0.577305 0.124635 0.001527 0.002121
0 0.613142 0.097719 0.001050 0.005038
0 0.514125 0.297932 0.001145 0.001326
0 0.514316 0.306815 0.001145 0.001061
0 0.572390 0.312251 0.001241 0.003447
0 0.550725 0.425749 0.001050 0.001856
0 0.555593 0.426412 0.001241 0.002121
0 0.555927 0.427871 0.001145 0.001856
0 0.553588 0.428268 0.001241 0.001591
0 0.553111 0.426545 0.001050 0.001856
0 0.552920 0.424821 0.001050 0.001591
0 0.551489 0.429064 0.000668 0.001591
0 0.550534 0.427340 0.001050 0.001856
0 0.546383 0.431053 0.000954 0.002387
0 0.558933 0.425484 0.001050 0.001856
0 0.544426 0.431583 0.001050 0.002917
0 0.542995 0.432776 0.001050 0.001591
0 0.525148 0.430920 0.001813 0.002121
0 0.536600 0.433439 0.001050 0.001856
0 0.538748 0.433042 0.001145 0.001591
0 0.539607 0.431451 0.001145 0.001591
0 0.541182 0.429462 0.001241 0.001856
0 0.558599 0.423628 0.001145 0.001856
0 0.561080 0.423097 0.000954 0.001856
0 0.541325 0.427473 0.001145 0.001591
0 0.569622 0.422567 0.001241 0.001856
0 0.573917 0.425484 0.001050 0.001856
0 0.573535 0.423893 0.001050 0.001326
0 0.573487 0.422302 0.000954 0.001856
0 0.574346 0.420313 0.001145 0.001591
0 0.572676 0.420578 0.001050 0.001591
0 0.571292 0.422832 0.000954 0.001326
0 0.570767 0.420976 0.001050 0.000796
0 0.567952 0.424821 0.000954 0.001591
0 0.561176 0.425086 0.000954 0.001591
0 0.568143 0.423363 0.001336 0.001856
0 0.568334 0.421374 0.000764 0.001591
0 0.566043 0.423893 0.001145 0.001326
0 0.565423 0.422169 0.001050 0.001591
0 0.563657 0.424291 0.001145 0.001591
0 0.563466 0.422700 0.000954 0.001591
0 0.562321 0.424821 0.000954 0.001591
0 0.543472 0.428534 0.000859 0.001591
0 0.539655 0.427738 0.001050 0.002121
0 0.572390 0.310130 0.001241 0.002917
0 0.542374 0.409175 0.000573 0.003182
0 0.546621 0.408115 0.000668 0.002652
0 0.546097 0.407982 0.000573 0.002917
0 0.545429 0.408247 0.000573 0.002917
0 0.544951 0.408247 0.000573 0.002917
0 0.544522 0.408645 0.000859 0.002652
0 0.543902 0.408512 0.000573 0.003447
0 0.543377 0.408380 0.000668 0.002652
0 0.541850 0.408512 0.000668 0.002917
0 0.545763 0.414479 0.000859 0.003182
0 0.541325 0.408645 0.000573 0.002652
0 0.540752 0.408645 0.000573 0.002652
0 0.540132 0.409308 0.000668 0.002917
0 0.539655 0.409308 0.000668 0.002917
0 0.539130 0.409706 0.000573 0.003182
0 0.538557 0.409971 0.000764 0.003182
0 0.547194 0.407849 0.000668 0.002652
0 0.546431 0.414346 0.000859 0.002917
0 0.545238 0.414612 0.000954 0.003447
0 0.537269 0.428401 0.000859 0.001856
0 0.536457 0.416335 0.000954 0.003182
0 0.530111 0.418191 0.000859 0.003713
0 0.530731 0.418059 0.000954 0.003447
0 0.531304 0.417794 0.000954 0.003447
0 0.531876 0.417396 0.000764 0.003182
0 0.532497 0.417263 0.000859 0.003447
0 0.535312 0.416998 0.000954 0.002917
0 0.535932 0.416600 0.000859 0.003713
0 0.537078 0.416468 0.000859 0.002917
0 0.544713 0.415142 0.001050 0.003978
0 0.537507 0.416070 0.000954 0.003713
0 0.538128 0.416203 0.000859 0.002917
0 0.538700 0.416070 0.000859 0.003182
0 0.539273 0.416335 0.000859 0.003182
0 0.539655 0.415407 0.001050 0.003447
0 0.541945 0.415274 0.001050 0.003713
0 0.542565 0.415142 0.001145 0.003447
0 0.575014 0.423760 0.000954 0.001591
0 0.566854 0.408512 0.001241 0.001856
0 0.570004 0.405065 0.001432 0.001856
0 0.534310 0.310263 0.000859 0.002652
0 0.537793 0.317157 0.000954 0.002121
0 0.539607 0.315434 0.000764 0.003447
0 0.538843 0.315831 0.000764 0.003713
0 0.537984 0.315434 0.000954 0.001856
0 0.535694 0.316494 0.001336 0.001856
0 0.525100 0.318748 0.001145 0.002652
0 0.532306 0.317688 0.001050 0.002121
0 0.533785 0.310660 0.000764 0.002917
0 0.538223 0.324052 0.001050 0.002121
0 0.532735 0.310793 0.000764 0.003182
0 0.539320 0.309467 0.000764 0.002652
0 0.540466 0.309202 0.000764 0.003182
0 0.544379 0.308141 0.000382 0.002652
0 0.543854 0.308406 0.000668 0.003182
0 0.542804 0.318483 0.001241 0.002121
0 0.558217 0.320339 0.000954 0.001061
0 0.537984 0.318616 0.001145 0.002387
0 0.538271 0.325643 0.001145 0.002652
0 0.545715 0.341952 0.001145 0.001856
0 0.569622 0.325113 0.001241 0.002652
0 0.572151 0.308141 0.001336 0.003182
0 0.570529 0.317820 0.001145 0.001856
0 0.570624 0.319676 0.001336 0.002917
0 0.570767 0.322991 0.001050 0.002121
0 0.570815 0.324715 0.000954 0.001856
0 0.570815 0.326439 0.001145 0.002121
0 0.570910 0.328427 0.001145 0.002917
0 0.569670 0.321931 0.001145 0.002121
0 0.538271 0.328693 0.001145 0.002917
0 0.569431 0.316759 0.001241 0.002387
0 0.569527 0.315036 0.001241 0.002121
0 0.534692 0.324185 0.001241 0.002387
0 0.534739 0.321931 0.001336 0.002652
0 0.534692 0.319411 0.001050 0.002387
0 0.535837 0.321665 0.001241 0.002121
0 0.535885 0.330549 0.001336 0.002387
0 0.558265 0.319146 0.000859 0.001326
0 0.558360 0.316362 0.001050 0.001061
0 0.558122 0.314505 0.000954 0.001061
0 0.506538 0.356935 0.001050 0.002652
0 0.549532 0.338770 0.000954 0.001856
0 0.511882 0.358260 0.000859 0.004243
0 0.510785 0.358526 0.001145 0.002652
0 0.509544 0.358923 0.000764 0.002917
0 0.508971 0.359586 0.000954 0.002652
0 0.508017 0.359189 0.000382 0.003447
0 0.507444 0.359719 0.000573 0.002917
0 0.506442 0.355211 0.001241 0.002917
0 0.558169 0.313180 0.000859 0.001591
0 0.506490 0.353355 0.001145 0.002917
0 0.572485 0.343278 0.001241 0.002917
1 0.552539 0.353487 0.001813 0.002121
1 0.552777 0.350040 0.001909 0.002652
1 0.552634 0.351896 0.001622 0.002121
1 0.552682 0.348714 0.001909 0.002121
0 0.556070 0.328958 0.001050 0.002387
0 0.572772 0.340891 0.001241 0.002387
0 0.571292 0.340626 0.001145 0.002917
0 0.566425 0.328958 0.001336 0.002387
0 0.558122 0.311986 0.000954 0.001326
0 0.557979 0.310263 0.001050 0.001591
0 0.558026 0.308804 0.000954 0.001326
0 0.557931 0.307213 0.001145 0.001856
0 0.554734 0.308539 0.001050 0.002387
0 0.554018 0.312649 0.001145 0.002652
0 0.553827 0.314108 0.000954 0.001856
0 0.553732 0.315301 0.001145 0.002121
0 0.553588 0.317555 0.001050 0.001856
0 0.553541 0.319279 0.001145 0.001591
0 0.553684 0.320472 0.001050 0.001326
0 0.553732 0.321798 0.000954 0.001326
0 0.553875 0.323389 0.001050 0.001326
0 0.557311 0.325245 0.001050 0.001856
0 0.560842 0.327102 0.001050 0.001326
0 0.632516 0.111641 0.000477 0.003182
0 0.628937 0.111244 0.000573 0.002917
0 0.548339 0.407584 0.000477 0.002652
0 0.609324 0.256961 0.000477 0.003713
1 0.610756 0.216123 0.000668 0.006364
1 0.605268 0.282418 0.002481 0.002121
1 0.608227 0.282949 0.001718 0.001591
1 0.599780 0.283347 0.002004 0.001856
1 0.602405 0.282021 0.001718 0.001326
1 0.603598 0.291832 0.001622 0.001326
0 0.609897 0.266640 0.000477 0.002917
0 0.609372 0.263723 0.000573 0.002917
1 0.612951 0.239989 0.000859 0.007425
0 0.610660 0.264784 0.000477 0.003447
0 0.610708 0.260011 0.000573 0.003447
0 0.610851 0.256033 0.000668 0.003447
0 0.610183 0.258420 0.000668 0.003447
0 0.609515 0.251127 0.000477 0.003182
0 0.610804 0.252851 0.000573 0.003447
0 0.611710 0.272209 0.000477 0.002917
1 0.613046 0.230045 0.000668 0.006099
1 0.612808 0.247945 0.000764 0.005834
0 0.611615 0.275391 0.000859 0.002917
0 0.628985 0.291965 0.001050 0.001061
0 0.624165 0.279369 0.000573 0.003447
0 0.623592 0.279236 0.000382 0.003182
0 0.623115 0.279104 0.000382 0.002917
0 0.622542 0.278573 0.000382 0.002917
0 0.631323 0.288783 0.000954 0.001591
0 0.631036 0.287722 0.001145 0.002121
0 0.630702 0.292893 0.001050 0.001856
0 0.629796 0.290241 0.000954 0.001326
1 0.615432 0.263988 0.000859 0.006630
0 0.629414 0.288783 0.001145 0.001591
1 0.618486 0.290506 0.001622 0.001856
1 0.614430 0.287589 0.001909 0.001856
1 0.628889 0.287059 0.002004 0.002387
1 0.623497 0.285468 0.001718 0.002387
1 0.610899 0.202997 0.000573 0.004508
1 0.615623 0.246089 0.000859 0.006364
0 0.611949 0.268099 0.000573 0.003713
0 0.612187 0.276717 0.000859 0.003447
0 0.625167 0.279634 0.000477 0.003447
0 0.627267 0.291037 0.000859 0.001326
0 0.612140 0.244895 0.000573 0.003447
0 0.612140 0.240918 0.000573 0.003447
0 0.613667 0.236277 0.000573 0.003182
0 0.613667 0.225802 0.000573 0.002917
0 0.613619 0.232167 0.000477 0.002917
0 0.612187 0.231504 0.000668 0.003182
0 0.610088 0.203262 0.000477 0.003447
0 0.627601 0.289711 0.000954 0.001326
0 0.612235 0.252055 0.000573 0.003447
0 0.627696 0.288385 0.001145 0.001326
0 0.626312 0.286396 0.001050 0.001591
0 0.624499 0.287722 0.000859 0.001591
0 0.624547 0.289711 0.001145 0.001856
0 0.624165 0.291435 0.001145 0.001591
0 0.622877 0.287457 0.001050 0.001591
0 0.621540 0.290374 0.001050 0.001591
0 0.612092 0.248740 0.000477 0.003182
0 0.612140 0.256165 0.000382 0.003182
0 0.612665 0.279369 0.000668 0.002917
0 0.613333 0.263060 0.000477 0.003182
0 0.612999 0.274330 0.000573 0.002917
0 0.612474 0.271811 0.000477 0.002652
0 0.612569 0.268496 0.000477 0.002917
0 0.613190 0.270618 0.000573 0.003447
0 0.613237 0.266773 0.000477 0.002652
0 0.612712 0.265049 0.000382 0.003447
0 0.612617 0.261469 0.000382 0.002121
0 0.613380 0.259613 0.000382 0.003182
0 0.612092 0.260674 0.000477 0.003182
0 0.612760 0.253646 0.000286 0.002917
0 0.612760 0.257757 0.000477 0.002652
0 0.613380 0.255370 0.000382 0.003713
0 0.613380 0.251923 0.000382 0.002652
0 0.613428 0.246619 0.000477 0.003713
0 0.613476 0.243039 0.000573 0.002917
0 0.613428 0.239989 0.000477 0.003182
0 0.624594 0.279501 0.000477 0.003182
0 0.625644 0.279369 0.000477 0.003447
0 0.628316 0.111244 0.000477 0.002917
0 0.616959 0.302705 0.000859 0.002917
0 0.621540 0.302970 0.000668 0.002917
0 0.620395 0.302970 0.000859 0.002917
0 0.619775 0.302837 0.000954 0.003182
0 0.619154 0.302440 0.000859 0.002387
0 0.618630 0.302705 0.000954 0.002917
0 0.618057 0.302970 0.000954 0.003447
0 0.617341 0.302440 0.000859 0.002387
0 0.639721 0.311721 0.000954 0.002387
0 0.623258 0.303235 0.000859 0.002917
0 0.635904 0.310130 0.001145 0.001326
0 0.617627 0.296738 0.001241 0.001591
0 0.617627 0.295147 0.001050 0.001591
0 0.617627 0.293423 0.001050 0.001326
0 0.617723 0.292098 0.001241 0.001326
0 0.618868 0.296606 0.001050 0.001326
0 0.618964 0.294882 0.000859 0.001591
0 0.622590 0.302970 0.000859 0.003447
0 0.582124 0.307213 0.000859 0.002917
0 0.622065 0.295810 0.000954 0.001326
0 0.586371 0.306285 0.000764 0.002652
0 0.584415 0.316097 0.001241 0.002121
0 0.576541 0.339698 0.000764 0.003182
0 0.581266 0.323389 0.001241 0.002917
0 0.588519 0.305489 0.000859 0.002652
0 0.587946 0.305622 0.000859 0.003447
0 0.587374 0.305887 0.000859 0.002917
0 0.586801 0.306152 0.000859 0.002917
0 0.585847 0.306550 0.001050 0.003182
0 0.582745 0.306815 0.000954 0.003182
0 0.585274 0.306417 0.000859 0.002917
0 0.584749 0.306417 0.000573 0.002387
0 0.584272 0.306683 0.000954 0.002917
0 0.569288 0.303633 0.000573 0.002652
0 0.569956 0.303766 0.000573 0.002917
0 0.570433 0.303500 0.000573 0.002917
0 0.583699 0.306683 0.000764 0.002917
0 0.620300 0.295678 0.001241 0.002121
0 0.623449 0.296075 0.001050 0.001326
0 0.626121 0.279236 0.000477 0.003182
0 0.630607 0.279899 0.000477 0.002917
0 0.634186 0.280297 0.000573 0.003182
0 0.633613 0.280562 0.000573 0.003182
0 0.633088 0.280164 0.000477 0.003447
0 0.632611 0.280297 0.000477 0.003182
0 0.631991 0.280164 0.000382 0.002917
0 0.631514 0.280164 0.000382 0.002917
0 0.631132 0.280032 0.000382 0.003182
0 0.630130 0.279767 0.000668 0.002652
0 0.639483 0.274596 0.001050 0.001326
0 0.629605 0.279767 0.000573 0.002652
0 0.629128 0.279899 0.000382 0.002917
0 0.628698 0.279634 0.000477 0.002917
0 0.628126 0.279767 0.000477 0.002652
0 0.627696 0.279899 0.000382 0.002917
0 0.627123 0.279899 0.000573 0.002917
0 0.626599 0.279236 0.000477 0.003182
0 0.638337 0.274330 0.001050 0.001856
0 0.637622 0.280960 0.000573 0.003447
0 0.628746 0.297932 0.001336 0.001326
0 0.633661 0.291700 0.001050 0.002121
0 0.638958 0.293556 0.000954 0.001591
0 0.638815 0.292363 0.000859 0.001326
0 0.640246 0.293954 0.000859 0.001326
0 0.640151 0.292495 0.001050 0.001591
0 0.639817 0.290772 0.000954 0.001326
0 0.639864 0.288783 0.000859 0.001591
0 0.632707 0.292628 0.001050 0.001326
0 0.632659 0.289446 0.000954 0.001856
0 0.633184 0.287722 0.001050 0.001591
0 0.634902 0.293423 0.001050 0.001856
0 0.635808 0.291832 0.000954 0.001326
0 0.637192 0.293556 0.000859 0.001591
0 0.637240 0.291832 0.000954 0.001326
0 0.637335 0.290241 0.000954 0.001856
0 0.637001 0.288252 0.001050 0.001591
0 0.635331 0.288120 0.000954 0.001856
0 0.621302 0.288783 0.001145 0.001591
0 0.621493 0.286529 0.001145 0.001326
0 0.619679 0.288252 0.000954 0.001591
0 0.636620 0.128348 0.000477 0.002652
0 0.626933 0.134580 0.000382 0.003447
0 0.626408 0.134977 0.000477 0.003182
0 0.625883 0.134977 0.000573 0.002652
0 0.625072 0.135508 0.001050 0.003182
0 0.638147 0.128746 0.000477 0.002917
0 0.637669 0.128746 0.000477 0.002917
0 0.637097 0.128613 0.000477 0.003182
0 0.636047 0.128481 0.000477 0.002917
0 0.627935 0.135375 0.000477 0.003447
0 0.635045 0.128481 0.000573 0.002917
0 0.634377 0.128481 0.000382 0.002917
0 0.633709 0.118934 0.000573 0.002917
0 0.646163 0.113233 0.000477 0.002652
0 0.645161 0.112967 0.000573 0.003182
0 0.644064 0.113365 0.000477 0.002917
0 0.643491 0.112967 0.000477 0.003182
0 0.627362 0.134845 0.000477 0.002917
0 0.628460 0.135375 0.000573 0.003447
0 0.639387 0.119067 0.000477 0.003182
0 0.633422 0.135906 0.000573 0.002917
0 0.624976 0.146645 0.001050 0.001061
0 0.623879 0.146380 0.001145 0.001591
0 0.623926 0.144922 0.001050 0.001326
0 0.624976 0.144789 0.001050 0.001591
0 0.625072 0.143198 0.001050 0.001591
0 0.623974 0.143198 0.001145 0.001591
0 0.624833 0.141740 0.000954 0.001856
0 0.632897 0.135906 0.000477 0.002917
0 0.628985 0.135243 0.000477 0.003182
0 0.632420 0.135773 0.000477 0.003182
0 0.631991 0.135508 0.000382 0.003182
0 0.631418 0.135640 0.000573 0.002917
0 0.630846 0.135640 0.000573 0.002917
0 0.630368 0.135508 0.000382 0.003182
0 0.629891 0.135508 0.000382 0.002652
0 0.629414 0.135640 0.000382 0.002917
0 0.640867 0.125033 0.000573 0.003447
0 0.638242 0.122647 0.000477 0.002917
0 0.620061 0.286794 0.001145 0.001856
0 0.627648 0.120923 0.000477 0.003182
0 0.620729 0.126889 0.000573 0.003447
0 0.628794 0.118404 0.000477 0.002917
0 0.629223 0.118271 0.000573 0.003182
0 0.629891 0.118271 0.000573 0.003182
0 0.629175 0.121453 0.000477 0.003182
0 0.628698 0.121453 0.000477 0.003182
0 0.628126 0.121321 0.000477 0.003447
0 0.627123 0.120923 0.000573 0.003182
0 0.622304 0.126757 0.000477 0.003713
0 0.625501 0.120790 0.000573 0.003447
0 0.624976 0.120923 0.000477 0.003182
0 0.626551 0.117873 0.000382 0.002917
0 0.624547 0.118271 0.000382 0.002652
0 0.623545 0.118006 0.000477 0.002652
0 0.622924 0.117343 0.000573 0.003447
0 0.627792 0.110846 0.000573 0.003182
0 0.621827 0.126757 0.000477 0.003182
0 0.622924 0.126757 0.000573 0.003713
0 0.637765 0.122514 0.000477 0.003182
0 0.632039 0.128215 0.000668 0.002917
0 0.637240 0.122647 0.000382 0.002917
0 0.636667 0.122514 0.000382 0.003182
0 0.636142 0.122381 0.000477 0.002917
0 0.635093 0.122381 0.000477 0.002917
0 0.633088 0.121984 0.000477 0.002652
0 0.633470 0.128215 0.000668 0.002917
0 0.632420 0.128215 0.000668 0.002917
0 0.631466 0.128215 0.000668 0.002917
0 0.623401 0.127022 0.000382 0.003182
0 0.630846 0.128215 0.000382 0.003447
0 0.630130 0.127950 0.000477 0.003447
0 0.629653 0.127818 0.000477 0.003182
0 0.629032 0.127685 0.000573 0.002917
0 0.628030 0.127552 0.000477 0.003182
0 0.625453 0.127287 0.000668 0.003182
0 0.624404 0.127420 0.000477 0.002917
0 0.624976 0.148237 0.000859 0.001061
0 0.624928 0.149430 0.001145 0.001326
0 0.624833 0.150756 0.001145 0.001326
0 0.594436 0.281623 0.001241 0.001591
0 0.602548 0.285203 0.001050 0.001326
0 0.602071 0.283612 0.001241 0.001856
0 0.600353 0.286661 0.001050 0.001591
0 0.599351 0.284938 0.001336 0.001856
0 0.599065 0.281623 0.001145 0.001591
0 0.593529 0.286396 0.000954 0.001591
0 0.592479 0.281756 0.001145 0.001856
0 0.594531 0.283081 0.001050 0.001326
0 0.603932 0.283744 0.001145 0.001591
0 0.592670 0.284540 0.001145 0.001591
0 0.591334 0.283347 0.001145 0.001856
0 0.590905 0.281623 0.001241 0.002121
0 0.589712 0.284938 0.000954 0.001856
0 0.575730 0.311058 0.000477 0.003182
0 0.575635 0.302572 0.000668 0.003182
0 0.583317 0.287855 0.000954 0.001856
0 0.604123 0.286927 0.001145 0.001061
0 0.606509 0.284142 0.000954 0.001326
0 0.624976 0.151949 0.001050 0.001591
0 0.613905 0.283877 0.001050 0.001326
0 0.618009 0.287324 0.001050 0.002387
0 0.614478 0.289313 0.001050 0.001591
0 0.616053 0.287987 0.001145 0.001061
0 0.617055 0.286264 0.001050 0.001326
0 0.618152 0.284275 0.001145 0.001591
0 0.615480 0.284010 0.000954 0.001591
0 0.613810 0.285468 0.001050 0.001326
0 0.613142 0.297136 0.001050 0.002917
0 0.607129 0.285998 0.001050 0.001326
0 0.613524 0.294749 0.001432 0.003978
0 0.610040 0.292495 0.000954 0.001061
0 0.610279 0.283479 0.001432 0.001591
0 0.610756 0.278706 0.000859 0.002652
0 0.609467 0.284805 0.000954 0.001591
0 0.607606 0.287324 0.001050 0.001326
0 0.609372 0.286131 0.000954 0.001591
0 0.584367 0.285998 0.001145 0.001856
0 0.584701 0.290374 0.001050 0.001591
0 0.582793 0.292230 0.001432 0.001591
0 0.624738 0.164413 0.001145 0.001591
0 0.579786 0.279369 0.000954 0.001326
0 0.578593 0.281756 0.000859 0.001856
0 0.577114 0.282949 0.001718 0.002652
0 0.577066 0.280430 0.000859 0.001326
0 0.624690 0.168656 0.001050 0.001061
0 0.624642 0.167064 0.000954 0.001591
0 0.624642 0.165606 0.000954 0.001326
0 0.624642 0.162954 0.000954 0.001326
0 0.579500 0.291037 0.001145 0.001326
0 0.624642 0.161893 0.001145 0.001326
0 0.624881 0.160302 0.001050 0.001326
0 0.624785 0.158844 0.001050 0.001061
0 0.624928 0.157650 0.000954 0.001326
0 0.624928 0.156192 0.000954 0.001061
0 0.624928 0.154999 0.001145 0.001326
0 0.625024 0.153408 0.000954 0.001326
0 0.580025 0.281358 0.000859 0.001061
0 0.580836 0.279236 0.000954 0.001061
0 0.581934 0.279369 0.001050 0.001326
0 0.583556 0.278839 0.001050 0.001326
0 0.580120 0.288650 0.001050 0.001856
0 0.579882 0.286396 0.000764 0.001591
0 0.580741 0.284142 0.001718 0.001856
0 0.583317 0.282816 0.000954 0.001856
0 0.587898 0.285070 0.001336 0.001591
0 0.588901 0.283612 0.001050 0.001326
0 0.586658 0.283612 0.000954 0.001326
0 0.584463 0.280827 0.001145 0.001061
0 0.583174 0.280695 0.000859 0.001326
0 0.582220 0.281358 0.001050 0.001591
0 0.581218 0.281225 0.000764 0.001326
0 0.587946 0.278043 0.001050 0.001326
0 0.588185 0.280430 0.001145 0.001326
0 0.586896 0.279899 0.001050 0.001326
0 0.585608 0.278441 0.001336 0.001591
0 0.547814 0.407452 0.000573 0.002917
0 0.548864 0.407319 0.000573 0.002652
0 0.474613 0.407452 0.000954 0.001856
1 0.558169 0.538054 0.001813 0.002652
0 0.572581 0.481702 0.001050 0.002387
1 0.571817 0.477062 0.001813 0.003713
1 0.570767 0.482100 0.000668 0.005304
1 0.535646 0.522673 0.001050 0.006364
0 0.533308 0.544816 0.000573 0.003447
1 0.557692 0.535402 0.001241 0.003182
1 0.559935 0.532087 0.001336 0.001326
0 0.549676 0.487802 0.000477 0.002917
1 0.550582 0.526120 0.000954 0.004773
1 0.551203 0.520949 0.000859 0.005569
1 0.539750 0.520154 0.000668 0.003978
1 0.536887 0.518165 0.001432 0.002121
1 0.538986 0.620392 0.001241 0.002917
1 0.521712 0.626226 0.001241 0.001856
1 0.519088 0.567754 0.001336 0.002121
0 0.573917 0.479714 0.001432 0.003182
0 0.557645 0.483028 0.001336 0.001856
1 0.514984 0.568682 0.001336 0.001856
0 0.513600 0.468576 0.000477 0.003182
0 0.511023 0.435693 0.001050 0.001591
0 0.511500 0.434368 0.001050 0.001591
0 0.509067 0.434765 0.000954 0.001326
0 0.507778 0.434633 0.001050 0.001591
0 0.504915 0.466587 0.001050 0.001856
0 0.515222 0.467648 0.000668 0.003447
0 0.514125 0.468178 0.000573 0.002917
0 0.507635 0.438080 0.000764 0.001591
0 0.558408 0.511801 0.001145 0.002121
0 0.506108 0.438743 0.000954 0.001326
0 0.506203 0.437019 0.001527 0.002121
0 0.505917 0.428136 0.000954 0.002917
0 0.553636 0.455980 0.001145 0.001856
0 0.575062 0.501458 0.001241 0.003182
0 0.573630 0.504243 0.001241 0.003447
0 0.572724 0.503713 0.001145 0.002917
1 0.517322 0.566163 0.001241 0.002121
1 0.515222 0.567224 0.001050 0.002121
0 0.507158 0.431716 0.001145 0.002652
0 0.473325 0.589101 0.001241 0.002387
0 0.478813 0.616547 0.000764 0.003713
0 0.478813 0.630337 0.000764 0.003713
0 0.474852 0.632723 0.001050 0.002121
0 0.499761 0.610316 0.000668 0.003978
0 0.493462 0.628481 0.001050 0.004243
0 0.473230 0.592548 0.001050 0.002387
0 0.472991 0.590825 0.001336 0.002121
0 0.466406 0.571201 0.000764 0.003182
0 0.492556 0.613763 0.001336 0.003978
0 0.463829 0.545611 0.000573 0.003447
0 0.472084 0.555290 0.001241 0.001591
0 0.472084 0.553302 0.001050 0.001326
0 0.472275 0.551710 0.001050 0.001326
0 0.490074 0.538849 0.000573 0.003713
0 0.490361 0.536330 0.001145 0.001856
0 0.491077 0.511535 0.001622 0.002121
0 0.492222 0.615354 0.001241 0.003978
0 0.498282 0.562715 0.000954 0.003182
1 0.557167 0.558207 0.001145 0.003182
1 0.566998 0.654071 0.001909 0.003447
1 0.557597 0.559401 0.001241 0.003447
1 0.558169 0.560329 0.001241 0.003182
1 0.558742 0.562053 0.001050 0.003447
1 0.560031 0.561522 0.001145 0.003447
1 0.559362 0.564439 0.000954 0.003447
1 0.559172 0.562583 0.001145 0.003447
1 0.557835 0.587112 0.001145 0.003182
1 0.554257 0.662159 0.002195 0.002121
0 0.464831 0.559268 0.000859 0.005304
0 0.557215 0.657253 0.001432 0.001326
0 0.542374 0.666401 0.001336 0.002121
0 0.537221 0.667727 0.001336 0.001591
1 0.516224 0.668258 0.002291 0.002652
1 0.498855 0.673959 0.002100 0.002387
0 0.491983 0.677274 0.001145 0.001591
0 0.465595 0.681384 0.001241 0.001856
0 0.510641 0.437550 0.001241 0.002121
0 0.513123 0.433572 0.001050 0.001591
0 0.510546 0.410103 0.001241 0.002387
0 0.510689 0.417926 0.000764 0.002121
0 0.517513 0.415407 0.000668 0.003447
0 0.516559 0.415937 0.000668 0.003447
0 0.515938 0.415805 0.000764 0.003182
0 0.514029 0.416070 0.000954 0.003182
0 0.512980 0.416468 0.000764 0.002917
0 0.512168 0.416733 0.000668 0.002917
0 0.510785 0.416468 0.001145 0.002387
0 0.510021 0.424158 0.000573 0.003447
0 0.518467 0.414744 0.001050 0.002121
0 0.509448 0.423893 0.000382 0.002917
0 0.508733 0.422832 0.000859 0.002917
0 0.508494 0.421506 0.000954 0.002917
0 0.508589 0.419650 0.001145 0.002917
0 0.508446 0.418457 0.001050 0.002652
0 0.508303 0.416998 0.001145 0.002917
0 0.508208 0.415672 0.000954 0.002917
0 0.518658 0.416335 0.001050 0.001591
0 0.518610 0.413020 0.001145 0.002387
0 0.508208 0.411695 0.001145 0.003447
0 0.510307 0.395518 0.001145 0.001856
0 0.510403 0.406789 0.001145 0.002121
0 0.510403 0.405330 0.001145 0.001856
0 0.510307 0.403341 0.000954 0.002121
0 0.510355 0.402015 0.001050 0.002121
0 0.510355 0.400424 0.001241 0.002121
0 0.510307 0.398966 0.001145 0.001856
0 0.510260 0.396977 0.001050 0.002121
0 0.510021 0.393397 0.000954 0.001856
0 0.518610 0.411827 0.000954 0.002652
0 0.509926 0.391938 0.000954 0.002652
0 0.510021 0.389154 0.000954 0.002387
0 0.509926 0.387563 0.001336 0.002917
0 0.509973 0.385972 0.001241 0.002387
0 0.509878 0.384248 0.001050 0.002652
0 0.510164 0.382392 0.001050 0.002121
0 0.518420 0.409971 0.000954 0.002121
0 0.508351 0.413551 0.001241 0.002917
0 0.508255 0.409838 0.001050 0.002917
0 0.515127 0.433174 0.000859 0.001856
0 0.531447 0.429727 0.001241 0.001856
0 0.510928 0.376293 0.000859 0.002652
0 0.509735 0.376691 0.000954 0.002917
0 0.509162 0.376823 0.001145 0.003182
0 0.508446 0.376823 0.001050 0.003182
0 0.507921 0.377619 0.000954 0.003182
1 0.538318 0.430257 0.001813 0.002387
1 0.534596 0.429064 0.001813 0.002121
0 0.528631 0.423760 0.000954 0.002121
0 0.512121 0.376425 0.000382 0.002917
0 0.530302 0.423628 0.001050 0.001326
0 0.528918 0.425484 0.000954 0.001856
0 0.528441 0.430390 0.000954 0.001591
0 0.519469 0.434102 0.000954 0.001591
0 0.519326 0.432511 0.000859 0.001591
0 0.517513 0.433307 0.001050 0.002121
0 0.515366 0.436356 0.001145 0.001326
0 0.511691 0.376293 0.000477 0.003182
0 0.512884 0.376028 0.000764 0.003713
0 0.508065 0.408645 0.001050 0.003182
0 0.507635 0.396314 0.001145 0.003447
0 0.508065 0.406789 0.001050 0.003182
0 0.508065 0.405330 0.001050 0.003447
0 0.508017 0.403739 0.001145 0.002917
0 0.508017 0.402546 0.000954 0.002652
0 0.507921 0.400822 0.001145 0.003447
0 0.507778 0.399231 0.001241 0.002917
0 0.507826 0.397507 0.000954 0.003182
0 0.507587 0.394590 0.001241 0.003182
0 0.513504 0.376028 0.000477 0.002652
0 0.507683 0.392734 0.001241 0.003713
0 0.507540 0.391276 0.001145 0.003447
0 0.507587 0.388226 0.001241 0.003182
0 0.507444 0.385972 0.001145 0.002387
0 0.507396 0.384513 0.001241 0.003182
0 0.507492 0.382790 0.001241 0.003447
0 0.507301 0.380668 0.000859 0.001326
0 0.464497 0.513392 0.001336 0.002121
0 0.496326 0.486211 0.000477 0.003447
0 0.499523 0.465659 0.001336 0.001591
0 0.499618 0.403872 0.001336 0.002652
0 0.499809 0.414346 0.001145 0.001856
0 0.499905 0.413020 0.001336 0.002387
0 0.499571 0.411297 0.001050 0.001591
0 0.499618 0.409838 0.001145 0.001856
0 0.498521 0.407186 0.001432 0.001856
0 0.498473 0.405861 0.001145 0.001856
0 0.499523 0.405065 0.001336 0.001856
0 0.498378 0.401352 0.001527 0.002917
0 0.496230 0.398170 0.001050 0.002387
0 0.498425 0.399364 0.001432 0.002652
0 0.499141 0.395784 0.001145 0.001856
0 0.498091 0.392999 0.001145 0.002652
0 0.504820 0.405728 0.000477 0.003182
0 0.501909 0.413683 0.000954 0.002121
0 0.501861 0.412225 0.001050 0.002917
0 0.501766 0.410236 0.000859 0.002652
0 0.498902 0.417661 0.001241 0.002652
0 0.496469 0.401220 0.000954 0.002652
0 0.501622 0.405861 0.000954 0.002917
0 0.495848 0.415009 0.001050 0.002652
0 0.496660 0.410236 0.001145 0.002652
0 0.496564 0.408910 0.000954 0.002121
0 0.496612 0.407584 0.001050 0.002652
0 0.496230 0.406126 0.001050 0.002917
0 0.496421 0.403739 0.001050 0.002387
0 0.495848 0.418191 0.001241 0.002652
0 0.495944 0.416733 0.001241 0.002387
0 0.495801 0.413551 0.000954 0.002387
0 0.495228 0.398435 0.001145 0.002917
0 0.495514 0.412092 0.001145 0.002652
0 0.495514 0.407584 0.000954 0.002652
0 0.495467 0.405728 0.001241 0.002652
0 0.495371 0.404402 0.001050 0.002652
0 0.495514 0.402413 0.001336 0.002917
0 0.495324 0.401220 0.001145 0.002652
0 0.495276 0.399894 0.001241 0.002121
0 0.501718 0.407717 0.000954 0.002387
0 0.501479 0.404667 0.001050 0.003182
0 0.469937 0.478653 0.001336 0.002121
0 0.473993 0.418059 0.000859 0.001856
0 0.477143 0.414081 0.001050 0.002387
0 0.477143 0.412623 0.001050 0.002652
0 0.477047 0.410766 0.000859 0.002652
0 0.477047 0.409175 0.000859 0.002652
0 0.476999 0.407717 0.001145 0.002387
0 0.476904 0.406258 0.000954 0.002652
0 0.474184 0.419783 0.001241 0.002121
0 0.473993 0.416468 0.001050 0.001856
0 0.477238 0.417529 0.001432 0.002917
0 0.475138 0.418854 0.001050 0.001856
0 0.474948 0.417396 0.000859 0.001061
0 0.474948 0.416203 0.001050 0.001856
0 0.474948 0.414744 0.001241 0.002121
0 0.474948 0.413020 0.001241 0.001856
0 0.474852 0.411164 0.001050 0.001856
0 0.474566 0.409440 0.000859 0.001591
0 0.477286 0.415672 0.001145 0.002917
0 0.477429 0.418589 0.001050 0.002387
0 0.501575 0.401220 0.001050 0.002652
0 0.495085 0.395386 0.001050 0.002652
0 0.501432 0.398303 0.000954 0.002652
0 0.501336 0.396977 0.001336 0.003182
0 0.501336 0.393795 0.001336 0.003713
0 0.501193 0.390613 0.001241 0.003182
0 0.499284 0.391806 0.001622 0.002917
0 0.498950 0.386635 0.001527 0.002652
0 0.496230 0.394723 0.001050 0.002917
0 0.494942 0.393662 0.000954 0.002387
0 0.477811 0.405993 0.000859 0.002121
0 0.478622 0.418324 0.001145 0.003978
0 0.478288 0.415274 0.000859 0.002121
0 0.478049 0.412755 0.001145 0.002387
0 0.478097 0.410766 0.001050 0.002652
0 0.477906 0.409971 0.001050 0.002121
0 0.478002 0.408645 0.001050 0.002121
0 0.477954 0.407319 0.000954 0.002652
0 0.496612 0.412092 0.001050 0.002652
0 0.496707 0.413551 0.001050 0.002387
0 0.496851 0.416203 0.001145 0.002917
0 0.501336 0.436356 0.000764 0.001856
0 0.504390 0.438876 0.000764 0.002121
0 0.503579 0.437417 0.001050 0.002387
0 0.503483 0.435561 0.001050 0.001326
0 0.501241 0.439406 0.001336 0.002121
0 0.500573 0.437947 0.000954 0.001856
0 0.499189 0.440202 0.000859 0.001591
0 0.498425 0.438610 0.001050 0.001591
0 0.499380 0.436489 0.001050 0.002121
0 0.494560 0.430655 0.001145 0.002121
0 0.495896 0.440467 0.000764 0.001591
0 0.497375 0.440599 0.000859 0.001856
0 0.496564 0.439008 0.000954 0.001326
0 0.496946 0.437152 0.001145 0.001856
0 0.495801 0.437682 0.001145 0.001856
0 0.494083 0.441130 0.001145 0.001856
0 0.493940 0.439671 0.001050 0.002121
0 0.495467 0.442456 0.001241 0.001856
0 0.500907 0.431318 0.001050 0.001856
0 0.497089 0.417794 0.001050 0.002917
1 0.485016 0.440069 0.002291 0.002387
0 0.467790 0.476929 0.001241 0.001326
0 0.467837 0.475471 0.001145 0.002121
0 0.459296 0.474808 0.001241 0.002917
0 0.457960 0.467780 0.001432 0.002121
1 0.502720 0.441527 0.002195 0.003713
1 0.487402 0.441262 0.001527 0.002121
1 0.481246 0.445903 0.002386 0.001856
1 0.492556 0.434102 0.002100 0.002121
0 0.489788 0.434102 0.000954 0.001591
0 0.487688 0.428799 0.000764 0.003182
0 0.488643 0.427871 0.000954 0.003447
0 0.487975 0.431185 0.001145 0.003182
0 0.487354 0.436091 0.001241 0.002917
0 0.486543 0.433174 0.000954 0.001856
0 0.484014 0.433705 0.000859 0.001856
0 0.481676 0.434500 0.001145 0.001856
0 0.493987 0.437550 0.001145 0.001591
0 0.491935 0.441527 0.001432 0.002121
0 0.492031 0.439671 0.001050 0.001591
0 0.497089 0.424556 0.000477 0.003182
0 0.429996 0.456510 0.001241 0.001326
0 0.462350 0.419252 0.000668 0.003182
0 0.451279 0.433705 0.000668 0.003978
0 0.495085 0.424954 0.000668 0.002917
0 0.495658 0.425219 0.000668 0.002917
0 0.496087 0.424821 0.000573 0.003182
0 0.496660 0.424954 0.000573 0.002917
0 0.498712 0.424158 0.000477 0.002917
0 0.491745 0.438478 0.000668 0.001326
0 0.498187 0.423760 0.000573 0.003713
0 0.504867 0.422700 0.000573 0.002652
0 0.505106 0.416070 0.000668 0.002652
0 0.502100 0.418457 0.001145 0.002652
0 0.501956 0.416866 0.001241 0.003182
0 0.501956 0.415142 0.001050 0.002387
0 0.494655 0.415672 0.000573 0.002387
0 0.430521 0.461814 0.001336 0.001326
0 0.462159 0.426677 0.000668 0.003713
0 0.462636 0.432909 0.000668 0.002917
0 0.466119 0.431318 0.000954 0.002917
0 0.490456 0.442190 0.001145 0.002387
0 0.490790 0.440334 0.001241 0.001856
0 0.488786 0.442588 0.001241 0.001591
0 0.489215 0.440599 0.000954 0.001326
0 0.483489 0.442190 0.001145 0.001856
0 0.474184 0.446168 0.001241 0.002387
0 0.477143 0.443516 0.000859 0.001856
0 0.474900 0.442190 0.001145 0.001856
0 0.467360 0.442853 0.001145 0.002652
0 0.473421 0.437550 0.001050 0.001061
0 0.476522 0.435296 0.001145 0.001856
0 0.474948 0.435959 0.001050 0.001591
0 0.473230 0.435959 0.001050 0.001591
0 0.471416 0.435030 0.001241 0.002387
0 0.468028 0.437019 0.001336 0.003182
0 0.510403 0.408380 0.001145 0.002121
0 0.510355 0.411164 0.001050 0.002387
0 0.549437 0.406921 0.000573 0.002917
0 0.537603 0.397375 0.000764 0.002917
0 0.529824 0.402015 0.000859 0.003182
0 0.529395 0.402413 0.000954 0.002917
0 0.540943 0.396712 0.000764 0.003182
0 0.540370 0.396712 0.000954 0.003182
0 0.539845 0.396844 0.000859 0.002917
0 0.539273 0.397375 0.001050 0.003978
0 0.538271 0.397640 0.000954 0.002917
0 0.537078 0.397375 0.001050 0.003978
0 0.530970 0.401883 0.000859 0.002917
0 0.536505 0.397640 0.000859 0.002917
0 0.535980 0.397772 0.000764 0.002652
0 0.535455 0.397507 0.000859 0.003182
0 0.534978 0.397772 0.001050 0.002652
0 0.534453 0.398170 0.000954 0.002917
0 0.533976 0.398435 0.000764 0.002917
0 0.532878 0.398833 0.000859 0.002652
0 0.530445 0.401750 0.000954 0.002652
0 0.531542 0.401750 0.000859 0.003182
0 0.531638 0.398833 0.000859 0.002652
0 0.537603 0.400424 0.000764 0.002652
0 0.541802 0.398966 0.000764 0.002917
0 0.541277 0.399496 0.000668 0.002387
0 0.540752 0.399496 0.000954 0.002917
0 0.540179 0.400027 0.000954 0.003447
0 0.539798 0.400424 0.000954 0.003182
0 0.539177 0.400557 0.000859 0.003447
0 0.538080 0.400292 0.000764 0.002917
0 0.537078 0.400557 0.000859 0.002917
0 0.532067 0.401618 0.000764 0.002917
0 0.536410 0.400424 0.000859 0.003182
0 0.535885 0.400424 0.000954 0.003182
0 0.535360 0.400424 0.000668 0.002652
0 0.534883 0.400557 0.000668 0.002387
0 0.534405 0.401352 0.000859 0.002917
0 0.533165 0.401352 0.000859 0.002387
0 0.532592 0.401220 0.000859 0.002652
0 0.532163 0.398833 0.000954 0.003182
0 0.531065 0.399098 0.000668 0.002652
0 0.542899 0.398833 0.000668 0.002652
0 0.530492 0.392469 0.000668 0.003182
0 0.535885 0.391541 0.000764 0.002917
0 0.535408 0.391673 0.000573 0.003182
0 0.534883 0.391673 0.000668 0.002652
0 0.534262 0.391541 0.000573 0.002387
0 0.533737 0.391408 0.000668 0.003182
0 0.531590 0.392469 0.000764 0.003182
0 0.531113 0.392601 0.000573 0.002917
0 0.529824 0.392867 0.000859 0.003978
0 0.537555 0.391143 0.000668 0.003182
0 0.529252 0.392601 0.000668 0.002917
0 0.549103 0.388359 0.000668 0.002387
0 0.548530 0.388359 0.000477 0.002917
0 0.547958 0.388491 0.000668 0.003182
0 0.547433 0.389021 0.000573 0.002652
0 0.546812 0.389419 0.000668 0.002917
0 0.546240 0.388756 0.000668 0.003182
0 0.536457 0.391673 0.000764 0.003182
0 0.536982 0.391143 0.000668 0.002652
0 0.530492 0.398701 0.000859 0.002917
0 0.543090 0.389552 0.000859 0.003182
0 0.529968 0.399098 0.000764 0.002121
0 0.550773 0.357465 0.000573 0.002121
0 0.551727 0.357067 0.000382 0.002917
0 0.551871 0.360514 0.000668 0.002917
0 0.550821 0.360514 0.000477 0.003978
0 0.543997 0.389817 0.000764 0.003182
0 0.543520 0.389950 0.000954 0.003978
0 0.542613 0.389287 0.000859 0.003182
0 0.538175 0.390480 0.000573 0.002917
0 0.541945 0.390082 0.000668 0.003182
0 0.541325 0.390480 0.000764 0.003447
0 0.540847 0.390215 0.000764 0.002917
0 0.540179 0.390613 0.000764 0.003182
0 0.539702 0.390745 0.000573 0.002387
0 0.539225 0.390613 0.000573 0.002652
0 0.538652 0.390613 0.000573 0.003182
0 0.542422 0.398966 0.000668 0.002917
0 0.543472 0.399098 0.000859 0.003182
0 0.510641 0.413020 0.001241 0.001856
0 0.537364 0.409440 0.000668 0.002652
0 0.540513 0.406258 0.000477 0.003182
0 0.539989 0.406258 0.000573 0.003713
0 0.539368 0.406523 0.000668 0.003182
0 0.538891 0.406789 0.000668 0.003182
0 0.538318 0.406789 0.000668 0.002652
0 0.537841 0.406656 0.000859 0.002917
0 0.537984 0.409706 0.000573 0.002652
0 0.537173 0.407584 0.000668 0.003182
0 0.541563 0.405993 0.000668 0.003182
0 0.536744 0.407452 0.000764 0.003447
0 0.536410 0.410369 0.000668 0.002917
0 0.535837 0.410369 0.000668 0.002917
0 0.536123 0.407452 0.000668 0.002917
0 0.535694 0.407054 0.000764 0.003713
0 0.535312 0.410369 0.000573 0.002387
0 0.534692 0.410899 0.000477 0.001856
0 0.540943 0.406258 0.000573 0.003182
0 0.542136 0.405861 0.000859 0.003978
0 0.533165 0.411032 0.000477 0.002121
0 0.547385 0.405065 0.000668 0.002917
0 0.549914 0.407186 0.000764 0.002917
0 0.550487 0.407452 0.000573 0.002917
0 0.550200 0.404535 0.000764 0.003447
0 0.549628 0.404535 0.000764 0.002917
0 0.549103 0.404269 0.000668 0.003447
0 0.548530 0.404667 0.000668 0.003182
0 0.547958 0.404402 0.000668 0.003182
0 0.546860 0.405198 0.000573 0.003182
0 0.542518 0.406523 0.000668 0.002652
0 0.546383 0.404800 0.000764 0.003447
0 0.545906 0.405198 0.000764 0.003182
0 0.545285 0.405463 0.000668 0.003182
0 0.544808 0.405330 0.000668 0.003447
0 0.544283 0.405595 0.000573 0.002917
0 0.543758 0.405330 0.000668 0.002917
0 0.543233 0.405330 0.000764 0.002917
0 0.535026 0.407584 0.000764 0.003713
0 0.532544 0.411032 0.000573 0.002652
0 0.544045 0.398568 0.000668 0.003182
0 0.548912 0.397640 0.001050 0.002917
0 0.545763 0.395916 0.000668 0.002652
0 0.546383 0.395386 0.000764 0.003182
0 0.546908 0.395651 0.000859 0.003182
0 0.547480 0.395518 0.000859 0.002387
0 0.547958 0.394988 0.000859 0.002917
0 0.548530 0.395253 0.000668 0.002917
0 0.549198 0.395121 0.001050 0.003713
0 0.548483 0.397772 0.000954 0.003182
0 0.544713 0.395386 0.000859 0.003182
0 0.547910 0.398170 0.000764 0.002917
0 0.547290 0.398303 0.000859 0.002652
0 0.546765 0.398170 0.000954 0.002917
0 0.546287 0.398833 0.000954 0.002652
0 0.545667 0.398701 0.000859 0.002917
0 0.545142 0.398568 0.000954 0.003713
0 0.544665 0.398568 0.000764 0.002652
0 0.545190 0.395651 0.000859 0.002652
0 0.543567 0.395784 0.000859 0.002387
0 0.532067 0.411032 0.000573 0.002652
0 0.532354 0.408115 0.000573 0.002652
0 0.531495 0.411164 0.000573 0.002387
0 0.530970 0.411562 0.000668 0.002652
0 0.530397 0.411695 0.000668 0.003447
0 0.529252 0.411827 0.000477 0.003182
0 0.528679 0.412092 0.000668 0.003182
0 0.533546 0.407982 0.000859 0.003447
0 0.532878 0.408247 0.000668 0.003447
0 0.531924 0.407982 0.000477 0.003447
0 0.543043 0.396049 0.000764 0.002917
0 0.531304 0.408115 0.000764 0.003713
0 0.530731 0.408247 0.000764 0.003447
0 0.530158 0.408115 0.000573 0.003713
0 0.529634 0.408512 0.000668 0.002917
0 0.529061 0.408778 0.000477 0.003447
0 0.528393 0.408910 0.000477 0.003182
0 0.542040 0.396049 0.001050 0.002917
0 0.544426 0.386900 0.000859 0.003713
0 0.543854 0.386635 0.000668 0.003182
0 0.543281 0.386767 0.000668 0.003447
0 0.514602 0.397772 0.001145 0.003182
0 0.514888 0.408910 0.001145 0.002652
0 0.514841 0.407054 0.001050 0.002652
0 0.514793 0.405861 0.000954 0.001856
0 0.514745 0.404535 0.001050 0.002387
0 0.514745 0.402944 0.001050 0.002387
0 0.514697 0.400689 0.001145 0.002652
0 0.514602 0.399364 0.001145 0.002652
0 0.514507 0.396049 0.001336 0.002917
0 0.515700 0.379210 0.001050 0.002652
0 0.514507 0.394590 0.001145 0.002652
0 0.514602 0.392867 0.001336 0.002917
0 0.514411 0.391541 0.001145 0.002387
0 0.514411 0.389684 0.001145 0.002387
0 0.514268 0.388624 0.001050 0.002917
0 0.514173 0.386900 0.001050 0.002652
0 0.514077 0.385309 0.001050 0.002652
0 0.515031 0.410369 0.001241 0.002917
0 0.516368 0.381464 0.001241 0.002387
0 0.513934 0.381862 0.000764 0.002121
0 0.520376 0.393264 0.001241 0.002652
0 0.520710 0.404800 0.001145 0.002387
0 0.520615 0.402944 0.001145 0.002917
0 0.520471 0.401618 0.001241 0.002387
0 0.520615 0.400027 0.001336 0.002917
0 0.520519 0.398303 0.001336 0.003182
0 0.520567 0.396579 0.001241 0.003447
0 0.520328 0.394988 0.001336 0.002917
0 0.520328 0.391806 0.001336 0.002917
0 0.516415 0.383320 0.001336 0.002387
0 0.520281 0.390215 0.001050 0.002917
0 0.519756 0.387298 0.000764 0.003447
0 0.519326 0.386900 0.000668 0.003182
0 0.518801 0.386237 0.000764 0.003447
0 0.518038 0.385707 0.000573 0.002387
0 0.517465 0.385309 0.000764 0.003713
0 0.516463 0.385176 0.001241 0.002387
0 0.514173 0.383453 0.001050 0.002652
0 0.514029 0.412490 0.000954 0.002387
0 0.542327 0.387165 0.000668 0.003182
0 0.511453 0.394988 0.000954 0.001856
0 0.511453 0.406391 0.000954 0.002387
0 0.511500 0.405198 0.001241 0.002121
0 0.511453 0.403474 0.001145 0.001856
0 0.511548 0.401618 0.001145 0.002387
0 0.511405 0.400027 0.000859 0.001856
0 0.511357 0.398568 0.000954 0.001591
0 0.511214 0.396977 0.000859 0.001591
0 0.511166 0.393397 0.001145 0.001856
0 0.511548 0.409838 0.001145 0.002387
0 0.511119 0.391938 0.001050 0.002121
0 0.510928 0.390347 0.001050 0.001591
0 0.511023 0.388756 0.000859 0.001591
0 0.510928 0.387033 0.001050 0.001856
0 0.510880 0.385574 0.000954 0.001591
0 0.511023 0.383983 0.001050 0.002121
0 0.511023 0.382127 0.001050 0.002121
0 0.511643 0.408645 0.001145 0.002652
0 0.513123 0.381862 0.001050 0.002652
0 0.514125 0.410766 0.000954 0.002121
0 0.513504 0.398038 0.001050 0.002121
0 0.513934 0.409175 0.001145 0.002652
0 0.513934 0.407452 0.001145 0.002917
0 0.513791 0.405861 0.001050 0.002387
0 0.513886 0.404137 0.001050 0.002652
0 0.513648 0.402678 0.001145 0.002917
0 0.513743 0.400955 0.000954 0.002652
0 0.513457 0.399496 0.001145 0.002387
0 0.513552 0.396314 0.001145 0.002917
0 0.513218 0.383453 0.001050 0.002652
0 0.513504 0.394590 0.001050 0.002652
0 0.513409 0.393530 0.001241 0.003182
0 0.513409 0.391673 0.001050 0.002652
0 0.513457 0.389950 0.000954 0.002387
0 0.513123 0.388624 0.001050 0.002917
0 0.513170 0.386900 0.000954 0.002652
0 0.513170 0.385176 0.000954 0.002387
0 0.520710 0.406126 0.001145 0.003447
0 0.520710 0.408115 0.001145 0.002652
0 0.520853 0.409573 0.001050 0.002917
0 0.542040 0.380801 0.001050 0.003713
0 0.536266 0.370724 0.000573 0.003713
0 0.545476 0.379608 0.000477 0.002917
0 0.544760 0.380005 0.000573 0.002121
0 0.544236 0.380138 0.000859 0.002917
0 0.543663 0.380536 0.000859 0.003182
0 0.543043 0.380536 0.000954 0.003182
0 0.542565 0.380668 0.000954 0.002917
0 0.541516 0.381331 0.000954 0.003182
0 0.538557 0.370724 0.000573 0.003182
0 0.540323 0.381066 0.000859 0.003182
0 0.539750 0.380933 0.000859 0.002917
0 0.539177 0.381066 0.001050 0.003182
0 0.538271 0.381729 0.000764 0.002917
0 0.537603 0.381464 0.000764 0.002917
0 0.537078 0.381994 0.000859 0.002917
0 0.535932 0.382259 0.001050 0.003978
0 0.537221 0.370989 0.000573 0.003182
0 0.540036 0.370591 0.000477 0.002917
0 0.520805 0.411164 0.001145 0.002917
0 0.536696 0.389021 0.000668 0.002652
0 0.541850 0.386900 0.000668 0.003182
0 0.541182 0.387033 0.000668 0.003447
0 0.539464 0.387696 0.000859 0.003182
0 0.538986 0.387430 0.000668 0.002652
0 0.538509 0.387961 0.000668 0.002652
0 0.537984 0.388226 0.000764 0.002652
0 0.537269 0.388756 0.000668 0.002652
0 0.535885 0.388359 0.000764 0.002917
0 0.539082 0.370591 0.000286 0.002917
0 0.535217 0.388889 0.000573 0.002387
0 0.534692 0.388756 0.000668 0.003182
0 0.531447 0.387828 0.001241 0.002917
0 0.531256 0.385972 0.001050 0.001856
0 0.546621 0.386502 0.000859 0.001856
0 0.546478 0.385044 0.001145 0.002652
0 0.546287 0.382922 0.001145 0.002652
0 0.534978 0.382392 0.001050 0.002652
0 0.534501 0.382657 0.000859 0.003182
0 0.533785 0.382525 0.000764 0.003447
0 0.518133 0.398701 0.001145 0.001856
0 0.516702 0.390745 0.001145 0.002387
0 0.518563 0.408645 0.001050 0.002121
0 0.518324 0.407054 0.001336 0.001591
0 0.518563 0.405330 0.001241 0.002387
0 0.518133 0.403606 0.000954 0.001591
0 0.518229 0.402148 0.001145 0.001856
0 0.518133 0.400557 0.001145 0.002387
0 0.518038 0.397110 0.001145 0.001856
0 0.533308 0.382657 0.000954 0.003182
0 0.517895 0.395518 0.001050 0.001856
0 0.517895 0.393927 0.001050 0.001856
0 0.517942 0.392469 0.000954 0.001591
0 0.517799 0.390613 0.001050 0.002121
0 0.520996 0.415805 0.000954 0.002652
0 0.520949 0.414346 0.001050 0.002917
0 0.520949 0.412623 0.001050 0.002121
0 0.516654 0.392204 0.001241 0.002121
0 0.516749 0.393795 0.001050 0.002121
0 0.516749 0.395651 0.001050 0.002121
0 0.516893 0.397242 0.000954 0.001591
0 0.532735 0.382790 0.000764 0.002387
0 0.532067 0.383187 0.000954 0.003182
0 0.522571 0.369398 0.000859 0.001591
0 0.522619 0.367807 0.000954 0.001591
0 0.522523 0.366614 0.000954 0.001326
0 0.522619 0.364625 0.001145 0.002121
0 0.522428 0.359984 0.001145 0.001326
0 0.522428 0.361840 0.001145 0.001856
0 0.517274 0.411562 0.000954 0.001591
0 0.517131 0.409838 0.001050 0.001326
0 0.517131 0.407186 0.001241 0.002917
0 0.517036 0.403872 0.001241 0.002121
0 0.517036 0.402281 0.001241 0.002652
0 0.517083 0.400557 0.001145 0.001856
0 0.516988 0.398701 0.001145 0.001856
0 0.153369 0.619464 0.000382 0.002652
0 0.152319 0.619464 0.000573 0.002652
0 0.780683 0.098117 0.000573 0.002652
0 0.160193 0.443251 0.000859 0.003978
0 0.169164 0.450809 0.000668 0.004243
0 0.168591 0.441527 0.000859 0.003713
0 0.166349 0.442058 0.000954 0.004243
0 0.165585 0.442058 0.000954 0.004243
0 0.162579 0.443119 0.000859 0.003713
0 0.161433 0.443251 0.000859 0.003978
0 0.160861 0.443384 0.001050 0.004243
0 0.159620 0.443649 0.001050 0.003182
0 0.166492 0.448422 0.001050 0.003713
0 0.160431 0.449615 0.000954 0.002917
0 0.159763 0.449615 0.001145 0.003447
0 0.159000 0.450146 0.000954 0.003447
0 0.158570 0.450411 0.000859 0.002917
0 0.157521 0.450278 0.000668 0.003182
0 0.157043 0.450146 0.000668 0.003447
0 0.156518 0.450411 0.000573 0.003447
0 0.167017 0.448157 0.001145 0.003182
0 0.165919 0.448687 0.000859 0.003713
0 0.154085 0.450676 0.000477 0.003447
0 0.162006 0.436489 0.000477 0.002652
0 0.170977 0.428003 0.001241 0.001591
0 0.173459 0.423893 0.001050 0.001326
0 0.170977 0.426412 0.000859 0.001591
0 0.165203 0.435959 0.000573 0.003182
0 0.164726 0.435826 0.000573 0.003447
0 0.164153 0.435959 0.000573 0.002652
0 0.162531 0.436489 0.000573 0.002652
0 0.161099 0.436489 0.000573 0.003713
0 0.165108 0.448953 0.000954 0.003713
0 0.160527 0.436622 0.000573 0.003447
0 0.160002 0.437019 0.000477 0.003182
0 0.158904 0.436887 0.000573 0.003447
0 0.158332 0.437417 0.000573 0.003447
0 0.157664 0.438080 0.000573 0.003182
0 0.162006 0.449615 0.001050 0.003447
0 0.163915 0.449615 0.001241 0.003978
0 0.154801 0.450411 0.000573 0.003978
0 0.153560 0.450544 0.000573 0.003713
0 0.171073 0.431185 0.001050 0.001591
0 0.142966 0.420711 0.000954 0.001856
0 0.138099 0.426942 0.001145 0.002652
0 0.137860 0.422434 0.001050 0.002121
0 0.138003 0.420843 0.000954 0.002121
0 0.137956 0.419252 0.001241 0.002121
0 0.147786 0.397110 0.001241 0.002387
0 0.147595 0.395518 0.001050 0.001326
0 0.151412 0.364625 0.001050 0.001591
0 0.142728 0.419385 0.001432 0.001856
0 0.138242 0.430125 0.001050 0.002652
0 0.142918 0.417661 0.000668 0.001591
0 0.147070 0.414346 0.001145 0.001856
0 0.147022 0.412888 0.001050 0.001591
0 0.147070 0.411297 0.000954 0.001591
0 0.149456 0.407584 0.000764 0.002652
0 0.146975 0.409838 0.000954 0.001326
0 0.146975 0.408247 0.000954 0.001856
0 0.138194 0.428799 0.001336 0.002652
0 0.143014 0.424025 0.001241 0.002121
0 0.153035 0.450411 0.000477 0.003447
0 0.141105 0.437815 0.000668 0.003182
0 0.152605 0.450676 0.000382 0.003447
0 0.151985 0.450809 0.000668 0.003182
0 0.151460 0.451339 0.000573 0.003182
0 0.154705 0.438080 0.000573 0.003182
0 0.154705 0.434102 0.000764 0.003713
0 0.142918 0.437815 0.000668 0.004243
0 0.141582 0.437947 0.000668 0.002917
0 0.140580 0.437285 0.000573 0.003713
0 0.142966 0.425617 0.000954 0.001591
0 0.138242 0.437285 0.001241 0.002652
0 0.138099 0.435163 0.001145 0.002652
0 0.144446 0.426942 0.000668 0.001591
0 0.144350 0.425351 0.000859 0.002121
0 0.144350 0.423893 0.001432 0.001856
0 0.143109 0.428799 0.000859 0.001061
0 0.142966 0.427208 0.001145 0.001591
0 0.171168 0.429859 0.001050 0.001591
0 0.173602 0.425749 0.001145 0.001856
0 0.211634 0.375762 0.000668 0.003182
0 0.182525 0.445373 0.000477 0.002917
0 0.187822 0.444710 0.000573 0.002652
0 0.187249 0.444577 0.000573 0.002387
0 0.186772 0.444710 0.000573 0.003182
0 0.186247 0.444710 0.000477 0.003182
0 0.184243 0.445373 0.000668 0.003447
0 0.183718 0.445373 0.000764 0.002917
0 0.183098 0.445373 0.000477 0.002917
0 0.181619 0.445505 0.000573 0.003182
0 0.189397 0.444179 0.000668 0.003713
0 0.181094 0.445770 0.000477 0.003182
0 0.180378 0.446566 0.000573 0.003182
0 0.177753 0.444975 0.001050 0.001591
0 0.177706 0.449085 0.000954 0.002387
0 0.176370 0.442456 0.000573 0.003447
0 0.176226 0.437019 0.001050 0.002652
0 0.175701 0.431583 0.000573 0.003447
0 0.188776 0.444577 0.000382 0.002917
0 0.189969 0.443649 0.000477 0.003182
0 0.175177 0.446168 0.001050 0.001856
0 0.195409 0.442588 0.000668 0.003182
0 0.209439 0.376293 0.000477 0.003182
0 0.203474 0.377751 0.000573 0.003447
0 0.202901 0.377884 0.000573 0.003713
0 0.202424 0.377619 0.000573 0.003713
0 0.197080 0.442456 0.000573 0.002917
0 0.196459 0.442190 0.000477 0.002917
0 0.195887 0.442323 0.000477 0.002652
0 0.194741 0.442721 0.000668 0.002917
0 0.190351 0.443516 0.000668 0.003447
0 0.194169 0.442986 0.000668 0.003447
0 0.193501 0.443251 0.000668 0.002917
0 0.192976 0.443251 0.000573 0.003447
0 0.192403 0.443384 0.000573 0.003182
0 0.191926 0.443516 0.000573 0.002917
0 0.191353 0.443516 0.000573 0.003447
0 0.190876 0.443516 0.000573 0.003447
0 0.175367 0.447494 0.001050 0.001326
0 0.175224 0.444179 0.001145 0.002121
0 0.173697 0.427605 0.001145 0.001856
0 0.171311 0.434102 0.000954 0.001591
0 0.171407 0.443119 0.000954 0.001591
0 0.172409 0.441660 0.000477 0.002917
0 0.171359 0.441527 0.000859 0.001591
0 0.171407 0.439804 0.000954 0.001856
0 0.171359 0.438345 0.000859 0.001591
0 0.172600 0.437417 0.001050 0.002387
0 0.171311 0.435693 0.000954 0.001591
0 0.173745 0.432644 0.001050 0.001326
0 0.171693 0.445903 0.001145 0.001856
0 0.173840 0.434500 0.000859 0.001326
0 0.173697 0.431185 0.001145 0.001591
0 0.174795 0.434235 0.001050 0.001326
0 0.174795 0.432909 0.000859 0.001326
0 0.174795 0.431318 0.001050 0.001326
0 0.174604 0.429727 0.000859 0.001326
0 0.173602 0.429859 0.000954 0.001591
0 0.171502 0.444710 0.001145 0.001591
0 0.171645 0.447494 0.001050 0.001326
0 0.175081 0.443119 0.001050 0.002121
0 0.174031 0.442986 0.000859 0.001326
0 0.175033 0.441527 0.001145 0.002121
0 0.174890 0.440202 0.001241 0.002121
0 0.174843 0.438213 0.000954 0.001856
0 0.174890 0.437019 0.001050 0.001591
0 0.174222 0.448024 0.001050 0.001856
0 0.174127 0.446433 0.001050 0.001856
0 0.174079 0.444842 0.000954 0.001856
0 0.173888 0.441925 0.000954 0.001856
0 0.171693 0.448953 0.001145 0.001591
0 0.173793 0.440334 0.000954 0.001326
0 0.173697 0.438345 0.000954 0.001061
0 0.173888 0.437285 0.000954 0.001591
0 0.174843 0.435428 0.000954 0.001591
0 0.173840 0.435959 0.001050 0.001591
0 0.171836 0.452002 0.000859 0.001326
0 0.171789 0.450278 0.000954 0.001591
0 0.136906 0.409706 0.001432 0.002652
0 0.137097 0.406789 0.001241 0.002121
0 0.146354 0.397640 0.001241 0.001856
0 0.173411 0.316097 0.001145 0.002121
0 0.171073 0.355476 0.001050 0.001856
0 0.159811 0.327499 0.001050 0.002121
0 0.176894 0.304031 0.000668 0.002917
0 0.173172 0.309732 0.001050 0.002121
0 0.173220 0.311588 0.001145 0.001591
0 0.173220 0.313047 0.001145 0.001856
0 0.173316 0.314373 0.000954 0.001856
0 0.173411 0.317820 0.000954 0.001326
0 0.174461 0.351763 0.001145 0.001856
0 0.173554 0.319544 0.001241 0.002121
0 0.173602 0.321533 0.001145 0.001856
0 0.173554 0.323256 0.001050 0.002121
0 0.173745 0.325113 0.001050 0.001591
0 0.173745 0.328825 0.001050 0.002121
0 0.173793 0.330549 0.000954 0.001326
0 0.173936 0.334129 0.001050 0.002121
0 0.172027 0.355211 0.000859 0.001326
0 0.171025 0.357067 0.000954 0.002387
0 0.174079 0.337178 0.001145 0.001856
0 0.176226 0.373111 0.001241 0.001591
0 0.161290 0.332803 0.000764 0.003713
0 0.160670 0.332670 0.000859 0.003978
0 0.159716 0.330549 0.000859 0.003447
0 0.182573 0.396314 0.001527 0.002387
0 0.176656 0.383983 0.001336 0.001591
0 0.176656 0.382525 0.001336 0.001856
0 0.176608 0.381066 0.001241 0.002121
0 0.176131 0.371652 0.001622 0.002387
0 0.172170 0.356935 0.000954 0.001591
0 0.175797 0.367674 0.001336 0.001856
0 0.175749 0.366216 0.001241 0.001591
0 0.174604 0.357465 0.001050 0.001591
0 0.174604 0.360514 0.001241 0.001856
0 0.174508 0.355741 0.001050 0.001856
0 0.174413 0.353620 0.001050 0.001856
0 0.172313 0.358393 0.000859 0.001326
0 0.173888 0.335720 0.001145 0.001591
0 0.173936 0.339565 0.001241 0.002387
0 0.146402 0.396181 0.001145 0.001591
0 0.171120 0.324185 0.001145 0.001856
0 0.171407 0.335587 0.001145 0.001326
0 0.171502 0.334527 0.001145 0.001326
0 0.171359 0.332936 0.001241 0.001326
0 0.171454 0.330019 0.001241 0.001856
0 0.171264 0.328693 0.001050 0.001856
0 0.171407 0.326969 0.001145 0.001591
0 0.171264 0.325643 0.001050 0.001591
0 0.171216 0.322328 0.001145 0.001856
0 0.171598 0.338902 0.001145 0.002121
0 0.171073 0.321268 0.001050 0.001856
0 0.171073 0.318085 0.001050 0.001856
0 0.171073 0.316627 0.001241 0.001591
0 0.170930 0.315168 0.001145 0.001326
0 0.170882 0.313710 0.001241 0.002121
0 0.176226 0.303500 0.000668 0.003447
0 0.170882 0.310660 0.001050 0.001326
0 0.171645 0.337444 0.001050 0.001326
0 0.171645 0.340361 0.001241 0.001856
0 0.174079 0.341156 0.001145 0.001856
0 0.170739 0.346592 0.000764 0.001591
0 0.174222 0.342880 0.001241 0.002121
0 0.174270 0.348449 0.001336 0.001591
0 0.170786 0.349509 0.001050 0.002121
0 0.168448 0.354680 0.001145 0.001856
0 0.168448 0.353355 0.001145 0.001326
0 0.168400 0.351763 0.001050 0.001856
0 0.170739 0.348316 0.000954 0.001326
0 0.170739 0.345134 0.000954 0.001856
0 0.171836 0.342084 0.001241 0.001591
0 0.170691 0.342084 0.001050 0.001591
0 0.170548 0.340891 0.001145 0.001326
0 0.172123 0.349509 0.001241 0.002121
0 0.172075 0.347918 0.001145 0.002121
0 0.171979 0.346327 0.001145 0.001591
0 0.171836 0.344869 0.000859 0.001326
0 0.171741 0.343410 0.000859 0.001591
0 0.161768 0.333466 0.000764 0.003447
0 0.162245 0.334527 0.000764 0.003978
0 0.161290 0.342350 0.001336 0.002652
0 0.150697 0.381331 0.001145 0.001061
0 0.150935 0.389154 0.001241 0.001326
0 0.150935 0.387563 0.001050 0.001326
0 0.150840 0.385972 0.001050 0.001326
0 0.150935 0.384513 0.001432 0.001591
0 0.149838 0.386237 0.000764 0.003978
0 0.150792 0.382657 0.000954 0.001591
0 0.149647 0.382657 0.000573 0.003182
0 0.152415 0.397110 0.001145 0.001326
0 0.149933 0.390745 0.000573 0.002917
0 0.152367 0.395518 0.001050 0.001856
0 0.152319 0.393927 0.001145 0.001856
0 0.152224 0.390878 0.001145 0.001591
0 0.152176 0.389021 0.001241 0.001591
0 0.152176 0.387430 0.001050 0.001591
0 0.152510 0.385707 0.001145 0.001856
0 0.152033 0.382790 0.001145 0.001856
0 0.150983 0.390878 0.001145 0.001591
0 0.150029 0.394458 0.000573 0.002387
0 0.165967 0.346858 0.000764 0.004243
0 0.147786 0.392734 0.001241 0.001591
0 0.146497 0.392999 0.000954 0.001591
0 0.146545 0.394723 0.001050 0.001856
0 0.146545 0.391673 0.001241 0.001591
0 0.146402 0.390215 0.001145 0.001856
0 0.146402 0.388491 0.001336 0.001591
0 0.146307 0.387165 0.001145 0.001591
0 0.147690 0.394193 0.001050 0.001326
0 0.147690 0.391276 0.001241 0.001326
0 0.151031 0.392336 0.001050 0.001326
0 0.147690 0.389552 0.001050 0.001591
0 0.147547 0.387828 0.001145 0.001326
0 0.147500 0.386502 0.000859 0.001326
0 0.147500 0.384911 0.001241 0.001856
0 0.150935 0.397110 0.001241 0.001856
0 0.151078 0.395651 0.000954 0.001591
0 0.151222 0.394060 0.001050 0.001591
0 0.152033 0.380933 0.001336 0.001856
0 0.151174 0.377486 0.001336 0.001856
0 0.146688 0.382525 0.001527 0.002387
0 0.162149 0.362503 0.001527 0.003182
0 0.151412 0.356537 0.001241 0.001856
0 0.160479 0.379210 0.001622 0.004773
0 0.160384 0.376823 0.001432 0.003713
0 0.162531 0.377619 0.001336 0.003182
0 0.162340 0.369133 0.001336 0.002652
0 0.160241 0.366348 0.001527 0.003978
0 0.162102 0.364227 0.001241 0.002917
0 0.160670 0.357067 0.000859 0.003978
0 0.136620 0.388624 0.001241 0.002387
0 0.161911 0.355609 0.001241 0.003182
0 0.161720 0.350703 0.001622 0.003447
0 0.159668 0.352559 0.000573 0.002917
0 0.161481 0.347388 0.001145 0.003713
0 0.159525 0.336913 0.000859 0.005569
0 0.158236 0.346725 0.001145 0.001856
0 0.147356 0.348051 0.001527 0.003447
0 0.155994 0.361310 0.001432 0.002387
0 0.156280 0.369398 0.001241 0.002121
0 0.156184 0.377619 0.001432 0.002121
0 0.156662 0.383850 0.001241 0.001856
0 0.138862 0.376691 0.000573 0.002917
0 0.144302 0.367144 0.001145 0.001326
0 0.138815 0.369663 0.000859 0.003713
0 0.136667 0.353355 0.000573 0.003447
0 0.143777 0.361045 0.001050 0.001856
0 0.151412 0.359851 0.000859 0.001591
0 0.151269 0.358128 0.000954 0.001856
0 0.163295 0.400955 0.000573 0.002652
0 0.166205 0.401087 0.000859 0.003447
0 0.166205 0.392999 0.000859 0.004243
0 0.163008 0.395916 0.001336 0.002652
0 0.161004 0.393662 0.001527 0.004508
0 0.160861 0.388889 0.001622 0.003978
0 0.162722 0.385574 0.001336 0.002652
0 0.156805 0.388624 0.001336 0.001856
0 0.210489 0.376160 0.000668 0.003447
0 0.189540 0.385309 0.000954 0.003182
0 0.141582 0.341819 0.001241 0.003713
0 0.204285 0.394988 0.001241 0.002387
0 0.205287 0.396977 0.001145 0.002652
0 0.205240 0.395518 0.001050 0.002387
0 0.205144 0.393927 0.001241 0.002917
0 0.205335 0.392204 0.001241 0.002652
0 0.205096 0.390347 0.001145 0.002652
0 0.205096 0.388889 0.001145 0.002387
0 0.204333 0.396844 0.001336 0.002917
0 0.204285 0.393264 0.001241 0.002652
0 0.204428 0.399761 0.001336 0.002387
0 0.204190 0.391806 0.000859 0.002387
0 0.204190 0.389950 0.000859 0.002387
0 0.198463 0.409043 0.001432 0.002917
0 0.202090 0.406258 0.001241 0.001591
0 0.201899 0.391938 0.001050 0.002121
0 0.201804 0.390480 0.000859 0.001326
0 0.197414 0.413816 0.000668 0.002917
0 0.204333 0.398435 0.001145 0.002387
0 0.204428 0.400955 0.001145 0.002652
0 0.201088 0.400689 0.001336 0.002652
0 0.205812 0.412357 0.000859 0.002121
0 0.209105 0.409706 0.000954 0.002121
0 0.209296 0.408115 0.000954 0.002121
0 0.209105 0.406656 0.001145 0.002387
0 0.209057 0.405463 0.001050 0.002121
0 0.209057 0.404004 0.001050 0.002387
0 0.208962 0.400689 0.001050 0.002652
0 0.208818 0.399098 0.000954 0.002121
0 0.205860 0.410501 0.000954 0.002121
0 0.204476 0.402546 0.001241 0.002652
0 0.205717 0.408910 0.000859 0.002121
0 0.205621 0.405861 0.001050 0.002387
0 0.205669 0.407319 0.001145 0.002121
0 0.208866 0.397242 0.001241 0.002652
0 0.205526 0.404667 0.001241 0.002652
0 0.204858 0.413551 0.001050 0.002387
0 0.204858 0.403872 0.001432 0.003182
0 0.200993 0.403739 0.001336 0.002387
0 0.198368 0.402281 0.001050 0.002121
0 0.207530 0.388491 0.001241 0.001591
0 0.194837 0.396712 0.001050 0.002121
0 0.195123 0.407054 0.000859 0.001061
0 0.195075 0.405595 0.000954 0.001326
0 0.195123 0.404269 0.001241 0.001856
0 0.195123 0.402546 0.001050 0.001591
0 0.195123 0.401087 0.001241 0.002387
0 0.195075 0.399496 0.001336 0.002387
0 0.194789 0.397905 0.000954 0.001856
0 0.194837 0.394855 0.001241 0.002121
0 0.195266 0.410103 0.001145 0.001856
0 0.194932 0.393530 0.001241 0.002121
0 0.194741 0.392071 0.001241 0.001856
0 0.191067 0.420048 0.001336 0.002121
0 0.193548 0.416468 0.000573 0.002917
0 0.194312 0.411429 0.001336 0.003447
0 0.194312 0.407982 0.000954 0.001326
0 0.194264 0.406391 0.000859 0.001326
0 0.195409 0.408645 0.001241 0.001591
0 0.197175 0.391010 0.000954 0.001856
0 0.200897 0.397905 0.001145 0.001856
0 0.198320 0.394325 0.000954 0.002121
0 0.200993 0.396049 0.001145 0.002387
0 0.200849 0.394458 0.001050 0.001326
0 0.200802 0.392867 0.001145 0.001856
0 0.200802 0.391408 0.000954 0.001591
0 0.200897 0.390215 0.001145 0.001326
0 0.198416 0.397640 0.000764 0.002387
0 0.198511 0.396049 0.000764 0.001856
0 0.198273 0.392867 0.001050 0.002387
0 0.197318 0.392336 0.001050 0.002387
0 0.198225 0.390878 0.001145 0.002652
0 0.197557 0.402015 0.001145 0.002652
0 0.197557 0.400292 0.001336 0.002917
0 0.197652 0.398435 0.001145 0.002387
0 0.197509 0.396977 0.001241 0.002652
0 0.197318 0.395651 0.001050 0.002121
0 0.197270 0.394193 0.001145 0.002387
0 0.209248 0.411695 0.001050 0.002387
0 0.207578 0.390082 0.001145 0.001591
0 0.190160 0.385176 0.000859 0.002917
0 0.216978 0.436489 0.001241 0.002121
0 0.203092 0.433174 0.000764 0.001856
0 0.202949 0.431583 0.001241 0.002387
0 0.205574 0.428136 0.001145 0.001856
0 0.205335 0.424688 0.001050 0.001856
0 0.205430 0.422832 0.001241 0.001856
0 0.215976 0.435826 0.000954 0.001856
0 0.215929 0.437152 0.001050 0.001856
0 0.216740 0.434633 0.001145 0.001591
0 0.218792 0.416335 0.001241 0.002652
0 0.216740 0.433307 0.001145 0.002121
0 0.216835 0.431848 0.001336 0.001856
0 0.216835 0.430522 0.001145 0.001856
0 0.216788 0.428799 0.001050 0.001591
0 0.215738 0.429462 0.001241 0.002917
0 0.215595 0.427871 0.001336 0.002387
0 0.215690 0.426412 0.001336 0.002121
0 0.218410 0.408380 0.001241 0.002652
0 0.218792 0.414612 0.001432 0.002917
0 0.213209 0.431716 0.001336 0.003182
0 0.219269 0.433042 0.001050 0.002121
0 0.205812 0.435030 0.001241 0.001856
0 0.205717 0.433042 0.001241 0.002121
0 0.205621 0.429859 0.001241 0.001591
0 0.219460 0.439008 0.001050 0.002387
0 0.219269 0.437682 0.001050 0.002387
0 0.219317 0.436356 0.001145 0.001856
0 0.219174 0.434898 0.001241 0.002652
0 0.219269 0.431451 0.001050 0.002121
0 0.218887 0.419252 0.001241 0.003182
0 0.219126 0.430125 0.000954 0.002652
0 0.219126 0.428666 0.000954 0.002387
0 0.218983 0.427075 0.001241 0.002917
0 0.218983 0.425219 0.001050 0.002387
0 0.219078 0.423893 0.001050 0.002387
0 0.218983 0.422700 0.001050 0.002121
0 0.218744 0.421241 0.001336 0.002917
0 0.213256 0.434633 0.001050 0.002652
0 0.213209 0.429727 0.001336 0.002387
0 0.207769 0.391673 0.001145 0.002121
0 0.208007 0.405595 0.001241 0.002387
0 0.208484 0.420048 0.000668 0.003182
0 0.209057 0.419783 0.000477 0.003713
0 0.209534 0.420446 0.000668 0.003447
0 0.208294 0.412092 0.001050 0.002121
0 0.208294 0.410236 0.001050 0.001591
0 0.208246 0.408778 0.001145 0.001856
0 0.208150 0.407452 0.001145 0.001856
0 0.208103 0.404137 0.001241 0.002652
0 0.207578 0.420578 0.000573 0.003713
0 0.208103 0.402678 0.001241 0.001856
0 0.208055 0.401220 0.001145 0.002121
0 0.207912 0.399496 0.001050 0.001856
0 0.207960 0.398038 0.000954 0.001591
0 0.207960 0.396579 0.001145 0.002387
0 0.207721 0.395121 0.001241 0.002121
0 0.207769 0.393132 0.000954 0.002387
0 0.208150 0.420313 0.000573 0.003182
0 0.207101 0.420313 0.000573 0.002652
0 0.213352 0.426545 0.001241 0.002917
0 0.216501 0.419517 0.001050 0.001591
0 0.213113 0.423893 0.001336 0.002917
0 0.213065 0.422169 0.001241 0.003182
0 0.212779 0.420843 0.001241 0.002652
0 0.215642 0.423363 0.001050 0.001856
0 0.215499 0.418589 0.000954 0.001856
0 0.215356 0.420446 0.001050 0.002387
0 0.216454 0.420976 0.000954 0.001326
0 0.216597 0.417794 0.001050 0.001856
0 0.206623 0.420313 0.000573 0.002652
0 0.215642 0.417131 0.001050 0.002121
0 0.212875 0.418722 0.001050 0.002652
0 0.211968 0.420446 0.000954 0.002387
0 0.212016 0.418324 0.001050 0.002917
0 0.204953 0.420843 0.000859 0.003182
0 0.205621 0.420180 0.000668 0.003447
0 0.206098 0.420578 0.000668 0.003713
0 0.194169 0.404800 0.000859 0.001326
0 0.194216 0.403341 0.000954 0.001061
0 0.194121 0.402015 0.001145 0.001061
0 0.218362 0.400955 0.001336 0.002652
0 0.214592 0.391541 0.001050 0.001856
0 0.214640 0.389684 0.000954 0.001856
0 0.214592 0.388624 0.001050 0.001856
0 0.214497 0.387033 0.000859 0.001856
0 0.218410 0.405861 0.001432 0.002917
0 0.218505 0.404004 0.001241 0.002387
0 0.218458 0.402413 0.001336 0.002387
0 0.218315 0.399496 0.001432 0.002387
0 0.214736 0.394590 0.001145 0.002121
0 0.218267 0.398038 0.001336 0.002652
0 0.218267 0.396712 0.001336 0.002652
0 0.218171 0.395121 0.001145 0.002652
0 0.218124 0.393397 0.001241 0.002917
0 0.218171 0.391806 0.001145 0.002917
0 0.218124 0.390215 0.001050 0.002917
0 0.217981 0.388624 0.001145 0.002917
0 0.214783 0.392999 0.001050 0.001591
0 0.214831 0.396314 0.001145 0.001856
0 0.218028 0.385044 0.001241 0.002121
0 0.215785 0.389817 0.001145 0.002121
0 0.215881 0.400292 0.000954 0.001326
0 0.217074 0.400027 0.000859 0.002917
0 0.215785 0.396977 0.001145 0.002121
0 0.215785 0.395386 0.000954 0.001591
0 0.215738 0.394060 0.001241 0.002121
0 0.215785 0.392601 0.001145 0.001856
0 0.215690 0.391408 0.001145 0.001591
0 0.215738 0.387430 0.001050 0.001591
0 0.214879 0.397905 0.001050 0.001856
0 0.215451 0.411032 0.001241 0.002121
0 0.215261 0.409043 0.001241 0.001856
0 0.215165 0.407319 0.001241 0.001591
0 0.215117 0.405728 0.000954 0.001591
0 0.214974 0.404137 0.001050 0.001591
0 0.215070 0.402413 0.001241 0.002387
0 0.214974 0.399496 0.001241 0.002387
0 0.217933 0.386635 0.001241 0.002652
0 0.217981 0.383718 0.001145 0.002652
0 0.193978 0.400159 0.001241 0.002121
0 0.196364 0.385176 0.001050 0.002387
0 0.201374 0.383585 0.001145 0.002387
0 0.200659 0.384116 0.001050 0.002387
0 0.199895 0.383983 0.001050 0.002652
0 0.199227 0.384646 0.001050 0.002917
0 0.198511 0.384381 0.000954 0.002387
0 0.197891 0.384646 0.001050 0.002387
0 0.197032 0.384911 0.001241 0.002917
0 0.195314 0.384248 0.000859 0.002652
0 0.202806 0.383453 0.000954 0.002121
0 0.194407 0.384381 0.000954 0.003447
0 0.193930 0.384911 0.000954 0.003447
0 0.193358 0.384779 0.000954 0.003713
0 0.192451 0.384911 0.000859 0.003447
0 0.191926 0.384911 0.001145 0.003447
0 0.191258 0.384911 0.000954 0.003447
0 0.190685 0.385176 0.001145 0.003447
0 0.202138 0.383718 0.000954 0.002652
0 0.203569 0.383320 0.001145 0.002387
0 0.216263 0.380801 0.001145 0.002652
0 0.210632 0.381729 0.000954 0.002387
0 0.215595 0.380933 0.001145 0.002917
0 0.214879 0.380933 0.001241 0.002387
0 0.214020 0.380933 0.001050 0.002917
0 0.213447 0.381199 0.001241 0.002917
0 0.212541 0.381464 0.000954 0.002387
0 0.211968 0.381729 0.001145 0.002917
0 0.211395 0.381596 0.001145 0.002652
0 0.209964 0.382127 0.001145 0.002652
0 0.204237 0.383055 0.001145 0.002387
0 0.209153 0.381994 0.001050 0.002917
0 0.208580 0.382259 0.001050 0.002387
0 0.207769 0.382392 0.000954 0.002652
0 0.207053 0.382259 0.001050 0.002387
0 0.206337 0.382525 0.001145 0.002917
0 0.205574 0.383055 0.001145 0.002387
0 0.204906 0.382790 0.000954 0.002387
0 0.215929 0.401750 0.001241 0.001591
0 0.215929 0.403076 0.001050 0.001591
0 0.216024 0.404667 0.001050 0.001591
0 0.187393 0.404137 0.001432 0.002652
0 0.187488 0.410369 0.001050 0.002387
0 0.188538 0.412092 0.001050 0.002121
0 0.188395 0.409971 0.000954 0.002121
0 0.188538 0.408778 0.001241 0.002387
0 0.187488 0.408910 0.001050 0.002121
0 0.187440 0.406789 0.001336 0.002652
0 0.188490 0.405463 0.000954 0.001591
0 0.187249 0.402413 0.001527 0.002917
0 0.190303 0.393795 0.000954 0.002652
0 0.188299 0.402015 0.001336 0.002652
0 0.188013 0.396977 0.001336 0.003182
0 0.186868 0.393927 0.001336 0.002917
0 0.170166 0.463007 0.000954 0.001591
0 0.178708 0.456908 0.001050 0.003182
0 0.165633 0.464731 0.001241 0.001856
0 0.154371 0.461018 0.001050 0.001326
0 0.190399 0.392469 0.001145 0.002652
0 0.191258 0.392469 0.001145 0.002652
0 0.216119 0.405993 0.001241 0.002121
0 0.190638 0.400027 0.001050 0.002387
0 0.193978 0.398833 0.001050 0.001591
0 0.193835 0.397375 0.001145 0.001326
0 0.193930 0.395784 0.001145 0.001856
0 0.193930 0.394458 0.000954 0.001326
0 0.193882 0.392734 0.000859 0.001591
0 0.193739 0.391673 0.000954 0.001591
0 0.192642 0.393530 0.000668 0.003182
0 0.190494 0.398701 0.000954 0.002387
0 0.191306 0.393795 0.001241 0.002652
0 0.187106 0.398833 0.001050 0.002121
0 0.190494 0.396844 0.000954 0.002387
0 0.191687 0.401750 0.000859 0.002121
0 0.191592 0.400292 0.001050 0.002387
0 0.191592 0.398701 0.001050 0.002917
0 0.191449 0.397242 0.001145 0.002652
0 0.191401 0.395518 0.001241 0.002917
0 0.208675 0.394723 0.001050 0.002917
0 0.208675 0.392999 0.001050 0.002652
0 0.208771 0.391408 0.001432 0.002652
0 0.212302 0.393662 0.001050 0.002387
0 0.212636 0.404800 0.001145 0.002387
0 0.212493 0.403209 0.001241 0.002917
0 0.212493 0.401485 0.001241 0.002652
0 0.212493 0.400027 0.001241 0.002387
0 0.212445 0.398435 0.001145 0.002387
0 0.212302 0.396844 0.001432 0.003447
0 0.212445 0.394988 0.001145 0.002387
0 0.212254 0.392204 0.001145 0.002652
0 0.208580 0.389817 0.001241 0.002652
0 0.212207 0.390745 0.001241 0.002917
0 0.212063 0.389154 0.001145 0.002387
0 0.212063 0.387563 0.000954 0.002387
0 0.211014 0.387828 0.001145 0.002917
0 0.217074 0.411297 0.000859 0.003182
0 0.216358 0.409706 0.001145 0.002121
0 0.216215 0.407982 0.001050 0.001856
0 0.212684 0.406126 0.001241 0.002387
0 0.212684 0.407717 0.001050 0.002387
0 0.212779 0.409440 0.001050 0.002652
0 0.212445 0.411297 0.000954 0.002652
0 0.208723 0.388491 0.001336 0.002652
0 0.211825 0.410236 0.001050 0.002652
0 0.211538 0.408910 0.001050 0.002652
0 0.211729 0.407054 0.000859 0.002652
0 0.211682 0.405861 0.000954 0.002387
0 0.211586 0.404402 0.001145 0.002121
0 0.211586 0.402678 0.000954 0.002387
0 0.211538 0.401352 0.001050 0.001856
0 0.211586 0.399761 0.001336 0.002387
0 0.211395 0.398170 0.001145 0.002917
0 0.211586 0.396712 0.000954 0.002121
0 0.211348 0.395121 0.001432 0.002652
0 0.211395 0.393132 0.001145 0.002387
0 0.211252 0.391541 0.001241 0.002917
0 0.211204 0.390215 0.000954 0.001856
0 0.142250 0.341421 0.001050 0.003978
0 0.139817 0.342615 0.001145 0.003182
0 0.208962 0.426412 0.000859 0.001061
0 0.088089 0.503447 0.001145 0.001326
0 0.088614 0.512066 0.001241 0.002121
0 0.088328 0.509414 0.001050 0.001591
0 0.088232 0.508221 0.001241 0.001856
0 0.080454 0.511933 0.001145 0.002387
0 0.084320 0.512464 0.001241 0.003447
0 0.085942 0.505304 0.000668 0.003447
0 0.088137 0.506099 0.001050 0.001856
0 0.087183 0.501458 0.000668 0.003182
0 0.088662 0.514850 0.001145 0.001856
0 0.086324 0.501193 0.000477 0.003182
0 0.085894 0.501591 0.000573 0.002917
0 0.085274 0.501591 0.000668 0.002917
0 0.084367 0.501724 0.000764 0.003713
0 0.083890 0.501326 0.000764 0.003447
0 0.083365 0.501326 0.000668 0.003447
0 0.033690 0.538186 0.001145 0.002387
0 0.088471 0.513259 0.001145 0.001856
0 0.088662 0.517237 0.000954 0.001856
0 0.036076 0.532617 0.001336 0.001856
0 0.024050 0.556484 0.000573 0.002917
1 0.085083 0.527711 0.000859 0.006364
0 0.012741 0.591753 0.001050 0.003447
0 0.023191 0.569478 0.000764 0.002917
0 0.025148 0.563909 0.001432 0.001856
0 0.022237 0.561787 0.000573 0.002917
0 0.021903 0.558340 0.000477 0.003447
0 0.022714 0.557279 0.000573 0.002387
0 0.025148 0.557412 0.001241 0.003182
0 0.088471 0.520286 0.000954 0.002121
0 0.083651 0.535667 0.000668 0.002652
0 0.088948 0.527844 0.001336 0.001856
0 0.088901 0.526120 0.001050 0.002121
0 0.088805 0.524132 0.001050 0.001856
0 0.088805 0.522540 0.001050 0.001856
0 0.084176 0.523203 0.000764 0.003182
0 0.086324 0.523866 0.001050 0.003447
0 0.036505 0.536595 0.001050 0.001326
0 0.036076 0.531159 0.001145 0.002121
1 0.082888 0.538584 0.002386 0.010077
0 0.050439 0.505436 0.000859 0.003182
0 0.054304 0.504508 0.000764 0.002917
0 0.053684 0.503978 0.000859 0.003447
0 0.053111 0.504375 0.000859 0.003182
0 0.052586 0.504375 0.000954 0.003182
0 0.052061 0.504906 0.000859 0.002652
0 0.051489 0.505171 0.001050 0.003182
0 0.050964 0.505171 0.000764 0.003182
0 0.049819 0.505171 0.000764 0.002652
0 0.055879 0.503978 0.000859 0.003447
0 0.049389 0.505038 0.000668 0.002917
0 0.048864 0.505304 0.000764 0.002387
0 0.048339 0.505171 0.000859 0.003182
0 0.047194 0.505436 0.000859 0.003182
0 0.046049 0.505834 0.000668 0.002387
0 0.045572 0.509547 0.001050 0.003978
0 0.044522 0.510077 0.000859 0.003447
0 0.054781 0.504110 0.000764 0.003182
0 0.056404 0.503580 0.000764 0.003182
0 0.058742 0.525988 0.001241 0.002917
0 0.059362 0.513259 0.000954 0.003447
0 0.064087 0.520419 0.000668 0.002917
0 0.062989 0.520286 0.000573 0.003713
0 0.062464 0.520021 0.000668 0.003713
0 0.061987 0.520552 0.000668 0.003182
0 0.057692 0.513789 0.000859 0.003447
0 0.058313 0.513524 0.000764 0.003447
0 0.058742 0.513524 0.000668 0.003447
0 0.059983 0.512994 0.000859 0.003978
0 0.057692 0.503447 0.000859 0.002917
0 0.060460 0.513259 0.000668 0.003447
0 0.061080 0.512729 0.000764 0.003447
0 0.061605 0.512596 0.000859 0.003713
0 0.062082 0.512198 0.000477 0.002917
0 0.063037 0.512464 0.000668 0.002917
0 0.063705 0.512066 0.000859 0.003713
0 0.058599 0.503315 0.000764 0.003182
1 0.083270 0.525988 0.001050 0.011933
0 0.018324 0.602095 0.000954 0.003978
0 0.103216 0.522540 0.001241 0.001856
0 0.102166 0.510342 0.001241 0.001856
0 0.095056 0.540838 0.000954 0.002917
0 0.093672 0.546142 0.001050 0.002387
0 0.090857 0.558870 0.001336 0.002917
0 0.103359 0.561920 0.001527 0.001591
0 0.100544 0.577566 0.000668 0.003182
0 0.098110 0.578626 0.000764 0.003182
0 0.107272 0.633917 0.002481 0.002917
0 0.102023 0.508618 0.001145 0.002121
0 0.103025 0.535932 0.001622 0.002121
0 0.101928 0.507292 0.001145 0.002121
0 0.101689 0.505171 0.001241 0.002121
0 0.101737 0.503447 0.001145 0.002387
0 0.101451 0.502254 0.001145 0.001591
0 0.099351 0.513392 0.001145 0.002121
0 0.099399 0.514983 0.001050 0.002121
0 0.099685 0.516839 0.001050 0.001591
0 0.095868 0.540971 0.001050 0.003713
0 0.103073 0.534076 0.001336 0.002121
0 0.097872 0.514718 0.001241 0.002121
0 0.099828 0.525060 0.001145 0.001591
0 0.103121 0.527446 0.001622 0.002652
0 0.100258 0.534871 0.001432 0.002121
0 0.100019 0.533413 0.001336 0.001326
0 0.098778 0.530363 0.001336 0.001591
0 0.098683 0.528507 0.001336 0.001591
0 0.099828 0.528109 0.000954 0.001326
0 0.099971 0.526253 0.001050 0.001856
0 0.098731 0.526518 0.001241 0.001326
0 0.103312 0.531954 0.001241 0.002121
0 0.099590 0.521480 0.001241 0.001856
0 0.095915 0.529037 0.001145 0.001591
0 0.094531 0.534474 0.001241 0.001856
0 0.095963 0.531689 0.001241 0.002121
0 0.095438 0.524662 0.000954 0.001326
0 0.095343 0.523071 0.001336 0.001856
0 0.106557 0.531424 0.001432 0.001591
0 0.098206 0.516839 0.001145 0.002121
0 0.097681 0.512464 0.001241 0.001856
0 0.019565 0.616547 0.000954 0.003713
0 0.049532 0.823124 0.000954 0.003182
0 0.123354 0.757889 0.001050 0.004243
0 0.129557 0.751923 0.001241 0.001856
0 0.109992 0.824980 0.001622 0.002121
0 0.111758 0.886900 0.001527 0.004508
0 0.055879 0.861840 0.001050 0.003713
0 0.045763 0.796871 0.001050 0.003713
0 0.050582 0.827367 0.001145 0.003713
0 0.040752 0.769425 0.000954 0.002917
1 0.121684 0.675020 0.000954 0.009812
0 0.039416 0.755900 0.000954 0.003447
0 0.027772 0.685229 0.000954 0.003182
0 0.040991 0.670910 0.001050 0.004243
0 0.038986 0.648767 0.001432 0.003978
0 0.028107 0.618934 0.001050 0.003182
0 0.030254 0.608459 0.001336 0.001856
0 0.019278 0.632591 0.000954 0.003447
0 0.121302 0.664943 0.000573 0.002917
0 0.094627 0.485282 0.001432 0.003713
0 0.098922 0.510077 0.001050 0.001856
0 0.088948 0.530761 0.001145 0.001326
0 0.099017 0.508618 0.001241 0.002121
0 0.098922 0.506630 0.001241 0.001856
0 0.097824 0.507292 0.000954 0.002121
0 0.097681 0.505569 0.001050 0.001856
0 0.098588 0.505038 0.000954 0.001856
0 0.099065 0.503050 0.001145 0.001591
0 0.097919 0.503182 0.000954 0.001856
0 0.094579 0.512729 0.001336 0.002387
0 0.096726 0.491912 0.001241 0.003182
0 0.094341 0.511005 0.000859 0.002121
0 0.093148 0.509016 0.001336 0.001856
0 0.093338 0.507292 0.001336 0.002121
1 0.093148 0.505834 0.001145 0.001856
0 0.093100 0.504110 0.001241 0.002121
0 0.096679 0.496155 0.000573 0.003182
0 0.092766 0.502519 0.001145 0.001591
0 0.043902 0.509679 0.000764 0.003182
0 0.042804 0.509944 0.000859 0.003713
0 0.041754 0.510077 0.000859 0.003447
0 0.040704 0.510475 0.001050 0.003182
0 0.058360 0.488995 0.001050 0.001591
0 0.068668 0.484619 0.001241 0.001856
0 0.040752 0.492973 0.001336 0.002121
0 0.020805 0.472289 0.001527 0.002121
0 0.045047 0.467383 0.001336 0.001856
0 0.060699 0.505569 0.000954 0.003447
0 0.062703 0.505304 0.000764 0.003447
0 0.059076 0.506762 0.000764 0.003182
0 0.052491 0.507823 0.000573 0.002652
0 0.046478 0.508884 0.000954 0.003182
0 0.047624 0.509016 0.001145 0.003978
0 0.048578 0.508353 0.000764 0.003182
0 0.049103 0.508486 0.000859 0.003447
0 0.049723 0.508751 0.000764 0.002917
0 0.050821 0.508751 0.000859 0.003447
0 0.051918 0.508353 0.000764 0.003182
0 0.053064 0.507558 0.000764 0.003182
0 0.058504 0.506630 0.000764 0.003447
0 0.054734 0.507425 0.000668 0.002917
0 0.055402 0.507425 0.000668 0.002917
0 0.055784 0.507160 0.000668 0.002917
0 0.056452 0.507160 0.000668 0.002917
0 0.056881 0.507027 0.000764 0.003182
0 0.057549 0.507027 0.000573 0.003182
0 0.058026 0.506895 0.000954 0.002917
0 0.103121 0.520552 0.001622 0.002121
0 0.103025 0.516043 0.001050 0.002121
0 0.138433 0.342615 0.001050 0.003182
0 0.167542 0.294617 0.000668 0.002652
0 0.166730 0.305622 0.001145 0.001856
0 0.166635 0.303103 0.001145 0.001591
0 0.166444 0.301512 0.001145 0.001591
0 0.166253 0.297401 0.000954 0.001856
0 0.166396 0.295147 0.000859 0.001591
0 0.166349 0.292230 0.001145 0.001591
0 0.166349 0.291037 0.000954 0.001326
0 0.167112 0.286529 0.000573 0.002387
0 0.166730 0.308539 0.001145 0.001326
0 0.166110 0.289844 0.001050 0.001591
0 0.166015 0.288650 0.001241 0.001856
0 0.165919 0.287059 0.001432 0.001856
0 0.165824 0.285733 0.001241 0.001326
0 0.165967 0.283479 0.000954 0.001591
0 0.165919 0.281888 0.001241 0.001591
0 0.165776 0.280695 0.001145 0.001326
0 0.166730 0.307080 0.001145 0.002121
0 0.166826 0.311456 0.001145 0.001856
0 0.165776 0.278043 0.001145 0.001856
0 0.167589 0.329356 0.001145 0.001591
0 0.167255 0.238001 0.001050 0.001856
0 0.167064 0.235481 0.001050 0.001591
0 0.167017 0.233890 0.000954 0.001591
0 0.166873 0.232432 0.001050 0.001856
0 0.166873 0.230841 0.001050 0.001856
0 0.166921 0.229382 0.000954 0.001061
0 0.166826 0.227658 0.001145 0.001856
0 0.167446 0.327765 0.001050 0.001591
0 0.168019 0.315168 0.000668 0.002917
0 0.167398 0.326041 0.001336 0.001856
0 0.167351 0.324715 0.001050 0.001856
0 0.169164 0.327234 0.000668 0.003182
0 0.167398 0.319014 0.000954 0.001591
0 0.168257 0.319411 0.000573 0.002917
0 0.167255 0.317422 0.001050 0.001591
0 0.167160 0.314505 0.000859 0.001591
0 0.165728 0.279369 0.001241 0.001856
0 0.165680 0.276584 0.001336 0.001591
0 0.167303 0.241315 0.000954 0.001591
0 0.159382 0.318218 0.001336 0.002652
0 0.163151 0.322328 0.001050 0.002917
0 0.163008 0.320870 0.000954 0.002652
0 0.163008 0.319279 0.000954 0.003182
0 0.161768 0.316097 0.000954 0.002652
0 0.162960 0.313975 0.000859 0.002652
0 0.159620 0.322196 0.001241 0.002121
0 0.159477 0.320339 0.001336 0.001591
0 0.159286 0.316627 0.001145 0.002121
0 0.162149 0.322593 0.001145 0.002917
0 0.159334 0.315036 0.001241 0.002121
0 0.159238 0.313312 0.001241 0.002917
0 0.159286 0.311854 0.001336 0.002121
0 0.159143 0.309997 0.001050 0.001591
0 0.165633 0.325378 0.001241 0.002121
0 0.165394 0.321798 0.001336 0.002387
0 0.165394 0.320207 0.001145 0.002387
0 0.161958 0.320472 0.000954 0.002387
0 0.159525 0.323654 0.001241 0.002387
0 0.165680 0.275391 0.001336 0.001856
0 0.165060 0.261999 0.001050 0.001591
0 0.165537 0.274065 0.001241 0.001856
0 0.165537 0.272872 0.001241 0.001591
0 0.165442 0.271413 0.001241 0.001856
0 0.165490 0.269822 0.001145 0.001856
0 0.165251 0.267568 0.001050 0.001591
0 0.165251 0.264784 0.001050 0.001856
0 0.165156 0.263458 0.001050 0.001856
0 0.165108 0.260939 0.000954 0.001591
0 0.159525 0.325245 0.001241 0.002387
0 0.165012 0.259480 0.000954 0.001326
0 0.154896 0.328693 0.001527 0.002387
0 0.154944 0.326571 0.001241 0.001856
0 0.151985 0.324980 0.001432 0.001326
0 0.152176 0.322726 0.001241 0.001591
0 0.151747 0.320605 0.001718 0.002121
0 0.157234 0.315566 0.000668 0.003713
0 0.167207 0.239857 0.000954 0.001856
0 0.167255 0.244232 0.001050 0.001591
0 0.163724 0.812914 0.001241 0.002387
0 0.169784 0.321268 0.001145 0.001856
0 0.170262 0.330284 0.000954 0.001326
0 0.168734 0.330416 0.000573 0.002652
0 0.170166 0.328825 0.000954 0.001591
0 0.170071 0.327234 0.001145 0.001591
0 0.170118 0.325643 0.001241 0.001591
0 0.170118 0.324317 0.001050 0.001061
0 0.170023 0.322859 0.001050 0.001326
0 0.169880 0.318483 0.001145 0.001591
0 0.170405 0.333599 0.000859 0.001591
0 0.169927 0.316892 0.001050 0.001591
0 0.169832 0.315301 0.000859 0.001591
0 0.169880 0.313710 0.000954 0.001591
0 0.169737 0.312251 0.001241 0.001326
0 0.169784 0.310793 0.001145 0.001061
0 0.169593 0.309334 0.001145 0.001856
0 0.169593 0.307478 0.000954 0.001326
0 0.170262 0.331875 0.000954 0.001326
0 0.170309 0.334659 0.000859 0.001591
0 0.168878 0.298329 0.000859 0.001061
0 0.168019 0.341156 0.001050 0.001856
0 0.142632 0.334527 0.000668 0.003978
0 0.141105 0.324185 0.001241 0.002387
0 0.140914 0.322461 0.001241 0.002121
0 0.168305 0.348714 0.000859 0.001591
0 0.168257 0.347123 0.001336 0.002121
0 0.168210 0.344736 0.001241 0.001591
0 0.168066 0.343012 0.001145 0.001856
0 0.168066 0.339565 0.000954 0.001856
0 0.170405 0.336118 0.001050 0.001856
0 0.167971 0.338239 0.000954 0.001326
0 0.167876 0.336516 0.001145 0.002121
0 0.167923 0.335190 0.001050 0.001591
0 0.167685 0.332405 0.000954 0.001856
0 0.167637 0.330814 0.001050 0.001326
0 0.170500 0.339300 0.001050 0.001856
0 0.170357 0.337709 0.001145 0.001856
0 0.168925 0.296871 0.000954 0.001856
0 0.168830 0.299655 0.000954 0.001591
0 0.168400 0.243835 0.001050 0.001856
0 0.170643 0.234553 0.001145 0.001856
0 0.170882 0.249669 0.001241 0.002387
0 0.170739 0.238663 0.000954 0.001591
0 0.170882 0.240122 0.000859 0.001326
0 0.170930 0.241580 0.000954 0.002121
0 0.170882 0.243437 0.001050 0.001591
0 0.170882 0.244630 0.001050 0.001326
0 0.170882 0.246221 0.001241 0.001856
0 0.170548 0.232697 0.001145 0.001856
0 0.167017 0.254972 0.001336 0.001856
0 0.170500 0.229647 0.001241 0.002121
0 0.170405 0.226598 0.001050 0.001856
0 0.168162 0.233095 0.001336 0.001591
0 0.168162 0.234951 0.001145 0.001591
0 0.168353 0.236277 0.000954 0.001591
0 0.168353 0.239857 0.000764 0.001856
0 0.168400 0.241846 0.001050 0.002121
0 0.167160 0.253381 0.001050 0.001856
0 0.167207 0.256431 0.001145 0.001591
0 0.168400 0.290506 0.001050 0.001326
0 0.167828 0.277247 0.001241 0.001326
0 0.168448 0.291832 0.001145 0.001856
0 0.168305 0.287722 0.001050 0.001591
0 0.168400 0.289181 0.001050 0.001856
0 0.168066 0.283877 0.001145 0.001326
0 0.167971 0.281623 0.000954 0.001061
0 0.167923 0.280430 0.001241 0.001326
0 0.168019 0.278706 0.001050 0.001591
0 0.167732 0.275922 0.001050 0.001856
0 0.167303 0.258154 0.001145 0.001856
0 0.167732 0.273535 0.001241 0.001326
0 0.167732 0.272076 0.001050 0.001591
0 0.167494 0.270750 0.000954 0.001591
0 0.167542 0.268364 0.001241 0.001591
0 0.167398 0.261734 0.001336 0.001591
0 0.167351 0.260408 0.001241 0.001591
0 0.167255 0.259215 0.001241 0.001326
0 0.165490 0.318483 0.001145 0.002121
0 0.165442 0.316892 0.001241 0.002652
0 0.165394 0.312782 0.001145 0.002387
0 0.164583 0.238796 0.001241 0.001856
0 0.164917 0.251260 0.001145 0.002387
0 0.166778 0.226465 0.001050 0.001591
0 0.164774 0.247945 0.001050 0.001591
0 0.164726 0.246486 0.001145 0.001856
0 0.164631 0.245028 0.001145 0.001591
0 0.164678 0.243702 0.001050 0.001591
0 0.164678 0.242111 0.001050 0.001591
0 0.164583 0.237735 0.001050 0.001856
0 0.164917 0.256033 0.000954 0.001326
0 0.164249 0.234686 0.001145 0.002121
0 0.164297 0.233227 0.001241 0.001326
0 0.164249 0.231636 0.001336 0.001856
0 0.164201 0.228454 0.001050 0.001856
0 0.164106 0.227128 0.000859 0.001856
0 0.163915 0.225670 0.001241 0.002121
0 0.164106 0.223946 0.001050 0.001856
0 0.164822 0.254574 0.001145 0.001591
0 0.164965 0.258420 0.001241 0.001856
0 0.164392 0.220764 0.001050 0.001856
0 0.159763 0.255105 0.001145 0.003182
0 0.163342 0.265977 0.001432 0.003182
0 0.163533 0.263856 0.001241 0.002652
0 0.163485 0.261469 0.001145 0.002121
0 0.163247 0.257889 0.001050 0.002917
0 0.163199 0.255237 0.000954 0.002387
0 0.163104 0.253248 0.001145 0.002652
0 0.159811 0.256961 0.001241 0.003182
0 0.159668 0.253514 0.001145 0.002652
0 0.159382 0.245691 0.001145 0.002917
0 0.140914 0.274596 0.000668 0.003447
0 0.141773 0.271413 0.000477 0.003978
0 0.140723 0.263458 0.000477 0.003447
0 0.149599 0.258817 0.001432 0.002121
0 0.152176 0.259745 0.001622 0.001856
0 0.156041 0.258950 0.001336 0.001856
0 0.157616 0.255105 0.001050 0.003182
0 0.164058 0.222355 0.000954 0.001326
0 0.156757 0.236277 0.001241 0.002652
0 0.165156 0.311191 0.001241 0.002387
0 0.104982 0.509281 0.001336 0.002387
0 0.108847 0.504906 0.001050 0.002121
0 0.108847 0.503182 0.001050 0.002387
0 0.106223 0.508751 0.000954 0.001856
0 0.105936 0.507160 0.000954 0.001856
0 0.105745 0.505436 0.001145 0.002121
0 0.105698 0.503580 0.000859 0.001591
0 0.105745 0.502254 0.000954 0.002121
0 0.104696 0.505436 0.000954 0.001591
0 0.105793 0.516706 0.001050 0.001856
0 0.104600 0.504110 0.000954 0.001591
0 0.104505 0.502917 0.000954 0.001326
0 0.102644 0.513524 0.001241 0.002387
0 0.102166 0.511933 0.001050 0.002387
0 0.104505 0.501193 0.001145 0.002121
0 0.152510 0.823654 0.001336 0.002121
0 0.164583 0.825113 0.001241 0.001856
0 0.108895 0.506364 0.001145 0.002387
0 0.106175 0.519093 0.001241 0.001856
0 0.163867 0.219173 0.000954 0.002387
0 0.167780 0.223018 0.000954 0.001591
0 0.164058 0.212013 0.001145 0.001856
0 0.156614 0.231238 0.001336 0.002652
0 0.166683 0.225007 0.001050 0.001856
0 0.166730 0.223548 0.000764 0.001591
0 0.166683 0.221824 0.001050 0.001326
0 0.166539 0.217449 0.000954 0.001591
0 0.166396 0.215858 0.001050 0.001591
0 0.167780 0.221824 0.000954 0.001856
0 0.106223 0.521082 0.000954 0.001591
0 0.167494 0.219040 0.000764 0.002121
0 0.167685 0.216786 0.000954 0.002387
0 0.167446 0.215327 0.001050 0.002652
0 0.169975 0.210289 0.000954 0.001591
0 0.137479 0.201538 0.001432 0.002121
0 0.140055 0.198754 0.001241 0.001856
0 0.106223 0.522673 0.000954 0.001591
0 0.163629 0.269027 0.001241 0.002387
0 0.163867 0.273933 0.001336 0.003182
0 0.160956 0.258022 0.001050 0.002652
0 0.161958 0.286661 0.001145 0.003182
0 0.161290 0.298064 0.000954 0.002652
0 0.161147 0.296871 0.001050 0.002917
0 0.161099 0.295147 0.000954 0.002652
0 0.161052 0.291832 0.000859 0.002387
0 0.161004 0.290241 0.000954 0.002387
0 0.160861 0.288650 0.001050 0.002917
0 0.162006 0.288385 0.001050 0.002917
0 0.161815 0.284938 0.001050 0.002387
0 0.162149 0.298064 0.000954 0.002652
0 0.161768 0.283214 0.000954 0.002652
0 0.160861 0.285070 0.001050 0.002652
0 0.160670 0.283877 0.001050 0.002917
0 0.154848 0.310660 0.001432 0.001856
0 0.154610 0.306948 0.001718 0.002387
0 0.156137 0.300186 0.001336 0.002121
0 0.154276 0.296075 0.001241 0.002387
0 0.162245 0.296473 0.000954 0.003182
0 0.162483 0.302572 0.001241 0.003713
0 0.160813 0.259745 0.001145 0.002387
0 0.161386 0.303235 0.001336 0.002387
0 0.165012 0.309467 0.001336 0.002652
0 0.165012 0.308008 0.001145 0.002387
0 0.165108 0.306285 0.001145 0.002652
0 0.162770 0.308937 0.001050 0.003182
0 0.162626 0.305754 0.001145 0.003182
0 0.161481 0.306152 0.001145 0.002917
0 0.161433 0.304959 0.001241 0.003182
0 0.164774 0.301114 0.001241 0.002387
0 0.161290 0.301644 0.001145 0.002917
0 0.164678 0.299655 0.001241 0.002121
0 0.164583 0.297799 0.001050 0.002652
0 0.164440 0.292893 0.001336 0.002387
0 0.164583 0.291567 0.000859 0.001856
0 0.164344 0.288385 0.001145 0.001856
0 0.164106 0.285335 0.001241 0.002121
0 0.164010 0.278971 0.001432 0.002652
0 0.159143 0.305754 0.001622 0.003182
0 0.158952 0.301379 0.001050 0.002387
0 0.158761 0.299523 0.001050 0.001856
0 0.159811 0.260011 0.001241 0.003447
0 0.160288 0.269425 0.000859 0.002652
0 0.160002 0.268099 0.001241 0.003713
0 0.159954 0.265314 0.000954 0.002917
0 0.159954 0.263060 0.001336 0.003182
0 0.157473 0.262795 0.001145 0.002652
0 0.157664 0.261602 0.001145 0.001856
0 0.157473 0.259745 0.001145 0.001856
0 0.160431 0.274463 0.001145 0.002652
0 0.158713 0.294749 0.001145 0.002387
0 0.161481 0.272342 0.001336 0.003713
0 0.161338 0.269557 0.001241 0.004508
0 0.161243 0.267303 0.001241 0.003713
0 0.161052 0.265845 0.000859 0.002387
0 0.161052 0.264254 0.001241 0.002917
0 0.161147 0.262530 0.001432 0.002652
0 0.161147 0.260939 0.001050 0.003182
0 0.160288 0.271281 0.001050 0.003182
0 0.160288 0.272739 0.001241 0.003447
0 0.157855 0.272739 0.000954 0.001326
0 0.157807 0.270618 0.001050 0.001856
0 0.158523 0.291435 0.001145 0.002121
0 0.158332 0.288385 0.001145 0.002387
0 0.160575 0.277247 0.000859 0.002387
0 0.158141 0.280695 0.001145 0.002387
0 0.156089 0.270883 0.000859 0.001856
0 0.135904 0.279634 0.000764 0.003447
0 0.136286 0.291700 0.000573 0.003182
0 0.136763 0.303766 0.000573 0.003447
0 0.145304 0.308539 0.000668 0.003447
0 0.147356 0.311854 0.001527 0.003182
0 0.147022 0.298860 0.001432 0.003713
0 0.146831 0.293689 0.001241 0.003447
0 0.153321 0.280960 0.000668 0.003447
0 0.152844 0.270485 0.001241 0.002652
0 0.153274 0.277513 0.000573 0.002917
0 0.205860 0.438345 0.001145 0.002652
0 0.209105 0.427738 0.000954 0.001591
0 0.151842 0.619862 0.000573 0.002917
0 0.194216 0.512994 0.000573 0.002917
0 0.201947 0.510740 0.000573 0.002652
0 0.201327 0.510872 0.000477 0.002917
0 0.198368 0.511801 0.000859 0.003713
0 0.197175 0.511801 0.000764 0.003182
0 0.196173 0.511933 0.000477 0.002917
0 0.195696 0.512066 0.000477 0.002652
0 0.194646 0.512596 0.000668 0.002652
0 0.193023 0.512198 0.000668 0.003447
0 0.204047 0.510607 0.000573 0.003447
0 0.192546 0.512596 0.000477 0.002652
0 0.192117 0.512729 0.000573 0.002917
0 0.189540 0.512994 0.000382 0.002387
0 0.189015 0.513259 0.000477 0.002387
0 0.190113 0.514055 0.000573 0.003447
0 0.190208 0.510475 0.000954 0.003713
0 0.186963 0.514320 0.000764 0.003978
0 0.202949 0.510475 0.000668 0.003182
0 0.205001 0.509944 0.000573 0.003182
0 0.185341 0.514187 0.000573 0.002652
0 0.197414 0.518430 0.000477 0.003182
0 0.192785 0.519491 0.000382 0.002652
0 0.193262 0.519093 0.000573 0.003447
0 0.194312 0.519491 0.000573 0.003182
0 0.195362 0.518960 0.000573 0.003182
0 0.195982 0.518960 0.000477 0.003713
0 0.196459 0.518828 0.000477 0.002917
0 0.196936 0.519093 0.000477 0.002387
0 0.197939 0.518563 0.000573 0.002917
0 0.205526 0.509679 0.000477 0.003182
0 0.198941 0.518165 0.000477 0.003713
0 0.200134 0.518032 0.000573 0.003978
0 0.202233 0.517502 0.000573 0.003978
0 0.203713 0.517502 0.000668 0.003447
0 0.204810 0.517635 0.000573 0.003713
0 0.205908 0.517237 0.000477 0.003447
0 0.206862 0.516574 0.000477 0.003182
0 0.187822 0.510607 0.000954 0.003978
0 0.184291 0.514585 0.000573 0.002917
0 0.188061 0.521215 0.000668 0.003447
0 0.180330 0.503315 0.000859 0.002652
0 0.174079 0.513789 0.000954 0.003447
0 0.173984 0.507292 0.000954 0.002652
0 0.175224 0.504906 0.000954 0.002652
0 0.176704 0.503713 0.001050 0.002917
0 0.177467 0.503713 0.001050 0.003447
0 0.178565 0.503845 0.000954 0.003182
0 0.179853 0.503447 0.001050 0.002387
0 0.182096 0.502387 0.001145 0.003447
0 0.175272 0.513259 0.000859 0.002387
0 0.183289 0.503050 0.000859 0.003182
0 0.184529 0.503050 0.001050 0.002652
0 0.184864 0.502121 0.000954 0.003447
0 0.186104 0.502519 0.000954 0.003182
0 0.187965 0.502121 0.000668 0.002917
0 0.194837 0.508884 0.001050 0.003713
0 0.199990 0.507955 0.000668 0.002917
0 0.174604 0.513657 0.000859 0.003182
0 0.176370 0.512994 0.000764 0.002917
0 0.183289 0.514585 0.000477 0.002917
0 0.176990 0.512861 0.000668 0.003182
0 0.180044 0.515513 0.000477 0.003182
0 0.179090 0.515646 0.000477 0.002917
0 0.177753 0.516574 0.000477 0.002652
0 0.180426 0.511933 0.001050 0.003978
0 0.178708 0.512729 0.000859 0.003447
0 0.178087 0.512596 0.000573 0.002652
0 0.177515 0.513126 0.000764 0.003182
0 0.179901 0.506364 0.000954 0.002387
0 0.175320 0.507292 0.000764 0.002652
0 0.180855 0.505701 0.001145 0.003182
0 0.178565 0.506232 0.001336 0.003713
0 0.177897 0.506630 0.001145 0.003447
0 0.167589 0.517900 0.000573 0.002652
0 0.167064 0.517900 0.000668 0.004773
0 0.176370 0.506762 0.000954 0.002652
0 0.175701 0.506630 0.000764 0.002387
0 0.192260 0.519358 0.000477 0.003447
0 0.186438 0.521082 0.000477 0.003182
0 0.170309 0.571466 0.000859 0.001591
0 0.180617 0.564572 0.000477 0.003182
0 0.182430 0.570141 0.000668 0.003182
0 0.181905 0.570008 0.000573 0.002917
0 0.180855 0.570273 0.000573 0.002387
0 0.182668 0.563511 0.000573 0.003182
0 0.182287 0.563511 0.000573 0.003182
0 0.181762 0.563644 0.000477 0.002917
0 0.181189 0.563776 0.000477 0.002652
0 0.181666 0.560727 0.000477 0.002917
0 0.183480 0.569743 0.000477 0.002917
0 0.182287 0.560196 0.000573 0.002387
0 0.182764 0.560594 0.000573 0.002652
0 0.183337 0.560727 0.000573 0.002917
0 0.183957 0.562185 0.000477 0.003182
0 0.184768 0.562053 0.000573 0.002917
0 0.185627 0.562053 0.000573 0.002917
0 0.186343 0.554760 0.000668 0.002121
0 0.182955 0.570008 0.000573 0.002917
0 0.184052 0.569875 0.000477 0.002652
0 0.184005 0.555688 0.000573 0.002917
0 0.182144 0.578759 0.000477 0.002917
0 0.170309 0.566958 0.001050 0.001591
0 0.198702 0.595598 0.000573 0.002652
0 0.198177 0.596261 0.000477 0.002387
0 0.186963 0.577963 0.000573 0.003978
0 0.186391 0.577831 0.000382 0.003182
0 0.184864 0.578494 0.000573 0.002917
0 0.184243 0.578494 0.000477 0.002917
0 0.178565 0.580217 0.000573 0.002652
0 0.184577 0.569743 0.000573 0.002917
0 0.181428 0.572925 0.000573 0.002917
0 0.185770 0.572262 0.000477 0.002652
0 0.186915 0.571864 0.000668 0.002917
0 0.186725 0.568815 0.000477 0.002652
0 0.186200 0.569080 0.000573 0.002652
0 0.185627 0.569345 0.000573 0.003182
0 0.185054 0.569610 0.000573 0.002652
0 0.185436 0.555025 0.000382 0.002652
0 0.183050 0.554760 0.000573 0.002652
0 0.185484 0.523866 0.000477 0.003447
0 0.181810 0.524794 0.000573 0.003182
0 0.193119 0.525590 0.001050 0.003182
0 0.191258 0.525325 0.000954 0.003713
0 0.189683 0.525855 0.000668 0.003713
0 0.182525 0.532352 0.000668 0.002917
0 0.182000 0.532617 0.000573 0.002917
0 0.181475 0.532352 0.000668 0.002917
0 0.182334 0.524397 0.000668 0.002917
0 0.181285 0.524927 0.000477 0.002917
0 0.201661 0.529700 0.001145 0.003978
0 0.181285 0.521480 0.000859 0.003978
0 0.182812 0.521480 0.000668 0.003447
0 0.183002 0.524662 0.000477 0.002917
0 0.183432 0.524397 0.000573 0.002387
0 0.183909 0.524794 0.000573 0.003182
0 0.184529 0.524132 0.000477 0.003447
0 0.185007 0.524132 0.000477 0.002917
0 0.194741 0.525192 0.001241 0.003447
0 0.206098 0.528374 0.000668 0.003447
0 0.182621 0.554627 0.000477 0.003447
0 0.181523 0.545479 0.000573 0.003182
0 0.182000 0.555025 0.000573 0.003182
0 0.181428 0.554893 0.000573 0.003447
0 0.180951 0.555158 0.000573 0.002387
0 0.180378 0.555423 0.000573 0.002917
0 0.184386 0.544153 0.000573 0.003182
0 0.182716 0.545744 0.000477 0.003182
0 0.182144 0.545213 0.000477 0.004243
0 0.181094 0.545081 0.000477 0.002917
0 0.210298 0.524794 0.001241 0.001591
0 0.182668 0.535800 0.000573 0.003447
0 0.182048 0.535932 0.000477 0.003182
0 0.181619 0.536462 0.000573 0.003182
0 0.184100 0.531159 0.000573 0.003713
0 0.183623 0.531954 0.000573 0.003182
0 0.183050 0.532220 0.000573 0.003182
0 0.211825 0.522540 0.000477 0.003447
0 0.201374 0.507027 0.000764 0.002652
0 0.201804 0.507425 0.000859 0.002917
0 0.202997 0.507027 0.000954 0.003182
0 0.214354 0.478520 0.000573 0.002917
0 0.199227 0.489923 0.000477 0.002917
0 0.198702 0.489923 0.000382 0.002387
0 0.198273 0.489923 0.000477 0.002917
0 0.197366 0.493105 0.000764 0.003447
0 0.196221 0.493636 0.000954 0.003978
0 0.196316 0.490321 0.000573 0.003182
0 0.195266 0.493105 0.000764 0.002387
0 0.212684 0.480377 0.000668 0.003447
0 0.200277 0.489260 0.000477 0.002652
0 0.211204 0.480642 0.000573 0.002917
0 0.210345 0.480907 0.000573 0.002917
0 0.209773 0.478255 0.000573 0.002387
0 0.208103 0.478255 0.000477 0.002917
0 0.207578 0.478785 0.000764 0.003447
0 0.206003 0.478653 0.000477 0.002652
0 0.205383 0.478520 0.000573 0.002917
0 0.199752 0.489658 0.000573 0.002917
0 0.200659 0.489525 0.000477 0.002652
0 0.202090 0.481702 0.000668 0.002917
0 0.216835 0.458764 0.000573 0.002652
0 0.216501 0.465129 0.000477 0.002652
0 0.215929 0.465526 0.000477 0.002917
0 0.219460 0.458632 0.000668 0.002387
0 0.218983 0.458499 0.000477 0.003182
0 0.218315 0.458897 0.000477 0.002917
0 0.217933 0.458764 0.000477 0.003182
0 0.217312 0.458764 0.000573 0.002652
0 0.216310 0.459029 0.000477 0.003182
0 0.201136 0.488995 0.000477 0.002652
0 0.215165 0.459692 0.000668 0.002917
0 0.206051 0.481835 0.000573 0.003182
0 0.205574 0.481437 0.000382 0.002917
0 0.205049 0.481835 0.000477 0.002652
0 0.202090 0.492442 0.000859 0.003182
0 0.202329 0.488862 0.000573 0.002917
0 0.201661 0.488995 0.000573 0.003182
0 0.204858 0.478918 0.000477 0.002652
0 0.201517 0.481570 0.000477 0.003182
0 0.204094 0.506630 0.000859 0.003978
0 0.190303 0.492045 0.000573 0.002387
0 0.176226 0.497481 0.000668 0.002652
0 0.175606 0.497746 0.000573 0.002652
0 0.175081 0.497746 0.000859 0.002652
0 0.174413 0.498542 0.000859 0.003713
0 0.173840 0.498276 0.000859 0.003182
0 0.173363 0.498542 0.000668 0.003182
0 0.172743 0.498409 0.000954 0.003447
0 0.187202 0.492442 0.000477 0.003182
0 0.177324 0.497613 0.000764 0.002387
0 0.186486 0.492840 0.000764 0.002917
0 0.211920 0.477857 0.000477 0.002652
0 0.210966 0.470697 0.000477 0.003182
0 0.210536 0.471095 0.000573 0.002917
0 0.209868 0.471493 0.000573 0.002652
0 0.209248 0.471493 0.000668 0.003182
0 0.208628 0.471228 0.000573 0.002652
0 0.176799 0.497613 0.000668 0.002917
0 0.177944 0.497481 0.000859 0.003182
0 0.200945 0.481437 0.000477 0.003447
0 0.194932 0.483294 0.000668 0.003978
0 0.200468 0.481570 0.000477 0.002652
0 0.199990 0.481835 0.000477 0.002652
0 0.199513 0.481968 0.000477 0.002387
0 0.197986 0.482498 0.000668 0.003447
0 0.197127 0.482498 0.000668 0.002387
0 0.196125 0.482763 0.000573 0.003447
0 0.195553 0.482763 0.000573 0.003447
0 0.186200 0.477725 0.001336 0.002387
0 0.178517 0.497216 0.000668 0.003713
0 0.189349 0.494829 0.000764 0.003182
0 0.187631 0.495359 0.000764 0.003182
0 0.186963 0.495625 0.000764 0.002652
0 0.186486 0.495492 0.000764 0.002917
0 0.180760 0.496553 0.000954 0.003447
0 0.179710 0.497083 0.000764 0.003447
0 0.179090 0.497216 0.000668 0.003182
0 0.217026 0.464863 0.000382 0.002652
0 0.217551 0.465129 0.000286 0.002652
0 0.218028 0.464863 0.000477 0.002652
0 0.211157 0.499867 0.000668 0.003182
0 0.206385 0.491382 0.000477 0.002652
0 0.205621 0.491249 0.000859 0.002387
0 0.205096 0.491514 0.000954 0.003447
0 0.212588 0.499470 0.000477 0.002917
0 0.212111 0.499602 0.000477 0.002652
0 0.212111 0.496818 0.000477 0.002917
0 0.211586 0.496818 0.000382 0.002917
0 0.208628 0.500530 0.000573 0.002917
0 0.214020 0.496685 0.000477 0.002652
0 0.210536 0.497083 0.000764 0.002917
0 0.218744 0.489393 0.000382 0.002917
0 0.218267 0.489658 0.000573 0.002917
0 0.217790 0.489393 0.000573 0.003447
0 0.206433 0.488597 0.000573 0.003447
0 0.205717 0.488199 0.000668 0.003182
0 0.205192 0.488465 0.000573 0.002652
0 0.213495 0.496818 0.000382 0.002387
0 0.215117 0.496553 0.000382 0.002387
0 0.218505 0.464863 0.000477 0.002652
0 0.205240 0.498144 0.000859 0.002917
0 0.204715 0.506762 0.000764 0.003182
0 0.205335 0.506762 0.000859 0.003182
0 0.205955 0.506232 0.000764 0.003182
0 0.206528 0.506895 0.000764 0.002917
0 0.224470 0.476134 0.000954 0.001326
0 0.224566 0.474277 0.000954 0.001326
0 0.203951 0.500796 0.000954 0.002917
0 0.204476 0.497879 0.001050 0.002917
0 0.215547 0.496553 0.000668 0.003447
0 0.204047 0.498276 0.001145 0.003713
0 0.203379 0.498542 0.000954 0.003182
0 0.200038 0.498807 0.000764 0.003182
0 0.196555 0.502519 0.001241 0.003182
0 0.195887 0.499602 0.001050 0.002652
0 0.214211 0.499602 0.000477 0.002652
0 0.213590 0.500000 0.000573 0.002917
0 0.217265 0.489393 0.000477 0.002387
0 0.216788 0.489393 0.000477 0.002387
0 0.216310 0.489525 0.000668 0.003182
0 0.221273 0.467117 0.001050 0.001856
0 0.224423 0.469902 0.000859 0.001591
0 0.224566 0.467780 0.000954 0.001591
0 0.224327 0.466322 0.000859 0.001326
0 0.224327 0.464996 0.001050 0.001326
0 0.224279 0.463272 0.000954 0.001591
0 0.221321 0.470432 0.000954 0.001591
0 0.221178 0.468974 0.001050 0.001856
0 0.221178 0.465394 0.000859 0.002121
0 0.215881 0.489923 0.000573 0.002917
0 0.216549 0.468178 0.000382 0.002917
0 0.217026 0.467913 0.000382 0.002917
0 0.217456 0.468046 0.000477 0.002652
0 0.218171 0.467780 0.000573 0.002652
0 0.218553 0.467780 0.000573 0.002652
0 0.219030 0.467250 0.000573 0.002652
0 0.219078 0.464333 0.000477 0.002652
0 0.224470 0.471493 0.001145 0.001591
0 0.224566 0.473084 0.000954 0.001591
0 0.214545 0.483691 0.000573 0.002652
0 0.215165 0.483559 0.000668 0.002917
0 0.215356 0.489923 0.000477 0.002387
0 0.214927 0.489791 0.000573 0.002652
0 0.214402 0.490188 0.000477 0.002387
0 0.213924 0.489923 0.000477 0.002387
0 0.213304 0.490188 0.000573 0.002387
0 0.212731 0.487006 0.000764 0.002917
0 0.211825 0.490321 0.000477 0.002652
0 0.211300 0.490321 0.000382 0.002652
0 0.210870 0.490453 0.000477 0.002917
0 0.210441 0.490321 0.000382 0.002652
0 0.209964 0.490719 0.000573 0.002917
0 0.208914 0.490984 0.000573 0.002917
0 0.217456 0.483294 0.000668 0.003447
0 0.216978 0.483426 0.000668 0.003713
0 0.216263 0.483426 0.000573 0.003182
0 0.170357 0.568152 0.000954 0.001326
0 0.170405 0.572925 0.000859 0.001326
0 0.207626 0.471891 0.000477 0.003447
0 0.160765 0.598250 0.000477 0.003182
0 0.145638 0.608194 0.000382 0.002917
0 0.164726 0.597322 0.000573 0.002917
0 0.164201 0.597322 0.000477 0.002917
0 0.163819 0.597189 0.000477 0.002652
0 0.163342 0.597587 0.000477 0.003447
0 0.162817 0.597322 0.000573 0.002917
0 0.162006 0.597719 0.000477 0.002652
0 0.160288 0.598117 0.000477 0.002917
0 0.146641 0.608194 0.000477 0.002387
0 0.159811 0.598250 0.000477 0.003713
0 0.159334 0.598250 0.000477 0.002652
0 0.159000 0.598250 0.000382 0.002652
0 0.158570 0.598515 0.000477 0.002652
0 0.158189 0.598648 0.000477 0.002917
0 0.157759 0.598648 0.000382 0.002917
0 0.156948 0.599178 0.000477 0.002917
0 0.146163 0.608194 0.000477 0.002917
0 0.147213 0.607929 0.000477 0.002387
0 0.156089 0.599045 0.000477 0.002652
0 0.153274 0.606470 0.000382 0.002121
0 0.158761 0.605277 0.000477 0.002917
0 0.158189 0.605542 0.000477 0.002387
0 0.157330 0.605410 0.000477 0.003182
0 0.156709 0.605807 0.000573 0.002917
0 0.155325 0.606073 0.000477 0.002387
0 0.154801 0.606073 0.000382 0.002917
0 0.153751 0.606470 0.000573 0.002652
0 0.152749 0.606603 0.000477 0.002387
0 0.148024 0.608327 0.000573 0.002652
0 0.152224 0.606736 0.000382 0.002121
0 0.151699 0.607001 0.000477 0.002121
0 0.151269 0.607001 0.000382 0.002121
0 0.150220 0.607531 0.000573 0.002652
0 0.149695 0.607399 0.000477 0.002387
0 0.149170 0.607929 0.000382 0.002387
0 0.148645 0.607796 0.000477 0.002652
0 0.156518 0.599178 0.000573 0.002917
0 0.155612 0.599178 0.000477 0.002917
0 0.159668 0.605675 0.000382 0.002652
0 0.177419 0.565765 0.000764 0.001326
0 0.177610 0.576903 0.000954 0.001326
0 0.177515 0.575444 0.000954 0.001591
0 0.177515 0.573853 0.000954 0.001591
0 0.177515 0.572660 0.000954 0.001326
0 0.177419 0.571466 0.001145 0.001591
0 0.177515 0.570008 0.001145 0.001326
0 0.177372 0.568815 0.001432 0.001591
0 0.177372 0.564041 0.001050 0.001591
0 0.177515 0.579554 0.000954 0.001856
0 0.177849 0.602625 0.001050 0.001856
0 0.177944 0.604614 0.001241 0.002121
0 0.178040 0.605807 0.001050 0.002387
0 0.177944 0.607133 0.001050 0.001856
0 0.178040 0.609122 0.001241 0.002121
0 0.178135 0.610448 0.001050 0.002121
0 0.178040 0.611641 0.001050 0.001856
0 0.177419 0.578229 0.000954 0.001856
0 0.177467 0.584460 0.001241 0.002121
0 0.154896 0.599311 0.000382 0.002652
0 0.177944 0.599708 0.001050 0.001856
0 0.154467 0.599443 0.000668 0.002387
0 0.153846 0.599841 0.000573 0.002652
0 0.153083 0.600106 0.000573 0.003182
0 0.152176 0.600239 0.000477 0.002917
1 0.177801 0.625166 0.002481 0.001856
1 0.171693 0.630735 0.001718 0.007160
1 0.177897 0.547998 0.000954 0.007690
0 0.177801 0.598382 0.001145 0.001856
0 0.177372 0.585919 0.001241 0.002387
0 0.177801 0.596791 0.001145 0.001856
0 0.177706 0.595068 0.001145 0.002121
0 0.177563 0.593477 0.001050 0.002652
0 0.177515 0.592018 0.001145 0.001856
0 0.177515 0.590294 0.001145 0.002121
0 0.177563 0.588703 0.001050 0.002121
0 0.177467 0.587377 0.001241 0.002121
0 0.159191 0.605542 0.000382 0.002387
0 0.160145 0.605277 0.000382 0.002387
0 0.170405 0.575312 0.001050 0.001326
0 0.150029 0.617343 0.000382 0.002652
0 0.154037 0.616680 0.000573 0.002917
0 0.153464 0.617078 0.000573 0.002652
0 0.152939 0.616945 0.000477 0.002917
0 0.152415 0.617078 0.000382 0.002652
0 0.151794 0.616945 0.000477 0.002387
0 0.151317 0.616945 0.000477 0.002387
0 0.150506 0.617343 0.000573 0.002121
0 0.149408 0.617741 0.000477 0.002387
0 0.155612 0.616282 0.000668 0.003182
0 0.148836 0.618006 0.000477 0.002917
0 0.148358 0.618006 0.000477 0.002917
0 0.147786 0.618138 0.000477 0.003182
0 0.146879 0.618271 0.000573 0.002917
0 0.146116 0.618271 0.000573 0.002387
0 0.157330 0.608857 0.000668 0.003182
0 0.156757 0.608857 0.000477 0.003182
0 0.154896 0.616547 0.000764 0.003713
0 0.156805 0.615884 0.000573 0.002387
0 0.155755 0.609122 0.000573 0.003182
0 0.147786 0.620923 0.000477 0.002387
0 0.151269 0.619995 0.000382 0.002652
0 0.150792 0.619995 0.000573 0.002652
0 0.150315 0.620392 0.000573 0.002917
0 0.149790 0.620260 0.000477 0.002652
0 0.149217 0.620392 0.000477 0.002917
0 0.148740 0.621055 0.000477 0.003182
0 0.148263 0.620790 0.000477 0.002652
0 0.147309 0.621055 0.000477 0.002652
0 0.157377 0.615619 0.000573 0.003447
0 0.146688 0.621055 0.000573 0.002121
0 0.146259 0.621453 0.000477 0.002917
0 0.160431 0.615354 0.000573 0.002917
0 0.159859 0.615221 0.000573 0.002652
0 0.159429 0.614956 0.000477 0.002652
0 0.158857 0.615487 0.000668 0.003182
0 0.158332 0.615619 0.000573 0.002387
0 0.156280 0.608990 0.000668 0.003447
0 0.155230 0.609255 0.000477 0.002917
0 0.160670 0.605012 0.000477 0.001856
0 0.162913 0.607001 0.000382 0.002652
0 0.159382 0.608327 0.000573 0.003182
0 0.159811 0.608327 0.000477 0.002652
0 0.160288 0.608327 0.000477 0.003182
0 0.160813 0.608062 0.000382 0.003182
0 0.161338 0.607664 0.000477 0.002917
0 0.161958 0.607664 0.000573 0.002917
0 0.162340 0.607796 0.000382 0.002652
0 0.163438 0.607531 0.000477 0.002652
0 0.158332 0.608459 0.000382 0.002917
0 0.163915 0.607266 0.000477 0.002652
0 0.164440 0.607266 0.000573 0.003182
0 0.164249 0.604482 0.000573 0.002387
0 0.163724 0.604747 0.000477 0.002387
0 0.162674 0.604349 0.000477 0.002121
0 0.162292 0.604747 0.000477 0.001856
0 0.161720 0.604747 0.000477 0.002387
0 0.158857 0.608194 0.000477 0.002917
0 0.157855 0.608459 0.000573 0.002917
0 0.154657 0.609520 0.000477 0.002387
0 0.150601 0.610050 0.000382 0.002917
0 0.154180 0.609653 0.000477 0.002652
0 0.153703 0.609653 0.000477 0.003182
0 0.153130 0.609918 0.000668 0.002652
0 0.152605 0.610050 0.000573 0.002917
0 0.152176 0.610050 0.000477 0.003447
0 0.151699 0.610183 0.000668 0.003182
0 0.151126 0.610183 0.000477 0.003182
0 0.150124 0.609918 0.000573 0.002652
0 0.146020 0.611641 0.000573 0.002387
0 0.149695 0.610316 0.000477 0.002917
0 0.149170 0.610846 0.000573 0.002387
0 0.148549 0.610846 0.000477 0.002917
0 0.148120 0.610846 0.000573 0.002917
0 0.147595 0.611111 0.000477 0.002387
0 0.147070 0.611111 0.000573 0.002917
0 0.146545 0.611509 0.000477 0.002652
0 0.178135 0.613100 0.001050 0.001591
0 0.178231 0.614691 0.001050 0.001591
0 0.178278 0.617741 0.000954 0.002387
0 0.171454 0.575444 0.000859 0.001591
0 0.171741 0.589897 0.000859 0.001326
0 0.171598 0.588173 0.000764 0.001061
0 0.171645 0.584063 0.000859 0.001326
0 0.171598 0.582471 0.000764 0.001326
0 0.171598 0.581146 0.000954 0.001326
0 0.171550 0.579687 0.001050 0.001591
0 0.171550 0.577831 0.000859 0.001591
0 0.171502 0.573720 0.000954 0.001856
0 0.171789 0.592681 0.000954 0.001061
0 0.171311 0.572660 0.000954 0.001326
0 0.171407 0.571334 0.000954 0.001326
0 0.171359 0.569743 0.001050 0.001326
0 0.171311 0.568417 0.000764 0.001326
0 0.171264 0.567091 0.001050 0.001326
0 0.171168 0.565500 0.000859 0.001326
0 0.169164 0.620923 0.000859 0.001326
0 0.171836 0.591090 0.001050 0.001591
0 0.171884 0.594272 0.000954 0.001591
0 0.169164 0.618006 0.000859 0.001326
0 0.171216 0.608194 0.000764 0.001326
0 0.171550 0.619464 0.001050 0.001061
0 0.171598 0.618271 0.000954 0.001326
0 0.171502 0.616415 0.000954 0.001326
0 0.171454 0.615354 0.000859 0.001326
0 0.171359 0.614028 0.001050 0.001326
0 0.171264 0.611111 0.000859 0.001326
0 0.171168 0.609520 0.001050 0.001326
0 0.171216 0.606736 0.000954 0.001591
0 0.172027 0.595598 0.001050 0.001061
0 0.171216 0.605410 0.000764 0.001591
0 0.171120 0.604084 0.001145 0.001591
0 0.171168 0.600902 0.000859 0.001591
0 0.171073 0.599708 0.001050 0.001326
0 0.171168 0.598250 0.001050 0.001591
0 0.171073 0.596924 0.001050 0.001061
0 0.170930 0.595333 0.000764 0.001591
0 0.169069 0.619067 0.000668 0.001326
0 0.169116 0.616282 0.000954 0.001591
0 0.178421 0.619995 0.001241 0.002121
0 0.167542 0.597852 0.001050 0.001326
0 0.167780 0.609520 0.000954 0.001326
0 0.167589 0.608459 0.001145 0.001856
0 0.167637 0.606603 0.000859 0.001326
0 0.167637 0.605145 0.000859 0.001591
0 0.167637 0.602625 0.001050 0.001326
0 0.167732 0.601167 0.000859 0.001061
0 0.167398 0.599708 0.001145 0.001856
0 0.167398 0.596791 0.000954 0.001326
0 0.167876 0.614691 0.000954 0.001591
0 0.167303 0.595465 0.000954 0.001326
0 0.170882 0.585256 0.000859 0.001591
0 0.170548 0.582604 0.001145 0.001591
0 0.170596 0.581411 0.000859 0.001326
0 0.170357 0.579820 0.000954 0.001326
0 0.170452 0.578626 0.001145 0.001591
0 0.170452 0.576770 0.000954 0.001591
0 0.167923 0.611111 0.001050 0.001326
0 0.168114 0.616547 0.000859 0.001591
0 0.168973 0.614691 0.001050 0.001061
0 0.168639 0.599311 0.001145 0.001591
0 0.168830 0.611111 0.000764 0.001326
0 0.168734 0.609520 0.000954 0.001326
0 0.168782 0.607664 0.000859 0.001856
0 0.168687 0.606073 0.000859 0.001326
0 0.168687 0.604879 0.000859 0.001591
0 0.168639 0.602625 0.000954 0.001856
0 0.168639 0.600636 0.000764 0.001591
0 0.168400 0.598382 0.000859 0.001326
0 0.168019 0.618271 0.001241 0.001326
0 0.168496 0.596791 0.001050 0.001326
0 0.168353 0.594935 0.000954 0.001326
0 0.170977 0.591355 0.001050 0.001061
0 0.170834 0.590029 0.000954 0.001591
0 0.170786 0.588571 0.001050 0.001856
0 0.170739 0.586847 0.001145 0.001591
0 0.168210 0.620790 0.001050 0.001591
0 0.171645 0.621055 0.000859 0.001591
0 0.172600 0.621055 0.001050 0.001061
0 0.172552 0.619464 0.000954 0.001061
0 0.175081 0.576505 0.000859 0.001591
0 0.175367 0.586714 0.001050 0.002387
0 0.175272 0.584991 0.001241 0.002652
0 0.175224 0.583532 0.000954 0.002917
0 0.175272 0.581809 0.001050 0.001591
0 0.175129 0.580483 0.001145 0.001591
0 0.175129 0.579024 0.001145 0.001326
0 0.175129 0.577831 0.001145 0.001591
0 0.174890 0.573588 0.001050 0.001591
0 0.175511 0.589631 0.001336 0.002917
0 0.174890 0.569610 0.001050 0.002121
0 0.174890 0.568152 0.001050 0.001856
0 0.174795 0.566958 0.001050 0.001591
0 0.174747 0.565367 0.001145 0.001591
0 0.174747 0.563776 0.000954 0.001061
0 0.174843 0.609520 0.000954 0.001326
0 0.174890 0.607929 0.001050 0.001326
0 0.175415 0.588040 0.001145 0.002917
0 0.175463 0.591488 0.001050 0.002917
0 0.172600 0.618138 0.001050 0.001591
0 0.176656 0.596659 0.000573 0.002652
0 0.175988 0.614426 0.001145 0.002652
0 0.176036 0.616017 0.001241 0.002652
0 0.176179 0.617608 0.000954 0.002652
0 0.175224 0.618404 0.001145 0.002121
0 0.175033 0.617078 0.000954 0.001591
0 0.175081 0.615487 0.001050 0.001591
0 0.175033 0.613763 0.000954 0.001326
0 0.176083 0.611111 0.001145 0.003447
0 0.175415 0.593079 0.000954 0.002387
0 0.175701 0.608062 0.000954 0.002652
0 0.175606 0.603686 0.001145 0.002387
0 0.175701 0.600769 0.001145 0.002917
0 0.175558 0.599178 0.001050 0.002387
0 0.175511 0.597719 0.001336 0.002652
0 0.175463 0.596128 0.001050 0.002652
0 0.175415 0.594670 0.001145 0.002917
0 0.174938 0.606736 0.000954 0.001061
0 0.174843 0.605542 0.000954 0.001326
0 0.174747 0.603819 0.000954 0.001591
0 0.172313 0.605145 0.001050 0.001591
0 0.173697 0.567091 0.001145 0.001326
0 0.173650 0.565500 0.000859 0.001326
0 0.172075 0.598250 0.000954 0.001591
0 0.172123 0.599576 0.001050 0.001591
0 0.172170 0.601167 0.001145 0.001061
0 0.172170 0.602493 0.000954 0.001591
0 0.172170 0.604084 0.001145 0.001591
0 0.172361 0.606470 0.001145 0.001591
0 0.174699 0.601034 0.000859 0.001326
0 0.172361 0.607796 0.000954 0.001591
0 0.172361 0.609653 0.001145 0.001591
0 0.172409 0.611244 0.001050 0.002121
0 0.172266 0.612570 0.000954 0.001061
0 0.172457 0.613763 0.001145 0.001326
0 0.172361 0.615221 0.000764 0.001591
0 0.172552 0.616547 0.000954 0.001591
0 0.173888 0.568417 0.000954 0.001326
0 0.173888 0.570008 0.000954 0.001326
0 0.173936 0.571201 0.000859 0.001591
0 0.174031 0.575577 0.000859 0.001856
0 0.174556 0.599576 0.000954 0.001591
0 0.174604 0.598250 0.001050 0.001591
0 0.174508 0.596659 0.000859 0.001591
0 0.174413 0.595465 0.001050 0.001326
0 0.174413 0.594139 0.000859 0.001326
0 0.174413 0.591355 0.001050 0.001591
0 0.174508 0.589631 0.000859 0.001326
0 0.174365 0.588305 0.001145 0.001326
0 0.174270 0.586980 0.001145 0.001856
0 0.174318 0.585388 0.000859 0.001326
0 0.174365 0.584063 0.000954 0.001326
0 0.174127 0.581543 0.001241 0.002121
0 0.174127 0.579952 0.001050 0.001591
0 0.174127 0.578626 0.000859 0.001591
0 0.174174 0.576770 0.000954 0.001591
0 0.208150 0.471493 0.000573 0.003182
0 0.207101 0.471758 0.000573 0.002652
0 0.209200 0.429196 0.000954 0.002387
0 0.149742 0.568549 0.000382 0.002121
0 0.154753 0.567356 0.000477 0.002917
0 0.154371 0.567356 0.000477 0.003447
0 0.153369 0.567356 0.000573 0.002917
0 0.152558 0.567754 0.000477 0.003182
0 0.151890 0.567887 0.000477 0.002387
0 0.150888 0.567887 0.000573 0.002387
0 0.150363 0.568152 0.000477 0.002917
0 0.149170 0.568417 0.000573 0.002917
0 0.156137 0.566958 0.000573 0.002652
0 0.148692 0.568682 0.000382 0.002917
0 0.147881 0.569080 0.000477 0.002652
0 0.146975 0.568947 0.000382 0.002387
0 0.146163 0.569080 0.000477 0.003182
0 0.145304 0.569610 0.000477 0.002652
0 0.144732 0.569610 0.000477 0.003713
0 0.161529 0.559136 0.000859 0.001856
0 0.155230 0.567224 0.000477 0.002652
0 0.156471 0.566826 0.000477 0.002917
0 0.161386 0.554760 0.001145 0.001591
0 0.162054 0.565632 0.000382 0.002652
0 0.147547 0.571599 0.000573 0.002917
0 0.146736 0.571069 0.000477 0.002917
0 0.145734 0.572129 0.000573 0.002387
0 0.145304 0.572129 0.000477 0.002387
0 0.163963 0.564970 0.000573 0.002917
0 0.163008 0.565500 0.000573 0.002917
0 0.162483 0.565235 0.000477 0.002917
0 0.161672 0.566030 0.000382 0.002387
0 0.157330 0.566428 0.000477 0.003182
0 0.161195 0.566030 0.000382 0.002917
0 0.160765 0.566163 0.000477 0.002652
0 0.159620 0.566163 0.000477 0.002652
0 0.159143 0.566693 0.000477 0.002652
0 0.158618 0.566295 0.000382 0.002387
0 0.158236 0.566295 0.000382 0.002917
0 0.157759 0.566295 0.000573 0.002917
0 0.161529 0.557810 0.001050 0.001326
0 0.161338 0.553567 0.001050 0.001326
0 0.148788 0.571069 0.000573 0.002387
0 0.142107 0.567489 0.001145 0.001591
0 0.142680 0.590294 0.001336 0.002121
0 0.142632 0.587643 0.001050 0.001591
0 0.142537 0.584460 0.001241 0.002121
0 0.142489 0.581013 0.001336 0.002121
0 0.142346 0.579554 0.000859 0.001856
0 0.142394 0.577300 0.001145 0.001591
0 0.142250 0.574914 0.001241 0.002121
0 0.142060 0.566428 0.001050 0.001591
0 0.145686 0.536065 0.001050 0.001856
0 0.142012 0.561920 0.000954 0.001591
0 0.141821 0.560727 0.000954 0.002387
0 0.141773 0.559136 0.001241 0.002387
0 0.151365 0.554627 0.000573 0.002917
0 0.150792 0.554627 0.000382 0.002917
0 0.150267 0.554893 0.000668 0.002917
0 0.149742 0.555158 0.000573 0.002917
0 0.145400 0.528772 0.001050 0.002121
0 0.156184 0.558340 0.000668 0.002917
0 0.161195 0.552108 0.001145 0.001591
0 0.161195 0.550252 0.001336 0.002121
0 0.162531 0.559003 0.001145 0.001591
0 0.162388 0.557677 0.001050 0.001591
0 0.162579 0.556351 0.001050 0.001061
0 0.162483 0.554760 0.001050 0.001591
0 0.162483 0.553302 0.000859 0.001326
0 0.162388 0.551976 0.000859 0.001326
0 0.162436 0.550385 0.001336 0.001326
0 0.158952 0.559666 0.001241 0.001326
0 0.156757 0.558075 0.000477 0.002917
0 0.158904 0.558340 0.001336 0.001326
0 0.158904 0.556881 0.000954 0.001061
0 0.158857 0.555821 0.000859 0.001591
0 0.158809 0.554097 0.001336 0.001856
0 0.158713 0.551047 0.001145 0.002121
0 0.157902 0.557810 0.000668 0.002917
0 0.157330 0.558207 0.000668 0.003713
0 0.148215 0.571732 0.000382 0.002652
0 0.149408 0.571334 0.000668 0.002917
0 0.159429 0.576107 0.000477 0.002387
0 0.169975 0.562715 0.001145 0.001591
0 0.167732 0.568682 0.001050 0.001326
0 0.167780 0.567224 0.000954 0.001591
0 0.167780 0.565765 0.001145 0.001326
0 0.167685 0.564307 0.000954 0.001591
0 0.170214 0.565367 0.001050 0.001591
0 0.171359 0.564174 0.001241 0.001326
0 0.171264 0.562450 0.000859 0.001591
0 0.168544 0.562450 0.000954 0.002652
0 0.167780 0.572925 0.000954 0.001856
0 0.167542 0.563113 0.001050 0.001326
0 0.166301 0.563644 0.001050 0.001856
0 0.172075 0.552108 0.000764 0.001591
0 0.171932 0.550252 0.000859 0.001591
0 0.172886 0.549722 0.000477 0.002652
0 0.169784 0.554362 0.000954 0.001326
0 0.169737 0.553169 0.001050 0.001061
0 0.167685 0.569610 0.001145 0.001591
0 0.166683 0.572660 0.001241 0.001856
0 0.169641 0.550119 0.000859 0.001326
0 0.153226 0.577035 0.000477 0.002121
0 0.158427 0.576372 0.000573 0.002387
0 0.157664 0.576240 0.000573 0.002652
0 0.156805 0.576903 0.000573 0.002917
0 0.155898 0.576505 0.000477 0.002652
0 0.155516 0.576903 0.000477 0.002917
0 0.154944 0.577035 0.000477 0.002652
0 0.154180 0.577035 0.000477 0.002652
0 0.152749 0.577566 0.000477 0.002652
0 0.145066 0.579422 0.000573 0.003182
0 0.151794 0.577566 0.000477 0.002652
0 0.151174 0.577831 0.000382 0.002121
0 0.149504 0.578229 0.000477 0.002917
0 0.148406 0.578361 0.000573 0.002652
0 0.146975 0.578494 0.000573 0.002917
0 0.146497 0.578759 0.000382 0.002917
0 0.145543 0.579289 0.000573 0.002917
0 0.169737 0.551445 0.000859 0.001326
0 0.169498 0.548263 0.000954 0.001326
0 0.150554 0.571069 0.000477 0.002917
0 0.156089 0.569345 0.000477 0.002652
0 0.161386 0.568947 0.000573 0.002917
0 0.160956 0.568947 0.000477 0.002917
0 0.159668 0.569610 0.000573 0.003713
0 0.159095 0.569345 0.000573 0.003182
0 0.158332 0.569212 0.000573 0.003447
0 0.157711 0.569345 0.000668 0.003182
0 0.156852 0.569610 0.000477 0.002652
0 0.155612 0.569610 0.000477 0.002652
0 0.162388 0.568549 0.000668 0.002652
0 0.154848 0.569875 0.000477 0.002652
0 0.154419 0.570008 0.000382 0.002387
0 0.153655 0.570406 0.000382 0.002652
0 0.152987 0.570406 0.000573 0.002652
0 0.152415 0.570804 0.000573 0.002917
0 0.151747 0.570804 0.000573 0.002917
0 0.150935 0.570936 0.000477 0.002652
0 0.161863 0.569080 0.000382 0.003182
0 0.163008 0.568549 0.000573 0.002652
0 0.164965 0.556881 0.001050 0.001591
0 0.166205 0.557942 0.001050 0.002121
0 0.165012 0.555025 0.000954 0.001061
0 0.165108 0.553964 0.000764 0.001061
0 0.168734 0.554893 0.001145 0.001326
0 0.168687 0.553169 0.001050 0.001591
0 0.168591 0.552108 0.001050 0.002121
0 0.168544 0.550385 0.000954 0.001326
0 0.168353 0.549059 0.000954 0.001326
0 0.165919 0.556616 0.000859 0.001061
0 0.163533 0.568284 0.000477 0.003182
0 0.166015 0.555688 0.001050 0.001326
0 0.165967 0.554230 0.000954 0.001591
0 0.166062 0.552373 0.001145 0.001591
0 0.165919 0.551047 0.000859 0.001591
0 0.165871 0.549589 0.001145 0.001856
0 0.164774 0.549722 0.001050 0.001591
0 0.164058 0.568417 0.000573 0.002917
0 0.149313 0.555025 0.000477 0.003182
0 0.148740 0.555423 0.000477 0.002917
0 0.148215 0.555688 0.000573 0.002917
0 0.160527 0.482631 0.000954 0.003182
0 0.156375 0.483691 0.000859 0.003182
0 0.156996 0.483691 0.000764 0.003182
0 0.157473 0.483691 0.000954 0.003713
0 0.158045 0.483161 0.000954 0.003713
0 0.158666 0.483161 0.000859 0.003182
0 0.159382 0.483161 0.000764 0.003182
0 0.159954 0.482896 0.000764 0.003713
0 0.161147 0.482498 0.000859 0.003978
0 0.156375 0.486211 0.000859 0.002917
0 0.161768 0.482498 0.000764 0.003447
0 0.162292 0.482763 0.000668 0.003447
0 0.162960 0.482498 0.000668 0.002917
0 0.163533 0.481835 0.000668 0.002652
0 0.164153 0.481835 0.000764 0.003182
0 0.164774 0.481702 0.001050 0.003978
0 0.165346 0.481437 0.000859 0.003447
0 0.155755 0.483294 0.001145 0.004508
0 0.157091 0.486476 0.000573 0.002917
0 0.166587 0.481172 0.000859 0.003447
0 0.162913 0.485415 0.000764 0.003447
0 0.168019 0.491249 0.001050 0.003447
0 0.166730 0.484354 0.000954 0.003978
0 0.166110 0.484222 0.000859 0.003182
0 0.164869 0.484222 0.000668 0.003182
0 0.165490 0.484222 0.000573 0.003713
0 0.164249 0.484619 0.000954 0.002917
0 0.163629 0.485282 0.000859 0.003713
0 0.162340 0.485813 0.000764 0.003182
0 0.157616 0.485945 0.000477 0.002387
0 0.161720 0.485415 0.000668 0.002387
0 0.161243 0.485150 0.000668 0.002917
0 0.160765 0.485415 0.000859 0.003447
0 0.160002 0.485680 0.000668 0.002917
0 0.159429 0.485813 0.000668 0.003182
0 0.158809 0.485813 0.000764 0.003182
0 0.158189 0.486211 0.000477 0.002917
0 0.165967 0.481040 0.000764 0.003713
0 0.160288 0.477990 0.001241 0.001856
0 0.147738 0.555688 0.000573 0.003978
0 0.200086 0.441793 0.000668 0.003182
0 0.152558 0.477592 0.000668 0.003713
1 0.158379 0.469504 0.002386 0.002387
0 0.197080 0.453461 0.001145 0.001591
0 0.198368 0.447627 0.001432 0.002121
0 0.198273 0.441925 0.000477 0.003447
0 0.198797 0.441793 0.000573 0.003713
0 0.199370 0.441925 0.000573 0.003447
0 0.200754 0.441660 0.000477 0.003447
0 0.155612 0.477062 0.000859 0.002652
0 0.201327 0.441395 0.000477 0.002387
0 0.203188 0.434898 0.000954 0.001591
0 0.202138 0.441527 0.000573 0.002652
0 0.209391 0.437285 0.001145 0.001591
0 0.209439 0.434898 0.001050 0.001591
0 0.209296 0.433042 0.000954 0.001591
0 0.209200 0.431583 0.000954 0.001326
0 0.154944 0.476929 0.001050 0.003447
0 0.156137 0.476399 0.000764 0.002387
0 0.182191 0.468178 0.000954 0.002917
0 0.161863 0.474145 0.001145 0.002652
0 0.177515 0.469106 0.000764 0.002652
0 0.176465 0.469637 0.000954 0.003182
0 0.173363 0.469504 0.001050 0.002917
0 0.172886 0.470300 0.000859 0.002917
0 0.170500 0.472554 0.000668 0.003182
0 0.169784 0.474808 0.000573 0.002917
0 0.166301 0.474145 0.001241 0.003182
0 0.161338 0.475073 0.000668 0.002917
0 0.156757 0.476399 0.000859 0.002917
0 0.160813 0.475073 0.000954 0.002917
0 0.160145 0.474940 0.000954 0.003182
0 0.159668 0.474808 0.000764 0.002387
0 0.159048 0.475338 0.000859 0.002387
0 0.158379 0.475471 0.000859 0.002652
0 0.157759 0.475206 0.000954 0.003182
0 0.157186 0.476001 0.000954 0.003182
0 0.167398 0.491249 0.001145 0.003447
0 0.166730 0.491382 0.000954 0.003182
0 0.166205 0.491647 0.001050 0.003182
0 0.166253 0.494564 0.000954 0.002652
0 0.152367 0.521215 0.000668 0.003447
0 0.151747 0.522408 0.000764 0.004243
0 0.148740 0.523203 0.000859 0.003182
0 0.163008 0.517900 0.000573 0.003713
0 0.167780 0.493370 0.000954 0.002387
0 0.167303 0.493636 0.000954 0.002917
0 0.166778 0.494299 0.000859 0.003182
0 0.140533 0.524927 0.000477 0.002917
0 0.154323 0.529170 0.000764 0.003447
0 0.142203 0.524927 0.000573 0.002917
0 0.142775 0.525457 0.000382 0.002387
0 0.143253 0.524662 0.000382 0.002387
0 0.144207 0.524132 0.000573 0.002917
0 0.144780 0.524132 0.000573 0.002917
0 0.145257 0.524132 0.000573 0.003447
0 0.146784 0.518298 0.000954 0.003447
0 0.154371 0.522143 0.001050 0.002121
0 0.153798 0.529435 0.000668 0.003447
0 0.165490 0.491647 0.000954 0.003182
0 0.152749 0.540971 0.000859 0.003713
0 0.147213 0.555688 0.000477 0.002917
0 0.146641 0.556086 0.000477 0.003713
0 0.145782 0.556484 0.000477 0.003978
0 0.145114 0.556616 0.000668 0.003182
0 0.144111 0.557014 0.000573 0.002917
0 0.143587 0.557147 0.000477 0.002652
0 0.143109 0.557147 0.000477 0.002652
0 0.152081 0.541501 0.001050 0.004243
0 0.154944 0.529568 0.000668 0.003182
0 0.151651 0.542031 0.001145 0.004773
0 0.146975 0.545213 0.000954 0.003713
0 0.145734 0.542164 0.000954 0.001856
0 0.147929 0.538849 0.000954 0.001591
0 0.149217 0.536728 0.000859 0.001591
0 0.149265 0.533413 0.001145 0.001856
0 0.148120 0.533811 0.000954 0.001591
0 0.140723 0.515248 0.000477 0.003713
0 0.141248 0.514585 0.000573 0.003978
0 0.142394 0.514850 0.000573 0.002917
0 0.160241 0.492973 0.000764 0.002652
0 0.155373 0.494166 0.000954 0.003447
0 0.155994 0.494166 0.000859 0.002917
0 0.156662 0.494033 0.001050 0.003182
0 0.157330 0.494431 0.000859 0.002917
0 0.157807 0.493636 0.000859 0.003447
0 0.158427 0.492973 0.000954 0.003182
0 0.159000 0.492840 0.000954 0.003447
0 0.160765 0.493105 0.000859 0.003447
0 0.140389 0.518298 0.000573 0.002917
0 0.161386 0.493105 0.000954 0.002917
0 0.162054 0.492973 0.001145 0.003713
0 0.162674 0.492840 0.001050 0.003447
0 0.163199 0.492310 0.000954 0.003447
0 0.163915 0.492177 0.001050 0.003182
0 0.164535 0.492177 0.000954 0.003182
0 0.165060 0.491912 0.001050 0.003182
0 0.154371 0.494033 0.000668 0.003713
0 0.153798 0.494299 0.000668 0.003713
0 0.144541 0.492840 0.001241 0.001326
0 0.148120 0.501458 0.001336 0.002652
0 0.143014 0.517900 0.000477 0.003182
0 0.143443 0.517635 0.000573 0.003182
0 0.144016 0.516972 0.000573 0.002917
0 0.144636 0.516574 0.000668 0.002652
0 0.147834 0.512596 0.001145 0.002652
0 0.149790 0.506895 0.001241 0.002387
0 0.164822 0.495359 0.001145 0.002652
0 0.163819 0.496420 0.001241 0.003182
0 0.162865 0.496553 0.001050 0.002917
0 0.161768 0.496818 0.001336 0.002917
0 0.140246 0.515381 0.000477 0.003447
0 0.140151 0.508353 0.000477 0.003182
0 0.141153 0.508221 0.000382 0.003447
0 0.141773 0.508088 0.000477 0.003713
0 0.142728 0.507558 0.000668 0.003182
0 0.158952 0.576240 0.000477 0.002652
0 0.159859 0.575577 0.000573 0.002387
0 0.206528 0.471626 0.000764 0.002917
0 0.143730 0.625696 0.000954 0.001856
0 0.161720 0.584460 0.000477 0.003182
0 0.161338 0.585123 0.000477 0.002387
0 0.144016 0.634182 0.000954 0.001856
0 0.143873 0.631398 0.001050 0.002121
0 0.143873 0.629939 0.000859 0.001856
0 0.143777 0.628613 0.000859 0.001856
0 0.143825 0.627155 0.000954 0.001591
0 0.143730 0.624105 0.001145 0.001856
0 0.162960 0.584991 0.000668 0.002652
0 0.144827 0.624635 0.000477 0.002387
0 0.143539 0.622779 0.000764 0.001326
0 0.143587 0.621453 0.001050 0.001326
0 0.143491 0.620127 0.000859 0.001856
0 0.143348 0.618801 0.000954 0.001856
0 0.143443 0.617210 0.001145 0.001856
0 0.143491 0.616017 0.001050 0.001591
0 0.162197 0.585123 0.000477 0.002917
0 0.163533 0.584858 0.000859 0.002917
0 0.143348 0.613100 0.000954 0.001591
0 0.166873 0.576770 0.001050 0.001591
0 0.168114 0.582604 0.001050 0.001591
0 0.168019 0.581013 0.000859 0.001591
0 0.167876 0.579687 0.000954 0.001591
0 0.166826 0.579820 0.001145 0.001856
0 0.166921 0.578494 0.000764 0.001326
0 0.167923 0.578229 0.000859 0.000796
0 0.167923 0.576770 0.001050 0.001591
0 0.161433 0.588305 0.000477 0.002387
0 0.164487 0.584726 0.000668 0.002652
0 0.161815 0.588173 0.000477 0.002652
0 0.162292 0.588305 0.000477 0.002917
0 0.162674 0.587908 0.000477 0.002652
0 0.163151 0.587775 0.000477 0.002917
0 0.163629 0.587775 0.000477 0.002917
0 0.163963 0.587377 0.000573 0.002652
0 0.164535 0.587377 0.000573 0.003182
0 0.143348 0.614691 0.001145 0.001591
0 0.143157 0.611509 0.000954 0.001591
0 0.168019 0.585388 0.000859 0.001326
0 0.154180 0.590427 0.000477 0.002387
0 0.149838 0.590560 0.000573 0.002652
0 0.150601 0.590294 0.000382 0.002652
0 0.151365 0.590427 0.000573 0.002387
0 0.151842 0.590427 0.000573 0.002917
0 0.152319 0.590162 0.000573 0.002917
0 0.152987 0.590427 0.000382 0.002917
0 0.153703 0.590427 0.000477 0.002387
0 0.154562 0.590162 0.000477 0.002917
0 0.148549 0.591355 0.000477 0.002652
0 0.155373 0.589764 0.000573 0.002652
0 0.155803 0.589366 0.000477 0.002917
0 0.156614 0.589234 0.000573 0.002652
0 0.157091 0.589234 0.000573 0.002652
0 0.157425 0.588968 0.000477 0.002652
0 0.158141 0.588968 0.000573 0.003182
0 0.158761 0.589234 0.000668 0.002652
0 0.149217 0.591090 0.000668 0.003182
0 0.147690 0.591355 0.000477 0.002652
0 0.143300 0.610183 0.000859 0.001591
0 0.142966 0.599045 0.000954 0.001591
0 0.143109 0.608592 0.001050 0.002121
0 0.144255 0.610183 0.000668 0.003182
0 0.143062 0.605940 0.001145 0.002121
0 0.143014 0.604349 0.000859 0.002121
0 0.143109 0.603023 0.001050 0.001061
0 0.143014 0.601697 0.000859 0.001591
0 0.142918 0.600239 0.000859 0.001326
0 0.142966 0.597454 0.000954 0.001591
0 0.147261 0.591222 0.000382 0.002387
0 0.142918 0.596128 0.001050 0.001591
0 0.142871 0.594670 0.000954 0.001326
0 0.142728 0.593211 0.000859 0.001061
0 0.142632 0.592018 0.000859 0.001326
0 0.145400 0.592018 0.000477 0.002917
0 0.145925 0.591753 0.000573 0.002917
0 0.146784 0.591620 0.000573 0.002652
0 0.168066 0.583930 0.000764 0.001061
0 0.168162 0.586714 0.000954 0.001326
0 0.161099 0.575312 0.000573 0.003447
0 0.149981 0.600371 0.000668 0.002652
0 0.203474 0.462875 0.000573 0.002917
0 0.202949 0.463007 0.000668 0.003182
0 0.202520 0.463405 0.000573 0.003447
0 0.201327 0.462609 0.000477 0.003447
0 0.151651 0.599708 0.000573 0.002387
0 0.151174 0.599973 0.000573 0.002917
0 0.150363 0.600106 0.000477 0.002652
0 0.149408 0.600636 0.000477 0.002652
0 0.205144 0.462477 0.000477 0.003182
0 0.148740 0.600769 0.000668 0.002387
0 0.148358 0.601034 0.000477 0.002917
0 0.147834 0.600769 0.000573 0.002387
0 0.147404 0.601034 0.000477 0.002917
0 0.146975 0.601034 0.000382 0.002387
0 0.146545 0.601034 0.000477 0.002387
0 0.146116 0.601167 0.000573 0.002652
0 0.204094 0.462875 0.000477 0.003447
0 0.205717 0.462477 0.000477 0.003182
0 0.145638 0.598250 0.000573 0.003182
0 0.208103 0.468841 0.000477 0.002121
0 0.206098 0.472156 0.000477 0.002917
0 0.205430 0.472421 0.000668 0.003447
0 0.204381 0.472421 0.000477 0.002917
0 0.202472 0.472289 0.000668 0.002652
0 0.209773 0.468178 0.000573 0.002917
0 0.209248 0.468311 0.000477 0.003182
0 0.208675 0.468443 0.000477 0.002387
0 0.207578 0.468841 0.000382 0.003182
0 0.206194 0.462079 0.000477 0.003447
0 0.207005 0.468974 0.000573 0.002917
0 0.206480 0.468841 0.000477 0.002652
0 0.205860 0.468841 0.000573 0.003182
0 0.205478 0.468709 0.000573 0.002917
0 0.204906 0.469106 0.000573 0.003182
0 0.209868 0.461416 0.000573 0.002652
0 0.208246 0.461681 0.000573 0.003182
0 0.145686 0.601565 0.000477 0.002387
0 0.146068 0.598515 0.000477 0.002652
0 0.168210 0.587775 0.000859 0.001856
0 0.167303 0.589631 0.000764 0.001326
0 0.161958 0.594935 0.000573 0.002387
0 0.162674 0.594537 0.000477 0.002652
0 0.163247 0.594802 0.000477 0.003182
0 0.163772 0.594272 0.000573 0.003182
0 0.164631 0.594272 0.000573 0.002121
0 0.167351 0.592681 0.000859 0.001591
0 0.167351 0.591090 0.000668 0.001591
0 0.167303 0.588438 0.000764 0.001061
0 0.159811 0.595200 0.000477 0.002917
0 0.167207 0.586847 0.000954 0.001591
0 0.167207 0.585654 0.000954 0.001326
0 0.167017 0.582737 0.000954 0.001326
0 0.167017 0.581146 0.000764 0.001326
0 0.168305 0.592681 0.000859 0.002121
0 0.168210 0.590692 0.000859 0.001856
0 0.168257 0.589499 0.000954 0.001591
0 0.160431 0.595465 0.000573 0.002917
0 0.159382 0.595598 0.000382 0.003182
0 0.146497 0.598515 0.000573 0.002652
0 0.151937 0.597454 0.000573 0.003182
0 0.146975 0.598250 0.000573 0.002652
0 0.147834 0.598117 0.000573 0.002917
0 0.148549 0.597852 0.000668 0.002387
0 0.149504 0.597719 0.000477 0.003182
0 0.150363 0.597587 0.000477 0.001856
0 0.150840 0.597454 0.000477 0.003182
0 0.151412 0.596924 0.000477 0.002652
0 0.152367 0.597189 0.000477 0.002652
0 0.159000 0.595731 0.000573 0.002917
0 0.152844 0.597056 0.000477 0.002387
0 0.153369 0.597056 0.000573 0.002917
0 0.154562 0.595863 0.000477 0.002652
0 0.155135 0.596526 0.000477 0.002387
0 0.156948 0.596394 0.000477 0.002652
0 0.158045 0.595598 0.000382 0.002652
0 0.158570 0.595731 0.000477 0.002917
0 0.159191 0.588836 0.000573 0.002917
0 0.159620 0.588703 0.000668 0.003182
0 0.160097 0.588571 0.000477 0.002387
0 0.178326 0.475471 0.000668 0.002652
0 0.182430 0.474410 0.000859 0.003182
0 0.181762 0.474675 0.000668 0.002652
0 0.181285 0.474808 0.000859 0.003447
0 0.180617 0.474808 0.000859 0.003447
0 0.180092 0.475073 0.000764 0.002917
0 0.179567 0.474940 0.000668 0.003182
0 0.178946 0.475073 0.000573 0.003447
0 0.177753 0.475206 0.000668 0.003182
0 0.185436 0.471228 0.001336 0.001591
0 0.177181 0.475736 0.000668 0.002652
0 0.176608 0.475736 0.000859 0.003182
0 0.175988 0.476001 0.000764 0.002652
0 0.175415 0.476134 0.000764 0.002917
0 0.174795 0.476134 0.000859 0.003978
0 0.173506 0.476664 0.000954 0.002917
0 0.166730 0.571732 0.001145 0.002121
0 0.183957 0.467515 0.001050 0.003182
0 0.186056 0.473880 0.001432 0.001591
0 0.166683 0.568682 0.001050 0.001326
0 0.178565 0.477857 0.000764 0.003182
0 0.174556 0.478785 0.000764 0.003447
0 0.175033 0.479051 0.000573 0.003447
0 0.175463 0.479051 0.000668 0.003447
0 0.176083 0.478653 0.000954 0.003713
0 0.176799 0.478520 0.000859 0.003447
0 0.177372 0.478123 0.000859 0.003182
0 0.177753 0.478255 0.000859 0.003447
0 0.179042 0.478255 0.000764 0.002917
0 0.186104 0.475603 0.001145 0.001856
0 0.179662 0.477990 0.000859 0.002917
0 0.180187 0.477990 0.000573 0.002917
0 0.180664 0.477857 0.000954 0.003182
0 0.181237 0.477990 0.000764 0.002917
0 0.181953 0.477062 0.000668 0.002652
0 0.182525 0.477062 0.000477 0.002652
0 0.183098 0.477194 0.000668 0.003447
0 0.166539 0.570008 0.000954 0.001326
0 0.166635 0.566693 0.001145 0.001591
0 0.160002 0.585786 0.000477 0.002652
0 0.162436 0.578494 0.000573 0.002917
0 0.157759 0.579820 0.000573 0.003447
0 0.158284 0.579422 0.000477 0.003182
0 0.158904 0.579422 0.000573 0.003182
0 0.159334 0.579157 0.000477 0.003182
0 0.159906 0.579024 0.000668 0.003447
0 0.161195 0.578361 0.000573 0.003713
0 0.162102 0.578361 0.000477 0.002652
0 0.162865 0.578229 0.000477 0.002387
0 0.156900 0.579820 0.000573 0.002917
0 0.163390 0.578361 0.000573 0.003182
0 0.164058 0.577963 0.000764 0.003447
0 0.164344 0.574781 0.000573 0.002917
0 0.163438 0.575312 0.000668 0.002917
0 0.162865 0.575577 0.000477 0.002917
0 0.162292 0.575709 0.000668 0.003182
0 0.161624 0.575975 0.000477 0.002652
0 0.157282 0.580085 0.000573 0.002917
0 0.156375 0.580085 0.000668 0.002917
0 0.166539 0.565367 0.001145 0.001591
0 0.150363 0.581013 0.000477 0.003182
0 0.145209 0.582206 0.000477 0.002917
0 0.145734 0.582206 0.000573 0.002917
0 0.146879 0.581543 0.000573 0.003182
0 0.147786 0.580483 0.000668 0.003713
0 0.148549 0.581278 0.000668 0.003182
0 0.149074 0.581146 0.000382 0.003447
0 0.149504 0.581013 0.000477 0.003182
0 0.151222 0.580748 0.000668 0.002652
0 0.155850 0.579687 0.000573 0.002652
0 0.151985 0.581013 0.000477 0.002652
0 0.152558 0.580217 0.000477 0.002652
0 0.153130 0.580483 0.000668 0.002652
0 0.153703 0.579820 0.000477 0.002917
0 0.154180 0.579820 0.000477 0.002917
0 0.154657 0.579820 0.000477 0.002917
0 0.155135 0.579554 0.000477 0.002387
0 0.173316 0.485813 0.001145 0.004243
0 0.173840 0.485548 0.000859 0.003182
0 0.170166 0.492442 0.000573 0.003713
0 0.181380 0.493370 0.000477 0.003447
0 0.147881 0.588703 0.000477 0.002652
0 0.147118 0.588438 0.000477 0.003713
0 0.146163 0.589101 0.000668 0.002917
0 0.145209 0.589101 0.000668 0.002387
0 0.182621 0.496155 0.000668 0.003182
0 0.181953 0.496287 0.000668 0.003447
0 0.181857 0.493370 0.000477 0.002917
0 0.180807 0.493901 0.000859 0.002917
0 0.148883 0.588173 0.000573 0.003182
0 0.180282 0.493901 0.000573 0.003447
0 0.179758 0.493768 0.000477 0.002652
0 0.179376 0.493901 0.000477 0.002917
0 0.178803 0.494166 0.000477 0.002917
0 0.178326 0.494829 0.000477 0.003182
0 0.177801 0.494431 0.000573 0.002917
0 0.177324 0.494696 0.000382 0.002917
0 0.148406 0.588305 0.000382 0.003447
0 0.149695 0.587643 0.000668 0.003182
0 0.173506 0.488862 0.000573 0.003447
0 0.155373 0.586449 0.000573 0.002917
0 0.159525 0.586184 0.000477 0.002387
0 0.158904 0.585654 0.000573 0.003447
0 0.158379 0.586051 0.000477 0.003182
0 0.157807 0.585919 0.000286 0.002917
0 0.157091 0.586714 0.000573 0.002387
0 0.156518 0.586317 0.000382 0.002652
0 0.156089 0.586449 0.000477 0.002917
0 0.154753 0.586317 0.000477 0.003182
0 0.150220 0.587510 0.000573 0.002917
0 0.154085 0.586980 0.000477 0.002917
0 0.153464 0.587245 0.000573 0.002917
0 0.153035 0.587112 0.000286 0.002652
0 0.152653 0.587377 0.000477 0.002121
0 0.151890 0.587245 0.000477 0.002387
0 0.151508 0.587245 0.000477 0.002387
0 0.151031 0.587377 0.000477 0.003182
0 0.176847 0.494564 0.000573 0.003182
0 0.176322 0.494696 0.000477 0.003447
0 0.175892 0.494564 0.000573 0.002652
0 0.179567 0.484222 0.001050 0.003713
0 0.181189 0.486608 0.000477 0.003182
0 0.181714 0.486608 0.000382 0.003182
0 0.182191 0.485945 0.000573 0.002917
0 0.182000 0.483559 0.000954 0.002917
0 0.181428 0.483824 0.000954 0.002387
0 0.180760 0.483824 0.000764 0.002917
0 0.180139 0.484222 0.001050 0.003182
0 0.178469 0.484619 0.000764 0.001856
0 0.175320 0.495227 0.000573 0.002387
0 0.177944 0.484487 0.000859 0.003182
0 0.177372 0.484752 0.000859 0.002652
0 0.176656 0.484885 0.000954 0.003447
0 0.176274 0.485150 0.000954 0.002917
0 0.175558 0.485017 0.001050 0.002652
0 0.174986 0.485150 0.000859 0.002917
0 0.174461 0.485282 0.000954 0.003182
0 0.180664 0.486741 0.000573 0.003447
0 0.179614 0.486874 0.000573 0.003182
0 0.179042 0.487271 0.000573 0.003447
0 0.178612 0.487536 0.000668 0.003447
0 0.174795 0.495227 0.000286 0.002387
0 0.174270 0.495359 0.000573 0.002652
0 0.173888 0.495625 0.000573 0.002652
0 0.173363 0.495757 0.000668 0.002917
0 0.186677 0.485150 0.000573 0.002917
0 0.185913 0.484089 0.000573 0.002917
0 0.177085 0.487536 0.000477 0.002387
0 0.176608 0.487669 0.000477 0.003182
0 0.176036 0.487802 0.000477 0.003447
0 0.175606 0.488199 0.000382 0.003182
0 0.175081 0.488199 0.000477 0.003182
0 0.174556 0.488199 0.000573 0.003182
0 0.174079 0.488730 0.000573 0.003182
0 0.177515 0.487404 0.000573 0.002652
0 0.178040 0.487271 0.000477 0.002917
0 0.584415 0.318881 0.001050 0.001856
0 0.584749 0.321798 0.001145 0.001856
0 0.584606 0.323124 0.001050 0.001856
0 0.736352 0.236277 0.001241 0.003713
0 0.728717 0.226730 0.001241 0.003182
0 0.728860 0.228719 0.001145 0.003447
0 0.729051 0.204720 0.001145 0.003182
0 0.738213 0.230178 0.001145 0.002121
0 0.738213 0.228984 0.001145 0.001856
0 0.738261 0.231238 0.001050 0.002121
0 0.738166 0.233492 0.000859 0.001326
0 0.736973 0.236277 0.001145 0.003713
0 0.728717 0.220896 0.001241 0.003182
0 0.737688 0.236409 0.001241 0.003447
0 0.731962 0.235746 0.000859 0.003182
0 0.731342 0.236012 0.000954 0.003182
0 0.730817 0.235614 0.000859 0.002917
0 0.730197 0.235481 0.000954 0.003713
0 0.729624 0.235349 0.000954 0.003447
0 0.729099 0.235349 0.000859 0.003447
0 0.728908 0.225537 0.001241 0.003447
0 0.728908 0.219570 0.001050 0.002652
0 0.727858 0.234951 0.000477 0.004243
0 0.729863 0.213869 0.001241 0.002387
0 0.729719 0.225007 0.001145 0.002917
0 0.729815 0.223548 0.001145 0.003182
0 0.729863 0.221824 0.001050 0.002387
0 0.729910 0.220499 0.000954 0.001856
0 0.729863 0.218775 0.001050 0.003182
0 0.729910 0.217316 0.001145 0.002917
0 0.729910 0.215460 0.001145 0.002387
0 0.730006 0.212411 0.001145 0.002652
0 0.729004 0.216123 0.000859 0.002652
0 0.729958 0.210422 0.001050 0.002387
0 0.730006 0.207239 0.000954 0.002387
0 0.729051 0.206577 0.000954 0.002652
0 0.729004 0.208300 0.001050 0.002917
0 0.729004 0.210156 0.001050 0.002917
0 0.729004 0.212278 0.000859 0.002387
0 0.729004 0.213869 0.000859 0.002387
0 0.728526 0.235481 0.001050 0.003182
0 0.727286 0.235349 0.000477 0.003447
0 0.729863 0.228719 0.001241 0.002387
0 0.706385 0.230045 0.000859 0.001856
0 0.723230 0.220101 0.000764 0.003182
0 0.714163 0.217316 0.000573 0.002387
0 0.707101 0.236012 0.000573 0.002652
0 0.706528 0.236144 0.000764 0.002917
0 0.705383 0.234818 0.001527 0.002387
0 0.705478 0.233360 0.001336 0.002121
0 0.705430 0.231769 0.001241 0.002652
0 0.705430 0.227128 0.001241 0.002387
0 0.724041 0.218112 0.000859 0.001856
0 0.705478 0.223813 0.000954 0.002121
0 0.706623 0.225802 0.000954 0.001856
0 0.706767 0.222885 0.001050 0.002387
0 0.706623 0.221161 0.000954 0.002121
0 0.705430 0.222487 0.000859 0.002121
0 0.703331 0.236277 0.000859 0.001591
0 0.703379 0.235084 0.001145 0.002387
0 0.724184 0.220101 0.001145 0.001591
0 0.724136 0.224211 0.001050 0.001326
0 0.726665 0.232432 0.001145 0.002917
0 0.727238 0.199814 0.001336 0.001326
0 0.726665 0.229515 0.001145 0.002387
0 0.726713 0.221559 0.001050 0.002917
0 0.726856 0.216653 0.001336 0.003182
0 0.726809 0.215062 0.001050 0.002652
0 0.727095 0.208565 0.001241 0.003447
0 0.726999 0.204057 0.001050 0.002387
0 0.728574 0.196500 0.001145 0.003182
0 0.727143 0.198356 0.001145 0.001591
0 0.724184 0.214134 0.001145 0.001326
0 0.724232 0.201273 0.001050 0.001591
0 0.724279 0.204057 0.000954 0.001326
0 0.724327 0.205383 0.000859 0.001326
0 0.724375 0.208168 0.001336 0.001591
0 0.724279 0.209626 0.001145 0.002387
0 0.724279 0.211350 0.001145 0.001591
0 0.724136 0.212411 0.001050 0.001061
0 0.729910 0.226730 0.000954 0.002652
0 0.729815 0.230045 0.000954 0.002387
0 0.732917 0.215725 0.000859 0.001856
0 0.735016 0.210819 0.001241 0.003182
0 0.735016 0.221824 0.001050 0.002917
0 0.734969 0.220101 0.000954 0.002121
0 0.734969 0.218510 0.001145 0.002652
0 0.734921 0.216786 0.001050 0.002387
0 0.734969 0.215327 0.000954 0.002652
0 0.735064 0.214267 0.001145 0.002652
0 0.735064 0.212411 0.001145 0.002652
0 0.735159 0.209096 0.000954 0.002387
0 0.734969 0.225272 0.001145 0.002917
0 0.735112 0.207372 0.001241 0.002652
0 0.736352 0.208565 0.001050 0.002387
0 0.736257 0.210289 0.001050 0.002652
0 0.736114 0.212145 0.000954 0.002121
0 0.736257 0.213736 0.001050 0.002652
0 0.736352 0.215990 0.001050 0.002917
0 0.736209 0.217449 0.000954 0.002652
0 0.734969 0.223681 0.001145 0.002387
0 0.734969 0.226730 0.001145 0.002121
0 0.736114 0.221161 0.001145 0.003182
0 0.733012 0.229912 0.001050 0.003182
0 0.732821 0.218775 0.001050 0.002121
0 0.732821 0.220631 0.001050 0.002652
0 0.732821 0.222355 0.001241 0.002917
0 0.732726 0.223813 0.001050 0.002652
0 0.732678 0.225272 0.000954 0.002387
0 0.732821 0.226863 0.001050 0.002387
0 0.732726 0.228587 0.000859 0.002121
0 0.733107 0.207372 0.001241 0.003713
0 0.734921 0.228587 0.001050 0.002652
0 0.732917 0.206179 0.000859 0.001856
0 0.736448 0.206709 0.001050 0.002387
0 0.736496 0.205118 0.000954 0.002387
0 0.736639 0.203129 0.001050 0.002121
0 0.735732 0.203925 0.000954 0.003182
0 0.735159 0.203792 0.000954 0.003447
0 0.735064 0.230045 0.000954 0.001856
0 0.736305 0.219305 0.001336 0.002652
0 0.735971 0.223018 0.000859 0.002652
0 0.729385 0.202997 0.000859 0.002917
0 0.734253 0.203660 0.000859 0.003182
0 0.736925 0.197428 0.000477 0.002917
0 0.736448 0.197560 0.000477 0.003182
0 0.734825 0.197295 0.000859 0.003182
0 0.734348 0.197560 0.000859 0.003182
0 0.733776 0.197295 0.000668 0.002652
0 0.732630 0.196897 0.000859 0.002917
0 0.730960 0.196765 0.000764 0.003182
0 0.733632 0.203527 0.000764 0.003447
0 0.737975 0.196897 0.000477 0.002917
0 0.733107 0.203660 0.000859 0.003182
0 0.732535 0.203394 0.000668 0.003182
0 0.732058 0.203394 0.000668 0.003182
0 0.731628 0.203527 0.000764 0.002917
0 0.731103 0.203129 0.001050 0.003713
0 0.730387 0.203527 0.000764 0.003447
0 0.729910 0.203527 0.000764 0.003447
0 0.737354 0.197560 0.000573 0.003713
0 0.738500 0.199151 0.000954 0.002652
0 0.736114 0.225139 0.000954 0.002121
0 0.738309 0.218244 0.000954 0.002121
0 0.736018 0.226598 0.000954 0.002387
0 0.736209 0.229117 0.000954 0.002652
0 0.738166 0.227393 0.001050 0.002387
0 0.738166 0.225670 0.001050 0.002121
0 0.738166 0.223548 0.001050 0.002652
0 0.738118 0.221957 0.001145 0.002121
0 0.738261 0.219703 0.001050 0.001856
0 0.738309 0.216919 0.001145 0.002121
0 0.738500 0.201936 0.001145 0.002387
0 0.738309 0.215062 0.001145 0.003182
0 0.738213 0.213073 0.001145 0.002387
0 0.738404 0.210289 0.001145 0.002121
0 0.738547 0.208565 0.001050 0.002387
0 0.738500 0.206974 0.000954 0.002387
0 0.738452 0.204720 0.001241 0.002121
0 0.738547 0.203527 0.001241 0.002387
0 0.703474 0.233095 0.001145 0.002121
0 0.703379 0.227128 0.001336 0.002917
0 0.702138 0.236542 0.001145 0.002652
0 0.724470 0.329488 0.001527 0.001856
0 0.713447 0.271413 0.000668 0.002917
0 0.709916 0.279369 0.001241 0.001326
0 0.709821 0.280562 0.001241 0.001061
0 0.741411 0.317953 0.000668 0.003713
0 0.736925 0.317422 0.000668 0.003713
0 0.736209 0.317157 0.000573 0.003713
0 0.734730 0.316759 0.000668 0.003447
0 0.723373 0.326439 0.001241 0.001591
0 0.727858 0.289711 0.001050 0.001326
0 0.723421 0.324980 0.001336 0.001856
0 0.724423 0.321931 0.001432 0.001591
0 0.721082 0.329886 0.001241 0.001591
0 0.721178 0.328560 0.001241 0.001591
0 0.721130 0.327102 0.001336 0.001326
0 0.719555 0.331742 0.000477 0.003182
0 0.719030 0.331875 0.000573 0.002917
0 0.713304 0.274463 0.000573 0.002652
0 0.738023 0.284275 0.000573 0.003713
0 0.698511 0.275789 0.000573 0.003182
0 0.720128 0.252320 0.000477 0.002917
0 0.720605 0.252453 0.000477 0.002652
0 0.721178 0.252320 0.000477 0.002917
0 0.713495 0.263856 0.000573 0.003182
0 0.728908 0.277513 0.000477 0.002387
0 0.707769 0.252188 0.000573 0.003713
1 0.722132 0.291037 0.002004 0.001856
0 0.697223 0.275524 0.000477 0.003182
0 0.700993 0.281623 0.000573 0.003182
0 0.703426 0.276584 0.000668 0.003182
0 0.705526 0.276584 0.000477 0.003182
0 0.706003 0.276850 0.000477 0.003182
0 0.706480 0.276584 0.000477 0.003182
0 0.705669 0.281888 0.000382 0.002652
0 0.705240 0.282021 0.000477 0.002917
0 0.703903 0.281888 0.000477 0.002652
0 0.718458 0.331477 0.000573 0.003182
0 0.740886 0.297136 0.001145 0.001856
0 0.702186 0.235216 0.001241 0.002652
0 0.679948 0.314240 0.001050 0.002121
0 0.703808 0.324185 0.000859 0.003978
0 0.704333 0.321665 0.000954 0.003182
0 0.714258 0.298197 0.000954 0.001856
0 0.703665 0.300053 0.001336 0.001856
0 0.677706 0.316892 0.001145 0.002652
0 0.676942 0.315168 0.000764 0.001856
0 0.678469 0.314505 0.000954 0.001591
0 0.681523 0.313710 0.001336 0.002121
0 0.705096 0.330284 0.000573 0.002917
0 0.683002 0.312782 0.001050 0.001856
0 0.684577 0.313312 0.001145 0.001856
0 0.686009 0.312517 0.000954 0.001326
0 0.687584 0.312119 0.000859 0.001591
0 0.690065 0.312517 0.000859 0.001856
0 0.689731 0.311456 0.000954 0.001326
0 0.691735 0.310793 0.001145 0.001591
0 0.704858 0.325908 0.000668 0.003182
0 0.705049 0.335057 0.000668 0.003447
0 0.737879 0.295015 0.001050 0.001856
0 0.704667 0.370194 0.001241 0.001591
0 0.737498 0.293158 0.001050 0.001856
0 0.734300 0.296871 0.001145 0.001856
0 0.725043 0.302572 0.000954 0.002121
0 0.724041 0.300849 0.001241 0.001856
0 0.727047 0.299390 0.001336 0.001591
0 0.724136 0.298992 0.001241 0.001856
0 0.722323 0.295678 0.001050 0.001591
0 0.707339 0.319676 0.001050 0.002387
0 0.704142 0.334261 0.000764 0.003447
0 0.714115 0.327102 0.001241 0.002917
0 0.710011 0.333068 0.001241 0.002652
0 0.706528 0.335587 0.001145 0.002917
0 0.701661 0.351498 0.000954 0.003447
0 0.702758 0.347653 0.001050 0.003713
0 0.702472 0.344869 0.001050 0.003447
0 0.704190 0.328295 0.000477 0.002652
0 0.719508 0.252586 0.000382 0.002917
0 0.719030 0.252320 0.000573 0.002917
0 0.718410 0.252320 0.000477 0.002917
0 0.700181 0.230841 0.000859 0.002387
0 0.699752 0.195306 0.000764 0.002917
0 0.696030 0.194776 0.000764 0.002387
0 0.694360 0.196632 0.001050 0.001326
0 0.694264 0.198621 0.000859 0.001061
0 0.694169 0.200610 0.001241 0.002917
0 0.699990 0.235084 0.000859 0.001856
0 0.700134 0.233758 0.001145 0.002387
0 0.700181 0.228984 0.000859 0.001856
0 0.699370 0.203527 0.001145 0.002387
0 0.698988 0.234421 0.001145 0.002652
0 0.699132 0.232167 0.001241 0.002917
0 0.700086 0.227393 0.001241 0.002917
0 0.700038 0.224741 0.000954 0.002387
0 0.700324 0.221294 0.001145 0.002387
0 0.691353 0.226067 0.000573 0.003978
0 0.695887 0.225404 0.001432 0.003182
0 0.703140 0.195969 0.000859 0.003182
0 0.697223 0.200345 0.001050 0.002387
0 0.717933 0.252320 0.000477 0.002917
0 0.712302 0.201405 0.001050 0.002387
0 0.702186 0.233758 0.001050 0.002917
0 0.702138 0.232034 0.001336 0.002652
0 0.702281 0.229250 0.001241 0.002917
0 0.702376 0.226200 0.001050 0.002652
0 0.702329 0.223018 0.001336 0.003182
0 0.702567 0.216521 0.001432 0.002387
0 0.702567 0.214267 0.001241 0.002121
0 0.710250 0.196765 0.000954 0.003713
0 0.700515 0.202731 0.000954 0.001856
0 0.709057 0.205118 0.000859 0.002387
0 0.706957 0.202864 0.001050 0.002121
0 0.703522 0.202599 0.000859 0.003713
0 0.702663 0.201671 0.001050 0.002387
0 0.702615 0.203394 0.000954 0.002652
0 0.700324 0.206444 0.000954 0.002387
0 0.700277 0.204853 0.001050 0.002387
0 0.696984 0.223150 0.001336 0.002917
0 0.696984 0.227791 0.001336 0.002652
0 0.695887 0.228454 0.001241 0.002387
0 0.711825 0.241315 0.001050 0.001591
0 0.708294 0.236277 0.001050 0.004243
0 0.708484 0.230841 0.001050 0.002387
0 0.713972 0.224476 0.000573 0.003978
0 0.711682 0.231371 0.001336 0.002917
0 0.711920 0.232697 0.001050 0.002917
0 0.711825 0.236012 0.001241 0.002652
0 0.711825 0.239061 0.001241 0.001856
0 0.713113 0.240918 0.000573 0.002917
0 0.696030 0.231901 0.001145 0.002387
0 0.713543 0.246884 0.000477 0.003182
0 0.713065 0.250862 0.000668 0.002652
0 0.741077 0.286264 0.000573 0.003447
0 0.740504 0.286794 0.000764 0.003447
0 0.716406 0.251923 0.000477 0.003182
0 0.716931 0.252055 0.000573 0.002917
0 0.717408 0.252188 0.000382 0.003182
0 0.709821 0.243437 0.001050 0.003713
0 0.708675 0.243172 0.001050 0.004243
0 0.707578 0.243172 0.000764 0.003713
0 0.707053 0.243172 0.001050 0.004243
0 0.696793 0.230708 0.001336 0.002652
0 0.696746 0.233625 0.001241 0.002652
0 0.696984 0.235746 0.001145 0.002121
0 0.695791 0.235084 0.001050 0.002387
0 0.697223 0.241846 0.001050 0.003713
0 0.697843 0.242509 0.000764 0.002917
0 0.698941 0.242243 0.000859 0.003447
0 0.699990 0.242111 0.001050 0.004243
0 0.700515 0.242509 0.000764 0.003447
0 0.701136 0.242641 0.000859 0.003713
0 0.701708 0.242641 0.000859 0.004243
0 0.702281 0.242111 0.001241 0.004243
0 0.705383 0.242906 0.000954 0.003182
0 0.705955 0.242774 0.000954 0.003447
0 0.706576 0.243304 0.000859 0.003447
0 0.732726 0.217714 0.001050 0.002652
0 0.732917 0.214134 0.000859 0.002387
0 0.697557 0.301114 0.000954 0.001326
0 0.705764 0.107399 0.000382 0.003182
0 0.709343 0.106868 0.000477 0.002652
0 0.708771 0.107001 0.000668 0.002917
0 0.708389 0.107266 0.000477 0.002917
0 0.707816 0.107266 0.000668 0.002387
0 0.707196 0.107133 0.000573 0.003182
0 0.706623 0.107001 0.000382 0.002917
0 0.706194 0.107133 0.000477 0.003182
0 0.705335 0.107399 0.000477 0.002652
0 0.710155 0.107001 0.000382 0.002917
0 0.704810 0.107399 0.000573 0.003182
0 0.704285 0.107266 0.000477 0.002917
0 0.703808 0.107266 0.000477 0.002917
0 0.703331 0.107531 0.000477 0.003447
0 0.702806 0.107399 0.000382 0.003182
0 0.702233 0.107929 0.000573 0.003182
0 0.701374 0.107664 0.000573 0.002652
0 0.709821 0.106868 0.000477 0.002652
0 0.690972 0.114956 0.000954 0.003978
0 0.700324 0.107531 0.000573 0.002917
0 0.697509 0.113763 0.000859 0.003182
0 0.707673 0.117873 0.000382 0.003447
0 0.708198 0.118006 0.000477 0.003182
0 0.708628 0.117873 0.000382 0.002387
0 0.709153 0.118006 0.000477 0.003182
0 0.709630 0.117873 0.000477 0.002917
0 0.710298 0.117873 0.000477 0.002917
0 0.692928 0.115884 0.000859 0.003182
0 0.696984 0.113763 0.000954 0.003182
0 0.691640 0.115752 0.000764 0.002917
0 0.696412 0.113630 0.000954 0.002917
0 0.695791 0.113896 0.000859 0.002387
0 0.695171 0.113630 0.000764 0.003447
0 0.694646 0.113763 0.000859 0.003182
0 0.693978 0.114028 0.000859 0.003182
0 0.693501 0.113630 0.000859 0.002917
0 0.692355 0.115752 0.000859 0.002387
0 0.700849 0.107796 0.000477 0.002387
0 0.699752 0.108459 0.001145 0.003182
0 0.706719 0.117741 0.000382 0.002652
0 0.703092 0.097056 0.001145 0.001591
0 0.719269 0.095863 0.001050 0.001326
0 0.719126 0.098648 0.001145 0.001591
0 0.714545 0.098648 0.000573 0.003182
0 0.712207 0.099045 0.001050 0.001326
0 0.710870 0.099045 0.001050 0.001856
0 0.711252 0.096526 0.001432 0.002121
0 0.707816 0.102360 0.001050 0.001061
0 0.697366 0.090560 0.000954 0.003447
0 0.717408 0.086317 0.001145 0.001856
0 0.696698 0.090692 0.001145 0.003713
0 0.697891 0.090560 0.000668 0.003447
0 0.698463 0.090560 0.001050 0.003447
0 0.699132 0.090162 0.001050 0.004243
0 0.699656 0.090427 0.000954 0.003182
0 0.700229 0.089897 0.000954 0.003713
0 0.700802 0.090029 0.000954 0.003447
0 0.712063 0.085256 0.001145 0.002917
0 0.722037 0.087908 0.000668 0.003447
0 0.699036 0.107796 0.001050 0.002917
0 0.693453 0.108592 0.000954 0.002387
0 0.698463 0.108459 0.001241 0.003713
0 0.697223 0.108194 0.001241 0.003713
0 0.696555 0.108062 0.001050 0.002917
0 0.695982 0.108062 0.001050 0.002917
0 0.695314 0.108062 0.000859 0.002917
0 0.694789 0.108327 0.000954 0.003447
0 0.694026 0.108327 0.000954 0.002917
0 0.692737 0.108857 0.001050 0.003447
0 0.720939 0.087775 0.000764 0.004243
0 0.689969 0.109122 0.001050 0.003447
0 0.725997 0.108459 0.000954 0.001061
0 0.715642 0.116282 0.000477 0.003978
0 0.715165 0.112570 0.000477 0.002917
0 0.715213 0.109785 0.000573 0.003182
0 0.718887 0.087643 0.000477 0.002917
0 0.719508 0.087643 0.000573 0.003447
0 0.707196 0.117873 0.000382 0.002917
0 0.706242 0.117608 0.000382 0.002917
0 0.732773 0.212411 0.001145 0.002121
0 0.690972 0.122514 0.000382 0.002652
0 0.694312 0.122116 0.000382 0.002917
0 0.693787 0.122116 0.000477 0.002917
0 0.693262 0.122514 0.000573 0.002652
0 0.692833 0.122249 0.000286 0.002121
0 0.692451 0.121984 0.000477 0.002652
0 0.691926 0.122249 0.000382 0.002652
0 0.691401 0.122514 0.000477 0.003182
0 0.689874 0.121586 0.000477 0.002387
0 0.695266 0.122647 0.000382 0.002917
0 0.690399 0.124768 0.000382 0.002387
0 0.689874 0.124635 0.000286 0.002652
0 0.689349 0.124503 0.000382 0.002917
0 0.688776 0.124503 0.000573 0.003447
0 0.688204 0.124635 0.000382 0.002652
0 0.688872 0.121321 0.000382 0.002917
0 0.712350 0.118404 0.000954 0.001856
0 0.694694 0.122381 0.000382 0.002917
0 0.695839 0.122514 0.000573 0.002652
0 0.708866 0.114691 0.000477 0.002917
0 0.700659 0.122514 0.000477 0.002652
0 0.692308 0.125033 0.000382 0.002917
0 0.691878 0.125033 0.000477 0.002917
0 0.691401 0.125431 0.000477 0.003182
0 0.702567 0.123442 0.000286 0.002387
0 0.703188 0.122779 0.000573 0.003182
0 0.702042 0.123044 0.000382 0.002652
0 0.701088 0.122779 0.000382 0.002121
0 0.700229 0.122779 0.000382 0.002652
0 0.696268 0.122249 0.000477 0.002652
0 0.699656 0.121984 0.000573 0.003182
0 0.699084 0.122381 0.000382 0.002387
0 0.698654 0.122381 0.000477 0.002387
0 0.698034 0.122381 0.000382 0.002917
0 0.697652 0.122647 0.000382 0.002917
0 0.697175 0.122514 0.000382 0.002652
0 0.696746 0.122381 0.000477 0.002387
0 0.709821 0.114691 0.000668 0.002387
0 0.708246 0.114558 0.000573 0.003182
0 0.705669 0.117608 0.000382 0.002917
0 0.701327 0.117210 0.000477 0.002652
0 0.695743 0.116415 0.000954 0.003182
0 0.698273 0.116680 0.000477 0.002652
0 0.698941 0.116813 0.000477 0.002387
0 0.699513 0.116945 0.000477 0.003182
0 0.699943 0.116813 0.000382 0.002917
0 0.700372 0.116680 0.000477 0.002652
0 0.700945 0.116680 0.000477 0.002121
0 0.701708 0.117210 0.000477 0.002652
0 0.696316 0.116547 0.000764 0.002917
0 0.702186 0.117210 0.000477 0.002652
0 0.702710 0.117343 0.000382 0.002917
0 0.703283 0.117475 0.000382 0.003182
0 0.703760 0.117343 0.000382 0.002917
0 0.704190 0.117343 0.000477 0.002917
0 0.704762 0.117475 0.000477 0.002652
0 0.705240 0.117475 0.000477 0.002652
0 0.695075 0.116150 0.000764 0.002121
0 0.696889 0.116547 0.001145 0.002917
0 0.707769 0.114558 0.000573 0.002652
0 0.703235 0.113896 0.000477 0.002917
0 0.707291 0.114824 0.000382 0.002652
0 0.706862 0.114824 0.000477 0.002652
0 0.706289 0.114558 0.000477 0.002652
0 0.705764 0.114426 0.000382 0.002917
0 0.705240 0.114426 0.000286 0.002917
0 0.704858 0.114558 0.000668 0.002652
0 0.703713 0.113896 0.000477 0.002917
0 0.702663 0.114161 0.000477 0.002917
0 0.698941 0.113365 0.000477 0.002387
0 0.702281 0.114293 0.000286 0.002121
0 0.701851 0.114293 0.000382 0.002652
0 0.701183 0.114161 0.000382 0.002387
0 0.700754 0.113896 0.000477 0.002917
0 0.700324 0.113498 0.000382 0.002121
0 0.699847 0.113763 0.000382 0.002121
0 0.699370 0.113498 0.000382 0.002652
0 0.696077 0.083930 0.001050 0.002917
0 0.693310 0.082869 0.001241 0.001856
0 0.693214 0.084195 0.001241 0.002917
0 0.684959 0.168656 0.000573 0.002652
0 0.678755 0.139088 0.001145 0.001326
0 0.678755 0.141474 0.001145 0.001326
0 0.678851 0.142933 0.001145 0.001591
0 0.682096 0.158976 0.001145 0.001856
0 0.681905 0.163617 0.001145 0.001061
0 0.686629 0.172235 0.001241 0.001326
0 0.685913 0.169053 0.000382 0.002917
0 0.684482 0.168656 0.000382 0.002652
0 0.679090 0.129409 0.001050 0.002121
0 0.684052 0.166004 0.000477 0.003182
0 0.683575 0.166004 0.000477 0.002121
0 0.683146 0.165739 0.000382 0.002652
0 0.682716 0.166269 0.000477 0.003182
0 0.678803 0.150623 0.001241 0.001591
0 0.678851 0.154071 0.001718 0.002121
0 0.678612 0.156988 0.001050 0.001591
0 0.679233 0.133652 0.001145 0.001591
0 0.682621 0.126757 0.001050 0.001061
0 0.679328 0.170777 0.000954 0.001591
0 0.682239 0.142933 0.001241 0.001591
0 0.685770 0.127287 0.001050 0.001061
0 0.683671 0.127685 0.001241 0.001326
0 0.683432 0.129409 0.000954 0.001061
0 0.683480 0.130735 0.001050 0.001061
0 0.683384 0.132989 0.001050 0.001326
0 0.683432 0.138292 0.000954 0.000796
0 0.683337 0.143331 0.000954 0.001326
0 0.682287 0.141209 0.001145 0.001856
0 0.682478 0.127818 0.000954 0.001061
0 0.682287 0.138690 0.000954 0.001061
0 0.682334 0.137497 0.001050 0.001326
0 0.682239 0.136303 0.001050 0.001061
0 0.682382 0.132989 0.000954 0.001326
0 0.682334 0.131795 0.001050 0.001061
0 0.682382 0.130337 0.000954 0.001326
0 0.682478 0.128878 0.000954 0.001061
0 0.678565 0.162822 0.000954 0.001591
0 0.679280 0.174224 0.001050 0.001591
0 0.692880 0.085521 0.001145 0.002917
0 0.732105 0.209361 0.001145 0.001856
0 0.730387 0.188014 0.001527 0.002121
0 0.731867 0.220631 0.001050 0.002652
0 0.731724 0.219040 0.001145 0.002652
0 0.732010 0.215725 0.000954 0.001856
0 0.731914 0.214399 0.000954 0.002387
0 0.732058 0.212676 0.000859 0.002121
0 0.732058 0.210819 0.001050 0.002652
0 0.732058 0.207637 0.001050 0.002121
0 0.743606 0.192389 0.001432 0.001856
0 0.732153 0.205781 0.000859 0.001591
0 0.732010 0.223681 0.001145 0.002387
0 0.731962 0.225139 0.001050 0.002652
0 0.732010 0.226995 0.000954 0.002121
0 0.732058 0.228189 0.001050 0.002387
0 0.731962 0.230178 0.001241 0.002652
0 0.732917 0.210952 0.001050 0.002387
0 0.734969 0.188412 0.001909 0.001856
0 0.716501 0.185627 0.001241 0.001591
0 0.679185 0.172501 0.001050 0.001856
0 0.712779 0.173429 0.000477 0.003182
0 0.688395 0.177672 0.001145 0.002121
0 0.686391 0.177672 0.000954 0.003713
0 0.683909 0.177804 0.000573 0.003447
0 0.683432 0.177539 0.000573 0.003447
0 0.681189 0.177274 0.000477 0.003978
0 0.713638 0.166534 0.000477 0.003182
0 0.714688 0.171970 0.000477 0.002917
0 0.712875 0.170114 0.000477 0.002917
0 0.713495 0.185097 0.000954 0.001591
0 0.711682 0.167197 0.001145 0.001326
0 0.711443 0.178467 0.001050 0.001591
0 0.710775 0.180986 0.001050 0.001326
0 0.709200 0.180986 0.001336 0.001856
0 0.702138 0.180324 0.000954 0.001061
0 0.701279 0.179661 0.000954 0.001326
0 0.712350 0.183373 0.000954 0.001326
0 0.685722 0.128746 0.000954 0.001326
0 0.685579 0.139751 0.001050 0.001591
0 0.685579 0.138557 0.001050 0.001326
0 0.661243 0.087112 0.001241 0.001856
0 0.668019 0.087643 0.000477 0.003447
0 0.666396 0.087908 0.000668 0.002917
0 0.665871 0.088173 0.000573 0.002917
0 0.664774 0.088571 0.000477 0.003713
0 0.663676 0.088305 0.000573 0.003182
0 0.662722 0.095598 0.000573 0.002917
0 0.661386 0.089897 0.001145 0.001591
0 0.649313 0.113630 0.000477 0.002387
0 0.668257 0.079422 0.001145 0.001326
0 0.647213 0.113365 0.000477 0.003447
0 0.650363 0.113896 0.000477 0.002917
0 0.699466 0.160302 0.001145 0.001326
0 0.699132 0.162556 0.001050 0.001591
0 0.699227 0.164147 0.001050 0.001591
0 0.699132 0.165871 0.000859 0.001326
0 0.698893 0.167330 0.001145 0.001591
0 0.657855 0.095333 0.000573 0.002917
0 0.673554 0.103156 0.000477 0.003182
0 0.685579 0.136966 0.001050 0.001326
0 0.686295 0.091355 0.000954 0.003447
0 0.692833 0.088040 0.001050 0.002652
0 0.692594 0.090825 0.000954 0.003447
0 0.692117 0.091090 0.000954 0.003447
0 0.690781 0.090825 0.000954 0.002917
0 0.690160 0.090427 0.000859 0.003182
0 0.689683 0.090560 0.000859 0.002917
0 0.686725 0.091090 0.000668 0.002917
0 0.683957 0.091753 0.001050 0.003182
0 0.674222 0.105675 0.000477 0.002917
0 0.683432 0.091753 0.000954 0.003713
0 0.682764 0.091488 0.000954 0.003182
0 0.666301 0.146778 0.000859 0.001326
0 0.667064 0.147971 0.001241 0.001591
0 0.680235 0.095200 0.001050 0.002652
0 0.677181 0.099178 0.000477 0.003182
0 0.678517 0.092946 0.001050 0.002917
0 0.699036 0.171042 0.001050 0.001061
0 0.698893 0.173694 0.001145 0.001591
0 0.698845 0.178069 0.001050 0.001326
0 0.684005 0.146115 0.000573 0.002652
0 0.688347 0.146778 0.000668 0.003447
0 0.687440 0.146645 0.000573 0.003713
0 0.686915 0.146513 0.000477 0.003447
0 0.685866 0.146645 0.000477 0.003713
0 0.685341 0.146248 0.000573 0.002917
0 0.684864 0.145850 0.000382 0.003182
0 0.684482 0.145717 0.000573 0.002917
0 0.682239 0.150888 0.001241 0.001591
0 0.692117 0.182180 0.001145 0.001591
0 0.682191 0.149297 0.001145 0.001591
0 0.682191 0.147574 0.001145 0.001326
0 0.686581 0.136834 0.000954 0.001591
0 0.686677 0.135508 0.001145 0.001591
0 0.686725 0.129143 0.000859 0.001061
0 0.686725 0.131663 0.001050 0.001326
0 0.685675 0.132856 0.001050 0.001591
0 0.690733 0.146778 0.000477 0.002917
0 0.691783 0.147176 0.000477 0.003182
0 0.692260 0.147043 0.000477 0.003447
0 0.692689 0.147176 0.000382 0.003182
0 0.690542 0.182180 0.001050 0.001591
0 0.698273 0.175815 0.001432 0.001591
0 0.697270 0.161230 0.000954 0.001061
0 0.697318 0.158579 0.001241 0.001591
0 0.697461 0.156855 0.000954 0.001326
0 0.697700 0.148104 0.000477 0.002917
0 0.697270 0.147971 0.000573 0.003182
0 0.696746 0.148104 0.000477 0.002917
0 0.696268 0.147971 0.000668 0.003182
0 0.695743 0.148237 0.000573 0.002652
0 0.695266 0.148104 0.000573 0.002917
0 0.694741 0.147839 0.000477 0.002387
0 0.694312 0.147441 0.000573 0.003713
0 0.693739 0.147441 0.000573 0.003713
0 0.693214 0.147308 0.000477 0.003447
0 0.694885 0.309997 0.001145 0.001591
0 0.697366 0.310130 0.000954 0.001856
0 0.693262 0.125033 0.000382 0.002917
0 0.617389 0.365420 0.001145 0.002121
0 0.617675 0.375630 0.001145 0.002387
0 0.617675 0.373906 0.001145 0.002652
0 0.617675 0.372448 0.001145 0.002387
0 0.617627 0.371122 0.001050 0.001856
0 0.617580 0.369796 0.000764 0.001856
0 0.617484 0.368337 0.001145 0.002121
0 0.617437 0.366879 0.001050 0.002387
0 0.617293 0.363564 0.001145 0.002652
0 0.617818 0.378149 0.001050 0.002121
0 0.617246 0.361973 0.001241 0.002652
0 0.646593 0.378547 0.001527 0.003978
0 0.616912 0.391143 0.001145 0.002121
0 0.616864 0.389817 0.001050 0.002121
0 0.616864 0.388624 0.001050 0.002387
0 0.616816 0.386900 0.000954 0.002121
0 0.616912 0.385442 0.000954 0.001856
0 0.617771 0.376956 0.000954 0.001856
0 0.617961 0.379475 0.000954 0.001591
0 0.616864 0.382525 0.001050 0.002387
0 0.619584 0.365023 0.001145 0.001856
0 0.620252 0.385176 0.001145 0.001856
0 0.620252 0.386900 0.000954 0.001591
0 0.620347 0.388093 0.001145 0.001856
0 0.620395 0.389419 0.001050 0.001856
0 0.620347 0.390745 0.000954 0.001856
0 0.619727 0.366481 0.001050 0.002121
0 0.619488 0.363166 0.001145 0.002387
0 0.619727 0.361443 0.001050 0.001591
0 0.617914 0.380801 0.000859 0.001591
0 0.617914 0.382657 0.000859 0.002652
0 0.618009 0.384248 0.001050 0.002121
0 0.617866 0.385707 0.001145 0.002387
0 0.617961 0.386900 0.000954 0.002121
0 0.618057 0.388624 0.001145 0.002387
0 0.618057 0.390215 0.001145 0.001856
0 0.618200 0.391408 0.001050 0.002121
0 0.616768 0.383983 0.001050 0.002652
0 0.616768 0.381066 0.000859 0.002121
0 0.620157 0.382259 0.000954 0.002387
0 0.614430 0.386237 0.001145 0.002387
0 0.614144 0.375762 0.000954 0.001591
0 0.614192 0.377353 0.000859 0.001591
0 0.614192 0.378812 0.000859 0.001856
0 0.614335 0.380270 0.000954 0.001591
0 0.614287 0.381729 0.001050 0.001856
0 0.614192 0.383055 0.001050 0.001856
0 0.614383 0.384381 0.001241 0.001856
0 0.614430 0.387696 0.001145 0.001591
0 0.614144 0.372713 0.001145 0.001326
0 0.614526 0.388889 0.001145 0.001856
0 0.614526 0.390347 0.001145 0.001591
0 0.614573 0.391938 0.001050 0.001591
0 0.613810 0.362768 0.001050 0.001591
0 0.612760 0.369133 0.001241 0.002121
0 0.612760 0.370724 0.001241 0.002121
0 0.612856 0.372182 0.001241 0.001856
0 0.614144 0.374304 0.000954 0.001856
0 0.614048 0.371519 0.001336 0.001591
0 0.616625 0.380005 0.000954 0.002121
0 0.616244 0.368072 0.001145 0.002652
0 0.616578 0.378282 0.001050 0.002387
0 0.616578 0.376558 0.001050 0.002121
0 0.616530 0.374967 0.001145 0.002121
0 0.616530 0.373508 0.000954 0.001856
0 0.616387 0.372448 0.000859 0.001856
0 0.616339 0.371122 0.001145 0.002387
0 0.616339 0.369796 0.001145 0.002387
0 0.616244 0.366348 0.001145 0.002387
0 0.613953 0.370061 0.000954 0.001856
0 0.616148 0.365155 0.001336 0.002652
0 0.616196 0.363564 0.001241 0.002652
0 0.616005 0.362238 0.001241 0.002121
0 0.613858 0.364360 0.000954 0.001591
0 0.613905 0.365818 0.001050 0.001856
0 0.613858 0.367277 0.001145 0.001591
0 0.613905 0.368602 0.001050 0.002121
0 0.620300 0.383850 0.001050 0.001856
0 0.620109 0.380933 0.001050 0.001856
0 0.598063 0.401883 0.001241 0.002917
0 0.619107 0.397640 0.000954 0.002917
0 0.606938 0.399894 0.001050 0.003182
0 0.607511 0.399894 0.000859 0.003182
0 0.616434 0.398170 0.000954 0.003447
0 0.616959 0.397772 0.000859 0.003182
0 0.617389 0.397905 0.000954 0.003447
0 0.618009 0.397507 0.001050 0.003713
0 0.618534 0.397242 0.000954 0.003713
0 0.619632 0.397772 0.000859 0.003182
0 0.605698 0.400292 0.000859 0.003447
0 0.620061 0.397242 0.000954 0.003182
0 0.620634 0.397110 0.000954 0.003447
0 0.621159 0.397242 0.001050 0.003713
0 0.621588 0.396844 0.000954 0.003447
0 0.622161 0.396712 0.000764 0.003182
0 0.622733 0.396579 0.000764 0.002917
0 0.623688 0.396314 0.000954 0.003447
0 0.606366 0.400292 0.001050 0.003447
0 0.605268 0.400424 0.000954 0.003713
0 0.625119 0.392867 0.001336 0.001326
0 0.592098 0.403076 0.000954 0.003182
0 0.595724 0.402546 0.000954 0.003713
0 0.595199 0.402413 0.000859 0.003447
0 0.594675 0.402811 0.000764 0.003182
0 0.594150 0.402413 0.001050 0.003978
0 0.593625 0.402811 0.000954 0.003182
0 0.593100 0.402811 0.001050 0.003182
0 0.592623 0.403341 0.001050 0.003182
0 0.591573 0.403606 0.000859 0.002652
0 0.604791 0.400689 0.001145 0.003713
0 0.591048 0.403606 0.000954 0.002652
0 0.590475 0.403739 0.000954 0.003447
0 0.589950 0.403872 0.000859 0.003182
0 0.589425 0.403739 0.000764 0.002917
0 0.588853 0.403739 0.000764 0.002917
0 0.603741 0.400955 0.000764 0.002652
0 0.604218 0.400557 0.000954 0.003447
0 0.624404 0.396181 0.001050 0.003182
0 0.624881 0.388756 0.001241 0.003182
0 0.620109 0.379210 0.001050 0.001591
0 0.620825 0.362636 0.000954 0.001326
0 0.621159 0.373243 0.001241 0.001856
0 0.621159 0.371652 0.001050 0.001326
0 0.620968 0.370194 0.001050 0.001591
0 0.620968 0.368337 0.000859 0.001061
0 0.620920 0.367277 0.000954 0.001061
0 0.620777 0.365553 0.001050 0.001856
0 0.620872 0.364094 0.000859 0.001061
0 0.620872 0.361310 0.001050 0.001326
0 0.621111 0.376028 0.001145 0.001591
0 0.619727 0.369265 0.000859 0.001856
0 0.619822 0.370857 0.001241 0.002387
0 0.619870 0.372315 0.000954 0.002121
0 0.619870 0.373641 0.000954 0.001591
0 0.619966 0.375232 0.001145 0.001591
0 0.619966 0.376425 0.000954 0.001856
0 0.620013 0.377884 0.001050 0.001591
0 0.621159 0.374436 0.001050 0.001591
0 0.621254 0.377619 0.001241 0.001591
0 0.624022 0.387696 0.000859 0.002652
0 0.623592 0.376691 0.000954 0.001326
0 0.623831 0.386370 0.001432 0.002652
0 0.623783 0.384779 0.000954 0.002121
0 0.623688 0.383453 0.001145 0.002121
0 0.623688 0.381862 0.001145 0.002121
0 0.623640 0.380403 0.001050 0.001856
0 0.623735 0.379210 0.001050 0.001591
0 0.623497 0.378016 0.001145 0.001856
0 0.623449 0.375630 0.001241 0.001856
0 0.621302 0.379077 0.001145 0.001856
0 0.621445 0.390215 0.001050 0.001856
0 0.621493 0.388756 0.000954 0.001591
0 0.621540 0.387033 0.000859 0.001856
0 0.621445 0.385972 0.001050 0.001326
0 0.621349 0.384513 0.001050 0.001591
0 0.621349 0.383055 0.001241 0.001856
0 0.621254 0.381331 0.001050 0.001591
0 0.612903 0.373508 0.001145 0.001856
0 0.612951 0.374967 0.001050 0.001591
0 0.613094 0.378016 0.001145 0.001326
0 0.602739 0.381331 0.000859 0.002121
0 0.603121 0.394325 0.001050 0.002652
0 0.603025 0.392867 0.001050 0.002917
0 0.602930 0.391408 0.001050 0.002652
0 0.602882 0.389817 0.001145 0.002652
0 0.602978 0.388359 0.001145 0.002387
0 0.602787 0.384116 0.000954 0.002387
0 0.602787 0.382657 0.000954 0.002121
0 0.602691 0.379873 0.001145 0.002387
0 0.603503 0.366879 0.001241 0.002917
0 0.602739 0.378414 0.000859 0.002121
0 0.602548 0.377221 0.001241 0.002917
0 0.602500 0.375365 0.000954 0.001856
0 0.602500 0.373906 0.001145 0.002652
0 0.602548 0.372448 0.000859 0.001856
0 0.602453 0.371122 0.001050 0.002387
0 0.602453 0.369398 0.000859 0.002121
0 0.603312 0.365288 0.000859 0.001856
0 0.603550 0.368337 0.000954 0.002121
0 0.602214 0.366879 0.000954 0.002387
0 0.603932 0.383055 0.000954 0.001856
0 0.605745 0.364890 0.001145 0.002121
0 0.604075 0.391938 0.001241 0.002121
0 0.604075 0.390215 0.001050 0.002387
0 0.604075 0.388756 0.001050 0.002121
0 0.604075 0.387033 0.000859 0.001856
0 0.603980 0.385839 0.001050 0.002121
0 0.603980 0.384248 0.000859 0.002121
0 0.603789 0.381862 0.001050 0.002121
0 0.603550 0.369796 0.001145 0.002917
0 0.603741 0.380403 0.001145 0.002917
0 0.603884 0.378414 0.001050 0.002652
0 0.603837 0.377221 0.000954 0.002387
0 0.603789 0.375895 0.001050 0.002387
0 0.603598 0.374436 0.000859 0.002121
0 0.603598 0.372713 0.001050 0.002387
0 0.603598 0.370857 0.001050 0.002387
0 0.602405 0.368072 0.000954 0.002652
0 0.602071 0.365155 0.001050 0.002652
0 0.613094 0.380536 0.001145 0.002652
0 0.597061 0.388889 0.000954 0.001856
0 0.599924 0.367277 0.001145 0.002121
0 0.599971 0.365685 0.001241 0.002652
0 0.597395 0.395916 0.001432 0.002652
0 0.597204 0.394590 0.001241 0.002121
0 0.597299 0.392734 0.001050 0.002121
0 0.597251 0.391143 0.000954 0.002121
0 0.597204 0.389950 0.000859 0.001856
0 0.596917 0.387298 0.001241 0.001856
0 0.599971 0.370459 0.001050 0.002121
0 0.596870 0.385839 0.001145 0.002121
0 0.596917 0.384513 0.001050 0.001591
0 0.596870 0.383055 0.001145 0.001856
0 0.596870 0.381596 0.001145 0.002121
0 0.596726 0.380270 0.001241 0.002652
0 0.596774 0.378016 0.000954 0.001856
0 0.596774 0.376425 0.001145 0.002387
0 0.600019 0.369000 0.001145 0.002387
0 0.600162 0.372050 0.001050 0.001591
0 0.599733 0.390347 0.000573 0.003182
0 0.601785 0.386900 0.001050 0.002652
0 0.599256 0.390878 0.000573 0.003713
0 0.600783 0.394723 0.001145 0.001856
0 0.600687 0.393132 0.000954 0.001856
0 0.600783 0.392204 0.001145 0.001591
0 0.600544 0.390480 0.000859 0.001326
0 0.600496 0.389021 0.000954 0.001591
0 0.600687 0.387563 0.001145 0.001856
0 0.600735 0.384381 0.001050 0.002387
0 0.600210 0.373111 0.001145 0.001591
0 0.600496 0.383453 0.000954 0.001061
0 0.600449 0.382127 0.001050 0.002121
0 0.600449 0.380801 0.001050 0.001591
0 0.600401 0.379342 0.001145 0.001856
0 0.600449 0.377884 0.001241 0.002121
0 0.600305 0.376028 0.001145 0.002121
0 0.600258 0.374569 0.001050 0.001856
0 0.605698 0.366348 0.000859 0.001856
0 0.605745 0.367940 0.000954 0.001856
0 0.605793 0.369398 0.001050 0.002121
0 0.610708 0.374171 0.001145 0.002121
0 0.610994 0.384248 0.001145 0.002121
0 0.610899 0.382657 0.001145 0.002652
0 0.610804 0.381199 0.000954 0.001856
0 0.610804 0.380005 0.000954 0.002121
0 0.610804 0.378679 0.001336 0.002121
0 0.610804 0.377221 0.001145 0.002387
0 0.610804 0.375630 0.000954 0.001856
0 0.609754 0.390745 0.001145 0.002917
0 0.611042 0.387165 0.001050 0.002121
0 0.609563 0.387298 0.001145 0.002917
0 0.609563 0.385442 0.000954 0.003447
0 0.609324 0.381994 0.001050 0.002917
0 0.609324 0.379608 0.001050 0.002917
0 0.610565 0.372713 0.001050 0.002387
0 0.610565 0.371387 0.000859 0.002387
0 0.610565 0.370061 0.001241 0.002917
0 0.610899 0.385574 0.000954 0.002652
0 0.611090 0.388624 0.001145 0.002387
0 0.605841 0.371122 0.000954 0.001856
0 0.613333 0.388093 0.001050 0.002387
0 0.613190 0.382392 0.001145 0.001591
0 0.613190 0.383718 0.001145 0.002121
0 0.613237 0.385176 0.001050 0.001326
0 0.612760 0.367674 0.001050 0.001856
0 0.612712 0.366216 0.001145 0.002121
0 0.612617 0.364360 0.001145 0.002121
0 0.613190 0.386370 0.001145 0.002121
0 0.613428 0.389552 0.001050 0.001591
0 0.611090 0.390082 0.000954 0.002121
0 0.613380 0.390745 0.000954 0.001326
0 0.613428 0.392071 0.000859 0.001326
0 0.611997 0.378547 0.000859 0.001856
0 0.611472 0.368072 0.000382 0.003182
0 0.612665 0.362503 0.000859 0.001591
0 0.611233 0.392999 0.001050 0.002121
0 0.611185 0.391276 0.000954 0.002387
0 0.610565 0.368337 0.001050 0.002652
0 0.610470 0.367011 0.001241 0.003182
0 0.610326 0.365420 0.000954 0.002652
0 0.606270 0.383850 0.001050 0.001856
0 0.606557 0.393795 0.001050 0.001591
0 0.606509 0.392601 0.000954 0.001326
0 0.606509 0.391276 0.001145 0.001856
0 0.606461 0.389684 0.001050 0.002387
0 0.606461 0.388226 0.000859 0.001061
0 0.606509 0.386900 0.000954 0.001591
0 0.606318 0.385442 0.001145 0.001856
0 0.606223 0.382790 0.001145 0.001856
0 0.610326 0.363431 0.001145 0.002917
0 0.606175 0.381199 0.001241 0.001856
0 0.606079 0.379475 0.001050 0.001591
0 0.606175 0.378149 0.001050 0.001591
0 0.606127 0.376956 0.000954 0.001856
0 0.606032 0.375630 0.000954 0.001856
0 0.606032 0.374039 0.000954 0.001856
0 0.605936 0.372713 0.000954 0.001856
0 0.604123 0.393132 0.001145 0.001856
0 0.604171 0.394325 0.001241 0.002121
0 0.606986 0.365553 0.001145 0.002917
0 0.606795 0.367011 0.001145 0.003182
0 0.609086 0.364360 0.000954 0.003182
0 0.607559 0.392336 0.000954 0.002387
0 0.607654 0.391143 0.001145 0.002652
0 0.607463 0.388889 0.000954 0.002387
0 0.607654 0.387696 0.000954 0.002121
0 0.607606 0.385707 0.001050 0.002387
0 0.607463 0.383453 0.000954 0.002121
0 0.607416 0.382259 0.000859 0.002387
0 0.607320 0.380270 0.001050 0.002652
0 0.607225 0.378016 0.000859 0.002387
0 0.607225 0.376160 0.001241 0.002917
0 0.607320 0.374304 0.000859 0.001856
0 0.607225 0.372978 0.001050 0.001856
0 0.607177 0.370989 0.001145 0.002652
0 0.606986 0.369133 0.001145 0.002652
0 0.596154 0.402413 0.000859 0.003447
0 0.598731 0.402148 0.000859 0.002387
0 0.699704 0.312251 0.001241 0.002387
0 0.670977 0.532087 0.000477 0.002917
0 0.672457 0.503315 0.000573 0.003182
0 0.671598 0.505038 0.000573 0.003447
0 0.676417 0.512729 0.001050 0.003978
0 0.671311 0.513259 0.000573 0.003447
0 0.671693 0.520021 0.000573 0.003182
0 0.670739 0.524132 0.000573 0.002387
0 0.669164 0.530098 0.000477 0.003182
0 0.670071 0.543092 0.000382 0.003182
0 0.702997 0.486211 0.000954 0.001856
0 0.675129 0.547600 0.001145 0.002652
0 0.682955 0.552108 0.000764 0.003182
0 0.669641 0.585123 0.000668 0.003447
0 0.669450 0.562583 0.000477 0.002917
0 0.670118 0.555290 0.000477 0.002121
0 0.674938 0.545346 0.000954 0.001326
0 0.675272 0.540308 0.001050 0.001326
0 0.732583 0.549456 0.001145 0.004243
0 0.669880 0.486741 0.000573 0.002917
0 0.675320 0.534474 0.001145 0.001326
0 0.728670 0.461946 0.000573 0.003713
0 0.741506 0.472554 0.000668 0.004243
0 0.746660 0.468841 0.001432 0.003182
1 0.738213 0.468576 0.000764 0.003713
1 0.728908 0.469504 0.002386 0.001856
0 0.731056 0.462079 0.000573 0.003447
0 0.730053 0.461814 0.000477 0.003447
0 0.729529 0.461549 0.000573 0.003978
0 0.728192 0.461814 0.000573 0.003447
0 0.670596 0.477592 0.000668 0.003713
0 0.700945 0.439406 0.001432 0.002652
0 0.669355 0.442456 0.000477 0.002917
0 0.670548 0.441925 0.000573 0.002917
0 0.671025 0.444975 0.000382 0.003182
0 0.673220 0.446698 0.000573 0.003978
0 0.672886 0.463538 0.000477 0.002652
0 0.670834 0.465792 0.000573 0.003447
0 0.675224 0.536462 0.001145 0.001591
0 0.698654 0.543357 0.000477 0.003182
0 0.674652 0.420711 0.000954 0.003447
0 0.658332 0.581278 0.000954 0.001591
0 0.640008 0.587510 0.000573 0.003447
0 0.647786 0.586714 0.000668 0.004508
0 0.644255 0.599311 0.001622 0.002652
0 0.665967 0.590692 0.000573 0.003447
0 0.666683 0.588836 0.000668 0.002917
0 0.667398 0.583797 0.000573 0.003447
0 0.666253 0.580483 0.000573 0.003182
0 0.658332 0.579422 0.000954 0.001591
0 0.621159 0.560992 0.000668 0.003978
0 0.668544 0.578096 0.000382 0.002652
0 0.667637 0.576107 0.000477 0.002917
0 0.666396 0.575179 0.000477 0.002652
0 0.666444 0.571069 0.000573 0.002917
0 0.667064 0.566561 0.000477 0.002917
0 0.667732 0.563776 0.000668 0.002652
0 0.666205 0.562715 0.000668 0.003182
0 0.622972 0.561257 0.000859 0.003447
0 0.595295 0.558738 0.000859 0.004243
1 0.731771 0.555025 0.000668 0.006895
0 0.706337 0.630602 0.001145 0.001591
1 0.731008 0.554362 0.000859 0.007160
1 0.727143 0.547468 0.000764 0.006630
0 0.698607 0.591222 0.000573 0.003447
1 0.695409 0.631000 0.002195 0.002387
1 0.690590 0.632193 0.002100 0.002121
0 0.692928 0.631265 0.001241 0.001856
0 0.694503 0.627818 0.001145 0.001326
0 0.716692 0.626889 0.001241 0.002652
0 0.590284 0.650093 0.002291 0.001856
0 0.727381 0.624105 0.001241 0.002387
0 0.719794 0.627818 0.001527 0.001856
0 0.653321 0.944842 0.001432 0.001591
1 0.618820 0.647176 0.002672 0.002387
0 0.648549 0.641474 0.001241 0.002121
0 0.603216 0.647176 0.001432 0.001856
0 0.594436 0.649297 0.002195 0.002387
0 0.674079 0.436091 0.000573 0.002917
0 0.675892 0.418589 0.000954 0.003447
0 0.599399 0.401750 0.000668 0.002652
0 0.708723 0.345532 0.000764 0.003713
0 0.676370 0.313577 0.000954 0.001326
0 0.692976 0.333864 0.000954 0.001591
0 0.688490 0.336118 0.001145 0.001856
0 0.681953 0.339035 0.001432 0.001856
0 0.678087 0.339963 0.001527 0.001591
0 0.678660 0.337444 0.001145 0.001326
0 0.678469 0.335587 0.001527 0.001856
0 0.707769 0.345797 0.000573 0.003713
0 0.686200 0.300053 0.001336 0.001856
0 0.707005 0.347521 0.000954 0.003447
0 0.707482 0.354018 0.000573 0.003182
0 0.706623 0.355476 0.001145 0.003447
0 0.706242 0.356935 0.001336 0.003713
0 0.705812 0.357995 0.001050 0.003182
0 0.704810 0.360780 0.001336 0.002387
0 0.704667 0.368205 0.001241 0.001326
0 0.677372 0.300583 0.001241 0.001856
0 0.677515 0.313180 0.000954 0.002121
0 0.700372 0.356669 0.001050 0.003182
0 0.694932 0.308539 0.001050 0.001856
0 0.701040 0.314771 0.001050 0.002652
0 0.702472 0.317820 0.001241 0.003447
0 0.702615 0.315831 0.000954 0.002652
0 0.701661 0.312914 0.001336 0.003182
0 0.699656 0.309467 0.001145 0.002121
0 0.698129 0.308539 0.001336 0.001856
0 0.696698 0.307743 0.001336 0.001326
0 0.693596 0.308804 0.001050 0.001856
0 0.679185 0.312914 0.001241 0.002121
0 0.689588 0.309732 0.001050 0.001591
0 0.688204 0.310660 0.000954 0.001326
0 0.686820 0.310528 0.001050 0.002121
0 0.685484 0.311058 0.001241 0.001591
0 0.683671 0.311323 0.001050 0.002121
0 0.682334 0.311721 0.000859 0.001856
0 0.680712 0.312119 0.001050 0.002121
0 0.699466 0.360117 0.000764 0.002652
0 0.699466 0.356537 0.000954 0.002917
0 0.675845 0.415407 0.000859 0.003978
0 0.671741 0.379608 0.000477 0.003978
0 0.684100 0.402944 0.000954 0.002387
0 0.684625 0.399496 0.001050 0.002917
0 0.683527 0.397110 0.000954 0.002387
0 0.681189 0.399496 0.001050 0.001856
0 0.680664 0.397375 0.001145 0.002387
0 0.668830 0.384911 0.000573 0.003447
0 0.668925 0.375232 0.000573 0.003182
0 0.670214 0.381199 0.000477 0.003447
0 0.682478 0.402413 0.000954 0.002387
0 0.670118 0.390878 0.000477 0.003182
0 0.669355 0.392204 0.000668 0.002652
0 0.676847 0.401352 0.001145 0.001856
0 0.678278 0.408778 0.001145 0.003447
1 0.668973 0.424158 0.000668 0.006630
0 0.669832 0.411429 0.000668 0.003978
0 0.667637 0.403474 0.001241 0.001856
0 0.681857 0.405861 0.001241 0.002387
0 0.680712 0.404667 0.001050 0.002121
0 0.697748 0.352957 0.001336 0.003182
0 0.694789 0.374039 0.000954 0.003447
0 0.681332 0.351101 0.001145 0.001591
0 0.687774 0.363034 0.000859 0.003182
0 0.692069 0.369265 0.001050 0.002917
0 0.698082 0.366083 0.000859 0.002917
0 0.696650 0.367011 0.000859 0.003182
0 0.696793 0.371122 0.000954 0.003447
0 0.695266 0.376160 0.000954 0.003447
0 0.693882 0.377486 0.001241 0.003978
0 0.687870 0.392734 0.001050 0.003182
0 0.693405 0.381862 0.000859 0.003713
0 0.675558 0.348714 0.000859 0.001591
1 0.685341 0.391938 0.001909 0.004773
0 0.692117 0.387961 0.000764 0.003182
0 0.691019 0.392071 0.001050 0.002917
0 0.689349 0.395784 0.001145 0.002917
0 0.689349 0.393132 0.000954 0.002387
0 0.656089 0.558207 0.001432 0.001591
0 0.658332 0.577168 0.001336 0.001856
0 0.658189 0.575709 0.001050 0.001591
0 0.662340 0.442853 0.000764 0.003182
0 0.657855 0.446964 0.000382 0.002917
0 0.658332 0.446433 0.000382 0.002917
0 0.659716 0.443516 0.000477 0.002917
0 0.655421 0.440202 0.000477 0.003182
0 0.655850 0.437285 0.000954 0.003182
0 0.639912 0.448422 0.001336 0.001591
0 0.642775 0.437947 0.001336 0.001856
0 0.657950 0.435959 0.000954 0.003182
0 0.656471 0.447361 0.000477 0.003182
0 0.657950 0.434368 0.001145 0.002652
0 0.660288 0.428401 0.001050 0.003978
0 0.657855 0.429859 0.000954 0.003182
0 0.630989 0.434102 0.001432 0.002121
0 0.630512 0.432379 0.001432 0.001856
0 0.589616 0.450411 0.000764 0.003447
0 0.590189 0.449085 0.000573 0.002917
0 0.656948 0.447229 0.000477 0.003447
0 0.666635 0.435959 0.000573 0.003182
0 0.627648 0.436356 0.001241 0.001856
0 0.636524 0.521877 0.000668 0.004243
0 0.668400 0.476929 0.000668 0.002917
0 0.667732 0.471758 0.000668 0.003713
0 0.658284 0.492840 0.000477 0.002917
0 0.656996 0.492840 0.000573 0.003447
0 0.656471 0.493238 0.000477 0.003182
0 0.655898 0.493238 0.000477 0.003182
0 0.646116 0.518430 0.001145 0.001591
0 0.613667 0.503447 0.000573 0.003447
0 0.667351 0.440334 0.000668 0.003447
0 0.595915 0.503447 0.000764 0.003447
0 0.595390 0.503845 0.000668 0.003182
0 0.602978 0.481172 0.001336 0.002387
0 0.636715 0.474277 0.000668 0.003447
0 0.636524 0.470300 0.000668 0.002917
0 0.636095 0.451604 0.000573 0.003182
0 0.667494 0.448157 0.000764 0.003713
0 0.581313 0.453858 0.001145 0.003447
0 0.657711 0.428003 0.001241 0.003182
0 0.658189 0.568815 0.001241 0.001591
0 0.621970 0.409573 0.001145 0.001856
0 0.636810 0.410236 0.001050 0.001591
0 0.633232 0.410369 0.000954 0.001856
0 0.629319 0.411429 0.000954 0.001326
0 0.626551 0.412225 0.000954 0.001856
0 0.625310 0.410501 0.001145 0.001591
0 0.623067 0.412755 0.001050 0.001856
0 0.621827 0.411827 0.001050 0.001591
0 0.618677 0.413683 0.001050 0.001061
0 0.642728 0.409706 0.001050 0.001591
0 0.603169 0.400822 0.000954 0.003447
0 0.602596 0.401087 0.000954 0.002917
0 0.602119 0.400822 0.000954 0.003447
0 0.601546 0.400955 0.000954 0.003182
0 0.600973 0.400955 0.000954 0.003713
0 0.600401 0.401618 0.000954 0.003447
0 0.599828 0.401618 0.000954 0.003447
0 0.639674 0.412490 0.001241 0.001326
0 0.644255 0.408115 0.001050 0.001591
1 0.613380 0.418457 0.002672 0.002652
0 0.655564 0.422567 0.000954 0.002387
1 0.616768 0.411164 0.002386 0.002917
1 0.617150 0.415937 0.002577 0.002387
1 0.630559 0.413816 0.001909 0.002387
0 0.628078 0.413418 0.000954 0.002121
0 0.621111 0.413286 0.000954 0.001326
0 0.654514 0.425484 0.001336 0.002917
0 0.657377 0.424954 0.000954 0.002917
0 0.655421 0.420313 0.001050 0.002121
0 0.646307 0.410369 0.001336 0.001856
0 0.654467 0.422832 0.001050 0.001856
0 0.654467 0.420976 0.000859 0.001856
0 0.656996 0.418589 0.001336 0.003447
0 0.661911 0.413418 0.001241 0.003713
0 0.660431 0.411032 0.000954 0.003182
0 0.653321 0.413020 0.001050 0.002387
0 0.648979 0.411164 0.000954 0.001326
0 0.657234 0.500000 0.000477 0.002917
0 0.657902 0.498807 0.000859 0.001591
0 0.657998 0.500663 0.001050 0.001591
0 0.666158 0.557544 0.000573 0.003447
0 0.659668 0.550650 0.001145 0.001326
0 0.659477 0.548926 0.001336 0.001591
0 0.659763 0.547600 0.001145 0.001591
0 0.659859 0.546142 0.000954 0.001856
0 0.660097 0.544683 0.001241 0.001591
0 0.660193 0.543092 0.001050 0.002121
0 0.656852 0.546274 0.001241 0.002121
0 0.666635 0.553036 0.000382 0.002917
0 0.659382 0.553302 0.001145 0.001326
0 0.667207 0.551180 0.000573 0.002917
0 0.666015 0.547070 0.000668 0.002652
0 0.666015 0.538186 0.000477 0.002917
0 0.666873 0.542164 0.000477 0.003447
0 0.667589 0.540175 0.000573 0.002652
0 0.666873 0.537125 0.000477 0.003447
0 0.665824 0.529303 0.000477 0.003182
0 0.659525 0.551843 0.001050 0.001591
0 0.659143 0.554893 0.000859 0.001326
0 0.657998 0.501989 0.001050 0.001591
0 0.650697 0.569610 0.000382 0.002652
0 0.658189 0.567224 0.001241 0.001591
0 0.658379 0.565632 0.001241 0.001591
0 0.655994 0.576637 0.001432 0.001326
0 0.654753 0.570406 0.000668 0.003713
0 0.654037 0.570141 0.000573 0.003182
0 0.652605 0.570273 0.000573 0.002917
0 0.651890 0.569743 0.000668 0.002917
0 0.651222 0.569478 0.000477 0.002387
0 0.655755 0.551047 0.001145 0.001591
0 0.653655 0.564439 0.000764 0.003447
0 0.655803 0.555290 0.001050 0.001591
0 0.656328 0.540308 0.001145 0.001326
0 0.655803 0.542296 0.001241 0.001591
0 0.661004 0.520154 0.001145 0.001326
0 0.661004 0.518563 0.001145 0.001856
0 0.655707 0.553832 0.001241 0.001326
0 0.619727 0.557942 0.001432 0.003182
0 0.616434 0.556881 0.001145 0.003713
0 0.667112 0.525723 0.000573 0.002917
0 0.654467 0.506762 0.001050 0.001591
0 0.658236 0.509414 0.001145 0.002121
0 0.657186 0.513259 0.001145 0.001856
0 0.654753 0.515646 0.001241 0.001856
0 0.654705 0.512596 0.001145 0.001591
0 0.654610 0.511270 0.000954 0.001591
0 0.654705 0.509812 0.001145 0.001326
0 0.654562 0.507955 0.001050 0.001326
0 0.654419 0.505171 0.001145 0.001591
0 0.665633 0.523071 0.000668 0.002917
0 0.654419 0.503580 0.001145 0.001591
0 0.654371 0.502254 0.001050 0.001591
0 0.654371 0.498674 0.001241 0.002387
0 0.654132 0.500265 0.000954 0.001326
0 0.658093 0.506099 0.001241 0.001326
0 0.658045 0.504906 0.001145 0.002121
0 0.657950 0.503845 0.001145 0.001591
0 0.657186 0.503447 0.000573 0.002917
0 0.660527 0.502652 0.001145 0.001856
0 0.660527 0.504243 0.001145 0.001856
0 0.660670 0.505701 0.001050 0.001591
0 0.665537 0.514585 0.000668 0.002917
0 0.660956 0.515513 0.001241 0.001591
0 0.660861 0.514320 0.001050 0.001326
0 0.660813 0.512464 0.000954 0.001326
0 0.660718 0.511005 0.001145 0.001591
0 0.660813 0.509679 0.001145 0.001061
0 0.660670 0.508221 0.001241 0.001856
0 0.658523 0.520684 0.001145 0.001856
0 0.658475 0.519093 0.001050 0.001856
0 0.657616 0.520154 0.001050 0.001326
0 0.657425 0.518960 0.000859 0.001591
0 0.657473 0.517369 0.001145 0.001591
0 0.654801 0.520021 0.000954 0.001061
0 0.654848 0.518563 0.001050 0.001856
0 0.664965 0.499602 0.000477 0.003182
0 0.692737 0.125166 0.000477 0.002652
0 0.693692 0.125166 0.000477 0.003182
0 0.584654 0.324450 0.000954 0.001326
0 0.751145 0.265182 0.001432 0.001591
0 0.751002 0.274596 0.000954 0.001326
0 0.750954 0.273137 0.001050 0.001061
0 0.750954 0.271944 0.001050 0.001326
0 0.751098 0.270618 0.001145 0.001326
0 0.751098 0.269159 0.001145 0.001591
0 0.751098 0.268231 0.001145 0.001856
0 0.751098 0.266773 0.001527 0.001591
0 0.751098 0.263060 0.001145 0.001591
0 0.753627 0.246354 0.001050 0.001591
0 0.751098 0.261602 0.001145 0.001326
0 0.751098 0.260143 0.001145 0.001591
0 0.749905 0.258685 0.001050 0.001326
0 0.750048 0.260143 0.000954 0.001591
0 0.750095 0.261204 0.000859 0.001061
0 0.749952 0.262662 0.000954 0.001856
0 0.749809 0.264121 0.001050 0.001061
0 0.753674 0.245028 0.000954 0.001591
0 0.753579 0.247680 0.001336 0.001591
0 0.749952 0.266640 0.000954 0.001326
0 0.753436 0.260408 0.001050 0.001591
0 0.754295 0.261999 0.000477 0.002652
0 0.753388 0.269557 0.001145 0.001326
0 0.753293 0.268231 0.001336 0.001326
0 0.753436 0.265447 0.001050 0.001591
0 0.753436 0.264254 0.001050 0.001326
0 0.753340 0.262928 0.001050 0.001326
0 0.753436 0.261734 0.001050 0.001061
0 0.753531 0.259348 0.001241 0.001591
0 0.753579 0.248873 0.000954 0.001326
0 0.753436 0.258287 0.001050 0.001061
0 0.753483 0.256828 0.001145 0.001326
0 0.753579 0.255370 0.000954 0.001061
0 0.753436 0.254309 0.001241 0.001061
0 0.753483 0.252851 0.000954 0.001326
0 0.753531 0.251790 0.001241 0.001326
0 0.753579 0.250464 0.000954 0.001326
0 0.749905 0.265447 0.000859 0.001591
0 0.750000 0.267568 0.000668 0.001061
0 0.755392 0.256431 0.000573 0.003182
0 0.750382 0.251392 0.000859 0.001061
0 0.750334 0.253779 0.000764 0.001061
0 0.751622 0.253911 0.001241 0.001326
0 0.751384 0.252851 0.001145 0.001326
0 0.751432 0.251525 0.001050 0.001326
0 0.751479 0.250199 0.001145 0.001856
0 0.751479 0.248210 0.000954 0.001591
0 0.750334 0.252453 0.000954 0.001061
0 0.750382 0.250331 0.001050 0.001061
0 0.751384 0.255370 0.000954 0.001591
0 0.750382 0.248740 0.001241 0.001591
0 0.750477 0.247282 0.001050 0.001326
0 0.747757 0.248210 0.001145 0.001591
0 0.747709 0.249536 0.001050 0.001061
0 0.747614 0.250994 0.000859 0.000796
0 0.747709 0.252320 0.001241 0.001326
0 0.747757 0.253514 0.001145 0.001061
0 0.750334 0.255635 0.001145 0.001591
0 0.751241 0.256696 0.001050 0.001591
0 0.749952 0.268894 0.000764 0.001061
0 0.750000 0.283214 0.000859 0.001061
0 0.750000 0.270220 0.000859 0.001061
0 0.749857 0.271546 0.001145 0.001591
0 0.749905 0.272872 0.000859 0.001061
0 0.749905 0.274463 0.001050 0.001591
0 0.749761 0.275789 0.000954 0.001591
0 0.750907 0.282021 0.000954 0.001326
0 0.750859 0.283479 0.001050 0.001061
0 0.749809 0.282021 0.001241 0.001326
0 0.751193 0.257757 0.001145 0.001591
0 0.747948 0.284010 0.001145 0.001061
0 0.747996 0.282816 0.001050 0.001326
0 0.748044 0.281225 0.001145 0.001856
0 0.747948 0.279767 0.001145 0.001591
0 0.748044 0.278441 0.001145 0.001591
0 0.744942 0.280430 0.000477 0.002917
0 0.746182 0.279634 0.000477 0.002917
0 0.755249 0.259745 0.000477 0.002917
0 0.744608 0.287722 0.000954 0.004243
0 0.760689 0.617475 0.001241 0.002387
0 0.743892 0.318218 0.000668 0.003713
0 0.753436 0.319809 0.000477 0.003713
0 0.752863 0.319809 0.000668 0.003713
0 0.748282 0.318881 0.000477 0.003447
0 0.747805 0.319279 0.000668 0.003182
0 0.746326 0.318483 0.000573 0.003713
0 0.745705 0.318483 0.000668 0.003713
0 0.744990 0.318218 0.000764 0.003713
0 0.742317 0.317820 0.000764 0.003447
0 0.759448 0.320605 0.000477 0.003182
0 0.739788 0.317025 0.000477 0.002917
0 0.757540 0.313445 0.000668 0.002652
0 0.757015 0.313312 0.000764 0.002387
0 0.752386 0.313312 0.000668 0.002917
0 0.750620 0.312782 0.000764 0.003447
0 0.750095 0.312384 0.000477 0.002652
0 0.748807 0.312914 0.000764 0.003713
0 0.758971 0.320207 0.000668 0.003447
0 0.759973 0.320074 0.000382 0.002652
0 0.747614 0.312119 0.000859 0.003182
0 0.759448 0.401485 0.001241 0.001591
0 0.761357 0.614161 0.001432 0.003182
0 0.759353 0.616415 0.001241 0.002917
0 0.751575 0.620923 0.001145 0.001856
0 0.700420 0.569345 0.001145 0.003182
0 0.740599 0.480244 0.001527 0.002652
0 0.763457 0.436224 0.001241 0.002121
0 0.759496 0.399894 0.000954 0.001591
0 0.764459 0.314638 0.000764 0.002917
0 0.760450 0.320339 0.000573 0.003182
0 0.763886 0.314240 0.000764 0.003182
0 0.763314 0.314240 0.000764 0.003182
0 0.762789 0.313842 0.000668 0.002917
0 0.761691 0.314108 0.000954 0.003447
0 0.758971 0.314108 0.000859 0.003978
0 0.758255 0.313312 0.000764 0.002917
0 0.761119 0.320207 0.000573 0.003447
0 0.748234 0.312251 0.000573 0.002917
0 0.746994 0.312517 0.000573 0.003447
0 0.743606 0.291700 0.001622 0.002121
0 0.756394 0.277115 0.000477 0.003182
0 0.758208 0.282418 0.000477 0.002652
0 0.757730 0.284275 0.000477 0.002652
0 0.759353 0.284010 0.001241 0.001061
0 0.758637 0.281623 0.000573 0.003182
0 0.757874 0.277380 0.000573 0.003182
0 0.757349 0.277380 0.000477 0.003182
0 0.756872 0.277115 0.000477 0.002652
0 0.755822 0.277115 0.000477 0.002652
0 0.763934 0.278043 0.000477 0.002917
0 0.752815 0.282949 0.000954 0.001591
0 0.752004 0.288385 0.000668 0.002917
0 0.753961 0.297799 0.000954 0.001591
0 0.757301 0.295015 0.001145 0.001326
0 0.750000 0.288385 0.000477 0.002387
0 0.750382 0.288252 0.000477 0.002652
0 0.750525 0.292495 0.001527 0.001061
0 0.762216 0.275391 0.001241 0.001326
0 0.764411 0.278043 0.000477 0.002917
0 0.751193 0.303898 0.001145 0.001591
0 0.761214 0.288120 0.000573 0.003447
0 0.765366 0.288120 0.000668 0.002917
0 0.764888 0.288252 0.000477 0.003182
0 0.764459 0.288385 0.000382 0.003447
0 0.763886 0.288518 0.000573 0.003182
0 0.762884 0.288252 0.000477 0.002652
0 0.762264 0.287987 0.000573 0.003182
0 0.761787 0.287987 0.000573 0.003182
0 0.759687 0.287855 0.000573 0.002917
0 0.765079 0.278043 0.000477 0.002917
0 0.759210 0.287855 0.000573 0.002917
0 0.758685 0.287855 0.000477 0.002917
0 0.758112 0.288120 0.000477 0.002917
0 0.757253 0.287855 0.000477 0.002917
0 0.763839 0.280827 0.000668 0.002652
0 0.764507 0.280960 0.000668 0.002917
0 0.764984 0.281358 0.000477 0.002652
0 0.747662 0.254707 0.001145 0.001326
0 0.747423 0.256033 0.001050 0.001326
0 0.747519 0.257491 0.001050 0.001591
0 0.750429 0.210952 0.001145 0.001856
0 0.750334 0.220101 0.000954 0.001591
0 0.749427 0.217847 0.001050 0.001326
0 0.750382 0.217714 0.001050 0.001591
0 0.748473 0.216256 0.001241 0.001856
0 0.748664 0.215062 0.001050 0.001591
0 0.749666 0.215195 0.001145 0.001326
0 0.748568 0.210554 0.001050 0.002121
0 0.749523 0.210156 0.001050 0.001326
0 0.750239 0.223946 0.000954 0.001326
0 0.749523 0.208565 0.001050 0.001326
0 0.748473 0.206046 0.001241 0.001591
0 0.748712 0.203262 0.001145 0.001856
0 0.750477 0.203262 0.001241 0.001326
0 0.749475 0.202334 0.000954 0.001061
0 0.749523 0.200743 0.000859 0.001591
0 0.749618 0.199019 0.001050 0.001326
0 0.751145 0.222885 0.000859 0.001856
0 0.749332 0.221161 0.000859 0.001061
0 0.746373 0.236409 0.001050 0.001326
0 0.750239 0.229382 0.000954 0.001061
0 0.749141 0.240918 0.001050 0.001326
0 0.749141 0.239061 0.000859 0.001326
0 0.750143 0.241050 0.001145 0.001591
0 0.750191 0.239459 0.001050 0.001591
0 0.749141 0.236940 0.000859 0.001326
0 0.748330 0.235481 0.001145 0.001591
0 0.750907 0.232299 0.001336 0.001591
0 0.751288 0.229117 0.001145 0.002121
0 0.749380 0.222355 0.000954 0.001326
0 0.749380 0.228321 0.000954 0.001591
0 0.748187 0.230045 0.001050 0.001326
0 0.748330 0.227924 0.000954 0.001326
0 0.749380 0.226598 0.001145 0.001326
0 0.750573 0.226863 0.001050 0.001326
0 0.749332 0.223946 0.001050 0.001326
0 0.748330 0.224211 0.000954 0.001326
0 0.748473 0.200743 0.001050 0.001591
0 0.746326 0.237868 0.000954 0.001061
0 0.747566 0.258552 0.001145 0.001591
0 0.743940 0.215725 0.001145 0.001326
0 0.743797 0.224741 0.000859 0.001326
0 0.743606 0.222222 0.001241 0.001061
0 0.743653 0.220896 0.001145 0.001591
0 0.743844 0.219173 0.001145 0.001326
0 0.745753 0.219438 0.000954 0.001856
0 0.744751 0.218244 0.000859 0.001061
0 0.744131 0.216919 0.001145 0.001591
0 0.743892 0.214399 0.001241 0.001326
0 0.744703 0.226333 0.001336 0.001326
0 0.744751 0.212941 0.001050 0.001061
0 0.743749 0.213206 0.000954 0.001061
0 0.743892 0.212013 0.001241 0.001326
0 0.744894 0.210819 0.001145 0.001591
0 0.745801 0.209228 0.001050 0.001591
0 0.744751 0.209361 0.001050 0.001326
0 0.745037 0.205516 0.001241 0.001591
0 0.744799 0.224874 0.001145 0.001061
0 0.744703 0.227658 0.001145 0.001326
0 0.746326 0.239061 0.000954 0.001326
0 0.746373 0.235084 0.001050 0.001326
0 0.746373 0.241713 0.001050 0.001326
0 0.746278 0.242906 0.001241 0.001591
0 0.744369 0.242906 0.000859 0.001061
0 0.744417 0.241448 0.001145 0.001326
0 0.744512 0.240122 0.000764 0.001326
0 0.745419 0.236542 0.000859 0.001061
0 0.745467 0.234818 0.000954 0.001326
0 0.744512 0.234951 0.000954 0.001591
0 0.746564 0.224741 0.001241 0.001856
0 0.744512 0.232564 0.001145 0.001591
0 0.743653 0.229912 0.000954 0.001591
0 0.743701 0.228454 0.001050 0.001326
0 0.744608 0.229780 0.000954 0.001326
0 0.746421 0.231371 0.001145 0.001326
0 0.746421 0.230045 0.001145 0.001326
0 0.745658 0.228719 0.000954 0.001326
0 0.749046 0.242111 0.001050 0.001061
0 0.748950 0.243304 0.001050 0.001326
0 0.748091 0.238796 0.001050 0.001326
0 0.746803 0.249271 0.000954 0.001061
0 0.746469 0.258287 0.001050 0.001591
0 0.746469 0.256961 0.001050 0.001061
0 0.746564 0.255635 0.000668 0.001061
0 0.746517 0.254177 0.000764 0.001326
0 0.746612 0.252983 0.000954 0.001061
0 0.746660 0.251657 0.000859 0.001061
0 0.746803 0.250597 0.000954 0.001061
0 0.746707 0.247680 0.001145 0.001591
0 0.746517 0.260939 0.000954 0.001061
0 0.744799 0.269027 0.000764 0.003978
0 0.744799 0.265049 0.000382 0.003447
0 0.744846 0.261071 0.000477 0.002917
0 0.744990 0.256828 0.000573 0.003447
0 0.745037 0.252983 0.000668 0.003713
0 0.745037 0.249006 0.000477 0.003713
0 0.744035 0.248740 0.000954 0.001591
0 0.746469 0.259613 0.001050 0.001061
0 0.746517 0.262265 0.000954 0.001061
0 0.754152 0.205118 0.001145 0.001856
0 0.747423 0.268894 0.001050 0.001061
0 0.747614 0.260143 0.001241 0.001061
0 0.747519 0.260939 0.001050 0.001061
0 0.747519 0.262397 0.001241 0.001326
0 0.747471 0.263591 0.000954 0.001061
0 0.747519 0.265049 0.001050 0.001326
0 0.747519 0.266375 0.001050 0.001326
0 0.747471 0.267568 0.001145 0.001591
0 0.747375 0.270353 0.000954 0.001326
0 0.746517 0.263723 0.000954 0.001326
0 0.746469 0.272739 0.000859 0.000796
0 0.746373 0.271413 0.001050 0.001326
0 0.746421 0.269822 0.000764 0.001326
0 0.746278 0.268364 0.000859 0.001591
0 0.746373 0.267303 0.000859 0.001061
0 0.746564 0.265977 0.000859 0.001061
0 0.746660 0.264916 0.000859 0.001061
0 0.744131 0.250199 0.000954 0.001326
0 0.744035 0.251392 0.000954 0.001061
0 0.744083 0.252851 0.001050 0.001326
0 0.756585 0.225007 0.000859 0.001326
0 0.753913 0.240387 0.001050 0.001326
0 0.753961 0.239061 0.000954 0.001326
0 0.752863 0.238266 0.001241 0.001326
0 0.753961 0.232564 0.000954 0.001591
0 0.754772 0.229515 0.000477 0.002917
0 0.753961 0.228189 0.001145 0.001856
0 0.756585 0.229250 0.000668 0.001326
0 0.756538 0.223416 0.000954 0.001326
0 0.744035 0.254044 0.000764 0.001061
0 0.754056 0.224476 0.000954 0.001326
0 0.754104 0.222090 0.001050 0.001856
0 0.754008 0.217979 0.001050 0.001591
0 0.754152 0.215327 0.000954 0.001591
0 0.753149 0.212676 0.001432 0.001591
0 0.754295 0.210687 0.001241 0.001856
0 0.754199 0.207637 0.001241 0.001591
0 0.753674 0.241448 0.001145 0.001856
0 0.744083 0.247547 0.001050 0.001326
0 0.743844 0.271281 0.001145 0.001591
0 0.743844 0.269955 0.001145 0.001591
0 0.745467 0.238663 0.000954 0.001591
0 0.745514 0.240255 0.000859 0.001061
0 0.744035 0.255503 0.000764 0.001326
0 0.744083 0.256828 0.001050 0.001326
0 0.744131 0.257889 0.001145 0.001326
0 0.744083 0.258817 0.001241 0.001061
0 0.744083 0.261867 0.000859 0.001326
0 0.744035 0.263193 0.000954 0.001326
0 0.743892 0.264651 0.001050 0.001061
0 0.743940 0.265845 0.000954 0.001326
0 0.743844 0.266905 0.001145 0.001326
0 0.743033 0.260939 0.000477 0.002652
0 0.742126 0.261999 0.000573 0.004243
0 0.742222 0.266773 0.000573 0.002652
0 0.743892 0.268496 0.001241 0.001326
0 0.761882 0.615487 0.001145 0.002652
0 0.746517 0.430522 0.000954 0.003447
0 0.744894 0.202997 0.000954 0.001326
0 0.765700 0.150491 0.000573 0.003447
0 0.769422 0.153938 0.000573 0.003447
0 0.768992 0.150888 0.000477 0.002652
0 0.768515 0.151021 0.000286 0.002387
0 0.768038 0.150888 0.000477 0.003182
0 0.768038 0.154203 0.000477 0.003447
0 0.767083 0.153540 0.000477 0.003182
0 0.766034 0.153540 0.000477 0.003182
0 0.765031 0.153540 0.000382 0.003182
0 0.770567 0.151021 0.000573 0.002917
0 0.764554 0.153408 0.000382 0.003447
0 0.764077 0.153142 0.000573 0.003447
0 0.763552 0.159772 0.000477 0.003447
0 0.764459 0.159905 0.000573 0.003713
0 0.766034 0.160037 0.000668 0.003447
0 0.766606 0.160170 0.000477 0.002652
0 0.767322 0.160170 0.000573 0.003713
0 0.770042 0.151286 0.000477 0.003447
0 0.770471 0.154601 0.000573 0.003182
0 0.772810 0.161230 0.000668 0.003182
0 0.775434 0.154866 0.000573 0.002121
0 0.773907 0.151154 0.000382 0.002121
0 0.773525 0.151286 0.000573 0.002387
0 0.773096 0.151286 0.000477 0.002387
0 0.772571 0.151286 0.000573 0.002387
0 0.771998 0.151419 0.000382 0.002652
0 0.771569 0.151419 0.000477 0.002652
0 0.776007 0.154999 0.000573 0.002387
0 0.774909 0.154733 0.000477 0.002917
0 0.770996 0.154203 0.000477 0.003447
0 0.774384 0.154468 0.000382 0.002917
0 0.773860 0.154468 0.000477 0.002917
0 0.773478 0.154071 0.000477 0.002652
0 0.772953 0.154336 0.000573 0.003182
0 0.772428 0.154203 0.000668 0.002917
0 0.771998 0.154071 0.000573 0.002121
0 0.771474 0.154071 0.000477 0.002652
0 0.772094 0.160965 0.000573 0.002652
0 0.773430 0.161230 0.000573 0.002652
0 0.775052 0.151684 0.000382 0.003182
0 0.773669 0.170777 0.000286 0.002652
0 0.778250 0.166932 0.001050 0.001326
0 0.780779 0.164147 0.000573 0.003182
0 0.778107 0.168390 0.000954 0.001591
0 0.775768 0.171307 0.000477 0.002121
0 0.775243 0.171307 0.000382 0.002121
0 0.774718 0.171175 0.000477 0.002387
0 0.774098 0.170910 0.000382 0.002387
0 0.775530 0.174224 0.000382 0.002652
0 0.778154 0.164413 0.000859 0.001591
0 0.775196 0.174224 0.000477 0.003182
0 0.774671 0.174224 0.000573 0.003182
0 0.774098 0.174092 0.000382 0.002917
0 0.773669 0.174224 0.000477 0.002652
0 0.773191 0.174092 0.000477 0.002387
0 0.772667 0.173827 0.000573 0.002917
0 0.772237 0.173827 0.000477 0.002387
0 0.778202 0.165871 0.000954 0.001326
0 0.778202 0.162954 0.000954 0.001326
0 0.774432 0.161230 0.000668 0.003182
0 0.764984 0.163352 0.000477 0.003182
0 0.774957 0.161230 0.000573 0.002652
0 0.775721 0.161363 0.000573 0.002917
0 0.775721 0.165208 0.000573 0.003182
0 0.774862 0.164943 0.000382 0.003182
0 0.774194 0.165076 0.000573 0.002917
0 0.773382 0.164943 0.000668 0.002652
0 0.766988 0.164147 0.000477 0.003182
0 0.764363 0.163617 0.000382 0.002652
0 0.778154 0.161363 0.001050 0.001326
0 0.763934 0.163219 0.000477 0.002917
0 0.763075 0.163617 0.000668 0.003182
0 0.778297 0.154866 0.000954 0.001591
0 0.778202 0.156192 0.001145 0.001591
0 0.778345 0.157650 0.001050 0.001326
0 0.778297 0.158844 0.001145 0.001591
0 0.778250 0.160037 0.001050 0.001326
0 0.774528 0.151419 0.000477 0.002121
0 0.775530 0.151684 0.000382 0.002652
0 0.779490 0.457969 0.001050 0.002121
0 0.776389 0.125829 0.000573 0.002917
0 0.778393 0.107531 0.000954 0.001326
0 0.778775 0.105145 0.001145 0.001326
0 0.776961 0.107399 0.000954 0.001591
0 0.775100 0.107133 0.001050 0.001591
0 0.772476 0.103023 0.001145 0.001326
0 0.769088 0.102625 0.001241 0.001591
0 0.775291 0.125829 0.000668 0.003447
0 0.776245 0.132193 0.000477 0.002917
0 0.768086 0.096526 0.000573 0.002652
0 0.775721 0.132193 0.000573 0.002917
0 0.774766 0.132060 0.000573 0.003182
0 0.774003 0.131795 0.000573 0.002652
0 0.771330 0.135110 0.000573 0.003447
0 0.773191 0.135375 0.000477 0.002917
0 0.775148 0.135640 0.000573 0.002917
0 0.775768 0.135508 0.000477 0.003182
0 0.779824 0.107266 0.001145 0.001326
0 0.768610 0.096526 0.000477 0.003182
0 0.776102 0.142005 0.000382 0.002387
0 0.776150 0.097454 0.000477 0.002917
0 0.780063 0.097852 0.000477 0.002652
0 0.779586 0.097719 0.000477 0.002387
0 0.778918 0.097719 0.000477 0.002917
0 0.778441 0.097322 0.000477 0.003713
0 0.777820 0.097454 0.000382 0.002917
0 0.777295 0.097454 0.000668 0.003447
0 0.776723 0.097454 0.000477 0.003447
0 0.775577 0.097587 0.000477 0.003182
0 0.769183 0.096924 0.000668 0.002917
0 0.774480 0.097189 0.000573 0.003447
0 0.773191 0.096924 0.000477 0.002917
0 0.772142 0.096659 0.000477 0.002917
0 0.771426 0.097056 0.000573 0.003182
0 0.770901 0.096791 0.000477 0.002652
0 0.770328 0.096924 0.000286 0.002917
0 0.769708 0.096791 0.000382 0.003182
0 0.776341 0.135508 0.000477 0.003182
0 0.775721 0.142137 0.000382 0.002652
0 0.775911 0.151684 0.000382 0.002652
0 0.778584 0.137894 0.000954 0.001061
0 0.778870 0.121453 0.000954 0.001591
0 0.778727 0.125431 0.001241 0.001591
0 0.778727 0.127950 0.001050 0.001326
0 0.778631 0.130867 0.001241 0.001326
0 0.778536 0.132458 0.001050 0.001326
0 0.778536 0.134977 0.001050 0.001591
0 0.778584 0.136569 0.001145 0.001061
0 0.778631 0.139353 0.001050 0.001326
0 0.767227 0.144259 0.000382 0.003182
0 0.778679 0.140546 0.000954 0.001061
0 0.778536 0.142005 0.000859 0.001326
0 0.778441 0.143596 0.001050 0.001326
0 0.778441 0.144789 0.001050 0.001061
0 0.778536 0.146380 0.001050 0.001591
0 0.778488 0.147706 0.000954 0.001061
0 0.778345 0.148899 0.001241 0.001326
0 0.765747 0.144126 0.000477 0.002387
0 0.768706 0.144524 0.000668 0.002121
0 0.774671 0.142137 0.000573 0.002652
0 0.771569 0.144922 0.000477 0.002917
0 0.774146 0.142137 0.000668 0.003182
0 0.773621 0.142005 0.000573 0.003447
0 0.772714 0.141607 0.000477 0.003713
0 0.771664 0.141342 0.000477 0.003182
0 0.770662 0.141607 0.000382 0.003182
0 0.770662 0.144922 0.000382 0.002917
0 0.771187 0.145054 0.000477 0.002652
0 0.772142 0.145187 0.000477 0.002387
0 0.770185 0.144922 0.000382 0.002917
0 0.772667 0.145054 0.000382 0.002121
0 0.773525 0.145187 0.000382 0.002387
0 0.774146 0.145187 0.000477 0.002917
0 0.774623 0.145320 0.000477 0.002652
0 0.775100 0.145320 0.000477 0.002652
0 0.775625 0.144922 0.000573 0.002387
0 0.776150 0.145320 0.000668 0.003182
0 0.773287 0.171175 0.000477 0.002917
0 0.772714 0.171042 0.000477 0.002652
0 0.772237 0.170777 0.000477 0.002652
0 0.767561 0.288783 0.000668 0.003713
0 0.767179 0.281358 0.000477 0.003182
0 0.766559 0.281358 0.000382 0.002652
0 0.766129 0.281358 0.000477 0.003182
0 0.776389 0.284673 0.000954 0.001326
0 0.773525 0.289181 0.000573 0.003447
0 0.766702 0.288385 0.000668 0.003447
0 0.767179 0.288650 0.000477 0.002917
0 0.768229 0.288915 0.000477 0.002917
0 0.768276 0.281358 0.000573 0.003182
0 0.768658 0.288915 0.000573 0.003978
0 0.769135 0.288385 0.000573 0.003447
0 0.769756 0.288650 0.000477 0.003447
0 0.770281 0.289181 0.000573 0.002917
0 0.770710 0.289048 0.000477 0.003182
0 0.771330 0.289181 0.000573 0.003447
0 0.771760 0.289446 0.000477 0.002917
0 0.766702 0.277778 0.000668 0.002917
0 0.769231 0.281490 0.000764 0.003978
0 0.777582 0.285335 0.000668 0.003182
0 0.775339 0.289844 0.000573 0.003182
0 0.760403 0.211085 0.000477 0.003713
0 0.758876 0.210819 0.000668 0.003713
0 0.757826 0.210819 0.000477 0.003182
0 0.757301 0.210422 0.000573 0.003447
0 0.756681 0.210289 0.000477 0.003182
0 0.779395 0.227791 0.000477 0.003182
0 0.779347 0.233758 0.000382 0.002917
0 0.774575 0.289578 0.000573 0.002652
0 0.770281 0.281756 0.000573 0.003447
0 0.773096 0.278441 0.000668 0.003182
0 0.767799 0.278043 0.000382 0.002917
0 0.768324 0.277778 0.000668 0.002917
0 0.772953 0.282153 0.000382 0.003713
0 0.771378 0.281888 0.000477 0.003182
0 0.770901 0.281756 0.000477 0.002917
0 0.770376 0.278573 0.000573 0.002917
0 0.766129 0.295810 0.001050 0.001326
0 0.778727 0.290904 0.000668 0.003182
0 0.771664 0.170644 0.000477 0.002387
0 0.779681 0.474675 0.001050 0.001591
0 0.771378 0.424821 0.000668 0.003182
0 0.774862 0.456112 0.001527 0.003713
0 0.780349 0.424291 0.000859 0.002121
0 0.781065 0.426677 0.001145 0.003182
0 0.780397 0.426942 0.000954 0.002652
0 0.779777 0.427473 0.000859 0.002121
0 0.779443 0.428799 0.001145 0.002652
0 0.779299 0.473217 0.001241 0.001856
0 0.772237 0.423495 0.000477 0.002652
0 0.780302 0.455715 0.000954 0.003447
0 0.780826 0.477990 0.001241 0.002387
0 0.778584 0.480377 0.000764 0.002387
0 0.778202 0.479051 0.000954 0.003447
0 0.777534 0.478653 0.000954 0.003713
0 0.776723 0.476664 0.001050 0.003447
0 0.773573 0.455715 0.001432 0.002387
0 0.775434 0.420578 0.000764 0.002652
0 0.777916 0.384646 0.001336 0.001856
0 0.772667 0.296738 0.001145 0.001061
1 0.775339 0.367277 0.004772 0.002652
0 0.775387 0.304959 0.001241 0.001591
0 0.775482 0.303898 0.001241 0.001061
1 0.774718 0.335985 0.004676 0.003713
1 0.776675 0.414877 0.004199 0.002917
1 0.776532 0.409573 0.004486 0.003447
1 0.776245 0.405728 0.004676 0.003182
1 0.776055 0.400292 0.004676 0.002917
1 0.775243 0.361708 0.004390 0.002652
0 0.777868 0.387298 0.001050 0.001856
1 0.779252 0.323787 0.000954 0.011668
1 0.777534 0.352957 0.001336 0.011668
0 0.778870 0.335985 0.000573 0.003182
0 0.778059 0.343145 0.000477 0.003182
0 0.779109 0.343012 0.000477 0.003447
0 0.779729 0.344604 0.000573 0.002917
0 0.777963 0.386104 0.001050 0.001591
0 0.760975 0.211217 0.000477 0.003447
0 0.763027 0.211217 0.000573 0.003447
0 0.764029 0.211482 0.000477 0.003447
0 0.765413 0.169981 0.000382 0.002652
0 0.763266 0.173031 0.000477 0.002917
0 0.762836 0.172898 0.000382 0.002652
0 0.761071 0.172633 0.000668 0.002652
0 0.767942 0.170379 0.000477 0.002917
0 0.767417 0.170512 0.000382 0.003182
0 0.766893 0.170247 0.000477 0.003182
0 0.765890 0.169981 0.000573 0.003182
0 0.763361 0.169981 0.000477 0.003182
0 0.764220 0.172633 0.000477 0.003182
0 0.762407 0.169981 0.000477 0.002652
0 0.761834 0.169716 0.000477 0.002652
0 0.761357 0.169451 0.000477 0.003182
0 0.760403 0.169451 0.000477 0.003182
0 0.759019 0.169186 0.000573 0.003182
0 0.771187 0.180058 0.000668 0.002652
0 0.770662 0.180058 0.000382 0.002652
0 0.763791 0.173031 0.000382 0.002387
0 0.764697 0.172898 0.000477 0.003182
0 0.775482 0.192654 0.001622 0.001326
0 0.769660 0.173827 0.000477 0.002917
0 0.771187 0.170644 0.000477 0.002387
0 0.770758 0.170777 0.000573 0.002652
0 0.770281 0.171042 0.000573 0.002652
0 0.769803 0.171042 0.000573 0.002652
0 0.771760 0.173694 0.000477 0.003182
0 0.771187 0.173827 0.000477 0.003447
0 0.770710 0.173827 0.000477 0.002917
0 0.769183 0.173694 0.000286 0.002652
0 0.765270 0.173164 0.000477 0.003182
0 0.769183 0.170379 0.000286 0.002917
0 0.768849 0.170247 0.000382 0.002652
0 0.768324 0.170512 0.000477 0.002652
0 0.767322 0.173827 0.000382 0.002917
0 0.766797 0.173296 0.000477 0.002917
0 0.766272 0.173296 0.000573 0.002917
0 0.765843 0.173296 0.000477 0.003447
0 0.770090 0.180456 0.000382 0.002917
0 0.769613 0.180191 0.000382 0.002387
0 0.768706 0.179926 0.000477 0.002917
0 0.764411 0.197163 0.001050 0.001326
0 0.760307 0.185362 0.000477 0.002652
0 0.759782 0.185362 0.000382 0.003182
0 0.759353 0.185495 0.000668 0.002917
0 0.758876 0.185097 0.000477 0.003182
0 0.758399 0.185362 0.000477 0.003182
0 0.757874 0.185097 0.000573 0.002652
0 0.756919 0.185097 0.000573 0.002652
0 0.766081 0.197428 0.000954 0.001326
0 0.768181 0.179926 0.000382 0.002917
0 0.763982 0.191461 0.001336 0.001591
0 0.760069 0.202068 0.000573 0.003713
0 0.760785 0.201671 0.000477 0.003447
0 0.764316 0.201140 0.000477 0.003447
0 0.766940 0.197428 0.000954 0.001856
0 0.772428 0.189870 0.001241 0.001591
0 0.775196 0.190268 0.001432 0.001856
0 0.760785 0.185362 0.000477 0.002652
0 0.757015 0.178732 0.000573 0.003182
0 0.758303 0.178732 0.000477 0.003182
0 0.759257 0.179130 0.000477 0.002917
0 0.767656 0.179926 0.000477 0.002917
0 0.770805 0.186290 0.000477 0.003447
0 0.770137 0.186290 0.000668 0.003447
0 0.769183 0.186025 0.000477 0.002917
0 0.768610 0.186158 0.000668 0.003182
0 0.766272 0.186423 0.000573 0.003182
0 0.765700 0.186290 0.000382 0.002917
0 0.764745 0.186290 0.000573 0.002917
0 0.767083 0.179793 0.000477 0.003182
0 0.766606 0.179793 0.000477 0.002652
0 0.765747 0.179528 0.000477 0.003182
0 0.765175 0.179661 0.000477 0.003447
0 0.760737 0.179130 0.000382 0.002917
0 0.760307 0.179528 0.000477 0.002652
0 0.759735 0.178998 0.000477 0.002652
0 0.744942 0.204455 0.001241 0.001591
0 0.746612 0.204190 0.001145 0.001591
0 0.694264 0.125033 0.000477 0.002917
0 0.704906 0.161230 0.001145 0.001591
0 0.704906 0.170777 0.000954 0.001061
0 0.704953 0.169451 0.001050 0.001061
0 0.704953 0.168125 0.000859 0.001061
0 0.705001 0.166534 0.000764 0.001591
0 0.705001 0.164943 0.000954 0.001591
0 0.705049 0.163484 0.001050 0.001326
0 0.704858 0.162424 0.000859 0.001326
0 0.704906 0.159905 0.000954 0.001061
0 0.709200 0.123707 0.000382 0.002387
0 0.705001 0.158313 0.000954 0.001061
0 0.705049 0.156722 0.001050 0.001591
0 0.705144 0.155529 0.000859 0.001326
0 0.705192 0.154468 0.000954 0.001326
0 0.705240 0.152877 0.001050 0.001326
0 0.705192 0.151551 0.000954 0.001856
0 0.705240 0.149960 0.001050 0.001326
0 0.708723 0.123707 0.000382 0.002917
0 0.709773 0.123707 0.000573 0.002917
0 0.705240 0.146248 0.001050 0.001326
0 0.708723 0.148899 0.000954 0.001326
0 0.712111 0.133386 0.001241 0.001591
0 0.712207 0.136038 0.001241 0.001591
0 0.712111 0.138292 0.000859 0.001326
0 0.712207 0.126889 0.001050 0.001326
0 0.710059 0.130072 0.001145 0.001326
0 0.710011 0.126226 0.000859 0.001061
0 0.708628 0.147574 0.000954 0.001326
0 0.708628 0.150491 0.000954 0.001326
0 0.710250 0.123972 0.000382 0.002917
0 0.708532 0.151949 0.001336 0.001591
0 0.708628 0.154336 0.001336 0.001591
0 0.708532 0.157518 0.001145 0.001061
0 0.708389 0.159507 0.000859 0.001326
0 0.708341 0.161098 0.000954 0.001326
0 0.708437 0.164015 0.000954 0.001326
0 0.708914 0.125961 0.000954 0.001061
0 0.705287 0.148502 0.000954 0.001591
0 0.705192 0.144524 0.001145 0.001591
0 0.710011 0.132458 0.001050 0.001326
0 0.706337 0.146115 0.001145 0.001061
0 0.706051 0.158446 0.000954 0.001326
0 0.706146 0.156722 0.000954 0.001591
0 0.706098 0.155662 0.001050 0.001591
0 0.706098 0.154468 0.001050 0.001326
0 0.706289 0.153142 0.001241 0.001326
0 0.706242 0.150358 0.001145 0.001591
0 0.706289 0.148899 0.001050 0.001326
0 0.706289 0.144657 0.001050 0.001326
0 0.706098 0.162822 0.000859 0.001061
0 0.706194 0.143331 0.001050 0.001326
0 0.706480 0.140944 0.001050 0.001326
0 0.706528 0.139353 0.000954 0.001326
0 0.706623 0.136436 0.001145 0.001326
0 0.706671 0.135375 0.001050 0.001326
0 0.706623 0.133652 0.000954 0.001061
0 0.706623 0.132458 0.001145 0.001326
0 0.706098 0.161230 0.001050 0.001591
0 0.705955 0.163882 0.000954 0.001061
0 0.705240 0.143065 0.001050 0.001326
0 0.705574 0.132591 0.001145 0.001591
0 0.705335 0.141740 0.000859 0.001326
0 0.705335 0.140281 0.000859 0.001591
0 0.705430 0.139088 0.001050 0.001326
0 0.705430 0.137894 0.001241 0.001591
0 0.705430 0.136303 0.001241 0.001591
0 0.705669 0.134977 0.001145 0.001061
0 0.705574 0.133784 0.001145 0.001326
0 0.705621 0.130867 0.001050 0.001326
0 0.705955 0.165076 0.000954 0.001326
0 0.705621 0.128348 0.001241 0.001591
0 0.708294 0.174887 0.001050 0.001326
0 0.709391 0.171175 0.001336 0.001856
0 0.708294 0.168390 0.001050 0.001591
0 0.706146 0.169186 0.001145 0.001591
0 0.705955 0.167993 0.000954 0.001326
0 0.705908 0.166534 0.001050 0.001591
0 0.712207 0.131132 0.001050 0.001326
0 0.710059 0.135375 0.001145 0.001856
0 0.718649 0.136569 0.000382 0.003182
0 0.732487 0.128746 0.000954 0.001326
0 0.728383 0.124238 0.000954 0.003447
0 0.728526 0.122514 0.001241 0.003182
0 0.728670 0.118801 0.001145 0.003182
0 0.728622 0.116680 0.001050 0.002652
0 0.730387 0.127818 0.001336 0.003182
0 0.730435 0.119730 0.001050 0.002917
0 0.730387 0.114824 0.001145 0.003182
0 0.732487 0.126492 0.000954 0.001591
0 0.725711 0.120260 0.001145 0.002917
0 0.733537 0.123840 0.000954 0.001591
0 0.732678 0.120525 0.001145 0.001326
0 0.732583 0.118006 0.000954 0.001591
0 0.738357 0.131265 0.000668 0.003182
0 0.738977 0.121984 0.001336 0.002652
0 0.736639 0.117873 0.000668 0.003447
0 0.735064 0.126359 0.000573 0.002917
0 0.728383 0.126226 0.000954 0.002652
0 0.727524 0.115619 0.000954 0.002652
0 0.738929 0.116813 0.000477 0.003447
0 0.723659 0.139220 0.001241 0.001591
0 0.717599 0.136038 0.000382 0.002652
0 0.716835 0.141607 0.000573 0.003182
0 0.718696 0.142005 0.000477 0.002917
0 0.720987 0.145187 0.001622 0.001326
0 0.719269 0.144789 0.001050 0.001061
0 0.717981 0.144657 0.001145 0.001326
0 0.716454 0.144259 0.001145 0.001061
0 0.723707 0.137629 0.001145 0.001591
0 0.727429 0.121055 0.001145 0.002917
0 0.723945 0.132458 0.001050 0.001326
0 0.723945 0.129939 0.001050 0.001591
0 0.723945 0.128215 0.001050 0.001856
0 0.716406 0.135640 0.000477 0.002917
0 0.716978 0.132458 0.000477 0.002917
0 0.716454 0.132060 0.000573 0.003182
0 0.715404 0.128083 0.000573 0.002652
0 0.739979 0.116415 0.000477 0.002652
0 0.739645 0.116282 0.000382 0.002387
0 0.709916 0.138160 0.001050 0.001591
0 0.708866 0.133784 0.001050 0.001326
0 0.709534 0.159905 0.001050 0.002121
0 0.709487 0.164280 0.001145 0.001856
0 0.708914 0.127155 0.000954 0.001326
0 0.708866 0.128878 0.001050 0.001591
0 0.709009 0.130204 0.000954 0.001061
0 0.709009 0.131398 0.000954 0.001326
0 0.708914 0.132591 0.000954 0.001061
0 0.708818 0.135508 0.000954 0.001591
0 0.709677 0.150756 0.000954 0.001856
0 0.708818 0.136834 0.000954 0.001061
0 0.708866 0.138027 0.001050 0.001326
0 0.708675 0.139486 0.001050 0.001591
0 0.708628 0.142005 0.001336 0.001856
0 0.708580 0.144922 0.001050 0.001856
0 0.709821 0.143861 0.001241 0.001326
0 0.709916 0.139618 0.001241 0.001856
0 0.709630 0.154733 0.001050 0.001326
0 0.709677 0.147574 0.000954 0.001326
0 0.737688 0.115221 0.001050 0.003447
0 0.713400 0.136436 0.000382 0.002387
0 0.737020 0.111244 0.000477 0.002387
0 0.743653 0.101697 0.000954 0.001326
0 0.742460 0.099708 0.001241 0.001591
0 0.730435 0.109653 0.001241 0.002917
0 0.725950 0.112835 0.000859 0.001326
0 0.726045 0.111111 0.001432 0.001591
0 0.713256 0.140811 0.000477 0.002121
0 0.713543 0.132591 0.000477 0.003182
0 0.709725 0.146380 0.001050 0.001061
0 0.713161 0.148104 0.000477 0.002387
0 0.715022 0.149695 0.000573 0.002917
0 0.713065 0.155396 0.000477 0.003182
0 0.711729 0.159507 0.001241 0.001856
0 0.711825 0.154468 0.001241 0.001856
0 0.711872 0.150756 0.001145 0.001856
0 0.711920 0.147971 0.001050 0.001591
0 0.706623 0.131265 0.000954 0.001061
0 0.706671 0.129806 0.001050 0.001326
0 0.706767 0.128481 0.001241 0.001326
0 0.693167 0.132989 0.000954 0.001326
0 0.695457 0.132326 0.001145 0.001591
0 0.695362 0.130867 0.000954 0.001326
0 0.692976 0.140281 0.001145 0.001061
0 0.692976 0.138823 0.000954 0.001326
0 0.693023 0.137497 0.001050 0.001326
0 0.693023 0.136303 0.001050 0.001061
0 0.693071 0.134845 0.001145 0.001326
0 0.693262 0.130867 0.001145 0.001326
0 0.695362 0.134712 0.000954 0.001061
0 0.691926 0.140016 0.000954 0.001061
0 0.691974 0.137762 0.000859 0.001326
0 0.691974 0.136834 0.000859 0.001061
0 0.692069 0.135906 0.000859 0.000796
0 0.692069 0.134845 0.001050 0.001326
0 0.692212 0.133519 0.000954 0.001326
0 0.692165 0.132193 0.001050 0.001326
0 0.695314 0.133519 0.001050 0.001326
0 0.695314 0.135640 0.001050 0.001326
0 0.668066 0.091620 0.000764 0.002917
0 0.696412 0.138027 0.000954 0.001326
0 0.698511 0.139486 0.000954 0.001591
0 0.698463 0.138425 0.001050 0.001591
0 0.698607 0.136436 0.001145 0.001326
0 0.698654 0.135508 0.001241 0.001061
0 0.698607 0.134049 0.001145 0.001326
0 0.698750 0.132856 0.001050 0.001061
0 0.698702 0.131265 0.000954 0.001061
0 0.696507 0.136834 0.001145 0.001591
0 0.695505 0.138027 0.001050 0.001326
0 0.696507 0.135243 0.000954 0.001061
0 0.696412 0.133652 0.000954 0.001591
0 0.696507 0.132193 0.000954 0.001856
0 0.696412 0.130867 0.000954 0.001326
0 0.696412 0.141077 0.000954 0.001061
0 0.695362 0.140546 0.000954 0.001061
0 0.695362 0.139353 0.001145 0.001326
0 0.692212 0.130337 0.000954 0.001326
0 0.665728 0.092548 0.000859 0.003182
0 0.706623 0.126757 0.000954 0.001061
0 0.698607 0.125298 0.000573 0.003447
0 0.702090 0.125829 0.000477 0.003447
0 0.701565 0.125829 0.000573 0.003447
0 0.701088 0.125961 0.000382 0.003713
0 0.700611 0.125696 0.000573 0.003182
0 0.700134 0.125564 0.000573 0.003447
0 0.699609 0.125431 0.000477 0.003713
0 0.699179 0.125431 0.000382 0.003713
0 0.698082 0.125166 0.000477 0.003182
0 0.703044 0.125961 0.000477 0.003713
0 0.697605 0.125298 0.000477 0.003447
0 0.697223 0.125298 0.000477 0.003447
0 0.696602 0.125166 0.000382 0.003182
0 0.696221 0.125033 0.000382 0.002917
0 0.695696 0.125298 0.000477 0.002917
0 0.695171 0.125298 0.000382 0.002917
0 0.694741 0.125298 0.000286 0.002917
0 0.702520 0.126094 0.000573 0.002917
0 0.705383 0.123707 0.000573 0.002917
0 0.664249 0.093079 0.000764 0.003182
0 0.690017 0.131663 0.000954 0.001856
0 0.678755 0.137894 0.001145 0.001591
0 0.689922 0.139751 0.000954 0.001591
0 0.689922 0.138557 0.000954 0.001326
0 0.689969 0.137099 0.001050 0.001591
0 0.689969 0.136171 0.001050 0.001326
0 0.690017 0.134845 0.001336 0.001326
0 0.690065 0.133784 0.001050 0.001326
0 0.690017 0.130204 0.000954 0.001591
0 0.689015 0.129806 0.000859 0.001326
0 0.688967 0.139618 0.001145 0.001326
0 0.688920 0.138425 0.001050 0.001591
0 0.688872 0.137099 0.000954 0.001591
0 0.688872 0.135640 0.000764 0.001326
0 0.689015 0.134447 0.001050 0.001061
0 0.689015 0.132856 0.001050 0.001061
0 0.689015 0.131265 0.000859 0.001591
0 0.698463 0.141077 0.001050 0.001061
0 0.699800 0.131530 0.000859 0.001591
0 0.699752 0.132989 0.000954 0.001326
0 0.702901 0.137099 0.000954 0.001591
0 0.702758 0.148369 0.000859 0.000796
0 0.702854 0.147043 0.000859 0.001326
0 0.702710 0.145585 0.000764 0.001061
0 0.702758 0.144391 0.000859 0.001326
0 0.702806 0.142800 0.000954 0.001326
0 0.702854 0.141607 0.001050 0.001061
0 0.702854 0.140281 0.000859 0.001061
0 0.702854 0.135906 0.000859 0.001326
0 0.702710 0.151286 0.000954 0.001326
0 0.702901 0.134712 0.000764 0.001061
0 0.702949 0.133386 0.000859 0.001061
0 0.703140 0.132193 0.001050 0.001856
0 0.704762 0.175683 0.001432 0.002387
0 0.702376 0.175815 0.001241 0.001591
0 0.701327 0.172766 0.001050 0.001326
0 0.701422 0.174357 0.001050 0.001326
0 0.702758 0.149960 0.001050 0.001326
0 0.702758 0.152612 0.001241 0.001326
0 0.699800 0.134315 0.000859 0.001326
0 0.702329 0.168921 0.000954 0.001591
0 0.706814 0.123442 0.000573 0.002917
0 0.705908 0.123177 0.000477 0.003447
0 0.706385 0.123575 0.000668 0.003182
0 0.705526 0.126624 0.001050 0.001326
0 0.702424 0.173164 0.000954 0.001061
0 0.702376 0.171705 0.000859 0.001326
0 0.702376 0.170379 0.001241 0.001326
0 0.702615 0.164810 0.000954 0.001326
0 0.702806 0.155131 0.001145 0.001591
0 0.702520 0.163484 0.000954 0.001326
0 0.701470 0.161893 0.000954 0.001326
0 0.702472 0.162026 0.001050 0.001591
0 0.702567 0.160833 0.001050 0.001326
0 0.702567 0.159374 0.000859 0.001591
0 0.702663 0.157783 0.001050 0.001591
0 0.702663 0.156457 0.001050 0.001061
0 0.701517 0.167197 0.001050 0.001326
0 0.701422 0.164678 0.001241 0.001061
0 0.701422 0.160435 0.001241 0.001591
0 0.699227 0.149430 0.001241 0.001326
0 0.699322 0.158976 0.001241 0.001856
0 0.699275 0.157385 0.000954 0.001326
0 0.699275 0.156192 0.000954 0.001061
0 0.699275 0.154999 0.000954 0.001326
0 0.699418 0.153673 0.000859 0.001326
0 0.699227 0.151949 0.001241 0.001591
0 0.699275 0.150623 0.001145 0.001591
0 0.699322 0.147839 0.001050 0.001326
0 0.701517 0.159242 0.001050 0.001326
0 0.699322 0.146513 0.001050 0.001326
0 0.699609 0.140811 0.001050 0.001591
0 0.699609 0.139751 0.001241 0.001591
0 0.699609 0.138557 0.001050 0.001326
0 0.699561 0.136701 0.000954 0.001326
0 0.700802 0.139751 0.000573 0.003713
0 0.699800 0.135508 0.000859 0.001061
0 0.701804 0.131663 0.001241 0.001326
0 0.701947 0.132989 0.000954 0.001856
0 0.701899 0.134447 0.001050 0.001591
0 0.701804 0.135375 0.001241 0.001326
0 0.701756 0.157650 0.000954 0.001326
0 0.701661 0.156457 0.000954 0.001061
0 0.701565 0.155264 0.001336 0.001326
0 0.701517 0.152479 0.001050 0.001061
0 0.701517 0.151021 0.001050 0.001856
0 0.701517 0.149828 0.001050 0.001591
0 0.701565 0.148237 0.000954 0.001591
0 0.701661 0.146778 0.000954 0.001326
0 0.701708 0.145585 0.001050 0.001061
0 0.701661 0.143861 0.000764 0.001326
0 0.701661 0.142668 0.000954 0.001061
0 0.701756 0.141474 0.001145 0.001326
0 0.701851 0.140281 0.001145 0.001061
0 0.701708 0.138690 0.001050 0.001591
0 0.701899 0.137099 0.001050 0.001591
0 0.718124 0.136303 0.000477 0.002652
0 0.718649 0.139486 0.000382 0.002652
0 0.745992 0.202997 0.001050 0.001326
0 0.730101 0.138292 0.001145 0.001326
0 0.734682 0.137232 0.000573 0.003447
0 0.736925 0.135773 0.000477 0.002652
0 0.734730 0.132989 0.000477 0.003447
0 0.730197 0.132458 0.000954 0.001326
0 0.730149 0.133917 0.001050 0.001061
0 0.730149 0.135508 0.000859 0.001591
0 0.730197 0.136966 0.000954 0.001326
0 0.730053 0.139751 0.001050 0.001061
0 0.734587 0.143728 0.000573 0.003182
0 0.729958 0.140944 0.001241 0.001326
0 0.729910 0.142137 0.000954 0.001061
0 0.729958 0.143861 0.001241 0.001326
0 0.729958 0.144922 0.001050 0.001326
0 0.729910 0.146115 0.000954 0.001061
0 0.729863 0.147441 0.001050 0.001591
0 0.729815 0.149032 0.000954 0.001591
0 0.734730 0.140149 0.000668 0.003447
0 0.734587 0.147574 0.000573 0.002917
0 0.729863 0.151816 0.001050 0.001326
0 0.734253 0.167993 0.000477 0.002917
0 0.740027 0.173164 0.000382 0.003182
0 0.738738 0.175550 0.000859 0.002121
0 0.738070 0.167595 0.000668 0.003182
0 0.738261 0.164147 0.000477 0.003182
0 0.737832 0.160700 0.000764 0.003182
0 0.734825 0.168390 0.000477 0.002652
0 0.734205 0.171838 0.000573 0.003182
0 0.734253 0.164015 0.000477 0.002917
0 0.733203 0.148104 0.000477 0.002917
0 0.732344 0.172368 0.001050 0.003713
0 0.732392 0.169186 0.000954 0.002652
0 0.732439 0.166136 0.001050 0.003447
0 0.732487 0.163352 0.000954 0.003182
0 0.734444 0.157253 0.000477 0.002652
0 0.734444 0.153805 0.000477 0.003182
0 0.734444 0.150623 0.000477 0.003182
0 0.729910 0.150491 0.000954 0.001326
0 0.729767 0.153010 0.001050 0.001061
0 0.738977 0.172633 0.000573 0.003182
0 0.727143 0.169053 0.000954 0.000796
0 0.727906 0.174357 0.000573 0.003978
0 0.726856 0.177009 0.001145 0.001326
0 0.726999 0.175550 0.001050 0.001591
0 0.727047 0.174092 0.000954 0.001326
0 0.727095 0.172766 0.000859 0.001326
0 0.727095 0.171573 0.000859 0.001061
0 0.727047 0.170379 0.000954 0.001326
0 0.727190 0.167727 0.000859 0.001326
0 0.729481 0.179528 0.000859 0.001061
0 0.727143 0.166401 0.000954 0.001326
0 0.727143 0.164943 0.000954 0.001061
0 0.727143 0.163484 0.000954 0.001326
0 0.727190 0.162291 0.001050 0.001061
0 0.727286 0.160965 0.001050 0.001591
0 0.727238 0.159374 0.001145 0.001591
0 0.727190 0.158181 0.000859 0.001326
0 0.729433 0.180854 0.000954 0.001061
0 0.729481 0.178202 0.001241 0.001061
0 0.729719 0.154203 0.001145 0.001326
0 0.729576 0.164810 0.001050 0.000796
0 0.729719 0.155529 0.000954 0.001326
0 0.729767 0.157120 0.001050 0.001326
0 0.729672 0.158446 0.001050 0.001326
0 0.729815 0.159374 0.000954 0.001061
0 0.729624 0.160833 0.000954 0.001326
0 0.729719 0.162424 0.000954 0.001326
0 0.729672 0.163617 0.001050 0.001061
0 0.729529 0.166269 0.001145 0.001591
0 0.729529 0.177009 0.000764 0.001326
0 0.729624 0.167727 0.001145 0.001326
0 0.729624 0.168921 0.000954 0.001591
0 0.729529 0.170114 0.000954 0.001326
0 0.729481 0.171573 0.001050 0.001591
0 0.729481 0.172898 0.001050 0.001061
0 0.729481 0.174357 0.000859 0.001326
0 0.729433 0.175683 0.000954 0.001326
0 0.739406 0.172766 0.000477 0.002387
0 0.736400 0.175285 0.001145 0.002121
0 0.718267 0.139618 0.000382 0.002917
0 0.739836 0.232697 0.000573 0.003447
0 0.741840 0.217847 0.000954 0.001326
0 0.741077 0.216521 0.001145 0.001326
0 0.740933 0.213869 0.000859 0.001856
0 0.741888 0.213604 0.001050 0.001856
0 0.741935 0.212278 0.001145 0.001856
0 0.739740 0.239724 0.000573 0.003182
0 0.739788 0.236277 0.000668 0.003182
0 0.739979 0.229117 0.000477 0.003182
0 0.740981 0.221161 0.001145 0.001591
0 0.740074 0.224741 0.000477 0.002387
0 0.740170 0.221294 0.000668 0.002387
0 0.740170 0.217714 0.000477 0.003713
0 0.740122 0.213073 0.000573 0.003447
0 0.740265 0.209228 0.000477 0.003182
0 0.740408 0.204322 0.000573 0.003978
0 0.741172 0.205118 0.000954 0.001326
0 0.740933 0.219040 0.001050 0.001591
0 0.741792 0.222753 0.001241 0.001591
0 0.741935 0.198356 0.000954 0.001591
0 0.740599 0.238531 0.001145 0.001326
0 0.746564 0.199417 0.001050 0.001591
0 0.743987 0.200212 0.001241 0.001591
0 0.741745 0.241846 0.001145 0.001591
0 0.741649 0.240122 0.000954 0.001326
0 0.741745 0.238531 0.000954 0.001326
0 0.740552 0.241050 0.001241 0.001591
0 0.740599 0.239724 0.001145 0.001061
0 0.740695 0.237072 0.001145 0.001061
0 0.740743 0.224078 0.001241 0.001591
0 0.740599 0.235746 0.000954 0.001591
0 0.741697 0.235879 0.001050 0.001326
0 0.740695 0.231901 0.001145 0.001326
0 0.741983 0.233360 0.001050 0.001591
0 0.740743 0.229250 0.001050 0.001856
0 0.741792 0.228321 0.001050 0.001591
0 0.740981 0.225802 0.001145 0.001856
0 0.741554 0.203792 0.001145 0.001326
0 0.742556 0.200212 0.001050 0.001591
0 0.735303 0.179793 0.000668 0.003182
0 0.740408 0.154601 0.000573 0.002652
0 0.740599 0.138292 0.000382 0.002387
0 0.741029 0.142005 0.000477 0.002917
0 0.740456 0.144524 0.000477 0.002652
0 0.739836 0.146248 0.000573 0.002387
0 0.740361 0.147971 0.000477 0.002652
0 0.739788 0.149562 0.000477 0.002652
0 0.740361 0.151154 0.000668 0.002652
0 0.740313 0.157916 0.000573 0.002917
0 0.739884 0.142933 0.000477 0.002652
0 0.740218 0.161496 0.000573 0.002652
0 0.739502 0.165606 0.000477 0.002917
0 0.740122 0.165739 0.000573 0.003182
0 0.738977 0.168390 0.000573 0.003182
0 0.739454 0.169451 0.000382 0.003713
0 0.740122 0.169318 0.000382 0.003447
0 0.737164 0.179130 0.000954 0.001326
0 0.740408 0.141474 0.000573 0.002917
0 0.739979 0.137232 0.000477 0.002917
0 0.741315 0.199947 0.001050 0.001591
0 0.747662 0.195174 0.000954 0.001591
0 0.740838 0.194246 0.000859 0.001326
0 0.742270 0.194776 0.001241 0.001856
0 0.740456 0.199019 0.000668 0.003447
0 0.758876 0.196632 0.001050 0.001326
0 0.757683 0.196367 0.000954 0.001326
0 0.748712 0.187218 0.001336 0.001591
0 0.744894 0.194776 0.001145 0.001326
0 0.750334 0.195439 0.000954 0.001061
0 0.740552 0.134580 0.000477 0.002917
0 0.749809 0.190400 0.001050 0.001591
0 0.752100 0.187881 0.001241 0.001326
0 0.759687 0.152877 0.000573 0.002917
0 0.740122 0.134182 0.000573 0.002652
0 0.740218 0.130735 0.000573 0.002652
0 0.741363 0.131000 0.000573 0.002652
0 0.740647 0.131265 0.000668 0.003182
0 0.727143 0.156988 0.000954 0.001061
0 0.727286 0.155794 0.000859 0.001326
0 0.727333 0.154336 0.000954 0.001061
0 0.716167 0.173429 0.001145 0.001591
0 0.719985 0.157253 0.000764 0.001061
0 0.720032 0.156325 0.001050 0.001326
0 0.719174 0.182312 0.000859 0.001326
0 0.717312 0.181517 0.000954 0.001856
0 0.716263 0.179661 0.000954 0.001856
0 0.716215 0.175683 0.001050 0.001326
0 0.716263 0.174490 0.001145 0.001591
0 0.716215 0.171705 0.001050 0.001326
0 0.719985 0.160037 0.000764 0.000796
0 0.716215 0.170247 0.001050 0.001591
0 0.716358 0.166667 0.001145 0.001326
0 0.716310 0.165076 0.001050 0.001326
0 0.716406 0.162556 0.001050 0.001591
0 0.716406 0.160833 0.001050 0.001326
0 0.716358 0.159639 0.001145 0.001061
0 0.716310 0.158181 0.001050 0.001326
0 0.720032 0.158711 0.001050 0.001326
0 0.719889 0.161761 0.000954 0.001061
0 0.716597 0.155662 0.001241 0.001061
0 0.719794 0.174622 0.000764 0.001326
0 0.718935 0.164147 0.000954 0.001061
0 0.718983 0.162689 0.001050 0.001326
0 0.718983 0.161496 0.000859 0.001591
0 0.719030 0.159905 0.000954 0.001061
0 0.719746 0.178732 0.000859 0.001061
0 0.719746 0.177672 0.001050 0.001061
0 0.719746 0.176213 0.001050 0.001326
0 0.719651 0.173429 0.000859 0.001061
0 0.719937 0.163087 0.000859 0.001061
0 0.719746 0.171838 0.001050 0.001061
0 0.719794 0.170644 0.000954 0.000796
0 0.719842 0.169584 0.000859 0.001326
0 0.719746 0.168125 0.000859 0.001061
0 0.719842 0.166534 0.000859 0.001591
0 0.719889 0.165473 0.000764 0.001061
0 0.719937 0.164413 0.000859 0.001061
0 0.716358 0.156722 0.000954 0.001591
0 0.716597 0.154468 0.001241 0.001326
0 0.727286 0.152877 0.000859 0.001326
0 0.723564 0.148237 0.001050 0.001591
0 0.723421 0.164280 0.000954 0.001326
0 0.723421 0.161893 0.000954 0.001326
0 0.723468 0.160567 0.000859 0.000796
0 0.723611 0.157783 0.001145 0.001591
0 0.723659 0.155264 0.001050 0.001326
0 0.723707 0.153805 0.001145 0.001061
0 0.723659 0.150756 0.000859 0.001326
0 0.723707 0.145850 0.001336 0.002652
0 0.723564 0.167993 0.001050 0.001326
0 0.723468 0.142800 0.000859 0.001856
0 0.726236 0.143065 0.001050 0.001326
0 0.726427 0.138955 0.001050 0.001591
0 0.726522 0.136436 0.000859 0.001326
0 0.726618 0.134049 0.001050 0.001326
0 0.717599 0.139353 0.000382 0.002917
0 0.718171 0.141872 0.000382 0.002121
0 0.723516 0.165739 0.001145 0.001061
0 0.723516 0.169053 0.000954 0.001326
0 0.718935 0.157253 0.000764 0.001061
0 0.719269 0.147441 0.000477 0.003182
0 0.719985 0.153540 0.000954 0.001061
0 0.719651 0.152082 0.000859 0.001326
0 0.721655 0.148237 0.000477 0.003182
0 0.721130 0.148104 0.000573 0.002917
0 0.720701 0.147971 0.000477 0.003182
0 0.720223 0.147574 0.000477 0.002917
0 0.719794 0.147574 0.000382 0.002917
0 0.718792 0.147441 0.000286 0.002652
0 0.723564 0.169849 0.001241 0.001326
0 0.718267 0.147308 0.000382 0.002917
0 0.717599 0.147176 0.000382 0.002652
0 0.716931 0.147043 0.000382 0.002917
0 0.716310 0.147308 0.000477 0.002917
0 0.723421 0.173959 0.000954 0.001591
0 0.723421 0.172368 0.000954 0.001591
0 0.723421 0.171175 0.000954 0.001326
0 0.718839 0.165739 0.001145 0.001061
0 0.718935 0.166932 0.000954 0.001326
0 0.718792 0.168125 0.001050 0.001061
0 0.725902 0.171573 0.001145 0.001591
0 0.725997 0.161893 0.001145 0.001326
0 0.726045 0.163484 0.001241 0.001326
0 0.726045 0.165076 0.001050 0.001326
0 0.726093 0.165871 0.000954 0.001326
0 0.726140 0.167462 0.000668 0.001326
0 0.726093 0.168788 0.000954 0.001326
0 0.725950 0.170247 0.001050 0.001591
0 0.725950 0.172898 0.001050 0.001061
0 0.726093 0.159374 0.001145 0.001061
0 0.725997 0.174092 0.001145 0.001326
0 0.725854 0.175550 0.001241 0.001591
0 0.727715 0.182843 0.000573 0.003447
0 0.726522 0.182843 0.000477 0.002917
0 0.725950 0.182710 0.000668 0.003713
0 0.725377 0.182578 0.000477 0.003447
0 0.724948 0.182312 0.000382 0.003447
0 0.726093 0.160567 0.001145 0.001326
0 0.726188 0.158181 0.000954 0.001326
0 0.718839 0.169584 0.000764 0.001326
0 0.727429 0.142270 0.001145 0.001326
0 0.727333 0.151551 0.000954 0.001326
0 0.727429 0.150358 0.000954 0.001061
0 0.727429 0.149032 0.001145 0.001061
0 0.727477 0.147308 0.001050 0.001326
0 0.727524 0.146115 0.001145 0.001061
0 0.727429 0.144657 0.001145 0.001326
0 0.727429 0.143331 0.001145 0.001326
0 0.727524 0.140811 0.000954 0.001591
0 0.726188 0.156855 0.000954 0.001326
0 0.727524 0.139486 0.000954 0.001591
0 0.727477 0.138160 0.001241 0.001061
0 0.727572 0.136569 0.001050 0.001591
0 0.727667 0.135375 0.001050 0.001326
0 0.727763 0.134049 0.000859 0.001326
0 0.727715 0.132723 0.000954 0.001326
0 0.726045 0.153938 0.000859 0.001326
0 0.724470 0.182312 0.000573 0.003447
0 0.723898 0.181915 0.000382 0.003713
0 0.724089 0.179528 0.000954 0.001591
0 0.721989 0.179130 0.001145 0.001326
0 0.722228 0.168523 0.001241 0.001326
0 0.722275 0.169981 0.000954 0.001061
0 0.722323 0.171307 0.000859 0.001061
0 0.722371 0.172368 0.001145 0.001591
0 0.722132 0.175020 0.000859 0.001591
0 0.722037 0.176081 0.001050 0.001591
0 0.722037 0.177672 0.000859 0.001591
0 0.721893 0.180986 0.001145 0.001856
0 0.723230 0.179926 0.001145 0.001326
0 0.721893 0.182312 0.000954 0.001326
0 0.718792 0.178732 0.000859 0.001061
0 0.718744 0.177539 0.000954 0.001326
0 0.718839 0.176081 0.000954 0.001061
0 0.718839 0.174755 0.000954 0.001061
0 0.718744 0.173429 0.000954 0.001591
0 0.718744 0.171838 0.000764 0.001061
0 0.722371 0.167462 0.000954 0.001326
0 0.722323 0.166269 0.000859 0.001061
0 0.722371 0.164810 0.000954 0.001326
0 0.722323 0.163617 0.001050 0.001061
0 0.723230 0.177804 0.000954 0.001856
0 0.723325 0.176213 0.000764 0.001326
0 0.704858 0.190400 0.001241 0.001591
0 0.688920 0.182047 0.001241 0.001326
0 0.687679 0.181782 0.001050 0.001326
0 0.686200 0.181649 0.001336 0.001061
0 0.683432 0.180986 0.001145 0.001326
0 0.681094 0.180986 0.001050 0.001326
0 0.726284 0.152347 0.000954 0.001326
0 0.726188 0.151021 0.000954 0.001326
1 0.722418 0.152877 0.001432 0.001856
0 0.722514 0.156855 0.001050 0.001326
0 0.722466 0.158048 0.000954 0.001061
0 0.722466 0.159242 0.000954 0.001326
0 0.722371 0.162026 0.000954 0.001061
0 0.596536 0.374171 0.000859 0.002121
0 0.596822 0.372580 0.000859 0.001591
0 0.596726 0.370989 0.000859 0.002121
0 0.617246 0.220896 0.001050 0.001591
0 0.617055 0.233227 0.000859 0.001326
0 0.617007 0.231636 0.000954 0.001326
0 0.617007 0.230575 0.001145 0.001326
0 0.617055 0.229382 0.000859 0.001061
0 0.617103 0.227791 0.001145 0.001591
0 0.617150 0.225139 0.001050 0.002121
0 0.617150 0.223283 0.000859 0.001061
0 0.619298 0.226333 0.001145 0.001856
0 0.616959 0.235216 0.001050 0.001061
0 0.619298 0.223150 0.000954 0.001326
0 0.620347 0.226333 0.000954 0.001326
0 0.620157 0.225007 0.000954 0.000796
0 0.620204 0.223548 0.001050 0.001591
0 0.620157 0.222090 0.000954 0.001326
0 0.620252 0.220764 0.000954 0.001326
0 0.620300 0.219173 0.000859 0.001326
0 0.617055 0.234288 0.001050 0.001326
0 0.616912 0.236542 0.000954 0.001591
0 0.620395 0.216521 0.000859 0.001326
0 0.623306 0.186158 0.000954 0.001061
0 0.623211 0.195837 0.000764 0.001326
0 0.623258 0.194643 0.000859 0.001591
0 0.623258 0.192920 0.000859 0.000796
0 0.623401 0.191594 0.000954 0.001326
0 0.623306 0.190268 0.000954 0.001326
0 0.623306 0.188942 0.001145 0.001326
0 0.623354 0.187616 0.001050 0.001326
0 0.623354 0.184566 0.000859 0.001591
0 0.616912 0.238001 0.001145 0.001326
0 0.623449 0.183108 0.001050 0.001326
0 0.620109 0.238266 0.000859 0.001326
0 0.620109 0.236807 0.001050 0.001061
0 0.620204 0.235349 0.001050 0.001326
0 0.620109 0.234288 0.001050 0.001326
0 0.620204 0.232697 0.001050 0.001326
0 0.620204 0.231504 0.001050 0.001061
0 0.620300 0.217979 0.000859 0.001061
0 0.620300 0.215460 0.001050 0.001326
0 0.623067 0.198754 0.001050 0.001326
0 0.664869 0.224476 0.001241 0.001326
0 0.620443 0.183903 0.000573 0.002917
0 0.619584 0.183241 0.001145 0.004243
0 0.619107 0.182975 0.000954 0.004243
0 0.668257 0.235349 0.001527 0.001326
0 0.668305 0.232564 0.001432 0.001591
0 0.668448 0.226598 0.001145 0.001326
0 0.666110 0.225272 0.001050 0.001856
0 0.666110 0.223018 0.001050 0.001591
0 0.621349 0.183903 0.000477 0.002917
0 0.665012 0.221824 0.001145 0.001326
0 0.666205 0.220499 0.001050 0.001326
0 0.665108 0.218907 0.001336 0.001326
0 0.664774 0.215990 0.001241 0.001326
0 0.665156 0.213206 0.001050 0.001591
0 0.665394 0.188412 0.001145 0.001856
0 0.666301 0.209361 0.001241 0.001856
0 0.620920 0.183903 0.000573 0.002917
0 0.621302 0.187218 0.000573 0.003182
0 0.620347 0.213339 0.000954 0.001326
0 0.620491 0.204057 0.001050 0.001326
0 0.620252 0.212145 0.000954 0.001061
0 0.620347 0.211217 0.000954 0.001326
0 0.620300 0.210156 0.000859 0.001326
0 0.620347 0.208963 0.000954 0.001591
0 0.620443 0.208035 0.000954 0.001326
0 0.620491 0.206842 0.001050 0.001591
0 0.620538 0.205383 0.000954 0.001326
0 0.620491 0.202731 0.001050 0.001326
0 0.620443 0.186688 0.000573 0.002652
0 0.620538 0.201273 0.000954 0.001591
0 0.620586 0.200080 0.001241 0.001326
0 0.620634 0.198621 0.000954 0.001591
0 0.620681 0.196897 0.001050 0.001326
0 0.620729 0.193980 0.000954 0.001326
0 0.620729 0.192787 0.000954 0.001591
0 0.620586 0.191594 0.001050 0.001326
0 0.623115 0.197163 0.000764 0.001326
0 0.623115 0.200080 0.001145 0.001326
0 0.626360 0.224344 0.001145 0.001061
0 0.623926 0.225007 0.001241 0.001326
0 0.626933 0.190666 0.000954 0.001591
0 0.626885 0.189207 0.000859 0.001326
0 0.626885 0.188146 0.001050 0.001326
0 0.626885 0.186688 0.001050 0.001061
0 0.626980 0.185229 0.001050 0.001856
0 0.626885 0.183506 0.001241 0.001591
0 0.623735 0.226730 0.001050 0.001061
0 0.623831 0.223681 0.001050 0.001326
0 0.626837 0.193715 0.000954 0.001326
0 0.623879 0.222090 0.000954 0.001326
0 0.623831 0.221029 0.001050 0.001326
0 0.623879 0.219836 0.001145 0.001061
0 0.623831 0.218377 0.001050 0.001326
0 0.623783 0.216919 0.000954 0.001591
0 0.623879 0.215460 0.000954 0.001326
0 0.623926 0.214134 0.001050 0.001326
0 0.626837 0.192124 0.001145 0.001326
0 0.626742 0.196102 0.000954 0.001326
0 0.623926 0.211350 0.000859 0.001061
0 0.626551 0.210156 0.000954 0.001326
0 0.626312 0.221824 0.001050 0.001326
0 0.626312 0.219968 0.000859 0.001856
0 0.626360 0.218642 0.000764 0.001326
0 0.626455 0.217582 0.001145 0.001326
0 0.626408 0.215858 0.001050 0.001061
0 0.626408 0.213869 0.000859 0.001326
0 0.626599 0.211615 0.000859 0.001591
0 0.626455 0.208963 0.000764 0.001061
0 0.626789 0.197560 0.000859 0.001591
0 0.626551 0.207505 0.001145 0.001326
0 0.626551 0.206179 0.000954 0.001326
0 0.626455 0.204588 0.001145 0.001856
0 0.626599 0.203394 0.001050 0.001061
0 0.626646 0.201936 0.001145 0.001326
0 0.626694 0.200477 0.001050 0.001061
0 0.626694 0.199019 0.000859 0.001326
0 0.623926 0.212676 0.001050 0.001591
0 0.623974 0.209891 0.000954 0.001326
0 0.623211 0.201405 0.000954 0.001326
0 0.622877 0.214002 0.001050 0.001061
0 0.622829 0.223813 0.001145 0.001061
0 0.622924 0.222355 0.000954 0.001326
0 0.622829 0.221029 0.000954 0.001326
0 0.622686 0.219570 0.001050 0.001061
0 0.622733 0.218112 0.001145 0.001326
0 0.622829 0.216786 0.000954 0.001326
0 0.622877 0.215327 0.000859 0.001591
0 0.623020 0.212676 0.000954 0.001061
0 0.622829 0.226200 0.000954 0.001061
0 0.622829 0.211350 0.001145 0.001061
0 0.622924 0.209494 0.000764 0.001061
0 0.623020 0.208433 0.000954 0.001061
0 0.623115 0.206974 0.000954 0.001326
0 0.623020 0.205648 0.000954 0.001326
0 0.623020 0.204190 0.000954 0.001061
0 0.623067 0.202864 0.000859 0.001591
0 0.622781 0.225272 0.001050 0.001326
0 0.624642 0.183373 0.000954 0.001856
0 0.624022 0.208433 0.000859 0.001061
0 0.624117 0.197428 0.001050 0.001326
0 0.624117 0.207107 0.001050 0.001061
0 0.624069 0.205781 0.001145 0.001591
0 0.624213 0.204455 0.001050 0.001591
0 0.624022 0.202997 0.001050 0.000796
0 0.624165 0.201671 0.001145 0.001326
0 0.624260 0.200080 0.001336 0.001326
0 0.624117 0.198886 0.001050 0.001061
0 0.624213 0.196102 0.001050 0.001326
0 0.624356 0.184699 0.000954 0.001326
0 0.624260 0.194643 0.000954 0.001061
0 0.624260 0.193317 0.000954 0.001061
0 0.624356 0.191992 0.001145 0.001061
0 0.624165 0.190533 0.000954 0.001326
0 0.624308 0.188809 0.000859 0.001061
0 0.624260 0.187351 0.000764 0.001326
0 0.624308 0.185892 0.001050 0.001591
0 0.666444 0.202334 0.001145 0.001591
0 0.666253 0.199549 0.001145 0.001856
0 0.666396 0.196897 0.001050 0.001326
0 0.656328 0.161230 0.001145 0.001591
0 0.656137 0.172103 0.000954 0.001591
0 0.656137 0.170777 0.000954 0.001591
0 0.656041 0.169716 0.000954 0.001061
0 0.656137 0.166932 0.000954 0.001326
0 0.656280 0.165341 0.001050 0.001326
0 0.656280 0.163882 0.000859 0.001061
0 0.656375 0.162556 0.001241 0.001591
0 0.656184 0.159772 0.001050 0.001326
0 0.655994 0.175020 0.001050 0.001591
0 0.656328 0.158446 0.001336 0.001326
0 0.656375 0.155794 0.001241 0.001326
0 0.656375 0.152612 0.001050 0.001856
0 0.656423 0.145717 0.000954 0.001326
0 0.656423 0.150225 0.000954 0.001856
0 0.656423 0.148502 0.000954 0.001591
0 0.655325 0.148634 0.001241 0.001326
0 0.656041 0.173827 0.000954 0.001326
0 0.656089 0.176478 0.001241 0.001326
0 0.655469 0.151286 0.000764 0.001326
0 0.666826 0.112570 0.000573 0.002917
0 0.660050 0.151551 0.001145 0.001326
0 0.660097 0.149165 0.001241 0.001326
0 0.658904 0.150093 0.001336 0.001591
0 0.659048 0.147441 0.000859 0.001061
0 0.659000 0.144789 0.001145 0.001591
0 0.665490 0.112570 0.000382 0.002387
0 0.666253 0.112437 0.000573 0.002652
0 0.667303 0.112570 0.000382 0.002387
0 0.656089 0.177937 0.001050 0.001061
0 0.667780 0.112570 0.000382 0.002387
0 0.668257 0.112702 0.000382 0.002652
0 0.668925 0.112702 0.000382 0.002121
0 0.669355 0.112967 0.000477 0.002652
0 0.645973 0.142933 0.001050 0.001591
0 0.656137 0.180854 0.001145 0.001061
0 0.656137 0.179263 0.000954 0.001061
0 0.655373 0.149960 0.000954 0.001326
0 0.655421 0.152612 0.000859 0.001326
0 0.666444 0.195174 0.001145 0.001591
0 0.652653 0.170379 0.000859 0.001326
0 0.655325 0.147043 0.001432 0.001326
0 0.655516 0.145717 0.000859 0.001326
0 0.655612 0.144259 0.000859 0.001591
0 0.652605 0.165208 0.000764 0.001591
0 0.652653 0.166401 0.000859 0.001326
0 0.652701 0.167727 0.000764 0.000796
0 0.652653 0.169053 0.000859 0.001326
0 0.652605 0.171838 0.000954 0.001591
0 0.655135 0.180456 0.000859 0.001326
0 0.652605 0.173296 0.000764 0.001856
0 0.652510 0.174755 0.000954 0.001061
0 0.652558 0.175948 0.001050 0.001856
0 0.652510 0.177539 0.000954 0.001856
0 0.652510 0.179130 0.000954 0.001326
0 0.652605 0.180589 0.000954 0.001061
0 0.652796 0.181915 0.000954 0.001061
0 0.654896 0.181782 0.000764 0.001326
0 0.655087 0.178865 0.000954 0.001326
0 0.655373 0.154203 0.000954 0.001326
0 0.655087 0.165606 0.000764 0.001326
0 0.655278 0.155529 0.000954 0.001326
0 0.655278 0.156855 0.000954 0.001326
0 0.655230 0.158181 0.000859 0.001326
0 0.655182 0.159772 0.000954 0.001326
0 0.655325 0.161098 0.001050 0.001326
0 0.655182 0.162689 0.000954 0.001326
0 0.655182 0.164147 0.000954 0.001591
0 0.655135 0.166667 0.000859 0.001326
0 0.655039 0.177539 0.000859 0.000796
0 0.655135 0.168258 0.000859 0.001856
0 0.655087 0.169716 0.000764 0.001591
0 0.655135 0.170910 0.001050 0.001856
0 0.655087 0.172368 0.001145 0.001591
0 0.655087 0.173694 0.000954 0.001061
0 0.654991 0.174887 0.001145 0.001856
0 0.654991 0.176346 0.000764 0.001061
0 0.660050 0.155529 0.001145 0.001326
0 0.659906 0.156855 0.001050 0.001856
0 0.658713 0.157120 0.001145 0.001856
0 0.669403 0.157783 0.001145 0.001591
0 0.668925 0.186555 0.000954 0.001326
0 0.670596 0.186555 0.000668 0.004508
0 0.669069 0.184964 0.001050 0.001326
0 0.667112 0.149960 0.001145 0.001326
0 0.669737 0.146513 0.001241 0.001326
0 0.669689 0.148237 0.001336 0.001591
0 0.669641 0.150756 0.001241 0.001856
0 0.666921 0.155396 0.001145 0.001061
0 0.668925 0.189207 0.000954 0.001326
0 0.667017 0.158313 0.001145 0.001591
0 0.665871 0.160700 0.000954 0.001591
0 0.665680 0.165341 0.001145 0.001326
0 0.666921 0.165208 0.001145 0.001591
0 0.665728 0.168921 0.001241 0.001591
0 0.659668 0.175285 0.001145 0.001061
0 0.659716 0.176611 0.001050 0.001061
0 0.668925 0.187749 0.001145 0.001591
0 0.668925 0.190666 0.001145 0.001061
0 0.658761 0.160965 0.001241 0.001591
0 0.668734 0.204588 0.001145 0.001326
0 0.666539 0.192654 0.001145 0.001856
0 0.666444 0.190798 0.001145 0.001856
0 0.666492 0.189207 0.001241 0.001856
0 0.666539 0.188014 0.001145 0.001591
0 0.668591 0.211482 0.001241 0.001856
0 0.668687 0.207239 0.001050 0.001326
0 0.668639 0.206179 0.001145 0.001326
0 0.668782 0.203129 0.000859 0.001061
0 0.668878 0.191992 0.001050 0.001591
0 0.668782 0.201936 0.001050 0.001856
0 0.668925 0.200610 0.001145 0.001326
0 0.668830 0.199284 0.000954 0.001856
0 0.668830 0.197428 0.001145 0.001326
0 0.668878 0.196102 0.001050 0.001326
0 0.668925 0.194511 0.000954 0.001326
0 0.668878 0.193185 0.000859 0.001326
0 0.659620 0.182445 0.001050 0.001591
0 0.658570 0.182312 0.001050 0.001326
0 0.658523 0.180854 0.001145 0.001591
0 0.663581 0.154866 0.001336 0.002121
0 0.663056 0.177407 0.001050 0.001061
0 0.663151 0.175683 0.001050 0.001326
0 0.663199 0.173164 0.000954 0.001591
0 0.663199 0.171705 0.001145 0.001856
0 0.662340 0.168390 0.001145 0.001591
0 0.662292 0.167064 0.001050 0.001591
0 0.663342 0.166269 0.001050 0.001591
0 0.659859 0.167330 0.000954 0.001061
0 0.658523 0.176876 0.000954 0.001591
0 0.659811 0.165739 0.001050 0.001061
0 0.658761 0.165341 0.001050 0.001856
0 0.658666 0.164015 0.001050 0.001326
0 0.662483 0.162026 0.001241 0.001591
0 0.662388 0.159242 0.001241 0.001326
0 0.662579 0.157518 0.001050 0.001591
0 0.659906 0.159905 0.001050 0.001591
0 0.662054 0.177274 0.000954 0.000796
0 0.662054 0.178600 0.000954 0.001326
0 0.662245 0.180324 0.001145 0.001061
0 0.665680 0.175152 0.001336 0.001326
0 0.658570 0.175418 0.000859 0.001326
0 0.658523 0.173827 0.000954 0.001326
0 0.658618 0.172633 0.000954 0.001061
0 0.659668 0.172633 0.000954 0.001591
0 0.658666 0.171175 0.000859 0.001326
0 0.658618 0.169849 0.000954 0.001326
0 0.658713 0.168258 0.000954 0.001856
0 0.658666 0.166799 0.000859 0.001591
0 0.669069 0.183638 0.001050 0.001326
0 0.669069 0.182047 0.001050 0.001326
0 0.669069 0.179130 0.000859 0.001326
0 0.669021 0.177009 0.001145 0.001856
0 0.666587 0.181915 0.001050 0.001591
0 0.666730 0.180589 0.001145 0.001591
0 0.665490 0.182047 0.001145 0.001856
0 0.626360 0.222885 0.000954 0.001326
0 0.626312 0.225802 0.001050 0.001326
0 0.652939 0.154733 0.000859 0.001326
0 0.638051 0.220631 0.001050 0.001061
0 0.641057 0.186820 0.000764 0.001326
0 0.642107 0.185229 0.001145 0.001326
0 0.641010 0.185362 0.001241 0.001591
0 0.638051 0.226598 0.001050 0.001326
0 0.638003 0.224741 0.001145 0.001326
0 0.637956 0.223416 0.001050 0.001326
0 0.638003 0.221824 0.000954 0.001856
0 0.638099 0.219305 0.001145 0.001591
0 0.641057 0.189605 0.000954 0.001591
0 0.638290 0.217714 0.000954 0.001061
0 0.638242 0.216521 0.001050 0.001326
0 0.638194 0.214930 0.001145 0.001326
0 0.638147 0.213736 0.001050 0.001591
0 0.638242 0.212278 0.001050 0.001326
0 0.638194 0.210952 0.000954 0.001326
0 0.638290 0.208963 0.000954 0.001591
0 0.641105 0.187881 0.000859 0.001326
0 0.641010 0.191063 0.001050 0.001326
0 0.638528 0.205118 0.001050 0.001326
0 0.640771 0.204985 0.000954 0.001061
0 0.640628 0.215990 0.000859 0.001326
0 0.640580 0.214797 0.000954 0.001061
0 0.640723 0.211615 0.000859 0.001061
0 0.640723 0.210422 0.000859 0.000796
0 0.640771 0.208963 0.000954 0.001591
0 0.640723 0.207505 0.001050 0.001326
0 0.640723 0.206179 0.000859 0.001326
0 0.640771 0.203129 0.000954 0.001591
0 0.641153 0.192654 0.001145 0.001326
0 0.640962 0.201936 0.000954 0.001326
0 0.640867 0.200610 0.001145 0.001326
0 0.640867 0.199019 0.000764 0.001326
0 0.640819 0.197693 0.001050 0.001326
0 0.640867 0.196500 0.000954 0.001591
0 0.640819 0.195041 0.001050 0.001326
0 0.641153 0.193848 0.000954 0.001061
0 0.638242 0.207107 0.000859 0.001591
0 0.638385 0.203925 0.000954 0.001591
0 0.640485 0.218775 0.000954 0.001591
0 0.637192 0.210952 0.001050 0.001856
0 0.634472 0.223681 0.000764 0.001326
0 0.634425 0.225272 0.000859 0.001326
0 0.634377 0.226730 0.000954 0.001061
0 0.637192 0.217582 0.001050 0.001326
0 0.637144 0.215062 0.000954 0.001591
0 0.637144 0.213604 0.001145 0.001326
0 0.637144 0.212278 0.000954 0.001326
0 0.637288 0.208963 0.001050 0.001591
0 0.637001 0.220366 0.001050 0.001061
0 0.637288 0.206577 0.001050 0.001591
0 0.637240 0.205118 0.001145 0.001326
0 0.637335 0.204057 0.000954 0.001326
0 0.637288 0.202466 0.000859 0.001326
0 0.637240 0.201008 0.000954 0.001061
0 0.637383 0.199682 0.001050 0.001061
0 0.637335 0.198091 0.000954 0.001061
0 0.637049 0.219040 0.001145 0.001591
0 0.636954 0.221824 0.000954 0.001326
0 0.638481 0.202599 0.001336 0.001591
0 0.638672 0.191196 0.000954 0.001061
0 0.638385 0.201140 0.001145 0.001326
0 0.638433 0.199814 0.001050 0.001326
0 0.638337 0.198356 0.001050 0.001591
0 0.638528 0.196765 0.001241 0.001591
0 0.638576 0.195571 0.001145 0.001326
0 0.638624 0.193980 0.001050 0.001326
0 0.638576 0.192787 0.001145 0.001591
0 0.638672 0.189605 0.000954 0.001591
0 0.636954 0.223283 0.000954 0.001591
0 0.638624 0.188146 0.001050 0.001326
0 0.638624 0.186423 0.001050 0.001591
0 0.638624 0.184832 0.001050 0.001591
0 0.638337 0.183108 0.001432 0.001326
0 0.637001 0.227658 0.001050 0.001856
0 0.637001 0.226598 0.001050 0.001326
0 0.636906 0.224741 0.001050 0.001856
0 0.640580 0.217449 0.000764 0.001061
0 0.640580 0.220233 0.000954 0.000796
0 0.628126 0.184169 0.001241 0.001856
0 0.645209 0.192920 0.001050 0.001326
0 0.645066 0.202864 0.000954 0.001591
0 0.645018 0.201405 0.001050 0.001326
0 0.645066 0.199947 0.001145 0.001061
0 0.645114 0.198488 0.001241 0.001326
0 0.645161 0.196765 0.000954 0.001061
0 0.645257 0.195704 0.000954 0.001061
0 0.645257 0.194378 0.000954 0.001591
0 0.645257 0.190400 0.000954 0.001061
0 0.644923 0.205383 0.000859 0.001326
0 0.644111 0.196897 0.000954 0.001326
0 0.644207 0.195571 0.000954 0.001326
0 0.644302 0.194246 0.000954 0.001326
0 0.644159 0.193185 0.000859 0.001326
0 0.644159 0.191992 0.000859 0.001061
0 0.644159 0.190400 0.001050 0.001591
0 0.644207 0.189207 0.001145 0.001326
0 0.645066 0.204322 0.000954 0.001326
0 0.644875 0.206842 0.000954 0.001591
0 0.645352 0.187351 0.000954 0.001326
0 0.644827 0.220764 0.000859 0.001326
0 0.643539 0.229382 0.000954 0.001061
0 0.644684 0.229250 0.000954 0.000796
0 0.644636 0.228056 0.001050 0.001061
0 0.644636 0.226730 0.001050 0.001061
0 0.644684 0.225007 0.001145 0.001326
0 0.644732 0.223416 0.001050 0.001326
0 0.644780 0.222222 0.000954 0.001061
0 0.644875 0.219305 0.000954 0.001591
0 0.644970 0.208168 0.000954 0.001061
0 0.644970 0.217847 0.001145 0.001326
0 0.644875 0.216521 0.001145 0.001326
0 0.644970 0.214797 0.000954 0.001591
0 0.644923 0.213471 0.001050 0.001061
0 0.644875 0.212278 0.000954 0.001326
0 0.644827 0.211085 0.001050 0.001061
0 0.644923 0.209494 0.000859 0.001591
0 0.645400 0.188544 0.000859 0.001061
0 0.645352 0.185892 0.001145 0.001061
0 0.640533 0.221559 0.001050 0.001326
0 0.642107 0.190533 0.001145 0.001326
0 0.641773 0.199151 0.001050 0.001591
0 0.641916 0.197958 0.000954 0.001326
0 0.641916 0.196632 0.000954 0.000796
0 0.641964 0.195571 0.000859 0.001326
0 0.641916 0.194511 0.000954 0.001326
0 0.641916 0.193185 0.000954 0.001326
0 0.642012 0.191594 0.000954 0.001326
0 0.642060 0.189075 0.001241 0.001061
0 0.641821 0.201671 0.000954 0.001326
0 0.642012 0.187749 0.001145 0.001591
0 0.642060 0.186290 0.001050 0.001326
0 0.640437 0.228719 0.001050 0.000796
0 0.640437 0.227393 0.000859 0.001326
0 0.640437 0.225935 0.000859 0.001591
0 0.640533 0.224344 0.001050 0.001591
0 0.640485 0.222753 0.001145 0.001061
0 0.641821 0.200345 0.000954 0.001326
0 0.641869 0.202466 0.000859 0.001326
0 0.641487 0.227526 0.000859 0.001061
0 0.641630 0.217316 0.001145 0.001326
0 0.641391 0.226200 0.001050 0.001061
0 0.641535 0.225139 0.000954 0.001061
0 0.641487 0.223681 0.000859 0.001326
0 0.641678 0.222487 0.000859 0.001061
0 0.641678 0.221294 0.001050 0.001326
0 0.641678 0.219968 0.001050 0.001326
0 0.641630 0.218642 0.001145 0.001326
0 0.641726 0.216123 0.000954 0.001061
0 0.641726 0.206444 0.001145 0.001326
0 0.641678 0.214930 0.001050 0.001326
0 0.641630 0.213604 0.001145 0.001326
0 0.641630 0.212411 0.001145 0.001061
0 0.641726 0.211085 0.000954 0.001591
0 0.641726 0.209891 0.000954 0.001326
0 0.641773 0.208698 0.001050 0.001061
0 0.641726 0.207637 0.000954 0.001061
0 0.637383 0.196765 0.001050 0.001061
0 0.637431 0.195704 0.001145 0.001061
0 0.637526 0.193980 0.001145 0.001326
0 0.630082 0.207902 0.000954 0.001061
0 0.629939 0.217582 0.001050 0.001326
0 0.630082 0.215858 0.000954 0.001591
0 0.630130 0.214665 0.001050 0.001326
0 0.630034 0.213471 0.001050 0.001061
0 0.630130 0.212145 0.001050 0.001591
0 0.630178 0.210687 0.000954 0.001326
0 0.630130 0.209096 0.000859 0.001326
0 0.630082 0.206577 0.000954 0.001061
0 0.629939 0.220631 0.001050 0.001591
0 0.630321 0.205383 0.001050 0.001326
0 0.630273 0.203925 0.001145 0.001061
0 0.630321 0.202599 0.000859 0.001591
0 0.630416 0.201140 0.001050 0.001326
0 0.630416 0.199682 0.001241 0.001061
0 0.630464 0.198356 0.000954 0.001061
0 0.630416 0.197163 0.001050 0.001326
0 0.629891 0.219173 0.001145 0.001326
0 0.630034 0.222222 0.001050 0.001061
0 0.630416 0.193980 0.000859 0.001326
0 0.631514 0.192787 0.000954 0.001591
0 0.631323 0.202466 0.000954 0.001326
0 0.631323 0.201273 0.000954 0.001591
0 0.631561 0.200080 0.000859 0.001326
0 0.631609 0.198754 0.000954 0.001326
0 0.631418 0.197295 0.000954 0.001061
0 0.631466 0.196102 0.000859 0.001326
0 0.631418 0.194511 0.001145 0.001856
0 0.631514 0.191461 0.000954 0.001061
0 0.629843 0.223548 0.001050 0.001061
0 0.631466 0.189870 0.001241 0.001591
0 0.631418 0.188677 0.001145 0.001326
0 0.631466 0.187218 0.001050 0.001591
0 0.631657 0.186025 0.001241 0.001326
0 0.631561 0.184434 0.000859 0.001326
0 0.629796 0.225802 0.000954 0.001326
0 0.629843 0.224609 0.001050 0.001061
0 0.630416 0.195571 0.000859 0.001326
0 0.630416 0.192654 0.000859 0.001326
0 0.637479 0.192389 0.001050 0.001856
0 0.627839 0.196367 0.000859 0.001326
0 0.627744 0.206179 0.001241 0.001326
0 0.627744 0.205118 0.001050 0.001326
0 0.627744 0.203660 0.001241 0.001591
0 0.627792 0.202334 0.001145 0.001061
0 0.627982 0.200875 0.000954 0.001326
0 0.627887 0.199417 0.000954 0.001061
0 0.627839 0.197428 0.000859 0.001326
0 0.627839 0.195174 0.000859 0.001591
0 0.627553 0.209096 0.001050 0.001326
0 0.627982 0.193848 0.000954 0.001061
0 0.628030 0.192389 0.000859 0.001326
0 0.628126 0.191196 0.001050 0.001061
0 0.628030 0.189737 0.001050 0.001326
0 0.628126 0.188146 0.001050 0.001326
0 0.627982 0.186555 0.000954 0.001326
0 0.627982 0.185495 0.000764 0.001326
0 0.627648 0.207637 0.001050 0.001061
0 0.627505 0.210422 0.000764 0.001326
0 0.630368 0.191329 0.001145 0.001326
0 0.627362 0.224476 0.001050 0.001326
0 0.630368 0.189870 0.000954 0.001591
0 0.630321 0.188544 0.001050 0.001061
0 0.630512 0.187218 0.000859 0.001591
0 0.630368 0.185627 0.001145 0.001591
0 0.630464 0.184169 0.001145 0.001326
0 0.627219 0.226995 0.000954 0.001061
0 0.627219 0.225802 0.000954 0.001326
0 0.627458 0.222885 0.001050 0.001326
0 0.627458 0.211748 0.000859 0.001326
0 0.627505 0.221824 0.001145 0.001326
0 0.627458 0.220499 0.001050 0.001326
0 0.627410 0.218907 0.001145 0.001326
0 0.627458 0.217582 0.001241 0.001326
0 0.627505 0.215990 0.001145 0.001856
0 0.627505 0.214267 0.001145 0.001591
0 0.627458 0.213073 0.001050 0.001326
0 0.631180 0.203527 0.000859 0.000796
0 0.631323 0.204588 0.000954 0.001326
0 0.631227 0.205648 0.000954 0.000796
0 0.635188 0.184434 0.000859 0.001326
0 0.634902 0.197428 0.000859 0.001326
0 0.635045 0.195837 0.001145 0.001326
0 0.635045 0.191859 0.000954 0.001326
0 0.635045 0.190533 0.000954 0.001856
0 0.634949 0.188942 0.000954 0.001326
0 0.635045 0.187483 0.000954 0.001591
0 0.635140 0.186158 0.000954 0.001591
0 0.633279 0.227924 0.001050 0.001326
0 0.634949 0.200345 0.000764 0.001326
0 0.633375 0.226598 0.001050 0.001856
0 0.633375 0.225272 0.001241 0.001326
0 0.633518 0.223681 0.001145 0.001326
0 0.633661 0.222355 0.000859 0.001326
0 0.633661 0.220764 0.000859 0.001326
0 0.633613 0.219438 0.000954 0.001326
0 0.633709 0.218112 0.000954 0.001326
0 0.634997 0.198886 0.001050 0.001591
0 0.634949 0.201671 0.000764 0.001326
0 0.631180 0.206709 0.000859 0.001326
0 0.634711 0.215327 0.000668 0.001061
0 0.637574 0.191063 0.001241 0.001326
0 0.637526 0.189472 0.001336 0.001326
0 0.637479 0.188014 0.001050 0.001591
0 0.637479 0.186290 0.001050 0.001326
0 0.637526 0.184566 0.001145 0.001591
0 0.634425 0.228189 0.001241 0.001326
0 0.634663 0.216786 0.000954 0.001326
0 0.634759 0.214134 0.001145 0.001326
0 0.634854 0.202997 0.000954 0.001856
0 0.634759 0.212543 0.001145 0.001856
0 0.634711 0.211217 0.001050 0.001856
0 0.634806 0.209759 0.001050 0.001061
0 0.634806 0.208565 0.000859 0.001326
0 0.634854 0.206974 0.000954 0.001326
0 0.634806 0.205648 0.000859 0.001326
0 0.634854 0.204588 0.000764 0.001326
0 0.633518 0.216919 0.001336 0.001591
0 0.633566 0.215460 0.001050 0.001326
0 0.633566 0.214134 0.001050 0.001326
0 0.630941 0.219305 0.000954 0.001591
0 0.634043 0.184169 0.001050 0.001856
0 0.630321 0.227658 0.001241 0.001326
0 0.630798 0.226465 0.001050 0.001061
0 0.630941 0.225272 0.000954 0.001326
0 0.630941 0.223813 0.000954 0.001591
0 0.631036 0.222222 0.000954 0.001591
0 0.630941 0.220764 0.000954 0.001856
0 0.631036 0.217714 0.000954 0.001591
0 0.633470 0.212543 0.001241 0.001326
0 0.631036 0.216256 0.001145 0.001326
0 0.631084 0.215195 0.001050 0.001326
0 0.631036 0.213869 0.001336 0.001326
0 0.631084 0.212411 0.001050 0.001061
0 0.631275 0.210952 0.000859 0.001326
0 0.631132 0.209494 0.000954 0.001591
0 0.631132 0.208035 0.000764 0.001326
0 0.634090 0.186158 0.001145 0.001061
0 0.633995 0.187616 0.000954 0.001326
0 0.633900 0.188942 0.000954 0.001326
0 0.633756 0.190268 0.001241 0.001326
0 0.633661 0.211217 0.001241 0.001326
0 0.633661 0.209494 0.001050 0.001061
0 0.633709 0.208433 0.000954 0.001061
0 0.633756 0.207107 0.001241 0.001061
0 0.633756 0.205516 0.001050 0.001061
0 0.633852 0.204190 0.001050 0.001061
0 0.633852 0.202731 0.001050 0.001326
0 0.633900 0.201538 0.001145 0.001061
0 0.633852 0.200345 0.001050 0.001326
0 0.633947 0.198754 0.000859 0.001326
0 0.633900 0.197163 0.000954 0.001326
0 0.633947 0.195837 0.001050 0.001326
0 0.633947 0.194378 0.000859 0.001061
0 0.633852 0.193052 0.001050 0.001061
0 0.633947 0.191594 0.001050 0.001326
0 0.652939 0.156325 0.001050 0.001326
0 0.652987 0.153540 0.000954 0.001061
0 0.596536 0.369663 0.001241 0.002652
0 0.623735 0.168788 0.000859 0.001326
0 0.624690 0.170379 0.000859 0.001326
0 0.623497 0.177274 0.001145 0.001326
0 0.623401 0.175683 0.001145 0.001326
0 0.623497 0.174092 0.001145 0.001326
0 0.623545 0.172766 0.001050 0.001326
0 0.623688 0.171440 0.001145 0.001326
0 0.623592 0.170114 0.001145 0.001326
0 0.623688 0.167860 0.000954 0.001061
0 0.624642 0.172766 0.000764 0.001326
0 0.623688 0.166799 0.000954 0.001061
0 0.623592 0.165606 0.000954 0.001326
0 0.623592 0.164015 0.000954 0.001326
0 0.623640 0.162822 0.000859 0.001061
0 0.623783 0.161496 0.000764 0.001061
0 0.623783 0.159905 0.000954 0.001591
0 0.623783 0.158579 0.000954 0.001061
0 0.624738 0.171573 0.000954 0.001061
0 0.624499 0.174357 0.000859 0.001326
0 0.623831 0.155927 0.000859 0.001061
0 0.621206 0.173031 0.001145 0.001326
0 0.620109 0.165208 0.001050 0.002652
0 0.620204 0.162822 0.001050 0.002652
0 0.620252 0.160965 0.001145 0.002121
0 0.620252 0.159374 0.001145 0.002652
0 0.620252 0.157650 0.000764 0.001326
0 0.620300 0.155662 0.001050 0.002121
0 0.621111 0.173959 0.001145 0.001591
0 0.621254 0.171307 0.000859 0.001591
0 0.624547 0.175550 0.000764 0.001061
0 0.621111 0.169981 0.001145 0.001591
0 0.621159 0.168656 0.000859 0.001591
0 0.621159 0.167462 0.001050 0.001326
0 0.621159 0.166136 0.000859 0.000796
0 0.621063 0.165076 0.000859 0.000796
0 0.621159 0.164147 0.000859 0.001061
0 0.624547 0.177407 0.000954 0.001061
0 0.623831 0.157120 0.001050 0.001326
0 0.623831 0.154203 0.000859 0.001326
0 0.620300 0.167993 0.001050 0.002387
0 0.576160 0.422965 0.001145 0.001591
0 0.601308 0.417661 0.000859 0.001591
0 0.597013 0.418987 0.000859 0.001591
0 0.579882 0.415407 0.001145 0.002917
0 0.577877 0.423097 0.000954 0.001856
0 0.586610 0.424423 0.001241 0.001856
0 0.581218 0.425617 0.001145 0.001591
0 0.583508 0.418191 0.000954 0.002121
0 0.655421 0.298064 0.001050 0.002121
0 0.603980 0.417263 0.000859 0.001856
0 0.657425 0.295412 0.001050 0.001061
0 0.658570 0.295545 0.001050 0.001326
0 0.663819 0.295147 0.001050 0.001591
0 0.660097 0.296340 0.001050 0.001326
0 0.659334 0.293821 0.001050 0.002121
0 0.657759 0.293556 0.001145 0.001061
0 0.654514 0.294749 0.000954 0.001856
0 0.602930 0.415805 0.001050 0.001591
0 0.579882 0.422169 0.000954 0.001591
0 0.623974 0.152877 0.000954 0.001326
0 0.621206 0.156192 0.000954 0.001061
0 0.623831 0.150358 0.001050 0.002121
0 0.623926 0.147839 0.000859 0.001326
0 0.621159 0.163087 0.001050 0.001061
0 0.621206 0.161628 0.000954 0.001326
0 0.621159 0.160037 0.001050 0.001326
0 0.621254 0.158579 0.001050 0.001061
0 0.621206 0.157385 0.000954 0.000796
0 0.621397 0.154733 0.001145 0.001326
1 0.565280 0.427605 0.002481 0.002387
0 0.621445 0.153010 0.001050 0.001591
0 0.621397 0.151419 0.001145 0.001591
0 0.620347 0.153938 0.001336 0.002917
0 0.621349 0.150093 0.001050 0.001591
1 0.606509 0.416866 0.002291 0.002121
1 0.612044 0.411960 0.002291 0.002387
1 0.589378 0.422169 0.002577 0.002121
0 0.620157 0.166799 0.001145 0.002121
0 0.620157 0.169053 0.001145 0.002387
0 0.631705 0.175285 0.000764 0.001061
0 0.627171 0.170644 0.001050 0.001326
0 0.632182 0.142800 0.000954 0.001326
0 0.632229 0.141209 0.000859 0.001856
0 0.631132 0.141342 0.001145 0.001591
0 0.626933 0.177672 0.000954 0.001061
0 0.626980 0.176346 0.001050 0.001591
0 0.627028 0.174887 0.000954 0.001326
0 0.627076 0.173296 0.000859 0.001326
0 0.627267 0.169318 0.001050 0.001326
0 0.632039 0.145850 0.000859 0.001061
0 0.627267 0.167727 0.001050 0.001326
0 0.627267 0.166269 0.001050 0.001061
0 0.627219 0.164943 0.001145 0.001061
0 0.627362 0.163617 0.001241 0.001591
0 0.627362 0.162291 0.001050 0.001061
0 0.627362 0.160833 0.001050 0.001326
0 0.627314 0.159109 0.000954 0.001061
0 0.632182 0.144259 0.001145 0.001591
0 0.632134 0.147441 0.001050 0.001591
0 0.627458 0.154999 0.001050 0.001326
0 0.631943 0.161230 0.001050 0.001061
0 0.631752 0.171440 0.001050 0.001326
0 0.631800 0.169716 0.001145 0.001061
0 0.631752 0.168523 0.001050 0.001326
0 0.631705 0.167197 0.001145 0.001326
0 0.631800 0.165606 0.000954 0.001326
0 0.631752 0.164015 0.000859 0.001326
0 0.631800 0.162689 0.000954 0.001326
0 0.631943 0.160170 0.001050 0.001061
0 0.632134 0.148369 0.000859 0.001326
0 0.631895 0.158711 0.000954 0.000796
0 0.631943 0.157253 0.001050 0.001061
0 0.631991 0.155794 0.000954 0.001326
0 0.631895 0.154468 0.000954 0.001326
0 0.631943 0.153142 0.000859 0.001326
0 0.631943 0.151419 0.001050 0.001591
0 0.632039 0.149562 0.000859 0.001061
0 0.627267 0.157650 0.001050 0.001326
0 0.627458 0.153673 0.001241 0.001326
0 0.620157 0.170777 0.001145 0.002652
0 0.628507 0.149695 0.001050 0.001326
0 0.628412 0.158313 0.001050 0.001061
0 0.628364 0.156855 0.001145 0.001326
0 0.628412 0.155794 0.001050 0.001326
0 0.628412 0.154866 0.001050 0.001061
0 0.628460 0.153673 0.000764 0.001326
0 0.628507 0.152612 0.000859 0.001326
0 0.628460 0.151154 0.000764 0.001061
0 0.628603 0.148237 0.001050 0.001061
0 0.628460 0.161098 0.000954 0.001326
0 0.628603 0.147043 0.000859 0.001326
0 0.628794 0.145452 0.001050 0.001326
0 0.628603 0.143994 0.001050 0.001061
0 0.628555 0.142668 0.000954 0.001061
0 0.628698 0.141209 0.001050 0.001326
0 0.620157 0.173827 0.000954 0.002387
0 0.620252 0.172368 0.001145 0.002121
0 0.628412 0.159507 0.001050 0.001326
0 0.628316 0.162424 0.001050 0.001326
0 0.627505 0.151286 0.001145 0.001326
0 0.628221 0.178600 0.001050 0.001856
0 0.627458 0.149828 0.001241 0.001591
0 0.627362 0.148369 0.001050 0.001326
0 0.627505 0.146911 0.000954 0.001591
0 0.627553 0.145320 0.001241 0.001591
0 0.627648 0.143994 0.001050 0.001591
0 0.627505 0.142403 0.001145 0.001591
0 0.627601 0.140811 0.000954 0.001591
0 0.628078 0.176478 0.000764 0.001326
0 0.628269 0.163750 0.000954 0.001326
0 0.628078 0.174887 0.000954 0.001326
0 0.628173 0.173031 0.001145 0.001326
0 0.628221 0.170777 0.001050 0.001061
0 0.628221 0.169451 0.001050 0.001591
0 0.628507 0.168125 0.001241 0.001061
0 0.628460 0.166667 0.001145 0.001326
0 0.628269 0.165076 0.000764 0.001856
0 0.653369 0.296075 0.000954 0.001856
0 0.652367 0.297003 0.000859 0.001591
0 0.650458 0.296738 0.001241 0.001591
0 0.594913 0.320870 0.001050 0.002652
0 0.614860 0.327102 0.000668 0.002917
0 0.613285 0.319544 0.000573 0.003713
0 0.598444 0.312384 0.001050 0.002121
0 0.598253 0.313842 0.001050 0.002387
0 0.598253 0.315566 0.001050 0.002121
0 0.594722 0.317688 0.001050 0.002652
0 0.594961 0.319014 0.000954 0.002121
0 0.595056 0.323256 0.000954 0.002121
1 0.611901 0.335455 0.001432 0.004773
0 0.595009 0.326173 0.001241 0.002652
0 0.595199 0.329090 0.001050 0.002652
0 0.595247 0.334129 0.000954 0.002652
0 0.596249 0.327632 0.001050 0.002387
0 0.596011 0.324848 0.000954 0.002652
0 0.596011 0.323124 0.000954 0.002387
0 0.596058 0.320339 0.001241 0.003182
1 0.614144 0.311854 0.000764 0.005834
1 0.617246 0.334924 0.002577 0.004243
0 0.595915 0.314771 0.001145 0.002652
0 0.624976 0.303633 0.000859 0.003182
0 0.623497 0.317290 0.000764 0.002917
0 0.623831 0.315566 0.000859 0.002652
0 0.624069 0.314108 0.000764 0.002917
0 0.624499 0.312782 0.000859 0.003447
0 0.624785 0.311986 0.000668 0.002917
0 0.625119 0.310925 0.000954 0.003447
0 0.625692 0.309600 0.000573 0.002917
0 0.622638 0.308539 0.001145 0.003447
1 0.620395 0.336383 0.002577 0.003447
0 0.621922 0.308406 0.000859 0.002652
0 0.621397 0.308274 0.000954 0.002917
0 0.620109 0.308008 0.000859 0.002917
0 0.619488 0.308274 0.000764 0.002917
0 0.618773 0.308274 0.001050 0.003447
0 0.618057 0.308141 0.000954 0.003182
1 0.631848 0.310925 0.002768 0.002917
0 0.595868 0.317422 0.001050 0.002652
0 0.595772 0.313312 0.001050 0.002387
0 0.650029 0.293689 0.000954 0.001326
0 0.586896 0.322461 0.001050 0.002121
0 0.588948 0.317820 0.000954 0.002387
0 0.588948 0.315036 0.001145 0.002121
0 0.588853 0.313180 0.001145 0.002652
0 0.587183 0.332405 0.001050 0.002917
0 0.587135 0.330947 0.001145 0.002652
0 0.587183 0.327765 0.000859 0.002121
0 0.587087 0.326439 0.000859 0.002121
0 0.586992 0.320870 0.001241 0.002121
0 0.589378 0.321798 0.001241 0.002917
0 0.586944 0.319279 0.000954 0.002121
0 0.587087 0.316494 0.001050 0.002387
0 0.586801 0.315301 0.001050 0.002652
0 0.586562 0.313842 0.000954 0.002387
0 0.584892 0.333068 0.001050 0.002121
0 0.584033 0.327765 0.001050 0.002121
0 0.584606 0.326704 0.001050 0.002121
0 0.589091 0.319014 0.001050 0.002652
0 0.589187 0.325245 0.000859 0.002387
0 0.594818 0.314903 0.001050 0.002387
0 0.591716 0.327897 0.001336 0.001856
0 0.594722 0.313312 0.001241 0.002917
0 0.594531 0.311986 0.001050 0.001856
0 0.592479 0.319411 0.001145 0.002387
0 0.592527 0.318351 0.001050 0.001856
0 0.592432 0.317025 0.001050 0.002387
0 0.592050 0.315168 0.001050 0.001856
0 0.592814 0.325510 0.001432 0.002387
0 0.591716 0.324052 0.001145 0.002652
0 0.589330 0.326439 0.000954 0.002121
0 0.591477 0.321400 0.001050 0.002121
0 0.591287 0.319014 0.001050 0.002121
0 0.591287 0.317025 0.001241 0.002387
0 0.592241 0.311191 0.001432 0.002387
0 0.589473 0.333466 0.001050 0.002387
0 0.589425 0.331875 0.000954 0.002387
0 0.589378 0.329090 0.001050 0.002652
0 0.623211 0.319014 0.000764 0.002652
0 0.622924 0.320737 0.000764 0.002917
0 0.622733 0.322991 0.000764 0.003713
0 0.628173 0.374834 0.000954 0.001856
0 0.629128 0.382657 0.001336 0.002652
0 0.628126 0.378149 0.001241 0.002652
0 0.630225 0.378945 0.000477 0.003182
0 0.629271 0.377751 0.001050 0.001856
0 0.629128 0.376293 0.000954 0.002121
0 0.629032 0.374436 0.000954 0.001591
0 0.629032 0.372845 0.000954 0.001591
0 0.628078 0.372978 0.000954 0.001856
0 0.631084 0.373906 0.001050 0.002652
0 0.627982 0.371387 0.000954 0.001856
0 0.629080 0.370061 0.001241 0.002387
0 0.627887 0.368205 0.000954 0.001856
0 0.627123 0.370326 0.000764 0.003447
0 0.630655 0.365951 0.001145 0.002652
0 0.630082 0.364757 0.001336 0.002917
0 0.629653 0.363564 0.001050 0.002652
0 0.628985 0.383850 0.001432 0.002917
0 0.631036 0.375762 0.000954 0.002652
0 0.622065 0.325643 0.000764 0.003182
0 0.645495 0.293423 0.001050 0.001326
0 0.652033 0.293954 0.000954 0.001326
0 0.651890 0.292628 0.001241 0.001856
0 0.648836 0.291302 0.001622 0.001326
0 0.648692 0.294352 0.001145 0.001591
0 0.647595 0.295810 0.001050 0.001856
0 0.647070 0.293954 0.000954 0.001326
0 0.645543 0.295412 0.000954 0.001591
0 0.645734 0.291965 0.000764 0.001591
0 0.628507 0.387961 0.001050 0.002121
0 0.643682 0.294749 0.001050 0.001326
0 0.643968 0.293026 0.000859 0.001061
0 0.642680 0.293158 0.000954 0.001326
0 0.642823 0.291567 0.001050 0.001326
0 0.641391 0.291169 0.001050 0.001061
0 0.653274 0.128348 0.001145 0.001061
0 0.649885 0.114161 0.000668 0.003978
0 0.635522 0.365818 0.001336 0.002387
0 0.630607 0.357730 0.001241 0.003182
0 0.627648 0.354283 0.001241 0.003182
0 0.616625 0.321665 0.000954 0.001061
0 0.621874 0.311588 0.000764 0.003182
0 0.621349 0.311191 0.000668 0.002917
0 0.620634 0.311456 0.000764 0.002917
0 0.619966 0.311058 0.000764 0.002652
0 0.619345 0.310925 0.000668 0.002917
0 0.618773 0.310793 0.000859 0.002652
0 0.618105 0.311323 0.000668 0.003182
0 0.616912 0.323256 0.001145 0.001591
0 0.620681 0.345267 0.001050 0.002121
0 0.617771 0.326836 0.001145 0.002917
0 0.618343 0.327765 0.000954 0.002652
0 0.618916 0.328295 0.000954 0.003182
0 0.619488 0.328427 0.000764 0.002917
0 0.620157 0.328427 0.000573 0.003447
0 0.621349 0.327632 0.000477 0.002387
0 0.621636 0.326969 0.000859 0.003182
0 0.622399 0.311588 0.000668 0.002652
0 0.616291 0.314903 0.001050 0.001856
0 0.616339 0.316627 0.001145 0.002121
0 0.616196 0.318351 0.001050 0.001856
0 0.619966 0.341421 0.001527 0.001856
0 0.607082 0.338372 0.000954 0.003182
0 0.589998 0.342350 0.000764 0.003182
0 0.584844 0.347123 0.001145 0.002121
0 0.622495 0.342217 0.001050 0.001856
0 0.625596 0.349244 0.001145 0.002652
0 0.626455 0.341289 0.000954 0.003182
0 0.620300 0.319146 0.001050 0.001326
0 0.620395 0.317820 0.000859 0.000796
0 0.619202 0.321798 0.000954 0.001326
0 0.619107 0.320605 0.001145 0.001061
0 0.619202 0.318881 0.001145 0.001326
0 0.619250 0.317555 0.001050 0.001326
0 0.619107 0.315964 0.001336 0.001326
0 0.616339 0.319809 0.000954 0.002121
0 0.631561 0.173959 0.000668 0.001061
0 0.631705 0.176213 0.000954 0.001326
0 0.652892 0.152347 0.000954 0.001326
0 0.645782 0.157253 0.001050 0.001061
0 0.645495 0.165739 0.001050 0.001061
0 0.645638 0.164280 0.000954 0.001326
0 0.645638 0.162689 0.000954 0.001326
0 0.645638 0.161496 0.000954 0.001061
0 0.645543 0.160170 0.000954 0.001061
0 0.645543 0.159242 0.000573 0.000796
0 0.645543 0.158313 0.000764 0.001591
0 0.645686 0.155927 0.001050 0.001061
0 0.645543 0.167727 0.000764 0.001326
0 0.645782 0.154601 0.001050 0.001061
0 0.645782 0.153142 0.001050 0.001326
0 0.645829 0.151684 0.001145 0.001061
0 0.645734 0.150225 0.000954 0.000796
0 0.645829 0.148767 0.001145 0.001591
0 0.645829 0.147308 0.000954 0.001326
0 0.645877 0.145982 0.001050 0.001326
0 0.645543 0.166667 0.000954 0.001326
0 0.645591 0.168788 0.000859 0.001326
0 0.644589 0.169584 0.001145 0.001326
0 0.648263 0.143331 0.001050 0.001326
0 0.649361 0.149297 0.001145 0.001061
0 0.649313 0.147839 0.001050 0.001326
0 0.649361 0.146513 0.000954 0.001326
0 0.649456 0.144789 0.001145 0.001591
0 0.649313 0.143065 0.000859 0.001326
0 0.648263 0.146248 0.001050 0.001326
0 0.648311 0.144922 0.001145 0.001326
0 0.645448 0.180456 0.000954 0.001326
0 0.645591 0.169981 0.001050 0.001061
0 0.645400 0.179528 0.001050 0.001061
0 0.645352 0.178069 0.000954 0.001326
0 0.645495 0.176478 0.001050 0.001326
0 0.645400 0.175020 0.001050 0.001591
0 0.645448 0.173429 0.000954 0.001061
0 0.645495 0.172235 0.000668 0.000796
0 0.645495 0.171307 0.000859 0.001061
0 0.645829 0.144259 0.000954 0.001591
0 0.644589 0.168125 0.000954 0.001061
0 0.649361 0.152082 0.000954 0.001326
0 0.642203 0.177937 0.000954 0.001061
0 0.644827 0.149430 0.000859 0.001326
0 0.644780 0.148502 0.000954 0.001061
0 0.644780 0.147043 0.001145 0.001326
0 0.644827 0.144789 0.000859 0.001061
0 0.644875 0.143198 0.000954 0.001591
0 0.642107 0.180456 0.000954 0.001326
0 0.642060 0.179263 0.000859 0.001061
0 0.642203 0.176744 0.001145 0.001326
0 0.644827 0.152082 0.000859 0.001326
0 0.642298 0.175550 0.000954 0.001061
0 0.642298 0.174224 0.001145 0.001591
0 0.642298 0.172766 0.001145 0.001326
0 0.642346 0.171705 0.001050 0.001326
0 0.642203 0.170512 0.001145 0.001061
0 0.642394 0.168921 0.000954 0.001061
0 0.642298 0.167727 0.000954 0.001326
0 0.644827 0.150623 0.000859 0.001591
0 0.644780 0.153408 0.000954 0.000796
0 0.644493 0.166932 0.000954 0.000796
0 0.644732 0.155927 0.000859 0.001061
0 0.644493 0.165871 0.000954 0.001326
0 0.644541 0.164545 0.001050 0.001326
0 0.644541 0.162291 0.001241 0.001591
0 0.644636 0.160833 0.001050 0.001326
0 0.644636 0.159772 0.001050 0.001326
0 0.644589 0.158446 0.000954 0.001326
0 0.644780 0.157253 0.000954 0.001061
0 0.644684 0.154733 0.000954 0.001856
0 0.644350 0.180721 0.001050 0.001326
0 0.644398 0.171970 0.000954 0.001326
0 0.644446 0.173296 0.001050 0.001326
0 0.644446 0.174887 0.001050 0.001326
0 0.644493 0.175550 0.000764 0.001061
0 0.644541 0.177009 0.000859 0.001326
0 0.644302 0.178202 0.001145 0.001591
0 0.644350 0.179395 0.000859 0.001326
0 0.649408 0.150756 0.001241 0.001326
0 0.648263 0.148899 0.001050 0.001326
0 0.631609 0.178865 0.000954 0.001856
0 0.651890 0.150888 0.000859 0.001591
0 0.651890 0.160700 0.001241 0.001591
0 0.651794 0.159507 0.001241 0.001326
0 0.651842 0.158181 0.001145 0.001326
0 0.651937 0.156722 0.000954 0.001591
0 0.651890 0.155264 0.001050 0.001326
0 0.651747 0.153673 0.000954 0.001326
0 0.651842 0.152214 0.000954 0.001591
0 0.651937 0.149695 0.000954 0.001326
0 0.651747 0.163484 0.001145 0.001326
0 0.651890 0.148237 0.001241 0.001591
0 0.651937 0.145585 0.001145 0.002121
0 0.652081 0.143728 0.001241 0.001591
0 0.649074 0.181119 0.000764 0.001591
0 0.649074 0.179926 0.000954 0.001326
0 0.649074 0.178467 0.000954 0.001591
0 0.649027 0.177141 0.000859 0.001591
0 0.651794 0.162026 0.001241 0.001591
0 0.651699 0.164810 0.001050 0.001856
0 0.649170 0.174357 0.000954 0.001326
0 0.651460 0.178600 0.000954 0.001326
0 0.652939 0.150888 0.000859 0.001591
0 0.652987 0.148369 0.000954 0.001326
0 0.652987 0.146911 0.000954 0.001591
0 0.652987 0.145452 0.000954 0.001326
0 0.653083 0.144126 0.001145 0.001326
0 0.651651 0.181517 0.001145 0.001326
0 0.651508 0.180058 0.000859 0.001591
0 0.651508 0.177407 0.001050 0.001061
0 0.651603 0.166136 0.001050 0.001326
0 0.651460 0.176081 0.000954 0.001061
0 0.651412 0.174755 0.001050 0.001591
0 0.651508 0.173296 0.001050 0.001326
0 0.651460 0.171838 0.001145 0.001591
0 0.651603 0.170247 0.001050 0.001591
0 0.651651 0.169186 0.001145 0.001591
0 0.651603 0.167462 0.001050 0.001326
0 0.649074 0.175815 0.000954 0.001061
0 0.649074 0.173296 0.000954 0.001326
0 0.648311 0.150358 0.000954 0.001591
0 0.648072 0.162954 0.001050 0.001856
0 0.647881 0.171705 0.000859 0.001326
0 0.647929 0.170379 0.000954 0.001326
0 0.647977 0.169584 0.000859 0.001326
0 0.648024 0.168390 0.000764 0.001061
0 0.648072 0.167064 0.000859 0.001061
0 0.648120 0.165871 0.000954 0.001326
0 0.648120 0.164545 0.000954 0.001326
0 0.648072 0.161628 0.001050 0.001326
0 0.647977 0.174092 0.000859 0.001326
0 0.648120 0.160170 0.000954 0.001061
0 0.648120 0.158844 0.000954 0.001591
0 0.648168 0.157385 0.001050 0.000796
0 0.648263 0.156325 0.001050 0.001326
0 0.648358 0.154866 0.001050 0.001061
0 0.648311 0.153408 0.000954 0.001326
0 0.648311 0.152214 0.000954 0.001061
0 0.647977 0.172633 0.000859 0.001061
0 0.648024 0.175683 0.000954 0.001326
0 0.649170 0.171705 0.001336 0.001326
0 0.649170 0.160435 0.001145 0.001591
0 0.649122 0.170379 0.001050 0.001326
0 0.649074 0.169053 0.000954 0.001326
0 0.649170 0.167064 0.001145 0.001591
0 0.649170 0.165606 0.000764 0.001326
0 0.649265 0.164413 0.001145 0.001591
0 0.649170 0.163219 0.000954 0.001326
0 0.649217 0.161893 0.001050 0.001326
0 0.649217 0.158976 0.001050 0.001326
0 0.647977 0.177009 0.001050 0.001326
0 0.649313 0.157518 0.001241 0.001591
0 0.649361 0.156192 0.001145 0.001591
0 0.649361 0.154733 0.000954 0.001856
0 0.649408 0.153275 0.000859 0.001591
0 0.647977 0.181252 0.001241 0.001326
0 0.647977 0.179793 0.001050 0.001061
0 0.647881 0.178467 0.001241 0.001591
0 0.642250 0.166401 0.000859 0.001326
0 0.642250 0.165208 0.000859 0.001061
0 0.642489 0.163352 0.000954 0.001061
0 0.635379 0.172633 0.000859 0.001061
0 0.634138 0.175815 0.001050 0.001061
0 0.634186 0.177141 0.000764 0.001591
0 0.633947 0.178467 0.001050 0.001591
0 0.635236 0.178998 0.000954 0.001061
0 0.635283 0.177274 0.001050 0.001326
0 0.635331 0.175948 0.000954 0.001326
0 0.635379 0.174092 0.000859 0.001326
0 0.635331 0.171440 0.000954 0.001326
0 0.634663 0.143331 0.000954 0.001326
0 0.635379 0.169981 0.000859 0.001591
0 0.635379 0.168523 0.000859 0.001326
0 0.635379 0.167197 0.000859 0.001326
0 0.635474 0.166004 0.001050 0.001591
0 0.635427 0.164545 0.000954 0.001326
0 0.635522 0.162954 0.001145 0.001326
0 0.635522 0.161893 0.000954 0.001326
0 0.634663 0.141872 0.000954 0.001061
0 0.634615 0.144789 0.001050 0.001591
0 0.635474 0.158976 0.001050 0.001326
0 0.634520 0.158976 0.000859 0.001326
0 0.634329 0.168788 0.001050 0.001326
0 0.634377 0.167330 0.001145 0.001591
0 0.634377 0.165739 0.001145 0.001591
0 0.634377 0.164015 0.000954 0.001326
0 0.634425 0.162689 0.001050 0.001326
0 0.634472 0.161628 0.000954 0.001326
0 0.634472 0.160435 0.000954 0.001591
0 0.634472 0.157518 0.000954 0.001061
0 0.634568 0.146115 0.001145 0.001591
0 0.634472 0.155927 0.000764 0.001591
0 0.634520 0.154601 0.000859 0.001591
0 0.634615 0.153275 0.000859 0.001591
0 0.634615 0.151816 0.000859 0.001326
0 0.634425 0.150491 0.001050 0.001326
0 0.634663 0.149430 0.000954 0.001326
0 0.634615 0.147971 0.001050 0.001591
0 0.635427 0.160302 0.000954 0.001326
0 0.635427 0.157650 0.000954 0.001326
0 0.642489 0.161893 0.000954 0.001326
0 0.630941 0.156590 0.000954 0.001326
0 0.630798 0.166799 0.000859 0.001591
0 0.630846 0.165473 0.000954 0.001591
0 0.630750 0.164147 0.000954 0.001591
0 0.630798 0.162556 0.000859 0.001591
0 0.630893 0.161098 0.000859 0.000796
0 0.630846 0.159905 0.000954 0.001061
0 0.630750 0.158711 0.000954 0.001326
0 0.630941 0.155396 0.000764 0.001061
0 0.630655 0.169318 0.000954 0.001326
0 0.630989 0.154468 0.000859 0.001326
0 0.630941 0.152877 0.001145 0.001326
0 0.630941 0.151684 0.000954 0.001061
0 0.631036 0.150358 0.000954 0.001061
0 0.631084 0.148767 0.001241 0.001591
0 0.631180 0.147441 0.000859 0.001591
0 0.630941 0.145850 0.001145 0.001591
0 0.630702 0.167993 0.000859 0.001326
0 0.630702 0.170910 0.000859 0.001856
0 0.635427 0.156192 0.001145 0.001591
0 0.635570 0.146380 0.001050 0.001061
0 0.635522 0.154601 0.000954 0.001061
0 0.635522 0.153275 0.001145 0.001061
0 0.635522 0.151816 0.000954 0.001326
0 0.637765 0.148767 0.000859 0.003182
0 0.635617 0.150358 0.001145 0.001061
0 0.635761 0.149165 0.001050 0.001326
0 0.635617 0.147706 0.001145 0.001061
0 0.635665 0.144922 0.001050 0.001326
0 0.630750 0.172368 0.000954 0.001591
0 0.635665 0.143596 0.000859 0.001326
0 0.635952 0.141872 0.001050 0.002121
0 0.632945 0.178732 0.000573 0.003713
0 0.630655 0.178069 0.001145 0.001326
0 0.630702 0.176611 0.001050 0.001591
0 0.630607 0.175285 0.000859 0.001591
0 0.630607 0.174092 0.001050 0.001326
0 0.634329 0.170114 0.001241 0.001326
0 0.634234 0.172501 0.001050 0.001326
0 0.634234 0.174357 0.001050 0.001856
0 0.653894 0.138027 0.000477 0.002917
0 0.657807 0.138690 0.000477 0.002652
0 0.656852 0.138823 0.000477 0.003447
0 0.656375 0.138557 0.000477 0.003447
0 0.655850 0.138557 0.000573 0.002917
0 0.655373 0.138160 0.000573 0.002652
0 0.654753 0.138292 0.000477 0.002917
0 0.654323 0.138160 0.000382 0.003182
0 0.653369 0.138027 0.000382 0.002917
0 0.658904 0.138690 0.000382 0.003182
0 0.652892 0.138027 0.000573 0.002917
0 0.652271 0.138160 0.000477 0.003182
0 0.651842 0.137762 0.000382 0.002917
0 0.651460 0.137762 0.000573 0.002917
0 0.650935 0.137762 0.000477 0.003447
0 0.650363 0.137762 0.000477 0.002917
0 0.649838 0.137364 0.000382 0.002652
0 0.658332 0.138690 0.000382 0.003182
0 0.660575 0.129409 0.001050 0.001061
0 0.638003 0.153673 0.001145 0.001326
0 0.642441 0.150756 0.000859 0.001326
0 0.642489 0.160567 0.000954 0.001326
0 0.642489 0.159242 0.000954 0.001326
0 0.642584 0.157916 0.000954 0.001326
0 0.642680 0.156988 0.000954 0.001061
0 0.642632 0.155662 0.001050 0.001591
0 0.642584 0.154468 0.000954 0.000796
0 0.642728 0.153142 0.001050 0.001326
0 0.642728 0.149562 0.001241 0.001591
0 0.660241 0.144922 0.000954 0.001326
0 0.642680 0.147971 0.000764 0.001061
0 0.642632 0.146911 0.001050 0.001061
0 0.642680 0.144391 0.000954 0.001326
0 0.642728 0.143065 0.001050 0.001326
0 0.642632 0.142005 0.001241 0.000796
0 0.642680 0.140811 0.001145 0.001061
0 0.642823 0.139618 0.000859 0.001326
0 0.649361 0.137629 0.000573 0.002652
0 0.648788 0.137629 0.000573 0.003182
0 0.648358 0.137364 0.000477 0.002652
0 0.637860 0.167330 0.000859 0.001591
0 0.638815 0.176213 0.001050 0.001326
0 0.638767 0.175020 0.000954 0.001061
0 0.638815 0.173561 0.000859 0.001326
0 0.638862 0.172235 0.000954 0.001856
0 0.638910 0.170644 0.001050 0.001326
0 0.638910 0.169318 0.001050 0.001326
0 0.638958 0.167595 0.001336 0.001591
0 0.637813 0.164943 0.001145 0.001061
0 0.647834 0.137232 0.000382 0.002917
0 0.637956 0.163352 0.001241 0.001591
0 0.637908 0.162026 0.000954 0.001591
0 0.638051 0.160833 0.001050 0.001326
0 0.638051 0.159374 0.001050 0.001061
0 0.637956 0.158181 0.001050 0.001326
0 0.638003 0.156590 0.001145 0.001326
0 0.637956 0.155264 0.001241 0.001326
0 0.638719 0.177539 0.001050 0.001326
0 0.638719 0.179395 0.000859 0.001326
0 0.637860 0.169186 0.001050 0.001061
0 0.637860 0.170777 0.001050 0.001061
0 0.647309 0.136966 0.000477 0.003447
0 0.646784 0.137497 0.000382 0.002917
0 0.646259 0.137364 0.000477 0.003182
0 0.645925 0.137364 0.000382 0.002652
0 0.645257 0.137099 0.000382 0.002652
0 0.644827 0.137232 0.000477 0.002917
0 0.644350 0.137232 0.000477 0.002917
0 0.643825 0.137364 0.000382 0.002652
0 0.643205 0.137099 0.000859 0.002652
0 0.637765 0.178732 0.001050 0.001061
0 0.637717 0.177274 0.000954 0.001326
0 0.637765 0.175948 0.000859 0.001326
0 0.637860 0.174622 0.000859 0.001326
0 0.637860 0.173296 0.001050 0.001326
0 0.637860 0.171970 0.001050 0.001326
0 0.643587 0.227658 0.001050 0.001856
0 0.643634 0.225935 0.000954 0.001061
0 0.643682 0.223946 0.001050 0.001326
0 0.660956 0.255503 0.000859 0.001326
0 0.660718 0.266640 0.001145 0.001326
0 0.660861 0.265314 0.001050 0.001326
0 0.660861 0.263988 0.001050 0.001326
0 0.660813 0.262662 0.000954 0.001326
0 0.660956 0.261071 0.000859 0.001326
0 0.660956 0.259480 0.000859 0.001856
0 0.661052 0.256563 0.000859 0.001326
0 0.660861 0.253911 0.000859 0.001326
0 0.660718 0.269425 0.000954 0.001591
0 0.660956 0.252586 0.001050 0.001326
0 0.661004 0.251392 0.001145 0.001061
0 0.661004 0.250066 0.000954 0.001591
0 0.661004 0.248608 0.000764 0.001326
0 0.661052 0.247282 0.001050 0.001326
0 0.661147 0.245823 0.001050 0.001061
0 0.661004 0.244497 0.000954 0.001061
0 0.660622 0.267966 0.000954 0.001326
0 0.660718 0.271148 0.000764 0.001326
0 0.661099 0.241580 0.000954 0.001591
0 0.662102 0.255503 0.001050 0.001856
0 0.661815 0.266773 0.001050 0.001591
0 0.661911 0.265579 0.001241 0.001326
0 0.661958 0.264254 0.001145 0.001326
0 0.661911 0.262530 0.001241 0.001591
0 0.661958 0.261602 0.000954 0.001326
0 0.662054 0.260143 0.000954 0.001591
0 0.662054 0.258287 0.001145 0.001591
0 0.662054 0.253646 0.000954 0.001326
0 0.660527 0.273402 0.001336 0.001591
0 0.662102 0.251657 0.001050 0.001591
0 0.662102 0.250199 0.001050 0.001326
0 0.662149 0.247547 0.000954 0.001326
0 0.662102 0.248740 0.001241 0.001591
0 0.660479 0.277778 0.001050 0.001326
0 0.660575 0.276452 0.000859 0.001326
0 0.660479 0.274993 0.001050 0.001591
0 0.661147 0.243039 0.001050 0.001326
0 0.661147 0.240122 0.001050 0.001326
0 0.661768 0.269425 0.001145 0.001591
0 0.658761 0.242774 0.001050 0.001326
0 0.658618 0.252586 0.000764 0.001326
0 0.658570 0.250994 0.001050 0.001326
0 0.658666 0.249669 0.001050 0.001326
0 0.658618 0.248475 0.000954 0.001591
0 0.658666 0.247017 0.001050 0.001326
0 0.658666 0.245823 0.000859 0.001591
0 0.658809 0.244232 0.000954 0.001591
0 0.658809 0.241448 0.001145 0.001326
0 0.658713 0.255370 0.000954 0.001591
0 0.658809 0.240122 0.001145 0.001326
0 0.658713 0.238531 0.001145 0.001326
0 0.658761 0.237072 0.000859 0.001591
0 0.658809 0.235349 0.001145 0.001326
0 0.657043 0.277115 0.001050 0.001591
0 0.657186 0.275789 0.000954 0.001061
0 0.657139 0.274463 0.001050 0.001591
0 0.658618 0.253911 0.000954 0.001326
0 0.658618 0.258420 0.000954 0.001326
0 0.661195 0.238663 0.001145 0.001591
0 0.658284 0.277513 0.001050 0.001326
0 0.661290 0.237338 0.000954 0.001591
0 0.662197 0.243304 0.001050 0.001326
0 0.662149 0.241846 0.000954 0.001591
0 0.662292 0.240122 0.001241 0.001326
0 0.662245 0.238796 0.001145 0.001326
0 0.662340 0.236144 0.001145 0.001326
0 0.661386 0.235746 0.000954 0.001591
0 0.658284 0.275922 0.001050 0.001326
0 0.658236 0.260806 0.000954 0.001326
0 0.658332 0.273270 0.001145 0.001326
0 0.658236 0.271944 0.000954 0.001326
0 0.658236 0.270618 0.001145 0.001326
0 0.658284 0.269425 0.001241 0.001061
0 0.658379 0.265314 0.001050 0.001326
0 0.658379 0.263591 0.001241 0.001591
0 0.658332 0.262265 0.001336 0.001061
0 0.661815 0.268496 0.001050 0.001326
0 0.661768 0.271016 0.000954 0.001591
0 0.663151 0.309732 0.001050 0.002121
0 0.665299 0.284010 0.000764 0.003713
0 0.669832 0.305887 0.000477 0.002917
0 0.671645 0.297401 0.001050 0.001856
1 0.671025 0.298992 0.001718 0.002387
1 0.642537 0.238001 0.000668 0.004508
1 0.642489 0.242376 0.000954 0.004773
0 0.661529 0.294749 0.001813 0.001856
0 0.665871 0.284142 0.000573 0.003447
0 0.664774 0.283877 0.000477 0.002917
0 0.674986 0.298329 0.001050 0.001591
0 0.664392 0.283479 0.000668 0.003182
0 0.663867 0.284142 0.000573 0.002917
0 0.663390 0.284010 0.000382 0.002652
0 0.662865 0.283744 0.000477 0.003713
0 0.662340 0.283612 0.000573 0.002917
0 0.664392 0.276584 0.001241 0.001591
0 0.664344 0.275391 0.000954 0.001326
0 0.670452 0.305357 0.000382 0.003447
0 0.672886 0.304561 0.000668 0.002917
0 0.661290 0.283479 0.000382 0.003182
0 0.658904 0.302174 0.000954 0.001856
0 0.662340 0.306550 0.001145 0.002121
0 0.660718 0.306152 0.001145 0.002387
0 0.659906 0.305224 0.001050 0.002121
0 0.659906 0.303368 0.001050 0.002652
0 0.652892 0.313577 0.001145 0.002387
0 0.655803 0.311456 0.001050 0.002387
0 0.658427 0.303235 0.000954 0.001856
0 0.656948 0.301512 0.001050 0.002121
0 0.674127 0.304163 0.000477 0.003182
0 0.647404 0.302174 0.000859 0.001856
0 0.651699 0.286396 0.001432 0.001591
0 0.650076 0.285866 0.001241 0.001591
0 0.657091 0.299655 0.001145 0.002652
0 0.655325 0.299523 0.001050 0.002387
0 0.673411 0.309865 0.000573 0.003447
0 0.674747 0.306285 0.000573 0.002652
0 0.664344 0.273933 0.001336 0.001061
0 0.660861 0.283612 0.000477 0.002917
0 0.661720 0.272474 0.000859 0.001326
0 0.665108 0.251392 0.001527 0.001591
0 0.664726 0.269159 0.001527 0.001591
0 0.664583 0.267171 0.001622 0.001326
0 0.664487 0.265314 0.001622 0.001856
0 0.664869 0.262795 0.001622 0.001591
0 0.664392 0.260143 0.001050 0.001591
0 0.664678 0.256828 0.001241 0.001856
0 0.665299 0.253646 0.001527 0.001326
0 0.665203 0.244763 0.001718 0.001591
0 0.665346 0.274065 0.001050 0.001326
0 0.664822 0.239061 0.001145 0.002387
0 0.665776 0.236144 0.000954 0.001856
0 0.664631 0.236542 0.001145 0.001591
0 0.661720 0.278308 0.001241 0.001326
0 0.661624 0.276584 0.001050 0.001061
0 0.661768 0.274993 0.001145 0.001591
0 0.661720 0.273667 0.000859 0.001061
0 0.664201 0.271148 0.001050 0.001326
0 0.665251 0.275656 0.000859 0.001326
0 0.660288 0.283081 0.000477 0.003447
0 0.656423 0.283081 0.000382 0.002917
0 0.659811 0.283081 0.000477 0.003447
0 0.659429 0.283479 0.000477 0.003713
0 0.658904 0.283612 0.000573 0.002917
0 0.658379 0.283479 0.000477 0.003182
0 0.657902 0.283214 0.000477 0.002652
0 0.657425 0.283081 0.000477 0.002917
0 0.656805 0.282816 0.000382 0.003447
0 0.655946 0.283214 0.000382 0.003182
0 0.649647 0.282418 0.000573 0.003182
0 0.655421 0.282816 0.000477 0.002917
0 0.654848 0.282684 0.000477 0.002652
0 0.654419 0.283081 0.000573 0.003447
0 0.653894 0.282949 0.000477 0.003182
0 0.653417 0.282949 0.000477 0.002652
0 0.652987 0.283081 0.000382 0.002917
0 0.650267 0.281888 0.000668 0.003182
0 0.657139 0.273005 0.001241 0.001326
0 0.657234 0.269027 0.001050 0.001326
0 0.657139 0.267568 0.001241 0.001591
0 0.650315 0.252586 0.000954 0.001326
0 0.650220 0.266640 0.000954 0.001326
0 0.650124 0.265314 0.000764 0.001326
0 0.650172 0.263723 0.001050 0.001326
0 0.650172 0.260939 0.001050 0.001591
0 0.650220 0.259745 0.000764 0.001326
0 0.650220 0.258154 0.000954 0.001326
0 0.650220 0.255503 0.000954 0.001856
0 0.650315 0.251525 0.000954 0.001326
0 0.650124 0.269557 0.001145 0.001326
0 0.650410 0.250199 0.000954 0.001326
0 0.650410 0.248608 0.000954 0.001326
0 0.650506 0.246752 0.000954 0.001326
0 0.650506 0.245823 0.000954 0.001591
0 0.650458 0.244232 0.001050 0.001591
0 0.650601 0.242641 0.000764 0.001061
0 0.650554 0.241448 0.000859 0.001326
0 0.650124 0.268231 0.000764 0.001326
0 0.650172 0.271016 0.001050 0.001591
0 0.650601 0.238796 0.000954 0.001326
0 0.651508 0.244630 0.001050 0.001326
0 0.651460 0.257094 0.001145 0.001326
0 0.651412 0.256165 0.001241 0.001591
0 0.651412 0.254574 0.001050 0.001591
0 0.651412 0.252983 0.001241 0.001591
0 0.651317 0.251790 0.001050 0.001326
0 0.651508 0.250066 0.001241 0.001591
0 0.651556 0.245956 0.001145 0.001326
0 0.651603 0.243172 0.001050 0.001061
0 0.649981 0.273535 0.001050 0.001326
0 0.651556 0.241846 0.000954 0.001061
0 0.651603 0.240387 0.001050 0.001326
0 0.651699 0.238796 0.001050 0.001326
0 0.651747 0.237603 0.000954 0.001061
0 0.651556 0.236144 0.000954 0.001326
0 0.651556 0.234686 0.001145 0.001061
0 0.649933 0.274993 0.000764 0.001591
0 0.650458 0.240255 0.001050 0.001061
0 0.650649 0.237470 0.001050 0.001326
0 0.657234 0.264916 0.001050 0.001591
0 0.646784 0.256563 0.000954 0.001326
0 0.646545 0.265049 0.001050 0.001326
0 0.648168 0.234155 0.001050 0.001591
0 0.642298 0.265314 0.000573 0.003978
0 0.646641 0.262265 0.001050 0.001061
0 0.646688 0.260806 0.001145 0.001326
0 0.646545 0.259480 0.000859 0.001326
0 0.646688 0.257889 0.001145 0.001856
0 0.646736 0.255237 0.001050 0.001326
0 0.648168 0.236542 0.000859 0.001061
0 0.646736 0.253646 0.001050 0.001326
0 0.646831 0.252320 0.001050 0.001326
0 0.646831 0.250994 0.001050 0.001326
0 0.646736 0.249669 0.000859 0.001326
0 0.646927 0.248210 0.000859 0.001061
0 0.646975 0.247017 0.001145 0.001326
0 0.647022 0.245426 0.001050 0.001326
0 0.648168 0.235614 0.000859 0.001326
0 0.648120 0.240255 0.000954 0.002121
0 0.650554 0.236144 0.001050 0.001326
0 0.647786 0.255503 0.001241 0.001326
0 0.650506 0.234818 0.000954 0.001326
0 0.647595 0.263591 0.000859 0.001591
0 0.647643 0.262265 0.000954 0.001061
0 0.647690 0.260939 0.001050 0.001591
0 0.647738 0.259745 0.001145 0.001326
0 0.647786 0.258022 0.001050 0.001591
0 0.647738 0.256961 0.000954 0.001061
0 0.647881 0.253911 0.001050 0.001326
0 0.648120 0.242906 0.001336 0.001061
0 0.647786 0.252586 0.001050 0.001326
0 0.647834 0.251127 0.000954 0.001061
0 0.647881 0.249934 0.001050 0.001326
0 0.647929 0.248608 0.001145 0.001326
0 0.648024 0.247282 0.001145 0.001326
0 0.648120 0.245558 0.001145 0.001591
0 0.648024 0.244232 0.001145 0.001061
0 0.651460 0.258552 0.000954 0.001591
0 0.651222 0.259878 0.001050 0.001591
0 0.651317 0.261204 0.001241 0.001061
0 0.654801 0.257359 0.000954 0.001326
0 0.654944 0.247680 0.000859 0.001061
0 0.654991 0.249138 0.000954 0.001856
0 0.654944 0.250729 0.001050 0.001326
0 0.654944 0.252188 0.000859 0.001061
0 0.654848 0.253514 0.000859 0.001591
0 0.654896 0.254840 0.000954 0.001061
0 0.654753 0.256165 0.000859 0.001591
0 0.654753 0.258817 0.000859 0.001061
0 0.657711 0.236940 0.001050 0.001326
0 0.654801 0.259878 0.000764 0.001591
0 0.654801 0.261469 0.000954 0.001591
0 0.654705 0.264254 0.000954 0.001326
0 0.654801 0.265845 0.000954 0.001326
0 0.654705 0.270220 0.000764 0.001061
0 0.654753 0.271281 0.000859 0.001591
0 0.654753 0.273005 0.001050 0.001326
0 0.655325 0.246354 0.001241 0.001591
0 0.657616 0.238398 0.001050 0.001591
0 0.651269 0.264121 0.001145 0.001061
0 0.657521 0.254044 0.001241 0.001591
0 0.657234 0.263458 0.001050 0.001326
0 0.657282 0.262132 0.001145 0.001326
0 0.657282 0.260541 0.001336 0.001326
0 0.657330 0.259348 0.001241 0.001591
0 0.657330 0.258154 0.001241 0.001326
0 0.657473 0.256696 0.001145 0.001591
0 0.657473 0.255105 0.001145 0.001591
0 0.657473 0.252718 0.001145 0.001591
0 0.657711 0.241183 0.001050 0.001326
0 0.657521 0.250994 0.001050 0.001856
0 0.657425 0.249669 0.001050 0.001326
0 0.657568 0.248077 0.001145 0.001856
0 0.657568 0.246752 0.000954 0.001326
0 0.657568 0.245293 0.000954 0.001591
0 0.657664 0.243967 0.000954 0.001591
0 0.657616 0.242376 0.001050 0.001061
0 0.654610 0.274596 0.000954 0.001326
0 0.654562 0.275656 0.001050 0.001856
0 0.654562 0.277380 0.001050 0.001591
0 0.654132 0.237868 0.001145 0.001591
0 0.653942 0.247945 0.001145 0.001591
0 0.653989 0.246221 0.001241 0.001326
0 0.654085 0.244895 0.001050 0.001326
0 0.653989 0.243304 0.001050 0.001326
0 0.654085 0.242111 0.001050 0.001061
0 0.654085 0.240785 0.001050 0.001061
0 0.654085 0.239326 0.001050 0.001326
0 0.654228 0.236409 0.000954 0.001326
0 0.655230 0.240387 0.001050 0.001326
0 0.654323 0.234951 0.000954 0.001591
0 0.650935 0.276187 0.001241 0.001326
0 0.651031 0.274728 0.001050 0.001591
0 0.651174 0.270618 0.000954 0.001326
0 0.651174 0.268231 0.000954 0.001326
0 0.651222 0.266773 0.001050 0.001061
0 0.651174 0.265579 0.000954 0.001326
0 0.653846 0.250199 0.001145 0.001856
0 0.653846 0.253248 0.001145 0.001591
0 0.653846 0.254707 0.001145 0.001326
0 0.653798 0.256165 0.001050 0.001061
0 0.655278 0.239459 0.000954 0.001061
0 0.655182 0.238133 0.000954 0.001061
0 0.655278 0.236675 0.000764 0.001326
0 0.655325 0.235084 0.001050 0.001326
0 0.653560 0.275656 0.000954 0.001326
0 0.653512 0.274198 0.000859 0.001591
0 0.653751 0.271679 0.000954 0.001326
0 0.653846 0.270220 0.000954 0.001591
0 0.653751 0.268629 0.001336 0.001591
0 0.653751 0.265845 0.001145 0.001326
0 0.653751 0.264651 0.000954 0.001061
0 0.653798 0.263193 0.001050 0.001326
0 0.653846 0.261734 0.000954 0.001591
0 0.653798 0.258685 0.001050 0.001326
0 0.653798 0.257226 0.001050 0.001591
0 0.661958 0.307876 0.001145 0.002121
0 0.663724 0.308406 0.001050 0.002652
0 0.643682 0.222620 0.001050 0.001856
0 0.586705 0.394060 0.001050 0.002121
0 0.587326 0.374569 0.000954 0.001856
0 0.587374 0.373243 0.001050 0.001856
0 0.587230 0.371785 0.001145 0.002121
0 0.587278 0.370326 0.001050 0.001856
0 0.587230 0.368337 0.001336 0.002121
0 0.586849 0.398435 0.000954 0.001856
0 0.587040 0.396977 0.001145 0.002121
0 0.586753 0.392601 0.001145 0.001856
0 0.587469 0.375895 0.001050 0.001856
0 0.586801 0.391276 0.001050 0.001856
0 0.586705 0.389950 0.000859 0.001856
0 0.586705 0.388359 0.000859 0.001856
0 0.586610 0.386502 0.000859 0.001326
0 0.586562 0.385309 0.000954 0.001591
0 0.586610 0.384116 0.001050 0.001856
0 0.586562 0.382259 0.000954 0.001856
0 0.588471 0.375365 0.000573 0.002917
0 0.587612 0.377353 0.000954 0.001591
0 0.586324 0.379475 0.001241 0.002121
0 0.587898 0.391938 0.000954 0.001591
0 0.589712 0.372182 0.000954 0.002387
0 0.589569 0.369398 0.001050 0.002121
0 0.589616 0.367807 0.000954 0.002121
0 0.588137 0.397905 0.001050 0.001856
0 0.588137 0.396181 0.001050 0.002121
0 0.587898 0.394458 0.001145 0.001856
0 0.587946 0.393397 0.001050 0.001856
0 0.587755 0.389817 0.000859 0.002121
0 0.587660 0.379077 0.001241 0.001856
0 0.587803 0.388624 0.001145 0.001856
0 0.587755 0.387165 0.000859 0.002121
0 0.587803 0.385839 0.000954 0.002121
0 0.587755 0.384646 0.000859 0.001856
0 0.587708 0.383055 0.000954 0.001856
0 0.587708 0.381862 0.001145 0.002121
0 0.587660 0.380270 0.001050 0.001591
0 0.586419 0.380933 0.001050 0.001326
0 0.586324 0.378016 0.001050 0.001856
0 0.589807 0.375497 0.000954 0.002121
0 0.614526 0.356537 0.000764 0.002917
0 0.618295 0.356139 0.001050 0.003713
0 0.617723 0.356006 0.000859 0.002917
0 0.617198 0.356272 0.001145 0.003978
0 0.616768 0.356669 0.001050 0.003713
0 0.616196 0.356139 0.000859 0.003182
0 0.615623 0.356272 0.000859 0.002917
0 0.615098 0.356935 0.000764 0.003182
0 0.613953 0.356935 0.000764 0.003182
0 0.619345 0.355874 0.000859 0.003182
0 0.613524 0.356935 0.000668 0.002652
0 0.613094 0.357067 0.000573 0.002917
0 0.612474 0.357200 0.000668 0.002652
0 0.611997 0.357465 0.000668 0.002652
0 0.611472 0.357332 0.000764 0.002917
0 0.610947 0.357465 0.000859 0.003182
0 0.610326 0.357995 0.000764 0.003182
0 0.618773 0.355609 0.000859 0.003182
0 0.619870 0.355741 0.000764 0.002917
0 0.586228 0.376691 0.001050 0.001856
0 0.623258 0.371122 0.001050 0.002387
0 0.586228 0.375232 0.001050 0.001591
0 0.586181 0.373906 0.001145 0.001591
0 0.586181 0.372580 0.000954 0.001591
0 0.586085 0.370857 0.001145 0.001856
0 0.586085 0.369000 0.001336 0.002387
0 0.623449 0.373906 0.001050 0.002121
0 0.623258 0.372315 0.001050 0.002121
0 0.623163 0.369265 0.001050 0.002387
0 0.620300 0.355476 0.001050 0.002917
0 0.623211 0.367011 0.000954 0.001591
0 0.623115 0.365685 0.000954 0.001591
0 0.623115 0.364094 0.000764 0.001591
0 0.623163 0.362636 0.000859 0.001856
0 0.623020 0.361443 0.000954 0.002121
0 0.621540 0.355078 0.000477 0.003182
0 0.620872 0.355343 0.000668 0.002652
0 0.589855 0.373774 0.000859 0.002387
0 0.589759 0.376956 0.001050 0.002917
0 0.664249 0.311058 0.001145 0.002121
0 0.593720 0.389552 0.001145 0.002121
0 0.594197 0.368868 0.000954 0.001591
0 0.594150 0.367144 0.001050 0.001856
0 0.593768 0.396844 0.001050 0.002387
0 0.593911 0.395651 0.000954 0.002121
0 0.593863 0.394193 0.001050 0.002387
0 0.593816 0.392469 0.001145 0.001591
0 0.593768 0.391010 0.001050 0.001856
0 0.593625 0.388093 0.001145 0.001856
0 0.594388 0.371519 0.001145 0.002652
0 0.593672 0.386767 0.001050 0.001856
0 0.593577 0.384911 0.000859 0.002387
0 0.593482 0.383453 0.001050 0.002121
0 0.593434 0.381199 0.001145 0.001856
0 0.593529 0.379475 0.001145 0.002121
0 0.593434 0.378016 0.001145 0.001856
0 0.593338 0.376691 0.001145 0.001856
0 0.594436 0.370194 0.001241 0.002121
0 0.594436 0.373376 0.001241 0.002652
0 0.593291 0.373774 0.001050 0.001856
0 0.594865 0.389021 0.001145 0.002121
0 0.596583 0.368072 0.000954 0.002121
0 0.596392 0.366746 0.001145 0.002121
0 0.595056 0.396447 0.001145 0.001591
0 0.595056 0.395121 0.000954 0.001591
0 0.595009 0.393795 0.001050 0.002121
0 0.594961 0.392336 0.000954 0.001856
0 0.594913 0.390745 0.001050 0.001856
0 0.594818 0.387696 0.001050 0.002121
0 0.594484 0.374569 0.001145 0.002917
0 0.594722 0.386237 0.001050 0.002387
0 0.594722 0.384911 0.001050 0.001856
0 0.594675 0.383187 0.000954 0.002121
0 0.594627 0.381331 0.001050 0.001591
0 0.594722 0.380138 0.001050 0.001326
0 0.594531 0.378812 0.001050 0.001856
0 0.594531 0.376160 0.001050 0.002387
0 0.593243 0.375232 0.001145 0.002121
0 0.593243 0.372448 0.001145 0.001856
0 0.589807 0.378149 0.000954 0.002121
0 0.590284 0.392734 0.000954 0.002121
0 0.590905 0.369663 0.001050 0.002121
0 0.591000 0.367807 0.001241 0.002652
0 0.588376 0.404269 0.000764 0.002917
0 0.587898 0.404269 0.000764 0.002917
0 0.590237 0.397375 0.001432 0.002917
0 0.590475 0.395784 0.001145 0.002387
0 0.590380 0.394325 0.000954 0.002121
0 0.590189 0.391276 0.001145 0.002917
0 0.590809 0.372978 0.001050 0.002387
0 0.590094 0.389684 0.000954 0.002387
0 0.590141 0.388491 0.001050 0.002121
0 0.590094 0.387033 0.000954 0.002387
0 0.590046 0.385442 0.001050 0.001856
0 0.590094 0.383983 0.001145 0.002121
0 0.589903 0.381199 0.001145 0.002917
0 0.589950 0.379475 0.001050 0.002652
0 0.590905 0.371387 0.001050 0.002387
0 0.590952 0.374039 0.000954 0.001856
0 0.593148 0.370724 0.001145 0.002121
0 0.591287 0.388226 0.001432 0.003182
0 0.593100 0.369265 0.001050 0.001326
0 0.593052 0.367807 0.000954 0.002121
0 0.591525 0.396579 0.001145 0.002387
0 0.591525 0.394458 0.000954 0.002387
0 0.591382 0.393132 0.001050 0.002387
0 0.591334 0.391408 0.001145 0.002652
0 0.591287 0.389950 0.001241 0.002387
0 0.591382 0.387033 0.001050 0.002387
0 0.590905 0.375365 0.001050 0.002387
0 0.591239 0.385839 0.001145 0.002652
0 0.591239 0.384248 0.001145 0.002121
0 0.591239 0.383055 0.001145 0.002387
0 0.591048 0.381464 0.001145 0.002387
0 0.591000 0.380005 0.001050 0.002652
0 0.591096 0.378282 0.001050 0.002387
0 0.591000 0.376956 0.001050 0.002387
0 0.609849 0.358128 0.000764 0.002917
0 0.608084 0.358260 0.000859 0.002652
0 0.607034 0.358393 0.000859 0.002917
0 0.644780 0.372315 0.001336 0.002121
0 0.643443 0.388624 0.001145 0.002917
0 0.646163 0.389154 0.001050 0.002917
0 0.648120 0.383850 0.001145 0.002917
0 0.653846 0.390082 0.001145 0.003713
0 0.649981 0.382657 0.000859 0.003182
0 0.641582 0.369928 0.001241 0.001591
0 0.643348 0.371785 0.000764 0.001591
0 0.644732 0.370326 0.001050 0.001856
0 0.642012 0.394855 0.001336 0.002652
0 0.649838 0.370326 0.000954 0.002917
0 0.649027 0.366879 0.000859 0.002917
0 0.650220 0.364757 0.000764 0.003978
0 0.649456 0.359189 0.000573 0.003447
0 0.653464 0.364492 0.000954 0.003978
0 0.652462 0.364757 0.000668 0.004508
0 0.652605 0.353487 0.000573 0.002652
0 0.644493 0.390613 0.001145 0.003182
0 0.642012 0.398435 0.000954 0.002917
0 0.672600 0.365951 0.000477 0.002652
0 0.631943 0.375099 0.001050 0.002917
0 0.579023 0.375099 0.000764 0.003978
0 0.582458 0.367144 0.001145 0.001856
0 0.583985 0.363697 0.000954 0.003447
0 0.632039 0.381066 0.001050 0.002652
0 0.631323 0.381066 0.001145 0.003182
0 0.631514 0.378547 0.000954 0.002387
0 0.631370 0.377353 0.000859 0.002121
0 0.628507 0.392469 0.001050 0.002121
0 0.643300 0.401883 0.001050 0.002387
0 0.629557 0.392469 0.001241 0.002652
0 0.631370 0.389684 0.001241 0.002917
0 0.631418 0.387563 0.001145 0.002917
0 0.639387 0.399364 0.001241 0.002652
0 0.636047 0.400027 0.001050 0.002387
0 0.635474 0.402413 0.001050 0.002387
0 0.639769 0.407717 0.001050 0.001856
0 0.674174 0.358393 0.000573 0.002387
0 0.670309 0.366879 0.000477 0.003447
0 0.606604 0.358658 0.000954 0.002917
0 0.671216 0.314373 0.000954 0.001856
0 0.673793 0.323919 0.000573 0.002917
0 0.662292 0.323256 0.001241 0.003182
0 0.670930 0.322991 0.000573 0.003182
0 0.674986 0.316097 0.001050 0.002121
0 0.675033 0.314108 0.000954 0.001856
0 0.673459 0.316097 0.001050 0.001591
0 0.672218 0.316097 0.001050 0.002121
0 0.670930 0.316097 0.000764 0.001591
0 0.673793 0.330416 0.000382 0.002652
0 0.669593 0.315301 0.000954 0.001591
0 0.669975 0.314108 0.000954 0.001326
0 0.668353 0.312782 0.000954 0.001856
0 0.667542 0.314240 0.000859 0.001591
0 0.667255 0.312119 0.000859 0.001591
0 0.665776 0.312251 0.001145 0.002387
0 0.665728 0.310793 0.001050 0.002121
0 0.673220 0.328030 0.000573 0.002652
0 0.670118 0.328295 0.000477 0.003182
0 0.669593 0.366481 0.000573 0.003182
0 0.662626 0.354150 0.001145 0.002387
0 0.668305 0.358658 0.000668 0.003978
0 0.657043 0.360780 0.001050 0.002917
0 0.657043 0.358791 0.001050 0.002121
0 0.656232 0.357597 0.001145 0.002917
0 0.659238 0.356669 0.001241 0.002652
0 0.671168 0.350703 0.000859 0.001326
0 0.670643 0.352957 0.001145 0.002121
0 0.664774 0.355078 0.001050 0.001591
0 0.672600 0.323256 0.000477 0.002652
0 0.649122 0.345134 0.000477 0.003447
0 0.649742 0.343808 0.000764 0.003447
0 0.648883 0.336913 0.000573 0.003447
0 0.651556 0.341156 0.000954 0.003447
0 0.650029 0.332538 0.000954 0.003182
0 0.648454 0.326439 0.001622 0.004773
0 0.674365 0.328560 0.000573 0.003713
0 0.579261 0.382127 0.000859 0.004243
0 0.579309 0.386370 0.000764 0.003713
0 0.582793 0.370591 0.000859 0.002387
0 0.587946 0.362238 0.000859 0.003182
0 0.591573 0.361310 0.000859 0.002917
0 0.591048 0.361443 0.000764 0.002652
0 0.590618 0.361575 0.000668 0.002917
0 0.590141 0.361840 0.000859 0.002917
0 0.589473 0.361973 0.000859 0.002652
0 0.588996 0.362238 0.000859 0.003182
0 0.588471 0.362238 0.000954 0.003182
0 0.587469 0.362503 0.000668 0.003182
0 0.592670 0.361177 0.000954 0.003182
0 0.586944 0.362768 0.000954 0.002652
0 0.586371 0.362768 0.000954 0.002652
0 0.585894 0.362768 0.000764 0.002652
0 0.585513 0.362636 0.000764 0.002917
0 0.584892 0.363299 0.000859 0.002652
0 0.584510 0.392999 0.001050 0.002652
0 0.584415 0.391408 0.001050 0.002652
0 0.592145 0.361310 0.000859 0.002917
0 0.593148 0.361575 0.000954 0.002917
0 0.583795 0.369531 0.000954 0.002387
0 0.602405 0.359321 0.000764 0.003182
0 0.606079 0.358393 0.000859 0.002917
0 0.605507 0.358526 0.000859 0.002652
0 0.604982 0.358791 0.000954 0.003182
0 0.604505 0.359189 0.000764 0.002387
0 0.603980 0.359189 0.001050 0.002917
0 0.603407 0.359454 0.001050 0.003447
0 0.602882 0.359321 0.000954 0.003182
0 0.601880 0.359851 0.000859 0.003182
0 0.593672 0.361177 0.000859 0.003182
0 0.601355 0.359719 0.000764 0.002917
0 0.600830 0.359984 0.000859 0.003447
0 0.600305 0.359984 0.000954 0.003447
0 0.599828 0.360382 0.000954 0.003182
0 0.595247 0.360647 0.000954 0.003182
0 0.594722 0.360912 0.000859 0.002652
0 0.594102 0.360647 0.000954 0.003182
0 0.584415 0.389950 0.000859 0.002387
0 0.584176 0.388756 0.000954 0.002121
0 0.584320 0.387298 0.001432 0.002917
0 0.581075 0.397640 0.001050 0.001856
0 0.580788 0.386104 0.001241 0.002121
0 0.580741 0.387828 0.001145 0.001856
0 0.580931 0.390082 0.001145 0.002121
0 0.581027 0.391938 0.001336 0.002121
0 0.580979 0.393264 0.001050 0.002121
0 0.581027 0.394855 0.000954 0.002121
0 0.581170 0.396049 0.000859 0.001326
0 0.581218 0.399364 0.000954 0.001591
0 0.584224 0.385442 0.001241 0.002387
0 0.582936 0.381066 0.000954 0.002652
0 0.582936 0.379608 0.000954 0.002387
0 0.582888 0.378149 0.001050 0.002121
0 0.582840 0.377088 0.000954 0.002121
0 0.582745 0.376028 0.000954 0.002121
0 0.582745 0.374436 0.001145 0.002652
0 0.582745 0.372182 0.001145 0.002387
0 0.580741 0.384779 0.001145 0.001591
0 0.580741 0.383453 0.001145 0.002121
0 0.580550 0.381862 0.000954 0.001591
0 0.580597 0.380270 0.001050 0.001591
0 0.584224 0.384248 0.001050 0.002652
0 0.584129 0.382790 0.001050 0.002387
0 0.584081 0.381596 0.000954 0.002121
0 0.584033 0.380138 0.001050 0.002387
0 0.583938 0.378679 0.001241 0.002652
0 0.583985 0.376823 0.001336 0.003182
0 0.583842 0.375232 0.001050 0.002652
0 0.583747 0.373774 0.001050 0.002387
0 0.583699 0.372713 0.001145 0.002387
0 0.583270 0.392999 0.001050 0.002121
0 0.583222 0.391673 0.000954 0.002121
0 0.583127 0.390082 0.001145 0.002121
0 0.583174 0.388624 0.001050 0.002387
0 0.583079 0.387298 0.001241 0.002917
0 0.583031 0.384381 0.001336 0.002917
0 0.647070 0.244232 0.000954 0.001061
0 0.647022 0.242641 0.001050 0.001591
0 0.647022 0.240918 0.001050 0.001326
0 0.658284 0.201671 0.000859 0.001326
0 0.657950 0.211482 0.000954 0.001856
0 0.658093 0.209759 0.001050 0.001591
0 0.657998 0.208565 0.001050 0.001326
0 0.658093 0.206974 0.000859 0.001326
0 0.658189 0.205648 0.000859 0.001326
0 0.658141 0.204190 0.000954 0.001591
0 0.658189 0.202731 0.000859 0.001326
0 0.658189 0.200212 0.001050 0.001591
0 0.658093 0.215062 0.001050 0.001591
0 0.658284 0.198621 0.000859 0.001591
0 0.658284 0.197163 0.000859 0.001326
0 0.658427 0.195969 0.000954 0.001591
0 0.658379 0.194246 0.001050 0.001856
0 0.658332 0.192787 0.000954 0.001061
0 0.658332 0.191329 0.000954 0.001326
0 0.658475 0.190003 0.000859 0.001326
0 0.657998 0.213339 0.001050 0.001326
0 0.657902 0.216786 0.000859 0.001326
0 0.658570 0.187351 0.001050 0.001326
0 0.657807 0.230841 0.001050 0.001326
0 0.659286 0.197428 0.000954 0.001326
0 0.659286 0.196234 0.000954 0.001591
0 0.659429 0.194643 0.001050 0.001591
0 0.659429 0.193317 0.000859 0.001591
0 0.659429 0.191594 0.000859 0.001326
0 0.659716 0.188942 0.001241 0.001326
0 0.659668 0.187218 0.001145 0.001591
0 0.657759 0.229382 0.001145 0.001061
0 0.657950 0.218244 0.000954 0.001061
0 0.657759 0.228056 0.001145 0.001591
0 0.657950 0.226730 0.001145 0.001061
0 0.657902 0.225404 0.001050 0.001591
0 0.657855 0.223681 0.000954 0.001326
0 0.657902 0.222355 0.001050 0.001326
0 0.657950 0.220764 0.000954 0.001326
0 0.657902 0.219703 0.001050 0.001326
0 0.658570 0.188544 0.001050 0.001591
0 0.655516 0.228984 0.001241 0.001326
0 0.659286 0.199947 0.001145 0.001591
0 0.654467 0.230045 0.001241 0.001326
0 0.655803 0.197030 0.001050 0.001591
0 0.655946 0.195704 0.001145 0.001591
0 0.656041 0.193980 0.000954 0.001326
0 0.655946 0.192654 0.001145 0.001326
0 0.655946 0.191196 0.000954 0.001591
0 0.655946 0.190003 0.000954 0.001326
0 0.655898 0.188809 0.001050 0.001591
0 0.654228 0.228852 0.001145 0.001591
0 0.655803 0.199682 0.000859 0.001591
0 0.654323 0.227526 0.000954 0.001591
0 0.654323 0.224476 0.000954 0.001326
0 0.654419 0.223548 0.000954 0.001061
0 0.654371 0.222090 0.001050 0.001856
0 0.654371 0.220631 0.001050 0.001591
0 0.654371 0.219040 0.001050 0.001591
0 0.654419 0.217714 0.000954 0.001591
0 0.655707 0.198488 0.001050 0.001326
0 0.655755 0.201140 0.000954 0.001326
0 0.655516 0.227658 0.001050 0.001326
0 0.655564 0.216521 0.000954 0.001326
0 0.655421 0.226465 0.001050 0.001061
0 0.655373 0.224874 0.001145 0.001591
0 0.655612 0.223416 0.000859 0.001326
0 0.655516 0.221824 0.000859 0.001326
0 0.655516 0.220499 0.001050 0.001326
0 0.655469 0.219305 0.000954 0.001591
0 0.655612 0.217847 0.001050 0.001326
0 0.655612 0.215195 0.000859 0.001326
0 0.655755 0.202201 0.000954 0.001326
0 0.655659 0.213604 0.000954 0.001326
0 0.655659 0.212278 0.000954 0.001326
0 0.655659 0.209361 0.000954 0.001326
0 0.655755 0.208300 0.001145 0.001326
0 0.655803 0.206842 0.000859 0.001591
0 0.655755 0.204985 0.000954 0.001591
0 0.655803 0.203792 0.000859 0.001326
0 0.659334 0.198754 0.001050 0.001326
0 0.659238 0.202334 0.001050 0.001591
0 0.647022 0.240122 0.001050 0.001326
0 0.661529 0.222620 0.001050 0.001326
0 0.662436 0.231106 0.001145 0.001326
0 0.661433 0.230575 0.000859 0.001326
0 0.661386 0.229780 0.000954 0.000796
0 0.661433 0.228189 0.001050 0.001326
0 0.661338 0.226863 0.000859 0.001326
0 0.661386 0.225404 0.000954 0.001061
0 0.661433 0.223946 0.001050 0.001326
0 0.662531 0.222753 0.000954 0.001591
0 0.662436 0.228321 0.000764 0.001061
0 0.662579 0.221427 0.000859 0.001591
0 0.661529 0.221161 0.001050 0.001591
0 0.661577 0.219703 0.000954 0.001326
0 0.662674 0.218642 0.001241 0.001856
0 0.661624 0.218510 0.000859 0.001591
0 0.661529 0.217184 0.001050 0.001591
0 0.662865 0.215725 0.000859 0.001326
0 0.662483 0.229780 0.000859 0.001326
0 0.662579 0.226863 0.001050 0.001326
0 0.661624 0.214399 0.000859 0.001326
0 0.671789 0.228056 0.000573 0.002652
0 0.682668 0.207902 0.000764 0.003182
0 0.682096 0.207770 0.000954 0.002917
0 0.681475 0.207770 0.000859 0.002917
0 0.680903 0.208035 0.001050 0.003447
0 0.680139 0.207505 0.001050 0.002917
0 0.675892 0.218907 0.000573 0.002917
0 0.674079 0.222090 0.000573 0.003447
0 0.671264 0.225139 0.000477 0.003182
0 0.662483 0.225404 0.001050 0.001591
0 0.668591 0.219968 0.001050 0.001856
0 0.665919 0.231504 0.001050 0.001061
0 0.665824 0.229912 0.000859 0.001591
0 0.664917 0.231636 0.000954 0.001856
0 0.664917 0.230310 0.000954 0.001326
0 0.664822 0.228719 0.000954 0.001326
0 0.664917 0.227261 0.001145 0.001591
0 0.661672 0.215593 0.001145 0.001591
0 0.661529 0.212941 0.001050 0.001591
0 0.659143 0.204057 0.000859 0.001326
0 0.659000 0.216786 0.000954 0.001326
0 0.658952 0.226465 0.000859 0.001591
0 0.659000 0.225007 0.000764 0.001326
0 0.659000 0.223946 0.000954 0.001326
0 0.658809 0.222620 0.000954 0.001326
0 0.659143 0.221161 0.001241 0.001591
0 0.659048 0.219438 0.001050 0.001326
0 0.659048 0.217979 0.001050 0.001591
0 0.659095 0.215327 0.001145 0.001591
0 0.659000 0.229515 0.000954 0.001326
0 0.659000 0.214002 0.001336 0.001591
0 0.659000 0.212676 0.001145 0.001591
0 0.659095 0.211482 0.001145 0.001326
0 0.659143 0.210024 0.001050 0.001591
0 0.659238 0.208433 0.001050 0.001591
0 0.659191 0.206974 0.001145 0.001856
0 0.659286 0.205516 0.001145 0.001591
0 0.659000 0.227791 0.000954 0.001061
0 0.662102 0.187616 0.000859 0.001326
0 0.661624 0.211350 0.001050 0.001061
0 0.661863 0.200212 0.000954 0.001061
0 0.661672 0.210024 0.000954 0.001591
0 0.662722 0.209891 0.000954 0.001326
0 0.662722 0.208831 0.001145 0.001326
0 0.661768 0.207372 0.000954 0.001591
0 0.662817 0.202997 0.001145 0.001856
0 0.661768 0.204720 0.001145 0.001591
0 0.661768 0.201671 0.000954 0.001326
0 0.662006 0.197163 0.001050 0.001326
0 0.663056 0.187616 0.000859 0.001326
0 0.662006 0.194909 0.001050 0.001061
0 0.661863 0.193317 0.001145 0.001591
0 0.663008 0.194909 0.001145 0.001591
0 0.663008 0.192124 0.000954 0.001326
0 0.662960 0.190666 0.000859 0.001591
0 0.661863 0.190400 0.001145 0.001591
0 0.661958 0.188942 0.000954 0.001326
0 0.654419 0.216388 0.001145 0.001061
0 0.654514 0.215195 0.001145 0.001326
0 0.654467 0.213604 0.001050 0.001326
0 0.648836 0.185760 0.000859 0.001326
0 0.648692 0.195704 0.001145 0.001591
0 0.648740 0.194246 0.001050 0.001326
0 0.648740 0.192920 0.001050 0.001856
0 0.648692 0.191329 0.000954 0.001326
0 0.648836 0.190003 0.001050 0.001856
0 0.648883 0.188677 0.000954 0.001326
0 0.648931 0.187351 0.001050 0.001326
0 0.647118 0.229382 0.001050 0.001591
0 0.648549 0.198754 0.000859 0.001326
0 0.647118 0.228189 0.000859 0.001326
0 0.647118 0.226863 0.001050 0.001326
0 0.647022 0.225139 0.001050 0.001591
0 0.647165 0.223813 0.000954 0.001591
0 0.647261 0.222355 0.000954 0.001326
0 0.647213 0.220631 0.001050 0.001591
0 0.647261 0.219438 0.001145 0.001326
0 0.648645 0.197560 0.001050 0.001061
0 0.648597 0.200080 0.000954 0.001326
0 0.647404 0.215460 0.000859 0.000796
0 0.648311 0.214002 0.001145 0.001591
0 0.648024 0.225670 0.000954 0.001591
0 0.648072 0.223946 0.001050 0.001326
0 0.648215 0.222620 0.000954 0.001326
0 0.648311 0.221161 0.000764 0.001061
0 0.648358 0.219836 0.001050 0.001591
0 0.648406 0.218244 0.000954 0.001061
0 0.648358 0.215725 0.001050 0.001326
0 0.648358 0.212676 0.001050 0.001061
0 0.648549 0.201405 0.001050 0.001326
0 0.648454 0.211482 0.001050 0.001326
0 0.648502 0.210024 0.000954 0.001591
0 0.648454 0.208698 0.001050 0.001061
0 0.648358 0.207107 0.001050 0.001591
0 0.648597 0.205648 0.001145 0.001856
0 0.648502 0.204455 0.000954 0.001061
0 0.648549 0.202599 0.001050 0.001061
0 0.647309 0.217582 0.001050 0.001326
0 0.647356 0.213869 0.000954 0.001326
0 0.654562 0.212013 0.001050 0.001326
0 0.643921 0.211880 0.000764 0.001591
0 0.644064 0.202864 0.001050 0.001061
0 0.643968 0.204190 0.001050 0.001591
0 0.643968 0.205383 0.001050 0.001326
0 0.643921 0.206709 0.000954 0.001326
0 0.644016 0.207902 0.000954 0.001591
0 0.643968 0.209228 0.001050 0.001061
0 0.643921 0.210554 0.000954 0.001061
0 0.644016 0.212676 0.000954 0.001061
0 0.643968 0.200875 0.001050 0.001326
0 0.643825 0.213869 0.001336 0.001326
0 0.643873 0.215195 0.001241 0.001326
0 0.643825 0.216521 0.000954 0.001326
0 0.643873 0.217714 0.001050 0.001061
0 0.643730 0.218907 0.001145 0.001326
0 0.643730 0.220233 0.001145 0.001326
0 0.643777 0.221427 0.001050 0.001061
0 0.643968 0.201671 0.001241 0.001326
0 0.647834 0.186025 0.000954 0.001326
0 0.647452 0.212676 0.000954 0.001591
0 0.647547 0.201538 0.001145 0.001591
0 0.647500 0.211217 0.001050 0.001326
0 0.647404 0.209891 0.000859 0.001326
0 0.647452 0.208300 0.000954 0.001326
0 0.647452 0.207107 0.000954 0.001061
0 0.647547 0.205781 0.000954 0.001061
0 0.647452 0.204322 0.000954 0.001326
0 0.647500 0.202731 0.000859 0.001326
0 0.647690 0.200080 0.001050 0.001326
0 0.647786 0.187616 0.001050 0.001326
0 0.647500 0.198621 0.001050 0.001591
0 0.647643 0.196765 0.000954 0.001591
0 0.647595 0.194643 0.001241 0.001591
0 0.647643 0.193185 0.000954 0.001326
0 0.647690 0.191726 0.001241 0.001591
0 0.647786 0.190400 0.001050 0.001061
0 0.647834 0.189207 0.001145 0.001326
0 0.648120 0.227791 0.000954 0.001591
0 0.648215 0.228984 0.001145 0.001326
0 0.651222 0.186423 0.001050 0.001061
0 0.651890 0.218907 0.001050 0.001326
0 0.651747 0.228587 0.000954 0.001061
0 0.651890 0.227128 0.001050 0.001326
0 0.651842 0.225935 0.001145 0.001061
0 0.651842 0.224344 0.001145 0.001591
0 0.651890 0.223150 0.001050 0.001326
0 0.651794 0.221824 0.000859 0.001326
0 0.651937 0.220366 0.000764 0.001061
0 0.651890 0.217316 0.001050 0.001326
0 0.654896 0.186820 0.000954 0.001856
0 0.651842 0.215858 0.001145 0.001591
0 0.651937 0.214532 0.001145 0.001061
0 0.651985 0.213206 0.001241 0.001591
0 0.651937 0.211748 0.000954 0.001326
0 0.652128 0.210422 0.000954 0.001326
0 0.652081 0.209096 0.001050 0.001326
0 0.652128 0.207505 0.001145 0.001326
0 0.651890 0.229780 0.001050 0.001326
0 0.656041 0.187086 0.001145 0.001326
0 0.651269 0.187616 0.000954 0.001326
0 0.654657 0.201008 0.001050 0.001591
0 0.654610 0.210687 0.001145 0.001326
0 0.654610 0.209361 0.000954 0.001326
0 0.654705 0.207902 0.000954 0.001591
0 0.654705 0.206577 0.001145 0.001061
0 0.654657 0.205118 0.001050 0.001326
0 0.654801 0.203660 0.000954 0.001061
0 0.654705 0.202334 0.001145 0.001061
0 0.654753 0.199549 0.001050 0.001326
0 0.654991 0.188412 0.000954 0.001326
0 0.654753 0.197958 0.001050 0.001326
0 0.654753 0.196367 0.001050 0.001326
0 0.654896 0.195306 0.000954 0.001326
0 0.654801 0.193980 0.001145 0.001326
0 0.654848 0.192654 0.000859 0.001326
0 0.654896 0.191063 0.001145 0.001326
0 0.654991 0.190003 0.000954 0.001326
0 0.652128 0.206444 0.000954 0.001326
0 0.652128 0.204720 0.000954 0.001591
0 0.652128 0.203394 0.000764 0.001591
0 0.651222 0.203394 0.001050 0.001061
0 0.650792 0.214399 0.000954 0.001326
0 0.650792 0.213073 0.000954 0.001326
0 0.651031 0.211748 0.001050 0.001326
0 0.651031 0.210156 0.000859 0.001326
0 0.651031 0.208831 0.001050 0.001326
0 0.651031 0.206842 0.000859 0.001061
0 0.651269 0.204720 0.000954 0.001591
0 0.651126 0.201936 0.001050 0.001326
0 0.652033 0.202068 0.000764 0.001591
0 0.651222 0.200610 0.001050 0.001326
0 0.651222 0.199019 0.001050 0.001326
0 0.651174 0.197693 0.000954 0.001856
0 0.651317 0.195041 0.000859 0.001326
0 0.651174 0.193583 0.000954 0.001061
0 0.651126 0.191859 0.001050 0.001856
0 0.651317 0.189472 0.000859 0.001326
0 0.650888 0.215858 0.000954 0.001061
0 0.650983 0.217316 0.000954 0.001326
0 0.650935 0.218907 0.000859 0.001326
0 0.650888 0.220101 0.000954 0.001061
0 0.652271 0.200610 0.001241 0.001326
0 0.652271 0.199284 0.001050 0.001326
0 0.652271 0.197826 0.000859 0.001061
0 0.652319 0.196367 0.000954 0.001326
0 0.652224 0.195306 0.001145 0.001326
0 0.652319 0.193848 0.001145 0.001591
0 0.652319 0.192522 0.001145 0.001591
0 0.652415 0.191196 0.001336 0.001061
0 0.652462 0.189207 0.001050 0.001326
0 0.652319 0.186423 0.000954 0.001591
0 0.650744 0.229515 0.000859 0.001326
0 0.650649 0.228189 0.000859 0.001326
0 0.650744 0.225802 0.001050 0.001326
0 0.650840 0.223150 0.001050 0.001326
0 0.650792 0.221559 0.000954 0.001326
0 0.683337 0.207902 0.001145 0.003182
0 0.684052 0.208168 0.000859 0.003182
0 0.684673 0.208168 0.000954 0.003182
0 0.629891 0.232432 0.001336 0.001856
0 0.629653 0.243702 0.001050 0.001061
0 0.629653 0.242509 0.001050 0.001326
0 0.629653 0.241050 0.001241 0.001591
0 0.629653 0.239724 0.001241 0.001591
0 0.629748 0.238266 0.000859 0.001326
0 0.629700 0.236807 0.001145 0.001591
0 0.629987 0.233890 0.001145 0.001591
0 0.630750 0.243835 0.000954 0.001856
0 0.629605 0.246619 0.000954 0.001061
0 0.630798 0.242509 0.001050 0.001326
0 0.630846 0.240918 0.000954 0.001326
0 0.630798 0.239724 0.001050 0.001061
0 0.630750 0.238266 0.001145 0.001326
0 0.630798 0.236940 0.001050 0.001326
0 0.630750 0.235746 0.001145 0.001061
0 0.630846 0.234553 0.000954 0.001326
0 0.629605 0.245293 0.000764 0.001591
0 0.629557 0.247547 0.001050 0.000796
0 0.626694 0.272872 0.001241 0.001591
0 0.629319 0.261867 0.000954 0.001326
0 0.629223 0.272872 0.000954 0.001061
0 0.629223 0.271281 0.000954 0.001591
0 0.629271 0.269955 0.000859 0.001061
0 0.629319 0.268762 0.000954 0.001326
0 0.629271 0.267171 0.001050 0.001326
0 0.629319 0.265712 0.001145 0.001591
0 0.629414 0.263325 0.000954 0.001591
0 0.629414 0.260276 0.000954 0.001326
0 0.629557 0.249271 0.001050 0.001591
0 0.629319 0.259215 0.000954 0.001326
0 0.629319 0.257889 0.000954 0.001326
0 0.629462 0.256165 0.000859 0.001591
0 0.629319 0.254442 0.000954 0.001326
0 0.629366 0.253116 0.001050 0.001326
0 0.629557 0.251790 0.001050 0.001326
0 0.629509 0.250597 0.000954 0.001061
0 0.630893 0.232564 0.000859 0.001591
0 0.626742 0.271148 0.001145 0.001856
0 0.625835 0.258420 0.000859 0.001326
0 0.625644 0.272342 0.001050 0.001061
0 0.627219 0.239194 0.001145 0.001591
0 0.627267 0.237868 0.001050 0.001061
0 0.627267 0.236409 0.001050 0.001326
0 0.627219 0.235084 0.001145 0.001326
0 0.627267 0.233758 0.001050 0.001326
0 0.627267 0.232432 0.001050 0.001326
0 0.625549 0.273535 0.001050 0.001326
0 0.625596 0.271281 0.001145 0.001591
0 0.627123 0.242111 0.001145 0.001591
0 0.625692 0.269690 0.001145 0.001061
0 0.625787 0.267966 0.001145 0.001326
0 0.625787 0.266905 0.001145 0.001326
0 0.625740 0.265314 0.001050 0.001326
0 0.625644 0.263988 0.001050 0.001326
0 0.625740 0.262662 0.001050 0.001326
0 0.625835 0.261337 0.000859 0.001326
0 0.627219 0.240652 0.000954 0.001326
0 0.627171 0.243702 0.001050 0.001591
0 0.626837 0.269557 0.000954 0.001326
0 0.626933 0.257226 0.001145 0.001061
0 0.626885 0.267038 0.001241 0.001591
0 0.626837 0.265845 0.001145 0.001326
0 0.626837 0.264386 0.001145 0.001591
0 0.626789 0.262795 0.001241 0.001591
0 0.626837 0.261469 0.001145 0.001591
0 0.626933 0.260011 0.001145 0.001326
0 0.626885 0.258420 0.001050 0.001326
0 0.627028 0.256033 0.001145 0.001326
0 0.627171 0.245160 0.001050 0.001326
0 0.626980 0.254707 0.001241 0.001326
0 0.627076 0.253116 0.001241 0.001856
0 0.626980 0.251790 0.001050 0.001326
0 0.626933 0.250199 0.001145 0.001326
0 0.627076 0.248873 0.001050 0.001326
0 0.626980 0.247414 0.001241 0.001591
0 0.627171 0.246221 0.001050 0.001326
0 0.629223 0.274065 0.001145 0.001856
0 0.630607 0.247945 0.001241 0.001061
0 0.630559 0.249536 0.001145 0.001591
0 0.634377 0.234155 0.001145 0.001591
0 0.634138 0.249801 0.001050 0.002121
0 0.634329 0.247017 0.001050 0.001856
0 0.634234 0.243835 0.001050 0.001326
0 0.634329 0.240918 0.001050 0.001856
0 0.634377 0.238663 0.000954 0.002121
0 0.634377 0.237338 0.000954 0.001061
0 0.634377 0.235746 0.000954 0.001591
0 0.634472 0.232962 0.000954 0.001326
0 0.634090 0.252718 0.001336 0.001591
0 0.632659 0.274330 0.000954 0.001326
0 0.632659 0.273270 0.001336 0.001326
0 0.632659 0.271281 0.001145 0.001591
0 0.632707 0.269955 0.001050 0.001591
0 0.632850 0.268762 0.000954 0.001326
0 0.632802 0.267436 0.001050 0.001326
0 0.632993 0.266110 0.001050 0.001326
0 0.634090 0.251260 0.000954 0.001326
0 0.633995 0.254840 0.000954 0.001591
0 0.630559 0.250994 0.001145 0.001326
0 0.633852 0.270485 0.001241 0.001591
0 0.647022 0.238663 0.001050 0.001591
0 0.647118 0.237205 0.001050 0.001326
0 0.647022 0.235614 0.001050 0.001326
0 0.647118 0.233758 0.001050 0.001326
0 0.633900 0.274861 0.001145 0.001326
0 0.633852 0.273270 0.001241 0.001326
0 0.633756 0.271811 0.001241 0.001591
0 0.633900 0.269027 0.001145 0.001326
0 0.634138 0.256298 0.001050 0.001856
0 0.633900 0.267833 0.001336 0.001591
0 0.633900 0.266640 0.001145 0.001326
0 0.633947 0.265182 0.001050 0.001591
0 0.633995 0.263591 0.001145 0.001591
0 0.633995 0.262132 0.000954 0.001326
0 0.633995 0.259745 0.001145 0.001326
0 0.633995 0.258287 0.001145 0.001591
0 0.632945 0.264784 0.000954 0.001326
0 0.632945 0.263325 0.000954 0.001591
0 0.632850 0.261602 0.000764 0.001326
0 0.630416 0.264784 0.001050 0.001326
0 0.633327 0.232697 0.000954 0.001326
0 0.630321 0.273402 0.001050 0.002121
0 0.630368 0.271546 0.001145 0.001591
0 0.630321 0.270220 0.001050 0.001591
0 0.630464 0.268762 0.000954 0.001326
0 0.630321 0.267436 0.001241 0.001326
0 0.630416 0.265977 0.001050 0.001591
0 0.630464 0.263458 0.001145 0.001856
0 0.632897 0.260276 0.000859 0.001326
0 0.630464 0.261867 0.001145 0.001326
0 0.630464 0.260541 0.001145 0.001326
0 0.630416 0.259215 0.001050 0.001326
0 0.630512 0.257757 0.001241 0.001061
0 0.630559 0.256431 0.000954 0.001591
0 0.630512 0.253911 0.001050 0.001326
0 0.630607 0.252453 0.001050 0.001591
0 0.633375 0.234155 0.000859 0.001591
0 0.633232 0.235614 0.000954 0.001326
0 0.633232 0.236940 0.000954 0.001326
0 0.633232 0.238266 0.001145 0.001326
0 0.632897 0.259348 0.000859 0.001061
0 0.632850 0.258022 0.000954 0.001591
0 0.632850 0.256563 0.001145 0.001326
0 0.632897 0.255237 0.000859 0.001326
0 0.632945 0.253911 0.000954 0.001326
0 0.632850 0.252453 0.000954 0.001591
0 0.632945 0.251127 0.000954 0.001591
0 0.633088 0.249271 0.000859 0.001591
0 0.633088 0.247945 0.001050 0.001061
0 0.633041 0.246884 0.001145 0.001591
0 0.633088 0.245293 0.001050 0.001591
0 0.633184 0.243702 0.001050 0.001591
0 0.633232 0.241978 0.000954 0.001326
0 0.633136 0.241050 0.000954 0.001061
0 0.633279 0.239989 0.000859 0.001591
0 0.625740 0.260011 0.001050 0.001326
0 0.625835 0.257094 0.000859 0.001326
0 0.685388 0.208433 0.001050 0.003182
0 0.679328 0.285733 0.001336 0.001326
0 0.620204 0.239857 0.001050 0.001326
0 0.609181 0.270088 0.000573 0.003447
0 0.608943 0.274463 0.000477 0.003182
0 0.609611 0.275126 0.000668 0.003447
0 0.610660 0.269027 0.000477 0.003447
0 0.610279 0.273800 0.000668 0.003447
0 0.674365 0.292230 0.000573 0.003182
0 0.676751 0.289844 0.001145 0.001591
0 0.620013 0.242509 0.001050 0.001326
0 0.682430 0.287722 0.001050 0.001591
0 0.684100 0.287722 0.001145 0.001591
0 0.692737 0.288385 0.001050 0.001326
0 0.685818 0.288120 0.001145 0.001326
0 0.687011 0.288518 0.001050 0.001591
0 0.683098 0.289844 0.001050 0.001591
0 0.680617 0.287457 0.001050 0.001061
0 0.620061 0.241183 0.001145 0.001326
0 0.620061 0.244100 0.000954 0.001326
0 0.677706 0.285070 0.001145 0.002121
0 0.616673 0.252320 0.001241 0.001326
0 0.616578 0.260541 0.001050 0.001326
0 0.616721 0.258154 0.000954 0.001326
0 0.668019 0.258552 0.001050 0.001591
0 0.668114 0.255503 0.001050 0.001856
0 0.616673 0.257094 0.001050 0.001326
0 0.616625 0.255768 0.001145 0.001326
0 0.616721 0.253646 0.001145 0.001326
0 0.616721 0.250729 0.000954 0.001326
0 0.620061 0.245426 0.001145 0.001326
0 0.616721 0.249403 0.000954 0.001326
0 0.616864 0.242906 0.000859 0.001591
0 0.616959 0.241050 0.000859 0.001591
0 0.617055 0.239857 0.001050 0.001326
0 0.619870 0.261337 0.000954 0.002387
0 0.619918 0.259745 0.001241 0.003447
0 0.619775 0.258420 0.000954 0.002387
0 0.681094 0.285998 0.001050 0.001326
0 0.678374 0.283612 0.000954 0.001326
0 0.625835 0.255768 0.000859 0.001326
0 0.674461 0.242376 0.000573 0.003182
0 0.668305 0.238929 0.001050 0.001591
0 0.668114 0.237603 0.001241 0.001591
0 0.673697 0.254707 0.000573 0.003447
0 0.674365 0.250331 0.000573 0.002652
0 0.674986 0.254309 0.000668 0.003182
0 0.675701 0.245558 0.000573 0.004243
0 0.675177 0.240387 0.000668 0.003447
0 0.675845 0.234553 0.000477 0.003447
0 0.671264 0.256033 0.000477 0.002917
0 0.673840 0.238133 0.000477 0.003182
0 0.671741 0.234155 0.000668 0.003713
0 0.670262 0.239459 0.000573 0.003713
0 0.687679 0.208565 0.000477 0.003447
0 0.687202 0.208698 0.000477 0.002652
0 0.686772 0.208300 0.000382 0.002387
0 0.685961 0.208300 0.001050 0.003447
0 0.672075 0.252188 0.000573 0.003713
0 0.670071 0.255900 0.000382 0.002652
0 0.676417 0.284407 0.001050 0.002387
0 0.670977 0.279104 0.000668 0.003447
0 0.677658 0.287722 0.001050 0.001591
0 0.676560 0.287722 0.000954 0.001061
0 0.675224 0.285468 0.000382 0.002387
0 0.676465 0.282418 0.001336 0.002652
0 0.674508 0.279899 0.000477 0.002917
0 0.673268 0.281093 0.000477 0.002652
0 0.673888 0.283081 0.000573 0.003447
0 0.671741 0.282021 0.000477 0.002387
0 0.674174 0.261734 0.000573 0.003713
0 0.675272 0.276054 0.000477 0.003182
0 0.674699 0.272474 0.000477 0.003447
0 0.671216 0.266905 0.000573 0.002917
0 0.671836 0.269159 0.000477 0.003182
0 0.673459 0.268762 0.000477 0.002917
0 0.674508 0.267436 0.000477 0.003447
0 0.675415 0.265579 0.000573 0.003447
0 0.616625 0.262132 0.000954 0.001326
0 0.616530 0.265712 0.000954 0.001591
0 0.616578 0.268099 0.001241 0.001591
0 0.623497 0.258022 0.000954 0.001591
0 0.623211 0.267966 0.001145 0.001326
0 0.623258 0.266640 0.001050 0.001326
0 0.623258 0.265049 0.001050 0.001326
0 0.623211 0.263856 0.000954 0.001061
0 0.623258 0.262530 0.001050 0.001591
0 0.623354 0.260939 0.001241 0.001061
0 0.623449 0.259480 0.000859 0.001326
0 0.623545 0.256165 0.001050 0.001591
0 0.623258 0.270618 0.001050 0.001326
0 0.623449 0.254177 0.001050 0.001326
0 0.623545 0.252718 0.001050 0.001061
0 0.623545 0.250994 0.001050 0.001856
0 0.623401 0.249801 0.001145 0.001591
0 0.623449 0.248210 0.001241 0.001061
0 0.623497 0.246884 0.001145 0.001591
0 0.623592 0.245691 0.000954 0.001326
0 0.623306 0.269292 0.001145 0.001326
0 0.623258 0.271944 0.001050 0.001326
0 0.619822 0.271944 0.000668 0.002917
0 0.625931 0.244630 0.001050 0.001326
0 0.625931 0.254442 0.001050 0.001326
0 0.625931 0.252983 0.001241 0.001061
0 0.625883 0.251392 0.001145 0.001591
0 0.625931 0.249801 0.001050 0.001591
0 0.625931 0.248740 0.001241 0.001061
0 0.625978 0.247547 0.000954 0.001326
0 0.625978 0.245956 0.001145 0.001326
0 0.626026 0.242906 0.001050 0.001061
0 0.624069 0.266640 0.000573 0.002917
0 0.625978 0.241713 0.000954 0.001326
0 0.626026 0.240520 0.001050 0.001061
0 0.626026 0.238531 0.001050 0.001326
0 0.626074 0.237338 0.001145 0.001061
0 0.626121 0.236144 0.001050 0.001326
0 0.626121 0.234818 0.000859 0.001326
0 0.626169 0.233095 0.000954 0.001591
0 0.623592 0.244232 0.001145 0.001591
0 0.623497 0.242906 0.001145 0.001591
0 0.623592 0.241580 0.001145 0.001591
0 0.622208 0.260939 0.001050 0.001061
0 0.622304 0.251260 0.001050 0.000796
0 0.622304 0.252586 0.001050 0.001326
0 0.622447 0.253779 0.001145 0.001591
0 0.622304 0.255370 0.001050 0.001061
0 0.622352 0.256431 0.000954 0.001591
0 0.622304 0.258154 0.000859 0.001326
0 0.622304 0.259348 0.000859 0.001061
0 0.622208 0.262265 0.001050 0.001591
0 0.623735 0.240122 0.001050 0.001326
0 0.622208 0.263591 0.001050 0.001061
0 0.622113 0.264916 0.000859 0.001061
0 0.622113 0.266110 0.000859 0.001326
0 0.622113 0.267303 0.000859 0.001061
0 0.622161 0.268762 0.000954 0.001856
0 0.622018 0.270220 0.000859 0.001591
0 0.622113 0.271679 0.001050 0.001326
0 0.622399 0.249801 0.000859 0.001591
0 0.622399 0.248343 0.001050 0.001326
0 0.622304 0.247017 0.001050 0.001326
0 0.622495 0.245691 0.001050 0.001326
0 0.623735 0.238663 0.001050 0.001591
0 0.623688 0.237205 0.000954 0.001326
0 0.623783 0.236144 0.001145 0.001326
0 0.623783 0.234421 0.001145 0.001591
0 0.623783 0.232962 0.001145 0.001326
0 0.623879 0.231769 0.000954 0.001591
0 0.622590 0.232829 0.000859 0.002121
0 0.622638 0.234553 0.000954 0.001326
0 0.622590 0.235879 0.001050 0.001326
0 0.622686 0.237072 0.001050 0.001061
0 0.622590 0.238398 0.001050 0.001591
0 0.622590 0.239724 0.001050 0.001591
0 0.622447 0.241315 0.000954 0.001591
0 0.622447 0.242641 0.000954 0.001591
0 0.622495 0.244365 0.001050 0.001326
