EDNet 1.0 ✅ Python-3.10.4 ✅ torch-2.8.0+cu128 ✅CUDA:0 (NVIDIA A100-SXM4-40GB, 40441MiB)
[34m[1mengine/trainer: [0mtask=detect, mode=train, model=/home/ddwilde/scriptie/pretrained/small.pt, data=/home/ddwilde/scriptie/yaml/DOTA.yaml, epochs=50, time=None, patience=100, batch=4, imgsz=640, save=True, save_period=-1, cache=False, device=None, workers=8, project=/home/ddwilde/scriptie/runs/dota_saab_lora, name=stage1-saab, exist_ok=False, pretrained=True, optimizer=auto, verbose=True, seed=0, deterministic=True, single_cls=False, rect=False, cos_lr=False, close_mosaic=10, resume=False, amp=True, fraction=1.0, profile=False, freeze=None, multi_scale=False, lora={'enable': True, 'freeze_backbone': True}, continual={'enable': False, 'batches': [], 'adapter_strategy': 'last', 'save_history': True}, replay={'enable': False, 'tap_layers': {'P3': 16, 'P4': 25}, 'tiny_max_pixels': 128, 'context_scale': 1.5, 'buffer_per_class': 64, 'sample_per_batch': 16, 'loss_weight': 1.0, 'scale_weighting': 'stride', 'store_dir': 'replay', 'buffer_file': 'buffer.pt', 'init_buffer': None, 'carryover_growth': 1.5, 'memory_dir': None, 'memory_ratio': 0.25}, stage={'active_classes': [9, 10]}, overlap_mask=True, mask_ratio=4, dropout=0.0, val=True, split=val, save_json=False, save_hybrid=False, conf=None, iou=0.7, max_det=300, half=False, dnn=False, plots=True, source=None, vid_stride=1, stream_buffer=False, visualize=False, augment=False, agnostic_nms=False, classes=None, retina_masks=False, embed=None, show=False, save_frames=False, save_txt=False, save_conf=False, save_crop=False, show_labels=True, show_conf=True, show_boxes=True, line_width=None, format=torchscript, keras=False, optimize=False, int8=False, dynamic=False, simplify=False, opset=None, workspace=4, nms=False, lr0=0.01, lrf=0.01, momentum=0.937, weight_decay=0.0005, warmup_epochs=3.0, warmup_momentum=0.8, warmup_bias_lr=0.1, box=7.5, cls=0.5, dfl=1.5, pose=12.0, kobj=1.0, label_smoothing=0.0, nbs=64, hsv_h=0.015, hsv_s=0.7, hsv_v=0.4, degrees=0.0, translate=0.1, scale=0.5, shear=0.0, perspective=0.0, flipud=0.0, fliplr=0.5, bgr=0.0, mosaic=1.0, mixup=0.0, copy_paste=0.0, auto_augment=randaugment, erasing=0.4, crop_fraction=1.0, cfg=None, tracker=botsort.yaml, save_dir=/home/ddwilde/scriptie/runs/dota_saab_lora/stage1-saab
Overriding model.yaml nc=10 with nc=15

                   from  n    params  module                                       arguments                     
  0                  -1  1       928  ednet.nn.modules.conv.Conv                   [3, 32, 3, 2]                 
  1                  -1  1     18560  ednet.nn.modules.conv.Conv                   [32, 64, 3, 2]                
  2                  -1  1     29056  ednet.nn.modules.block.C2f                   [64, 64, 1, True]             
  3                  -1  1     73984  ednet.nn.modules.conv.Conv                   [64, 128, 3, 2]               
  4                  -1  2    197632  ednet.nn.modules.block.C2f                   [128, 128, 2, True]           
  5                  -1  1    295424  ednet.nn.modules.conv.Conv                   [128, 256, 3, 2]              
  6                  -1  2    420864  ednet.nn.modules.block.C2f_FCA               [256, 256, 2, True]           
  7                  -1  1   1180672  ednet.nn.modules.conv.Conv                   [256, 512, 3, 2]              
  8                  -1  1   1095680  ednet.nn.modules.block.C2f_FCA               [512, 512, 1, True]           
  9                  -1  1    656896  ednet.nn.modules.block.SPPF                  [512, 512, 5]                 
 10                  -1  1    990976  ednet.nn.modules.block.PSA                   [512, 512]                    
 11                  -1  1         0  torch.nn.modules.upsampling.Upsample         [None, 2, 'nearest']          
 12             [-1, 6]  1         0  ednet.nn.modules.conv.Concat                 [1]                           
 13                  -1  1    591360  ednet.nn.modules.block.C2f                   [768, 256, 1]                 
 14                  -1  1         0  torch.nn.modules.upsampling.Upsample         [None, 2, 'nearest']          
 15             [-1, 4]  1         0  ednet.nn.modules.conv.Concat                 [1]                           
 16                  -1  1    148224  ednet.nn.modules.block.C2f                   [384, 128, 1]                 
 17                  -1  1         0  torch.nn.modules.upsampling.Upsample         [None, 2, 'nearest']          
 18             [-1, 2]  1         0  ednet.nn.modules.conv.Concat                 [1]                           
 19                  -1  1     37248  ednet.nn.modules.block.C2f                   [192, 64, 1]                  
 20                  -1  1     36992  ednet.nn.modules.conv.Conv                   [64, 64, 3, 2]                
 21            [-1, 16]  1         0  ednet.nn.modules.conv.Concat                 [1]                           
 22                  -1  1    123648  ednet.nn.modules.block.C2f                   [192, 128, 1]                 
 23                  -1  1    147712  ednet.nn.modules.conv.Conv                   [128, 128, 3, 2]              
 24            [-1, 13]  1         0  ednet.nn.modules.conv.Concat                 [1]                           
 25                  -1  1    493056  ednet.nn.modules.block.C2f                   [384, 256, 1]                 
 26                  -1  1     68864  ednet.nn.modules.block.SCDown                [256, 256, 3, 2]              
 27             [-1, 9]  1         0  ednet.nn.modules.conv.Concat                 [1]                           
 28                  -1  1   1089536  ednet.nn.modules.block.C2fCIB                [768, 512, 1, True, True]     
 29    [19, 22, 25, 28]  1   1628424  ednet.nn.modules.head.v10Detect              [15, [64, 128, 256, 512]]     
ednet-s summary: 510 layers, 9,325,736 parameters, 9,325,720 gradients

Active classes for this stage: (9, 10)
Transferred 737/753 items from pretrained weights
LoRA enabled: 28 adapters (rank=8, alpha=16.0, freeze_backbone=True)
[34m[1mTensorBoard: [0mStart with 'tensorboard --logdir /home/ddwilde/scriptie/runs/dota_saab_lora/stage1-saab', view at http://localhost:6006/
WARNING ⚠️ setting 'requires_grad=True' for frozen layer 'model.0.conv.weight'. See ednet.engine.trainer for customization of frozen layers.
WARNING ⚠️ setting 'requires_grad=True' for frozen layer 'model.0.bn.weight'. See ednet.engine.trainer for customization of frozen layers.
WARNING ⚠️ setting 'requires_grad=True' for frozen layer 'model.0.bn.bias'. See ednet.engine.trainer for customization of frozen layers.
WARNING ⚠️ setting 'requires_grad=True' for frozen layer 'model.1.conv.weight'. See ednet.engine.trainer for customization of frozen layers.
WARNING ⚠️ setting 'requires_grad=True' for frozen layer 'model.1.bn.weight'. See ednet.engine.trainer for customization of frozen layers.
WARNING ⚠️ setting 'requires_grad=True' for frozen layer 'model.1.bn.bias'. See ednet.engine.trainer for customization of frozen layers.
WARNING ⚠️ setting 'requires_grad=True' for frozen layer 'model.2.cv1.conv.weight'. See ednet.engine.trainer for customization of frozen layers.
WARNING ⚠️ setting 'requires_grad=True' for frozen layer 'model.2.cv1.bn.weight'. See ednet.engine.trainer for customization of frozen layers.
WARNING ⚠️ setting 'requires_grad=True' for frozen layer 'model.2.cv1.bn.bias'. See ednet.engine.trainer for customization of frozen layers.
WARNING ⚠️ setting 'requires_grad=True' for frozen layer 'model.2.cv2.conv.weight'. See ednet.engine.trainer for customization of frozen layers.
WARNING ⚠️ setting 'requires_grad=True' for frozen layer 'model.2.cv2.bn.weight'. See ednet.engine.trainer for customization of frozen layers.
WARNING ⚠️ setting 'requires_grad=True' for frozen layer 'model.2.cv2.bn.bias'. See ednet.engine.trainer for customization of frozen layers.
WARNING ⚠️ setting 'requires_grad=True' for frozen layer 'model.2.m.0.cv1.conv.weight'. See ednet.engine.trainer for customization of frozen layers.
WARNING ⚠️ setting 'requires_grad=True' for frozen layer 'model.2.m.0.cv1.bn.weight'. See ednet.engine.trainer for customization of frozen layers.
WARNING ⚠️ setting 'requires_grad=True' for frozen layer 'model.2.m.0.cv1.bn.bias'. See ednet.engine.trainer for customization of frozen layers.
WARNING ⚠️ setting 'requires_grad=True' for frozen layer 'model.2.m.0.cv2.conv.weight'. See ednet.engine.trainer for customization of frozen layers.
WARNING ⚠️ setting 'requires_grad=True' for frozen layer 'model.2.m.0.cv2.bn.weight'. See ednet.engine.trainer for customization of frozen layers.
WARNING ⚠️ setting 'requires_grad=True' for frozen layer 'model.2.m.0.cv2.bn.bias'. See ednet.engine.trainer for customization of frozen layers.
WARNING ⚠️ setting 'requires_grad=True' for frozen layer 'model.3.conv.weight'. See ednet.engine.trainer for customization of frozen layers.
WARNING ⚠️ setting 'requires_grad=True' for frozen layer 'model.3.bn.weight'. See ednet.engine.trainer for customization of frozen layers.
WARNING ⚠️ setting 'requires_grad=True' for frozen layer 'model.3.bn.bias'. See ednet.engine.trainer for customization of frozen layers.
WARNING ⚠️ setting 'requires_grad=True' for frozen layer 'model.4.cv1.conv.weight'. See ednet.engine.trainer for customization of frozen layers.
WARNING ⚠️ setting 'requires_grad=True' for frozen layer 'model.4.cv1.bn.weight'. See ednet.engine.trainer for customization of frozen layers.
WARNING ⚠️ setting 'requires_grad=True' for frozen layer 'model.4.cv1.bn.bias'. See ednet.engine.trainer for customization of frozen layers.
WARNING ⚠️ setting 'requires_grad=True' for frozen layer 'model.4.cv2.conv.weight'. See ednet.engine.trainer for customization of frozen layers.
WARNING ⚠️ setting 'requires_grad=True' for frozen layer 'model.4.cv2.bn.weight'. See ednet.engine.trainer for customization of frozen layers.
WARNING ⚠️ setting 'requires_grad=True' for frozen layer 'model.4.cv2.bn.bias'. See ednet.engine.trainer for customization of frozen layers.
WARNING ⚠️ setting 'requires_grad=True' for frozen layer 'model.4.m.0.cv1.conv.weight'. See ednet.engine.trainer for customization of frozen layers.
WARNING ⚠️ setting 'requires_grad=True' for frozen layer 'model.4.m.0.cv1.bn.weight'. See ednet.engine.trainer for customization of frozen layers.
WARNING ⚠️ setting 'requires_grad=True' for frozen layer 'model.4.m.0.cv1.bn.bias'. See ednet.engine.trainer for customization of frozen layers.
WARNING ⚠️ setting 'requires_grad=True' for frozen layer 'model.4.m.0.cv2.conv.weight'. See ednet.engine.trainer for customization of frozen layers.
WARNING ⚠️ setting 'requires_grad=True' for frozen layer 'model.4.m.0.cv2.bn.weight'. See ednet.engine.trainer for customization of frozen layers.
WARNING ⚠️ setting 'requires_grad=True' for frozen layer 'model.4.m.0.cv2.bn.bias'. See ednet.engine.trainer for customization of frozen layers.
WARNING ⚠️ setting 'requires_grad=True' for frozen layer 'model.4.m.1.cv1.conv.weight'. See ednet.engine.trainer for customization of frozen layers.
WARNING ⚠️ setting 'requires_grad=True' for frozen layer 'model.4.m.1.cv1.bn.weight'. See ednet.engine.trainer for customization of frozen layers.
WARNING ⚠️ setting 'requires_grad=True' for frozen layer 'model.4.m.1.cv1.bn.bias'. See ednet.engine.trainer for customization of frozen layers.
WARNING ⚠️ setting 'requires_grad=True' for frozen layer 'model.4.m.1.cv2.conv.weight'. See ednet.engine.trainer for customization of frozen layers.
WARNING ⚠️ setting 'requires_grad=True' for frozen layer 'model.4.m.1.cv2.bn.weight'. See ednet.engine.trainer for customization of frozen layers.
WARNING ⚠️ setting 'requires_grad=True' for frozen layer 'model.4.m.1.cv2.bn.bias'. See ednet.engine.trainer for customization of frozen layers.
WARNING ⚠️ setting 'requires_grad=True' for frozen layer 'model.5.conv.weight'. See ednet.engine.trainer for customization of frozen layers.
WARNING ⚠️ setting 'requires_grad=True' for frozen layer 'model.5.bn.weight'. See ednet.engine.trainer for customization of frozen layers.
WARNING ⚠️ setting 'requires_grad=True' for frozen layer 'model.5.bn.bias'. See ednet.engine.trainer for customization of frozen layers.
WARNING ⚠️ setting 'requires_grad=True' for frozen layer 'model.6.cv1.conv.weight'. See ednet.engine.trainer for customization of frozen layers.
WARNING ⚠️ setting 'requires_grad=True' for frozen layer 'model.6.cv1.bn.weight'. See ednet.engine.trainer for customization of frozen layers.
WARNING ⚠️ setting 'requires_grad=True' for frozen layer 'model.6.cv1.bn.bias'. See ednet.engine.trainer for customization of frozen layers.
WARNING ⚠️ setting 'requires_grad=True' for frozen layer 'model.6.cv2.conv.weight'. See ednet.engine.trainer for customization of frozen layers.
WARNING ⚠️ setting 'requires_grad=True' for frozen layer 'model.6.cv2.bn.weight'. See ednet.engine.trainer for customization of frozen layers.
WARNING ⚠️ setting 'requires_grad=True' for frozen layer 'model.6.cv2.bn.bias'. See ednet.engine.trainer for customization of frozen layers.
WARNING ⚠️ setting 'requires_grad=True' for frozen layer 'model.6.m.0.mlp.0.conv.weight'. See ednet.engine.trainer for customization of frozen layers.
WARNING ⚠️ setting 'requires_grad=True' for frozen layer 'model.6.m.0.mlp.0.bn.weight'. See ednet.engine.trainer for customization of frozen layers.
WARNING ⚠️ setting 'requires_grad=True' for frozen layer 'model.6.m.0.mlp.0.bn.bias'. See ednet.engine.trainer for customization of frozen layers.
WARNING ⚠️ setting 'requires_grad=True' for frozen layer 'model.6.m.0.mlp.1.weight'. See ednet.engine.trainer for customization of frozen layers.
WARNING ⚠️ setting 'requires_grad=True' for frozen layer 'model.6.m.0.spatial_mixing.PConv3.weight'. See ednet.engine.trainer for customization of frozen layers.
WARNING ⚠️ setting 'requires_grad=True' for frozen layer 'model.6.m.0.attention.conv1.conv.weight'. See ednet.engine.trainer for customization of frozen layers.
WARNING ⚠️ setting 'requires_grad=True' for frozen layer 'model.6.m.0.attention.conv1.bn.weight'. See ednet.engine.trainer for customization of frozen layers.
WARNING ⚠️ setting 'requires_grad=True' for frozen layer 'model.6.m.0.attention.conv1.bn.bias'. See ednet.engine.trainer for customization of frozen layers.
WARNING ⚠️ setting 'requires_grad=True' for frozen layer 'model.6.m.0.attention.h_conv.conv.weight'. See ednet.engine.trainer for customization of frozen layers.
WARNING ⚠️ setting 'requires_grad=True' for frozen layer 'model.6.m.0.attention.h_conv.conv.bias'. See ednet.engine.trainer for customization of frozen layers.
WARNING ⚠️ setting 'requires_grad=True' for frozen layer 'model.6.m.0.attention.v_conv.conv.weight'. See ednet.engine.trainer for customization of frozen layers.
WARNING ⚠️ setting 'requires_grad=True' for frozen layer 'model.6.m.0.attention.v_conv.conv.bias'. See ednet.engine.trainer for customization of frozen layers.
WARNING ⚠️ setting 'requires_grad=True' for frozen layer 'model.6.m.0.attention.conv2.conv.weight'. See ednet.engine.trainer for customization of frozen layers.
WARNING ⚠️ setting 'requires_grad=True' for frozen layer 'model.6.m.0.attention.conv2.bn.weight'. See ednet.engine.trainer for customization of frozen layers.
WARNING ⚠️ setting 'requires_grad=True' for frozen layer 'model.6.m.0.attention.conv2.bn.bias'. See ednet.engine.trainer for customization of frozen layers.
WARNING ⚠️ setting 'requires_grad=True' for frozen layer 'model.6.m.1.mlp.0.conv.weight'. See ednet.engine.trainer for customization of frozen layers.
WARNING ⚠️ setting 'requires_grad=True' for frozen layer 'model.6.m.1.mlp.0.bn.weight'. See ednet.engine.trainer for customization of frozen layers.
WARNING ⚠️ setting 'requires_grad=True' for frozen layer 'model.6.m.1.mlp.0.bn.bias'. See ednet.engine.trainer for customization of frozen layers.
WARNING ⚠️ setting 'requires_grad=True' for frozen layer 'model.6.m.1.mlp.1.weight'. See ednet.engine.trainer for customization of frozen layers.
WARNING ⚠️ setting 'requires_grad=True' for frozen layer 'model.6.m.1.spatial_mixing.PConv3.weight'. See ednet.engine.trainer for customization of frozen layers.
WARNING ⚠️ setting 'requires_grad=True' for frozen layer 'model.6.m.1.attention.conv1.conv.weight'. See ednet.engine.trainer for customization of frozen layers.
WARNING ⚠️ setting 'requires_grad=True' for frozen layer 'model.6.m.1.attention.conv1.bn.weight'. See ednet.engine.trainer for customization of frozen layers.
WARNING ⚠️ setting 'requires_grad=True' for frozen layer 'model.6.m.1.attention.conv1.bn.bias'. See ednet.engine.trainer for customization of frozen layers.
WARNING ⚠️ setting 'requires_grad=True' for frozen layer 'model.6.m.1.attention.h_conv.conv.weight'. See ednet.engine.trainer for customization of frozen layers.
WARNING ⚠️ setting 'requires_grad=True' for frozen layer 'model.6.m.1.attention.h_conv.conv.bias'. See ednet.engine.trainer for customization of frozen layers.
WARNING ⚠️ setting 'requires_grad=True' for frozen layer 'model.6.m.1.attention.v_conv.conv.weight'. See ednet.engine.trainer for customization of frozen layers.
WARNING ⚠️ setting 'requires_grad=True' for frozen layer 'model.6.m.1.attention.v_conv.conv.bias'. See ednet.engine.trainer for customization of frozen layers.
WARNING ⚠️ setting 'requires_grad=True' for frozen layer 'model.6.m.1.attention.conv2.conv.weight'. See ednet.engine.trainer for customization of frozen layers.
WARNING ⚠️ setting 'requires_grad=True' for frozen layer 'model.6.m.1.attention.conv2.bn.weight'. See ednet.engine.trainer for customization of frozen layers.
WARNING ⚠️ setting 'requires_grad=True' for frozen layer 'model.6.m.1.attention.conv2.bn.bias'. See ednet.engine.trainer for customization of frozen layers.
WARNING ⚠️ setting 'requires_grad=True' for frozen layer 'model.7.conv.weight'. See ednet.engine.trainer for customization of frozen layers.
WARNING ⚠️ setting 'requires_grad=True' for frozen layer 'model.7.bn.weight'. See ednet.engine.trainer for customization of frozen layers.
WARNING ⚠️ setting 'requires_grad=True' for frozen layer 'model.7.bn.bias'. See ednet.engine.trainer for customization of frozen layers.
WARNING ⚠️ setting 'requires_grad=True' for frozen layer 'model.8.cv1.conv.weight'. See ednet.engine.trainer for customization of frozen layers.
WARNING ⚠️ setting 'requires_grad=True' for frozen layer 'model.8.cv1.bn.weight'. See ednet.engine.trainer for customization of frozen layers.
WARNING ⚠️ setting 'requires_grad=True' for frozen layer 'model.8.cv1.bn.bias'. See ednet.engine.trainer for customization of frozen layers.
WARNING ⚠️ setting 'requires_grad=True' for frozen layer 'model.8.cv2.conv.weight'. See ednet.engine.trainer for customization of frozen layers.
WARNING ⚠️ setting 'requires_grad=True' for frozen layer 'model.8.cv2.bn.weight'. See ednet.engine.trainer for customization of frozen layers.
WARNING ⚠️ setting 'requires_grad=True' for frozen layer 'model.8.cv2.bn.bias'. See ednet.engine.trainer for customization of frozen layers.
WARNING ⚠️ setting 'requires_grad=True' for frozen layer 'model.8.m.0.mlp.0.conv.weight'. See ednet.engine.trainer for customization of frozen layers.
WARNING ⚠️ setting 'requires_grad=True' for frozen layer 'model.8.m.0.mlp.0.bn.weight'. See ednet.engine.trainer for customization of frozen layers.
WARNING ⚠️ setting 'requires_grad=True' for frozen layer 'model.8.m.0.mlp.0.bn.bias'. See ednet.engine.trainer for customization of frozen layers.
WARNING ⚠️ setting 'requires_grad=True' for frozen layer 'model.8.m.0.mlp.1.weight'. See ednet.engine.trainer for customization of frozen layers.
WARNING ⚠️ setting 'requires_grad=True' for frozen layer 'model.8.m.0.spatial_mixing.PConv3.weight'. See ednet.engine.trainer for customization of frozen layers.
WARNING ⚠️ setting 'requires_grad=True' for frozen layer 'model.8.m.0.attention.conv1.conv.weight'. See ednet.engine.trainer for customization of frozen layers.
WARNING ⚠️ setting 'requires_grad=True' for frozen layer 'model.8.m.0.attention.conv1.bn.weight'. See ednet.engine.trainer for customization of frozen layers.
WARNING ⚠️ setting 'requires_grad=True' for frozen layer 'model.8.m.0.attention.conv1.bn.bias'. See ednet.engine.trainer for customization of frozen layers.
WARNING ⚠️ setting 'requires_grad=True' for frozen layer 'model.8.m.0.attention.h_conv.conv.weight'. See ednet.engine.trainer for customization of frozen layers.
WARNING ⚠️ setting 'requires_grad=True' for frozen layer 'model.8.m.0.attention.h_conv.conv.bias'. See ednet.engine.trainer for customization of frozen layers.
WARNING ⚠️ setting 'requires_grad=True' for frozen layer 'model.8.m.0.attention.v_conv.conv.weight'. See ednet.engine.trainer for customization of frozen layers.
WARNING ⚠️ setting 'requires_grad=True' for frozen layer 'model.8.m.0.attention.v_conv.conv.bias'. See ednet.engine.trainer for customization of frozen layers.
WARNING ⚠️ setting 'requires_grad=True' for frozen layer 'model.8.m.0.attention.conv2.conv.weight'. See ednet.engine.trainer for customization of frozen layers.
WARNING ⚠️ setting 'requires_grad=True' for frozen layer 'model.8.m.0.attention.conv2.bn.weight'. See ednet.engine.trainer for customization of frozen layers.
WARNING ⚠️ setting 'requires_grad=True' for frozen layer 'model.8.m.0.attention.conv2.bn.bias'. See ednet.engine.trainer for customization of frozen layers.
WARNING ⚠️ setting 'requires_grad=True' for frozen layer 'model.9.cv1.conv.weight'. See ednet.engine.trainer for customization of frozen layers.
WARNING ⚠️ setting 'requires_grad=True' for frozen layer 'model.9.cv1.bn.weight'. See ednet.engine.trainer for customization of frozen layers.
WARNING ⚠️ setting 'requires_grad=True' for frozen layer 'model.9.cv1.bn.bias'. See ednet.engine.trainer for customization of frozen layers.
WARNING ⚠️ setting 'requires_grad=True' for frozen layer 'model.9.cv2.conv.weight'. See ednet.engine.trainer for customization of frozen layers.
WARNING ⚠️ setting 'requires_grad=True' for frozen layer 'model.9.cv2.bn.weight'. See ednet.engine.trainer for customization of frozen layers.
WARNING ⚠️ setting 'requires_grad=True' for frozen layer 'model.9.cv2.bn.bias'. See ednet.engine.trainer for customization of frozen layers.
WARNING ⚠️ setting 'requires_grad=True' for frozen layer 'model.10.cv1.conv.weight'. See ednet.engine.trainer for customization of frozen layers.
WARNING ⚠️ setting 'requires_grad=True' for frozen layer 'model.10.cv1.bn.weight'. See ednet.engine.trainer for customization of frozen layers.
WARNING ⚠️ setting 'requires_grad=True' for frozen layer 'model.10.cv1.bn.bias'. See ednet.engine.trainer for customization of frozen layers.
WARNING ⚠️ setting 'requires_grad=True' for frozen layer 'model.10.cv2.conv.weight'. See ednet.engine.trainer for customization of frozen layers.
WARNING ⚠️ setting 'requires_grad=True' for frozen layer 'model.10.cv2.bn.weight'. See ednet.engine.trainer for customization of frozen layers.
WARNING ⚠️ setting 'requires_grad=True' for frozen layer 'model.10.cv2.bn.bias'. See ednet.engine.trainer for customization of frozen layers.
WARNING ⚠️ setting 'requires_grad=True' for frozen layer 'model.10.attn.qkv.conv.weight'. See ednet.engine.trainer for customization of frozen layers.
WARNING ⚠️ setting 'requires_grad=True' for frozen layer 'model.10.attn.qkv.bn.weight'. See ednet.engine.trainer for customization of frozen layers.
WARNING ⚠️ setting 'requires_grad=True' for frozen layer 'model.10.attn.qkv.bn.bias'. See ednet.engine.trainer for customization of frozen layers.
WARNING ⚠️ setting 'requires_grad=True' for frozen layer 'model.10.attn.proj.conv.weight'. See ednet.engine.trainer for customization of frozen layers.
WARNING ⚠️ setting 'requires_grad=True' for frozen layer 'model.10.attn.proj.bn.weight'. See ednet.engine.trainer for customization of frozen layers.
WARNING ⚠️ setting 'requires_grad=True' for frozen layer 'model.10.attn.proj.bn.bias'. See ednet.engine.trainer for customization of frozen layers.
WARNING ⚠️ setting 'requires_grad=True' for frozen layer 'model.10.attn.pe.conv.weight'. See ednet.engine.trainer for customization of frozen layers.
WARNING ⚠️ setting 'requires_grad=True' for frozen layer 'model.10.attn.pe.bn.weight'. See ednet.engine.trainer for customization of frozen layers.
WARNING ⚠️ setting 'requires_grad=True' for frozen layer 'model.10.attn.pe.bn.bias'. See ednet.engine.trainer for customization of frozen layers.
WARNING ⚠️ setting 'requires_grad=True' for frozen layer 'model.10.ffn.0.conv.weight'. See ednet.engine.trainer for customization of frozen layers.
WARNING ⚠️ setting 'requires_grad=True' for frozen layer 'model.10.ffn.0.bn.weight'. See ednet.engine.trainer for customization of frozen layers.
WARNING ⚠️ setting 'requires_grad=True' for frozen layer 'model.10.ffn.0.bn.bias'. See ednet.engine.trainer for customization of frozen layers.
WARNING ⚠️ setting 'requires_grad=True' for frozen layer 'model.10.ffn.1.conv.weight'. See ednet.engine.trainer for customization of frozen layers.
WARNING ⚠️ setting 'requires_grad=True' for frozen layer 'model.10.ffn.1.bn.weight'. See ednet.engine.trainer for customization of frozen layers.
WARNING ⚠️ setting 'requires_grad=True' for frozen layer 'model.10.ffn.1.bn.bias'. See ednet.engine.trainer for customization of frozen layers.
WARNING ⚠️ setting 'requires_grad=True' for frozen layer 'model.13.cv1.conv.weight'. See ednet.engine.trainer for customization of frozen layers.
WARNING ⚠️ setting 'requires_grad=True' for frozen layer 'model.13.cv1.bn.weight'. See ednet.engine.trainer for customization of frozen layers.
WARNING ⚠️ setting 'requires_grad=True' for frozen layer 'model.13.cv1.bn.bias'. See ednet.engine.trainer for customization of frozen layers.
WARNING ⚠️ setting 'requires_grad=True' for frozen layer 'model.13.cv2.conv.weight'. See ednet.engine.trainer for customization of frozen layers.
WARNING ⚠️ setting 'requires_grad=True' for frozen layer 'model.13.cv2.bn.weight'. See ednet.engine.trainer for customization of frozen layers.
WARNING ⚠️ setting 'requires_grad=True' for frozen layer 'model.13.cv2.bn.bias'. See ednet.engine.trainer for customization of frozen layers.
WARNING ⚠️ setting 'requires_grad=True' for frozen layer 'model.13.m.0.cv1.conv.weight'. See ednet.engine.trainer for customization of frozen layers.
WARNING ⚠️ setting 'requires_grad=True' for frozen layer 'model.13.m.0.cv1.bn.weight'. See ednet.engine.trainer for customization of frozen layers.
WARNING ⚠️ setting 'requires_grad=True' for frozen layer 'model.13.m.0.cv1.bn.bias'. See ednet.engine.trainer for customization of frozen layers.
WARNING ⚠️ setting 'requires_grad=True' for frozen layer 'model.13.m.0.cv2.conv.weight'. See ednet.engine.trainer for customization of frozen layers.
WARNING ⚠️ setting 'requires_grad=True' for frozen layer 'model.13.m.0.cv2.bn.weight'. See ednet.engine.trainer for customization of frozen layers.
WARNING ⚠️ setting 'requires_grad=True' for frozen layer 'model.13.m.0.cv2.bn.bias'. See ednet.engine.trainer for customization of frozen layers.
WARNING ⚠️ setting 'requires_grad=True' for frozen layer 'model.16.cv1.conv.base.weight'. See ednet.engine.trainer for customization of frozen layers.
WARNING ⚠️ setting 'requires_grad=True' for frozen layer 'model.16.cv1.bn.weight'. See ednet.engine.trainer for customization of frozen layers.
WARNING ⚠️ setting 'requires_grad=True' for frozen layer 'model.16.cv1.bn.bias'. See ednet.engine.trainer for customization of frozen layers.
WARNING ⚠️ setting 'requires_grad=True' for frozen layer 'model.16.cv2.conv.base.weight'. See ednet.engine.trainer for customization of frozen layers.
WARNING ⚠️ setting 'requires_grad=True' for frozen layer 'model.16.cv2.bn.weight'. See ednet.engine.trainer for customization of frozen layers.
WARNING ⚠️ setting 'requires_grad=True' for frozen layer 'model.16.cv2.bn.bias'. See ednet.engine.trainer for customization of frozen layers.
WARNING ⚠️ setting 'requires_grad=True' for frozen layer 'model.16.m.0.cv1.conv.base.weight'. See ednet.engine.trainer for customization of frozen layers.
WARNING ⚠️ setting 'requires_grad=True' for frozen layer 'model.16.m.0.cv1.bn.weight'. See ednet.engine.trainer for customization of frozen layers.
WARNING ⚠️ setting 'requires_grad=True' for frozen layer 'model.16.m.0.cv1.bn.bias'. See ednet.engine.trainer for customization of frozen layers.
WARNING ⚠️ setting 'requires_grad=True' for frozen layer 'model.16.m.0.cv2.conv.base.weight'. See ednet.engine.trainer for customization of frozen layers.
WARNING ⚠️ setting 'requires_grad=True' for frozen layer 'model.16.m.0.cv2.bn.weight'. See ednet.engine.trainer for customization of frozen layers.
WARNING ⚠️ setting 'requires_grad=True' for frozen layer 'model.16.m.0.cv2.bn.bias'. See ednet.engine.trainer for customization of frozen layers.
WARNING ⚠️ setting 'requires_grad=True' for frozen layer 'model.19.cv1.conv.weight'. See ednet.engine.trainer for customization of frozen layers.
WARNING ⚠️ setting 'requires_grad=True' for frozen layer 'model.19.cv1.bn.weight'. See ednet.engine.trainer for customization of frozen layers.
WARNING ⚠️ setting 'requires_grad=True' for frozen layer 'model.19.cv1.bn.bias'. See ednet.engine.trainer for customization of frozen layers.
WARNING ⚠️ setting 'requires_grad=True' for frozen layer 'model.19.cv2.conv.weight'. See ednet.engine.trainer for customization of frozen layers.
WARNING ⚠️ setting 'requires_grad=True' for frozen layer 'model.19.cv2.bn.weight'. See ednet.engine.trainer for customization of frozen layers.
WARNING ⚠️ setting 'requires_grad=True' for frozen layer 'model.19.cv2.bn.bias'. See ednet.engine.trainer for customization of frozen layers.
WARNING ⚠️ setting 'requires_grad=True' for frozen layer 'model.19.m.0.cv1.conv.weight'. See ednet.engine.trainer for customization of frozen layers.
WARNING ⚠️ setting 'requires_grad=True' for frozen layer 'model.19.m.0.cv1.bn.weight'. See ednet.engine.trainer for customization of frozen layers.
WARNING ⚠️ setting 'requires_grad=True' for frozen layer 'model.19.m.0.cv1.bn.bias'. See ednet.engine.trainer for customization of frozen layers.
WARNING ⚠️ setting 'requires_grad=True' for frozen layer 'model.19.m.0.cv2.conv.weight'. See ednet.engine.trainer for customization of frozen layers.
WARNING ⚠️ setting 'requires_grad=True' for frozen layer 'model.19.m.0.cv2.bn.weight'. See ednet.engine.trainer for customization of frozen layers.
WARNING ⚠️ setting 'requires_grad=True' for frozen layer 'model.19.m.0.cv2.bn.bias'. See ednet.engine.trainer for customization of frozen layers.
WARNING ⚠️ setting 'requires_grad=True' for frozen layer 'model.20.conv.weight'. See ednet.engine.trainer for customization of frozen layers.
WARNING ⚠️ setting 'requires_grad=True' for frozen layer 'model.20.bn.weight'. See ednet.engine.trainer for customization of frozen layers.
WARNING ⚠️ setting 'requires_grad=True' for frozen layer 'model.20.bn.bias'. See ednet.engine.trainer for customization of frozen layers.
WARNING ⚠️ setting 'requires_grad=True' for frozen layer 'model.22.cv1.conv.base.weight'. See ednet.engine.trainer for customization of frozen layers.
WARNING ⚠️ setting 'requires_grad=True' for frozen layer 'model.22.cv1.bn.weight'. See ednet.engine.trainer for customization of frozen layers.
WARNING ⚠️ setting 'requires_grad=True' for frozen layer 'model.22.cv1.bn.bias'. See ednet.engine.trainer for customization of frozen layers.
WARNING ⚠️ setting 'requires_grad=True' for frozen layer 'model.22.cv2.conv.base.weight'. See ednet.engine.trainer for customization of frozen layers.
WARNING ⚠️ setting 'requires_grad=True' for frozen layer 'model.22.cv2.bn.weight'. See ednet.engine.trainer for customization of frozen layers.
WARNING ⚠️ setting 'requires_grad=True' for frozen layer 'model.22.cv2.bn.bias'. See ednet.engine.trainer for customization of frozen layers.
WARNING ⚠️ setting 'requires_grad=True' for frozen layer 'model.22.m.0.cv1.conv.base.weight'. See ednet.engine.trainer for customization of frozen layers.
WARNING ⚠️ setting 'requires_grad=True' for frozen layer 'model.22.m.0.cv1.bn.weight'. See ednet.engine.trainer for customization of frozen layers.
WARNING ⚠️ setting 'requires_grad=True' for frozen layer 'model.22.m.0.cv1.bn.bias'. See ednet.engine.trainer for customization of frozen layers.
WARNING ⚠️ setting 'requires_grad=True' for frozen layer 'model.22.m.0.cv2.conv.base.weight'. See ednet.engine.trainer for customization of frozen layers.
WARNING ⚠️ setting 'requires_grad=True' for frozen layer 'model.22.m.0.cv2.bn.weight'. See ednet.engine.trainer for customization of frozen layers.
WARNING ⚠️ setting 'requires_grad=True' for frozen layer 'model.22.m.0.cv2.bn.bias'. See ednet.engine.trainer for customization of frozen layers.
WARNING ⚠️ setting 'requires_grad=True' for frozen layer 'model.23.conv.weight'. See ednet.engine.trainer for customization of frozen layers.
WARNING ⚠️ setting 'requires_grad=True' for frozen layer 'model.23.bn.weight'. See ednet.engine.trainer for customization of frozen layers.
WARNING ⚠️ setting 'requires_grad=True' for frozen layer 'model.23.bn.bias'. See ednet.engine.trainer for customization of frozen layers.
WARNING ⚠️ setting 'requires_grad=True' for frozen layer 'model.25.cv1.conv.base.weight'. See ednet.engine.trainer for customization of frozen layers.
WARNING ⚠️ setting 'requires_grad=True' for frozen layer 'model.25.cv1.bn.weight'. See ednet.engine.trainer for customization of frozen layers.
WARNING ⚠️ setting 'requires_grad=True' for frozen layer 'model.25.cv1.bn.bias'. See ednet.engine.trainer for customization of frozen layers.
WARNING ⚠️ setting 'requires_grad=True' for frozen layer 'model.25.cv2.conv.base.weight'. See ednet.engine.trainer for customization of frozen layers.
WARNING ⚠️ setting 'requires_grad=True' for frozen layer 'model.25.cv2.bn.weight'. See ednet.engine.trainer for customization of frozen layers.
WARNING ⚠️ setting 'requires_grad=True' for frozen layer 'model.25.cv2.bn.bias'. See ednet.engine.trainer for customization of frozen layers.
WARNING ⚠️ setting 'requires_grad=True' for frozen layer 'model.25.m.0.cv1.conv.base.weight'. See ednet.engine.trainer for customization of frozen layers.
WARNING ⚠️ setting 'requires_grad=True' for frozen layer 'model.25.m.0.cv1.bn.weight'. See ednet.engine.trainer for customization of frozen layers.
WARNING ⚠️ setting 'requires_grad=True' for frozen layer 'model.25.m.0.cv1.bn.bias'. See ednet.engine.trainer for customization of frozen layers.
WARNING ⚠️ setting 'requires_grad=True' for frozen layer 'model.25.m.0.cv2.conv.base.weight'. See ednet.engine.trainer for customization of frozen layers.
WARNING ⚠️ setting 'requires_grad=True' for frozen layer 'model.25.m.0.cv2.bn.weight'. See ednet.engine.trainer for customization of frozen layers.
WARNING ⚠️ setting 'requires_grad=True' for frozen layer 'model.25.m.0.cv2.bn.bias'. See ednet.engine.trainer for customization of frozen layers.
WARNING ⚠️ setting 'requires_grad=True' for frozen layer 'model.26.cv1.conv.weight'. See ednet.engine.trainer for customization of frozen layers.
WARNING ⚠️ setting 'requires_grad=True' for frozen layer 'model.26.cv1.bn.weight'. See ednet.engine.trainer for customization of frozen layers.
WARNING ⚠️ setting 'requires_grad=True' for frozen layer 'model.26.cv1.bn.bias'. See ednet.engine.trainer for customization of frozen layers.
WARNING ⚠️ setting 'requires_grad=True' for frozen layer 'model.26.cv2.conv.weight'. See ednet.engine.trainer for customization of frozen layers.
WARNING ⚠️ setting 'requires_grad=True' for frozen layer 'model.26.cv2.bn.weight'. See ednet.engine.trainer for customization of frozen layers.
WARNING ⚠️ setting 'requires_grad=True' for frozen layer 'model.26.cv2.bn.bias'. See ednet.engine.trainer for customization of frozen layers.
WARNING ⚠️ setting 'requires_grad=True' for frozen layer 'model.28.cv1.conv.weight'. See ednet.engine.trainer for customization of frozen layers.
WARNING ⚠️ setting 'requires_grad=True' for frozen layer 'model.28.cv1.bn.weight'. See ednet.engine.trainer for customization of frozen layers.
WARNING ⚠️ setting 'requires_grad=True' for frozen layer 'model.28.cv1.bn.bias'. See ednet.engine.trainer for customization of frozen layers.
WARNING ⚠️ setting 'requires_grad=True' for frozen layer 'model.28.cv2.conv.weight'. See ednet.engine.trainer for customization of frozen layers.
WARNING ⚠️ setting 'requires_grad=True' for frozen layer 'model.28.cv2.bn.weight'. See ednet.engine.trainer for customization of frozen layers.
WARNING ⚠️ setting 'requires_grad=True' for frozen layer 'model.28.cv2.bn.bias'. See ednet.engine.trainer for customization of frozen layers.
WARNING ⚠️ setting 'requires_grad=True' for frozen layer 'model.28.m.0.cv1.0.conv.weight'. See ednet.engine.trainer for customization of frozen layers.
WARNING ⚠️ setting 'requires_grad=True' for frozen layer 'model.28.m.0.cv1.0.bn.weight'. See ednet.engine.trainer for customization of frozen layers.
WARNING ⚠️ setting 'requires_grad=True' for frozen layer 'model.28.m.0.cv1.0.bn.bias'. See ednet.engine.trainer for customization of frozen layers.
WARNING ⚠️ setting 'requires_grad=True' for frozen layer 'model.28.m.0.cv1.1.conv.weight'. See ednet.engine.trainer for customization of frozen layers.
WARNING ⚠️ setting 'requires_grad=True' for frozen layer 'model.28.m.0.cv1.1.bn.weight'. See ednet.engine.trainer for customization of frozen layers.
WARNING ⚠️ setting 'requires_grad=True' for frozen layer 'model.28.m.0.cv1.1.bn.bias'. See ednet.engine.trainer for customization of frozen layers.
WARNING ⚠️ setting 'requires_grad=True' for frozen layer 'model.28.m.0.cv1.2.conv.conv.weight'. See ednet.engine.trainer for customization of frozen layers.
WARNING ⚠️ setting 'requires_grad=True' for frozen layer 'model.28.m.0.cv1.2.conv.bn.weight'. See ednet.engine.trainer for customization of frozen layers.
WARNING ⚠️ setting 'requires_grad=True' for frozen layer 'model.28.m.0.cv1.2.conv.bn.bias'. See ednet.engine.trainer for customization of frozen layers.
WARNING ⚠️ setting 'requires_grad=True' for frozen layer 'model.28.m.0.cv1.2.conv1.conv.weight'. See ednet.engine.trainer for customization of frozen layers.
WARNING ⚠️ setting 'requires_grad=True' for frozen layer 'model.28.m.0.cv1.2.conv1.bn.weight'. See ednet.engine.trainer for customization of frozen layers.
WARNING ⚠️ setting 'requires_grad=True' for frozen layer 'model.28.m.0.cv1.2.conv1.bn.bias'. See ednet.engine.trainer for customization of frozen layers.
WARNING ⚠️ setting 'requires_grad=True' for frozen layer 'model.28.m.0.cv1.3.conv.weight'. See ednet.engine.trainer for customization of frozen layers.
WARNING ⚠️ setting 'requires_grad=True' for frozen layer 'model.28.m.0.cv1.3.bn.weight'. See ednet.engine.trainer for customization of frozen layers.
WARNING ⚠️ setting 'requires_grad=True' for frozen layer 'model.28.m.0.cv1.3.bn.bias'. See ednet.engine.trainer for customization of frozen layers.
WARNING ⚠️ setting 'requires_grad=True' for frozen layer 'model.28.m.0.cv1.4.conv.weight'. See ednet.engine.trainer for customization of frozen layers.
WARNING ⚠️ setting 'requires_grad=True' for frozen layer 'model.28.m.0.cv1.4.bn.weight'. See ednet.engine.trainer for customization of frozen layers.
WARNING ⚠️ setting 'requires_grad=True' for frozen layer 'model.28.m.0.cv1.4.bn.bias'. See ednet.engine.trainer for customization of frozen layers.
WARNING ⚠️ setting 'requires_grad=True' for frozen layer 'model.29.cv2.0.0.conv.base.weight'. See ednet.engine.trainer for customization of frozen layers.
WARNING ⚠️ setting 'requires_grad=True' for frozen layer 'model.29.cv2.0.0.bn.weight'. See ednet.engine.trainer for customization of frozen layers.
WARNING ⚠️ setting 'requires_grad=True' for frozen layer 'model.29.cv2.0.0.bn.bias'. See ednet.engine.trainer for customization of frozen layers.
WARNING ⚠️ setting 'requires_grad=True' for frozen layer 'model.29.cv2.0.1.conv.base.weight'. See ednet.engine.trainer for customization of frozen layers.
WARNING ⚠️ setting 'requires_grad=True' for frozen layer 'model.29.cv2.0.1.bn.weight'. See ednet.engine.trainer for customization of frozen layers.
WARNING ⚠️ setting 'requires_grad=True' for frozen layer 'model.29.cv2.0.1.bn.bias'. See ednet.engine.trainer for customization of frozen layers.
WARNING ⚠️ setting 'requires_grad=True' for frozen layer 'model.29.cv2.0.2.weight'. See ednet.engine.trainer for customization of frozen layers.
WARNING ⚠️ setting 'requires_grad=True' for frozen layer 'model.29.cv2.0.2.bias'. See ednet.engine.trainer for customization of frozen layers.
WARNING ⚠️ setting 'requires_grad=True' for frozen layer 'model.29.cv2.1.0.conv.base.weight'. See ednet.engine.trainer for customization of frozen layers.
WARNING ⚠️ setting 'requires_grad=True' for frozen layer 'model.29.cv2.1.0.bn.weight'. See ednet.engine.trainer for customization of frozen layers.
WARNING ⚠️ setting 'requires_grad=True' for frozen layer 'model.29.cv2.1.0.bn.bias'. See ednet.engine.trainer for customization of frozen layers.
WARNING ⚠️ setting 'requires_grad=True' for frozen layer 'model.29.cv2.1.1.conv.base.weight'. See ednet.engine.trainer for customization of frozen layers.
WARNING ⚠️ setting 'requires_grad=True' for frozen layer 'model.29.cv2.1.1.bn.weight'. See ednet.engine.trainer for customization of frozen layers.
WARNING ⚠️ setting 'requires_grad=True' for frozen layer 'model.29.cv2.1.1.bn.bias'. See ednet.engine.trainer for customization of frozen layers.
WARNING ⚠️ setting 'requires_grad=True' for frozen layer 'model.29.cv2.1.2.weight'. See ednet.engine.trainer for customization of frozen layers.
WARNING ⚠️ setting 'requires_grad=True' for frozen layer 'model.29.cv2.1.2.bias'. See ednet.engine.trainer for customization of frozen layers.
WARNING ⚠️ setting 'requires_grad=True' for frozen layer 'model.29.cv2.2.0.conv.base.weight'. See ednet.engine.trainer for customization of frozen layers.
WARNING ⚠️ setting 'requires_grad=True' for frozen layer 'model.29.cv2.2.0.bn.weight'. See ednet.engine.trainer for customization of frozen layers.
WARNING ⚠️ setting 'requires_grad=True' for frozen layer 'model.29.cv2.2.0.bn.bias'. See ednet.engine.trainer for customization of frozen layers.
WARNING ⚠️ setting 'requires_grad=True' for frozen layer 'model.29.cv2.2.1.conv.base.weight'. See ednet.engine.trainer for customization of frozen layers.
WARNING ⚠️ setting 'requires_grad=True' for frozen layer 'model.29.cv2.2.1.bn.weight'. See ednet.engine.trainer for customization of frozen layers.
WARNING ⚠️ setting 'requires_grad=True' for frozen layer 'model.29.cv2.2.1.bn.bias'. See ednet.engine.trainer for customization of frozen layers.
WARNING ⚠️ setting 'requires_grad=True' for frozen layer 'model.29.cv2.2.2.weight'. See ednet.engine.trainer for customization of frozen layers.
WARNING ⚠️ setting 'requires_grad=True' for frozen layer 'model.29.cv2.2.2.bias'. See ednet.engine.trainer for customization of frozen layers.
WARNING ⚠️ setting 'requires_grad=True' for frozen layer 'model.29.cv2.3.0.conv.base.weight'. See ednet.engine.trainer for customization of frozen layers.
WARNING ⚠️ setting 'requires_grad=True' for frozen layer 'model.29.cv2.3.0.bn.weight'. See ednet.engine.trainer for customization of frozen layers.
WARNING ⚠️ setting 'requires_grad=True' for frozen layer 'model.29.cv2.3.0.bn.bias'. See ednet.engine.trainer for customization of frozen layers.
WARNING ⚠️ setting 'requires_grad=True' for frozen layer 'model.29.cv2.3.1.conv.base.weight'. See ednet.engine.trainer for customization of frozen layers.
WARNING ⚠️ setting 'requires_grad=True' for frozen layer 'model.29.cv2.3.1.bn.weight'. See ednet.engine.trainer for customization of frozen layers.
WARNING ⚠️ setting 'requires_grad=True' for frozen layer 'model.29.cv2.3.1.bn.bias'. See ednet.engine.trainer for customization of frozen layers.
WARNING ⚠️ setting 'requires_grad=True' for frozen layer 'model.29.cv2.3.2.weight'. See ednet.engine.trainer for customization of frozen layers.
WARNING ⚠️ setting 'requires_grad=True' for frozen layer 'model.29.cv2.3.2.bias'. See ednet.engine.trainer for customization of frozen layers.
WARNING ⚠️ setting 'requires_grad=True' for frozen layer 'model.29.cv3.0.0.0.conv.weight'. See ednet.engine.trainer for customization of frozen layers.
WARNING ⚠️ setting 'requires_grad=True' for frozen layer 'model.29.cv3.0.0.0.bn.weight'. See ednet.engine.trainer for customization of frozen layers.
WARNING ⚠️ setting 'requires_grad=True' for frozen layer 'model.29.cv3.0.0.0.bn.bias'. See ednet.engine.trainer for customization of frozen layers.
WARNING ⚠️ setting 'requires_grad=True' for frozen layer 'model.29.cv3.0.0.1.conv.base.weight'. See ednet.engine.trainer for customization of frozen layers.
WARNING ⚠️ setting 'requires_grad=True' for frozen layer 'model.29.cv3.0.0.1.bn.weight'. See ednet.engine.trainer for customization of frozen layers.
WARNING ⚠️ setting 'requires_grad=True' for frozen layer 'model.29.cv3.0.0.1.bn.bias'. See ednet.engine.trainer for customization of frozen layers.
WARNING ⚠️ setting 'requires_grad=True' for frozen layer 'model.29.cv3.0.1.0.conv.weight'. See ednet.engine.trainer for customization of frozen layers.
WARNING ⚠️ setting 'requires_grad=True' for frozen layer 'model.29.cv3.0.1.0.bn.weight'. See ednet.engine.trainer for customization of frozen layers.
WARNING ⚠️ setting 'requires_grad=True' for frozen layer 'model.29.cv3.0.1.0.bn.bias'. See ednet.engine.trainer for customization of frozen layers.
WARNING ⚠️ setting 'requires_grad=True' for frozen layer 'model.29.cv3.0.1.1.conv.base.weight'. See ednet.engine.trainer for customization of frozen layers.
WARNING ⚠️ setting 'requires_grad=True' for frozen layer 'model.29.cv3.0.1.1.bn.weight'. See ednet.engine.trainer for customization of frozen layers.
WARNING ⚠️ setting 'requires_grad=True' for frozen layer 'model.29.cv3.0.1.1.bn.bias'. See ednet.engine.trainer for customization of frozen layers.
WARNING ⚠️ setting 'requires_grad=True' for frozen layer 'model.29.cv3.0.2.weight'. See ednet.engine.trainer for customization of frozen layers.
WARNING ⚠️ setting 'requires_grad=True' for frozen layer 'model.29.cv3.0.2.bias'. See ednet.engine.trainer for customization of frozen layers.
WARNING ⚠️ setting 'requires_grad=True' for frozen layer 'model.29.cv3.1.0.0.conv.weight'. See ednet.engine.trainer for customization of frozen layers.
WARNING ⚠️ setting 'requires_grad=True' for frozen layer 'model.29.cv3.1.0.0.bn.weight'. See ednet.engine.trainer for customization of frozen layers.
WARNING ⚠️ setting 'requires_grad=True' for frozen layer 'model.29.cv3.1.0.0.bn.bias'. See ednet.engine.trainer for customization of frozen layers.
WARNING ⚠️ setting 'requires_grad=True' for frozen layer 'model.29.cv3.1.0.1.conv.base.weight'. See ednet.engine.trainer for customization of frozen layers.
WARNING ⚠️ setting 'requires_grad=True' for frozen layer 'model.29.cv3.1.0.1.bn.weight'. See ednet.engine.trainer for customization of frozen layers.
WARNING ⚠️ setting 'requires_grad=True' for frozen layer 'model.29.cv3.1.0.1.bn.bias'. See ednet.engine.trainer for customization of frozen layers.
WARNING ⚠️ setting 'requires_grad=True' for frozen layer 'model.29.cv3.1.1.0.conv.weight'. See ednet.engine.trainer for customization of frozen layers.
WARNING ⚠️ setting 'requires_grad=True' for frozen layer 'model.29.cv3.1.1.0.bn.weight'. See ednet.engine.trainer for customization of frozen layers.
WARNING ⚠️ setting 'requires_grad=True' for frozen layer 'model.29.cv3.1.1.0.bn.bias'. See ednet.engine.trainer for customization of frozen layers.
WARNING ⚠️ setting 'requires_grad=True' for frozen layer 'model.29.cv3.1.1.1.conv.base.weight'. See ednet.engine.trainer for customization of frozen layers.
WARNING ⚠️ setting 'requires_grad=True' for frozen layer 'model.29.cv3.1.1.1.bn.weight'. See ednet.engine.trainer for customization of frozen layers.
WARNING ⚠️ setting 'requires_grad=True' for frozen layer 'model.29.cv3.1.1.1.bn.bias'. See ednet.engine.trainer for customization of frozen layers.
WARNING ⚠️ setting 'requires_grad=True' for frozen layer 'model.29.cv3.1.2.weight'. See ednet.engine.trainer for customization of frozen layers.
WARNING ⚠️ setting 'requires_grad=True' for frozen layer 'model.29.cv3.1.2.bias'. See ednet.engine.trainer for customization of frozen layers.
WARNING ⚠️ setting 'requires_grad=True' for frozen layer 'model.29.cv3.2.0.0.conv.weight'. See ednet.engine.trainer for customization of frozen layers.
WARNING ⚠️ setting 'requires_grad=True' for frozen layer 'model.29.cv3.2.0.0.bn.weight'. See ednet.engine.trainer for customization of frozen layers.
WARNING ⚠️ setting 'requires_grad=True' for frozen layer 'model.29.cv3.2.0.0.bn.bias'. See ednet.engine.trainer for customization of frozen layers.
WARNING ⚠️ setting 'requires_grad=True' for frozen layer 'model.29.cv3.2.0.1.conv.base.weight'. See ednet.engine.trainer for customization of frozen layers.
WARNING ⚠️ setting 'requires_grad=True' for frozen layer 'model.29.cv3.2.0.1.bn.weight'. See ednet.engine.trainer for customization of frozen layers.
WARNING ⚠️ setting 'requires_grad=True' for frozen layer 'model.29.cv3.2.0.1.bn.bias'. See ednet.engine.trainer for customization of frozen layers.
WARNING ⚠️ setting 'requires_grad=True' for frozen layer 'model.29.cv3.2.1.0.conv.weight'. See ednet.engine.trainer for customization of frozen layers.
WARNING ⚠️ setting 'requires_grad=True' for frozen layer 'model.29.cv3.2.1.0.bn.weight'. See ednet.engine.trainer for customization of frozen layers.
WARNING ⚠️ setting 'requires_grad=True' for frozen layer 'model.29.cv3.2.1.0.bn.bias'. See ednet.engine.trainer for customization of frozen layers.
WARNING ⚠️ setting 'requires_grad=True' for frozen layer 'model.29.cv3.2.1.1.conv.base.weight'. See ednet.engine.trainer for customization of frozen layers.
WARNING ⚠️ setting 'requires_grad=True' for frozen layer 'model.29.cv3.2.1.1.bn.weight'. See ednet.engine.trainer for customization of frozen layers.
WARNING ⚠️ setting 'requires_grad=True' for frozen layer 'model.29.cv3.2.1.1.bn.bias'. See ednet.engine.trainer for customization of frozen layers.
WARNING ⚠️ setting 'requires_grad=True' for frozen layer 'model.29.cv3.2.2.weight'. See ednet.engine.trainer for customization of frozen layers.
WARNING ⚠️ setting 'requires_grad=True' for frozen layer 'model.29.cv3.2.2.bias'. See ednet.engine.trainer for customization of frozen layers.
WARNING ⚠️ setting 'requires_grad=True' for frozen layer 'model.29.cv3.3.0.0.conv.weight'. See ednet.engine.trainer for customization of frozen layers.
WARNING ⚠️ setting 'requires_grad=True' for frozen layer 'model.29.cv3.3.0.0.bn.weight'. See ednet.engine.trainer for customization of frozen layers.
WARNING ⚠️ setting 'requires_grad=True' for frozen layer 'model.29.cv3.3.0.0.bn.bias'. See ednet.engine.trainer for customization of frozen layers.
WARNING ⚠️ setting 'requires_grad=True' for frozen layer 'model.29.cv3.3.0.1.conv.base.weight'. See ednet.engine.trainer for customization of frozen layers.
WARNING ⚠️ setting 'requires_grad=True' for frozen layer 'model.29.cv3.3.0.1.bn.weight'. See ednet.engine.trainer for customization of frozen layers.
WARNING ⚠️ setting 'requires_grad=True' for frozen layer 'model.29.cv3.3.0.1.bn.bias'. See ednet.engine.trainer for customization of frozen layers.
WARNING ⚠️ setting 'requires_grad=True' for frozen layer 'model.29.cv3.3.1.0.conv.weight'. See ednet.engine.trainer for customization of frozen layers.
WARNING ⚠️ setting 'requires_grad=True' for frozen layer 'model.29.cv3.3.1.0.bn.weight'. See ednet.engine.trainer for customization of frozen layers.
WARNING ⚠️ setting 'requires_grad=True' for frozen layer 'model.29.cv3.3.1.0.bn.bias'. See ednet.engine.trainer for customization of frozen layers.
WARNING ⚠️ setting 'requires_grad=True' for frozen layer 'model.29.cv3.3.1.1.conv.base.weight'. See ednet.engine.trainer for customization of frozen layers.
WARNING ⚠️ setting 'requires_grad=True' for frozen layer 'model.29.cv3.3.1.1.bn.weight'. See ednet.engine.trainer for customization of frozen layers.
WARNING ⚠️ setting 'requires_grad=True' for frozen layer 'model.29.cv3.3.1.1.bn.bias'. See ednet.engine.trainer for customization of frozen layers.
WARNING ⚠️ setting 'requires_grad=True' for frozen layer 'model.29.cv3.3.2.weight'. See ednet.engine.trainer for customization of frozen layers.
WARNING ⚠️ setting 'requires_grad=True' for frozen layer 'model.29.cv3.3.2.bias'. See ednet.engine.trainer for customization of frozen layers.
Freezing layer 'model.29.dfl.conv.weight'
WARNING ⚠️ setting 'requires_grad=True' for frozen layer 'model.29.one2one_cv2.0.0.conv.weight'. See ednet.engine.trainer for customization of frozen layers.
WARNING ⚠️ setting 'requires_grad=True' for frozen layer 'model.29.one2one_cv2.0.0.bn.weight'. See ednet.engine.trainer for customization of frozen layers.
WARNING ⚠️ setting 'requires_grad=True' for frozen layer 'model.29.one2one_cv2.0.0.bn.bias'. See ednet.engine.trainer for customization of frozen layers.
WARNING ⚠️ setting 'requires_grad=True' for frozen layer 'model.29.one2one_cv2.0.1.conv.weight'. See ednet.engine.trainer for customization of frozen layers.
WARNING ⚠️ setting 'requires_grad=True' for frozen layer 'model.29.one2one_cv2.0.1.bn.weight'. See ednet.engine.trainer for customization of frozen layers.
WARNING ⚠️ setting 'requires_grad=True' for frozen layer 'model.29.one2one_cv2.0.1.bn.bias'. See ednet.engine.trainer for customization of frozen layers.
WARNING ⚠️ setting 'requires_grad=True' for frozen layer 'model.29.one2one_cv2.0.2.weight'. See ednet.engine.trainer for customization of frozen layers.
WARNING ⚠️ setting 'requires_grad=True' for frozen layer 'model.29.one2one_cv2.0.2.bias'. See ednet.engine.trainer for customization of frozen layers.
WARNING ⚠️ setting 'requires_grad=True' for frozen layer 'model.29.one2one_cv2.1.0.conv.weight'. See ednet.engine.trainer for customization of frozen layers.
WARNING ⚠️ setting 'requires_grad=True' for frozen layer 'model.29.one2one_cv2.1.0.bn.weight'. See ednet.engine.trainer for customization of frozen layers.
WARNING ⚠️ setting 'requires_grad=True' for frozen layer 'model.29.one2one_cv2.1.0.bn.bias'. See ednet.engine.trainer for customization of frozen layers.
WARNING ⚠️ setting 'requires_grad=True' for frozen layer 'model.29.one2one_cv2.1.1.conv.weight'. See ednet.engine.trainer for customization of frozen layers.
WARNING ⚠️ setting 'requires_grad=True' for frozen layer 'model.29.one2one_cv2.1.1.bn.weight'. See ednet.engine.trainer for customization of frozen layers.
WARNING ⚠️ setting 'requires_grad=True' for frozen layer 'model.29.one2one_cv2.1.1.bn.bias'. See ednet.engine.trainer for customization of frozen layers.
WARNING ⚠️ setting 'requires_grad=True' for frozen layer 'model.29.one2one_cv2.1.2.weight'. See ednet.engine.trainer for customization of frozen layers.
WARNING ⚠️ setting 'requires_grad=True' for frozen layer 'model.29.one2one_cv2.1.2.bias'. See ednet.engine.trainer for customization of frozen layers.
WARNING ⚠️ setting 'requires_grad=True' for frozen layer 'model.29.one2one_cv2.2.0.conv.weight'. See ednet.engine.trainer for customization of frozen layers.
WARNING ⚠️ setting 'requires_grad=True' for frozen layer 'model.29.one2one_cv2.2.0.bn.weight'. See ednet.engine.trainer for customization of frozen layers.
WARNING ⚠️ setting 'requires_grad=True' for frozen layer 'model.29.one2one_cv2.2.0.bn.bias'. See ednet.engine.trainer for customization of frozen layers.
WARNING ⚠️ setting 'requires_grad=True' for frozen layer 'model.29.one2one_cv2.2.1.conv.weight'. See ednet.engine.trainer for customization of frozen layers.
WARNING ⚠️ setting 'requires_grad=True' for frozen layer 'model.29.one2one_cv2.2.1.bn.weight'. See ednet.engine.trainer for customization of frozen layers.
WARNING ⚠️ setting 'requires_grad=True' for frozen layer 'model.29.one2one_cv2.2.1.bn.bias'. See ednet.engine.trainer for customization of frozen layers.
WARNING ⚠️ setting 'requires_grad=True' for frozen layer 'model.29.one2one_cv2.2.2.weight'. See ednet.engine.trainer for customization of frozen layers.
WARNING ⚠️ setting 'requires_grad=True' for frozen layer 'model.29.one2one_cv2.2.2.bias'. See ednet.engine.trainer for customization of frozen layers.
WARNING ⚠️ setting 'requires_grad=True' for frozen layer 'model.29.one2one_cv2.3.0.conv.weight'. See ednet.engine.trainer for customization of frozen layers.
WARNING ⚠️ setting 'requires_grad=True' for frozen layer 'model.29.one2one_cv2.3.0.bn.weight'. See ednet.engine.trainer for customization of frozen layers.
WARNING ⚠️ setting 'requires_grad=True' for frozen layer 'model.29.one2one_cv2.3.0.bn.bias'. See ednet.engine.trainer for customization of frozen layers.
WARNING ⚠️ setting 'requires_grad=True' for frozen layer 'model.29.one2one_cv2.3.1.conv.weight'. See ednet.engine.trainer for customization of frozen layers.
WARNING ⚠️ setting 'requires_grad=True' for frozen layer 'model.29.one2one_cv2.3.1.bn.weight'. See ednet.engine.trainer for customization of frozen layers.
WARNING ⚠️ setting 'requires_grad=True' for frozen layer 'model.29.one2one_cv2.3.1.bn.bias'. See ednet.engine.trainer for customization of frozen layers.
WARNING ⚠️ setting 'requires_grad=True' for frozen layer 'model.29.one2one_cv2.3.2.weight'. See ednet.engine.trainer for customization of frozen layers.
WARNING ⚠️ setting 'requires_grad=True' for frozen layer 'model.29.one2one_cv2.3.2.bias'. See ednet.engine.trainer for customization of frozen layers.
WARNING ⚠️ setting 'requires_grad=True' for frozen layer 'model.29.one2one_cv3.0.0.0.conv.weight'. See ednet.engine.trainer for customization of frozen layers.
WARNING ⚠️ setting 'requires_grad=True' for frozen layer 'model.29.one2one_cv3.0.0.0.bn.weight'. See ednet.engine.trainer for customization of frozen layers.
WARNING ⚠️ setting 'requires_grad=True' for frozen layer 'model.29.one2one_cv3.0.0.0.bn.bias'. See ednet.engine.trainer for customization of frozen layers.
WARNING ⚠️ setting 'requires_grad=True' for frozen layer 'model.29.one2one_cv3.0.0.1.conv.weight'. See ednet.engine.trainer for customization of frozen layers.
WARNING ⚠️ setting 'requires_grad=True' for frozen layer 'model.29.one2one_cv3.0.0.1.bn.weight'. See ednet.engine.trainer for customization of frozen layers.
WARNING ⚠️ setting 'requires_grad=True' for frozen layer 'model.29.one2one_cv3.0.0.1.bn.bias'. See ednet.engine.trainer for customization of frozen layers.
WARNING ⚠️ setting 'requires_grad=True' for frozen layer 'model.29.one2one_cv3.0.1.0.conv.weight'. See ednet.engine.trainer for customization of frozen layers.
WARNING ⚠️ setting 'requires_grad=True' for frozen layer 'model.29.one2one_cv3.0.1.0.bn.weight'. See ednet.engine.trainer for customization of frozen layers.
WARNING ⚠️ setting 'requires_grad=True' for frozen layer 'model.29.one2one_cv3.0.1.0.bn.bias'. See ednet.engine.trainer for customization of frozen layers.
WARNING ⚠️ setting 'requires_grad=True' for frozen layer 'model.29.one2one_cv3.0.1.1.conv.weight'. See ednet.engine.trainer for customization of frozen layers.
WARNING ⚠️ setting 'requires_grad=True' for frozen layer 'model.29.one2one_cv3.0.1.1.bn.weight'. See ednet.engine.trainer for customization of frozen layers.
WARNING ⚠️ setting 'requires_grad=True' for frozen layer 'model.29.one2one_cv3.0.1.1.bn.bias'. See ednet.engine.trainer for customization of frozen layers.
WARNING ⚠️ setting 'requires_grad=True' for frozen layer 'model.29.one2one_cv3.0.2.weight'. See ednet.engine.trainer for customization of frozen layers.
WARNING ⚠️ setting 'requires_grad=True' for frozen layer 'model.29.one2one_cv3.0.2.bias'. See ednet.engine.trainer for customization of frozen layers.
WARNING ⚠️ setting 'requires_grad=True' for frozen layer 'model.29.one2one_cv3.1.0.0.conv.weight'. See ednet.engine.trainer for customization of frozen layers.
WARNING ⚠️ setting 'requires_grad=True' for frozen layer 'model.29.one2one_cv3.1.0.0.bn.weight'. See ednet.engine.trainer for customization of frozen layers.
WARNING ⚠️ setting 'requires_grad=True' for frozen layer 'model.29.one2one_cv3.1.0.0.bn.bias'. See ednet.engine.trainer for customization of frozen layers.
WARNING ⚠️ setting 'requires_grad=True' for frozen layer 'model.29.one2one_cv3.1.0.1.conv.weight'. See ednet.engine.trainer for customization of frozen layers.
WARNING ⚠️ setting 'requires_grad=True' for frozen layer 'model.29.one2one_cv3.1.0.1.bn.weight'. See ednet.engine.trainer for customization of frozen layers.
WARNING ⚠️ setting 'requires_grad=True' for frozen layer 'model.29.one2one_cv3.1.0.1.bn.bias'. See ednet.engine.trainer for customization of frozen layers.
WARNING ⚠️ setting 'requires_grad=True' for frozen layer 'model.29.one2one_cv3.1.1.0.conv.weight'. See ednet.engine.trainer for customization of frozen layers.
WARNING ⚠️ setting 'requires_grad=True' for frozen layer 'model.29.one2one_cv3.1.1.0.bn.weight'. See ednet.engine.trainer for customization of frozen layers.
WARNING ⚠️ setting 'requires_grad=True' for frozen layer 'model.29.one2one_cv3.1.1.0.bn.bias'. See ednet.engine.trainer for customization of frozen layers.
WARNING ⚠️ setting 'requires_grad=True' for frozen layer 'model.29.one2one_cv3.1.1.1.conv.weight'. See ednet.engine.trainer for customization of frozen layers.
WARNING ⚠️ setting 'requires_grad=True' for frozen layer 'model.29.one2one_cv3.1.1.1.bn.weight'. See ednet.engine.trainer for customization of frozen layers.
WARNING ⚠️ setting 'requires_grad=True' for frozen layer 'model.29.one2one_cv3.1.1.1.bn.bias'. See ednet.engine.trainer for customization of frozen layers.
WARNING ⚠️ setting 'requires_grad=True' for frozen layer 'model.29.one2one_cv3.1.2.weight'. See ednet.engine.trainer for customization of frozen layers.
WARNING ⚠️ setting 'requires_grad=True' for frozen layer 'model.29.one2one_cv3.1.2.bias'. See ednet.engine.trainer for customization of frozen layers.
WARNING ⚠️ setting 'requires_grad=True' for frozen layer 'model.29.one2one_cv3.2.0.0.conv.weight'. See ednet.engine.trainer for customization of frozen layers.
WARNING ⚠️ setting 'requires_grad=True' for frozen layer 'model.29.one2one_cv3.2.0.0.bn.weight'. See ednet.engine.trainer for customization of frozen layers.
WARNING ⚠️ setting 'requires_grad=True' for frozen layer 'model.29.one2one_cv3.2.0.0.bn.bias'. See ednet.engine.trainer for customization of frozen layers.
WARNING ⚠️ setting 'requires_grad=True' for frozen layer 'model.29.one2one_cv3.2.0.1.conv.weight'. See ednet.engine.trainer for customization of frozen layers.
WARNING ⚠️ setting 'requires_grad=True' for frozen layer 'model.29.one2one_cv3.2.0.1.bn.weight'. See ednet.engine.trainer for customization of frozen layers.
WARNING ⚠️ setting 'requires_grad=True' for frozen layer 'model.29.one2one_cv3.2.0.1.bn.bias'. See ednet.engine.trainer for customization of frozen layers.
WARNING ⚠️ setting 'requires_grad=True' for frozen layer 'model.29.one2one_cv3.2.1.0.conv.weight'. See ednet.engine.trainer for customization of frozen layers.
WARNING ⚠️ setting 'requires_grad=True' for frozen layer 'model.29.one2one_cv3.2.1.0.bn.weight'. See ednet.engine.trainer for customization of frozen layers.
WARNING ⚠️ setting 'requires_grad=True' for frozen layer 'model.29.one2one_cv3.2.1.0.bn.bias'. See ednet.engine.trainer for customization of frozen layers.
WARNING ⚠️ setting 'requires_grad=True' for frozen layer 'model.29.one2one_cv3.2.1.1.conv.weight'. See ednet.engine.trainer for customization of frozen layers.
WARNING ⚠️ setting 'requires_grad=True' for frozen layer 'model.29.one2one_cv3.2.1.1.bn.weight'. See ednet.engine.trainer for customization of frozen layers.
WARNING ⚠️ setting 'requires_grad=True' for frozen layer 'model.29.one2one_cv3.2.1.1.bn.bias'. See ednet.engine.trainer for customization of frozen layers.
WARNING ⚠️ setting 'requires_grad=True' for frozen layer 'model.29.one2one_cv3.2.2.weight'. See ednet.engine.trainer for customization of frozen layers.
WARNING ⚠️ setting 'requires_grad=True' for frozen layer 'model.29.one2one_cv3.2.2.bias'. See ednet.engine.trainer for customization of frozen layers.
WARNING ⚠️ setting 'requires_grad=True' for frozen layer 'model.29.one2one_cv3.3.0.0.conv.weight'. See ednet.engine.trainer for customization of frozen layers.
WARNING ⚠️ setting 'requires_grad=True' for frozen layer 'model.29.one2one_cv3.3.0.0.bn.weight'. See ednet.engine.trainer for customization of frozen layers.
WARNING ⚠️ setting 'requires_grad=True' for frozen layer 'model.29.one2one_cv3.3.0.0.bn.bias'. See ednet.engine.trainer for customization of frozen layers.
WARNING ⚠️ setting 'requires_grad=True' for frozen layer 'model.29.one2one_cv3.3.0.1.conv.weight'. See ednet.engine.trainer for customization of frozen layers.
WARNING ⚠️ setting 'requires_grad=True' for frozen layer 'model.29.one2one_cv3.3.0.1.bn.weight'. See ednet.engine.trainer for customization of frozen layers.
WARNING ⚠️ setting 'requires_grad=True' for frozen layer 'model.29.one2one_cv3.3.0.1.bn.bias'. See ednet.engine.trainer for customization of frozen layers.
WARNING ⚠️ setting 'requires_grad=True' for frozen layer 'model.29.one2one_cv3.3.1.0.conv.weight'. See ednet.engine.trainer for customization of frozen layers.
WARNING ⚠️ setting 'requires_grad=True' for frozen layer 'model.29.one2one_cv3.3.1.0.bn.weight'. See ednet.engine.trainer for customization of frozen layers.
WARNING ⚠️ setting 'requires_grad=True' for frozen layer 'model.29.one2one_cv3.3.1.0.bn.bias'. See ednet.engine.trainer for customization of frozen layers.
WARNING ⚠️ setting 'requires_grad=True' for frozen layer 'model.29.one2one_cv3.3.1.1.conv.weight'. See ednet.engine.trainer for customization of frozen layers.
WARNING ⚠️ setting 'requires_grad=True' for frozen layer 'model.29.one2one_cv3.3.1.1.bn.weight'. See ednet.engine.trainer for customization of frozen layers.
WARNING ⚠️ setting 'requires_grad=True' for frozen layer 'model.29.one2one_cv3.3.1.1.bn.bias'. See ednet.engine.trainer for customization of frozen layers.
WARNING ⚠️ setting 'requires_grad=True' for frozen layer 'model.29.one2one_cv3.3.2.weight'. See ednet.engine.trainer for customization of frozen layers.
WARNING ⚠️ setting 'requires_grad=True' for frozen layer 'model.29.one2one_cv3.3.2.bias'. See ednet.engine.trainer for customization of frozen layers.
[34m[1mAMP: [0mrunning Automatic Mixed Precision (AMP) checks with YOLOv8n...
[34m[1mAMP: [0mchecks passed ✅
Plotting labels to /home/ddwilde/scriptie/runs/dota_saab_lora/stage1-saab/labels.jpg... 
[34m[1moptimizer:[0m 'optimizer=auto' found, ignoring 'lr0=0.01' and 'momentum=0.937' and determining best 'optimizer', 'lr0' and 'momentum' automatically... 
[34m[1moptimizer:[0m AdamW(lr=0.000526, momentum=0.9) with parameter groups 117 weight(decay=0.0), 202 weight(decay=0.0005), 139 bias(decay=0.0)
Skipping fusion for LoRA-wrapped layer Conv
Skipping fusion for LoRA-wrapped layer Conv
Skipping fusion for LoRA-wrapped layer Conv
Skipping fusion for LoRA-wrapped layer Conv
Skipping fusion for LoRA-wrapped layer Conv
Skipping fusion for LoRA-wrapped layer Conv
Skipping fusion for LoRA-wrapped layer Conv
Skipping fusion for LoRA-wrapped layer Conv
Skipping fusion for LoRA-wrapped layer Conv
Skipping fusion for LoRA-wrapped layer Conv
Skipping fusion for LoRA-wrapped layer Conv
Skipping fusion for LoRA-wrapped layer Conv
Skipping fusion for LoRA-wrapped layer Conv
Skipping fusion for LoRA-wrapped layer Conv
Skipping fusion for LoRA-wrapped layer Conv
Skipping fusion for LoRA-wrapped layer Conv
Skipping fusion for LoRA-wrapped layer Conv
Skipping fusion for LoRA-wrapped layer Conv
Skipping fusion for LoRA-wrapped layer Conv
Skipping fusion for LoRA-wrapped layer Conv
Skipping fusion for LoRA-wrapped layer Conv
Skipping fusion for LoRA-wrapped layer Conv
Skipping fusion for LoRA-wrapped layer Conv
Skipping fusion for LoRA-wrapped layer Conv
Skipping fusion for LoRA-wrapped layer Conv
Skipping fusion for LoRA-wrapped layer Conv
Skipping fusion for LoRA-wrapped layer Conv
Skipping fusion for LoRA-wrapped layer Conv
[34m[1mTensorBoard: [0mmodel graph visualization added ✅
Image sizes 640 train, 640 val
Using 8 dataloader workers
Logging results to [1m/home/ddwilde/scriptie/runs/dota_saab_lora/stage1-saab[0m
Starting training for 50 epochs...

      Epoch    GPU_mem   box_loss   cls_loss   dfl_loss  Instances       Size
Limiting positives to classes (9, 10)
Limiting positives to classes (9, 10)
Limiting positives to classes (9, 10)
Limiting positives to classes (9, 10)
                   all        365      24440      0.645     0.0387     0.0294     0.0135

      Epoch    GPU_mem   box_loss   cls_loss   dfl_loss  Instances       Size
                   all        365      24440      0.458     0.0475      0.043     0.0227

      Epoch    GPU_mem   box_loss   cls_loss   dfl_loss  Instances       Size
                   all        365      24440      0.855     0.0547     0.0428     0.0225

      Epoch    GPU_mem   box_loss   cls_loss   dfl_loss  Instances       Size
                   all        365      24440        0.6     0.0615       0.05     0.0268

      Epoch    GPU_mem   box_loss   cls_loss   dfl_loss  Instances       Size
                   all        365      24440      0.743     0.0663     0.0633     0.0361

      Epoch    GPU_mem   box_loss   cls_loss   dfl_loss  Instances       Size
                   all        365      24440      0.343     0.0711     0.0673     0.0386

      Epoch    GPU_mem   box_loss   cls_loss   dfl_loss  Instances       Size
                   all        365      24440      0.473     0.0663     0.0631     0.0354

      Epoch    GPU_mem   box_loss   cls_loss   dfl_loss  Instances       Size
                   all        365      24440      0.484     0.0702     0.0711     0.0402

      Epoch    GPU_mem   box_loss   cls_loss   dfl_loss  Instances       Size
                   all        365      24440      0.276      0.072     0.0683     0.0379

      Epoch    GPU_mem   box_loss   cls_loss   dfl_loss  Instances       Size
                   all        365      24440      0.143     0.0721     0.0693     0.0402

      Epoch    GPU_mem   box_loss   cls_loss   dfl_loss  Instances       Size
                   all        365      24440      0.148     0.0727     0.0708      0.042

      Epoch    GPU_mem   box_loss   cls_loss   dfl_loss  Instances       Size
                   all        365      24440      0.148     0.0743     0.0733     0.0427

      Epoch    GPU_mem   box_loss   cls_loss   dfl_loss  Instances       Size
                   all        365      24440       0.15     0.0678     0.0719       0.04

      Epoch    GPU_mem   box_loss   cls_loss   dfl_loss  Instances       Size
                   all        365      24440     0.0881      0.073     0.0762     0.0433

      Epoch    GPU_mem   box_loss   cls_loss   dfl_loss  Instances       Size
                   all        365      24440     0.0907     0.0761      0.079     0.0467

      Epoch    GPU_mem   box_loss   cls_loss   dfl_loss  Instances       Size
                   all        365      24440     0.0864     0.0766     0.0775     0.0458

      Epoch    GPU_mem   box_loss   cls_loss   dfl_loss  Instances       Size
                   all        365      24440      0.086     0.0744     0.0758     0.0442

      Epoch    GPU_mem   box_loss   cls_loss   dfl_loss  Instances       Size
                   all        365      24440     0.0888     0.0719     0.0763     0.0445

      Epoch    GPU_mem   box_loss   cls_loss   dfl_loss  Instances       Size
                   all        365      24440     0.0874     0.0728     0.0758     0.0432

      Epoch    GPU_mem   box_loss   cls_loss   dfl_loss  Instances       Size
                   all        365      24440      0.084     0.0744     0.0748     0.0429

      Epoch    GPU_mem   box_loss   cls_loss   dfl_loss  Instances       Size
                   all        365      24440     0.0833     0.0751     0.0752      0.044

      Epoch    GPU_mem   box_loss   cls_loss   dfl_loss  Instances       Size
                   all        365      24440     0.0846     0.0745     0.0756     0.0439

      Epoch    GPU_mem   box_loss   cls_loss   dfl_loss  Instances       Size
                   all        365      24440      0.091     0.0787     0.0807     0.0483

      Epoch    GPU_mem   box_loss   cls_loss   dfl_loss  Instances       Size
                   all        365      24440     0.0911      0.076     0.0797     0.0474

      Epoch    GPU_mem   box_loss   cls_loss   dfl_loss  Instances       Size
                   all        365      24440     0.0914     0.0763     0.0788     0.0467

      Epoch    GPU_mem   box_loss   cls_loss   dfl_loss  Instances       Size
                   all        365      24440     0.0882      0.075     0.0778     0.0455

      Epoch    GPU_mem   box_loss   cls_loss   dfl_loss  Instances       Size
                   all        365      24440     0.0894     0.0764      0.079     0.0476

      Epoch    GPU_mem   box_loss   cls_loss   dfl_loss  Instances       Size
                   all        365      24440     0.0906     0.0781     0.0805     0.0489

      Epoch    GPU_mem   box_loss   cls_loss   dfl_loss  Instances       Size
                   all        365      24440     0.0888     0.0752     0.0787     0.0474

      Epoch    GPU_mem   box_loss   cls_loss   dfl_loss  Instances       Size
                   all        365      24440     0.0917     0.0802     0.0817     0.0497

      Epoch    GPU_mem   box_loss   cls_loss   dfl_loss  Instances       Size
                   all        365      24440     0.0928     0.0772     0.0809     0.0481

      Epoch    GPU_mem   box_loss   cls_loss   dfl_loss  Instances       Size
                   all        365      24440     0.0885     0.0769     0.0794     0.0477

      Epoch    GPU_mem   box_loss   cls_loss   dfl_loss  Instances       Size
                   all        365      24440     0.0885     0.0792     0.0805     0.0483

      Epoch    GPU_mem   box_loss   cls_loss   dfl_loss  Instances       Size
                   all        365      24440     0.0883      0.078     0.0801     0.0478

      Epoch    GPU_mem   box_loss   cls_loss   dfl_loss  Instances       Size
                   all        365      24440     0.0901     0.0775     0.0805     0.0493

      Epoch    GPU_mem   box_loss   cls_loss   dfl_loss  Instances       Size
                   all        365      24440     0.0921     0.0785     0.0817     0.0494

      Epoch    GPU_mem   box_loss   cls_loss   dfl_loss  Instances       Size
                   all        365      24440     0.0915     0.0776     0.0818     0.0498

      Epoch    GPU_mem   box_loss   cls_loss   dfl_loss  Instances       Size
                   all        365      24440     0.0886     0.0765     0.0795     0.0478

      Epoch    GPU_mem   box_loss   cls_loss   dfl_loss  Instances       Size
                   all        365      24440     0.0895     0.0763      0.081     0.0494

      Epoch    GPU_mem   box_loss   cls_loss   dfl_loss  Instances       Size
                   all        365      24440     0.0913     0.0774     0.0816     0.0495
Closing dataloader mosaic

      Epoch    GPU_mem   box_loss   cls_loss   dfl_loss  Instances       Size
                   all        365      24440     0.0859     0.0756     0.0778     0.0468

      Epoch    GPU_mem   box_loss   cls_loss   dfl_loss  Instances       Size
                   all        365      24440     0.0892     0.0777     0.0798     0.0491

      Epoch    GPU_mem   box_loss   cls_loss   dfl_loss  Instances       Size
                   all        365      24440     0.0896     0.0782       0.08     0.0485

      Epoch    GPU_mem   box_loss   cls_loss   dfl_loss  Instances       Size
                   all        365      24440     0.0909     0.0808     0.0833     0.0517

      Epoch    GPU_mem   box_loss   cls_loss   dfl_loss  Instances       Size
                   all        365      24440     0.0927     0.0799     0.0832     0.0512

      Epoch    GPU_mem   box_loss   cls_loss   dfl_loss  Instances       Size
                   all        365      24440     0.0928     0.0791     0.0832     0.0514

      Epoch    GPU_mem   box_loss   cls_loss   dfl_loss  Instances       Size
                   all        365      24440     0.0894     0.0771       0.08     0.0491

      Epoch    GPU_mem   box_loss   cls_loss   dfl_loss  Instances       Size
                   all        365      24440     0.0903      0.077     0.0803     0.0492

      Epoch    GPU_mem   box_loss   cls_loss   dfl_loss  Instances       Size
                   all        365      24440     0.0894     0.0768     0.0795     0.0489

      Epoch    GPU_mem   box_loss   cls_loss   dfl_loss  Instances       Size
                   all        365      24440     0.0913     0.0768      0.081     0.0501

50 epochs completed in 0.809 hours.
Optimizer stripped from /home/ddwilde/scriptie/runs/dota_saab_lora/stage1-saab/weights/last.pt, 19.5MB
Optimizer stripped from /home/ddwilde/scriptie/runs/dota_saab_lora/stage1-saab/weights/best.pt, 19.5MB

Validating /home/ddwilde/scriptie/runs/dota_saab_lora/stage1-saab/weights/best.pt...
EDNet 1.0 ✅ Python-3.10.4 ✅ torch-2.8.0+cu128 ✅CUDA:0 (NVIDIA A100-SXM4-40GB, 40441MiB)
Skipping layer fusion for LoRA-enabled model during weight loading.
                   all        365      24440     0.0909     0.0808     0.0833     0.0517
                 plane         49       1783          0          0          0          0
                  ship         84       8385          0          0          0          0
          storage-tank         43       2345          0          0          0          0
      baseball-diamond         46        185          0          0          0          0
          tennis-court         75        639          0          0          0          0
      basketball-court         28        110          0          0          0          0
    ground-track-field         58        119          0          0          0          0
                harbor         90       1684          0          0          0          0
                bridge         61        406          0          0          0          0
         large-vehicle         83       3527      0.786      0.685      0.739      0.496
         small-vehicle         99       4549      0.577      0.526      0.511       0.28
            helicopter          7         42          0          0          0          0
            roundabout         49        142          0          0          0          0
     soccer-ball-field         52        127          0          0          0          0
         swimming-pool         34        397          0          0          0          0
Speed: 0.1ms preprocess, 3.5ms inference, 0.0ms loss, 0.1ms postprocess per image
Results saved to [1m/home/ddwilde/scriptie/runs/dota_saab_lora/stage1-saab[0m
Training finished. Results saved in: /home/ddwilde/scriptie/runs/dota_saab_lora/stage1-saab
EDNet 1.0 ✅ Python-3.10.4 ✅ torch-2.8.0+cu128 ✅CUDA:0 (NVIDIA A100-SXM4-40GB, 40441MiB)
[34m[1mengine/trainer: [0mtask=detect, mode=train, model=/home/ddwilde/scriptie/runs/dota_saab_lora/stage1-saab/weights/best.pt, data=/home/ddwilde/scriptie/yaml/DOTA.yaml, epochs=50, time=None, patience=100, batch=4, imgsz=640, save=True, save_period=-1, cache=False, device=None, workers=8, project=/home/ddwilde/scriptie/runs/dota_saab_lora, name=stage2-saab, exist_ok=False, pretrained=True, optimizer=auto, verbose=True, seed=0, deterministic=True, single_cls=False, rect=False, cos_lr=False, close_mosaic=10, resume=False, amp=True, fraction=1.0, profile=False, freeze=None, multi_scale=False, lora={'enable': True, 'freeze_backbone': True}, continual={'enable': False, 'batches': [], 'adapter_strategy': 'last', 'save_history': True}, replay={'enable': False, 'tap_layers': {'P3': 16, 'P4': 25}, 'tiny_max_pixels': 128, 'context_scale': 1.5, 'buffer_per_class': 64, 'sample_per_batch': 16, 'loss_weight': 1.0, 'scale_weighting': 'stride', 'store_dir': 'replay', 'buffer_file': 'buffer.pt', 'init_buffer': None, 'carryover_growth': 1.5, 'memory_dir': None, 'memory_ratio': 0.25}, stage={'active_classes': [1, 9, 10]}, overlap_mask=True, mask_ratio=4, dropout=0.0, val=True, split=val, save_json=False, save_hybrid=False, conf=None, iou=0.7, max_det=300, half=False, dnn=False, plots=True, source=None, vid_stride=1, stream_buffer=False, visualize=False, augment=False, agnostic_nms=False, classes=None, retina_masks=False, embed=None, show=False, save_frames=False, save_txt=False, save_conf=False, save_crop=False, show_labels=True, show_conf=True, show_boxes=True, line_width=None, format=torchscript, keras=False, optimize=False, int8=False, dynamic=False, simplify=False, opset=None, workspace=4, nms=False, lr0=0.01, lrf=0.01, momentum=0.937, weight_decay=0.0005, warmup_epochs=3.0, warmup_momentum=0.8, warmup_bias_lr=0.1, box=7.5, cls=0.5, dfl=1.5, pose=12.0, kobj=1.0, label_smoothing=0.0, nbs=64, hsv_h=0.015, hsv_s=0.7, hsv_v=0.4, degrees=0.0, translate=0.1, scale=0.5, shear=0.0, perspective=0.0, flipud=0.0, fliplr=0.5, bgr=0.0, mosaic=1.0, mixup=0.0, copy_paste=0.0, auto_augment=randaugment, erasing=0.4, crop_fraction=1.0, cfg=None, tracker=botsort.yaml, save_dir=/home/ddwilde/scriptie/runs/dota_saab_lora/stage2-saab

                   from  n    params  module                                       arguments                     
  0                  -1  1       928  ednet.nn.modules.conv.Conv                   [3, 32, 3, 2]                 
  1                  -1  1     18560  ednet.nn.modules.conv.Conv                   [32, 64, 3, 2]                
  2                  -1  1     29056  ednet.nn.modules.block.C2f                   [64, 64, 1, True]             
  3                  -1  1     73984  ednet.nn.modules.conv.Conv                   [64, 128, 3, 2]               
  4                  -1  2    197632  ednet.nn.modules.block.C2f                   [128, 128, 2, True]           
  5                  -1  1    295424  ednet.nn.modules.conv.Conv                   [128, 256, 3, 2]              
  6                  -1  2    420864  ednet.nn.modules.block.C2f_FCA               [256, 256, 2, True]           
  7                  -1  1   1180672  ednet.nn.modules.conv.Conv                   [256, 512, 3, 2]              
  8                  -1  1   1095680  ednet.nn.modules.block.C2f_FCA               [512, 512, 1, True]           
  9                  -1  1    656896  ednet.nn.modules.block.SPPF                  [512, 512, 5]                 
 10                  -1  1    990976  ednet.nn.modules.block.PSA                   [512, 512]                    
 11                  -1  1         0  torch.nn.modules.upsampling.Upsample         [None, 2, 'nearest']          
 12             [-1, 6]  1         0  ednet.nn.modules.conv.Concat                 [1]                           
 13                  -1  1    591360  ednet.nn.modules.block.C2f                   [768, 256, 1]                 
 14                  -1  1         0  torch.nn.modules.upsampling.Upsample         [None, 2, 'nearest']          
 15             [-1, 4]  1         0  ednet.nn.modules.conv.Concat                 [1]                           
 16                  -1  1    148224  ednet.nn.modules.block.C2f                   [384, 128, 1]                 
 17                  -1  1         0  torch.nn.modules.upsampling.Upsample         [None, 2, 'nearest']          
 18             [-1, 2]  1         0  ednet.nn.modules.conv.Concat                 [1]                           
 19                  -1  1     37248  ednet.nn.modules.block.C2f                   [192, 64, 1]                  
 20                  -1  1     36992  ednet.nn.modules.conv.Conv                   [64, 64, 3, 2]                
 21            [-1, 16]  1         0  ednet.nn.modules.conv.Concat                 [1]                           
 22                  -1  1    123648  ednet.nn.modules.block.C2f                   [192, 128, 1]                 
 23                  -1  1    147712  ednet.nn.modules.conv.Conv                   [128, 128, 3, 2]              
 24            [-1, 13]  1         0  ednet.nn.modules.conv.Concat                 [1]                           
 25                  -1  1    493056  ednet.nn.modules.block.C2f                   [384, 256, 1]                 
 26                  -1  1     68864  ednet.nn.modules.block.SCDown                [256, 256, 3, 2]              
 27             [-1, 9]  1         0  ednet.nn.modules.conv.Concat                 [1]                           
 28                  -1  1   1089536  ednet.nn.modules.block.C2fCIB                [768, 512, 1, True, True]     
 29    [19, 22, 25, 28]  1   1628424  ednet.nn.modules.head.v10Detect              [15, [64, 128, 256, 512]]     
ednet-s summary: 510 layers, 9,325,736 parameters, 9,325,720 gradients

Active classes for this stage: (1, 9, 10)
Transferred 725/753 items from pretrained weights
LoRA enabled: 28 adapters (rank=8, alpha=16.0, freeze_backbone=True)
[34m[1mTensorBoard: [0mStart with 'tensorboard --logdir /home/ddwilde/scriptie/runs/dota_saab_lora/stage2-saab', view at http://localhost:6006/
WARNING ⚠️ setting 'requires_grad=True' for frozen layer 'model.0.conv.weight'. See ednet.engine.trainer for customization of frozen layers.
WARNING ⚠️ setting 'requires_grad=True' for frozen layer 'model.0.bn.weight'. See ednet.engine.trainer for customization of frozen layers.
WARNING ⚠️ setting 'requires_grad=True' for frozen layer 'model.0.bn.bias'. See ednet.engine.trainer for customization of frozen layers.
WARNING ⚠️ setting 'requires_grad=True' for frozen layer 'model.1.conv.weight'. See ednet.engine.trainer for customization of frozen layers.
WARNING ⚠️ setting 'requires_grad=True' for frozen layer 'model.1.bn.weight'. See ednet.engine.trainer for customization of frozen layers.
WARNING ⚠️ setting 'requires_grad=True' for frozen layer 'model.1.bn.bias'. See ednet.engine.trainer for customization of frozen layers.
WARNING ⚠️ setting 'requires_grad=True' for frozen layer 'model.2.cv1.conv.weight'. See ednet.engine.trainer for customization of frozen layers.
WARNING ⚠️ setting 'requires_grad=True' for frozen layer 'model.2.cv1.bn.weight'. See ednet.engine.trainer for customization of frozen layers.
WARNING ⚠️ setting 'requires_grad=True' for frozen layer 'model.2.cv1.bn.bias'. See ednet.engine.trainer for customization of frozen layers.
WARNING ⚠️ setting 'requires_grad=True' for frozen layer 'model.2.cv2.conv.weight'. See ednet.engine.trainer for customization of frozen layers.
WARNING ⚠️ setting 'requires_grad=True' for frozen layer 'model.2.cv2.bn.weight'. See ednet.engine.trainer for customization of frozen layers.
WARNING ⚠️ setting 'requires_grad=True' for frozen layer 'model.2.cv2.bn.bias'. See ednet.engine.trainer for customization of frozen layers.
WARNING ⚠️ setting 'requires_grad=True' for frozen layer 'model.2.m.0.cv1.conv.weight'. See ednet.engine.trainer for customization of frozen layers.
WARNING ⚠️ setting 'requires_grad=True' for frozen layer 'model.2.m.0.cv1.bn.weight'. See ednet.engine.trainer for customization of frozen layers.
WARNING ⚠️ setting 'requires_grad=True' for frozen layer 'model.2.m.0.cv1.bn.bias'. See ednet.engine.trainer for customization of frozen layers.
WARNING ⚠️ setting 'requires_grad=True' for frozen layer 'model.2.m.0.cv2.conv.weight'. See ednet.engine.trainer for customization of frozen layers.
WARNING ⚠️ setting 'requires_grad=True' for frozen layer 'model.2.m.0.cv2.bn.weight'. See ednet.engine.trainer for customization of frozen layers.
WARNING ⚠️ setting 'requires_grad=True' for frozen layer 'model.2.m.0.cv2.bn.bias'. See ednet.engine.trainer for customization of frozen layers.
WARNING ⚠️ setting 'requires_grad=True' for frozen layer 'model.3.conv.weight'. See ednet.engine.trainer for customization of frozen layers.
WARNING ⚠️ setting 'requires_grad=True' for frozen layer 'model.3.bn.weight'. See ednet.engine.trainer for customization of frozen layers.
WARNING ⚠️ setting 'requires_grad=True' for frozen layer 'model.3.bn.bias'. See ednet.engine.trainer for customization of frozen layers.
WARNING ⚠️ setting 'requires_grad=True' for frozen layer 'model.4.cv1.conv.weight'. See ednet.engine.trainer for customization of frozen layers.
WARNING ⚠️ setting 'requires_grad=True' for frozen layer 'model.4.cv1.bn.weight'. See ednet.engine.trainer for customization of frozen layers.
WARNING ⚠️ setting 'requires_grad=True' for frozen layer 'model.4.cv1.bn.bias'. See ednet.engine.trainer for customization of frozen layers.
WARNING ⚠️ setting 'requires_grad=True' for frozen layer 'model.4.cv2.conv.weight'. See ednet.engine.trainer for customization of frozen layers.
WARNING ⚠️ setting 'requires_grad=True' for frozen layer 'model.4.cv2.bn.weight'. See ednet.engine.trainer for customization of frozen layers.
WARNING ⚠️ setting 'requires_grad=True' for frozen layer 'model.4.cv2.bn.bias'. See ednet.engine.trainer for customization of frozen layers.
WARNING ⚠️ setting 'requires_grad=True' for frozen layer 'model.4.m.0.cv1.conv.weight'. See ednet.engine.trainer for customization of frozen layers.
WARNING ⚠️ setting 'requires_grad=True' for frozen layer 'model.4.m.0.cv1.bn.weight'. See ednet.engine.trainer for customization of frozen layers.
WARNING ⚠️ setting 'requires_grad=True' for frozen layer 'model.4.m.0.cv1.bn.bias'. See ednet.engine.trainer for customization of frozen layers.
WARNING ⚠️ setting 'requires_grad=True' for frozen layer 'model.4.m.0.cv2.conv.weight'. See ednet.engine.trainer for customization of frozen layers.
WARNING ⚠️ setting 'requires_grad=True' for frozen layer 'model.4.m.0.cv2.bn.weight'. See ednet.engine.trainer for customization of frozen layers.
WARNING ⚠️ setting 'requires_grad=True' for frozen layer 'model.4.m.0.cv2.bn.bias'. See ednet.engine.trainer for customization of frozen layers.
WARNING ⚠️ setting 'requires_grad=True' for frozen layer 'model.4.m.1.cv1.conv.weight'. See ednet.engine.trainer for customization of frozen layers.
WARNING ⚠️ setting 'requires_grad=True' for frozen layer 'model.4.m.1.cv1.bn.weight'. See ednet.engine.trainer for customization of frozen layers.
WARNING ⚠️ setting 'requires_grad=True' for frozen layer 'model.4.m.1.cv1.bn.bias'. See ednet.engine.trainer for customization of frozen layers.
WARNING ⚠️ setting 'requires_grad=True' for frozen layer 'model.4.m.1.cv2.conv.weight'. See ednet.engine.trainer for customization of frozen layers.
WARNING ⚠️ setting 'requires_grad=True' for frozen layer 'model.4.m.1.cv2.bn.weight'. See ednet.engine.trainer for customization of frozen layers.
WARNING ⚠️ setting 'requires_grad=True' for frozen layer 'model.4.m.1.cv2.bn.bias'. See ednet.engine.trainer for customization of frozen layers.
WARNING ⚠️ setting 'requires_grad=True' for frozen layer 'model.5.conv.weight'. See ednet.engine.trainer for customization of frozen layers.
WARNING ⚠️ setting 'requires_grad=True' for frozen layer 'model.5.bn.weight'. See ednet.engine.trainer for customization of frozen layers.
WARNING ⚠️ setting 'requires_grad=True' for frozen layer 'model.5.bn.bias'. See ednet.engine.trainer for customization of frozen layers.
WARNING ⚠️ setting 'requires_grad=True' for frozen layer 'model.6.cv1.conv.weight'. See ednet.engine.trainer for customization of frozen layers.
WARNING ⚠️ setting 'requires_grad=True' for frozen layer 'model.6.cv1.bn.weight'. See ednet.engine.trainer for customization of frozen layers.
WARNING ⚠️ setting 'requires_grad=True' for frozen layer 'model.6.cv1.bn.bias'. See ednet.engine.trainer for customization of frozen layers.
WARNING ⚠️ setting 'requires_grad=True' for frozen layer 'model.6.cv2.conv.weight'. See ednet.engine.trainer for customization of frozen layers.
WARNING ⚠️ setting 'requires_grad=True' for frozen layer 'model.6.cv2.bn.weight'. See ednet.engine.trainer for customization of frozen layers.
WARNING ⚠️ setting 'requires_grad=True' for frozen layer 'model.6.cv2.bn.bias'. See ednet.engine.trainer for customization of frozen layers.
WARNING ⚠️ setting 'requires_grad=True' for frozen layer 'model.6.m.0.mlp.0.conv.weight'. See ednet.engine.trainer for customization of frozen layers.
WARNING ⚠️ setting 'requires_grad=True' for frozen layer 'model.6.m.0.mlp.0.bn.weight'. See ednet.engine.trainer for customization of frozen layers.
WARNING ⚠️ setting 'requires_grad=True' for frozen layer 'model.6.m.0.mlp.0.bn.bias'. See ednet.engine.trainer for customization of frozen layers.
WARNING ⚠️ setting 'requires_grad=True' for frozen layer 'model.6.m.0.mlp.1.weight'. See ednet.engine.trainer for customization of frozen layers.
WARNING ⚠️ setting 'requires_grad=True' for frozen layer 'model.6.m.0.spatial_mixing.PConv3.weight'. See ednet.engine.trainer for customization of frozen layers.
WARNING ⚠️ setting 'requires_grad=True' for frozen layer 'model.6.m.0.attention.conv1.conv.weight'. See ednet.engine.trainer for customization of frozen layers.
WARNING ⚠️ setting 'requires_grad=True' for frozen layer 'model.6.m.0.attention.conv1.bn.weight'. See ednet.engine.trainer for customization of frozen layers.
WARNING ⚠️ setting 'requires_grad=True' for frozen layer 'model.6.m.0.attention.conv1.bn.bias'. See ednet.engine.trainer for customization of frozen layers.
WARNING ⚠️ setting 'requires_grad=True' for frozen layer 'model.6.m.0.attention.h_conv.conv.weight'. See ednet.engine.trainer for customization of frozen layers.
WARNING ⚠️ setting 'requires_grad=True' for frozen layer 'model.6.m.0.attention.h_conv.conv.bias'. See ednet.engine.trainer for customization of frozen layers.
WARNING ⚠️ setting 'requires_grad=True' for frozen layer 'model.6.m.0.attention.v_conv.conv.weight'. See ednet.engine.trainer for customization of frozen layers.
WARNING ⚠️ setting 'requires_grad=True' for frozen layer 'model.6.m.0.attention.v_conv.conv.bias'. See ednet.engine.trainer for customization of frozen layers.
WARNING ⚠️ setting 'requires_grad=True' for frozen layer 'model.6.m.0.attention.conv2.conv.weight'. See ednet.engine.trainer for customization of frozen layers.
WARNING ⚠️ setting 'requires_grad=True' for frozen layer 'model.6.m.0.attention.conv2.bn.weight'. See ednet.engine.trainer for customization of frozen layers.
WARNING ⚠️ setting 'requires_grad=True' for frozen layer 'model.6.m.0.attention.conv2.bn.bias'. See ednet.engine.trainer for customization of frozen layers.
WARNING ⚠️ setting 'requires_grad=True' for frozen layer 'model.6.m.1.mlp.0.conv.weight'. See ednet.engine.trainer for customization of frozen layers.
WARNING ⚠️ setting 'requires_grad=True' for frozen layer 'model.6.m.1.mlp.0.bn.weight'. See ednet.engine.trainer for customization of frozen layers.
WARNING ⚠️ setting 'requires_grad=True' for frozen layer 'model.6.m.1.mlp.0.bn.bias'. See ednet.engine.trainer for customization of frozen layers.
WARNING ⚠️ setting 'requires_grad=True' for frozen layer 'model.6.m.1.mlp.1.weight'. See ednet.engine.trainer for customization of frozen layers.
WARNING ⚠️ setting 'requires_grad=True' for frozen layer 'model.6.m.1.spatial_mixing.PConv3.weight'. See ednet.engine.trainer for customization of frozen layers.
WARNING ⚠️ setting 'requires_grad=True' for frozen layer 'model.6.m.1.attention.conv1.conv.weight'. See ednet.engine.trainer for customization of frozen layers.
WARNING ⚠️ setting 'requires_grad=True' for frozen layer 'model.6.m.1.attention.conv1.bn.weight'. See ednet.engine.trainer for customization of frozen layers.
WARNING ⚠️ setting 'requires_grad=True' for frozen layer 'model.6.m.1.attention.conv1.bn.bias'. See ednet.engine.trainer for customization of frozen layers.
WARNING ⚠️ setting 'requires_grad=True' for frozen layer 'model.6.m.1.attention.h_conv.conv.weight'. See ednet.engine.trainer for customization of frozen layers.
WARNING ⚠️ setting 'requires_grad=True' for frozen layer 'model.6.m.1.attention.h_conv.conv.bias'. See ednet.engine.trainer for customization of frozen layers.
WARNING ⚠️ setting 'requires_grad=True' for frozen layer 'model.6.m.1.attention.v_conv.conv.weight'. See ednet.engine.trainer for customization of frozen layers.
WARNING ⚠️ setting 'requires_grad=True' for frozen layer 'model.6.m.1.attention.v_conv.conv.bias'. See ednet.engine.trainer for customization of frozen layers.
WARNING ⚠️ setting 'requires_grad=True' for frozen layer 'model.6.m.1.attention.conv2.conv.weight'. See ednet.engine.trainer for customization of frozen layers.
WARNING ⚠️ setting 'requires_grad=True' for frozen layer 'model.6.m.1.attention.conv2.bn.weight'. See ednet.engine.trainer for customization of frozen layers.
WARNING ⚠️ setting 'requires_grad=True' for frozen layer 'model.6.m.1.attention.conv2.bn.bias'. See ednet.engine.trainer for customization of frozen layers.
WARNING ⚠️ setting 'requires_grad=True' for frozen layer 'model.7.conv.weight'. See ednet.engine.trainer for customization of frozen layers.
WARNING ⚠️ setting 'requires_grad=True' for frozen layer 'model.7.bn.weight'. See ednet.engine.trainer for customization of frozen layers.
WARNING ⚠️ setting 'requires_grad=True' for frozen layer 'model.7.bn.bias'. See ednet.engine.trainer for customization of frozen layers.
WARNING ⚠️ setting 'requires_grad=True' for frozen layer 'model.8.cv1.conv.weight'. See ednet.engine.trainer for customization of frozen layers.
WARNING ⚠️ setting 'requires_grad=True' for frozen layer 'model.8.cv1.bn.weight'. See ednet.engine.trainer for customization of frozen layers.
WARNING ⚠️ setting 'requires_grad=True' for frozen layer 'model.8.cv1.bn.bias'. See ednet.engine.trainer for customization of frozen layers.
WARNING ⚠️ setting 'requires_grad=True' for frozen layer 'model.8.cv2.conv.weight'. See ednet.engine.trainer for customization of frozen layers.
WARNING ⚠️ setting 'requires_grad=True' for frozen layer 'model.8.cv2.bn.weight'. See ednet.engine.trainer for customization of frozen layers.
WARNING ⚠️ setting 'requires_grad=True' for frozen layer 'model.8.cv2.bn.bias'. See ednet.engine.trainer for customization of frozen layers.
WARNING ⚠️ setting 'requires_grad=True' for frozen layer 'model.8.m.0.mlp.0.conv.weight'. See ednet.engine.trainer for customization of frozen layers.
WARNING ⚠️ setting 'requires_grad=True' for frozen layer 'model.8.m.0.mlp.0.bn.weight'. See ednet.engine.trainer for customization of frozen layers.
WARNING ⚠️ setting 'requires_grad=True' for frozen layer 'model.8.m.0.mlp.0.bn.bias'. See ednet.engine.trainer for customization of frozen layers.
WARNING ⚠️ setting 'requires_grad=True' for frozen layer 'model.8.m.0.mlp.1.weight'. See ednet.engine.trainer for customization of frozen layers.
WARNING ⚠️ setting 'requires_grad=True' for frozen layer 'model.8.m.0.spatial_mixing.PConv3.weight'. See ednet.engine.trainer for customization of frozen layers.
WARNING ⚠️ setting 'requires_grad=True' for frozen layer 'model.8.m.0.attention.conv1.conv.weight'. See ednet.engine.trainer for customization of frozen layers.
WARNING ⚠️ setting 'requires_grad=True' for frozen layer 'model.8.m.0.attention.conv1.bn.weight'. See ednet.engine.trainer for customization of frozen layers.
WARNING ⚠️ setting 'requires_grad=True' for frozen layer 'model.8.m.0.attention.conv1.bn.bias'. See ednet.engine.trainer for customization of frozen layers.
WARNING ⚠️ setting 'requires_grad=True' for frozen layer 'model.8.m.0.attention.h_conv.conv.weight'. See ednet.engine.trainer for customization of frozen layers.
WARNING ⚠️ setting 'requires_grad=True' for frozen layer 'model.8.m.0.attention.h_conv.conv.bias'. See ednet.engine.trainer for customization of frozen layers.
WARNING ⚠️ setting 'requires_grad=True' for frozen layer 'model.8.m.0.attention.v_conv.conv.weight'. See ednet.engine.trainer for customization of frozen layers.
WARNING ⚠️ setting 'requires_grad=True' for frozen layer 'model.8.m.0.attention.v_conv.conv.bias'. See ednet.engine.trainer for customization of frozen layers.
WARNING ⚠️ setting 'requires_grad=True' for frozen layer 'model.8.m.0.attention.conv2.conv.weight'. See ednet.engine.trainer for customization of frozen layers.
WARNING ⚠️ setting 'requires_grad=True' for frozen layer 'model.8.m.0.attention.conv2.bn.weight'. See ednet.engine.trainer for customization of frozen layers.
WARNING ⚠️ setting 'requires_grad=True' for frozen layer 'model.8.m.0.attention.conv2.bn.bias'. See ednet.engine.trainer for customization of frozen layers.
WARNING ⚠️ setting 'requires_grad=True' for frozen layer 'model.9.cv1.conv.weight'. See ednet.engine.trainer for customization of frozen layers.
WARNING ⚠️ setting 'requires_grad=True' for frozen layer 'model.9.cv1.bn.weight'. See ednet.engine.trainer for customization of frozen layers.
WARNING ⚠️ setting 'requires_grad=True' for frozen layer 'model.9.cv1.bn.bias'. See ednet.engine.trainer for customization of frozen layers.
WARNING ⚠️ setting 'requires_grad=True' for frozen layer 'model.9.cv2.conv.weight'. See ednet.engine.trainer for customization of frozen layers.
WARNING ⚠️ setting 'requires_grad=True' for frozen layer 'model.9.cv2.bn.weight'. See ednet.engine.trainer for customization of frozen layers.
WARNING ⚠️ setting 'requires_grad=True' for frozen layer 'model.9.cv2.bn.bias'. See ednet.engine.trainer for customization of frozen layers.
WARNING ⚠️ setting 'requires_grad=True' for frozen layer 'model.10.cv1.conv.weight'. See ednet.engine.trainer for customization of frozen layers.
WARNING ⚠️ setting 'requires_grad=True' for frozen layer 'model.10.cv1.bn.weight'. See ednet.engine.trainer for customization of frozen layers.
WARNING ⚠️ setting 'requires_grad=True' for frozen layer 'model.10.cv1.bn.bias'. See ednet.engine.trainer for customization of frozen layers.
WARNING ⚠️ setting 'requires_grad=True' for frozen layer 'model.10.cv2.conv.weight'. See ednet.engine.trainer for customization of frozen layers.
WARNING ⚠️ setting 'requires_grad=True' for frozen layer 'model.10.cv2.bn.weight'. See ednet.engine.trainer for customization of frozen layers.
WARNING ⚠️ setting 'requires_grad=True' for frozen layer 'model.10.cv2.bn.bias'. See ednet.engine.trainer for customization of frozen layers.
WARNING ⚠️ setting 'requires_grad=True' for frozen layer 'model.10.attn.qkv.conv.weight'. See ednet.engine.trainer for customization of frozen layers.
WARNING ⚠️ setting 'requires_grad=True' for frozen layer 'model.10.attn.qkv.bn.weight'. See ednet.engine.trainer for customization of frozen layers.
WARNING ⚠️ setting 'requires_grad=True' for frozen layer 'model.10.attn.qkv.bn.bias'. See ednet.engine.trainer for customization of frozen layers.
WARNING ⚠️ setting 'requires_grad=True' for frozen layer 'model.10.attn.proj.conv.weight'. See ednet.engine.trainer for customization of frozen layers.
WARNING ⚠️ setting 'requires_grad=True' for frozen layer 'model.10.attn.proj.bn.weight'. See ednet.engine.trainer for customization of frozen layers.
WARNING ⚠️ setting 'requires_grad=True' for frozen layer 'model.10.attn.proj.bn.bias'. See ednet.engine.trainer for customization of frozen layers.
WARNING ⚠️ setting 'requires_grad=True' for frozen layer 'model.10.attn.pe.conv.weight'. See ednet.engine.trainer for customization of frozen layers.
WARNING ⚠️ setting 'requires_grad=True' for frozen layer 'model.10.attn.pe.bn.weight'. See ednet.engine.trainer for customization of frozen layers.
WARNING ⚠️ setting 'requires_grad=True' for frozen layer 'model.10.attn.pe.bn.bias'. See ednet.engine.trainer for customization of frozen layers.
WARNING ⚠️ setting 'requires_grad=True' for frozen layer 'model.10.ffn.0.conv.weight'. See ednet.engine.trainer for customization of frozen layers.
WARNING ⚠️ setting 'requires_grad=True' for frozen layer 'model.10.ffn.0.bn.weight'. See ednet.engine.trainer for customization of frozen layers.
WARNING ⚠️ setting 'requires_grad=True' for frozen layer 'model.10.ffn.0.bn.bias'. See ednet.engine.trainer for customization of frozen layers.
WARNING ⚠️ setting 'requires_grad=True' for frozen layer 'model.10.ffn.1.conv.weight'. See ednet.engine.trainer for customization of frozen layers.
WARNING ⚠️ setting 'requires_grad=True' for frozen layer 'model.10.ffn.1.bn.weight'. See ednet.engine.trainer for customization of frozen layers.
WARNING ⚠️ setting 'requires_grad=True' for frozen layer 'model.10.ffn.1.bn.bias'. See ednet.engine.trainer for customization of frozen layers.
WARNING ⚠️ setting 'requires_grad=True' for frozen layer 'model.13.cv1.conv.weight'. See ednet.engine.trainer for customization of frozen layers.
WARNING ⚠️ setting 'requires_grad=True' for frozen layer 'model.13.cv1.bn.weight'. See ednet.engine.trainer for customization of frozen layers.
WARNING ⚠️ setting 'requires_grad=True' for frozen layer 'model.13.cv1.bn.bias'. See ednet.engine.trainer for customization of frozen layers.
WARNING ⚠️ setting 'requires_grad=True' for frozen layer 'model.13.cv2.conv.weight'. See ednet.engine.trainer for customization of frozen layers.
WARNING ⚠️ setting 'requires_grad=True' for frozen layer 'model.13.cv2.bn.weight'. See ednet.engine.trainer for customization of frozen layers.
WARNING ⚠️ setting 'requires_grad=True' for frozen layer 'model.13.cv2.bn.bias'. See ednet.engine.trainer for customization of frozen layers.
WARNING ⚠️ setting 'requires_grad=True' for frozen layer 'model.13.m.0.cv1.conv.weight'. See ednet.engine.trainer for customization of frozen layers.
WARNING ⚠️ setting 'requires_grad=True' for frozen layer 'model.13.m.0.cv1.bn.weight'. See ednet.engine.trainer for customization of frozen layers.
WARNING ⚠️ setting 'requires_grad=True' for frozen layer 'model.13.m.0.cv1.bn.bias'. See ednet.engine.trainer for customization of frozen layers.
WARNING ⚠️ setting 'requires_grad=True' for frozen layer 'model.13.m.0.cv2.conv.weight'. See ednet.engine.trainer for customization of frozen layers.
WARNING ⚠️ setting 'requires_grad=True' for frozen layer 'model.13.m.0.cv2.bn.weight'. See ednet.engine.trainer for customization of frozen layers.
WARNING ⚠️ setting 'requires_grad=True' for frozen layer 'model.13.m.0.cv2.bn.bias'. See ednet.engine.trainer for customization of frozen layers.
WARNING ⚠️ setting 'requires_grad=True' for frozen layer 'model.16.cv1.conv.base.weight'. See ednet.engine.trainer for customization of frozen layers.
WARNING ⚠️ setting 'requires_grad=True' for frozen layer 'model.16.cv1.bn.weight'. See ednet.engine.trainer for customization of frozen layers.
WARNING ⚠️ setting 'requires_grad=True' for frozen layer 'model.16.cv1.bn.bias'. See ednet.engine.trainer for customization of frozen layers.
WARNING ⚠️ setting 'requires_grad=True' for frozen layer 'model.16.cv2.conv.base.weight'. See ednet.engine.trainer for customization of frozen layers.
WARNING ⚠️ setting 'requires_grad=True' for frozen layer 'model.16.cv2.bn.weight'. See ednet.engine.trainer for customization of frozen layers.
WARNING ⚠️ setting 'requires_grad=True' for frozen layer 'model.16.cv2.bn.bias'. See ednet.engine.trainer for customization of frozen layers.
WARNING ⚠️ setting 'requires_grad=True' for frozen layer 'model.16.m.0.cv1.conv.base.weight'. See ednet.engine.trainer for customization of frozen layers.
WARNING ⚠️ setting 'requires_grad=True' for frozen layer 'model.16.m.0.cv1.bn.weight'. See ednet.engine.trainer for customization of frozen layers.
WARNING ⚠️ setting 'requires_grad=True' for frozen layer 'model.16.m.0.cv1.bn.bias'. See ednet.engine.trainer for customization of frozen layers.
WARNING ⚠️ setting 'requires_grad=True' for frozen layer 'model.16.m.0.cv2.conv.base.weight'. See ednet.engine.trainer for customization of frozen layers.
WARNING ⚠️ setting 'requires_grad=True' for frozen layer 'model.16.m.0.cv2.bn.weight'. See ednet.engine.trainer for customization of frozen layers.
WARNING ⚠️ setting 'requires_grad=True' for frozen layer 'model.16.m.0.cv2.bn.bias'. See ednet.engine.trainer for customization of frozen layers.
WARNING ⚠️ setting 'requires_grad=True' for frozen layer 'model.19.cv1.conv.weight'. See ednet.engine.trainer for customization of frozen layers.
WARNING ⚠️ setting 'requires_grad=True' for frozen layer 'model.19.cv1.bn.weight'. See ednet.engine.trainer for customization of frozen layers.
WARNING ⚠️ setting 'requires_grad=True' for frozen layer 'model.19.cv1.bn.bias'. See ednet.engine.trainer for customization of frozen layers.
WARNING ⚠️ setting 'requires_grad=True' for frozen layer 'model.19.cv2.conv.weight'. See ednet.engine.trainer for customization of frozen layers.
WARNING ⚠️ setting 'requires_grad=True' for frozen layer 'model.19.cv2.bn.weight'. See ednet.engine.trainer for customization of frozen layers.
WARNING ⚠️ setting 'requires_grad=True' for frozen layer 'model.19.cv2.bn.bias'. See ednet.engine.trainer for customization of frozen layers.
WARNING ⚠️ setting 'requires_grad=True' for frozen layer 'model.19.m.0.cv1.conv.weight'. See ednet.engine.trainer for customization of frozen layers.
WARNING ⚠️ setting 'requires_grad=True' for frozen layer 'model.19.m.0.cv1.bn.weight'. See ednet.engine.trainer for customization of frozen layers.
WARNING ⚠️ setting 'requires_grad=True' for frozen layer 'model.19.m.0.cv1.bn.bias'. See ednet.engine.trainer for customization of frozen layers.
WARNING ⚠️ setting 'requires_grad=True' for frozen layer 'model.19.m.0.cv2.conv.weight'. See ednet.engine.trainer for customization of frozen layers.
WARNING ⚠️ setting 'requires_grad=True' for frozen layer 'model.19.m.0.cv2.bn.weight'. See ednet.engine.trainer for customization of frozen layers.
WARNING ⚠️ setting 'requires_grad=True' for frozen layer 'model.19.m.0.cv2.bn.bias'. See ednet.engine.trainer for customization of frozen layers.
WARNING ⚠️ setting 'requires_grad=True' for frozen layer 'model.20.conv.weight'. See ednet.engine.trainer for customization of frozen layers.
WARNING ⚠️ setting 'requires_grad=True' for frozen layer 'model.20.bn.weight'. See ednet.engine.trainer for customization of frozen layers.
WARNING ⚠️ setting 'requires_grad=True' for frozen layer 'model.20.bn.bias'. See ednet.engine.trainer for customization of frozen layers.
WARNING ⚠️ setting 'requires_grad=True' for frozen layer 'model.22.cv1.conv.base.weight'. See ednet.engine.trainer for customization of frozen layers.
WARNING ⚠️ setting 'requires_grad=True' for frozen layer 'model.22.cv1.bn.weight'. See ednet.engine.trainer for customization of frozen layers.
WARNING ⚠️ setting 'requires_grad=True' for frozen layer 'model.22.cv1.bn.bias'. See ednet.engine.trainer for customization of frozen layers.
WARNING ⚠️ setting 'requires_grad=True' for frozen layer 'model.22.cv2.conv.base.weight'. See ednet.engine.trainer for customization of frozen layers.
WARNING ⚠️ setting 'requires_grad=True' for frozen layer 'model.22.cv2.bn.weight'. See ednet.engine.trainer for customization of frozen layers.
WARNING ⚠️ setting 'requires_grad=True' for frozen layer 'model.22.cv2.bn.bias'. See ednet.engine.trainer for customization of frozen layers.
WARNING ⚠️ setting 'requires_grad=True' for frozen layer 'model.22.m.0.cv1.conv.base.weight'. See ednet.engine.trainer for customization of frozen layers.
WARNING ⚠️ setting 'requires_grad=True' for frozen layer 'model.22.m.0.cv1.bn.weight'. See ednet.engine.trainer for customization of frozen layers.
WARNING ⚠️ setting 'requires_grad=True' for frozen layer 'model.22.m.0.cv1.bn.bias'. See ednet.engine.trainer for customization of frozen layers.
WARNING ⚠️ setting 'requires_grad=True' for frozen layer 'model.22.m.0.cv2.conv.base.weight'. See ednet.engine.trainer for customization of frozen layers.
WARNING ⚠️ setting 'requires_grad=True' for frozen layer 'model.22.m.0.cv2.bn.weight'. See ednet.engine.trainer for customization of frozen layers.
WARNING ⚠️ setting 'requires_grad=True' for frozen layer 'model.22.m.0.cv2.bn.bias'. See ednet.engine.trainer for customization of frozen layers.
WARNING ⚠️ setting 'requires_grad=True' for frozen layer 'model.23.conv.weight'. See ednet.engine.trainer for customization of frozen layers.
WARNING ⚠️ setting 'requires_grad=True' for frozen layer 'model.23.bn.weight'. See ednet.engine.trainer for customization of frozen layers.
WARNING ⚠️ setting 'requires_grad=True' for frozen layer 'model.23.bn.bias'. See ednet.engine.trainer for customization of frozen layers.
WARNING ⚠️ setting 'requires_grad=True' for frozen layer 'model.25.cv1.conv.base.weight'. See ednet.engine.trainer for customization of frozen layers.
WARNING ⚠️ setting 'requires_grad=True' for frozen layer 'model.25.cv1.bn.weight'. See ednet.engine.trainer for customization of frozen layers.
WARNING ⚠️ setting 'requires_grad=True' for frozen layer 'model.25.cv1.bn.bias'. See ednet.engine.trainer for customization of frozen layers.
WARNING ⚠️ setting 'requires_grad=True' for frozen layer 'model.25.cv2.conv.base.weight'. See ednet.engine.trainer for customization of frozen layers.
WARNING ⚠️ setting 'requires_grad=True' for frozen layer 'model.25.cv2.bn.weight'. See ednet.engine.trainer for customization of frozen layers.
WARNING ⚠️ setting 'requires_grad=True' for frozen layer 'model.25.cv2.bn.bias'. See ednet.engine.trainer for customization of frozen layers.
WARNING ⚠️ setting 'requires_grad=True' for frozen layer 'model.25.m.0.cv1.conv.base.weight'. See ednet.engine.trainer for customization of frozen layers.
WARNING ⚠️ setting 'requires_grad=True' for frozen layer 'model.25.m.0.cv1.bn.weight'. See ednet.engine.trainer for customization of frozen layers.
WARNING ⚠️ setting 'requires_grad=True' for frozen layer 'model.25.m.0.cv1.bn.bias'. See ednet.engine.trainer for customization of frozen layers.
WARNING ⚠️ setting 'requires_grad=True' for frozen layer 'model.25.m.0.cv2.conv.base.weight'. See ednet.engine.trainer for customization of frozen layers.
WARNING ⚠️ setting 'requires_grad=True' for frozen layer 'model.25.m.0.cv2.bn.weight'. See ednet.engine.trainer for customization of frozen layers.
WARNING ⚠️ setting 'requires_grad=True' for frozen layer 'model.25.m.0.cv2.bn.bias'. See ednet.engine.trainer for customization of frozen layers.
WARNING ⚠️ setting 'requires_grad=True' for frozen layer 'model.26.cv1.conv.weight'. See ednet.engine.trainer for customization of frozen layers.
WARNING ⚠️ setting 'requires_grad=True' for frozen layer 'model.26.cv1.bn.weight'. See ednet.engine.trainer for customization of frozen layers.
WARNING ⚠️ setting 'requires_grad=True' for frozen layer 'model.26.cv1.bn.bias'. See ednet.engine.trainer for customization of frozen layers.
WARNING ⚠️ setting 'requires_grad=True' for frozen layer 'model.26.cv2.conv.weight'. See ednet.engine.trainer for customization of frozen layers.
WARNING ⚠️ setting 'requires_grad=True' for frozen layer 'model.26.cv2.bn.weight'. See ednet.engine.trainer for customization of frozen layers.
WARNING ⚠️ setting 'requires_grad=True' for frozen layer 'model.26.cv2.bn.bias'. See ednet.engine.trainer for customization of frozen layers.
WARNING ⚠️ setting 'requires_grad=True' for frozen layer 'model.28.cv1.conv.weight'. See ednet.engine.trainer for customization of frozen layers.
WARNING ⚠️ setting 'requires_grad=True' for frozen layer 'model.28.cv1.bn.weight'. See ednet.engine.trainer for customization of frozen layers.
WARNING ⚠️ setting 'requires_grad=True' for frozen layer 'model.28.cv1.bn.bias'. See ednet.engine.trainer for customization of frozen layers.
WARNING ⚠️ setting 'requires_grad=True' for frozen layer 'model.28.cv2.conv.weight'. See ednet.engine.trainer for customization of frozen layers.
WARNING ⚠️ setting 'requires_grad=True' for frozen layer 'model.28.cv2.bn.weight'. See ednet.engine.trainer for customization of frozen layers.
WARNING ⚠️ setting 'requires_grad=True' for frozen layer 'model.28.cv2.bn.bias'. See ednet.engine.trainer for customization of frozen layers.
WARNING ⚠️ setting 'requires_grad=True' for frozen layer 'model.28.m.0.cv1.0.conv.weight'. See ednet.engine.trainer for customization of frozen layers.
WARNING ⚠️ setting 'requires_grad=True' for frozen layer 'model.28.m.0.cv1.0.bn.weight'. See ednet.engine.trainer for customization of frozen layers.
WARNING ⚠️ setting 'requires_grad=True' for frozen layer 'model.28.m.0.cv1.0.bn.bias'. See ednet.engine.trainer for customization of frozen layers.
WARNING ⚠️ setting 'requires_grad=True' for frozen layer 'model.28.m.0.cv1.1.conv.weight'. See ednet.engine.trainer for customization of frozen layers.
WARNING ⚠️ setting 'requires_grad=True' for frozen layer 'model.28.m.0.cv1.1.bn.weight'. See ednet.engine.trainer for customization of frozen layers.
WARNING ⚠️ setting 'requires_grad=True' for frozen layer 'model.28.m.0.cv1.1.bn.bias'. See ednet.engine.trainer for customization of frozen layers.
WARNING ⚠️ setting 'requires_grad=True' for frozen layer 'model.28.m.0.cv1.2.conv.conv.weight'. See ednet.engine.trainer for customization of frozen layers.
WARNING ⚠️ setting 'requires_grad=True' for frozen layer 'model.28.m.0.cv1.2.conv.bn.weight'. See ednet.engine.trainer for customization of frozen layers.
WARNING ⚠️ setting 'requires_grad=True' for frozen layer 'model.28.m.0.cv1.2.conv.bn.bias'. See ednet.engine.trainer for customization of frozen layers.
WARNING ⚠️ setting 'requires_grad=True' for frozen layer 'model.28.m.0.cv1.2.conv1.conv.weight'. See ednet.engine.trainer for customization of frozen layers.
WARNING ⚠️ setting 'requires_grad=True' for frozen layer 'model.28.m.0.cv1.2.conv1.bn.weight'. See ednet.engine.trainer for customization of frozen layers.
WARNING ⚠️ setting 'requires_grad=True' for frozen layer 'model.28.m.0.cv1.2.conv1.bn.bias'. See ednet.engine.trainer for customization of frozen layers.
WARNING ⚠️ setting 'requires_grad=True' for frozen layer 'model.28.m.0.cv1.3.conv.weight'. See ednet.engine.trainer for customization of frozen layers.
WARNING ⚠️ setting 'requires_grad=True' for frozen layer 'model.28.m.0.cv1.3.bn.weight'. See ednet.engine.trainer for customization of frozen layers.
WARNING ⚠️ setting 'requires_grad=True' for frozen layer 'model.28.m.0.cv1.3.bn.bias'. See ednet.engine.trainer for customization of frozen layers.
WARNING ⚠️ setting 'requires_grad=True' for frozen layer 'model.28.m.0.cv1.4.conv.weight'. See ednet.engine.trainer for customization of frozen layers.
WARNING ⚠️ setting 'requires_grad=True' for frozen layer 'model.28.m.0.cv1.4.bn.weight'. See ednet.engine.trainer for customization of frozen layers.
WARNING ⚠️ setting 'requires_grad=True' for frozen layer 'model.28.m.0.cv1.4.bn.bias'. See ednet.engine.trainer for customization of frozen layers.
WARNING ⚠️ setting 'requires_grad=True' for frozen layer 'model.29.cv2.0.0.conv.base.weight'. See ednet.engine.trainer for customization of frozen layers.
WARNING ⚠️ setting 'requires_grad=True' for frozen layer 'model.29.cv2.0.0.bn.weight'. See ednet.engine.trainer for customization of frozen layers.
WARNING ⚠️ setting 'requires_grad=True' for frozen layer 'model.29.cv2.0.0.bn.bias'. See ednet.engine.trainer for customization of frozen layers.
WARNING ⚠️ setting 'requires_grad=True' for frozen layer 'model.29.cv2.0.1.conv.base.weight'. See ednet.engine.trainer for customization of frozen layers.
WARNING ⚠️ setting 'requires_grad=True' for frozen layer 'model.29.cv2.0.1.bn.weight'. See ednet.engine.trainer for customization of frozen layers.
WARNING ⚠️ setting 'requires_grad=True' for frozen layer 'model.29.cv2.0.1.bn.bias'. See ednet.engine.trainer for customization of frozen layers.
WARNING ⚠️ setting 'requires_grad=True' for frozen layer 'model.29.cv2.0.2.weight'. See ednet.engine.trainer for customization of frozen layers.
WARNING ⚠️ setting 'requires_grad=True' for frozen layer 'model.29.cv2.0.2.bias'. See ednet.engine.trainer for customization of frozen layers.
WARNING ⚠️ setting 'requires_grad=True' for frozen layer 'model.29.cv2.1.0.conv.base.weight'. See ednet.engine.trainer for customization of frozen layers.
WARNING ⚠️ setting 'requires_grad=True' for frozen layer 'model.29.cv2.1.0.bn.weight'. See ednet.engine.trainer for customization of frozen layers.
WARNING ⚠️ setting 'requires_grad=True' for frozen layer 'model.29.cv2.1.0.bn.bias'. See ednet.engine.trainer for customization of frozen layers.
WARNING ⚠️ setting 'requires_grad=True' for frozen layer 'model.29.cv2.1.1.conv.base.weight'. See ednet.engine.trainer for customization of frozen layers.
WARNING ⚠️ setting 'requires_grad=True' for frozen layer 'model.29.cv2.1.1.bn.weight'. See ednet.engine.trainer for customization of frozen layers.
WARNING ⚠️ setting 'requires_grad=True' for frozen layer 'model.29.cv2.1.1.bn.bias'. See ednet.engine.trainer for customization of frozen layers.
WARNING ⚠️ setting 'requires_grad=True' for frozen layer 'model.29.cv2.1.2.weight'. See ednet.engine.trainer for customization of frozen layers.
WARNING ⚠️ setting 'requires_grad=True' for frozen layer 'model.29.cv2.1.2.bias'. See ednet.engine.trainer for customization of frozen layers.
WARNING ⚠️ setting 'requires_grad=True' for frozen layer 'model.29.cv2.2.0.conv.base.weight'. See ednet.engine.trainer for customization of frozen layers.
WARNING ⚠️ setting 'requires_grad=True' for frozen layer 'model.29.cv2.2.0.bn.weight'. See ednet.engine.trainer for customization of frozen layers.
WARNING ⚠️ setting 'requires_grad=True' for frozen layer 'model.29.cv2.2.0.bn.bias'. See ednet.engine.trainer for customization of frozen layers.
WARNING ⚠️ setting 'requires_grad=True' for frozen layer 'model.29.cv2.2.1.conv.base.weight'. See ednet.engine.trainer for customization of frozen layers.
WARNING ⚠️ setting 'requires_grad=True' for frozen layer 'model.29.cv2.2.1.bn.weight'. See ednet.engine.trainer for customization of frozen layers.
WARNING ⚠️ setting 'requires_grad=True' for frozen layer 'model.29.cv2.2.1.bn.bias'. See ednet.engine.trainer for customization of frozen layers.
WARNING ⚠️ setting 'requires_grad=True' for frozen layer 'model.29.cv2.2.2.weight'. See ednet.engine.trainer for customization of frozen layers.
WARNING ⚠️ setting 'requires_grad=True' for frozen layer 'model.29.cv2.2.2.bias'. See ednet.engine.trainer for customization of frozen layers.
WARNING ⚠️ setting 'requires_grad=True' for frozen layer 'model.29.cv2.3.0.conv.base.weight'. See ednet.engine.trainer for customization of frozen layers.
WARNING ⚠️ setting 'requires_grad=True' for frozen layer 'model.29.cv2.3.0.bn.weight'. See ednet.engine.trainer for customization of frozen layers.
WARNING ⚠️ setting 'requires_grad=True' for frozen layer 'model.29.cv2.3.0.bn.bias'. See ednet.engine.trainer for customization of frozen layers.
WARNING ⚠️ setting 'requires_grad=True' for frozen layer 'model.29.cv2.3.1.conv.base.weight'. See ednet.engine.trainer for customization of frozen layers.
WARNING ⚠️ setting 'requires_grad=True' for frozen layer 'model.29.cv2.3.1.bn.weight'. See ednet.engine.trainer for customization of frozen layers.
WARNING ⚠️ setting 'requires_grad=True' for frozen layer 'model.29.cv2.3.1.bn.bias'. See ednet.engine.trainer for customization of frozen layers.
WARNING ⚠️ setting 'requires_grad=True' for frozen layer 'model.29.cv2.3.2.weight'. See ednet.engine.trainer for customization of frozen layers.
WARNING ⚠️ setting 'requires_grad=True' for frozen layer 'model.29.cv2.3.2.bias'. See ednet.engine.trainer for customization of frozen layers.
WARNING ⚠️ setting 'requires_grad=True' for frozen layer 'model.29.cv3.0.0.0.conv.weight'. See ednet.engine.trainer for customization of frozen layers.
WARNING ⚠️ setting 'requires_grad=True' for frozen layer 'model.29.cv3.0.0.0.bn.weight'. See ednet.engine.trainer for customization of frozen layers.
WARNING ⚠️ setting 'requires_grad=True' for frozen layer 'model.29.cv3.0.0.0.bn.bias'. See ednet.engine.trainer for customization of frozen layers.
WARNING ⚠️ setting 'requires_grad=True' for frozen layer 'model.29.cv3.0.0.1.conv.base.weight'. See ednet.engine.trainer for customization of frozen layers.
WARNING ⚠️ setting 'requires_grad=True' for frozen layer 'model.29.cv3.0.0.1.bn.weight'. See ednet.engine.trainer for customization of frozen layers.
WARNING ⚠️ setting 'requires_grad=True' for frozen layer 'model.29.cv3.0.0.1.bn.bias'. See ednet.engine.trainer for customization of frozen layers.
WARNING ⚠️ setting 'requires_grad=True' for frozen layer 'model.29.cv3.0.1.0.conv.weight'. See ednet.engine.trainer for customization of frozen layers.
WARNING ⚠️ setting 'requires_grad=True' for frozen layer 'model.29.cv3.0.1.0.bn.weight'. See ednet.engine.trainer for customization of frozen layers.
WARNING ⚠️ setting 'requires_grad=True' for frozen layer 'model.29.cv3.0.1.0.bn.bias'. See ednet.engine.trainer for customization of frozen layers.
WARNING ⚠️ setting 'requires_grad=True' for frozen layer 'model.29.cv3.0.1.1.conv.base.weight'. See ednet.engine.trainer for customization of frozen layers.
WARNING ⚠️ setting 'requires_grad=True' for frozen layer 'model.29.cv3.0.1.1.bn.weight'. See ednet.engine.trainer for customization of frozen layers.
WARNING ⚠️ setting 'requires_grad=True' for frozen layer 'model.29.cv3.0.1.1.bn.bias'. See ednet.engine.trainer for customization of frozen layers.
WARNING ⚠️ setting 'requires_grad=True' for frozen layer 'model.29.cv3.0.2.weight'. See ednet.engine.trainer for customization of frozen layers.
WARNING ⚠️ setting 'requires_grad=True' for frozen layer 'model.29.cv3.0.2.bias'. See ednet.engine.trainer for customization of frozen layers.
WARNING ⚠️ setting 'requires_grad=True' for frozen layer 'model.29.cv3.1.0.0.conv.weight'. See ednet.engine.trainer for customization of frozen layers.
WARNING ⚠️ setting 'requires_grad=True' for frozen layer 'model.29.cv3.1.0.0.bn.weight'. See ednet.engine.trainer for customization of frozen layers.
WARNING ⚠️ setting 'requires_grad=True' for frozen layer 'model.29.cv3.1.0.0.bn.bias'. See ednet.engine.trainer for customization of frozen layers.
WARNING ⚠️ setting 'requires_grad=True' for frozen layer 'model.29.cv3.1.0.1.conv.base.weight'. See ednet.engine.trainer for customization of frozen layers.
WARNING ⚠️ setting 'requires_grad=True' for frozen layer 'model.29.cv3.1.0.1.bn.weight'. See ednet.engine.trainer for customization of frozen layers.
WARNING ⚠️ setting 'requires_grad=True' for frozen layer 'model.29.cv3.1.0.1.bn.bias'. See ednet.engine.trainer for customization of frozen layers.
WARNING ⚠️ setting 'requires_grad=True' for frozen layer 'model.29.cv3.1.1.0.conv.weight'. See ednet.engine.trainer for customization of frozen layers.
WARNING ⚠️ setting 'requires_grad=True' for frozen layer 'model.29.cv3.1.1.0.bn.weight'. See ednet.engine.trainer for customization of frozen layers.
WARNING ⚠️ setting 'requires_grad=True' for frozen layer 'model.29.cv3.1.1.0.bn.bias'. See ednet.engine.trainer for customization of frozen layers.
WARNING ⚠️ setting 'requires_grad=True' for frozen layer 'model.29.cv3.1.1.1.conv.base.weight'. See ednet.engine.trainer for customization of frozen layers.
WARNING ⚠️ setting 'requires_grad=True' for frozen layer 'model.29.cv3.1.1.1.bn.weight'. See ednet.engine.trainer for customization of frozen layers.
WARNING ⚠️ setting 'requires_grad=True' for frozen layer 'model.29.cv3.1.1.1.bn.bias'. See ednet.engine.trainer for customization of frozen layers.
WARNING ⚠️ setting 'requires_grad=True' for frozen layer 'model.29.cv3.1.2.weight'. See ednet.engine.trainer for customization of frozen layers.
WARNING ⚠️ setting 'requires_grad=True' for frozen layer 'model.29.cv3.1.2.bias'. See ednet.engine.trainer for customization of frozen layers.
WARNING ⚠️ setting 'requires_grad=True' for frozen layer 'model.29.cv3.2.0.0.conv.weight'. See ednet.engine.trainer for customization of frozen layers.
WARNING ⚠️ setting 'requires_grad=True' for frozen layer 'model.29.cv3.2.0.0.bn.weight'. See ednet.engine.trainer for customization of frozen layers.
WARNING ⚠️ setting 'requires_grad=True' for frozen layer 'model.29.cv3.2.0.0.bn.bias'. See ednet.engine.trainer for customization of frozen layers.
WARNING ⚠️ setting 'requires_grad=True' for frozen layer 'model.29.cv3.2.0.1.conv.base.weight'. See ednet.engine.trainer for customization of frozen layers.
WARNING ⚠️ setting 'requires_grad=True' for frozen layer 'model.29.cv3.2.0.1.bn.weight'. See ednet.engine.trainer for customization of frozen layers.
WARNING ⚠️ setting 'requires_grad=True' for frozen layer 'model.29.cv3.2.0.1.bn.bias'. See ednet.engine.trainer for customization of frozen layers.
WARNING ⚠️ setting 'requires_grad=True' for frozen layer 'model.29.cv3.2.1.0.conv.weight'. See ednet.engine.trainer for customization of frozen layers.
WARNING ⚠️ setting 'requires_grad=True' for frozen layer 'model.29.cv3.2.1.0.bn.weight'. See ednet.engine.trainer for customization of frozen layers.
WARNING ⚠️ setting 'requires_grad=True' for frozen layer 'model.29.cv3.2.1.0.bn.bias'. See ednet.engine.trainer for customization of frozen layers.
WARNING ⚠️ setting 'requires_grad=True' for frozen layer 'model.29.cv3.2.1.1.conv.base.weight'. See ednet.engine.trainer for customization of frozen layers.
WARNING ⚠️ setting 'requires_grad=True' for frozen layer 'model.29.cv3.2.1.1.bn.weight'. See ednet.engine.trainer for customization of frozen layers.
WARNING ⚠️ setting 'requires_grad=True' for frozen layer 'model.29.cv3.2.1.1.bn.bias'. See ednet.engine.trainer for customization of frozen layers.
WARNING ⚠️ setting 'requires_grad=True' for frozen layer 'model.29.cv3.2.2.weight'. See ednet.engine.trainer for customization of frozen layers.
WARNING ⚠️ setting 'requires_grad=True' for frozen layer 'model.29.cv3.2.2.bias'. See ednet.engine.trainer for customization of frozen layers.
WARNING ⚠️ setting 'requires_grad=True' for frozen layer 'model.29.cv3.3.0.0.conv.weight'. See ednet.engine.trainer for customization of frozen layers.
WARNING ⚠️ setting 'requires_grad=True' for frozen layer 'model.29.cv3.3.0.0.bn.weight'. See ednet.engine.trainer for customization of frozen layers.
WARNING ⚠️ setting 'requires_grad=True' for frozen layer 'model.29.cv3.3.0.0.bn.bias'. See ednet.engine.trainer for customization of frozen layers.
WARNING ⚠️ setting 'requires_grad=True' for frozen layer 'model.29.cv3.3.0.1.conv.base.weight'. See ednet.engine.trainer for customization of frozen layers.
WARNING ⚠️ setting 'requires_grad=True' for frozen layer 'model.29.cv3.3.0.1.bn.weight'. See ednet.engine.trainer for customization of frozen layers.
WARNING ⚠️ setting 'requires_grad=True' for frozen layer 'model.29.cv3.3.0.1.bn.bias'. See ednet.engine.trainer for customization of frozen layers.
WARNING ⚠️ setting 'requires_grad=True' for frozen layer 'model.29.cv3.3.1.0.conv.weight'. See ednet.engine.trainer for customization of frozen layers.
WARNING ⚠️ setting 'requires_grad=True' for frozen layer 'model.29.cv3.3.1.0.bn.weight'. See ednet.engine.trainer for customization of frozen layers.
WARNING ⚠️ setting 'requires_grad=True' for frozen layer 'model.29.cv3.3.1.0.bn.bias'. See ednet.engine.trainer for customization of frozen layers.
WARNING ⚠️ setting 'requires_grad=True' for frozen layer 'model.29.cv3.3.1.1.conv.base.weight'. See ednet.engine.trainer for customization of frozen layers.
WARNING ⚠️ setting 'requires_grad=True' for frozen layer 'model.29.cv3.3.1.1.bn.weight'. See ednet.engine.trainer for customization of frozen layers.
WARNING ⚠️ setting 'requires_grad=True' for frozen layer 'model.29.cv3.3.1.1.bn.bias'. See ednet.engine.trainer for customization of frozen layers.
WARNING ⚠️ setting 'requires_grad=True' for frozen layer 'model.29.cv3.3.2.weight'. See ednet.engine.trainer for customization of frozen layers.
WARNING ⚠️ setting 'requires_grad=True' for frozen layer 'model.29.cv3.3.2.bias'. See ednet.engine.trainer for customization of frozen layers.
Freezing layer 'model.29.dfl.conv.weight'
WARNING ⚠️ setting 'requires_grad=True' for frozen layer 'model.29.one2one_cv2.0.0.conv.weight'. See ednet.engine.trainer for customization of frozen layers.
WARNING ⚠️ setting 'requires_grad=True' for frozen layer 'model.29.one2one_cv2.0.0.bn.weight'. See ednet.engine.trainer for customization of frozen layers.
WARNING ⚠️ setting 'requires_grad=True' for frozen layer 'model.29.one2one_cv2.0.0.bn.bias'. See ednet.engine.trainer for customization of frozen layers.
WARNING ⚠️ setting 'requires_grad=True' for frozen layer 'model.29.one2one_cv2.0.1.conv.weight'. See ednet.engine.trainer for customization of frozen layers.
WARNING ⚠️ setting 'requires_grad=True' for frozen layer 'model.29.one2one_cv2.0.1.bn.weight'. See ednet.engine.trainer for customization of frozen layers.
WARNING ⚠️ setting 'requires_grad=True' for frozen layer 'model.29.one2one_cv2.0.1.bn.bias'. See ednet.engine.trainer for customization of frozen layers.
WARNING ⚠️ setting 'requires_grad=True' for frozen layer 'model.29.one2one_cv2.0.2.weight'. See ednet.engine.trainer for customization of frozen layers.
WARNING ⚠️ setting 'requires_grad=True' for frozen layer 'model.29.one2one_cv2.0.2.bias'. See ednet.engine.trainer for customization of frozen layers.
WARNING ⚠️ setting 'requires_grad=True' for frozen layer 'model.29.one2one_cv2.1.0.conv.weight'. See ednet.engine.trainer for customization of frozen layers.
WARNING ⚠️ setting 'requires_grad=True' for frozen layer 'model.29.one2one_cv2.1.0.bn.weight'. See ednet.engine.trainer for customization of frozen layers.
WARNING ⚠️ setting 'requires_grad=True' for frozen layer 'model.29.one2one_cv2.1.0.bn.bias'. See ednet.engine.trainer for customization of frozen layers.
WARNING ⚠️ setting 'requires_grad=True' for frozen layer 'model.29.one2one_cv2.1.1.conv.weight'. See ednet.engine.trainer for customization of frozen layers.
WARNING ⚠️ setting 'requires_grad=True' for frozen layer 'model.29.one2one_cv2.1.1.bn.weight'. See ednet.engine.trainer for customization of frozen layers.
WARNING ⚠️ setting 'requires_grad=True' for frozen layer 'model.29.one2one_cv2.1.1.bn.bias'. See ednet.engine.trainer for customization of frozen layers.
WARNING ⚠️ setting 'requires_grad=True' for frozen layer 'model.29.one2one_cv2.1.2.weight'. See ednet.engine.trainer for customization of frozen layers.
WARNING ⚠️ setting 'requires_grad=True' for frozen layer 'model.29.one2one_cv2.1.2.bias'. See ednet.engine.trainer for customization of frozen layers.
WARNING ⚠️ setting 'requires_grad=True' for frozen layer 'model.29.one2one_cv2.2.0.conv.weight'. See ednet.engine.trainer for customization of frozen layers.
WARNING ⚠️ setting 'requires_grad=True' for frozen layer 'model.29.one2one_cv2.2.0.bn.weight'. See ednet.engine.trainer for customization of frozen layers.
WARNING ⚠️ setting 'requires_grad=True' for frozen layer 'model.29.one2one_cv2.2.0.bn.bias'. See ednet.engine.trainer for customization of frozen layers.
WARNING ⚠️ setting 'requires_grad=True' for frozen layer 'model.29.one2one_cv2.2.1.conv.weight'. See ednet.engine.trainer for customization of frozen layers.
WARNING ⚠️ setting 'requires_grad=True' for frozen layer 'model.29.one2one_cv2.2.1.bn.weight'. See ednet.engine.trainer for customization of frozen layers.
WARNING ⚠️ setting 'requires_grad=True' for frozen layer 'model.29.one2one_cv2.2.1.bn.bias'. See ednet.engine.trainer for customization of frozen layers.
WARNING ⚠️ setting 'requires_grad=True' for frozen layer 'model.29.one2one_cv2.2.2.weight'. See ednet.engine.trainer for customization of frozen layers.
WARNING ⚠️ setting 'requires_grad=True' for frozen layer 'model.29.one2one_cv2.2.2.bias'. See ednet.engine.trainer for customization of frozen layers.
WARNING ⚠️ setting 'requires_grad=True' for frozen layer 'model.29.one2one_cv2.3.0.conv.weight'. See ednet.engine.trainer for customization of frozen layers.
WARNING ⚠️ setting 'requires_grad=True' for frozen layer 'model.29.one2one_cv2.3.0.bn.weight'. See ednet.engine.trainer for customization of frozen layers.
WARNING ⚠️ setting 'requires_grad=True' for frozen layer 'model.29.one2one_cv2.3.0.bn.bias'. See ednet.engine.trainer for customization of frozen layers.
WARNING ⚠️ setting 'requires_grad=True' for frozen layer 'model.29.one2one_cv2.3.1.conv.weight'. See ednet.engine.trainer for customization of frozen layers.
WARNING ⚠️ setting 'requires_grad=True' for frozen layer 'model.29.one2one_cv2.3.1.bn.weight'. See ednet.engine.trainer for customization of frozen layers.
WARNING ⚠️ setting 'requires_grad=True' for frozen layer 'model.29.one2one_cv2.3.1.bn.bias'. See ednet.engine.trainer for customization of frozen layers.
WARNING ⚠️ setting 'requires_grad=True' for frozen layer 'model.29.one2one_cv2.3.2.weight'. See ednet.engine.trainer for customization of frozen layers.
WARNING ⚠️ setting 'requires_grad=True' for frozen layer 'model.29.one2one_cv2.3.2.bias'. See ednet.engine.trainer for customization of frozen layers.
WARNING ⚠️ setting 'requires_grad=True' for frozen layer 'model.29.one2one_cv3.0.0.0.conv.weight'. See ednet.engine.trainer for customization of frozen layers.
WARNING ⚠️ setting 'requires_grad=True' for frozen layer 'model.29.one2one_cv3.0.0.0.bn.weight'. See ednet.engine.trainer for customization of frozen layers.
WARNING ⚠️ setting 'requires_grad=True' for frozen layer 'model.29.one2one_cv3.0.0.0.bn.bias'. See ednet.engine.trainer for customization of frozen layers.
WARNING ⚠️ setting 'requires_grad=True' for frozen layer 'model.29.one2one_cv3.0.0.1.conv.weight'. See ednet.engine.trainer for customization of frozen layers.
WARNING ⚠️ setting 'requires_grad=True' for frozen layer 'model.29.one2one_cv3.0.0.1.bn.weight'. See ednet.engine.trainer for customization of frozen layers.
WARNING ⚠️ setting 'requires_grad=True' for frozen layer 'model.29.one2one_cv3.0.0.1.bn.bias'. See ednet.engine.trainer for customization of frozen layers.
WARNING ⚠️ setting 'requires_grad=True' for frozen layer 'model.29.one2one_cv3.0.1.0.conv.weight'. See ednet.engine.trainer for customization of frozen layers.
WARNING ⚠️ setting 'requires_grad=True' for frozen layer 'model.29.one2one_cv3.0.1.0.bn.weight'. See ednet.engine.trainer for customization of frozen layers.
WARNING ⚠️ setting 'requires_grad=True' for frozen layer 'model.29.one2one_cv3.0.1.0.bn.bias'. See ednet.engine.trainer for customization of frozen layers.
WARNING ⚠️ setting 'requires_grad=True' for frozen layer 'model.29.one2one_cv3.0.1.1.conv.weight'. See ednet.engine.trainer for customization of frozen layers.
WARNING ⚠️ setting 'requires_grad=True' for frozen layer 'model.29.one2one_cv3.0.1.1.bn.weight'. See ednet.engine.trainer for customization of frozen layers.
WARNING ⚠️ setting 'requires_grad=True' for frozen layer 'model.29.one2one_cv3.0.1.1.bn.bias'. See ednet.engine.trainer for customization of frozen layers.
WARNING ⚠️ setting 'requires_grad=True' for frozen layer 'model.29.one2one_cv3.0.2.weight'. See ednet.engine.trainer for customization of frozen layers.
WARNING ⚠️ setting 'requires_grad=True' for frozen layer 'model.29.one2one_cv3.0.2.bias'. See ednet.engine.trainer for customization of frozen layers.
WARNING ⚠️ setting 'requires_grad=True' for frozen layer 'model.29.one2one_cv3.1.0.0.conv.weight'. See ednet.engine.trainer for customization of frozen layers.
WARNING ⚠️ setting 'requires_grad=True' for frozen layer 'model.29.one2one_cv3.1.0.0.bn.weight'. See ednet.engine.trainer for customization of frozen layers.
WARNING ⚠️ setting 'requires_grad=True' for frozen layer 'model.29.one2one_cv3.1.0.0.bn.bias'. See ednet.engine.trainer for customization of frozen layers.
WARNING ⚠️ setting 'requires_grad=True' for frozen layer 'model.29.one2one_cv3.1.0.1.conv.weight'. See ednet.engine.trainer for customization of frozen layers.
WARNING ⚠️ setting 'requires_grad=True' for frozen layer 'model.29.one2one_cv3.1.0.1.bn.weight'. See ednet.engine.trainer for customization of frozen layers.
WARNING ⚠️ setting 'requires_grad=True' for frozen layer 'model.29.one2one_cv3.1.0.1.bn.bias'. See ednet.engine.trainer for customization of frozen layers.
WARNING ⚠️ setting 'requires_grad=True' for frozen layer 'model.29.one2one_cv3.1.1.0.conv.weight'. See ednet.engine.trainer for customization of frozen layers.
WARNING ⚠️ setting 'requires_grad=True' for frozen layer 'model.29.one2one_cv3.1.1.0.bn.weight'. See ednet.engine.trainer for customization of frozen layers.
WARNING ⚠️ setting 'requires_grad=True' for frozen layer 'model.29.one2one_cv3.1.1.0.bn.bias'. See ednet.engine.trainer for customization of frozen layers.
WARNING ⚠️ setting 'requires_grad=True' for frozen layer 'model.29.one2one_cv3.1.1.1.conv.weight'. See ednet.engine.trainer for customization of frozen layers.
WARNING ⚠️ setting 'requires_grad=True' for frozen layer 'model.29.one2one_cv3.1.1.1.bn.weight'. See ednet.engine.trainer for customization of frozen layers.
WARNING ⚠️ setting 'requires_grad=True' for frozen layer 'model.29.one2one_cv3.1.1.1.bn.bias'. See ednet.engine.trainer for customization of frozen layers.
WARNING ⚠️ setting 'requires_grad=True' for frozen layer 'model.29.one2one_cv3.1.2.weight'. See ednet.engine.trainer for customization of frozen layers.
WARNING ⚠️ setting 'requires_grad=True' for frozen layer 'model.29.one2one_cv3.1.2.bias'. See ednet.engine.trainer for customization of frozen layers.
WARNING ⚠️ setting 'requires_grad=True' for frozen layer 'model.29.one2one_cv3.2.0.0.conv.weight'. See ednet.engine.trainer for customization of frozen layers.
WARNING ⚠️ setting 'requires_grad=True' for frozen layer 'model.29.one2one_cv3.2.0.0.bn.weight'. See ednet.engine.trainer for customization of frozen layers.
WARNING ⚠️ setting 'requires_grad=True' for frozen layer 'model.29.one2one_cv3.2.0.0.bn.bias'. See ednet.engine.trainer for customization of frozen layers.
WARNING ⚠️ setting 'requires_grad=True' for frozen layer 'model.29.one2one_cv3.2.0.1.conv.weight'. See ednet.engine.trainer for customization of frozen layers.
WARNING ⚠️ setting 'requires_grad=True' for frozen layer 'model.29.one2one_cv3.2.0.1.bn.weight'. See ednet.engine.trainer for customization of frozen layers.
WARNING ⚠️ setting 'requires_grad=True' for frozen layer 'model.29.one2one_cv3.2.0.1.bn.bias'. See ednet.engine.trainer for customization of frozen layers.
WARNING ⚠️ setting 'requires_grad=True' for frozen layer 'model.29.one2one_cv3.2.1.0.conv.weight'. See ednet.engine.trainer for customization of frozen layers.
WARNING ⚠️ setting 'requires_grad=True' for frozen layer 'model.29.one2one_cv3.2.1.0.bn.weight'. See ednet.engine.trainer for customization of frozen layers.
WARNING ⚠️ setting 'requires_grad=True' for frozen layer 'model.29.one2one_cv3.2.1.0.bn.bias'. See ednet.engine.trainer for customization of frozen layers.
WARNING ⚠️ setting 'requires_grad=True' for frozen layer 'model.29.one2one_cv3.2.1.1.conv.weight'. See ednet.engine.trainer for customization of frozen layers.
WARNING ⚠️ setting 'requires_grad=True' for frozen layer 'model.29.one2one_cv3.2.1.1.bn.weight'. See ednet.engine.trainer for customization of frozen layers.
WARNING ⚠️ setting 'requires_grad=True' for frozen layer 'model.29.one2one_cv3.2.1.1.bn.bias'. See ednet.engine.trainer for customization of frozen layers.
WARNING ⚠️ setting 'requires_grad=True' for frozen layer 'model.29.one2one_cv3.2.2.weight'. See ednet.engine.trainer for customization of frozen layers.
WARNING ⚠️ setting 'requires_grad=True' for frozen layer 'model.29.one2one_cv3.2.2.bias'. See ednet.engine.trainer for customization of frozen layers.
WARNING ⚠️ setting 'requires_grad=True' for frozen layer 'model.29.one2one_cv3.3.0.0.conv.weight'. See ednet.engine.trainer for customization of frozen layers.
WARNING ⚠️ setting 'requires_grad=True' for frozen layer 'model.29.one2one_cv3.3.0.0.bn.weight'. See ednet.engine.trainer for customization of frozen layers.
WARNING ⚠️ setting 'requires_grad=True' for frozen layer 'model.29.one2one_cv3.3.0.0.bn.bias'. See ednet.engine.trainer for customization of frozen layers.
WARNING ⚠️ setting 'requires_grad=True' for frozen layer 'model.29.one2one_cv3.3.0.1.conv.weight'. See ednet.engine.trainer for customization of frozen layers.
WARNING ⚠️ setting 'requires_grad=True' for frozen layer 'model.29.one2one_cv3.3.0.1.bn.weight'. See ednet.engine.trainer for customization of frozen layers.
WARNING ⚠️ setting 'requires_grad=True' for frozen layer 'model.29.one2one_cv3.3.0.1.bn.bias'. See ednet.engine.trainer for customization of frozen layers.
WARNING ⚠️ setting 'requires_grad=True' for frozen layer 'model.29.one2one_cv3.3.1.0.conv.weight'. See ednet.engine.trainer for customization of frozen layers.
WARNING ⚠️ setting 'requires_grad=True' for frozen layer 'model.29.one2one_cv3.3.1.0.bn.weight'. See ednet.engine.trainer for customization of frozen layers.
WARNING ⚠️ setting 'requires_grad=True' for frozen layer 'model.29.one2one_cv3.3.1.0.bn.bias'. See ednet.engine.trainer for customization of frozen layers.
WARNING ⚠️ setting 'requires_grad=True' for frozen layer 'model.29.one2one_cv3.3.1.1.conv.weight'. See ednet.engine.trainer for customization of frozen layers.
WARNING ⚠️ setting 'requires_grad=True' for frozen layer 'model.29.one2one_cv3.3.1.1.bn.weight'. See ednet.engine.trainer for customization of frozen layers.
WARNING ⚠️ setting 'requires_grad=True' for frozen layer 'model.29.one2one_cv3.3.1.1.bn.bias'. See ednet.engine.trainer for customization of frozen layers.
WARNING ⚠️ setting 'requires_grad=True' for frozen layer 'model.29.one2one_cv3.3.2.weight'. See ednet.engine.trainer for customization of frozen layers.
WARNING ⚠️ setting 'requires_grad=True' for frozen layer 'model.29.one2one_cv3.3.2.bias'. See ednet.engine.trainer for customization of frozen layers.
[34m[1mAMP: [0mrunning Automatic Mixed Precision (AMP) checks with YOLOv8n...
[34m[1mAMP: [0mchecks passed ✅
Plotting labels to /home/ddwilde/scriptie/runs/dota_saab_lora/stage2-saab/labels.jpg... 
[34m[1moptimizer:[0m 'optimizer=auto' found, ignoring 'lr0=0.01' and 'momentum=0.937' and determining best 'optimizer', 'lr0' and 'momentum' automatically... 
[34m[1moptimizer:[0m AdamW(lr=0.000526, momentum=0.9) with parameter groups 117 weight(decay=0.0), 202 weight(decay=0.0005), 139 bias(decay=0.0)
Skipping fusion for LoRA-wrapped layer Conv
Skipping fusion for LoRA-wrapped layer Conv
Skipping fusion for LoRA-wrapped layer Conv
Skipping fusion for LoRA-wrapped layer Conv
Skipping fusion for LoRA-wrapped layer Conv
Skipping fusion for LoRA-wrapped layer Conv
Skipping fusion for LoRA-wrapped layer Conv
Skipping fusion for LoRA-wrapped layer Conv
Skipping fusion for LoRA-wrapped layer Conv
Skipping fusion for LoRA-wrapped layer Conv
Skipping fusion for LoRA-wrapped layer Conv
Skipping fusion for LoRA-wrapped layer Conv
Skipping fusion for LoRA-wrapped layer Conv
Skipping fusion for LoRA-wrapped layer Conv
Skipping fusion for LoRA-wrapped layer Conv
Skipping fusion for LoRA-wrapped layer Conv
Skipping fusion for LoRA-wrapped layer Conv
Skipping fusion for LoRA-wrapped layer Conv
Skipping fusion for LoRA-wrapped layer Conv
Skipping fusion for LoRA-wrapped layer Conv
Skipping fusion for LoRA-wrapped layer Conv
Skipping fusion for LoRA-wrapped layer Conv
Skipping fusion for LoRA-wrapped layer Conv
Skipping fusion for LoRA-wrapped layer Conv
Skipping fusion for LoRA-wrapped layer Conv
Skipping fusion for LoRA-wrapped layer Conv
Skipping fusion for LoRA-wrapped layer Conv
Skipping fusion for LoRA-wrapped layer Conv
[34m[1mTensorBoard: [0mmodel graph visualization added ✅
Image sizes 640 train, 640 val
Using 8 dataloader workers
Logging results to [1m/home/ddwilde/scriptie/runs/dota_saab_lora/stage2-saab[0m
Starting training for 50 epochs...

      Epoch    GPU_mem   box_loss   cls_loss   dfl_loss  Instances       Size
Limiting positives to classes (1, 9, 10)
Limiting positives to classes (1, 9, 10)
Limiting positives to classes (1, 9, 10)
Limiting positives to classes (1, 9, 10)
                   all        365      24440     0.0715      0.062     0.0578     0.0293

      Epoch    GPU_mem   box_loss   cls_loss   dfl_loss  Instances       Size
                   all        365      24440      0.147     0.0687     0.0708     0.0387

      Epoch    GPU_mem   box_loss   cls_loss   dfl_loss  Instances       Size
                   all        365      24440      0.131     0.0736     0.0831     0.0423

      Epoch    GPU_mem   box_loss   cls_loss   dfl_loss  Instances       Size
                   all        365      24440       0.12     0.0876     0.0887      0.044

      Epoch    GPU_mem   box_loss   cls_loss   dfl_loss  Instances       Size
                   all        365      24440      0.123     0.0933      0.094      0.048

      Epoch    GPU_mem   box_loss   cls_loss   dfl_loss  Instances       Size
                   all        365      24440      0.119        0.1     0.0957     0.0501

      Epoch    GPU_mem   box_loss   cls_loss   dfl_loss  Instances       Size
                   all        365      24440      0.133      0.106      0.108      0.056

      Epoch    GPU_mem   box_loss   cls_loss   dfl_loss  Instances       Size
                   all        365      24440      0.138      0.107      0.112     0.0615

      Epoch    GPU_mem   box_loss   cls_loss   dfl_loss  Instances       Size
                   all        365      24440      0.137      0.108      0.111     0.0618

      Epoch    GPU_mem   box_loss   cls_loss   dfl_loss  Instances       Size
                   all        365      24440      0.133      0.105      0.106     0.0577

      Epoch    GPU_mem   box_loss   cls_loss   dfl_loss  Instances       Size
                   all        365      24440      0.139      0.108      0.111     0.0628

      Epoch    GPU_mem   box_loss   cls_loss   dfl_loss  Instances       Size
                   all        365      24440      0.139      0.108      0.112     0.0597

      Epoch    GPU_mem   box_loss   cls_loss   dfl_loss  Instances       Size
                   all        365      24440      0.139       0.11      0.115     0.0625

      Epoch    GPU_mem   box_loss   cls_loss   dfl_loss  Instances       Size
                   all        365      24440      0.133      0.108      0.108     0.0588

      Epoch    GPU_mem   box_loss   cls_loss   dfl_loss  Instances       Size
                   all        365      24440      0.141      0.108      0.112      0.062

      Epoch    GPU_mem   box_loss   cls_loss   dfl_loss  Instances       Size
                   all        365      24440       0.14       0.11      0.114     0.0627

      Epoch    GPU_mem   box_loss   cls_loss   dfl_loss  Instances       Size
                   all        365      24440      0.141      0.111      0.115     0.0639

      Epoch    GPU_mem   box_loss   cls_loss   dfl_loss  Instances       Size
                   all        365      24440      0.141      0.111      0.115     0.0648

      Epoch    GPU_mem   box_loss   cls_loss   dfl_loss  Instances       Size
                   all        365      24440      0.142      0.111      0.116     0.0649

      Epoch    GPU_mem   box_loss   cls_loss   dfl_loss  Instances       Size
                   all        365      24440      0.143      0.113      0.118     0.0655

      Epoch    GPU_mem   box_loss   cls_loss   dfl_loss  Instances       Size
                   all        365      24440      0.143      0.114      0.117     0.0657

      Epoch    GPU_mem   box_loss   cls_loss   dfl_loss  Instances       Size
                   all        365      24440      0.139      0.112      0.116     0.0647

      Epoch    GPU_mem   box_loss   cls_loss   dfl_loss  Instances       Size
                   all        365      24440      0.145      0.113      0.118     0.0675

      Epoch    GPU_mem   box_loss   cls_loss   dfl_loss  Instances       Size
                   all        365      24440      0.144      0.113      0.119     0.0672

      Epoch    GPU_mem   box_loss   cls_loss   dfl_loss  Instances       Size
                   all        365      24440      0.144      0.113      0.119     0.0674

      Epoch    GPU_mem   box_loss   cls_loss   dfl_loss  Instances       Size
                   all        365      24440      0.147      0.111      0.119      0.069

      Epoch    GPU_mem   box_loss   cls_loss   dfl_loss  Instances       Size
                   all        365      24440      0.145      0.113      0.118     0.0674

      Epoch    GPU_mem   box_loss   cls_loss   dfl_loss  Instances       Size
                   all        365      24440      0.148      0.113       0.12     0.0683

      Epoch    GPU_mem   box_loss   cls_loss   dfl_loss  Instances       Size
                   all        365      24440      0.149      0.115      0.121      0.069

      Epoch    GPU_mem   box_loss   cls_loss   dfl_loss  Instances       Size
                   all        365      24440      0.148      0.115      0.121      0.071

      Epoch    GPU_mem   box_loss   cls_loss   dfl_loss  Instances       Size
                   all        365      24440      0.147      0.115       0.12     0.0691

      Epoch    GPU_mem   box_loss   cls_loss   dfl_loss  Instances       Size
                   all        365      24440      0.146      0.114       0.12     0.0683

      Epoch    GPU_mem   box_loss   cls_loss   dfl_loss  Instances       Size
                   all        365      24440      0.149      0.114      0.121     0.0696

      Epoch    GPU_mem   box_loss   cls_loss   dfl_loss  Instances       Size
                   all        365      24440      0.144      0.114      0.119     0.0683

      Epoch    GPU_mem   box_loss   cls_loss   dfl_loss  Instances       Size
                   all        365      24440      0.149      0.115      0.122     0.0704

      Epoch    GPU_mem   box_loss   cls_loss   dfl_loss  Instances       Size
                   all        365      24440      0.147      0.115      0.122     0.0699

      Epoch    GPU_mem   box_loss   cls_loss   dfl_loss  Instances       Size
                   all        365      24440      0.149      0.115       0.12     0.0702

      Epoch    GPU_mem   box_loss   cls_loss   dfl_loss  Instances       Size
                   all        365      24440      0.148      0.114      0.122     0.0704

      Epoch    GPU_mem   box_loss   cls_loss   dfl_loss  Instances       Size
                   all        365      24440      0.146      0.115      0.121     0.0697

      Epoch    GPU_mem   box_loss   cls_loss   dfl_loss  Instances       Size
                   all        365      24440      0.147      0.116      0.122     0.0711
Closing dataloader mosaic

      Epoch    GPU_mem   box_loss   cls_loss   dfl_loss  Instances       Size
                   all        365      24440      0.148      0.113      0.121      0.071

      Epoch    GPU_mem   box_loss   cls_loss   dfl_loss  Instances       Size
                   all        365      24440      0.145      0.115      0.123     0.0709

      Epoch    GPU_mem   box_loss   cls_loss   dfl_loss  Instances       Size
                   all        365      24440      0.144      0.116      0.121     0.0698

      Epoch    GPU_mem   box_loss   cls_loss   dfl_loss  Instances       Size
                   all        365      24440      0.145      0.117      0.122      0.071

      Epoch    GPU_mem   box_loss   cls_loss   dfl_loss  Instances       Size
                   all        365      24440      0.149      0.115      0.124     0.0727

      Epoch    GPU_mem   box_loss   cls_loss   dfl_loss  Instances       Size
                   all        365      24440      0.148      0.114      0.122     0.0718

      Epoch    GPU_mem   box_loss   cls_loss   dfl_loss  Instances       Size
                   all        365      24440       0.15      0.115      0.123     0.0723

      Epoch    GPU_mem   box_loss   cls_loss   dfl_loss  Instances       Size
                   all        365      24440      0.148      0.114      0.122     0.0721

      Epoch    GPU_mem   box_loss   cls_loss   dfl_loss  Instances       Size
                   all        365      24440       0.15      0.114      0.124     0.0726

      Epoch    GPU_mem   box_loss   cls_loss   dfl_loss  Instances       Size
                   all        365      24440       0.15      0.114      0.124     0.0729

50 epochs completed in 0.814 hours.
Optimizer stripped from /home/ddwilde/scriptie/runs/dota_saab_lora/stage2-saab/weights/last.pt, 19.5MB
Optimizer stripped from /home/ddwilde/scriptie/runs/dota_saab_lora/stage2-saab/weights/best.pt, 19.5MB

Validating /home/ddwilde/scriptie/runs/dota_saab_lora/stage2-saab/weights/best.pt...
EDNet 1.0 ✅ Python-3.10.4 ✅ torch-2.8.0+cu128 ✅CUDA:0 (NVIDIA A100-SXM4-40GB, 40441MiB)
Skipping layer fusion for LoRA-enabled model during weight loading.
                   all        365      24440       0.15      0.114      0.124     0.0729
                 plane         49       1783          0          0          0          0
                  ship         84       8385      0.844       0.49      0.578      0.303
          storage-tank         43       2345          0          0          0          0
      baseball-diamond         46        185          0          0          0          0
          tennis-court         75        639          0          0          0          0
      basketball-court         28        110          0          0          0          0
    ground-track-field         58        119          0          0          0          0
                harbor         90       1684          0          0          0          0
                bridge         61        406          0          0          0          0
         large-vehicle         83       3527      0.803      0.702      0.748      0.505
         small-vehicle         99       4549      0.605      0.522      0.527      0.286
            helicopter          7         42          0          0          0          0
            roundabout         49        142          0          0          0          0
     soccer-ball-field         52        127          0          0          0          0
         swimming-pool         34        397          0          0          0          0
Speed: 0.1ms preprocess, 3.2ms inference, 0.0ms loss, 0.1ms postprocess per image
Results saved to [1m/home/ddwilde/scriptie/runs/dota_saab_lora/stage2-saab[0m
Training finished. Results saved in: /home/ddwilde/scriptie/runs/dota_saab_lora/stage2-saab
EDNet 1.0 ✅ Python-3.10.4 ✅ torch-2.8.0+cu128 ✅CUDA:0 (NVIDIA A100-SXM4-40GB, 40441MiB)
[34m[1mengine/trainer: [0mtask=detect, mode=train, model=/home/ddwilde/scriptie/runs/dota_saab_lora/stage2-saab/weights/best.pt, data=/home/ddwilde/scriptie/yaml/DOTA.yaml, epochs=50, time=None, patience=100, batch=4, imgsz=640, save=True, save_period=-1, cache=False, device=None, workers=8, project=/home/ddwilde/scriptie/runs/dota_saab_lora, name=stage3-saab, exist_ok=False, pretrained=True, optimizer=auto, verbose=True, seed=0, deterministic=True, single_cls=False, rect=False, cos_lr=False, close_mosaic=10, resume=False, amp=True, fraction=1.0, profile=False, freeze=None, multi_scale=False, lora={'enable': True, 'freeze_backbone': True}, continual={'enable': False, 'batches': [], 'adapter_strategy': 'last', 'save_history': True}, replay={'enable': False, 'tap_layers': {'P3': 16, 'P4': 25}, 'tiny_max_pixels': 128, 'context_scale': 1.5, 'buffer_per_class': 64, 'sample_per_batch': 16, 'loss_weight': 1.0, 'scale_weighting': 'stride', 'store_dir': 'replay', 'buffer_file': 'buffer.pt', 'init_buffer': None, 'carryover_growth': 1.5, 'memory_dir': None, 'memory_ratio': 0.25}, stage={'active_classes': [0, 1, 9, 10, 11]}, overlap_mask=True, mask_ratio=4, dropout=0.0, val=True, split=val, save_json=False, save_hybrid=False, conf=None, iou=0.7, max_det=300, half=False, dnn=False, plots=True, source=None, vid_stride=1, stream_buffer=False, visualize=False, augment=False, agnostic_nms=False, classes=None, retina_masks=False, embed=None, show=False, save_frames=False, save_txt=False, save_conf=False, save_crop=False, show_labels=True, show_conf=True, show_boxes=True, line_width=None, format=torchscript, keras=False, optimize=False, int8=False, dynamic=False, simplify=False, opset=None, workspace=4, nms=False, lr0=0.01, lrf=0.01, momentum=0.937, weight_decay=0.0005, warmup_epochs=3.0, warmup_momentum=0.8, warmup_bias_lr=0.1, box=7.5, cls=0.5, dfl=1.5, pose=12.0, kobj=1.0, label_smoothing=0.0, nbs=64, hsv_h=0.015, hsv_s=0.7, hsv_v=0.4, degrees=0.0, translate=0.1, scale=0.5, shear=0.0, perspective=0.0, flipud=0.0, fliplr=0.5, bgr=0.0, mosaic=1.0, mixup=0.0, copy_paste=0.0, auto_augment=randaugment, erasing=0.4, crop_fraction=1.0, cfg=None, tracker=botsort.yaml, save_dir=/home/ddwilde/scriptie/runs/dota_saab_lora/stage3-saab

                   from  n    params  module                                       arguments                     
  0                  -1  1       928  ednet.nn.modules.conv.Conv                   [3, 32, 3, 2]                 
  1                  -1  1     18560  ednet.nn.modules.conv.Conv                   [32, 64, 3, 2]                
  2                  -1  1     29056  ednet.nn.modules.block.C2f                   [64, 64, 1, True]             
  3                  -1  1     73984  ednet.nn.modules.conv.Conv                   [64, 128, 3, 2]               
  4                  -1  2    197632  ednet.nn.modules.block.C2f                   [128, 128, 2, True]           
  5                  -1  1    295424  ednet.nn.modules.conv.Conv                   [128, 256, 3, 2]              
  6                  -1  2    420864  ednet.nn.modules.block.C2f_FCA               [256, 256, 2, True]           
  7                  -1  1   1180672  ednet.nn.modules.conv.Conv                   [256, 512, 3, 2]              
  8                  -1  1   1095680  ednet.nn.modules.block.C2f_FCA               [512, 512, 1, True]           
  9                  -1  1    656896  ednet.nn.modules.block.SPPF                  [512, 512, 5]                 
 10                  -1  1    990976  ednet.nn.modules.block.PSA                   [512, 512]                    
 11                  -1  1         0  torch.nn.modules.upsampling.Upsample         [None, 2, 'nearest']          
 12             [-1, 6]  1         0  ednet.nn.modules.conv.Concat                 [1]                           
 13                  -1  1    591360  ednet.nn.modules.block.C2f                   [768, 256, 1]                 
 14                  -1  1         0  torch.nn.modules.upsampling.Upsample         [None, 2, 'nearest']          
 15             [-1, 4]  1         0  ednet.nn.modules.conv.Concat                 [1]                           
 16                  -1  1    148224  ednet.nn.modules.block.C2f                   [384, 128, 1]                 
 17                  -1  1         0  torch.nn.modules.upsampling.Upsample         [None, 2, 'nearest']          
 18             [-1, 2]  1         0  ednet.nn.modules.conv.Concat                 [1]                           
 19                  -1  1     37248  ednet.nn.modules.block.C2f                   [192, 64, 1]                  
 20                  -1  1     36992  ednet.nn.modules.conv.Conv                   [64, 64, 3, 2]                
 21            [-1, 16]  1         0  ednet.nn.modules.conv.Concat                 [1]                           
 22                  -1  1    123648  ednet.nn.modules.block.C2f                   [192, 128, 1]                 
 23                  -1  1    147712  ednet.nn.modules.conv.Conv                   [128, 128, 3, 2]              
 24            [-1, 13]  1         0  ednet.nn.modules.conv.Concat                 [1]                           
 25                  -1  1    493056  ednet.nn.modules.block.C2f                   [384, 256, 1]                 
 26                  -1  1     68864  ednet.nn.modules.block.SCDown                [256, 256, 3, 2]              
 27             [-1, 9]  1         0  ednet.nn.modules.conv.Concat                 [1]                           
 28                  -1  1   1089536  ednet.nn.modules.block.C2fCIB                [768, 512, 1, True, True]     
 29    [19, 22, 25, 28]  1   1628424  ednet.nn.modules.head.v10Detect              [15, [64, 128, 256, 512]]     
ednet-s summary: 510 layers, 9,325,736 parameters, 9,325,720 gradients

Active classes for this stage: (0, 1, 9, 10, 11)
Transferred 725/753 items from pretrained weights
LoRA enabled: 28 adapters (rank=8, alpha=16.0, freeze_backbone=True)
[34m[1mTensorBoard: [0mStart with 'tensorboard --logdir /home/ddwilde/scriptie/runs/dota_saab_lora/stage3-saab', view at http://localhost:6006/
WARNING ⚠️ setting 'requires_grad=True' for frozen layer 'model.0.conv.weight'. See ednet.engine.trainer for customization of frozen layers.
WARNING ⚠️ setting 'requires_grad=True' for frozen layer 'model.0.bn.weight'. See ednet.engine.trainer for customization of frozen layers.
WARNING ⚠️ setting 'requires_grad=True' for frozen layer 'model.0.bn.bias'. See ednet.engine.trainer for customization of frozen layers.
WARNING ⚠️ setting 'requires_grad=True' for frozen layer 'model.1.conv.weight'. See ednet.engine.trainer for customization of frozen layers.
WARNING ⚠️ setting 'requires_grad=True' for frozen layer 'model.1.bn.weight'. See ednet.engine.trainer for customization of frozen layers.
WARNING ⚠️ setting 'requires_grad=True' for frozen layer 'model.1.bn.bias'. See ednet.engine.trainer for customization of frozen layers.
WARNING ⚠️ setting 'requires_grad=True' for frozen layer 'model.2.cv1.conv.weight'. See ednet.engine.trainer for customization of frozen layers.
WARNING ⚠️ setting 'requires_grad=True' for frozen layer 'model.2.cv1.bn.weight'. See ednet.engine.trainer for customization of frozen layers.
WARNING ⚠️ setting 'requires_grad=True' for frozen layer 'model.2.cv1.bn.bias'. See ednet.engine.trainer for customization of frozen layers.
WARNING ⚠️ setting 'requires_grad=True' for frozen layer 'model.2.cv2.conv.weight'. See ednet.engine.trainer for customization of frozen layers.
WARNING ⚠️ setting 'requires_grad=True' for frozen layer 'model.2.cv2.bn.weight'. See ednet.engine.trainer for customization of frozen layers.
WARNING ⚠️ setting 'requires_grad=True' for frozen layer 'model.2.cv2.bn.bias'. See ednet.engine.trainer for customization of frozen layers.
WARNING ⚠️ setting 'requires_grad=True' for frozen layer 'model.2.m.0.cv1.conv.weight'. See ednet.engine.trainer for customization of frozen layers.
WARNING ⚠️ setting 'requires_grad=True' for frozen layer 'model.2.m.0.cv1.bn.weight'. See ednet.engine.trainer for customization of frozen layers.
WARNING ⚠️ setting 'requires_grad=True' for frozen layer 'model.2.m.0.cv1.bn.bias'. See ednet.engine.trainer for customization of frozen layers.
WARNING ⚠️ setting 'requires_grad=True' for frozen layer 'model.2.m.0.cv2.conv.weight'. See ednet.engine.trainer for customization of frozen layers.
WARNING ⚠️ setting 'requires_grad=True' for frozen layer 'model.2.m.0.cv2.bn.weight'. See ednet.engine.trainer for customization of frozen layers.
WARNING ⚠️ setting 'requires_grad=True' for frozen layer 'model.2.m.0.cv2.bn.bias'. See ednet.engine.trainer for customization of frozen layers.
WARNING ⚠️ setting 'requires_grad=True' for frozen layer 'model.3.conv.weight'. See ednet.engine.trainer for customization of frozen layers.
WARNING ⚠️ setting 'requires_grad=True' for frozen layer 'model.3.bn.weight'. See ednet.engine.trainer for customization of frozen layers.
WARNING ⚠️ setting 'requires_grad=True' for frozen layer 'model.3.bn.bias'. See ednet.engine.trainer for customization of frozen layers.
WARNING ⚠️ setting 'requires_grad=True' for frozen layer 'model.4.cv1.conv.weight'. See ednet.engine.trainer for customization of frozen layers.
WARNING ⚠️ setting 'requires_grad=True' for frozen layer 'model.4.cv1.bn.weight'. See ednet.engine.trainer for customization of frozen layers.
WARNING ⚠️ setting 'requires_grad=True' for frozen layer 'model.4.cv1.bn.bias'. See ednet.engine.trainer for customization of frozen layers.
WARNING ⚠️ setting 'requires_grad=True' for frozen layer 'model.4.cv2.conv.weight'. See ednet.engine.trainer for customization of frozen layers.
WARNING ⚠️ setting 'requires_grad=True' for frozen layer 'model.4.cv2.bn.weight'. See ednet.engine.trainer for customization of frozen layers.
WARNING ⚠️ setting 'requires_grad=True' for frozen layer 'model.4.cv2.bn.bias'. See ednet.engine.trainer for customization of frozen layers.
WARNING ⚠️ setting 'requires_grad=True' for frozen layer 'model.4.m.0.cv1.conv.weight'. See ednet.engine.trainer for customization of frozen layers.
WARNING ⚠️ setting 'requires_grad=True' for frozen layer 'model.4.m.0.cv1.bn.weight'. See ednet.engine.trainer for customization of frozen layers.
WARNING ⚠️ setting 'requires_grad=True' for frozen layer 'model.4.m.0.cv1.bn.bias'. See ednet.engine.trainer for customization of frozen layers.
WARNING ⚠️ setting 'requires_grad=True' for frozen layer 'model.4.m.0.cv2.conv.weight'. See ednet.engine.trainer for customization of frozen layers.
WARNING ⚠️ setting 'requires_grad=True' for frozen layer 'model.4.m.0.cv2.bn.weight'. See ednet.engine.trainer for customization of frozen layers.
WARNING ⚠️ setting 'requires_grad=True' for frozen layer 'model.4.m.0.cv2.bn.bias'. See ednet.engine.trainer for customization of frozen layers.
WARNING ⚠️ setting 'requires_grad=True' for frozen layer 'model.4.m.1.cv1.conv.weight'. See ednet.engine.trainer for customization of frozen layers.
WARNING ⚠️ setting 'requires_grad=True' for frozen layer 'model.4.m.1.cv1.bn.weight'. See ednet.engine.trainer for customization of frozen layers.
WARNING ⚠️ setting 'requires_grad=True' for frozen layer 'model.4.m.1.cv1.bn.bias'. See ednet.engine.trainer for customization of frozen layers.
WARNING ⚠️ setting 'requires_grad=True' for frozen layer 'model.4.m.1.cv2.conv.weight'. See ednet.engine.trainer for customization of frozen layers.
WARNING ⚠️ setting 'requires_grad=True' for frozen layer 'model.4.m.1.cv2.bn.weight'. See ednet.engine.trainer for customization of frozen layers.
WARNING ⚠️ setting 'requires_grad=True' for frozen layer 'model.4.m.1.cv2.bn.bias'. See ednet.engine.trainer for customization of frozen layers.
WARNING ⚠️ setting 'requires_grad=True' for frozen layer 'model.5.conv.weight'. See ednet.engine.trainer for customization of frozen layers.
WARNING ⚠️ setting 'requires_grad=True' for frozen layer 'model.5.bn.weight'. See ednet.engine.trainer for customization of frozen layers.
WARNING ⚠️ setting 'requires_grad=True' for frozen layer 'model.5.bn.bias'. See ednet.engine.trainer for customization of frozen layers.
WARNING ⚠️ setting 'requires_grad=True' for frozen layer 'model.6.cv1.conv.weight'. See ednet.engine.trainer for customization of frozen layers.
WARNING ⚠️ setting 'requires_grad=True' for frozen layer 'model.6.cv1.bn.weight'. See ednet.engine.trainer for customization of frozen layers.
WARNING ⚠️ setting 'requires_grad=True' for frozen layer 'model.6.cv1.bn.bias'. See ednet.engine.trainer for customization of frozen layers.
WARNING ⚠️ setting 'requires_grad=True' for frozen layer 'model.6.cv2.conv.weight'. See ednet.engine.trainer for customization of frozen layers.
WARNING ⚠️ setting 'requires_grad=True' for frozen layer 'model.6.cv2.bn.weight'. See ednet.engine.trainer for customization of frozen layers.
WARNING ⚠️ setting 'requires_grad=True' for frozen layer 'model.6.cv2.bn.bias'. See ednet.engine.trainer for customization of frozen layers.
WARNING ⚠️ setting 'requires_grad=True' for frozen layer 'model.6.m.0.mlp.0.conv.weight'. See ednet.engine.trainer for customization of frozen layers.
WARNING ⚠️ setting 'requires_grad=True' for frozen layer 'model.6.m.0.mlp.0.bn.weight'. See ednet.engine.trainer for customization of frozen layers.
WARNING ⚠️ setting 'requires_grad=True' for frozen layer 'model.6.m.0.mlp.0.bn.bias'. See ednet.engine.trainer for customization of frozen layers.
WARNING ⚠️ setting 'requires_grad=True' for frozen layer 'model.6.m.0.mlp.1.weight'. See ednet.engine.trainer for customization of frozen layers.
WARNING ⚠️ setting 'requires_grad=True' for frozen layer 'model.6.m.0.spatial_mixing.PConv3.weight'. See ednet.engine.trainer for customization of frozen layers.
WARNING ⚠️ setting 'requires_grad=True' for frozen layer 'model.6.m.0.attention.conv1.conv.weight'. See ednet.engine.trainer for customization of frozen layers.
WARNING ⚠️ setting 'requires_grad=True' for frozen layer 'model.6.m.0.attention.conv1.bn.weight'. See ednet.engine.trainer for customization of frozen layers.
WARNING ⚠️ setting 'requires_grad=True' for frozen layer 'model.6.m.0.attention.conv1.bn.bias'. See ednet.engine.trainer for customization of frozen layers.
WARNING ⚠️ setting 'requires_grad=True' for frozen layer 'model.6.m.0.attention.h_conv.conv.weight'. See ednet.engine.trainer for customization of frozen layers.
WARNING ⚠️ setting 'requires_grad=True' for frozen layer 'model.6.m.0.attention.h_conv.conv.bias'. See ednet.engine.trainer for customization of frozen layers.
WARNING ⚠️ setting 'requires_grad=True' for frozen layer 'model.6.m.0.attention.v_conv.conv.weight'. See ednet.engine.trainer for customization of frozen layers.
WARNING ⚠️ setting 'requires_grad=True' for frozen layer 'model.6.m.0.attention.v_conv.conv.bias'. See ednet.engine.trainer for customization of frozen layers.
WARNING ⚠️ setting 'requires_grad=True' for frozen layer 'model.6.m.0.attention.conv2.conv.weight'. See ednet.engine.trainer for customization of frozen layers.
WARNING ⚠️ setting 'requires_grad=True' for frozen layer 'model.6.m.0.attention.conv2.bn.weight'. See ednet.engine.trainer for customization of frozen layers.
WARNING ⚠️ setting 'requires_grad=True' for frozen layer 'model.6.m.0.attention.conv2.bn.bias'. See ednet.engine.trainer for customization of frozen layers.
WARNING ⚠️ setting 'requires_grad=True' for frozen layer 'model.6.m.1.mlp.0.conv.weight'. See ednet.engine.trainer for customization of frozen layers.
WARNING ⚠️ setting 'requires_grad=True' for frozen layer 'model.6.m.1.mlp.0.bn.weight'. See ednet.engine.trainer for customization of frozen layers.
WARNING ⚠️ setting 'requires_grad=True' for frozen layer 'model.6.m.1.mlp.0.bn.bias'. See ednet.engine.trainer for customization of frozen layers.
WARNING ⚠️ setting 'requires_grad=True' for frozen layer 'model.6.m.1.mlp.1.weight'. See ednet.engine.trainer for customization of frozen layers.
WARNING ⚠️ setting 'requires_grad=True' for frozen layer 'model.6.m.1.spatial_mixing.PConv3.weight'. See ednet.engine.trainer for customization of frozen layers.
WARNING ⚠️ setting 'requires_grad=True' for frozen layer 'model.6.m.1.attention.conv1.conv.weight'. See ednet.engine.trainer for customization of frozen layers.
WARNING ⚠️ setting 'requires_grad=True' for frozen layer 'model.6.m.1.attention.conv1.bn.weight'. See ednet.engine.trainer for customization of frozen layers.
WARNING ⚠️ setting 'requires_grad=True' for frozen layer 'model.6.m.1.attention.conv1.bn.bias'. See ednet.engine.trainer for customization of frozen layers.
WARNING ⚠️ setting 'requires_grad=True' for frozen layer 'model.6.m.1.attention.h_conv.conv.weight'. See ednet.engine.trainer for customization of frozen layers.
WARNING ⚠️ setting 'requires_grad=True' for frozen layer 'model.6.m.1.attention.h_conv.conv.bias'. See ednet.engine.trainer for customization of frozen layers.
WARNING ⚠️ setting 'requires_grad=True' for frozen layer 'model.6.m.1.attention.v_conv.conv.weight'. See ednet.engine.trainer for customization of frozen layers.
WARNING ⚠️ setting 'requires_grad=True' for frozen layer 'model.6.m.1.attention.v_conv.conv.bias'. See ednet.engine.trainer for customization of frozen layers.
WARNING ⚠️ setting 'requires_grad=True' for frozen layer 'model.6.m.1.attention.conv2.conv.weight'. See ednet.engine.trainer for customization of frozen layers.
WARNING ⚠️ setting 'requires_grad=True' for frozen layer 'model.6.m.1.attention.conv2.bn.weight'. See ednet.engine.trainer for customization of frozen layers.
WARNING ⚠️ setting 'requires_grad=True' for frozen layer 'model.6.m.1.attention.conv2.bn.bias'. See ednet.engine.trainer for customization of frozen layers.
WARNING ⚠️ setting 'requires_grad=True' for frozen layer 'model.7.conv.weight'. See ednet.engine.trainer for customization of frozen layers.
WARNING ⚠️ setting 'requires_grad=True' for frozen layer 'model.7.bn.weight'. See ednet.engine.trainer for customization of frozen layers.
WARNING ⚠️ setting 'requires_grad=True' for frozen layer 'model.7.bn.bias'. See ednet.engine.trainer for customization of frozen layers.
WARNING ⚠️ setting 'requires_grad=True' for frozen layer 'model.8.cv1.conv.weight'. See ednet.engine.trainer for customization of frozen layers.
WARNING ⚠️ setting 'requires_grad=True' for frozen layer 'model.8.cv1.bn.weight'. See ednet.engine.trainer for customization of frozen layers.
WARNING ⚠️ setting 'requires_grad=True' for frozen layer 'model.8.cv1.bn.bias'. See ednet.engine.trainer for customization of frozen layers.
WARNING ⚠️ setting 'requires_grad=True' for frozen layer 'model.8.cv2.conv.weight'. See ednet.engine.trainer for customization of frozen layers.
WARNING ⚠️ setting 'requires_grad=True' for frozen layer 'model.8.cv2.bn.weight'. See ednet.engine.trainer for customization of frozen layers.
WARNING ⚠️ setting 'requires_grad=True' for frozen layer 'model.8.cv2.bn.bias'. See ednet.engine.trainer for customization of frozen layers.
WARNING ⚠️ setting 'requires_grad=True' for frozen layer 'model.8.m.0.mlp.0.conv.weight'. See ednet.engine.trainer for customization of frozen layers.
WARNING ⚠️ setting 'requires_grad=True' for frozen layer 'model.8.m.0.mlp.0.bn.weight'. See ednet.engine.trainer for customization of frozen layers.
WARNING ⚠️ setting 'requires_grad=True' for frozen layer 'model.8.m.0.mlp.0.bn.bias'. See ednet.engine.trainer for customization of frozen layers.
WARNING ⚠️ setting 'requires_grad=True' for frozen layer 'model.8.m.0.mlp.1.weight'. See ednet.engine.trainer for customization of frozen layers.
WARNING ⚠️ setting 'requires_grad=True' for frozen layer 'model.8.m.0.spatial_mixing.PConv3.weight'. See ednet.engine.trainer for customization of frozen layers.
WARNING ⚠️ setting 'requires_grad=True' for frozen layer 'model.8.m.0.attention.conv1.conv.weight'. See ednet.engine.trainer for customization of frozen layers.
WARNING ⚠️ setting 'requires_grad=True' for frozen layer 'model.8.m.0.attention.conv1.bn.weight'. See ednet.engine.trainer for customization of frozen layers.
WARNING ⚠️ setting 'requires_grad=True' for frozen layer 'model.8.m.0.attention.conv1.bn.bias'. See ednet.engine.trainer for customization of frozen layers.
WARNING ⚠️ setting 'requires_grad=True' for frozen layer 'model.8.m.0.attention.h_conv.conv.weight'. See ednet.engine.trainer for customization of frozen layers.
WARNING ⚠️ setting 'requires_grad=True' for frozen layer 'model.8.m.0.attention.h_conv.conv.bias'. See ednet.engine.trainer for customization of frozen layers.
WARNING ⚠️ setting 'requires_grad=True' for frozen layer 'model.8.m.0.attention.v_conv.conv.weight'. See ednet.engine.trainer for customization of frozen layers.
WARNING ⚠️ setting 'requires_grad=True' for frozen layer 'model.8.m.0.attention.v_conv.conv.bias'. See ednet.engine.trainer for customization of frozen layers.
WARNING ⚠️ setting 'requires_grad=True' for frozen layer 'model.8.m.0.attention.conv2.conv.weight'. See ednet.engine.trainer for customization of frozen layers.
WARNING ⚠️ setting 'requires_grad=True' for frozen layer 'model.8.m.0.attention.conv2.bn.weight'. See ednet.engine.trainer for customization of frozen layers.
WARNING ⚠️ setting 'requires_grad=True' for frozen layer 'model.8.m.0.attention.conv2.bn.bias'. See ednet.engine.trainer for customization of frozen layers.
WARNING ⚠️ setting 'requires_grad=True' for frozen layer 'model.9.cv1.conv.weight'. See ednet.engine.trainer for customization of frozen layers.
WARNING ⚠️ setting 'requires_grad=True' for frozen layer 'model.9.cv1.bn.weight'. See ednet.engine.trainer for customization of frozen layers.
WARNING ⚠️ setting 'requires_grad=True' for frozen layer 'model.9.cv1.bn.bias'. See ednet.engine.trainer for customization of frozen layers.
WARNING ⚠️ setting 'requires_grad=True' for frozen layer 'model.9.cv2.conv.weight'. See ednet.engine.trainer for customization of frozen layers.
WARNING ⚠️ setting 'requires_grad=True' for frozen layer 'model.9.cv2.bn.weight'. See ednet.engine.trainer for customization of frozen layers.
WARNING ⚠️ setting 'requires_grad=True' for frozen layer 'model.9.cv2.bn.bias'. See ednet.engine.trainer for customization of frozen layers.
WARNING ⚠️ setting 'requires_grad=True' for frozen layer 'model.10.cv1.conv.weight'. See ednet.engine.trainer for customization of frozen layers.
WARNING ⚠️ setting 'requires_grad=True' for frozen layer 'model.10.cv1.bn.weight'. See ednet.engine.trainer for customization of frozen layers.
WARNING ⚠️ setting 'requires_grad=True' for frozen layer 'model.10.cv1.bn.bias'. See ednet.engine.trainer for customization of frozen layers.
WARNING ⚠️ setting 'requires_grad=True' for frozen layer 'model.10.cv2.conv.weight'. See ednet.engine.trainer for customization of frozen layers.
WARNING ⚠️ setting 'requires_grad=True' for frozen layer 'model.10.cv2.bn.weight'. See ednet.engine.trainer for customization of frozen layers.
WARNING ⚠️ setting 'requires_grad=True' for frozen layer 'model.10.cv2.bn.bias'. See ednet.engine.trainer for customization of frozen layers.
WARNING ⚠️ setting 'requires_grad=True' for frozen layer 'model.10.attn.qkv.conv.weight'. See ednet.engine.trainer for customization of frozen layers.
WARNING ⚠️ setting 'requires_grad=True' for frozen layer 'model.10.attn.qkv.bn.weight'. See ednet.engine.trainer for customization of frozen layers.
WARNING ⚠️ setting 'requires_grad=True' for frozen layer 'model.10.attn.qkv.bn.bias'. See ednet.engine.trainer for customization of frozen layers.
WARNING ⚠️ setting 'requires_grad=True' for frozen layer 'model.10.attn.proj.conv.weight'. See ednet.engine.trainer for customization of frozen layers.
WARNING ⚠️ setting 'requires_grad=True' for frozen layer 'model.10.attn.proj.bn.weight'. See ednet.engine.trainer for customization of frozen layers.
WARNING ⚠️ setting 'requires_grad=True' for frozen layer 'model.10.attn.proj.bn.bias'. See ednet.engine.trainer for customization of frozen layers.
WARNING ⚠️ setting 'requires_grad=True' for frozen layer 'model.10.attn.pe.conv.weight'. See ednet.engine.trainer for customization of frozen layers.
WARNING ⚠️ setting 'requires_grad=True' for frozen layer 'model.10.attn.pe.bn.weight'. See ednet.engine.trainer for customization of frozen layers.
WARNING ⚠️ setting 'requires_grad=True' for frozen layer 'model.10.attn.pe.bn.bias'. See ednet.engine.trainer for customization of frozen layers.
WARNING ⚠️ setting 'requires_grad=True' for frozen layer 'model.10.ffn.0.conv.weight'. See ednet.engine.trainer for customization of frozen layers.
WARNING ⚠️ setting 'requires_grad=True' for frozen layer 'model.10.ffn.0.bn.weight'. See ednet.engine.trainer for customization of frozen layers.
WARNING ⚠️ setting 'requires_grad=True' for frozen layer 'model.10.ffn.0.bn.bias'. See ednet.engine.trainer for customization of frozen layers.
WARNING ⚠️ setting 'requires_grad=True' for frozen layer 'model.10.ffn.1.conv.weight'. See ednet.engine.trainer for customization of frozen layers.
WARNING ⚠️ setting 'requires_grad=True' for frozen layer 'model.10.ffn.1.bn.weight'. See ednet.engine.trainer for customization of frozen layers.
WARNING ⚠️ setting 'requires_grad=True' for frozen layer 'model.10.ffn.1.bn.bias'. See ednet.engine.trainer for customization of frozen layers.
WARNING ⚠️ setting 'requires_grad=True' for frozen layer 'model.13.cv1.conv.weight'. See ednet.engine.trainer for customization of frozen layers.
WARNING ⚠️ setting 'requires_grad=True' for frozen layer 'model.13.cv1.bn.weight'. See ednet.engine.trainer for customization of frozen layers.
WARNING ⚠️ setting 'requires_grad=True' for frozen layer 'model.13.cv1.bn.bias'. See ednet.engine.trainer for customization of frozen layers.
WARNING ⚠️ setting 'requires_grad=True' for frozen layer 'model.13.cv2.conv.weight'. See ednet.engine.trainer for customization of frozen layers.
WARNING ⚠️ setting 'requires_grad=True' for frozen layer 'model.13.cv2.bn.weight'. See ednet.engine.trainer for customization of frozen layers.
WARNING ⚠️ setting 'requires_grad=True' for frozen layer 'model.13.cv2.bn.bias'. See ednet.engine.trainer for customization of frozen layers.
WARNING ⚠️ setting 'requires_grad=True' for frozen layer 'model.13.m.0.cv1.conv.weight'. See ednet.engine.trainer for customization of frozen layers.
WARNING ⚠️ setting 'requires_grad=True' for frozen layer 'model.13.m.0.cv1.bn.weight'. See ednet.engine.trainer for customization of frozen layers.
WARNING ⚠️ setting 'requires_grad=True' for frozen layer 'model.13.m.0.cv1.bn.bias'. See ednet.engine.trainer for customization of frozen layers.
WARNING ⚠️ setting 'requires_grad=True' for frozen layer 'model.13.m.0.cv2.conv.weight'. See ednet.engine.trainer for customization of frozen layers.
WARNING ⚠️ setting 'requires_grad=True' for frozen layer 'model.13.m.0.cv2.bn.weight'. See ednet.engine.trainer for customization of frozen layers.
WARNING ⚠️ setting 'requires_grad=True' for frozen layer 'model.13.m.0.cv2.bn.bias'. See ednet.engine.trainer for customization of frozen layers.
WARNING ⚠️ setting 'requires_grad=True' for frozen layer 'model.16.cv1.conv.base.weight'. See ednet.engine.trainer for customization of frozen layers.
WARNING ⚠️ setting 'requires_grad=True' for frozen layer 'model.16.cv1.bn.weight'. See ednet.engine.trainer for customization of frozen layers.
WARNING ⚠️ setting 'requires_grad=True' for frozen layer 'model.16.cv1.bn.bias'. See ednet.engine.trainer for customization of frozen layers.
WARNING ⚠️ setting 'requires_grad=True' for frozen layer 'model.16.cv2.conv.base.weight'. See ednet.engine.trainer for customization of frozen layers.
WARNING ⚠️ setting 'requires_grad=True' for frozen layer 'model.16.cv2.bn.weight'. See ednet.engine.trainer for customization of frozen layers.
WARNING ⚠️ setting 'requires_grad=True' for frozen layer 'model.16.cv2.bn.bias'. See ednet.engine.trainer for customization of frozen layers.
WARNING ⚠️ setting 'requires_grad=True' for frozen layer 'model.16.m.0.cv1.conv.base.weight'. See ednet.engine.trainer for customization of frozen layers.
WARNING ⚠️ setting 'requires_grad=True' for frozen layer 'model.16.m.0.cv1.bn.weight'. See ednet.engine.trainer for customization of frozen layers.
WARNING ⚠️ setting 'requires_grad=True' for frozen layer 'model.16.m.0.cv1.bn.bias'. See ednet.engine.trainer for customization of frozen layers.
WARNING ⚠️ setting 'requires_grad=True' for frozen layer 'model.16.m.0.cv2.conv.base.weight'. See ednet.engine.trainer for customization of frozen layers.
WARNING ⚠️ setting 'requires_grad=True' for frozen layer 'model.16.m.0.cv2.bn.weight'. See ednet.engine.trainer for customization of frozen layers.
WARNING ⚠️ setting 'requires_grad=True' for frozen layer 'model.16.m.0.cv2.bn.bias'. See ednet.engine.trainer for customization of frozen layers.
WARNING ⚠️ setting 'requires_grad=True' for frozen layer 'model.19.cv1.conv.weight'. See ednet.engine.trainer for customization of frozen layers.
WARNING ⚠️ setting 'requires_grad=True' for frozen layer 'model.19.cv1.bn.weight'. See ednet.engine.trainer for customization of frozen layers.
WARNING ⚠️ setting 'requires_grad=True' for frozen layer 'model.19.cv1.bn.bias'. See ednet.engine.trainer for customization of frozen layers.
WARNING ⚠️ setting 'requires_grad=True' for frozen layer 'model.19.cv2.conv.weight'. See ednet.engine.trainer for customization of frozen layers.
WARNING ⚠️ setting 'requires_grad=True' for frozen layer 'model.19.cv2.bn.weight'. See ednet.engine.trainer for customization of frozen layers.
WARNING ⚠️ setting 'requires_grad=True' for frozen layer 'model.19.cv2.bn.bias'. See ednet.engine.trainer for customization of frozen layers.
WARNING ⚠️ setting 'requires_grad=True' for frozen layer 'model.19.m.0.cv1.conv.weight'. See ednet.engine.trainer for customization of frozen layers.
WARNING ⚠️ setting 'requires_grad=True' for frozen layer 'model.19.m.0.cv1.bn.weight'. See ednet.engine.trainer for customization of frozen layers.
WARNING ⚠️ setting 'requires_grad=True' for frozen layer 'model.19.m.0.cv1.bn.bias'. See ednet.engine.trainer for customization of frozen layers.
WARNING ⚠️ setting 'requires_grad=True' for frozen layer 'model.19.m.0.cv2.conv.weight'. See ednet.engine.trainer for customization of frozen layers.
WARNING ⚠️ setting 'requires_grad=True' for frozen layer 'model.19.m.0.cv2.bn.weight'. See ednet.engine.trainer for customization of frozen layers.
WARNING ⚠️ setting 'requires_grad=True' for frozen layer 'model.19.m.0.cv2.bn.bias'. See ednet.engine.trainer for customization of frozen layers.
WARNING ⚠️ setting 'requires_grad=True' for frozen layer 'model.20.conv.weight'. See ednet.engine.trainer for customization of frozen layers.
WARNING ⚠️ setting 'requires_grad=True' for frozen layer 'model.20.bn.weight'. See ednet.engine.trainer for customization of frozen layers.
WARNING ⚠️ setting 'requires_grad=True' for frozen layer 'model.20.bn.bias'. See ednet.engine.trainer for customization of frozen layers.
WARNING ⚠️ setting 'requires_grad=True' for frozen layer 'model.22.cv1.conv.base.weight'. See ednet.engine.trainer for customization of frozen layers.
WARNING ⚠️ setting 'requires_grad=True' for frozen layer 'model.22.cv1.bn.weight'. See ednet.engine.trainer for customization of frozen layers.
WARNING ⚠️ setting 'requires_grad=True' for frozen layer 'model.22.cv1.bn.bias'. See ednet.engine.trainer for customization of frozen layers.
WARNING ⚠️ setting 'requires_grad=True' for frozen layer 'model.22.cv2.conv.base.weight'. See ednet.engine.trainer for customization of frozen layers.
WARNING ⚠️ setting 'requires_grad=True' for frozen layer 'model.22.cv2.bn.weight'. See ednet.engine.trainer for customization of frozen layers.
WARNING ⚠️ setting 'requires_grad=True' for frozen layer 'model.22.cv2.bn.bias'. See ednet.engine.trainer for customization of frozen layers.
WARNING ⚠️ setting 'requires_grad=True' for frozen layer 'model.22.m.0.cv1.conv.base.weight'. See ednet.engine.trainer for customization of frozen layers.
WARNING ⚠️ setting 'requires_grad=True' for frozen layer 'model.22.m.0.cv1.bn.weight'. See ednet.engine.trainer for customization of frozen layers.
WARNING ⚠️ setting 'requires_grad=True' for frozen layer 'model.22.m.0.cv1.bn.bias'. See ednet.engine.trainer for customization of frozen layers.
WARNING ⚠️ setting 'requires_grad=True' for frozen layer 'model.22.m.0.cv2.conv.base.weight'. See ednet.engine.trainer for customization of frozen layers.
WARNING ⚠️ setting 'requires_grad=True' for frozen layer 'model.22.m.0.cv2.bn.weight'. See ednet.engine.trainer for customization of frozen layers.
WARNING ⚠️ setting 'requires_grad=True' for frozen layer 'model.22.m.0.cv2.bn.bias'. See ednet.engine.trainer for customization of frozen layers.
WARNING ⚠️ setting 'requires_grad=True' for frozen layer 'model.23.conv.weight'. See ednet.engine.trainer for customization of frozen layers.
WARNING ⚠️ setting 'requires_grad=True' for frozen layer 'model.23.bn.weight'. See ednet.engine.trainer for customization of frozen layers.
WARNING ⚠️ setting 'requires_grad=True' for frozen layer 'model.23.bn.bias'. See ednet.engine.trainer for customization of frozen layers.
WARNING ⚠️ setting 'requires_grad=True' for frozen layer 'model.25.cv1.conv.base.weight'. See ednet.engine.trainer for customization of frozen layers.
WARNING ⚠️ setting 'requires_grad=True' for frozen layer 'model.25.cv1.bn.weight'. See ednet.engine.trainer for customization of frozen layers.
WARNING ⚠️ setting 'requires_grad=True' for frozen layer 'model.25.cv1.bn.bias'. See ednet.engine.trainer for customization of frozen layers.
WARNING ⚠️ setting 'requires_grad=True' for frozen layer 'model.25.cv2.conv.base.weight'. See ednet.engine.trainer for customization of frozen layers.
WARNING ⚠️ setting 'requires_grad=True' for frozen layer 'model.25.cv2.bn.weight'. See ednet.engine.trainer for customization of frozen layers.
WARNING ⚠️ setting 'requires_grad=True' for frozen layer 'model.25.cv2.bn.bias'. See ednet.engine.trainer for customization of frozen layers.
WARNING ⚠️ setting 'requires_grad=True' for frozen layer 'model.25.m.0.cv1.conv.base.weight'. See ednet.engine.trainer for customization of frozen layers.
WARNING ⚠️ setting 'requires_grad=True' for frozen layer 'model.25.m.0.cv1.bn.weight'. See ednet.engine.trainer for customization of frozen layers.
WARNING ⚠️ setting 'requires_grad=True' for frozen layer 'model.25.m.0.cv1.bn.bias'. See ednet.engine.trainer for customization of frozen layers.
WARNING ⚠️ setting 'requires_grad=True' for frozen layer 'model.25.m.0.cv2.conv.base.weight'. See ednet.engine.trainer for customization of frozen layers.
WARNING ⚠️ setting 'requires_grad=True' for frozen layer 'model.25.m.0.cv2.bn.weight'. See ednet.engine.trainer for customization of frozen layers.
WARNING ⚠️ setting 'requires_grad=True' for frozen layer 'model.25.m.0.cv2.bn.bias'. See ednet.engine.trainer for customization of frozen layers.
WARNING ⚠️ setting 'requires_grad=True' for frozen layer 'model.26.cv1.conv.weight'. See ednet.engine.trainer for customization of frozen layers.
WARNING ⚠️ setting 'requires_grad=True' for frozen layer 'model.26.cv1.bn.weight'. See ednet.engine.trainer for customization of frozen layers.
WARNING ⚠️ setting 'requires_grad=True' for frozen layer 'model.26.cv1.bn.bias'. See ednet.engine.trainer for customization of frozen layers.
WARNING ⚠️ setting 'requires_grad=True' for frozen layer 'model.26.cv2.conv.weight'. See ednet.engine.trainer for customization of frozen layers.
WARNING ⚠️ setting 'requires_grad=True' for frozen layer 'model.26.cv2.bn.weight'. See ednet.engine.trainer for customization of frozen layers.
WARNING ⚠️ setting 'requires_grad=True' for frozen layer 'model.26.cv2.bn.bias'. See ednet.engine.trainer for customization of frozen layers.
WARNING ⚠️ setting 'requires_grad=True' for frozen layer 'model.28.cv1.conv.weight'. See ednet.engine.trainer for customization of frozen layers.
WARNING ⚠️ setting 'requires_grad=True' for frozen layer 'model.28.cv1.bn.weight'. See ednet.engine.trainer for customization of frozen layers.
WARNING ⚠️ setting 'requires_grad=True' for frozen layer 'model.28.cv1.bn.bias'. See ednet.engine.trainer for customization of frozen layers.
WARNING ⚠️ setting 'requires_grad=True' for frozen layer 'model.28.cv2.conv.weight'. See ednet.engine.trainer for customization of frozen layers.
WARNING ⚠️ setting 'requires_grad=True' for frozen layer 'model.28.cv2.bn.weight'. See ednet.engine.trainer for customization of frozen layers.
WARNING ⚠️ setting 'requires_grad=True' for frozen layer 'model.28.cv2.bn.bias'. See ednet.engine.trainer for customization of frozen layers.
WARNING ⚠️ setting 'requires_grad=True' for frozen layer 'model.28.m.0.cv1.0.conv.weight'. See ednet.engine.trainer for customization of frozen layers.
WARNING ⚠️ setting 'requires_grad=True' for frozen layer 'model.28.m.0.cv1.0.bn.weight'. See ednet.engine.trainer for customization of frozen layers.
WARNING ⚠️ setting 'requires_grad=True' for frozen layer 'model.28.m.0.cv1.0.bn.bias'. See ednet.engine.trainer for customization of frozen layers.
WARNING ⚠️ setting 'requires_grad=True' for frozen layer 'model.28.m.0.cv1.1.conv.weight'. See ednet.engine.trainer for customization of frozen layers.
WARNING ⚠️ setting 'requires_grad=True' for frozen layer 'model.28.m.0.cv1.1.bn.weight'. See ednet.engine.trainer for customization of frozen layers.
WARNING ⚠️ setting 'requires_grad=True' for frozen layer 'model.28.m.0.cv1.1.bn.bias'. See ednet.engine.trainer for customization of frozen layers.
WARNING ⚠️ setting 'requires_grad=True' for frozen layer 'model.28.m.0.cv1.2.conv.conv.weight'. See ednet.engine.trainer for customization of frozen layers.
WARNING ⚠️ setting 'requires_grad=True' for frozen layer 'model.28.m.0.cv1.2.conv.bn.weight'. See ednet.engine.trainer for customization of frozen layers.
WARNING ⚠️ setting 'requires_grad=True' for frozen layer 'model.28.m.0.cv1.2.conv.bn.bias'. See ednet.engine.trainer for customization of frozen layers.
WARNING ⚠️ setting 'requires_grad=True' for frozen layer 'model.28.m.0.cv1.2.conv1.conv.weight'. See ednet.engine.trainer for customization of frozen layers.
WARNING ⚠️ setting 'requires_grad=True' for frozen layer 'model.28.m.0.cv1.2.conv1.bn.weight'. See ednet.engine.trainer for customization of frozen layers.
WARNING ⚠️ setting 'requires_grad=True' for frozen layer 'model.28.m.0.cv1.2.conv1.bn.bias'. See ednet.engine.trainer for customization of frozen layers.
WARNING ⚠️ setting 'requires_grad=True' for frozen layer 'model.28.m.0.cv1.3.conv.weight'. See ednet.engine.trainer for customization of frozen layers.
WARNING ⚠️ setting 'requires_grad=True' for frozen layer 'model.28.m.0.cv1.3.bn.weight'. See ednet.engine.trainer for customization of frozen layers.
WARNING ⚠️ setting 'requires_grad=True' for frozen layer 'model.28.m.0.cv1.3.bn.bias'. See ednet.engine.trainer for customization of frozen layers.
WARNING ⚠️ setting 'requires_grad=True' for frozen layer 'model.28.m.0.cv1.4.conv.weight'. See ednet.engine.trainer for customization of frozen layers.
WARNING ⚠️ setting 'requires_grad=True' for frozen layer 'model.28.m.0.cv1.4.bn.weight'. See ednet.engine.trainer for customization of frozen layers.
WARNING ⚠️ setting 'requires_grad=True' for frozen layer 'model.28.m.0.cv1.4.bn.bias'. See ednet.engine.trainer for customization of frozen layers.
WARNING ⚠️ setting 'requires_grad=True' for frozen layer 'model.29.cv2.0.0.conv.base.weight'. See ednet.engine.trainer for customization of frozen layers.
WARNING ⚠️ setting 'requires_grad=True' for frozen layer 'model.29.cv2.0.0.bn.weight'. See ednet.engine.trainer for customization of frozen layers.
WARNING ⚠️ setting 'requires_grad=True' for frozen layer 'model.29.cv2.0.0.bn.bias'. See ednet.engine.trainer for customization of frozen layers.
WARNING ⚠️ setting 'requires_grad=True' for frozen layer 'model.29.cv2.0.1.conv.base.weight'. See ednet.engine.trainer for customization of frozen layers.
WARNING ⚠️ setting 'requires_grad=True' for frozen layer 'model.29.cv2.0.1.bn.weight'. See ednet.engine.trainer for customization of frozen layers.
WARNING ⚠️ setting 'requires_grad=True' for frozen layer 'model.29.cv2.0.1.bn.bias'. See ednet.engine.trainer for customization of frozen layers.
WARNING ⚠️ setting 'requires_grad=True' for frozen layer 'model.29.cv2.0.2.weight'. See ednet.engine.trainer for customization of frozen layers.
WARNING ⚠️ setting 'requires_grad=True' for frozen layer 'model.29.cv2.0.2.bias'. See ednet.engine.trainer for customization of frozen layers.
WARNING ⚠️ setting 'requires_grad=True' for frozen layer 'model.29.cv2.1.0.conv.base.weight'. See ednet.engine.trainer for customization of frozen layers.
WARNING ⚠️ setting 'requires_grad=True' for frozen layer 'model.29.cv2.1.0.bn.weight'. See ednet.engine.trainer for customization of frozen layers.
WARNING ⚠️ setting 'requires_grad=True' for frozen layer 'model.29.cv2.1.0.bn.bias'. See ednet.engine.trainer for customization of frozen layers.
WARNING ⚠️ setting 'requires_grad=True' for frozen layer 'model.29.cv2.1.1.conv.base.weight'. See ednet.engine.trainer for customization of frozen layers.
WARNING ⚠️ setting 'requires_grad=True' for frozen layer 'model.29.cv2.1.1.bn.weight'. See ednet.engine.trainer for customization of frozen layers.
WARNING ⚠️ setting 'requires_grad=True' for frozen layer 'model.29.cv2.1.1.bn.bias'. See ednet.engine.trainer for customization of frozen layers.
WARNING ⚠️ setting 'requires_grad=True' for frozen layer 'model.29.cv2.1.2.weight'. See ednet.engine.trainer for customization of frozen layers.
WARNING ⚠️ setting 'requires_grad=True' for frozen layer 'model.29.cv2.1.2.bias'. See ednet.engine.trainer for customization of frozen layers.
WARNING ⚠️ setting 'requires_grad=True' for frozen layer 'model.29.cv2.2.0.conv.base.weight'. See ednet.engine.trainer for customization of frozen layers.
WARNING ⚠️ setting 'requires_grad=True' for frozen layer 'model.29.cv2.2.0.bn.weight'. See ednet.engine.trainer for customization of frozen layers.
WARNING ⚠️ setting 'requires_grad=True' for frozen layer 'model.29.cv2.2.0.bn.bias'. See ednet.engine.trainer for customization of frozen layers.
WARNING ⚠️ setting 'requires_grad=True' for frozen layer 'model.29.cv2.2.1.conv.base.weight'. See ednet.engine.trainer for customization of frozen layers.
WARNING ⚠️ setting 'requires_grad=True' for frozen layer 'model.29.cv2.2.1.bn.weight'. See ednet.engine.trainer for customization of frozen layers.
WARNING ⚠️ setting 'requires_grad=True' for frozen layer 'model.29.cv2.2.1.bn.bias'. See ednet.engine.trainer for customization of frozen layers.
WARNING ⚠️ setting 'requires_grad=True' for frozen layer 'model.29.cv2.2.2.weight'. See ednet.engine.trainer for customization of frozen layers.
WARNING ⚠️ setting 'requires_grad=True' for frozen layer 'model.29.cv2.2.2.bias'. See ednet.engine.trainer for customization of frozen layers.
WARNING ⚠️ setting 'requires_grad=True' for frozen layer 'model.29.cv2.3.0.conv.base.weight'. See ednet.engine.trainer for customization of frozen layers.
WARNING ⚠️ setting 'requires_grad=True' for frozen layer 'model.29.cv2.3.0.bn.weight'. See ednet.engine.trainer for customization of frozen layers.
WARNING ⚠️ setting 'requires_grad=True' for frozen layer 'model.29.cv2.3.0.bn.bias'. See ednet.engine.trainer for customization of frozen layers.
WARNING ⚠️ setting 'requires_grad=True' for frozen layer 'model.29.cv2.3.1.conv.base.weight'. See ednet.engine.trainer for customization of frozen layers.
WARNING ⚠️ setting 'requires_grad=True' for frozen layer 'model.29.cv2.3.1.bn.weight'. See ednet.engine.trainer for customization of frozen layers.
WARNING ⚠️ setting 'requires_grad=True' for frozen layer 'model.29.cv2.3.1.bn.bias'. See ednet.engine.trainer for customization of frozen layers.
WARNING ⚠️ setting 'requires_grad=True' for frozen layer 'model.29.cv2.3.2.weight'. See ednet.engine.trainer for customization of frozen layers.
WARNING ⚠️ setting 'requires_grad=True' for frozen layer 'model.29.cv2.3.2.bias'. See ednet.engine.trainer for customization of frozen layers.
WARNING ⚠️ setting 'requires_grad=True' for frozen layer 'model.29.cv3.0.0.0.conv.weight'. See ednet.engine.trainer for customization of frozen layers.
WARNING ⚠️ setting 'requires_grad=True' for frozen layer 'model.29.cv3.0.0.0.bn.weight'. See ednet.engine.trainer for customization of frozen layers.
WARNING ⚠️ setting 'requires_grad=True' for frozen layer 'model.29.cv3.0.0.0.bn.bias'. See ednet.engine.trainer for customization of frozen layers.
WARNING ⚠️ setting 'requires_grad=True' for frozen layer 'model.29.cv3.0.0.1.conv.base.weight'. See ednet.engine.trainer for customization of frozen layers.
WARNING ⚠️ setting 'requires_grad=True' for frozen layer 'model.29.cv3.0.0.1.bn.weight'. See ednet.engine.trainer for customization of frozen layers.
WARNING ⚠️ setting 'requires_grad=True' for frozen layer 'model.29.cv3.0.0.1.bn.bias'. See ednet.engine.trainer for customization of frozen layers.
WARNING ⚠️ setting 'requires_grad=True' for frozen layer 'model.29.cv3.0.1.0.conv.weight'. See ednet.engine.trainer for customization of frozen layers.
WARNING ⚠️ setting 'requires_grad=True' for frozen layer 'model.29.cv3.0.1.0.bn.weight'. See ednet.engine.trainer for customization of frozen layers.
WARNING ⚠️ setting 'requires_grad=True' for frozen layer 'model.29.cv3.0.1.0.bn.bias'. See ednet.engine.trainer for customization of frozen layers.
WARNING ⚠️ setting 'requires_grad=True' for frozen layer 'model.29.cv3.0.1.1.conv.base.weight'. See ednet.engine.trainer for customization of frozen layers.
WARNING ⚠️ setting 'requires_grad=True' for frozen layer 'model.29.cv3.0.1.1.bn.weight'. See ednet.engine.trainer for customization of frozen layers.
WARNING ⚠️ setting 'requires_grad=True' for frozen layer 'model.29.cv3.0.1.1.bn.bias'. See ednet.engine.trainer for customization of frozen layers.
WARNING ⚠️ setting 'requires_grad=True' for frozen layer 'model.29.cv3.0.2.weight'. See ednet.engine.trainer for customization of frozen layers.
WARNING ⚠️ setting 'requires_grad=True' for frozen layer 'model.29.cv3.0.2.bias'. See ednet.engine.trainer for customization of frozen layers.
WARNING ⚠️ setting 'requires_grad=True' for frozen layer 'model.29.cv3.1.0.0.conv.weight'. See ednet.engine.trainer for customization of frozen layers.
WARNING ⚠️ setting 'requires_grad=True' for frozen layer 'model.29.cv3.1.0.0.bn.weight'. See ednet.engine.trainer for customization of frozen layers.
WARNING ⚠️ setting 'requires_grad=True' for frozen layer 'model.29.cv3.1.0.0.bn.bias'. See ednet.engine.trainer for customization of frozen layers.
WARNING ⚠️ setting 'requires_grad=True' for frozen layer 'model.29.cv3.1.0.1.conv.base.weight'. See ednet.engine.trainer for customization of frozen layers.
WARNING ⚠️ setting 'requires_grad=True' for frozen layer 'model.29.cv3.1.0.1.bn.weight'. See ednet.engine.trainer for customization of frozen layers.
WARNING ⚠️ setting 'requires_grad=True' for frozen layer 'model.29.cv3.1.0.1.bn.bias'. See ednet.engine.trainer for customization of frozen layers.
WARNING ⚠️ setting 'requires_grad=True' for frozen layer 'model.29.cv3.1.1.0.conv.weight'. See ednet.engine.trainer for customization of frozen layers.
WARNING ⚠️ setting 'requires_grad=True' for frozen layer 'model.29.cv3.1.1.0.bn.weight'. See ednet.engine.trainer for customization of frozen layers.
WARNING ⚠️ setting 'requires_grad=True' for frozen layer 'model.29.cv3.1.1.0.bn.bias'. See ednet.engine.trainer for customization of frozen layers.
WARNING ⚠️ setting 'requires_grad=True' for frozen layer 'model.29.cv3.1.1.1.conv.base.weight'. See ednet.engine.trainer for customization of frozen layers.
WARNING ⚠️ setting 'requires_grad=True' for frozen layer 'model.29.cv3.1.1.1.bn.weight'. See ednet.engine.trainer for customization of frozen layers.
WARNING ⚠️ setting 'requires_grad=True' for frozen layer 'model.29.cv3.1.1.1.bn.bias'. See ednet.engine.trainer for customization of frozen layers.
WARNING ⚠️ setting 'requires_grad=True' for frozen layer 'model.29.cv3.1.2.weight'. See ednet.engine.trainer for customization of frozen layers.
WARNING ⚠️ setting 'requires_grad=True' for frozen layer 'model.29.cv3.1.2.bias'. See ednet.engine.trainer for customization of frozen layers.
WARNING ⚠️ setting 'requires_grad=True' for frozen layer 'model.29.cv3.2.0.0.conv.weight'. See ednet.engine.trainer for customization of frozen layers.
WARNING ⚠️ setting 'requires_grad=True' for frozen layer 'model.29.cv3.2.0.0.bn.weight'. See ednet.engine.trainer for customization of frozen layers.
WARNING ⚠️ setting 'requires_grad=True' for frozen layer 'model.29.cv3.2.0.0.bn.bias'. See ednet.engine.trainer for customization of frozen layers.
WARNING ⚠️ setting 'requires_grad=True' for frozen layer 'model.29.cv3.2.0.1.conv.base.weight'. See ednet.engine.trainer for customization of frozen layers.
WARNING ⚠️ setting 'requires_grad=True' for frozen layer 'model.29.cv3.2.0.1.bn.weight'. See ednet.engine.trainer for customization of frozen layers.
WARNING ⚠️ setting 'requires_grad=True' for frozen layer 'model.29.cv3.2.0.1.bn.bias'. See ednet.engine.trainer for customization of frozen layers.
WARNING ⚠️ setting 'requires_grad=True' for frozen layer 'model.29.cv3.2.1.0.conv.weight'. See ednet.engine.trainer for customization of frozen layers.
WARNING ⚠️ setting 'requires_grad=True' for frozen layer 'model.29.cv3.2.1.0.bn.weight'. See ednet.engine.trainer for customization of frozen layers.
WARNING ⚠️ setting 'requires_grad=True' for frozen layer 'model.29.cv3.2.1.0.bn.bias'. See ednet.engine.trainer for customization of frozen layers.
WARNING ⚠️ setting 'requires_grad=True' for frozen layer 'model.29.cv3.2.1.1.conv.base.weight'. See ednet.engine.trainer for customization of frozen layers.
WARNING ⚠️ setting 'requires_grad=True' for frozen layer 'model.29.cv3.2.1.1.bn.weight'. See ednet.engine.trainer for customization of frozen layers.
WARNING ⚠️ setting 'requires_grad=True' for frozen layer 'model.29.cv3.2.1.1.bn.bias'. See ednet.engine.trainer for customization of frozen layers.
WARNING ⚠️ setting 'requires_grad=True' for frozen layer 'model.29.cv3.2.2.weight'. See ednet.engine.trainer for customization of frozen layers.
WARNING ⚠️ setting 'requires_grad=True' for frozen layer 'model.29.cv3.2.2.bias'. See ednet.engine.trainer for customization of frozen layers.
WARNING ⚠️ setting 'requires_grad=True' for frozen layer 'model.29.cv3.3.0.0.conv.weight'. See ednet.engine.trainer for customization of frozen layers.
WARNING ⚠️ setting 'requires_grad=True' for frozen layer 'model.29.cv3.3.0.0.bn.weight'. See ednet.engine.trainer for customization of frozen layers.
WARNING ⚠️ setting 'requires_grad=True' for frozen layer 'model.29.cv3.3.0.0.bn.bias'. See ednet.engine.trainer for customization of frozen layers.
WARNING ⚠️ setting 'requires_grad=True' for frozen layer 'model.29.cv3.3.0.1.conv.base.weight'. See ednet.engine.trainer for customization of frozen layers.
WARNING ⚠️ setting 'requires_grad=True' for frozen layer 'model.29.cv3.3.0.1.bn.weight'. See ednet.engine.trainer for customization of frozen layers.
WARNING ⚠️ setting 'requires_grad=True' for frozen layer 'model.29.cv3.3.0.1.bn.bias'. See ednet.engine.trainer for customization of frozen layers.
WARNING ⚠️ setting 'requires_grad=True' for frozen layer 'model.29.cv3.3.1.0.conv.weight'. See ednet.engine.trainer for customization of frozen layers.
WARNING ⚠️ setting 'requires_grad=True' for frozen layer 'model.29.cv3.3.1.0.bn.weight'. See ednet.engine.trainer for customization of frozen layers.
WARNING ⚠️ setting 'requires_grad=True' for frozen layer 'model.29.cv3.3.1.0.bn.bias'. See ednet.engine.trainer for customization of frozen layers.
WARNING ⚠️ setting 'requires_grad=True' for frozen layer 'model.29.cv3.3.1.1.conv.base.weight'. See ednet.engine.trainer for customization of frozen layers.
WARNING ⚠️ setting 'requires_grad=True' for frozen layer 'model.29.cv3.3.1.1.bn.weight'. See ednet.engine.trainer for customization of frozen layers.
WARNING ⚠️ setting 'requires_grad=True' for frozen layer 'model.29.cv3.3.1.1.bn.bias'. See ednet.engine.trainer for customization of frozen layers.
WARNING ⚠️ setting 'requires_grad=True' for frozen layer 'model.29.cv3.3.2.weight'. See ednet.engine.trainer for customization of frozen layers.
WARNING ⚠️ setting 'requires_grad=True' for frozen layer 'model.29.cv3.3.2.bias'. See ednet.engine.trainer for customization of frozen layers.
Freezing layer 'model.29.dfl.conv.weight'
WARNING ⚠️ setting 'requires_grad=True' for frozen layer 'model.29.one2one_cv2.0.0.conv.weight'. See ednet.engine.trainer for customization of frozen layers.
WARNING ⚠️ setting 'requires_grad=True' for frozen layer 'model.29.one2one_cv2.0.0.bn.weight'. See ednet.engine.trainer for customization of frozen layers.
WARNING ⚠️ setting 'requires_grad=True' for frozen layer 'model.29.one2one_cv2.0.0.bn.bias'. See ednet.engine.trainer for customization of frozen layers.
WARNING ⚠️ setting 'requires_grad=True' for frozen layer 'model.29.one2one_cv2.0.1.conv.weight'. See ednet.engine.trainer for customization of frozen layers.
WARNING ⚠️ setting 'requires_grad=True' for frozen layer 'model.29.one2one_cv2.0.1.bn.weight'. See ednet.engine.trainer for customization of frozen layers.
WARNING ⚠️ setting 'requires_grad=True' for frozen layer 'model.29.one2one_cv2.0.1.bn.bias'. See ednet.engine.trainer for customization of frozen layers.
WARNING ⚠️ setting 'requires_grad=True' for frozen layer 'model.29.one2one_cv2.0.2.weight'. See ednet.engine.trainer for customization of frozen layers.
WARNING ⚠️ setting 'requires_grad=True' for frozen layer 'model.29.one2one_cv2.0.2.bias'. See ednet.engine.trainer for customization of frozen layers.
WARNING ⚠️ setting 'requires_grad=True' for frozen layer 'model.29.one2one_cv2.1.0.conv.weight'. See ednet.engine.trainer for customization of frozen layers.
WARNING ⚠️ setting 'requires_grad=True' for frozen layer 'model.29.one2one_cv2.1.0.bn.weight'. See ednet.engine.trainer for customization of frozen layers.
WARNING ⚠️ setting 'requires_grad=True' for frozen layer 'model.29.one2one_cv2.1.0.bn.bias'. See ednet.engine.trainer for customization of frozen layers.
WARNING ⚠️ setting 'requires_grad=True' for frozen layer 'model.29.one2one_cv2.1.1.conv.weight'. See ednet.engine.trainer for customization of frozen layers.
WARNING ⚠️ setting 'requires_grad=True' for frozen layer 'model.29.one2one_cv2.1.1.bn.weight'. See ednet.engine.trainer for customization of frozen layers.
WARNING ⚠️ setting 'requires_grad=True' for frozen layer 'model.29.one2one_cv2.1.1.bn.bias'. See ednet.engine.trainer for customization of frozen layers.
WARNING ⚠️ setting 'requires_grad=True' for frozen layer 'model.29.one2one_cv2.1.2.weight'. See ednet.engine.trainer for customization of frozen layers.
WARNING ⚠️ setting 'requires_grad=True' for frozen layer 'model.29.one2one_cv2.1.2.bias'. See ednet.engine.trainer for customization of frozen layers.
WARNING ⚠️ setting 'requires_grad=True' for frozen layer 'model.29.one2one_cv2.2.0.conv.weight'. See ednet.engine.trainer for customization of frozen layers.
WARNING ⚠️ setting 'requires_grad=True' for frozen layer 'model.29.one2one_cv2.2.0.bn.weight'. See ednet.engine.trainer for customization of frozen layers.
WARNING ⚠️ setting 'requires_grad=True' for frozen layer 'model.29.one2one_cv2.2.0.bn.bias'. See ednet.engine.trainer for customization of frozen layers.
WARNING ⚠️ setting 'requires_grad=True' for frozen layer 'model.29.one2one_cv2.2.1.conv.weight'. See ednet.engine.trainer for customization of frozen layers.
WARNING ⚠️ setting 'requires_grad=True' for frozen layer 'model.29.one2one_cv2.2.1.bn.weight'. See ednet.engine.trainer for customization of frozen layers.
WARNING ⚠️ setting 'requires_grad=True' for frozen layer 'model.29.one2one_cv2.2.1.bn.bias'. See ednet.engine.trainer for customization of frozen layers.
WARNING ⚠️ setting 'requires_grad=True' for frozen layer 'model.29.one2one_cv2.2.2.weight'. See ednet.engine.trainer for customization of frozen layers.
WARNING ⚠️ setting 'requires_grad=True' for frozen layer 'model.29.one2one_cv2.2.2.bias'. See ednet.engine.trainer for customization of frozen layers.
WARNING ⚠️ setting 'requires_grad=True' for frozen layer 'model.29.one2one_cv2.3.0.conv.weight'. See ednet.engine.trainer for customization of frozen layers.
WARNING ⚠️ setting 'requires_grad=True' for frozen layer 'model.29.one2one_cv2.3.0.bn.weight'. See ednet.engine.trainer for customization of frozen layers.
WARNING ⚠️ setting 'requires_grad=True' for frozen layer 'model.29.one2one_cv2.3.0.bn.bias'. See ednet.engine.trainer for customization of frozen layers.
WARNING ⚠️ setting 'requires_grad=True' for frozen layer 'model.29.one2one_cv2.3.1.conv.weight'. See ednet.engine.trainer for customization of frozen layers.
WARNING ⚠️ setting 'requires_grad=True' for frozen layer 'model.29.one2one_cv2.3.1.bn.weight'. See ednet.engine.trainer for customization of frozen layers.
WARNING ⚠️ setting 'requires_grad=True' for frozen layer 'model.29.one2one_cv2.3.1.bn.bias'. See ednet.engine.trainer for customization of frozen layers.
WARNING ⚠️ setting 'requires_grad=True' for frozen layer 'model.29.one2one_cv2.3.2.weight'. See ednet.engine.trainer for customization of frozen layers.
WARNING ⚠️ setting 'requires_grad=True' for frozen layer 'model.29.one2one_cv2.3.2.bias'. See ednet.engine.trainer for customization of frozen layers.
WARNING ⚠️ setting 'requires_grad=True' for frozen layer 'model.29.one2one_cv3.0.0.0.conv.weight'. See ednet.engine.trainer for customization of frozen layers.
WARNING ⚠️ setting 'requires_grad=True' for frozen layer 'model.29.one2one_cv3.0.0.0.bn.weight'. See ednet.engine.trainer for customization of frozen layers.
WARNING ⚠️ setting 'requires_grad=True' for frozen layer 'model.29.one2one_cv3.0.0.0.bn.bias'. See ednet.engine.trainer for customization of frozen layers.
WARNING ⚠️ setting 'requires_grad=True' for frozen layer 'model.29.one2one_cv3.0.0.1.conv.weight'. See ednet.engine.trainer for customization of frozen layers.
WARNING ⚠️ setting 'requires_grad=True' for frozen layer 'model.29.one2one_cv3.0.0.1.bn.weight'. See ednet.engine.trainer for customization of frozen layers.
WARNING ⚠️ setting 'requires_grad=True' for frozen layer 'model.29.one2one_cv3.0.0.1.bn.bias'. See ednet.engine.trainer for customization of frozen layers.
WARNING ⚠️ setting 'requires_grad=True' for frozen layer 'model.29.one2one_cv3.0.1.0.conv.weight'. See ednet.engine.trainer for customization of frozen layers.
WARNING ⚠️ setting 'requires_grad=True' for frozen layer 'model.29.one2one_cv3.0.1.0.bn.weight'. See ednet.engine.trainer for customization of frozen layers.
WARNING ⚠️ setting 'requires_grad=True' for frozen layer 'model.29.one2one_cv3.0.1.0.bn.bias'. See ednet.engine.trainer for customization of frozen layers.
WARNING ⚠️ setting 'requires_grad=True' for frozen layer 'model.29.one2one_cv3.0.1.1.conv.weight'. See ednet.engine.trainer for customization of frozen layers.
WARNING ⚠️ setting 'requires_grad=True' for frozen layer 'model.29.one2one_cv3.0.1.1.bn.weight'. See ednet.engine.trainer for customization of frozen layers.
WARNING ⚠️ setting 'requires_grad=True' for frozen layer 'model.29.one2one_cv3.0.1.1.bn.bias'. See ednet.engine.trainer for customization of frozen layers.
WARNING ⚠️ setting 'requires_grad=True' for frozen layer 'model.29.one2one_cv3.0.2.weight'. See ednet.engine.trainer for customization of frozen layers.
WARNING ⚠️ setting 'requires_grad=True' for frozen layer 'model.29.one2one_cv3.0.2.bias'. See ednet.engine.trainer for customization of frozen layers.
WARNING ⚠️ setting 'requires_grad=True' for frozen layer 'model.29.one2one_cv3.1.0.0.conv.weight'. See ednet.engine.trainer for customization of frozen layers.
WARNING ⚠️ setting 'requires_grad=True' for frozen layer 'model.29.one2one_cv3.1.0.0.bn.weight'. See ednet.engine.trainer for customization of frozen layers.
WARNING ⚠️ setting 'requires_grad=True' for frozen layer 'model.29.one2one_cv3.1.0.0.bn.bias'. See ednet.engine.trainer for customization of frozen layers.
WARNING ⚠️ setting 'requires_grad=True' for frozen layer 'model.29.one2one_cv3.1.0.1.conv.weight'. See ednet.engine.trainer for customization of frozen layers.
WARNING ⚠️ setting 'requires_grad=True' for frozen layer 'model.29.one2one_cv3.1.0.1.bn.weight'. See ednet.engine.trainer for customization of frozen layers.
WARNING ⚠️ setting 'requires_grad=True' for frozen layer 'model.29.one2one_cv3.1.0.1.bn.bias'. See ednet.engine.trainer for customization of frozen layers.
WARNING ⚠️ setting 'requires_grad=True' for frozen layer 'model.29.one2one_cv3.1.1.0.conv.weight'. See ednet.engine.trainer for customization of frozen layers.
WARNING ⚠️ setting 'requires_grad=True' for frozen layer 'model.29.one2one_cv3.1.1.0.bn.weight'. See ednet.engine.trainer for customization of frozen layers.
WARNING ⚠️ setting 'requires_grad=True' for frozen layer 'model.29.one2one_cv3.1.1.0.bn.bias'. See ednet.engine.trainer for customization of frozen layers.
WARNING ⚠️ setting 'requires_grad=True' for frozen layer 'model.29.one2one_cv3.1.1.1.conv.weight'. See ednet.engine.trainer for customization of frozen layers.
WARNING ⚠️ setting 'requires_grad=True' for frozen layer 'model.29.one2one_cv3.1.1.1.bn.weight'. See ednet.engine.trainer for customization of frozen layers.
WARNING ⚠️ setting 'requires_grad=True' for frozen layer 'model.29.one2one_cv3.1.1.1.bn.bias'. See ednet.engine.trainer for customization of frozen layers.
WARNING ⚠️ setting 'requires_grad=True' for frozen layer 'model.29.one2one_cv3.1.2.weight'. See ednet.engine.trainer for customization of frozen layers.
WARNING ⚠️ setting 'requires_grad=True' for frozen layer 'model.29.one2one_cv3.1.2.bias'. See ednet.engine.trainer for customization of frozen layers.
WARNING ⚠️ setting 'requires_grad=True' for frozen layer 'model.29.one2one_cv3.2.0.0.conv.weight'. See ednet.engine.trainer for customization of frozen layers.
WARNING ⚠️ setting 'requires_grad=True' for frozen layer 'model.29.one2one_cv3.2.0.0.bn.weight'. See ednet.engine.trainer for customization of frozen layers.
WARNING ⚠️ setting 'requires_grad=True' for frozen layer 'model.29.one2one_cv3.2.0.0.bn.bias'. See ednet.engine.trainer for customization of frozen layers.
WARNING ⚠️ setting 'requires_grad=True' for frozen layer 'model.29.one2one_cv3.2.0.1.conv.weight'. See ednet.engine.trainer for customization of frozen layers.
WARNING ⚠️ setting 'requires_grad=True' for frozen layer 'model.29.one2one_cv3.2.0.1.bn.weight'. See ednet.engine.trainer for customization of frozen layers.
WARNING ⚠️ setting 'requires_grad=True' for frozen layer 'model.29.one2one_cv3.2.0.1.bn.bias'. See ednet.engine.trainer for customization of frozen layers.
WARNING ⚠️ setting 'requires_grad=True' for frozen layer 'model.29.one2one_cv3.2.1.0.conv.weight'. See ednet.engine.trainer for customization of frozen layers.
WARNING ⚠️ setting 'requires_grad=True' for frozen layer 'model.29.one2one_cv3.2.1.0.bn.weight'. See ednet.engine.trainer for customization of frozen layers.
WARNING ⚠️ setting 'requires_grad=True' for frozen layer 'model.29.one2one_cv3.2.1.0.bn.bias'. See ednet.engine.trainer for customization of frozen layers.
WARNING ⚠️ setting 'requires_grad=True' for frozen layer 'model.29.one2one_cv3.2.1.1.conv.weight'. See ednet.engine.trainer for customization of frozen layers.
WARNING ⚠️ setting 'requires_grad=True' for frozen layer 'model.29.one2one_cv3.2.1.1.bn.weight'. See ednet.engine.trainer for customization of frozen layers.
WARNING ⚠️ setting 'requires_grad=True' for frozen layer 'model.29.one2one_cv3.2.1.1.bn.bias'. See ednet.engine.trainer for customization of frozen layers.
WARNING ⚠️ setting 'requires_grad=True' for frozen layer 'model.29.one2one_cv3.2.2.weight'. See ednet.engine.trainer for customization of frozen layers.
WARNING ⚠️ setting 'requires_grad=True' for frozen layer 'model.29.one2one_cv3.2.2.bias'. See ednet.engine.trainer for customization of frozen layers.
WARNING ⚠️ setting 'requires_grad=True' for frozen layer 'model.29.one2one_cv3.3.0.0.conv.weight'. See ednet.engine.trainer for customization of frozen layers.
WARNING ⚠️ setting 'requires_grad=True' for frozen layer 'model.29.one2one_cv3.3.0.0.bn.weight'. See ednet.engine.trainer for customization of frozen layers.
WARNING ⚠️ setting 'requires_grad=True' for frozen layer 'model.29.one2one_cv3.3.0.0.bn.bias'. See ednet.engine.trainer for customization of frozen layers.
WARNING ⚠️ setting 'requires_grad=True' for frozen layer 'model.29.one2one_cv3.3.0.1.conv.weight'. See ednet.engine.trainer for customization of frozen layers.
WARNING ⚠️ setting 'requires_grad=True' for frozen layer 'model.29.one2one_cv3.3.0.1.bn.weight'. See ednet.engine.trainer for customization of frozen layers.
WARNING ⚠️ setting 'requires_grad=True' for frozen layer 'model.29.one2one_cv3.3.0.1.bn.bias'. See ednet.engine.trainer for customization of frozen layers.
WARNING ⚠️ setting 'requires_grad=True' for frozen layer 'model.29.one2one_cv3.3.1.0.conv.weight'. See ednet.engine.trainer for customization of frozen layers.
WARNING ⚠️ setting 'requires_grad=True' for frozen layer 'model.29.one2one_cv3.3.1.0.bn.weight'. See ednet.engine.trainer for customization of frozen layers.
WARNING ⚠️ setting 'requires_grad=True' for frozen layer 'model.29.one2one_cv3.3.1.0.bn.bias'. See ednet.engine.trainer for customization of frozen layers.
WARNING ⚠️ setting 'requires_grad=True' for frozen layer 'model.29.one2one_cv3.3.1.1.conv.weight'. See ednet.engine.trainer for customization of frozen layers.
WARNING ⚠️ setting 'requires_grad=True' for frozen layer 'model.29.one2one_cv3.3.1.1.bn.weight'. See ednet.engine.trainer for customization of frozen layers.
WARNING ⚠️ setting 'requires_grad=True' for frozen layer 'model.29.one2one_cv3.3.1.1.bn.bias'. See ednet.engine.trainer for customization of frozen layers.
WARNING ⚠️ setting 'requires_grad=True' for frozen layer 'model.29.one2one_cv3.3.2.weight'. See ednet.engine.trainer for customization of frozen layers.
WARNING ⚠️ setting 'requires_grad=True' for frozen layer 'model.29.one2one_cv3.3.2.bias'. See ednet.engine.trainer for customization of frozen layers.
[34m[1mAMP: [0mrunning Automatic Mixed Precision (AMP) checks with YOLOv8n...
[34m[1mAMP: [0mchecks passed ✅
Plotting labels to /home/ddwilde/scriptie/runs/dota_saab_lora/stage3-saab/labels.jpg... 
[34m[1moptimizer:[0m 'optimizer=auto' found, ignoring 'lr0=0.01' and 'momentum=0.937' and determining best 'optimizer', 'lr0' and 'momentum' automatically... 
[34m[1moptimizer:[0m AdamW(lr=0.000526, momentum=0.9) with parameter groups 117 weight(decay=0.0), 202 weight(decay=0.0005), 139 bias(decay=0.0)
Skipping fusion for LoRA-wrapped layer Conv
Skipping fusion for LoRA-wrapped layer Conv
Skipping fusion for LoRA-wrapped layer Conv
Skipping fusion for LoRA-wrapped layer Conv
Skipping fusion for LoRA-wrapped layer Conv
Skipping fusion for LoRA-wrapped layer Conv
Skipping fusion for LoRA-wrapped layer Conv
Skipping fusion for LoRA-wrapped layer Conv
Skipping fusion for LoRA-wrapped layer Conv
Skipping fusion for LoRA-wrapped layer Conv
Skipping fusion for LoRA-wrapped layer Conv
Skipping fusion for LoRA-wrapped layer Conv
Skipping fusion for LoRA-wrapped layer Conv
Skipping fusion for LoRA-wrapped layer Conv
Skipping fusion for LoRA-wrapped layer Conv
Skipping fusion for LoRA-wrapped layer Conv
Skipping fusion for LoRA-wrapped layer Conv
Skipping fusion for LoRA-wrapped layer Conv
Skipping fusion for LoRA-wrapped layer Conv
Skipping fusion for LoRA-wrapped layer Conv
Skipping fusion for LoRA-wrapped layer Conv
Skipping fusion for LoRA-wrapped layer Conv
Skipping fusion for LoRA-wrapped layer Conv
Skipping fusion for LoRA-wrapped layer Conv
Skipping fusion for LoRA-wrapped layer Conv
Skipping fusion for LoRA-wrapped layer Conv
Skipping fusion for LoRA-wrapped layer Conv
Skipping fusion for LoRA-wrapped layer Conv
[34m[1mTensorBoard: [0mmodel graph visualization added ✅
Image sizes 640 train, 640 val
Using 8 dataloader workers
Logging results to [1m/home/ddwilde/scriptie/runs/dota_saab_lora/stage3-saab[0m
Starting training for 50 epochs...

      Epoch    GPU_mem   box_loss   cls_loss   dfl_loss  Instances       Size
Limiting positives to classes (0, 1, 9, 10, 11)
Limiting positives to classes (0, 1, 9, 10, 11)
Limiting positives to classes (0, 1, 9, 10, 11)
Limiting positives to classes (0, 1, 9, 10, 11)
                   all        365      24440       0.14      0.108      0.111      0.061

      Epoch    GPU_mem   box_loss   cls_loss   dfl_loss  Instances       Size
                   all        365      24440      0.209      0.113      0.121     0.0671

      Epoch    GPU_mem   box_loss   cls_loss   dfl_loss  Instances       Size
                   all        365      24440      0.212      0.109      0.119     0.0662

      Epoch    GPU_mem   box_loss   cls_loss   dfl_loss  Instances       Size
                   all        365      24440      0.206       0.11      0.118     0.0632

      Epoch    GPU_mem   box_loss   cls_loss   dfl_loss  Instances       Size
                   all        365      24440      0.207      0.107      0.122     0.0678

      Epoch    GPU_mem   box_loss   cls_loss   dfl_loss  Instances       Size
                   all        365      24440      0.209      0.109      0.124     0.0668

      Epoch    GPU_mem   box_loss   cls_loss   dfl_loss  Instances       Size
                   all        365      24440      0.229      0.134      0.133     0.0735

      Epoch    GPU_mem   box_loss   cls_loss   dfl_loss  Instances       Size
                   all        365      24440      0.224      0.139      0.134     0.0743

      Epoch    GPU_mem   box_loss   cls_loss   dfl_loss  Instances       Size
                   all        365      24440      0.216      0.142      0.132     0.0729

      Epoch    GPU_mem   box_loss   cls_loss   dfl_loss  Instances       Size
                   all        365      24440      0.227      0.141      0.136     0.0754

      Epoch    GPU_mem   box_loss   cls_loss   dfl_loss  Instances       Size
                   all        365      24440      0.241      0.137      0.138     0.0782

      Epoch    GPU_mem   box_loss   cls_loss   dfl_loss  Instances       Size
                   all        365      24440      0.242      0.142      0.144     0.0781

      Epoch    GPU_mem   box_loss   cls_loss   dfl_loss  Instances       Size
                   all        365      24440      0.249      0.144      0.148     0.0826

      Epoch    GPU_mem   box_loss   cls_loss   dfl_loss  Instances       Size
                   all        365      24440      0.241      0.143      0.145     0.0801

      Epoch    GPU_mem   box_loss   cls_loss   dfl_loss  Instances       Size
                   all        365      24440       0.25      0.142      0.144     0.0799

      Epoch    GPU_mem   box_loss   cls_loss   dfl_loss  Instances       Size
                   all        365      24440      0.254      0.144      0.148     0.0825

      Epoch    GPU_mem   box_loss   cls_loss   dfl_loss  Instances       Size
                   all        365      24440       0.25      0.143      0.143     0.0796

      Epoch    GPU_mem   box_loss   cls_loss   dfl_loss  Instances       Size
                   all        365      24440      0.253      0.149      0.152     0.0846

      Epoch    GPU_mem   box_loss   cls_loss   dfl_loss  Instances       Size
                   all        365      24440      0.254      0.147      0.152     0.0836

      Epoch    GPU_mem   box_loss   cls_loss   dfl_loss  Instances       Size
                   all        365      24440      0.251      0.142      0.147     0.0814

      Epoch    GPU_mem   box_loss   cls_loss   dfl_loss  Instances       Size
                   all        365      24440      0.258      0.149      0.152     0.0839

      Epoch    GPU_mem   box_loss   cls_loss   dfl_loss  Instances       Size
                   all        365      24440      0.258      0.148      0.154     0.0855

      Epoch    GPU_mem   box_loss   cls_loss   dfl_loss  Instances       Size
                   all        365      24440      0.264      0.147      0.155     0.0874

      Epoch    GPU_mem   box_loss   cls_loss   dfl_loss  Instances       Size
                   all        365      24440      0.258      0.149      0.154     0.0885

      Epoch    GPU_mem   box_loss   cls_loss   dfl_loss  Instances       Size
                   all        365      24440      0.261      0.149      0.154     0.0882

      Epoch    GPU_mem   box_loss   cls_loss   dfl_loss  Instances       Size
                   all        365      24440      0.256      0.148      0.152     0.0855

      Epoch    GPU_mem   box_loss   cls_loss   dfl_loss  Instances       Size
                   all        365      24440      0.259      0.151      0.157     0.0885

      Epoch    GPU_mem   box_loss   cls_loss   dfl_loss  Instances       Size
                   all        365      24440      0.262       0.15      0.155     0.0859

      Epoch    GPU_mem   box_loss   cls_loss   dfl_loss  Instances       Size
                   all        365      24440      0.264      0.151      0.157     0.0904

      Epoch    GPU_mem   box_loss   cls_loss   dfl_loss  Instances       Size
                   all        365      24440      0.259      0.152      0.158     0.0916

      Epoch    GPU_mem   box_loss   cls_loss   dfl_loss  Instances       Size
                   all        365      24440      0.263      0.152      0.159     0.0909

      Epoch    GPU_mem   box_loss   cls_loss   dfl_loss  Instances       Size
                   all        365      24440       0.26      0.151      0.157     0.0894

      Epoch    GPU_mem   box_loss   cls_loss   dfl_loss  Instances       Size
                   all        365      24440       0.26      0.148      0.155     0.0852

      Epoch    GPU_mem   box_loss   cls_loss   dfl_loss  Instances       Size
                   all        365      24440      0.263      0.151      0.159     0.0932

      Epoch    GPU_mem   box_loss   cls_loss   dfl_loss  Instances       Size
                   all        365      24440      0.266      0.153      0.161     0.0935

      Epoch    GPU_mem   box_loss   cls_loss   dfl_loss  Instances       Size
                   all        365      24440      0.268      0.153      0.162     0.0931

      Epoch    GPU_mem   box_loss   cls_loss   dfl_loss  Instances       Size
                   all        365      24440      0.268      0.153      0.163     0.0953

      Epoch    GPU_mem   box_loss   cls_loss   dfl_loss  Instances       Size
                   all        365      24440      0.266      0.151      0.162     0.0934

      Epoch    GPU_mem   box_loss   cls_loss   dfl_loss  Instances       Size
                   all        365      24440      0.263      0.149      0.158     0.0916

      Epoch    GPU_mem   box_loss   cls_loss   dfl_loss  Instances       Size
                   all        365      24440      0.264      0.153      0.161     0.0929
Closing dataloader mosaic

      Epoch    GPU_mem   box_loss   cls_loss   dfl_loss  Instances       Size
                   all        365      24440      0.263      0.148      0.159     0.0928

      Epoch    GPU_mem   box_loss   cls_loss   dfl_loss  Instances       Size
                   all        365      24440      0.261      0.151      0.159     0.0929

      Epoch    GPU_mem   box_loss   cls_loss   dfl_loss  Instances       Size
                   all        365      24440      0.259      0.152      0.159     0.0929

      Epoch    GPU_mem   box_loss   cls_loss   dfl_loss  Instances       Size
                   all        365      24440       0.26      0.151       0.16     0.0936

      Epoch    GPU_mem   box_loss   cls_loss   dfl_loss  Instances       Size
                   all        365      24440      0.266      0.153      0.163     0.0962

      Epoch    GPU_mem   box_loss   cls_loss   dfl_loss  Instances       Size
                   all        365      24440      0.263      0.152      0.161     0.0951

      Epoch    GPU_mem   box_loss   cls_loss   dfl_loss  Instances       Size
                   all        365      24440      0.265      0.152      0.161     0.0944

      Epoch    GPU_mem   box_loss   cls_loss   dfl_loss  Instances       Size
                   all        365      24440      0.265      0.153      0.162     0.0965

      Epoch    GPU_mem   box_loss   cls_loss   dfl_loss  Instances       Size
                   all        365      24440      0.267      0.154      0.163     0.0968

      Epoch    GPU_mem   box_loss   cls_loss   dfl_loss  Instances       Size
                   all        365      24440      0.266      0.153      0.163     0.0968

50 epochs completed in 0.808 hours.
Optimizer stripped from /home/ddwilde/scriptie/runs/dota_saab_lora/stage3-saab/weights/last.pt, 19.5MB
Optimizer stripped from /home/ddwilde/scriptie/runs/dota_saab_lora/stage3-saab/weights/best.pt, 19.5MB

Validating /home/ddwilde/scriptie/runs/dota_saab_lora/stage3-saab/weights/best.pt...
EDNet 1.0 ✅ Python-3.10.4 ✅ torch-2.8.0+cu128 ✅CUDA:0 (NVIDIA A100-SXM4-40GB, 40441MiB)
Skipping layer fusion for LoRA-enabled model during weight loading.
                   all        365      24440      0.267      0.154      0.163     0.0968
                 plane         49       1783      0.713      0.542      0.549      0.308
                  ship         84       8385      0.864      0.508      0.588      0.318
          storage-tank         43       2345          0          0          0          0
      baseball-diamond         46        185          0          0          0          0
          tennis-court         75        639          0          0          0          0
      basketball-court         28        110          0          0          0          0
    ground-track-field         58        119          0          0          0          0
                harbor         90       1684          0          0          0          0
                bridge         61        406          0          0          0          0
         large-vehicle         83       3527      0.802      0.726      0.768       0.53
         small-vehicle         99       4549      0.623      0.527      0.535      0.295
            helicopter          7         42          1          0      0.012    0.00278
            roundabout         49        142          0          0          0          0
     soccer-ball-field         52        127          0          0          0          0
         swimming-pool         34        397          0          0          0          0
Speed: 0.1ms preprocess, 3.1ms inference, 0.0ms loss, 0.1ms postprocess per image
Results saved to [1m/home/ddwilde/scriptie/runs/dota_saab_lora/stage3-saab[0m
Training finished. Results saved in: /home/ddwilde/scriptie/runs/dota_saab_lora/stage3-saab
