EDNet 1.0 ✅ Python-3.10.4 ✅ torch-2.8.0+cu128 ✅CUDA:0 (NVIDIA A100-SXM4-40GB, 40441MiB)
[34m[1mengine/trainer: [0mtask=detect, mode=train, model=pretrained/small.pt, data=/home/ddwilde/scriptie/yaml/DOTA-stage1.yaml, epochs=50, time=None, patience=100, batch=4, imgsz=640, save=True, save_period=-1, cache=False, device=None, workers=8, project=/home/ddwilde/scriptie/runs/dota_lora_replay, name=stage1-lora-replay, exist_ok=False, pretrained=True, optimizer=auto, verbose=True, seed=0, deterministic=True, single_cls=False, rect=False, cos_lr=False, close_mosaic=10, resume=False, amp=True, fraction=1.0, profile=False, freeze=[0, 1, 2, 3, 4, 5, 6, 7, 8, 9, 10, 11, 12, 13, 14, 15, 16, 17, 18, 19, 20, 21, 22, 23, 24, 25, 26, 27, 28], multi_scale=False, lora={'enable': True, 'feature_pyramid_indices': [19, 22, 25], 'include_detection_head': True}, continual={'enable': False, 'batches': [], 'adapter_strategy': 'last', 'save_history': True}, replay={'enable': True, 'buffer_per_class': 128, 'loss_weight': 0.0, 'tiny_max_pixels': 320, 'debug': True}, stage={'active_classes': [0, 1], 'prev_classes': []}, overlap_mask=True, mask_ratio=4, dropout=0.0, val=True, split=val, save_json=False, save_hybrid=False, conf=None, iou=0.7, max_det=300, half=False, dnn=False, plots=True, per_class_tb_interval=1, source=None, vid_stride=1, stream_buffer=False, visualize=False, augment=False, agnostic_nms=False, classes=None, retina_masks=False, embed=None, show=False, save_frames=False, save_txt=False, save_conf=False, save_crop=False, show_labels=True, show_conf=True, show_boxes=True, line_width=None, format=torchscript, keras=False, optimize=False, int8=False, dynamic=False, simplify=False, opset=None, workspace=4, nms=False, lr0=0.01, lrf=0.01, momentum=0.937, weight_decay=0.0005, warmup_epochs=3.0, warmup_momentum=0.8, warmup_bias_lr=0.1, box=7.5, cls=0.5, dfl=1.5, pose=12.0, kobj=1.0, label_smoothing=0.0, nbs=64, hsv_h=0.015, hsv_s=0.7, hsv_v=0.4, degrees=0.0, translate=0.1, scale=0.5, shear=0.0, perspective=0.0, flipud=0.0, fliplr=0.5, bgr=0.0, mosaic=1.0, mixup=0.0, copy_paste=0.0, auto_augment=randaugment, erasing=0.4, crop_fraction=1.0, cfg=None, tracker=botsort.yaml, save_dir=/home/ddwilde/scriptie/runs/dota_lora_replay/stage1-lora-replay
Overriding model.yaml nc=10 with nc=2

                   from  n    params  module                                       arguments                     
  0                  -1  1       928  ednet.nn.modules.conv.Conv                   [3, 32, 3, 2]                 
  1                  -1  1     18560  ednet.nn.modules.conv.Conv                   [32, 64, 3, 2]                
  2                  -1  1     29056  ednet.nn.modules.block.C2f                   [64, 64, 1, True]             
  3                  -1  1     73984  ednet.nn.modules.conv.Conv                   [64, 128, 3, 2]               
  4                  -1  2    197632  ednet.nn.modules.block.C2f                   [128, 128, 2, True]           
  5                  -1  1    295424  ednet.nn.modules.conv.Conv                   [128, 256, 3, 2]              
  6                  -1  2    420864  ednet.nn.modules.block.C2f_FCA               [256, 256, 2, True]           
  7                  -1  1   1180672  ednet.nn.modules.conv.Conv                   [256, 512, 3, 2]              
  8                  -1  1   1095680  ednet.nn.modules.block.C2f_FCA               [512, 512, 1, True]           
  9                  -1  1    656896  ednet.nn.modules.block.SPPF                  [512, 512, 5]                 
 10                  -1  1    990976  ednet.nn.modules.block.PSA                   [512, 512]                    
 11                  -1  1         0  torch.nn.modules.upsampling.Upsample         [None, 2, 'nearest']          
 12             [-1, 6]  1         0  ednet.nn.modules.conv.Concat                 [1]                           
 13                  -1  1    591360  ednet.nn.modules.block.C2f                   [768, 256, 1]                 
 14                  -1  1         0  torch.nn.modules.upsampling.Upsample         [None, 2, 'nearest']          
 15             [-1, 4]  1         0  ednet.nn.modules.conv.Concat                 [1]                           
 16                  -1  1    148224  ednet.nn.modules.block.C2f                   [384, 128, 1]                 
 17                  -1  1         0  torch.nn.modules.upsampling.Upsample         [None, 2, 'nearest']          
 18             [-1, 2]  1         0  ednet.nn.modules.conv.Concat                 [1]                           
 19                  -1  1     37248  ednet.nn.modules.block.C2f                   [192, 64, 1]                  
 20                  -1  1     36992  ednet.nn.modules.conv.Conv                   [64, 64, 3, 2]                
 21            [-1, 16]  1         0  ednet.nn.modules.conv.Concat                 [1]                           
 22                  -1  1    123648  ednet.nn.modules.block.C2f                   [192, 128, 1]                 
 23                  -1  1    147712  ednet.nn.modules.conv.Conv                   [128, 128, 3, 2]              
 24            [-1, 13]  1         0  ednet.nn.modules.conv.Concat                 [1]                           
 25                  -1  1    493056  ednet.nn.modules.block.C2f                   [384, 256, 1]                 
 26                  -1  1     68864  ednet.nn.modules.block.SCDown                [256, 256, 3, 2]              
 27             [-1, 9]  1         0  ednet.nn.modules.conv.Concat                 [1]                           
 28                  -1  1   1089536  ednet.nn.modules.block.C2fCIB                [768, 512, 1, True, True]     
 29    [19, 22, 25, 28]  1   1621664  ednet.nn.modules.head.v10Detect              [2, [64, 128, 256, 512]]      
ednet-s summary: 510 layers, 9,318,976 parameters, 9,318,960 gradients

Active classes for this stage: (0, 1)
Replay/previous classes for this stage: ()
Transferred 737/753 items from pretrained weights
LoRA enabled: 28 adapters (rank=8, alpha=16.0, 
LoRA adapter registry: 28 modules -> ['Conv.conv', 'Conv.conv', 'Conv.conv', 'Conv.conv', 'Conv.conv', 'Conv.conv', 'Conv.conv', 'Conv.conv', 'Conv.conv', 'Conv.conv', 'Conv.conv', 'Conv.conv', 'Conv.conv', 'Conv.conv', 'Conv.conv', 'Conv.conv', 'Conv.conv', 'Conv.conv', 'Conv.conv', 'Conv.conv', 'Conv.conv', 'Conv.conv', 'Conv.conv', 'Conv.conv', 'Conv.conv', 'Conv.conv', 'Conv.conv', 'Conv.conv']
Trainable params: 429 tensors (8594224 weights) example=[('model.0.conv.weight', 864), ('model.0.bn.weight', 32), ('model.0.bn.bias', 32), ('model.1.conv.weight', 18432), ('model.1.bn.weight', 64), ('model.1.bn.bias', 64), ('model.2.cv1.conv.weight', 4096), ('model.2.cv1.bn.weight', 64), ('model.2.cv1.bn.bias', 64), ('model.2.cv2.conv.weight', 6144), ('model.2.cv2.bn.weight', 64), ('model.2.cv2.bn.bias', 64), ('model.2.m.0.cv1.conv.weight', 9216), ('model.2.m.0.cv1.bn.weight', 32), ('model.2.m.0.cv1.bn.bias', 32), ('model.2.m.0.cv2.conv.weight', 9216), ('model.2.m.0.cv2.bn.weight', 32), ('model.2.m.0.cv2.bn.bias', 32), ('model.3.conv.weight', 73728), ('model.3.bn.weight', 128)]
Replay feature tapper initialized for detection head levels: ['P2', 'P3', 'P4']
[34m[1mTensorBoard: [0mStart with 'tensorboard --logdir /home/ddwilde/scriptie/runs/dota_lora_replay/stage1-lora-replay', view at http://localhost:6006/
Freezing layer 'model.0.conv.weight'
Freezing layer 'model.0.bn.weight'
Freezing layer 'model.0.bn.bias'
Freezing layer 'model.1.conv.weight'
Freezing layer 'model.1.bn.weight'
Freezing layer 'model.1.bn.bias'
Freezing layer 'model.2.cv1.conv.weight'
Freezing layer 'model.2.cv1.bn.weight'
Freezing layer 'model.2.cv1.bn.bias'
Freezing layer 'model.2.cv2.conv.weight'
Freezing layer 'model.2.cv2.bn.weight'
Freezing layer 'model.2.cv2.bn.bias'
Freezing layer 'model.2.m.0.cv1.conv.weight'
Freezing layer 'model.2.m.0.cv1.bn.weight'
Freezing layer 'model.2.m.0.cv1.bn.bias'
Freezing layer 'model.2.m.0.cv2.conv.weight'
Freezing layer 'model.2.m.0.cv2.bn.weight'
Freezing layer 'model.2.m.0.cv2.bn.bias'
Freezing layer 'model.3.conv.weight'
Freezing layer 'model.3.bn.weight'
Freezing layer 'model.3.bn.bias'
Freezing layer 'model.4.cv1.conv.weight'
Freezing layer 'model.4.cv1.bn.weight'
Freezing layer 'model.4.cv1.bn.bias'
Freezing layer 'model.4.cv2.conv.weight'
Freezing layer 'model.4.cv2.bn.weight'
Freezing layer 'model.4.cv2.bn.bias'
Freezing layer 'model.4.m.0.cv1.conv.weight'
Freezing layer 'model.4.m.0.cv1.bn.weight'
Freezing layer 'model.4.m.0.cv1.bn.bias'
Freezing layer 'model.4.m.0.cv2.conv.weight'
Freezing layer 'model.4.m.0.cv2.bn.weight'
Freezing layer 'model.4.m.0.cv2.bn.bias'
Freezing layer 'model.4.m.1.cv1.conv.weight'
Freezing layer 'model.4.m.1.cv1.bn.weight'
Freezing layer 'model.4.m.1.cv1.bn.bias'
Freezing layer 'model.4.m.1.cv2.conv.weight'
Freezing layer 'model.4.m.1.cv2.bn.weight'
Freezing layer 'model.4.m.1.cv2.bn.bias'
Freezing layer 'model.5.conv.weight'
Freezing layer 'model.5.bn.weight'
Freezing layer 'model.5.bn.bias'
Freezing layer 'model.6.cv1.conv.weight'
Freezing layer 'model.6.cv1.bn.weight'
Freezing layer 'model.6.cv1.bn.bias'
Freezing layer 'model.6.cv2.conv.weight'
Freezing layer 'model.6.cv2.bn.weight'
Freezing layer 'model.6.cv2.bn.bias'
Freezing layer 'model.6.m.0.mlp.0.conv.weight'
Freezing layer 'model.6.m.0.mlp.0.bn.weight'
Freezing layer 'model.6.m.0.mlp.0.bn.bias'
Freezing layer 'model.6.m.0.mlp.1.weight'
Freezing layer 'model.6.m.0.spatial_mixing.PConv3.weight'
Freezing layer 'model.6.m.0.attention.conv1.conv.weight'
Freezing layer 'model.6.m.0.attention.conv1.bn.weight'
Freezing layer 'model.6.m.0.attention.conv1.bn.bias'
Freezing layer 'model.6.m.0.attention.h_conv.conv.weight'
Freezing layer 'model.6.m.0.attention.h_conv.conv.bias'
Freezing layer 'model.6.m.0.attention.v_conv.conv.weight'
Freezing layer 'model.6.m.0.attention.v_conv.conv.bias'
Freezing layer 'model.6.m.0.attention.conv2.conv.weight'
Freezing layer 'model.6.m.0.attention.conv2.bn.weight'
Freezing layer 'model.6.m.0.attention.conv2.bn.bias'
Freezing layer 'model.6.m.1.mlp.0.conv.weight'
Freezing layer 'model.6.m.1.mlp.0.bn.weight'
Freezing layer 'model.6.m.1.mlp.0.bn.bias'
Freezing layer 'model.6.m.1.mlp.1.weight'
Freezing layer 'model.6.m.1.spatial_mixing.PConv3.weight'
Freezing layer 'model.6.m.1.attention.conv1.conv.weight'
Freezing layer 'model.6.m.1.attention.conv1.bn.weight'
Freezing layer 'model.6.m.1.attention.conv1.bn.bias'
Freezing layer 'model.6.m.1.attention.h_conv.conv.weight'
Freezing layer 'model.6.m.1.attention.h_conv.conv.bias'
Freezing layer 'model.6.m.1.attention.v_conv.conv.weight'
Freezing layer 'model.6.m.1.attention.v_conv.conv.bias'
Freezing layer 'model.6.m.1.attention.conv2.conv.weight'
Freezing layer 'model.6.m.1.attention.conv2.bn.weight'
Freezing layer 'model.6.m.1.attention.conv2.bn.bias'
Freezing layer 'model.7.conv.weight'
Freezing layer 'model.7.bn.weight'
Freezing layer 'model.7.bn.bias'
Freezing layer 'model.8.cv1.conv.weight'
Freezing layer 'model.8.cv1.bn.weight'
Freezing layer 'model.8.cv1.bn.bias'
Freezing layer 'model.8.cv2.conv.weight'
Freezing layer 'model.8.cv2.bn.weight'
Freezing layer 'model.8.cv2.bn.bias'
Freezing layer 'model.8.m.0.mlp.0.conv.weight'
Freezing layer 'model.8.m.0.mlp.0.bn.weight'
Freezing layer 'model.8.m.0.mlp.0.bn.bias'
Freezing layer 'model.8.m.0.mlp.1.weight'
Freezing layer 'model.8.m.0.spatial_mixing.PConv3.weight'
Freezing layer 'model.8.m.0.attention.conv1.conv.weight'
Freezing layer 'model.8.m.0.attention.conv1.bn.weight'
Freezing layer 'model.8.m.0.attention.conv1.bn.bias'
Freezing layer 'model.8.m.0.attention.h_conv.conv.weight'
Freezing layer 'model.8.m.0.attention.h_conv.conv.bias'
Freezing layer 'model.8.m.0.attention.v_conv.conv.weight'
Freezing layer 'model.8.m.0.attention.v_conv.conv.bias'
Freezing layer 'model.8.m.0.attention.conv2.conv.weight'
Freezing layer 'model.8.m.0.attention.conv2.bn.weight'
Freezing layer 'model.8.m.0.attention.conv2.bn.bias'
Freezing layer 'model.9.cv1.conv.weight'
Freezing layer 'model.9.cv1.bn.weight'
Freezing layer 'model.9.cv1.bn.bias'
Freezing layer 'model.9.cv2.conv.weight'
Freezing layer 'model.9.cv2.bn.weight'
Freezing layer 'model.9.cv2.bn.bias'
Freezing layer 'model.10.cv1.conv.weight'
Freezing layer 'model.10.cv1.bn.weight'
Freezing layer 'model.10.cv1.bn.bias'
Freezing layer 'model.10.cv2.conv.weight'
Freezing layer 'model.10.cv2.bn.weight'
Freezing layer 'model.10.cv2.bn.bias'
Freezing layer 'model.10.attn.qkv.conv.weight'
Freezing layer 'model.10.attn.qkv.bn.weight'
Freezing layer 'model.10.attn.qkv.bn.bias'
Freezing layer 'model.10.attn.proj.conv.weight'
Freezing layer 'model.10.attn.proj.bn.weight'
Freezing layer 'model.10.attn.proj.bn.bias'
Freezing layer 'model.10.attn.pe.conv.weight'
Freezing layer 'model.10.attn.pe.bn.weight'
Freezing layer 'model.10.attn.pe.bn.bias'
Freezing layer 'model.10.ffn.0.conv.weight'
Freezing layer 'model.10.ffn.0.bn.weight'
Freezing layer 'model.10.ffn.0.bn.bias'
Freezing layer 'model.10.ffn.1.conv.weight'
Freezing layer 'model.10.ffn.1.bn.weight'
Freezing layer 'model.10.ffn.1.bn.bias'
Freezing layer 'model.13.cv1.conv.weight'
Freezing layer 'model.13.cv1.bn.weight'
Freezing layer 'model.13.cv1.bn.bias'
Freezing layer 'model.13.cv2.conv.weight'
Freezing layer 'model.13.cv2.bn.weight'
Freezing layer 'model.13.cv2.bn.bias'
Freezing layer 'model.13.m.0.cv1.conv.weight'
Freezing layer 'model.13.m.0.cv1.bn.weight'
Freezing layer 'model.13.m.0.cv1.bn.bias'
Freezing layer 'model.13.m.0.cv2.conv.weight'
Freezing layer 'model.13.m.0.cv2.bn.weight'
Freezing layer 'model.13.m.0.cv2.bn.bias'
Freezing layer 'model.16.cv1.conv.weight'
Freezing layer 'model.16.cv1.bn.weight'
Freezing layer 'model.16.cv1.bn.bias'
Freezing layer 'model.16.cv2.conv.weight'
Freezing layer 'model.16.cv2.bn.weight'
Freezing layer 'model.16.cv2.bn.bias'
Freezing layer 'model.16.m.0.cv1.conv.weight'
Freezing layer 'model.16.m.0.cv1.bn.weight'
Freezing layer 'model.16.m.0.cv1.bn.bias'
Freezing layer 'model.16.m.0.cv2.conv.weight'
Freezing layer 'model.16.m.0.cv2.bn.weight'
Freezing layer 'model.16.m.0.cv2.bn.bias'
Freezing layer 'model.19.cv1.conv.base.weight'
Freezing layer 'model.19.cv1.bn.weight'
Freezing layer 'model.19.cv1.bn.bias'
Freezing layer 'model.19.cv2.conv.base.weight'
Freezing layer 'model.19.cv2.bn.weight'
Freezing layer 'model.19.cv2.bn.bias'
Freezing layer 'model.19.m.0.cv1.conv.base.weight'
Freezing layer 'model.19.m.0.cv1.bn.weight'
Freezing layer 'model.19.m.0.cv1.bn.bias'
Freezing layer 'model.19.m.0.cv2.conv.base.weight'
Freezing layer 'model.19.m.0.cv2.bn.weight'
Freezing layer 'model.19.m.0.cv2.bn.bias'
Freezing layer 'model.20.conv.weight'
Freezing layer 'model.20.bn.weight'
Freezing layer 'model.20.bn.bias'
Freezing layer 'model.22.cv1.conv.base.weight'
Freezing layer 'model.22.cv1.bn.weight'
Freezing layer 'model.22.cv1.bn.bias'
Freezing layer 'model.22.cv2.conv.base.weight'
Freezing layer 'model.22.cv2.bn.weight'
Freezing layer 'model.22.cv2.bn.bias'
Freezing layer 'model.22.m.0.cv1.conv.base.weight'
Freezing layer 'model.22.m.0.cv1.bn.weight'
Freezing layer 'model.22.m.0.cv1.bn.bias'
Freezing layer 'model.22.m.0.cv2.conv.base.weight'
Freezing layer 'model.22.m.0.cv2.bn.weight'
Freezing layer 'model.22.m.0.cv2.bn.bias'
Freezing layer 'model.23.conv.weight'
Freezing layer 'model.23.bn.weight'
Freezing layer 'model.23.bn.bias'
Freezing layer 'model.25.cv1.conv.base.weight'
Freezing layer 'model.25.cv1.bn.weight'
Freezing layer 'model.25.cv1.bn.bias'
Freezing layer 'model.25.cv2.conv.base.weight'
Freezing layer 'model.25.cv2.bn.weight'
Freezing layer 'model.25.cv2.bn.bias'
Freezing layer 'model.25.m.0.cv1.conv.base.weight'
Freezing layer 'model.25.m.0.cv1.bn.weight'
Freezing layer 'model.25.m.0.cv1.bn.bias'
Freezing layer 'model.25.m.0.cv2.conv.base.weight'
Freezing layer 'model.25.m.0.cv2.bn.weight'
Freezing layer 'model.25.m.0.cv2.bn.bias'
Freezing layer 'model.26.cv1.conv.weight'
Freezing layer 'model.26.cv1.bn.weight'
Freezing layer 'model.26.cv1.bn.bias'
Freezing layer 'model.26.cv2.conv.weight'
Freezing layer 'model.26.cv2.bn.weight'
Freezing layer 'model.26.cv2.bn.bias'
Freezing layer 'model.28.cv1.conv.weight'
Freezing layer 'model.28.cv1.bn.weight'
Freezing layer 'model.28.cv1.bn.bias'
Freezing layer 'model.28.cv2.conv.weight'
Freezing layer 'model.28.cv2.bn.weight'
Freezing layer 'model.28.cv2.bn.bias'
Freezing layer 'model.28.m.0.cv1.0.conv.weight'
Freezing layer 'model.28.m.0.cv1.0.bn.weight'
Freezing layer 'model.28.m.0.cv1.0.bn.bias'
Freezing layer 'model.28.m.0.cv1.1.conv.weight'
Freezing layer 'model.28.m.0.cv1.1.bn.weight'
Freezing layer 'model.28.m.0.cv1.1.bn.bias'
Freezing layer 'model.28.m.0.cv1.2.conv.conv.weight'
Freezing layer 'model.28.m.0.cv1.2.conv.bn.weight'
Freezing layer 'model.28.m.0.cv1.2.conv.bn.bias'
Freezing layer 'model.28.m.0.cv1.2.conv1.conv.weight'
Freezing layer 'model.28.m.0.cv1.2.conv1.bn.weight'
Freezing layer 'model.28.m.0.cv1.2.conv1.bn.bias'
Freezing layer 'model.28.m.0.cv1.3.conv.weight'
Freezing layer 'model.28.m.0.cv1.3.bn.weight'
Freezing layer 'model.28.m.0.cv1.3.bn.bias'
Freezing layer 'model.28.m.0.cv1.4.conv.weight'
Freezing layer 'model.28.m.0.cv1.4.bn.weight'
Freezing layer 'model.28.m.0.cv1.4.bn.bias'
Freezing layer 'model.29.dfl.conv.weight'
[34m[1mAMP: [0mrunning Automatic Mixed Precision (AMP) checks with YOLOv8n...
[34m[1mAMP: [0mchecks passed ✅
Plotting labels to /home/ddwilde/scriptie/runs/dota_lora_replay/stage1-lora-replay/labels.jpg... 
[34m[1moptimizer:[0m 'optimizer=auto' found, ignoring 'lr0=0.01' and 'momentum=0.937' and determining best 'optimizer', 'lr0' and 'momentum' automatically... 
[34m[1moptimizer:[0m AdamW(lr=0.001667, momentum=0.9) with parameter groups 48 weight(decay=0.0), 104 weight(decay=0.0005), 64 bias(decay=0.0)
Trainable params: 216 tensors (1548176 weights). Top trainable=[('model.29.cv2.3.0.conv.weight', 294912), ('model.29.one2one_cv2.3.0.conv.weight', 294912), ('model.29.cv2.2.0.conv.weight', 147456), ('model.29.one2one_cv2.2.0.conv.weight', 147456), ('model.29.cv2.1.0.conv.weight', 73728), ('model.29.one2one_cv2.1.0.conv.weight', 73728), ('model.29.cv2.0.0.conv.weight', 36864), ('model.29.cv2.0.1.conv.weight', 36864), ('model.29.cv2.1.1.conv.weight', 36864), ('model.29.cv2.2.1.conv.weight', 36864), ('model.29.cv2.3.1.conv.weight', 36864), ('model.29.one2one_cv2.0.0.conv.weight', 36864), ('model.29.one2one_cv2.0.1.conv.weight', 36864), ('model.29.one2one_cv2.1.1.conv.weight', 36864), ('model.29.one2one_cv2.2.1.conv.weight', 36864), ('model.29.one2one_cv2.3.1.conv.weight', 36864), ('model.25.m.0.cv1.conv.lora_A.weight', 9216), ('model.25.m.0.cv2.conv.lora_A.weight', 9216), ('model.22.m.0.cv1.conv.lora_A.weight', 4608), ('model.22.m.0.cv2.conv.lora_A.weight', 4608)]
Limiting positives to classes (0, 1)
Limiting positives to classes (0, 1)
Skipping fusion for LoRA-wrapped layer Conv
Skipping fusion for LoRA-wrapped layer Conv
Skipping fusion for LoRA-wrapped layer Conv
Skipping fusion for LoRA-wrapped layer Conv
Skipping fusion for LoRA-wrapped layer Conv
Skipping fusion for LoRA-wrapped layer Conv
Skipping fusion for LoRA-wrapped layer Conv
Skipping fusion for LoRA-wrapped layer Conv
Skipping fusion for LoRA-wrapped layer Conv
Skipping fusion for LoRA-wrapped layer Conv
Skipping fusion for LoRA-wrapped layer Conv
Skipping fusion for LoRA-wrapped layer Conv
Skipping fusion for LoRA-wrapped layer Conv
Skipping fusion for LoRA-wrapped layer Conv
Skipping fusion for LoRA-wrapped layer Conv
Skipping fusion for LoRA-wrapped layer Conv
Skipping fusion for LoRA-wrapped layer Conv
Skipping fusion for LoRA-wrapped layer Conv
Skipping fusion for LoRA-wrapped layer Conv
Skipping fusion for LoRA-wrapped layer Conv
Skipping fusion for LoRA-wrapped layer Conv
Skipping fusion for LoRA-wrapped layer Conv
Skipping fusion for LoRA-wrapped layer Conv
Skipping fusion for LoRA-wrapped layer Conv
Skipping fusion for LoRA-wrapped layer Conv
Skipping fusion for LoRA-wrapped layer Conv
Skipping fusion for LoRA-wrapped layer Conv
Skipping fusion for LoRA-wrapped layer Conv
[34m[1mTensorBoard: [0mmodel graph visualization added ✅
Image sizes 640 train, 640 val
Using 8 dataloader workers
Logging results to [1m/home/ddwilde/scriptie/runs/dota_lora_replay/stage1-lora-replay[0m
Starting training for 50 epochs...

      Epoch    GPU_mem   box_loss   cls_loss   dfl_lossreplay_loss  Instances       Size
Replay tap positives before filter=847 after=847
Replay tap positives before filter=1504 after=1504
Replay tap positives before filter=3682 after=3682
Replay tap positives before filter=916 after=916
Replay tap positives before filter=2602 after=2602
Replay tap positives before filter=1172 after=1172
Replay tap positives before filter=1809 after=1809
Replay tap positives before filter=3862 after=3862
Replay tap positives before filter=462 after=462
Replay tap positives before filter=767 after=767
Replay tap positives before filter=2971 after=2971
Replay tap positives before filter=1097 after=1097
Replay tap positives before filter=1656 after=1656
Replay tap positives before filter=2521 after=2521
Replay tap positives before filter=1331 after=1331
Replay tap positives before filter=7503 after=7503
Replay tap positives before filter=1464 after=1464
Replay tap positives before filter=3137 after=3137
Replay tap positives before filter=4487 after=4487
Replay tap positives before filter=1133 after=1133
Replay tap positives before filter=594 after=594
Replay tap positives before filter=2691 after=2691
Replay tap positives before filter=1322 after=1322
Replay tap positives before filter=2453 after=2453
Replay tap positives before filter=308 after=308
Replay tap positives before filter=858 after=858
Replay tap positives before filter=1041 after=1041
Replay tap positives before filter=1996 after=1996
Replay tap positives before filter=5367 after=5367
Replay tap positives before filter=1681 after=1681
Replay tap positives before filter=1362 after=1362
Replay tap positives before filter=2370 after=2370
Replay tap positives before filter=2603 after=2603
Replay tap positives before filter=2716 after=2716
Replay tap positives before filter=3447 after=3447
Replay tap positives before filter=1293 after=1293
Replay tap positives before filter=2716 after=2716
Replay tap positives before filter=1147 after=1147
Replay tap positives before filter=2733 after=2733
Replay tap positives before filter=2685 after=2685
Replay tap positives before filter=1613 after=1613
Replay tap positives before filter=2266 after=2266
Replay tap positives before filter=1712 after=1712
Replay tap positives before filter=1766 after=1766
Replay tap positives before filter=2410 after=2410
Replay tap positives before filter=1205 after=1205
Replay tap positives before filter=2201 after=2201
Replay tap positives before filter=3540 after=3540
Replay tap positives before filter=1953 after=1953
Replay tap positives before filter=1252 after=1252
Replay tap positives before filter=4173 after=4173
Replay tap positives before filter=1536 after=1536
Replay tap positives before filter=2379 after=2379
Replay tap positives before filter=3155 after=3155
Replay tap positives before filter=3740 after=3740
Replay tap positives before filter=3180 after=3180
Replay tap positives before filter=2052 after=2052
Replay tap positives before filter=922 after=922
Replay tap positives before filter=2882 after=2882
Replay tap positives before filter=952 after=952
Replay tap positives before filter=3459 after=3459
Replay tap positives before filter=2008 after=2008
Replay tap positives before filter=4076 after=4076
Replay tap positives before filter=5400 after=5400
Replay tap positives before filter=2356 after=2356
Replay tap positives before filter=3093 after=3093
Replay tap positives before filter=2978 after=2978
Replay tap positives before filter=3677 after=3677
Replay tap positives before filter=3594 after=3594
Replay tap positives before filter=216 after=216
Replay tap positives before filter=1826 after=1826
Replay tap positives before filter=3338 after=3338
Replay tap positives before filter=1341 after=1341
Replay tap positives before filter=911 after=911
Replay tap positives before filter=3034 after=3034
Replay tap positives before filter=1190 after=1190
Replay tap positives before filter=1715 after=1715
Replay tap positives before filter=3511 after=3511
Replay tap positives before filter=1918 after=1918
Replay tap positives before filter=3225 after=3225
Replay tap positives before filter=1327 after=1327
Replay tap positives before filter=3270 after=3270
Replay tap positives before filter=5427 after=5427
Replay tap positives before filter=926 after=926
Replay tap positives before filter=826 after=826
Replay tap positives before filter=2176 after=2176
Replay tap positives before filter=1909 after=1909
Replay tap positives before filter=2261 after=2261
Replay tap positives before filter=3463 after=3463
Replay tap positives before filter=2765 after=2765
Replay tap positives before filter=1386 after=1386
Replay tap positives before filter=2515 after=2515
Replay tap positives before filter=2863 after=2863
Replay tap positives before filter=1835 after=1835
Replay tap positives before filter=2211 after=2211
Replay tap positives before filter=3112 after=3112
Replay tap positives before filter=976 after=976
Replay tap positives before filter=1549 after=1549
Replay tap positives before filter=2001 after=2001
Replay tap positives before filter=2022 after=2022
Replay tap positives before filter=1681 after=1681
Replay tap positives before filter=2987 after=2987
Replay tap positives before filter=2597 after=2597
Replay tap positives before filter=2411 after=2411
Replay tap positives before filter=3240 after=3240
Replay tap positives before filter=3438 after=3438
Replay tap positives before filter=4656 after=4656
Replay tap positives before filter=2249 after=2249
Replay tap positives before filter=2568 after=2568
Replay tap positives before filter=586 after=586
Replay tap positives before filter=1910 after=1910
Replay tap positives before filter=1194 after=1194
Replay tap positives before filter=6068 after=6068
Replay tap positives before filter=1309 after=1309
Replay tap positives before filter=3331 after=3331
Replay tap positives before filter=976 after=976
Replay tap positives before filter=2925 after=2925
Replay tap positives before filter=1365 after=1365
Replay tap positives before filter=1449 after=1449
Replay tap positives before filter=2801 after=2801
Replay tap positives before filter=1488 after=1488
Replay tap positives before filter=1144 after=1144
Replay tap positives before filter=4807 after=4807
Replay tap positives before filter=4047 after=4047
Replay tap positives before filter=1928 after=1928
Replay tap positives before filter=1801 after=1801
Replay tap positives before filter=1568 after=1568
Replay tap positives before filter=1707 after=1707
Replay tap positives before filter=2255 after=2255
Replay tap positives before filter=2405 after=2405
Replay tap positives before filter=736 after=736
Replay tap positives before filter=404 after=404
Limiting positives to classes (0, 1)
Limiting positives to classes (0, 1)
No positive cells found.
No positive cells found.
                   all        186       8357      0.479     0.0727     0.0997     0.0425
Saved 768 replay embeddings to /home/ddwilde/scriptie/runs/dota_lora_replay/stage1-lora-replay/replay/buffer.pt

      Epoch    GPU_mem   box_loss   cls_loss   dfl_lossreplay_loss  Instances       Size
Replay tap positives before filter=1929 after=1929
Replay tap positives before filter=1448 after=1448
Replay tap positives before filter=1607 after=1607
Replay tap positives before filter=3704 after=3704
Replay tap positives before filter=1773 after=1773
Replay tap positives before filter=3087 after=3087
Replay tap positives before filter=4538 after=4538
Replay tap positives before filter=3736 after=3736
Replay tap positives before filter=1353 after=1353
Replay tap positives before filter=2652 after=2652
Replay tap positives before filter=2391 after=2391
Replay tap positives before filter=4893 after=4893
Replay tap positives before filter=2421 after=2421
Replay tap positives before filter=2804 after=2804
Replay tap positives before filter=6442 after=6442
Replay tap positives before filter=2480 after=2480
Replay tap positives before filter=1490 after=1490
Replay tap positives before filter=830 after=830
Replay tap positives before filter=1292 after=1292
Replay tap positives before filter=4612 after=4612
Replay tap positives before filter=2489 after=2489
Replay tap positives before filter=3893 after=3893
Replay tap positives before filter=2307 after=2307
Replay tap positives before filter=1928 after=1928
Replay tap positives before filter=996 after=996
Replay tap positives before filter=823 after=823
Replay tap positives before filter=968 after=968
Replay tap positives before filter=1011 after=1011
Replay tap positives before filter=1761 after=1761
Replay tap positives before filter=1462 after=1462
Replay tap positives before filter=4629 after=4629
Replay tap positives before filter=5261 after=5261
Replay tap positives before filter=2018 after=2018
Replay tap positives before filter=2334 after=2334
Replay tap positives before filter=3817 after=3817
Replay tap positives before filter=3861 after=3861
Replay tap positives before filter=3598 after=3598
Replay tap positives before filter=3645 after=3645
Replay tap positives before filter=1640 after=1640
Replay tap positives before filter=3180 after=3180
Replay tap positives before filter=1855 after=1855
Replay tap positives before filter=731 after=731
Replay tap positives before filter=5160 after=5160
Replay tap positives before filter=977 after=977
Replay tap positives before filter=2828 after=2828
Replay tap positives before filter=3805 after=3805
Replay tap positives before filter=2716 after=2716
Replay tap positives before filter=3796 after=3796
Replay tap positives before filter=1884 after=1884
Replay tap positives before filter=1113 after=1113
Replay tap positives before filter=1823 after=1823
Replay tap positives before filter=2595 after=2595
Replay tap positives before filter=2077 after=2077
Replay tap positives before filter=2969 after=2969
Replay tap positives before filter=2710 after=2710
Replay tap positives before filter=3261 after=3261
Replay tap positives before filter=2317 after=2317
Replay tap positives before filter=2176 after=2176
Replay tap positives before filter=4174 after=4174
Replay tap positives before filter=1519 after=1519
Replay tap positives before filter=1206 after=1206
Replay tap positives before filter=2186 after=2186
Replay tap positives before filter=1008 after=1008
Replay tap positives before filter=2191 after=2191
Replay tap positives before filter=1415 after=1415
Replay tap positives before filter=1600 after=1600
Replay tap positives before filter=3423 after=3423
Replay tap positives before filter=1521 after=1521
Replay tap positives before filter=1082 after=1082
Replay tap positives before filter=5046 after=5046
Replay tap positives before filter=4230 after=4230
Replay tap positives before filter=2412 after=2412
Replay tap positives before filter=806 after=806
Replay tap positives before filter=2145 after=2145
Replay tap positives before filter=3172 after=3172
Replay tap positives before filter=2386 after=2386
Replay tap positives before filter=4065 after=4065
Replay tap positives before filter=956 after=956
Replay tap positives before filter=2376 after=2376
Replay tap positives before filter=1664 after=1664
Replay tap positives before filter=332 after=332
Replay tap positives before filter=4000 after=4000
Replay tap positives before filter=3027 after=3027
Replay tap positives before filter=1991 after=1991
Replay tap positives before filter=2006 after=2006
Replay tap positives before filter=1079 after=1079
Replay tap positives before filter=1630 after=1630
Replay tap positives before filter=1569 after=1569
Replay tap positives before filter=985 after=985
Replay tap positives before filter=2288 after=2288
Replay tap positives before filter=4106 after=4106
Replay tap positives before filter=746 after=746
Replay tap positives before filter=3908 after=3908
Replay tap positives before filter=1784 after=1784
Replay tap positives before filter=3041 after=3041
Replay tap positives before filter=1953 after=1953
Replay tap positives before filter=1950 after=1950
Replay tap positives before filter=1042 after=1042
Replay tap positives before filter=5612 after=5612
Replay tap positives before filter=3402 after=3402
Replay tap positives before filter=1241 after=1241
Replay tap positives before filter=1351 after=1351
Replay tap positives before filter=875 after=875
Replay tap positives before filter=2359 after=2359
Replay tap positives before filter=2953 after=2953
Replay tap positives before filter=1873 after=1873
Replay tap positives before filter=4074 after=4074
Replay tap positives before filter=3172 after=3172
Replay tap positives before filter=2150 after=2150
Replay tap positives before filter=1557 after=1557
Replay tap positives before filter=2367 after=2367
Replay tap positives before filter=3921 after=3921
Replay tap positives before filter=935 after=935
Replay tap positives before filter=3400 after=3400
Replay tap positives before filter=2491 after=2491
Replay tap positives before filter=2898 after=2898
Replay tap positives before filter=2521 after=2521
Replay tap positives before filter=1997 after=1997
Replay tap positives before filter=4787 after=4787
Replay tap positives before filter=5593 after=5593
Replay tap positives before filter=3257 after=3257
Replay tap positives before filter=3467 after=3467
Replay tap positives before filter=3104 after=3104
Replay tap positives before filter=1554 after=1554
Replay tap positives before filter=2062 after=2062
Replay tap positives before filter=4287 after=4287
Replay tap positives before filter=4180 after=4180
Replay tap positives before filter=783 after=783
Replay tap positives before filter=1913 after=1913
Replay tap positives before filter=4042 after=4042
Replay tap positives before filter=1853 after=1853
Replay tap positives before filter=981 after=981
No positive cells found.
No positive cells found.
                   all        186       8357      0.383      0.325      0.238       0.11
Saved 768 replay embeddings to /home/ddwilde/scriptie/runs/dota_lora_replay/stage1-lora-replay/replay/buffer.pt

      Epoch    GPU_mem   box_loss   cls_loss   dfl_lossreplay_loss  Instances       Size
Replay tap positives before filter=1583 after=1583
Replay tap positives before filter=1651 after=1651
Replay tap positives before filter=7052 after=7052
Replay tap positives before filter=1432 after=1432
Replay tap positives before filter=2551 after=2551
Replay tap positives before filter=1895 after=1895
Replay tap positives before filter=2245 after=2245
Replay tap positives before filter=923 after=923
Replay tap positives before filter=4021 after=4021
Replay tap positives before filter=1479 after=1479
Replay tap positives before filter=1294 after=1294
Replay tap positives before filter=1516 after=1516
Replay tap positives before filter=5890 after=5890
Replay tap positives before filter=1052 after=1052
Replay tap positives before filter=1661 after=1661
Replay tap positives before filter=791 after=791
Replay tap positives before filter=2666 after=2666
Replay tap positives before filter=3643 after=3643
Replay tap positives before filter=5013 after=5013
Replay tap positives before filter=3568 after=3568
Replay tap positives before filter=2288 after=2288
Replay tap positives before filter=1078 after=1078
Replay tap positives before filter=3792 after=3792
Replay tap positives before filter=2584 after=2584
Replay tap positives before filter=3003 after=3003
Replay tap positives before filter=3802 after=3802
Replay tap positives before filter=4197 after=4197
Replay tap positives before filter=912 after=912
Replay tap positives before filter=1621 after=1621
Replay tap positives before filter=1706 after=1706
Replay tap positives before filter=2658 after=2658
Replay tap positives before filter=1976 after=1976
Replay tap positives before filter=2074 after=2074
Replay tap positives before filter=2465 after=2465
Replay tap positives before filter=3823 after=3823
Replay tap positives before filter=1272 after=1272
Replay tap positives before filter=2991 after=2991
Replay tap positives before filter=2225 after=2225
Replay tap positives before filter=2576 after=2576
Replay tap positives before filter=4444 after=4444
Replay tap positives before filter=3413 after=3413
Replay tap positives before filter=2513 after=2513
Replay tap positives before filter=3349 after=3349
Replay tap positives before filter=2092 after=2092
Replay tap positives before filter=1824 after=1824
Replay tap positives before filter=1110 after=1110
Replay tap positives before filter=2422 after=2422
Replay tap positives before filter=1286 after=1286
Replay tap positives before filter=3964 after=3964
Replay tap positives before filter=1807 after=1807
Replay tap positives before filter=969 after=969
Replay tap positives before filter=602 after=602
Replay tap positives before filter=5070 after=5070
Replay tap positives before filter=2249 after=2249
Replay tap positives before filter=6385 after=6385
Replay tap positives before filter=940 after=940
Replay tap positives before filter=1931 after=1931
Replay tap positives before filter=3114 after=3114
Replay tap positives before filter=1085 after=1085
Replay tap positives before filter=3431 after=3431
Replay tap positives before filter=999 after=999
Replay tap positives before filter=2427 after=2427
Replay tap positives before filter=2055 after=2055
Replay tap positives before filter=2803 after=2803
Replay tap positives before filter=3148 after=3148
Replay tap positives before filter=2672 after=2672
Replay tap positives before filter=2325 after=2325
Replay tap positives before filter=2583 after=2583
Replay tap positives before filter=4329 after=4329
Replay tap positives before filter=1472 after=1472
Replay tap positives before filter=1716 after=1716
Replay tap positives before filter=2001 after=2001
Replay tap positives before filter=4366 after=4366
Replay tap positives before filter=4514 after=4514
Replay tap positives before filter=3666 after=3666
Replay tap positives before filter=1454 after=1454
Replay tap positives before filter=2236 after=2236
Replay tap positives before filter=1956 after=1956
Replay tap positives before filter=1735 after=1735
Replay tap positives before filter=4061 after=4061
Replay tap positives before filter=3604 after=3604
Replay tap positives before filter=1225 after=1225
Replay tap positives before filter=6029 after=6029
Replay tap positives before filter=1206 after=1206
Replay tap positives before filter=3729 after=3729
Replay tap positives before filter=3251 after=3251
Replay tap positives before filter=1145 after=1145
Replay tap positives before filter=1618 after=1618
Replay tap positives before filter=2209 after=2209
Replay tap positives before filter=3176 after=3176
Replay tap positives before filter=2355 after=2355
Replay tap positives before filter=2167 after=2167
Replay tap positives before filter=3738 after=3738
Replay tap positives before filter=2970 after=2970
Replay tap positives before filter=2289 after=2289
Replay tap positives before filter=984 after=984
Replay tap positives before filter=2196 after=2196
Replay tap positives before filter=1793 after=1793
Replay tap positives before filter=2894 after=2894
Replay tap positives before filter=1882 after=1882
Replay tap positives before filter=3469 after=3469
Replay tap positives before filter=5378 after=5378
Replay tap positives before filter=1863 after=1863
Replay tap positives before filter=2225 after=2225
Replay tap positives before filter=5942 after=5942
Replay tap positives before filter=1677 after=1677
Replay tap positives before filter=4840 after=4840
Replay tap positives before filter=808 after=808
Replay tap positives before filter=1339 after=1339
Replay tap positives before filter=3063 after=3063
Replay tap positives before filter=1248 after=1248
Replay tap positives before filter=644 after=644
Replay tap positives before filter=1664 after=1664
Replay tap positives before filter=1783 after=1783
Replay tap positives before filter=4520 after=4520
Replay tap positives before filter=1538 after=1538
Replay tap positives before filter=4230 after=4230
Replay tap positives before filter=5511 after=5511
Replay tap positives before filter=1274 after=1274
Replay tap positives before filter=2916 after=2916
Replay tap positives before filter=1710 after=1710
Replay tap positives before filter=4635 after=4635
Replay tap positives before filter=2026 after=2026
Replay tap positives before filter=1718 after=1718
Replay tap positives before filter=2121 after=2121
Replay tap positives before filter=2740 after=2740
Replay tap positives before filter=3441 after=3441
Replay tap positives before filter=1594 after=1594
Replay tap positives before filter=1494 after=1494
Replay tap positives before filter=3600 after=3600
Replay tap positives before filter=4481 after=4481
Replay tap positives before filter=1633 after=1633
No positive cells found.
No positive cells found.
                   all        186       8357      0.352      0.367       0.24      0.123
Saved 768 replay embeddings to /home/ddwilde/scriptie/runs/dota_lora_replay/stage1-lora-replay/replay/buffer.pt

      Epoch    GPU_mem   box_loss   cls_loss   dfl_lossreplay_loss  Instances       Size
Replay tap positives before filter=1021 after=1021
Replay tap positives before filter=1516 after=1516
Replay tap positives before filter=701 after=701
Replay tap positives before filter=3657 after=3657
Replay tap positives before filter=4185 after=4185
Replay tap positives before filter=4896 after=4896
Replay tap positives before filter=3051 after=3051
Replay tap positives before filter=1058 after=1058
Replay tap positives before filter=2723 after=2723
Replay tap positives before filter=2852 after=2852
Replay tap positives before filter=1973 after=1973
Replay tap positives before filter=1650 after=1650
Replay tap positives before filter=853 after=853
Replay tap positives before filter=1605 after=1605
Replay tap positives before filter=2891 after=2891
Replay tap positives before filter=273 after=273
Replay tap positives before filter=749 after=749
Replay tap positives before filter=1415 after=1415
Replay tap positives before filter=2119 after=2119
Replay tap positives before filter=2522 after=2522
Replay tap positives before filter=1472 after=1472
Replay tap positives before filter=5127 after=5127
Replay tap positives before filter=4074 after=4074
Replay tap positives before filter=1629 after=1629
Replay tap positives before filter=2358 after=2358
Replay tap positives before filter=2051 after=2051
Replay tap positives before filter=3056 after=3056
Replay tap positives before filter=2089 after=2089
Replay tap positives before filter=3637 after=3637
Replay tap positives before filter=3381 after=3381
Replay tap positives before filter=2501 after=2501
Replay tap positives before filter=2735 after=2735
Replay tap positives before filter=1098 after=1098
Replay tap positives before filter=2002 after=2002
Replay tap positives before filter=947 after=947
Replay tap positives before filter=2614 after=2614
Replay tap positives before filter=1415 after=1415
Replay tap positives before filter=2077 after=2077
Replay tap positives before filter=3671 after=3671
Replay tap positives before filter=1840 after=1840
Replay tap positives before filter=2734 after=2734
Replay tap positives before filter=1614 after=1614
Replay tap positives before filter=1694 after=1694
Replay tap positives before filter=2512 after=2512
Replay tap positives before filter=2418 after=2418
Replay tap positives before filter=3339 after=3339
Replay tap positives before filter=2676 after=2676
Replay tap positives before filter=2082 after=2082
Replay tap positives before filter=3417 after=3417
Replay tap positives before filter=1514 after=1514
Replay tap positives before filter=2510 after=2510
Replay tap positives before filter=3707 after=3707
Replay tap positives before filter=1975 after=1975
Replay tap positives before filter=4288 after=4288
Replay tap positives before filter=1097 after=1097
Replay tap positives before filter=889 after=889
Replay tap positives before filter=1856 after=1856
Replay tap positives before filter=2909 after=2909
Replay tap positives before filter=1450 after=1450
Replay tap positives before filter=3488 after=3488
Replay tap positives before filter=3680 after=3680
Replay tap positives before filter=605 after=605
Replay tap positives before filter=3680 after=3680
Replay tap positives before filter=831 after=831
Replay tap positives before filter=2892 after=2892
Replay tap positives before filter=1867 after=1867
Replay tap positives before filter=1069 after=1069
Replay tap positives before filter=3130 after=3130
Replay tap positives before filter=3950 after=3950
Replay tap positives before filter=512 after=512
Replay tap positives before filter=3803 after=3803
Replay tap positives before filter=1174 after=1174
Replay tap positives before filter=3602 after=3602
Replay tap positives before filter=2170 after=2170
Replay tap positives before filter=262 after=262
Replay tap positives before filter=4782 after=4782
Replay tap positives before filter=3032 after=3032
Replay tap positives before filter=1603 after=1603
Replay tap positives before filter=3220 after=3220
Replay tap positives before filter=3917 after=3917
Replay tap positives before filter=950 after=950
Replay tap positives before filter=2874 after=2874
Replay tap positives before filter=3826 after=3826
Replay tap positives before filter=2751 after=2751
Replay tap positives before filter=2851 after=2851
Replay tap positives before filter=703 after=703
Replay tap positives before filter=2179 after=2179
Replay tap positives before filter=2905 after=2905
Replay tap positives before filter=3218 after=3218
Replay tap positives before filter=2375 after=2375
Replay tap positives before filter=2783 after=2783
Replay tap positives before filter=3858 after=3858
Replay tap positives before filter=2032 after=2032
Replay tap positives before filter=608 after=608
Replay tap positives before filter=5876 after=5876
Replay tap positives before filter=4104 after=4104
Replay tap positives before filter=5735 after=5735
Replay tap positives before filter=3555 after=3555
Replay tap positives before filter=4135 after=4135
Replay tap positives before filter=3000 after=3000
Replay tap positives before filter=1374 after=1374
Replay tap positives before filter=1636 after=1636
Replay tap positives before filter=5444 after=5444
Replay tap positives before filter=2850 after=2850
Replay tap positives before filter=2965 after=2965
Replay tap positives before filter=2475 after=2475
Replay tap positives before filter=3358 after=3358
Replay tap positives before filter=5029 after=5029
Replay tap positives before filter=3364 after=3364
Replay tap positives before filter=1123 after=1123
Replay tap positives before filter=2209 after=2209
Replay tap positives before filter=1588 after=1588
Replay tap positives before filter=3207 after=3207
Replay tap positives before filter=988 after=988
Replay tap positives before filter=837 after=837
Replay tap positives before filter=1992 after=1992
Replay tap positives before filter=1015 after=1015
Replay tap positives before filter=2511 after=2511
Replay tap positives before filter=1938 after=1938
Replay tap positives before filter=1854 after=1854
Replay tap positives before filter=3741 after=3741
Replay tap positives before filter=5093 after=5093
Replay tap positives before filter=4546 after=4546
Replay tap positives before filter=3985 after=3985
Replay tap positives before filter=833 after=833
Replay tap positives before filter=4980 after=4980
Replay tap positives before filter=3054 after=3054
Replay tap positives before filter=1208 after=1208
Replay tap positives before filter=3153 after=3153
Replay tap positives before filter=1958 after=1958
Replay tap positives before filter=2130 after=2130
Replay tap positives before filter=1749 after=1749
No positive cells found.
No positive cells found.
                   all        186       8357      0.449      0.382       0.33      0.177
Saved 768 replay embeddings to /home/ddwilde/scriptie/runs/dota_lora_replay/stage1-lora-replay/replay/buffer.pt

      Epoch    GPU_mem   box_loss   cls_loss   dfl_lossreplay_loss  Instances       Size
Replay tap positives before filter=1345 after=1345
Replay tap positives before filter=3622 after=3622
Replay tap positives before filter=3166 after=3166
Replay tap positives before filter=1881 after=1881
Replay tap positives before filter=3522 after=3522
Replay tap positives before filter=4239 after=4239
Replay tap positives before filter=3083 after=3083
Replay tap positives before filter=1034 after=1034
Replay tap positives before filter=2190 after=2190
Replay tap positives before filter=3843 after=3843
Replay tap positives before filter=2436 after=2436
Replay tap positives before filter=1711 after=1711
Replay tap positives before filter=3688 after=3688
Replay tap positives before filter=851 after=851
Replay tap positives before filter=1826 after=1826
Replay tap positives before filter=2944 after=2944
Replay tap positives before filter=2767 after=2767
Replay tap positives before filter=1968 after=1968
Replay tap positives before filter=2925 after=2925
Replay tap positives before filter=2912 after=2912
Replay tap positives before filter=4885 after=4885
Replay tap positives before filter=430 after=430
Replay tap positives before filter=2535 after=2535
Replay tap positives before filter=1696 after=1696
Replay tap positives before filter=1835 after=1835
Replay tap positives before filter=3844 after=3844
Replay tap positives before filter=2096 after=2096
Replay tap positives before filter=3841 after=3841
Replay tap positives before filter=3210 after=3210
Replay tap positives before filter=1749 after=1749
Replay tap positives before filter=1559 after=1559
Replay tap positives before filter=1424 after=1424
Replay tap positives before filter=2383 after=2383
Replay tap positives before filter=1975 after=1975
Replay tap positives before filter=2362 after=2362
Replay tap positives before filter=1099 after=1099
Replay tap positives before filter=1659 after=1659
Replay tap positives before filter=971 after=971
Replay tap positives before filter=2573 after=2573
Replay tap positives before filter=1609 after=1609
Replay tap positives before filter=2328 after=2328
Replay tap positives before filter=2236 after=2236
Replay tap positives before filter=976 after=976
Replay tap positives before filter=1688 after=1688
Replay tap positives before filter=1655 after=1655
Replay tap positives before filter=952 after=952
Replay tap positives before filter=3283 after=3283
Replay tap positives before filter=1413 after=1413
Replay tap positives before filter=2604 after=2604
Replay tap positives before filter=719 after=719
Replay tap positives before filter=1136 after=1136
Replay tap positives before filter=1589 after=1589
Replay tap positives before filter=4138 after=4138
Replay tap positives before filter=1595 after=1595
Replay tap positives before filter=2150 after=2150
Replay tap positives before filter=2204 after=2204
Replay tap positives before filter=6314 after=6314
Replay tap positives before filter=763 after=763
Replay tap positives before filter=1745 after=1745
Replay tap positives before filter=4369 after=4369
Replay tap positives before filter=1816 after=1816
Replay tap positives before filter=594 after=594
Replay tap positives before filter=3164 after=3164
Replay tap positives before filter=2823 after=2823
Replay tap positives before filter=3732 after=3732
Replay tap positives before filter=2644 after=2644
Replay tap positives before filter=1863 after=1863
Replay tap positives before filter=818 after=818
Replay tap positives before filter=3755 after=3755
Replay tap positives before filter=1296 after=1296
Replay tap positives before filter=2157 after=2157
Replay tap positives before filter=1326 after=1326
Replay tap positives before filter=4781 after=4781
Replay tap positives before filter=3483 after=3483
Replay tap positives before filter=2240 after=2240
Replay tap positives before filter=4327 after=4327
Replay tap positives before filter=3988 after=3988
Replay tap positives before filter=2882 after=2882
Replay tap positives before filter=3501 after=3501
Replay tap positives before filter=1972 after=1972
Replay tap positives before filter=3797 after=3797
Replay tap positives before filter=1352 after=1352
Replay tap positives before filter=2228 after=2228
Replay tap positives before filter=1235 after=1235
Replay tap positives before filter=1101 after=1101
Replay tap positives before filter=914 after=914
Replay tap positives before filter=4535 after=4535
Replay tap positives before filter=1472 after=1472
Replay tap positives before filter=2566 after=2566
Replay tap positives before filter=2131 after=2131
Replay tap positives before filter=2645 after=2645
Replay tap positives before filter=1588 after=1588
Replay tap positives before filter=4299 after=4299
Replay tap positives before filter=3118 after=3118
Replay tap positives before filter=1161 after=1161
Replay tap positives before filter=1321 after=1321
Replay tap positives before filter=3691 after=3691
Replay tap positives before filter=2874 after=2874
Replay tap positives before filter=4658 after=4658
Replay tap positives before filter=3337 after=3337
Replay tap positives before filter=2762 after=2762
Replay tap positives before filter=1809 after=1809
Replay tap positives before filter=1921 after=1921
Replay tap positives before filter=2104 after=2104
Replay tap positives before filter=3312 after=3312
Replay tap positives before filter=2216 after=2216
Replay tap positives before filter=3785 after=3785
Replay tap positives before filter=2112 after=2112
Replay tap positives before filter=902 after=902
Replay tap positives before filter=4176 after=4176
Replay tap positives before filter=1445 after=1445
Replay tap positives before filter=1854 after=1854
Replay tap positives before filter=3623 after=3623
Replay tap positives before filter=3079 after=3079
Replay tap positives before filter=1994 after=1994
Replay tap positives before filter=4580 after=4580
Replay tap positives before filter=1741 after=1741
Replay tap positives before filter=3487 after=3487
Replay tap positives before filter=1110 after=1110
Replay tap positives before filter=2665 after=2665
Replay tap positives before filter=3896 after=3896
Replay tap positives before filter=2613 after=2613
Replay tap positives before filter=1502 after=1502
Replay tap positives before filter=1925 after=1925
Replay tap positives before filter=1327 after=1327
Replay tap positives before filter=3579 after=3579
Replay tap positives before filter=1702 after=1702
Replay tap positives before filter=2668 after=2668
Replay tap positives before filter=834 after=834
Replay tap positives before filter=5793 after=5793
Replay tap positives before filter=3961 after=3961
Replay tap positives before filter=1309 after=1309
No positive cells found.
No positive cells found.
                   all        186       8357      0.465      0.404      0.345      0.188
Saved 768 replay embeddings to /home/ddwilde/scriptie/runs/dota_lora_replay/stage1-lora-replay/replay/buffer.pt

      Epoch    GPU_mem   box_loss   cls_loss   dfl_lossreplay_loss  Instances       Size
Replay tap positives before filter=2131 after=2131
Replay tap positives before filter=4889 after=4889
Replay tap positives before filter=3478 after=3478
Replay tap positives before filter=1830 after=1830
Replay tap positives before filter=769 after=769
Replay tap positives before filter=2740 after=2740
Replay tap positives before filter=2448 after=2448
Replay tap positives before filter=3156 after=3156
Replay tap positives before filter=1599 after=1599
Replay tap positives before filter=3564 after=3564
Replay tap positives before filter=2167 after=2167
Replay tap positives before filter=2993 after=2993
Replay tap positives before filter=1966 after=1966
Replay tap positives before filter=2492 after=2492
Replay tap positives before filter=1111 after=1111
Replay tap positives before filter=2565 after=2565
Replay tap positives before filter=1025 after=1025
Replay tap positives before filter=2200 after=2200
Replay tap positives before filter=1045 after=1045
Replay tap positives before filter=1558 after=1558
Replay tap positives before filter=3792 after=3792
Replay tap positives before filter=2069 after=2069
Replay tap positives before filter=1379 after=1379
Replay tap positives before filter=1506 after=1506
Replay tap positives before filter=1923 after=1923
Replay tap positives before filter=2221 after=2221
Replay tap positives before filter=1238 after=1238
Replay tap positives before filter=2882 after=2882
Replay tap positives before filter=4567 after=4567
Replay tap positives before filter=636 after=636
Replay tap positives before filter=662 after=662
Replay tap positives before filter=2380 after=2380
Replay tap positives before filter=844 after=844
Replay tap positives before filter=2079 after=2079
Replay tap positives before filter=2771 after=2771
Replay tap positives before filter=1991 after=1991
Replay tap positives before filter=3512 after=3512
Replay tap positives before filter=3325 after=3325
Replay tap positives before filter=551 after=551
Replay tap positives before filter=2760 after=2760
Replay tap positives before filter=1758 after=1758
Replay tap positives before filter=3202 after=3202
Replay tap positives before filter=3003 after=3003
Replay tap positives before filter=1680 after=1680
Replay tap positives before filter=1484 after=1484
Replay tap positives before filter=873 after=873
Replay tap positives before filter=1443 after=1443
Replay tap positives before filter=1673 after=1673
Replay tap positives before filter=1818 after=1818
Replay tap positives before filter=2458 after=2458
Replay tap positives before filter=4919 after=4919
Replay tap positives before filter=2043 after=2043
Replay tap positives before filter=1424 after=1424
Replay tap positives before filter=1435 after=1435
Replay tap positives before filter=1539 after=1539
Replay tap positives before filter=941 after=941
Replay tap positives before filter=2632 after=2632
Replay tap positives before filter=2149 after=2149
Replay tap positives before filter=3414 after=3414
Replay tap positives before filter=4696 after=4696
Replay tap positives before filter=497 after=497
Replay tap positives before filter=1693 after=1693
Replay tap positives before filter=2066 after=2066
Replay tap positives before filter=1397 after=1397
Replay tap positives before filter=3945 after=3945
Replay tap positives before filter=2504 after=2504
Replay tap positives before filter=3584 after=3584
Replay tap positives before filter=3124 after=3124
Replay tap positives before filter=2656 after=2656
Replay tap positives before filter=5933 after=5933
Replay tap positives before filter=886 after=886
Replay tap positives before filter=1681 after=1681
Replay tap positives before filter=2473 after=2473
Replay tap positives before filter=1005 after=1005
Replay tap positives before filter=3085 after=3085
Replay tap positives before filter=1191 after=1191
Replay tap positives before filter=1482 after=1482
Replay tap positives before filter=1483 after=1483
Replay tap positives before filter=1178 after=1178
Replay tap positives before filter=1647 after=1647
Replay tap positives before filter=4845 after=4845
Replay tap positives before filter=1709 after=1709
Replay tap positives before filter=3359 after=3359
Replay tap positives before filter=1741 after=1741
Replay tap positives before filter=1273 after=1273
Replay tap positives before filter=3640 after=3640
Replay tap positives before filter=1876 after=1876
Replay tap positives before filter=2053 after=2053
Replay tap positives before filter=1423 after=1423
Replay tap positives before filter=2361 after=2361
Replay tap positives before filter=3620 after=3620
Replay tap positives before filter=1515 after=1515
Replay tap positives before filter=4001 after=4001
Replay tap positives before filter=4660 after=4660
Replay tap positives before filter=4551 after=4551
Replay tap positives before filter=1569 after=1569
Replay tap positives before filter=3960 after=3960
Replay tap positives before filter=2118 after=2118
Replay tap positives before filter=3212 after=3212
Replay tap positives before filter=1337 after=1337
Replay tap positives before filter=1947 after=1947
Replay tap positives before filter=4030 after=4030
Replay tap positives before filter=1219 after=1219
Replay tap positives before filter=1176 after=1176
Replay tap positives before filter=6115 after=6115
Replay tap positives before filter=2829 after=2829
Replay tap positives before filter=2231 after=2231
Replay tap positives before filter=1745 after=1745
Replay tap positives before filter=1043 after=1043
Replay tap positives before filter=2363 after=2363
Replay tap positives before filter=2657 after=2657
Replay tap positives before filter=1873 after=1873
Replay tap positives before filter=2615 after=2615
Replay tap positives before filter=1368 after=1368
Replay tap positives before filter=5613 after=5613
Replay tap positives before filter=4188 after=4188
Replay tap positives before filter=1562 after=1562
Replay tap positives before filter=3483 after=3483
Replay tap positives before filter=2548 after=2548
Replay tap positives before filter=2382 after=2382
Replay tap positives before filter=2604 after=2604
Replay tap positives before filter=3208 after=3208
Replay tap positives before filter=2253 after=2253
Replay tap positives before filter=2678 after=2678
Replay tap positives before filter=1247 after=1247
Replay tap positives before filter=1613 after=1613
Replay tap positives before filter=1772 after=1772
Replay tap positives before filter=1292 after=1292
Replay tap positives before filter=3467 after=3467
Replay tap positives before filter=2166 after=2166
Replay tap positives before filter=2561 after=2561
Replay tap positives before filter=1933 after=1933
No positive cells found.
No positive cells found.
                   all        186       8357      0.453       0.43       0.37      0.196
Saved 768 replay embeddings to /home/ddwilde/scriptie/runs/dota_lora_replay/stage1-lora-replay/replay/buffer.pt

      Epoch    GPU_mem   box_loss   cls_loss   dfl_lossreplay_loss  Instances       Size
Replay tap positives before filter=907 after=907
Replay tap positives before filter=1717 after=1717
Replay tap positives before filter=666 after=666
Replay tap positives before filter=857 after=857
Replay tap positives before filter=1673 after=1673
Replay tap positives before filter=1621 after=1621
Replay tap positives before filter=3370 after=3370
Replay tap positives before filter=3322 after=3322
Replay tap positives before filter=2471 after=2471
Replay tap positives before filter=783 after=783
Replay tap positives before filter=3033 after=3033
Replay tap positives before filter=2721 after=2721
Replay tap positives before filter=1938 after=1938
Replay tap positives before filter=2613 after=2613
Replay tap positives before filter=3332 after=3332
Replay tap positives before filter=1907 after=1907
Replay tap positives before filter=1202 after=1202
Replay tap positives before filter=2481 after=2481
Replay tap positives before filter=2173 after=2173
Replay tap positives before filter=1086 after=1086
Replay tap positives before filter=1776 after=1776
Replay tap positives before filter=3486 after=3486
Replay tap positives before filter=2937 after=2937
Replay tap positives before filter=2907 after=2907
Replay tap positives before filter=2095 after=2095
Replay tap positives before filter=3901 after=3901
Replay tap positives before filter=1480 after=1480
Replay tap positives before filter=2559 after=2559
Replay tap positives before filter=954 after=954
Replay tap positives before filter=3964 after=3964
Replay tap positives before filter=3391 after=3391
Replay tap positives before filter=3037 after=3037
Replay tap positives before filter=2003 after=2003
Replay tap positives before filter=1781 after=1781
Replay tap positives before filter=1385 after=1385
Replay tap positives before filter=2822 after=2822
Replay tap positives before filter=939 after=939
Replay tap positives before filter=1289 after=1289
Replay tap positives before filter=3590 after=3590
Replay tap positives before filter=1746 after=1746
Replay tap positives before filter=2035 after=2035
Replay tap positives before filter=2844 after=2844
Replay tap positives before filter=4268 after=4268
Replay tap positives before filter=762 after=762
Replay tap positives before filter=1871 after=1871
Replay tap positives before filter=3730 after=3730
Replay tap positives before filter=5000 after=5000
Replay tap positives before filter=2243 after=2243
Replay tap positives before filter=1959 after=1959
Replay tap positives before filter=2709 after=2709
Replay tap positives before filter=826 after=826
Replay tap positives before filter=1848 after=1848
Replay tap positives before filter=2338 after=2338
Replay tap positives before filter=2956 after=2956
Replay tap positives before filter=3896 after=3896
Replay tap positives before filter=2804 after=2804
Replay tap positives before filter=2080 after=2080
Replay tap positives before filter=3309 after=3309
Replay tap positives before filter=2629 after=2629
Replay tap positives before filter=2002 after=2002
Replay tap positives before filter=5202 after=5202
Replay tap positives before filter=2010 after=2010
Replay tap positives before filter=4507 after=4507
Replay tap positives before filter=3619 after=3619
Replay tap positives before filter=3136 after=3136
Replay tap positives before filter=2780 after=2780
Replay tap positives before filter=3456 after=3456
Replay tap positives before filter=938 after=938
Replay tap positives before filter=3419 after=3419
Replay tap positives before filter=2205 after=2205
Replay tap positives before filter=1644 after=1644
Replay tap positives before filter=732 after=732
Replay tap positives before filter=3842 after=3842
Replay tap positives before filter=3019 after=3019
Replay tap positives before filter=1872 after=1872
Replay tap positives before filter=1683 after=1683
Replay tap positives before filter=2193 after=2193
Replay tap positives before filter=825 after=825
Replay tap positives before filter=1745 after=1745
Replay tap positives before filter=4979 after=4979
Replay tap positives before filter=1283 after=1283
Replay tap positives before filter=1154 after=1154
Replay tap positives before filter=1485 after=1485
Replay tap positives before filter=2294 after=2294
Replay tap positives before filter=3142 after=3142
Replay tap positives before filter=1961 after=1961
Replay tap positives before filter=3198 after=3198
Replay tap positives before filter=4697 after=4697
Replay tap positives before filter=2535 after=2535
Replay tap positives before filter=1666 after=1666
Replay tap positives before filter=1763 after=1763
Replay tap positives before filter=1457 after=1457
Replay tap positives before filter=2140 after=2140
Replay tap positives before filter=3937 after=3937
Replay tap positives before filter=1003 after=1003
Replay tap positives before filter=1004 after=1004
Replay tap positives before filter=1117 after=1117
Replay tap positives before filter=1047 after=1047
Replay tap positives before filter=2882 after=2882
Replay tap positives before filter=1582 after=1582
Replay tap positives before filter=626 after=626
Replay tap positives before filter=1569 after=1569
Replay tap positives before filter=2865 after=2865
Replay tap positives before filter=2259 after=2259
Replay tap positives before filter=3271 after=3271
Replay tap positives before filter=877 after=877
Replay tap positives before filter=988 after=988
Replay tap positives before filter=1907 after=1907
Replay tap positives before filter=2052 after=2052
Replay tap positives before filter=2163 after=2163
Replay tap positives before filter=1707 after=1707
Replay tap positives before filter=2049 after=2049
Replay tap positives before filter=1427 after=1427
Replay tap positives before filter=964 after=964
Replay tap positives before filter=2317 after=2317
Replay tap positives before filter=2194 after=2194
Replay tap positives before filter=1428 after=1428
Replay tap positives before filter=3050 after=3050
Replay tap positives before filter=615 after=615
Replay tap positives before filter=2860 after=2860
Replay tap positives before filter=4530 after=4530
Replay tap positives before filter=2116 after=2116
Replay tap positives before filter=2081 after=2081
Replay tap positives before filter=2205 after=2205
Replay tap positives before filter=1151 after=1151
Replay tap positives before filter=1084 after=1084
Replay tap positives before filter=4165 after=4165
Replay tap positives before filter=3508 after=3508
Replay tap positives before filter=4541 after=4541
Replay tap positives before filter=1634 after=1634
Replay tap positives before filter=1935 after=1935
Replay tap positives before filter=818 after=818
No positive cells found.
No positive cells found.
                   all        186       8357      0.502      0.456      0.395      0.214
Saved 768 replay embeddings to /home/ddwilde/scriptie/runs/dota_lora_replay/stage1-lora-replay/replay/buffer.pt

      Epoch    GPU_mem   box_loss   cls_loss   dfl_lossreplay_loss  Instances       Size
Replay tap positives before filter=1559 after=1559
Replay tap positives before filter=1642 after=1642
Replay tap positives before filter=3068 after=3068
Replay tap positives before filter=6137 after=6137
Replay tap positives before filter=3530 after=3530
Replay tap positives before filter=2990 after=2990
Replay tap positives before filter=1800 after=1800
Replay tap positives before filter=4357 after=4357
Replay tap positives before filter=2477 after=2477
Replay tap positives before filter=4518 after=4518
Replay tap positives before filter=2112 after=2112
Replay tap positives before filter=3336 after=3336
Replay tap positives before filter=4436 after=4436
Replay tap positives before filter=586 after=586
Replay tap positives before filter=1421 after=1421
Replay tap positives before filter=1631 after=1631
Replay tap positives before filter=1185 after=1185
Replay tap positives before filter=3148 after=3148
Replay tap positives before filter=1175 after=1175
Replay tap positives before filter=1652 after=1652
Replay tap positives before filter=2934 after=2934
Replay tap positives before filter=1498 after=1498
Replay tap positives before filter=1965 after=1965
Replay tap positives before filter=2874 after=2874
Replay tap positives before filter=2023 after=2023
Replay tap positives before filter=4370 after=4370
Replay tap positives before filter=813 after=813
Replay tap positives before filter=3180 after=3180
Replay tap positives before filter=4152 after=4152
Replay tap positives before filter=2880 after=2880
Replay tap positives before filter=1335 after=1335
Replay tap positives before filter=1002 after=1002
Replay tap positives before filter=1811 after=1811
Replay tap positives before filter=5372 after=5372
Replay tap positives before filter=1276 after=1276
Replay tap positives before filter=1661 after=1661
Replay tap positives before filter=4680 after=4680
Replay tap positives before filter=2197 after=2197
Replay tap positives before filter=3322 after=3322
Replay tap positives before filter=1109 after=1109
Replay tap positives before filter=1268 after=1268
Replay tap positives before filter=3216 after=3216
Replay tap positives before filter=3038 after=3038
Replay tap positives before filter=267 after=267
Replay tap positives before filter=3675 after=3675
Replay tap positives before filter=1266 after=1266
Replay tap positives before filter=3170 after=3170
Replay tap positives before filter=1210 after=1210
Replay tap positives before filter=2085 after=2085
Replay tap positives before filter=2195 after=2195
Replay tap positives before filter=2950 after=2950
Replay tap positives before filter=2973 after=2973
Replay tap positives before filter=2451 after=2451
Replay tap positives before filter=1441 after=1441
Replay tap positives before filter=2509 after=2509
Replay tap positives before filter=2783 after=2783
Replay tap positives before filter=2808 after=2808
Replay tap positives before filter=1008 after=1008
Replay tap positives before filter=2332 after=2332
Replay tap positives before filter=869 after=869
Replay tap positives before filter=5143 after=5143
Replay tap positives before filter=2082 after=2082
Replay tap positives before filter=3272 after=3272
Replay tap positives before filter=402 after=402
Replay tap positives before filter=2772 after=2772
Replay tap positives before filter=2713 after=2713
Replay tap positives before filter=2052 after=2052
Replay tap positives before filter=1559 after=1559
Replay tap positives before filter=1490 after=1490
Replay tap positives before filter=3330 after=3330
Replay tap positives before filter=2547 after=2547
Replay tap positives before filter=2608 after=2608
Replay tap positives before filter=1862 after=1862
Replay tap positives before filter=2120 after=2120
Replay tap positives before filter=272 after=272
Replay tap positives before filter=1443 after=1443
Replay tap positives before filter=4158 after=4158
Replay tap positives before filter=1255 after=1255
Replay tap positives before filter=1751 after=1751
Replay tap positives before filter=3090 after=3090
Replay tap positives before filter=4199 after=4199
Replay tap positives before filter=1288 after=1288
Replay tap positives before filter=2373 after=2373
Replay tap positives before filter=1051 after=1051
Replay tap positives before filter=3643 after=3643
Replay tap positives before filter=5199 after=5199
Replay tap positives before filter=4752 after=4752
Replay tap positives before filter=2252 after=2252
Replay tap positives before filter=2405 after=2405
Replay tap positives before filter=1456 after=1456
Replay tap positives before filter=1224 after=1224
Replay tap positives before filter=1495 after=1495
Replay tap positives before filter=3240 after=3240
Replay tap positives before filter=1435 after=1435
Replay tap positives before filter=2596 after=2596
Replay tap positives before filter=1090 after=1090
Replay tap positives before filter=1942 after=1942
Replay tap positives before filter=1253 after=1253
Replay tap positives before filter=3477 after=3477
Replay tap positives before filter=1347 after=1347
Replay tap positives before filter=2324 after=2324
Replay tap positives before filter=1741 after=1741
Replay tap positives before filter=3442 after=3442
Replay tap positives before filter=1740 after=1740
Replay tap positives before filter=5042 after=5042
Replay tap positives before filter=623 after=623
Replay tap positives before filter=2541 after=2541
Replay tap positives before filter=1077 after=1077
Replay tap positives before filter=1309 after=1309
Replay tap positives before filter=1576 after=1576
Replay tap positives before filter=3491 after=3491
Replay tap positives before filter=1359 after=1359
Replay tap positives before filter=3231 after=3231
Replay tap positives before filter=1658 after=1658
Replay tap positives before filter=3416 after=3416
Replay tap positives before filter=3386 after=3386
Replay tap positives before filter=1502 after=1502
Replay tap positives before filter=1969 after=1969
Replay tap positives before filter=4748 after=4748
Replay tap positives before filter=1138 after=1138
Replay tap positives before filter=1980 after=1980
Replay tap positives before filter=2022 after=2022
Replay tap positives before filter=3787 after=3787
Replay tap positives before filter=2730 after=2730
Replay tap positives before filter=3228 after=3228
Replay tap positives before filter=2271 after=2271
Replay tap positives before filter=2567 after=2567
Replay tap positives before filter=1906 after=1906
Replay tap positives before filter=1447 after=1447
Replay tap positives before filter=2066 after=2066
Replay tap positives before filter=3971 after=3971
Replay tap positives before filter=357 after=357
No positive cells found.
No positive cells found.
                   all        186       8357      0.531      0.468      0.413      0.227
Saved 768 replay embeddings to /home/ddwilde/scriptie/runs/dota_lora_replay/stage1-lora-replay/replay/buffer.pt

      Epoch    GPU_mem   box_loss   cls_loss   dfl_lossreplay_loss  Instances       Size
Replay tap positives before filter=5510 after=5510
Replay tap positives before filter=2010 after=2010
Replay tap positives before filter=2136 after=2136
Replay tap positives before filter=748 after=748
Replay tap positives before filter=553 after=553
Replay tap positives before filter=2478 after=2478
Replay tap positives before filter=4692 after=4692
Replay tap positives before filter=5198 after=5198
Replay tap positives before filter=3311 after=3311
Replay tap positives before filter=3235 after=3235
Replay tap positives before filter=3233 after=3233
Replay tap positives before filter=1037 after=1037
Replay tap positives before filter=3620 after=3620
Replay tap positives before filter=1330 after=1330
Replay tap positives before filter=2223 after=2223
Replay tap positives before filter=2392 after=2392
Replay tap positives before filter=3435 after=3435
Replay tap positives before filter=3341 after=3341
Replay tap positives before filter=3042 after=3042
Replay tap positives before filter=2555 after=2555
Replay tap positives before filter=2419 after=2419
Replay tap positives before filter=270 after=270
Replay tap positives before filter=2232 after=2232
Replay tap positives before filter=3716 after=3716
Replay tap positives before filter=761 after=761
Replay tap positives before filter=5769 after=5769
Replay tap positives before filter=2146 after=2146
Replay tap positives before filter=3989 after=3989
Replay tap positives before filter=2073 after=2073
Replay tap positives before filter=2032 after=2032
Replay tap positives before filter=1559 after=1559
Replay tap positives before filter=2262 after=2262
Replay tap positives before filter=3531 after=3531
Replay tap positives before filter=2182 after=2182
Replay tap positives before filter=1674 after=1674
Replay tap positives before filter=2174 after=2174
Replay tap positives before filter=2072 after=2072
Replay tap positives before filter=1294 after=1294
Replay tap positives before filter=1276 after=1276
Replay tap positives before filter=2633 after=2633
Replay tap positives before filter=3269 after=3269
Replay tap positives before filter=4944 after=4944
Replay tap positives before filter=3796 after=3796
Replay tap positives before filter=2726 after=2726
Replay tap positives before filter=2772 after=2772
Replay tap positives before filter=3866 after=3866
Replay tap positives before filter=354 after=354
Replay tap positives before filter=2186 after=2186
Replay tap positives before filter=4319 after=4319
Replay tap positives before filter=1799 after=1799
Replay tap positives before filter=2019 after=2019
Replay tap positives before filter=1904 after=1904
Replay tap positives before filter=2287 after=2287
Replay tap positives before filter=1240 after=1240
Replay tap positives before filter=855 after=855
Replay tap positives before filter=1342 after=1342
Replay tap positives before filter=714 after=714
Replay tap positives before filter=3471 after=3471
Replay tap positives before filter=917 after=917
Replay tap positives before filter=4391 after=4391
Replay tap positives before filter=2470 after=2470
Replay tap positives before filter=2213 after=2213
Replay tap positives before filter=2266 after=2266
Replay tap positives before filter=2281 after=2281
Replay tap positives before filter=3911 after=3911
Replay tap positives before filter=2902 after=2902
Replay tap positives before filter=1663 after=1663
Replay tap positives before filter=2734 after=2734
Replay tap positives before filter=688 after=688
Replay tap positives before filter=3793 after=3793
Replay tap positives before filter=665 after=665
Replay tap positives before filter=4229 after=4229
Replay tap positives before filter=771 after=771
Replay tap positives before filter=667 after=667
Replay tap positives before filter=1915 after=1915
Replay tap positives before filter=2772 after=2772
Replay tap positives before filter=2742 after=2742
Replay tap positives before filter=1432 after=1432
Replay tap positives before filter=955 after=955
Replay tap positives before filter=5098 after=5098
Replay tap positives before filter=2039 after=2039
Replay tap positives before filter=2218 after=2218
Replay tap positives before filter=2149 after=2149
Replay tap positives before filter=3900 after=3900
Replay tap positives before filter=6368 after=6368
Replay tap positives before filter=1134 after=1134
Replay tap positives before filter=1944 after=1944
Replay tap positives before filter=2320 after=2320
Replay tap positives before filter=2301 after=2301
Replay tap positives before filter=371 after=371
Replay tap positives before filter=1624 after=1624
Replay tap positives before filter=901 after=901
Replay tap positives before filter=2010 after=2010
Replay tap positives before filter=1472 after=1472
Replay tap positives before filter=1028 after=1028
Replay tap positives before filter=2292 after=2292
Replay tap positives before filter=4050 after=4050
Replay tap positives before filter=1843 after=1843
Replay tap positives before filter=3261 after=3261
Replay tap positives before filter=1200 after=1200
Replay tap positives before filter=3618 after=3618
Replay tap positives before filter=1427 after=1427
Replay tap positives before filter=799 after=799
Replay tap positives before filter=2277 after=2277
Replay tap positives before filter=2610 after=2610
Replay tap positives before filter=2668 after=2668
Replay tap positives before filter=3803 after=3803
Replay tap positives before filter=3036 after=3036
Replay tap positives before filter=2317 after=2317
Replay tap positives before filter=4055 after=4055
Replay tap positives before filter=699 after=699
Replay tap positives before filter=1468 after=1468
Replay tap positives before filter=2103 after=2103
Replay tap positives before filter=1777 after=1777
Replay tap positives before filter=3183 after=3183
Replay tap positives before filter=3903 after=3903
Replay tap positives before filter=2687 after=2687
Replay tap positives before filter=3146 after=3146
Replay tap positives before filter=1303 after=1303
Replay tap positives before filter=1913 after=1913
Replay tap positives before filter=1878 after=1878
Replay tap positives before filter=2364 after=2364
Replay tap positives before filter=1923 after=1923
Replay tap positives before filter=1152 after=1152
Replay tap positives before filter=1458 after=1458
Replay tap positives before filter=552 after=552
Replay tap positives before filter=1095 after=1095
Replay tap positives before filter=2244 after=2244
Replay tap positives before filter=3540 after=3540
Replay tap positives before filter=1246 after=1246
Replay tap positives before filter=1021 after=1021
Replay tap positives before filter=316 after=316
No positive cells found.
No positive cells found.
                   all        186       8357      0.508      0.456      0.414      0.222
Saved 768 replay embeddings to /home/ddwilde/scriptie/runs/dota_lora_replay/stage1-lora-replay/replay/buffer.pt

      Epoch    GPU_mem   box_loss   cls_loss   dfl_lossreplay_loss  Instances       Size
Replay tap positives before filter=4715 after=4715
Replay tap positives before filter=2802 after=2802
Replay tap positives before filter=1713 after=1713
Replay tap positives before filter=3346 after=3346
Replay tap positives before filter=2944 after=2944
Replay tap positives before filter=3473 after=3473
Replay tap positives before filter=3048 after=3048
Replay tap positives before filter=2480 after=2480
Replay tap positives before filter=2638 after=2638
Replay tap positives before filter=6405 after=6405
Replay tap positives before filter=1923 after=1923
Replay tap positives before filter=1652 after=1652
Replay tap positives before filter=3147 after=3147
Replay tap positives before filter=2582 after=2582
Replay tap positives before filter=2043 after=2043
Replay tap positives before filter=5953 after=5953
Replay tap positives before filter=2546 after=2546
Replay tap positives before filter=3798 after=3798
Replay tap positives before filter=4593 after=4593
Replay tap positives before filter=4953 after=4953
Replay tap positives before filter=2036 after=2036
Replay tap positives before filter=1349 after=1349
Replay tap positives before filter=1324 after=1324
Replay tap positives before filter=1342 after=1342
Replay tap positives before filter=1821 after=1821
Replay tap positives before filter=2103 after=2103
Replay tap positives before filter=3111 after=3111
Replay tap positives before filter=2922 after=2922
Replay tap positives before filter=3228 after=3228
Replay tap positives before filter=2055 after=2055
Replay tap positives before filter=1012 after=1012
Replay tap positives before filter=1811 after=1811
Replay tap positives before filter=1466 after=1466
Replay tap positives before filter=3683 after=3683
Replay tap positives before filter=2502 after=2502
Replay tap positives before filter=1085 after=1085
Replay tap positives before filter=3641 after=3641
Replay tap positives before filter=1221 after=1221
Replay tap positives before filter=2549 after=2549
Replay tap positives before filter=2264 after=2264
Replay tap positives before filter=3132 after=3132
Replay tap positives before filter=4477 after=4477
Replay tap positives before filter=2320 after=2320
Replay tap positives before filter=1228 after=1228
Replay tap positives before filter=3281 after=3281
Replay tap positives before filter=1421 after=1421
Replay tap positives before filter=2071 after=2071
Replay tap positives before filter=2069 after=2069
Replay tap positives before filter=1142 after=1142
Replay tap positives before filter=3791 after=3791
Replay tap positives before filter=2694 after=2694
Replay tap positives before filter=1043 after=1043
Replay tap positives before filter=2007 after=2007
Replay tap positives before filter=2379 after=2379
Replay tap positives before filter=974 after=974
Replay tap positives before filter=1603 after=1603
Replay tap positives before filter=1244 after=1244
Replay tap positives before filter=2542 after=2542
Replay tap positives before filter=2405 after=2405
Replay tap positives before filter=4353 after=4353
Replay tap positives before filter=1339 after=1339
Replay tap positives before filter=2628 after=2628
Replay tap positives before filter=4577 after=4577
Replay tap positives before filter=288 after=288
Replay tap positives before filter=1037 after=1037
Replay tap positives before filter=1407 after=1407
Replay tap positives before filter=2441 after=2441
Replay tap positives before filter=1822 after=1822
Replay tap positives before filter=5238 after=5238
Replay tap positives before filter=1998 after=1998
Replay tap positives before filter=1931 after=1931
Replay tap positives before filter=1517 after=1517
Replay tap positives before filter=2261 after=2261
Replay tap positives before filter=1525 after=1525
Replay tap positives before filter=4092 after=4092
Replay tap positives before filter=2835 after=2835
Replay tap positives before filter=1174 after=1174
Replay tap positives before filter=2697 after=2697
Replay tap positives before filter=2091 after=2091
Replay tap positives before filter=2874 after=2874
Replay tap positives before filter=2777 after=2777
Replay tap positives before filter=2918 after=2918
Replay tap positives before filter=2647 after=2647
Replay tap positives before filter=836 after=836
Replay tap positives before filter=3658 after=3658
Replay tap positives before filter=2595 after=2595
Replay tap positives before filter=1763 after=1763
Replay tap positives before filter=1293 after=1293
Replay tap positives before filter=2514 after=2514
Replay tap positives before filter=2008 after=2008
Replay tap positives before filter=2682 after=2682
Replay tap positives before filter=2757 after=2757
Replay tap positives before filter=2658 after=2658
Replay tap positives before filter=659 after=659
Replay tap positives before filter=2225 after=2225
Replay tap positives before filter=1253 after=1253
Replay tap positives before filter=2621 after=2621
Replay tap positives before filter=987 after=987
Replay tap positives before filter=1377 after=1377
Replay tap positives before filter=1523 after=1523
Replay tap positives before filter=1314 after=1314
Replay tap positives before filter=1734 after=1734
Replay tap positives before filter=1022 after=1022
Replay tap positives before filter=893 after=893
Replay tap positives before filter=2230 after=2230
Replay tap positives before filter=2294 after=2294
Replay tap positives before filter=1393 after=1393
Replay tap positives before filter=938 after=938
Replay tap positives before filter=3575 after=3575
Replay tap positives before filter=4381 after=4381
Replay tap positives before filter=811 after=811
Replay tap positives before filter=1866 after=1866
Replay tap positives before filter=4275 after=4275
Replay tap positives before filter=2841 after=2841
Replay tap positives before filter=2628 after=2628
Replay tap positives before filter=1324 after=1324
Replay tap positives before filter=2700 after=2700
Replay tap positives before filter=1693 after=1693
Replay tap positives before filter=2364 after=2364
Replay tap positives before filter=2134 after=2134
Replay tap positives before filter=5914 after=5914
Replay tap positives before filter=4556 after=4556
Replay tap positives before filter=4144 after=4144
Replay tap positives before filter=1128 after=1128
Replay tap positives before filter=2006 after=2006
Replay tap positives before filter=3887 after=3887
Replay tap positives before filter=3466 after=3466
Replay tap positives before filter=2187 after=2187
Replay tap positives before filter=4077 after=4077
Replay tap positives before filter=2300 after=2300
Replay tap positives before filter=1625 after=1625
Replay tap positives before filter=489 after=489
No positive cells found.
No positive cells found.
                   all        186       8357       0.52       0.47      0.417      0.229
Saved 768 replay embeddings to /home/ddwilde/scriptie/runs/dota_lora_replay/stage1-lora-replay/replay/buffer.pt

      Epoch    GPU_mem   box_loss   cls_loss   dfl_lossreplay_loss  Instances       Size
Replay tap positives before filter=3165 after=3165
Replay tap positives before filter=1759 after=1759
Replay tap positives before filter=1623 after=1623
Replay tap positives before filter=1240 after=1240
Replay tap positives before filter=4023 after=4023
Replay tap positives before filter=3597 after=3597
Replay tap positives before filter=1233 after=1233
Replay tap positives before filter=2038 after=2038
Replay tap positives before filter=2912 after=2912
Replay tap positives before filter=1776 after=1776
Replay tap positives before filter=1567 after=1567
Replay tap positives before filter=1542 after=1542
Replay tap positives before filter=5396 after=5396
Replay tap positives before filter=802 after=802
Replay tap positives before filter=2983 after=2983
Replay tap positives before filter=3341 after=3341
Replay tap positives before filter=1864 after=1864
Replay tap positives before filter=3766 after=3766
Replay tap positives before filter=2266 after=2266
Replay tap positives before filter=2409 after=2409
Replay tap positives before filter=1273 after=1273
Replay tap positives before filter=3014 after=3014
Replay tap positives before filter=1095 after=1095
Replay tap positives before filter=1946 after=1946
Replay tap positives before filter=1442 after=1442
Replay tap positives before filter=3491 after=3491
Replay tap positives before filter=3806 after=3806
Replay tap positives before filter=2499 after=2499
Replay tap positives before filter=1785 after=1785
Replay tap positives before filter=3170 after=3170
Replay tap positives before filter=2124 after=2124
Replay tap positives before filter=2678 after=2678
Replay tap positives before filter=2378 after=2378
Replay tap positives before filter=1972 after=1972
Replay tap positives before filter=2230 after=2230
Replay tap positives before filter=428 after=428
Replay tap positives before filter=433 after=433
Replay tap positives before filter=4600 after=4600
Replay tap positives before filter=2094 after=2094
Replay tap positives before filter=1517 after=1517
Replay tap positives before filter=2172 after=2172
Replay tap positives before filter=3261 after=3261
Replay tap positives before filter=2626 after=2626
Replay tap positives before filter=1544 after=1544
Replay tap positives before filter=2799 after=2799
Replay tap positives before filter=2760 after=2760
Replay tap positives before filter=1372 after=1372
Replay tap positives before filter=2316 after=2316
Replay tap positives before filter=3903 after=3903
Replay tap positives before filter=2976 after=2976
Replay tap positives before filter=2321 after=2321
Replay tap positives before filter=217 after=217
Replay tap positives before filter=6591 after=6591
Replay tap positives before filter=1457 after=1457
Replay tap positives before filter=3112 after=3112
Replay tap positives before filter=3497 after=3497
Replay tap positives before filter=2122 after=2122
Replay tap positives before filter=504 after=504
Replay tap positives before filter=1969 after=1969
Replay tap positives before filter=2381 after=2381
Replay tap positives before filter=2107 after=2107
Replay tap positives before filter=2112 after=2112
Replay tap positives before filter=2440 after=2440
Replay tap positives before filter=2885 after=2885
Replay tap positives before filter=2990 after=2990
Replay tap positives before filter=3441 after=3441
Replay tap positives before filter=2891 after=2891
Replay tap positives before filter=1951 after=1951
Replay tap positives before filter=2183 after=2183
Replay tap positives before filter=2901 after=2901
Replay tap positives before filter=4665 after=4665
Replay tap positives before filter=2838 after=2838
Replay tap positives before filter=3679 after=3679
Replay tap positives before filter=4629 after=4629
Replay tap positives before filter=2032 after=2032
Replay tap positives before filter=1480 after=1480
Replay tap positives before filter=1327 after=1327
Replay tap positives before filter=1711 after=1711
Replay tap positives before filter=2321 after=2321
Replay tap positives before filter=1675 after=1675
Replay tap positives before filter=1997 after=1997
Replay tap positives before filter=1761 after=1761
Replay tap positives before filter=2485 after=2485
Replay tap positives before filter=2517 after=2517
Replay tap positives before filter=5043 after=5043
Replay tap positives before filter=3592 after=3592
Replay tap positives before filter=6507 after=6507
Replay tap positives before filter=1438 after=1438
Replay tap positives before filter=1533 after=1533
Replay tap positives before filter=3101 after=3101
Replay tap positives before filter=2417 after=2417
Replay tap positives before filter=1201 after=1201
Replay tap positives before filter=2784 after=2784
Replay tap positives before filter=4389 after=4389
Replay tap positives before filter=3968 after=3968
Replay tap positives before filter=1378 after=1378
Replay tap positives before filter=4896 after=4896
Replay tap positives before filter=3698 after=3698
Replay tap positives before filter=1263 after=1263
Replay tap positives before filter=2159 after=2159
Replay tap positives before filter=2302 after=2302
Replay tap positives before filter=4840 after=4840
Replay tap positives before filter=4636 after=4636
Replay tap positives before filter=2324 after=2324
Replay tap positives before filter=3093 after=3093
Replay tap positives before filter=2525 after=2525
Replay tap positives before filter=691 after=691
Replay tap positives before filter=997 after=997
Replay tap positives before filter=1882 after=1882
Replay tap positives before filter=4377 after=4377
Replay tap positives before filter=3116 after=3116
Replay tap positives before filter=3959 after=3959
Replay tap positives before filter=695 after=695
Replay tap positives before filter=3046 after=3046
Replay tap positives before filter=651 after=651
Replay tap positives before filter=4410 after=4410
Replay tap positives before filter=3184 after=3184
Replay tap positives before filter=2767 after=2767
Replay tap positives before filter=2715 after=2715
Replay tap positives before filter=2128 after=2128
Replay tap positives before filter=1595 after=1595
Replay tap positives before filter=1684 after=1684
Replay tap positives before filter=1322 after=1322
Replay tap positives before filter=2799 after=2799
Replay tap positives before filter=1630 after=1630
Replay tap positives before filter=3323 after=3323
Replay tap positives before filter=1941 after=1941
Replay tap positives before filter=2546 after=2546
Replay tap positives before filter=2630 after=2630
Replay tap positives before filter=970 after=970
Replay tap positives before filter=905 after=905
Replay tap positives before filter=1353 after=1353
No positive cells found.
No positive cells found.
                   all        186       8357      0.568      0.462      0.442       0.24
Saved 768 replay embeddings to /home/ddwilde/scriptie/runs/dota_lora_replay/stage1-lora-replay/replay/buffer.pt

      Epoch    GPU_mem   box_loss   cls_loss   dfl_lossreplay_loss  Instances       Size
Replay tap positives before filter=808 after=808
Replay tap positives before filter=1702 after=1702
Replay tap positives before filter=1491 after=1491
Replay tap positives before filter=2448 after=2448
Replay tap positives before filter=1835 after=1835
Replay tap positives before filter=4844 after=4844
Replay tap positives before filter=1061 after=1061
Replay tap positives before filter=1925 after=1925
Replay tap positives before filter=1405 after=1405
Replay tap positives before filter=3165 after=3165
Replay tap positives before filter=2139 after=2139
Replay tap positives before filter=1036 after=1036
Replay tap positives before filter=1384 after=1384
Replay tap positives before filter=4173 after=4173
Replay tap positives before filter=2013 after=2013
Replay tap positives before filter=2545 after=2545
Replay tap positives before filter=1491 after=1491
Replay tap positives before filter=1379 after=1379
Replay tap positives before filter=1898 after=1898
Replay tap positives before filter=2569 after=2569
Replay tap positives before filter=1925 after=1925
Replay tap positives before filter=4737 after=4737
Replay tap positives before filter=1150 after=1150
Replay tap positives before filter=2276 after=2276
Replay tap positives before filter=4030 after=4030
Replay tap positives before filter=3616 after=3616
Replay tap positives before filter=1602 after=1602
Replay tap positives before filter=3418 after=3418
Replay tap positives before filter=3371 after=3371
Replay tap positives before filter=1785 after=1785
Replay tap positives before filter=2476 after=2476
Replay tap positives before filter=2335 after=2335
Replay tap positives before filter=3064 after=3064
Replay tap positives before filter=2113 after=2113
Replay tap positives before filter=2008 after=2008
Replay tap positives before filter=2745 after=2745
Replay tap positives before filter=3035 after=3035
Replay tap positives before filter=2495 after=2495
Replay tap positives before filter=912 after=912
Replay tap positives before filter=1737 after=1737
Replay tap positives before filter=3655 after=3655
Replay tap positives before filter=4512 after=4512
Replay tap positives before filter=3463 after=3463
Replay tap positives before filter=4102 after=4102
Replay tap positives before filter=2615 after=2615
Replay tap positives before filter=2048 after=2048
Replay tap positives before filter=2529 after=2529
Replay tap positives before filter=3143 after=3143
Replay tap positives before filter=3443 after=3443
Replay tap positives before filter=896 after=896
Replay tap positives before filter=1868 after=1868
Replay tap positives before filter=3062 after=3062
Replay tap positives before filter=2459 after=2459
Replay tap positives before filter=2068 after=2068
Replay tap positives before filter=3582 after=3582
Replay tap positives before filter=4288 after=4288
Replay tap positives before filter=1049 after=1049
Replay tap positives before filter=1492 after=1492
Replay tap positives before filter=3541 after=3541
Replay tap positives before filter=2900 after=2900
Replay tap positives before filter=3274 after=3274
Replay tap positives before filter=1611 after=1611
Replay tap positives before filter=4291 after=4291
Replay tap positives before filter=2059 after=2059
Replay tap positives before filter=884 after=884
Replay tap positives before filter=3742 after=3742
Replay tap positives before filter=3010 after=3010
Replay tap positives before filter=3482 after=3482
Replay tap positives before filter=2146 after=2146
Replay tap positives before filter=1543 after=1543
Replay tap positives before filter=1712 after=1712
Replay tap positives before filter=3410 after=3410
Replay tap positives before filter=1122 after=1122
Replay tap positives before filter=4390 after=4390
Replay tap positives before filter=1698 after=1698
Replay tap positives before filter=4656 after=4656
Replay tap positives before filter=2167 after=2167
Replay tap positives before filter=1851 after=1851
Replay tap positives before filter=2899 after=2899
Replay tap positives before filter=2593 after=2593
Replay tap positives before filter=1970 after=1970
Replay tap positives before filter=2206 after=2206
Replay tap positives before filter=5379 after=5379
Replay tap positives before filter=4662 after=4662
Replay tap positives before filter=2069 after=2069
Replay tap positives before filter=838 after=838
Replay tap positives before filter=3533 after=3533
Replay tap positives before filter=1751 after=1751
Replay tap positives before filter=1044 after=1044
Replay tap positives before filter=3146 after=3146
Replay tap positives before filter=1674 after=1674
Replay tap positives before filter=3100 after=3100
Replay tap positives before filter=799 after=799
Replay tap positives before filter=3711 after=3711
Replay tap positives before filter=1196 after=1196
Replay tap positives before filter=3917 after=3917
Replay tap positives before filter=1899 after=1899
Replay tap positives before filter=2443 after=2443
Replay tap positives before filter=3069 after=3069
Replay tap positives before filter=3049 after=3049
Replay tap positives before filter=1223 after=1223
Replay tap positives before filter=717 after=717
Replay tap positives before filter=842 after=842
Replay tap positives before filter=3084 after=3084
Replay tap positives before filter=2316 after=2316
Replay tap positives before filter=2423 after=2423
Replay tap positives before filter=2849 after=2849
Replay tap positives before filter=3720 after=3720
Replay tap positives before filter=805 after=805
Replay tap positives before filter=1955 after=1955
Replay tap positives before filter=2091 after=2091
Replay tap positives before filter=1649 after=1649
Replay tap positives before filter=2318 after=2318
Replay tap positives before filter=1030 after=1030
Replay tap positives before filter=1917 after=1917
Replay tap positives before filter=2322 after=2322
Replay tap positives before filter=1691 after=1691
Replay tap positives before filter=1302 after=1302
Replay tap positives before filter=1460 after=1460
Replay tap positives before filter=1673 after=1673
Replay tap positives before filter=2684 after=2684
Replay tap positives before filter=170 after=170
Replay tap positives before filter=2236 after=2236
Replay tap positives before filter=1415 after=1415
Replay tap positives before filter=920 after=920
Replay tap positives before filter=1474 after=1474
Replay tap positives before filter=2826 after=2826
Replay tap positives before filter=2949 after=2949
Replay tap positives before filter=2998 after=2998
Replay tap positives before filter=882 after=882
Replay tap positives before filter=1125 after=1125
Replay tap positives before filter=827 after=827
No positive cells found.
No positive cells found.
                   all        186       8357      0.589      0.473      0.459      0.243
Saved 768 replay embeddings to /home/ddwilde/scriptie/runs/dota_lora_replay/stage1-lora-replay/replay/buffer.pt

      Epoch    GPU_mem   box_loss   cls_loss   dfl_lossreplay_loss  Instances       Size
Replay tap positives before filter=4499 after=4499
Replay tap positives before filter=2381 after=2381
Replay tap positives before filter=2232 after=2232
Replay tap positives before filter=2198 after=2198
Replay tap positives before filter=3876 after=3876
Replay tap positives before filter=1204 after=1204
Replay tap positives before filter=4123 after=4123
Replay tap positives before filter=1389 after=1389
Replay tap positives before filter=2826 after=2826
Replay tap positives before filter=1051 after=1051
Replay tap positives before filter=1903 after=1903
Replay tap positives before filter=2025 after=2025
Replay tap positives before filter=2475 after=2475
Replay tap positives before filter=2426 after=2426
Replay tap positives before filter=2535 after=2535
Replay tap positives before filter=1950 after=1950
Replay tap positives before filter=6519 after=6519
Replay tap positives before filter=301 after=301
Replay tap positives before filter=2220 after=2220
Replay tap positives before filter=2564 after=2564
Replay tap positives before filter=5335 after=5335
Replay tap positives before filter=1351 after=1351
Replay tap positives before filter=6117 after=6117
Replay tap positives before filter=3899 after=3899
Replay tap positives before filter=3432 after=3432
Replay tap positives before filter=2122 after=2122
Replay tap positives before filter=3318 after=3318
Replay tap positives before filter=3188 after=3188
Replay tap positives before filter=1341 after=1341
Replay tap positives before filter=2721 after=2721
Replay tap positives before filter=3173 after=3173
Replay tap positives before filter=2385 after=2385
Replay tap positives before filter=2088 after=2088
Replay tap positives before filter=727 after=727
Replay tap positives before filter=2722 after=2722
Replay tap positives before filter=2101 after=2101
Replay tap positives before filter=3223 after=3223
Replay tap positives before filter=1497 after=1497
Replay tap positives before filter=3561 after=3561
Replay tap positives before filter=688 after=688
Replay tap positives before filter=1885 after=1885
Replay tap positives before filter=2354 after=2354
Replay tap positives before filter=3532 after=3532
Replay tap positives before filter=3797 after=3797
Replay tap positives before filter=1790 after=1790
Replay tap positives before filter=1561 after=1561
Replay tap positives before filter=3844 after=3844
Replay tap positives before filter=1883 after=1883
Replay tap positives before filter=1172 after=1172
Replay tap positives before filter=1031 after=1031
Replay tap positives before filter=1343 after=1343
Replay tap positives before filter=1065 after=1065
Replay tap positives before filter=2057 after=2057
Replay tap positives before filter=1626 after=1626
Replay tap positives before filter=1627 after=1627
Replay tap positives before filter=1176 after=1176
Replay tap positives before filter=3112 after=3112
Replay tap positives before filter=4236 after=4236
Replay tap positives before filter=3889 after=3889
Replay tap positives before filter=1882 after=1882
Replay tap positives before filter=2655 after=2655
Replay tap positives before filter=3159 after=3159
Replay tap positives before filter=3225 after=3225
Replay tap positives before filter=2159 after=2159
Replay tap positives before filter=5901 after=5901
Replay tap positives before filter=3327 after=3327
Replay tap positives before filter=2008 after=2008
Replay tap positives before filter=2398 after=2398
Replay tap positives before filter=1174 after=1174
Replay tap positives before filter=2771 after=2771
Replay tap positives before filter=5234 after=5234
Replay tap positives before filter=2046 after=2046
Replay tap positives before filter=2252 after=2252
Replay tap positives before filter=2126 after=2126
Replay tap positives before filter=2015 after=2015
Replay tap positives before filter=2887 after=2887
Replay tap positives before filter=1482 after=1482
Replay tap positives before filter=2058 after=2058
Replay tap positives before filter=2827 after=2827
Replay tap positives before filter=1533 after=1533
Replay tap positives before filter=1714 after=1714
Replay tap positives before filter=4005 after=4005
Replay tap positives before filter=1267 after=1267
Replay tap positives before filter=1257 after=1257
Replay tap positives before filter=2269 after=2269
Replay tap positives before filter=3071 after=3071
Replay tap positives before filter=1633 after=1633
Replay tap positives before filter=2239 after=2239
Replay tap positives before filter=1984 after=1984
Replay tap positives before filter=1179 after=1179
Replay tap positives before filter=1551 after=1551
Replay tap positives before filter=3929 after=3929
Replay tap positives before filter=941 after=941
Replay tap positives before filter=3295 after=3295
Replay tap positives before filter=1149 after=1149
Replay tap positives before filter=2970 after=2970
Replay tap positives before filter=2268 after=2268
Replay tap positives before filter=1262 after=1262
Replay tap positives before filter=1296 after=1296
Replay tap positives before filter=2304 after=2304
Replay tap positives before filter=2371 after=2371
Replay tap positives before filter=931 after=931
Replay tap positives before filter=1231 after=1231
Replay tap positives before filter=1228 after=1228
Replay tap positives before filter=2453 after=2453
Replay tap positives before filter=4010 after=4010
Replay tap positives before filter=3409 after=3409
Replay tap positives before filter=5073 after=5073
Replay tap positives before filter=308 after=308
Replay tap positives before filter=3474 after=3474
Replay tap positives before filter=4091 after=4091
Replay tap positives before filter=2447 after=2447
Replay tap positives before filter=1932 after=1932
Replay tap positives before filter=6264 after=6264
Replay tap positives before filter=1524 after=1524
Replay tap positives before filter=2160 after=2160
Replay tap positives before filter=1331 after=1331
Replay tap positives before filter=2656 after=2656
Replay tap positives before filter=1713 after=1713
Replay tap positives before filter=2044 after=2044
Replay tap positives before filter=1757 after=1757
Replay tap positives before filter=900 after=900
Replay tap positives before filter=1902 after=1902
Replay tap positives before filter=2582 after=2582
Replay tap positives before filter=1176 after=1176
Replay tap positives before filter=2979 after=2979
Replay tap positives before filter=2880 after=2880
Replay tap positives before filter=4088 after=4088
Replay tap positives before filter=1781 after=1781
Replay tap positives before filter=5557 after=5557
Replay tap positives before filter=880 after=880
Replay tap positives before filter=1576 after=1576
No positive cells found.
No positive cells found.
                   all        186       8357      0.575      0.479      0.467      0.261
Saved 768 replay embeddings to /home/ddwilde/scriptie/runs/dota_lora_replay/stage1-lora-replay/replay/buffer.pt

      Epoch    GPU_mem   box_loss   cls_loss   dfl_lossreplay_loss  Instances       Size
Replay tap positives before filter=2664 after=2664
Replay tap positives before filter=2661 after=2661
Replay tap positives before filter=1581 after=1581
Replay tap positives before filter=1466 after=1466
Replay tap positives before filter=590 after=590
Replay tap positives before filter=3321 after=3321
Replay tap positives before filter=1095 after=1095
Replay tap positives before filter=2869 after=2869
Replay tap positives before filter=3028 after=3028
Replay tap positives before filter=1288 after=1288
Replay tap positives before filter=2601 after=2601
Replay tap positives before filter=4110 after=4110
Replay tap positives before filter=1174 after=1174
Replay tap positives before filter=981 after=981
Replay tap positives before filter=2993 after=2993
Replay tap positives before filter=2489 after=2489
Replay tap positives before filter=1912 after=1912
Replay tap positives before filter=2160 after=2160
Replay tap positives before filter=2339 after=2339
Replay tap positives before filter=1516 after=1516
Replay tap positives before filter=1464 after=1464
Replay tap positives before filter=4022 after=4022
Replay tap positives before filter=1393 after=1393
Replay tap positives before filter=4927 after=4927
Replay tap positives before filter=1376 after=1376
Replay tap positives before filter=1879 after=1879
Replay tap positives before filter=1974 after=1974
Replay tap positives before filter=1919 after=1919
Replay tap positives before filter=995 after=995
Replay tap positives before filter=2272 after=2272
Replay tap positives before filter=2045 after=2045
Replay tap positives before filter=2299 after=2299
Replay tap positives before filter=946 after=946
Replay tap positives before filter=2612 after=2612
Replay tap positives before filter=2806 after=2806
Replay tap positives before filter=3761 after=3761
Replay tap positives before filter=1781 after=1781
Replay tap positives before filter=2584 after=2584
Replay tap positives before filter=2887 after=2887
Replay tap positives before filter=1369 after=1369
Replay tap positives before filter=1994 after=1994
Replay tap positives before filter=2869 after=2869
Replay tap positives before filter=2219 after=2219
Replay tap positives before filter=2193 after=2193
Replay tap positives before filter=2046 after=2046
Replay tap positives before filter=936 after=936
Replay tap positives before filter=2987 after=2987
Replay tap positives before filter=3115 after=3115
Replay tap positives before filter=1913 after=1913
Replay tap positives before filter=2119 after=2119
Replay tap positives before filter=1445 after=1445
Replay tap positives before filter=3227 after=3227
Replay tap positives before filter=1413 after=1413
Replay tap positives before filter=4074 after=4074
Replay tap positives before filter=2283 after=2283
Replay tap positives before filter=2341 after=2341
Replay tap positives before filter=3049 after=3049
Replay tap positives before filter=1925 after=1925
Replay tap positives before filter=1170 after=1170
Replay tap positives before filter=3809 after=3809
Replay tap positives before filter=3165 after=3165
Replay tap positives before filter=4030 after=4030
Replay tap positives before filter=1269 after=1269
Replay tap positives before filter=3614 after=3614
Replay tap positives before filter=2721 after=2721
Replay tap positives before filter=3837 after=3837
Replay tap positives before filter=3672 after=3672
Replay tap positives before filter=3011 after=3011
Replay tap positives before filter=2498 after=2498
Replay tap positives before filter=2694 after=2694
Replay tap positives before filter=2766 after=2766
Replay tap positives before filter=1547 after=1547
Replay tap positives before filter=908 after=908
Replay tap positives before filter=1995 after=1995
Replay tap positives before filter=2710 after=2710
Replay tap positives before filter=3087 after=3087
Replay tap positives before filter=1661 after=1661
Replay tap positives before filter=2565 after=2565
Replay tap positives before filter=3809 after=3809
Replay tap positives before filter=1102 after=1102
Replay tap positives before filter=2689 after=2689
Replay tap positives before filter=1638 after=1638
Replay tap positives before filter=1900 after=1900
Replay tap positives before filter=1659 after=1659
Replay tap positives before filter=1429 after=1429
Replay tap positives before filter=846 after=846
Replay tap positives before filter=2933 after=2933
Replay tap positives before filter=3182 after=3182
Replay tap positives before filter=2755 after=2755
Replay tap positives before filter=1933 after=1933
Replay tap positives before filter=2206 after=2206
Replay tap positives before filter=2534 after=2534
Replay tap positives before filter=5055 after=5055
Replay tap positives before filter=2486 after=2486
Replay tap positives before filter=1177 after=1177
Replay tap positives before filter=3980 after=3980
Replay tap positives before filter=955 after=955
Replay tap positives before filter=1454 after=1454
Replay tap positives before filter=1562 after=1562
Replay tap positives before filter=3772 after=3772
Replay tap positives before filter=4248 after=4248
Replay tap positives before filter=3619 after=3619
Replay tap positives before filter=631 after=631
Replay tap positives before filter=2569 after=2569
Replay tap positives before filter=3022 after=3022
Replay tap positives before filter=2543 after=2543
Replay tap positives before filter=4079 after=4079
Replay tap positives before filter=2985 after=2985
Replay tap positives before filter=1052 after=1052
Replay tap positives before filter=1518 after=1518
Replay tap positives before filter=718 after=718
Replay tap positives before filter=3111 after=3111
Replay tap positives before filter=2947 after=2947
Replay tap positives before filter=5124 after=5124
Replay tap positives before filter=2588 after=2588
Replay tap positives before filter=2239 after=2239
Replay tap positives before filter=1915 after=1915
Replay tap positives before filter=1786 after=1786
Replay tap positives before filter=1696 after=1696
Replay tap positives before filter=3928 after=3928
Replay tap positives before filter=1925 after=1925
Replay tap positives before filter=5348 after=5348
Replay tap positives before filter=3786 after=3786
Replay tap positives before filter=1786 after=1786
Replay tap positives before filter=4573 after=4573
Replay tap positives before filter=2528 after=2528
Replay tap positives before filter=2444 after=2444
Replay tap positives before filter=2427 after=2427
Replay tap positives before filter=1531 after=1531
Replay tap positives before filter=2034 after=2034
Replay tap positives before filter=4331 after=4331
Replay tap positives before filter=887 after=887
No positive cells found.
No positive cells found.
                   all        186       8357      0.564      0.474      0.461       0.25
Saved 768 replay embeddings to /home/ddwilde/scriptie/runs/dota_lora_replay/stage1-lora-replay/replay/buffer.pt

      Epoch    GPU_mem   box_loss   cls_loss   dfl_lossreplay_loss  Instances       Size
Replay tap positives before filter=1535 after=1535
Replay tap positives before filter=2038 after=2038
Replay tap positives before filter=3612 after=3612
Replay tap positives before filter=3764 after=3764
Replay tap positives before filter=3950 after=3950
Replay tap positives before filter=3827 after=3827
Replay tap positives before filter=2338 after=2338
Replay tap positives before filter=3845 after=3845
Replay tap positives before filter=4844 after=4844
Replay tap positives before filter=5358 after=5358
Replay tap positives before filter=2966 after=2966
Replay tap positives before filter=2587 after=2587
Replay tap positives before filter=1781 after=1781
Replay tap positives before filter=1878 after=1878
Replay tap positives before filter=1246 after=1246
Replay tap positives before filter=610 after=610
Replay tap positives before filter=2597 after=2597
Replay tap positives before filter=3365 after=3365
Replay tap positives before filter=3992 after=3992
Replay tap positives before filter=3082 after=3082
Replay tap positives before filter=1994 after=1994
Replay tap positives before filter=2758 after=2758
Replay tap positives before filter=2278 after=2278
Replay tap positives before filter=821 after=821
Replay tap positives before filter=4045 after=4045
Replay tap positives before filter=3946 after=3946
Replay tap positives before filter=3870 after=3870
Replay tap positives before filter=1767 after=1767
Replay tap positives before filter=4054 after=4054
Replay tap positives before filter=3669 after=3669
Replay tap positives before filter=1531 after=1531
Replay tap positives before filter=1961 after=1961
Replay tap positives before filter=1328 after=1328
Replay tap positives before filter=1254 after=1254
Replay tap positives before filter=1891 after=1891
Replay tap positives before filter=957 after=957
Replay tap positives before filter=3529 after=3529
Replay tap positives before filter=6224 after=6224
Replay tap positives before filter=1286 after=1286
Replay tap positives before filter=2017 after=2017
Replay tap positives before filter=2891 after=2891
Replay tap positives before filter=2211 after=2211
Replay tap positives before filter=2683 after=2683
Replay tap positives before filter=2523 after=2523
Replay tap positives before filter=3169 after=3169
Replay tap positives before filter=2431 after=2431
Replay tap positives before filter=2943 after=2943
Replay tap positives before filter=2711 after=2711
Replay tap positives before filter=1594 after=1594
Replay tap positives before filter=1543 after=1543
Replay tap positives before filter=2662 after=2662
Replay tap positives before filter=2528 after=2528
Replay tap positives before filter=1862 after=1862
Replay tap positives before filter=4259 after=4259
Replay tap positives before filter=3095 after=3095
Replay tap positives before filter=504 after=504
Replay tap positives before filter=2609 after=2609
Replay tap positives before filter=1454 after=1454
Replay tap positives before filter=3688 after=3688
Replay tap positives before filter=2742 after=2742
Replay tap positives before filter=2032 after=2032
Replay tap positives before filter=1913 after=1913
Replay tap positives before filter=1944 after=1944
Replay tap positives before filter=2743 after=2743
Replay tap positives before filter=1946 after=1946
Replay tap positives before filter=1404 after=1404
Replay tap positives before filter=2360 after=2360
Replay tap positives before filter=3255 after=3255
Replay tap positives before filter=1985 after=1985
Replay tap positives before filter=4062 after=4062
Replay tap positives before filter=1804 after=1804
Replay tap positives before filter=734 after=734
Replay tap positives before filter=3975 after=3975
Replay tap positives before filter=2978 after=2978
Replay tap positives before filter=1976 after=1976
Replay tap positives before filter=4244 after=4244
Replay tap positives before filter=1360 after=1360
Replay tap positives before filter=2553 after=2553
Replay tap positives before filter=966 after=966
Replay tap positives before filter=1332 after=1332
Replay tap positives before filter=1208 after=1208
Replay tap positives before filter=3349 after=3349
Replay tap positives before filter=623 after=623
Replay tap positives before filter=1640 after=1640
Replay tap positives before filter=1584 after=1584
Replay tap positives before filter=2141 after=2141
Replay tap positives before filter=1575 after=1575
Replay tap positives before filter=2894 after=2894
Replay tap positives before filter=3082 after=3082
Replay tap positives before filter=4703 after=4703
Replay tap positives before filter=4953 after=4953
Replay tap positives before filter=2892 after=2892
Replay tap positives before filter=2186 after=2186
Replay tap positives before filter=1440 after=1440
Replay tap positives before filter=2290 after=2290
Replay tap positives before filter=1948 after=1948
Replay tap positives before filter=2961 after=2961
Replay tap positives before filter=3521 after=3521
Replay tap positives before filter=1546 after=1546
Replay tap positives before filter=2866 after=2866
Replay tap positives before filter=2937 after=2937
Replay tap positives before filter=4015 after=4015
Replay tap positives before filter=3708 after=3708
Replay tap positives before filter=3034 after=3034
Replay tap positives before filter=4286 after=4286
Replay tap positives before filter=2221 after=2221
Replay tap positives before filter=3454 after=3454
Replay tap positives before filter=1485 after=1485
Replay tap positives before filter=2109 after=2109
Replay tap positives before filter=1777 after=1777
Replay tap positives before filter=2499 after=2499
Replay tap positives before filter=2036 after=2036
Replay tap positives before filter=1531 after=1531
Replay tap positives before filter=2873 after=2873
Replay tap positives before filter=1928 after=1928
Replay tap positives before filter=2518 after=2518
Replay tap positives before filter=4104 after=4104
Replay tap positives before filter=1811 after=1811
Replay tap positives before filter=1873 after=1873
Replay tap positives before filter=1738 after=1738
Replay tap positives before filter=1961 after=1961
Replay tap positives before filter=2104 after=2104
Replay tap positives before filter=3262 after=3262
Replay tap positives before filter=2021 after=2021
Replay tap positives before filter=3243 after=3243
Replay tap positives before filter=3009 after=3009
Replay tap positives before filter=1235 after=1235
Replay tap positives before filter=2606 after=2606
Replay tap positives before filter=1510 after=1510
Replay tap positives before filter=2004 after=2004
Replay tap positives before filter=5788 after=5788
Replay tap positives before filter=436 after=436
No positive cells found.
No positive cells found.
                   all        186       8357       0.59       0.48       0.47      0.255
Saved 768 replay embeddings to /home/ddwilde/scriptie/runs/dota_lora_replay/stage1-lora-replay/replay/buffer.pt

      Epoch    GPU_mem   box_loss   cls_loss   dfl_lossreplay_loss  Instances       Size
Replay tap positives before filter=3322 after=3322
Replay tap positives before filter=3297 after=3297
Replay tap positives before filter=2215 after=2215
Replay tap positives before filter=1707 after=1707
Replay tap positives before filter=3143 after=3143
Replay tap positives before filter=881 after=881
Replay tap positives before filter=1059 after=1059
Replay tap positives before filter=2165 after=2165
Replay tap positives before filter=3046 after=3046
Replay tap positives before filter=4014 after=4014
Replay tap positives before filter=2737 after=2737
Replay tap positives before filter=2574 after=2574
Replay tap positives before filter=2198 after=2198
Replay tap positives before filter=2998 after=2998
Replay tap positives before filter=5478 after=5478
Replay tap positives before filter=2176 after=2176
Replay tap positives before filter=2539 after=2539
Replay tap positives before filter=3213 after=3213
Replay tap positives before filter=1245 after=1245
Replay tap positives before filter=3212 after=3212
Replay tap positives before filter=3554 after=3554
Replay tap positives before filter=4445 after=4445
Replay tap positives before filter=1474 after=1474
Replay tap positives before filter=2264 after=2264
Replay tap positives before filter=3966 after=3966
Replay tap positives before filter=3995 after=3995
Replay tap positives before filter=534 after=534
Replay tap positives before filter=4403 after=4403
Replay tap positives before filter=3868 after=3868
Replay tap positives before filter=987 after=987
Replay tap positives before filter=2446 after=2446
Replay tap positives before filter=887 after=887
Replay tap positives before filter=1886 after=1886
Replay tap positives before filter=2091 after=2091
Replay tap positives before filter=1430 after=1430
Replay tap positives before filter=1202 after=1202
Replay tap positives before filter=1630 after=1630
Replay tap positives before filter=2218 after=2218
Replay tap positives before filter=3407 after=3407
Replay tap positives before filter=1888 after=1888
Replay tap positives before filter=3013 after=3013
Replay tap positives before filter=2565 after=2565
Replay tap positives before filter=2451 after=2451
Replay tap positives before filter=520 after=520
Replay tap positives before filter=3088 after=3088
Replay tap positives before filter=1979 after=1979
Replay tap positives before filter=3318 after=3318
Replay tap positives before filter=287 after=287
Replay tap positives before filter=4821 after=4821
Replay tap positives before filter=4445 after=4445
Replay tap positives before filter=3344 after=3344
Replay tap positives before filter=1330 after=1330
Replay tap positives before filter=2823 after=2823
Replay tap positives before filter=1750 after=1750
Replay tap positives before filter=2176 after=2176
Replay tap positives before filter=1932 after=1932
Replay tap positives before filter=2169 after=2169
Replay tap positives before filter=2822 after=2822
Replay tap positives before filter=1664 after=1664
Replay tap positives before filter=2392 after=2392
Replay tap positives before filter=3545 after=3545
Replay tap positives before filter=2088 after=2088
Replay tap positives before filter=2281 after=2281
Replay tap positives before filter=1824 after=1824
Replay tap positives before filter=927 after=927
Replay tap positives before filter=3364 after=3364
Replay tap positives before filter=966 after=966
Replay tap positives before filter=3244 after=3244
Replay tap positives before filter=2531 after=2531
Replay tap positives before filter=2213 after=2213
Replay tap positives before filter=1086 after=1086
Replay tap positives before filter=2196 after=2196
Replay tap positives before filter=2465 after=2465
Replay tap positives before filter=2919 after=2919
Replay tap positives before filter=1914 after=1914
Replay tap positives before filter=1937 after=1937
Replay tap positives before filter=2577 after=2577
Replay tap positives before filter=5089 after=5089
Replay tap positives before filter=1964 after=1964
Replay tap positives before filter=1107 after=1107
Replay tap positives before filter=1779 after=1779
Replay tap positives before filter=1887 after=1887
Replay tap positives before filter=1984 after=1984
Replay tap positives before filter=2081 after=2081
Replay tap positives before filter=1970 after=1970
Replay tap positives before filter=2182 after=2182
Replay tap positives before filter=3976 after=3976
Replay tap positives before filter=2277 after=2277
Replay tap positives before filter=1425 after=1425
Replay tap positives before filter=1685 after=1685
Replay tap positives before filter=2000 after=2000
Replay tap positives before filter=1531 after=1531
Replay tap positives before filter=3827 after=3827
Replay tap positives before filter=2329 after=2329
Replay tap positives before filter=2723 after=2723
Replay tap positives before filter=2283 after=2283
Replay tap positives before filter=1688 after=1688
Replay tap positives before filter=2380 after=2380
Replay tap positives before filter=2606 after=2606
Replay tap positives before filter=3551 after=3551
Replay tap positives before filter=1709 after=1709
Replay tap positives before filter=3150 after=3150
Replay tap positives before filter=837 after=837
Replay tap positives before filter=1968 after=1968
Replay tap positives before filter=112 after=112
Replay tap positives before filter=4115 after=4115
Replay tap positives before filter=3254 after=3254
Replay tap positives before filter=2278 after=2278
Replay tap positives before filter=2108 after=2108
Replay tap positives before filter=1715 after=1715
Replay tap positives before filter=1326 after=1326
Replay tap positives before filter=2267 after=2267
Replay tap positives before filter=1569 after=1569
Replay tap positives before filter=4120 after=4120
Replay tap positives before filter=2175 after=2175
Replay tap positives before filter=2001 after=2001
Replay tap positives before filter=2999 after=2999
Replay tap positives before filter=4369 after=4369
Replay tap positives before filter=2348 after=2348
Replay tap positives before filter=2539 after=2539
Replay tap positives before filter=2274 after=2274
Replay tap positives before filter=730 after=730
Replay tap positives before filter=4550 after=4550
Replay tap positives before filter=1559 after=1559
Replay tap positives before filter=5533 after=5533
Replay tap positives before filter=3089 after=3089
Replay tap positives before filter=217 after=217
Replay tap positives before filter=1502 after=1502
Replay tap positives before filter=1498 after=1498
Replay tap positives before filter=2659 after=2659
Replay tap positives before filter=2491 after=2491
Replay tap positives before filter=568 after=568
No positive cells found.
No positive cells found.
                   all        186       8357      0.602      0.485      0.481      0.261
Saved 768 replay embeddings to /home/ddwilde/scriptie/runs/dota_lora_replay/stage1-lora-replay/replay/buffer.pt

      Epoch    GPU_mem   box_loss   cls_loss   dfl_lossreplay_loss  Instances       Size
Replay tap positives before filter=3620 after=3620
Replay tap positives before filter=959 after=959
Replay tap positives before filter=2348 after=2348
Replay tap positives before filter=1428 after=1428
Replay tap positives before filter=1736 after=1736
Replay tap positives before filter=2007 after=2007
Replay tap positives before filter=1677 after=1677
Replay tap positives before filter=1849 after=1849
Replay tap positives before filter=1959 after=1959
Replay tap positives before filter=3267 after=3267
Replay tap positives before filter=519 after=519
Replay tap positives before filter=1781 after=1781
Replay tap positives before filter=2518 after=2518
Replay tap positives before filter=3096 after=3096
Replay tap positives before filter=890 after=890
Replay tap positives before filter=1887 after=1887
Replay tap positives before filter=2528 after=2528
Replay tap positives before filter=2846 after=2846
Replay tap positives before filter=1677 after=1677
Replay tap positives before filter=1033 after=1033
Replay tap positives before filter=2996 after=2996
Replay tap positives before filter=942 after=942
Replay tap positives before filter=1725 after=1725
Replay tap positives before filter=1002 after=1002
Replay tap positives before filter=3145 after=3145
Replay tap positives before filter=3175 after=3175
Replay tap positives before filter=2302 after=2302
Replay tap positives before filter=928 after=928
Replay tap positives before filter=3077 after=3077
Replay tap positives before filter=3820 after=3820
Replay tap positives before filter=2136 after=2136
Replay tap positives before filter=1598 after=1598
Replay tap positives before filter=1328 after=1328
Replay tap positives before filter=1800 after=1800
Replay tap positives before filter=4905 after=4905
Replay tap positives before filter=1043 after=1043
Replay tap positives before filter=3205 after=3205
Replay tap positives before filter=2064 after=2064
Replay tap positives before filter=1961 after=1961
Replay tap positives before filter=827 after=827
Replay tap positives before filter=3299 after=3299
Replay tap positives before filter=1082 after=1082
Replay tap positives before filter=2985 after=2985
Replay tap positives before filter=1482 after=1482
Replay tap positives before filter=1371 after=1371
Replay tap positives before filter=389 after=389
Replay tap positives before filter=2204 after=2204
Replay tap positives before filter=2147 after=2147
Replay tap positives before filter=3278 after=3278
Replay tap positives before filter=2480 after=2480
Replay tap positives before filter=4884 after=4884
Replay tap positives before filter=2880 after=2880
Replay tap positives before filter=2182 after=2182
Replay tap positives before filter=3782 after=3782
Replay tap positives before filter=1813 after=1813
Replay tap positives before filter=2804 after=2804
Replay tap positives before filter=4702 after=4702
Replay tap positives before filter=2277 after=2277
Replay tap positives before filter=1918 after=1918
Replay tap positives before filter=1336 after=1336
Replay tap positives before filter=1128 after=1128
Replay tap positives before filter=1762 after=1762
Replay tap positives before filter=2294 after=2294
Replay tap positives before filter=1174 after=1174
Replay tap positives before filter=3580 after=3580
Replay tap positives before filter=2781 after=2781
Replay tap positives before filter=888 after=888
Replay tap positives before filter=1445 after=1445
Replay tap positives before filter=667 after=667
Replay tap positives before filter=3688 after=3688
Replay tap positives before filter=1456 after=1456
Replay tap positives before filter=1602 after=1602
Replay tap positives before filter=3204 after=3204
Replay tap positives before filter=3117 after=3117
Replay tap positives before filter=1716 after=1716
Replay tap positives before filter=2199 after=2199
Replay tap positives before filter=596 after=596
Replay tap positives before filter=1564 after=1564
Replay tap positives before filter=1917 after=1917
Replay tap positives before filter=1073 after=1073
Replay tap positives before filter=946 after=946
Replay tap positives before filter=1299 after=1299
Replay tap positives before filter=2442 after=2442
Replay tap positives before filter=1154 after=1154
Replay tap positives before filter=2708 after=2708
Replay tap positives before filter=3999 after=3999
Replay tap positives before filter=3393 after=3393
Replay tap positives before filter=2173 after=2173
Replay tap positives before filter=2913 after=2913
Replay tap positives before filter=1905 after=1905
Replay tap positives before filter=1864 after=1864
Replay tap positives before filter=1100 after=1100
Replay tap positives before filter=390 after=390
Replay tap positives before filter=4719 after=4719
Replay tap positives before filter=1355 after=1355
Replay tap positives before filter=1819 after=1819
Replay tap positives before filter=4568 after=4568
Replay tap positives before filter=2337 after=2337
Replay tap positives before filter=1315 after=1315
Replay tap positives before filter=1707 after=1707
Replay tap positives before filter=1391 after=1391
Replay tap positives before filter=2077 after=2077
Replay tap positives before filter=3254 after=3254
Replay tap positives before filter=1572 after=1572
Replay tap positives before filter=785 after=785
Replay tap positives before filter=3846 after=3846
Replay tap positives before filter=1282 after=1282
Replay tap positives before filter=1946 after=1946
Replay tap positives before filter=1244 after=1244
Replay tap positives before filter=2644 after=2644
Replay tap positives before filter=2541 after=2541
Replay tap positives before filter=876 after=876
Replay tap positives before filter=2156 after=2156
Replay tap positives before filter=2665 after=2665
Replay tap positives before filter=1943 after=1943
Replay tap positives before filter=2012 after=2012
Replay tap positives before filter=5051 after=5051
Replay tap positives before filter=1858 after=1858
Replay tap positives before filter=4845 after=4845
Replay tap positives before filter=4466 after=4466
Replay tap positives before filter=5067 after=5067
Replay tap positives before filter=867 after=867
Replay tap positives before filter=1325 after=1325
Replay tap positives before filter=1991 after=1991
Replay tap positives before filter=3450 after=3450
Replay tap positives before filter=2749 after=2749
Replay tap positives before filter=1167 after=1167
Replay tap positives before filter=2203 after=2203
Replay tap positives before filter=4455 after=4455
Replay tap positives before filter=871 after=871
Replay tap positives before filter=2247 after=2247
Replay tap positives before filter=1586 after=1586
No positive cells found.
No positive cells found.
                   all        186       8357      0.593      0.493      0.489       0.27
Saved 768 replay embeddings to /home/ddwilde/scriptie/runs/dota_lora_replay/stage1-lora-replay/replay/buffer.pt

      Epoch    GPU_mem   box_loss   cls_loss   dfl_lossreplay_loss  Instances       Size
Replay tap positives before filter=530 after=530
Replay tap positives before filter=1180 after=1180
Replay tap positives before filter=4063 after=4063
Replay tap positives before filter=1894 after=1894
Replay tap positives before filter=2261 after=2261
Replay tap positives before filter=1316 after=1316
Replay tap positives before filter=1198 after=1198
Replay tap positives before filter=2051 after=2051
Replay tap positives before filter=2577 after=2577
Replay tap positives before filter=2582 after=2582
Replay tap positives before filter=1026 after=1026
Replay tap positives before filter=1122 after=1122
Replay tap positives before filter=3911 after=3911
Replay tap positives before filter=3807 after=3807
Replay tap positives before filter=3913 after=3913
Replay tap positives before filter=1765 after=1765
Replay tap positives before filter=3464 after=3464
Replay tap positives before filter=2091 after=2091
Replay tap positives before filter=3223 after=3223
Replay tap positives before filter=827 after=827
Replay tap positives before filter=3756 after=3756
Replay tap positives before filter=2324 after=2324
Replay tap positives before filter=1721 after=1721
Replay tap positives before filter=1914 after=1914
Replay tap positives before filter=1519 after=1519
Replay tap positives before filter=1942 after=1942
Replay tap positives before filter=5024 after=5024
Replay tap positives before filter=1798 after=1798
Replay tap positives before filter=846 after=846
Replay tap positives before filter=1129 after=1129
Replay tap positives before filter=586 after=586
Replay tap positives before filter=2307 after=2307
Replay tap positives before filter=3160 after=3160
Replay tap positives before filter=1183 after=1183
Replay tap positives before filter=4225 after=4225
Replay tap positives before filter=5214 after=5214
Replay tap positives before filter=1242 after=1242
Replay tap positives before filter=1283 after=1283
Replay tap positives before filter=1921 after=1921
Replay tap positives before filter=993 after=993
Replay tap positives before filter=6931 after=6931
Replay tap positives before filter=1871 after=1871
Replay tap positives before filter=888 after=888
Replay tap positives before filter=4550 after=4550
Replay tap positives before filter=3564 after=3564
Replay tap positives before filter=853 after=853
Replay tap positives before filter=3340 after=3340
Replay tap positives before filter=1709 after=1709
Replay tap positives before filter=1682 after=1682
Replay tap positives before filter=2201 after=2201
Replay tap positives before filter=2096 after=2096
Replay tap positives before filter=2529 after=2529
Replay tap positives before filter=2782 after=2782
Replay tap positives before filter=2255 after=2255
Replay tap positives before filter=2603 after=2603
Replay tap positives before filter=637 after=637
Replay tap positives before filter=2010 after=2010
Replay tap positives before filter=1506 after=1506
Replay tap positives before filter=2777 after=2777
Replay tap positives before filter=3056 after=3056
Replay tap positives before filter=994 after=994
Replay tap positives before filter=1702 after=1702
Replay tap positives before filter=2489 after=2489
Replay tap positives before filter=3386 after=3386
Replay tap positives before filter=2431 after=2431
Replay tap positives before filter=2052 after=2052
Replay tap positives before filter=1776 after=1776
Replay tap positives before filter=1477 after=1477
Replay tap positives before filter=880 after=880
Replay tap positives before filter=2807 after=2807
Replay tap positives before filter=1870 after=1870
Replay tap positives before filter=1607 after=1607
Replay tap positives before filter=6429 after=6429
Replay tap positives before filter=2745 after=2745
Replay tap positives before filter=2968 after=2968
Replay tap positives before filter=3117 after=3117
Replay tap positives before filter=1176 after=1176
Replay tap positives before filter=1726 after=1726
Replay tap positives before filter=2351 after=2351
Replay tap positives before filter=828 after=828
Replay tap positives before filter=5277 after=5277
Replay tap positives before filter=756 after=756
Replay tap positives before filter=1966 after=1966
Replay tap positives before filter=3079 after=3079
Replay tap positives before filter=725 after=725
Replay tap positives before filter=3063 after=3063
Replay tap positives before filter=2338 after=2338
Replay tap positives before filter=2465 after=2465
Replay tap positives before filter=1651 after=1651
Replay tap positives before filter=3493 after=3493
Replay tap positives before filter=2585 after=2585
Replay tap positives before filter=3929 after=3929
Replay tap positives before filter=2172 after=2172
Replay tap positives before filter=2075 after=2075
Replay tap positives before filter=2423 after=2423
Replay tap positives before filter=1897 after=1897
Replay tap positives before filter=4784 after=4784
Replay tap positives before filter=3550 after=3550
Replay tap positives before filter=2370 after=2370
Replay tap positives before filter=779 after=779
Replay tap positives before filter=3241 after=3241
Replay tap positives before filter=6370 after=6370
Replay tap positives before filter=3648 after=3648
Replay tap positives before filter=1690 after=1690
Replay tap positives before filter=2973 after=2973
Replay tap positives before filter=2581 after=2581
Replay tap positives before filter=2044 after=2044
Replay tap positives before filter=2275 after=2275
Replay tap positives before filter=1059 after=1059
Replay tap positives before filter=614 after=614
Replay tap positives before filter=3904 after=3904
Replay tap positives before filter=2956 after=2956
Replay tap positives before filter=3057 after=3057
Replay tap positives before filter=3031 after=3031
Replay tap positives before filter=2575 after=2575
Replay tap positives before filter=1054 after=1054
Replay tap positives before filter=3218 after=3218
Replay tap positives before filter=2571 after=2571
Replay tap positives before filter=2167 after=2167
Replay tap positives before filter=2171 after=2171
Replay tap positives before filter=1999 after=1999
Replay tap positives before filter=1159 after=1159
Replay tap positives before filter=683 after=683
Replay tap positives before filter=1241 after=1241
Replay tap positives before filter=1299 after=1299
Replay tap positives before filter=2853 after=2853
Replay tap positives before filter=2447 after=2447
Replay tap positives before filter=2099 after=2099
Replay tap positives before filter=1166 after=1166
Replay tap positives before filter=1450 after=1450
Replay tap positives before filter=1340 after=1340
Replay tap positives before filter=125 after=125
No positive cells found.
No positive cells found.
                   all        186       8357      0.587      0.483      0.478      0.259
Saved 768 replay embeddings to /home/ddwilde/scriptie/runs/dota_lora_replay/stage1-lora-replay/replay/buffer.pt

      Epoch    GPU_mem   box_loss   cls_loss   dfl_lossreplay_loss  Instances       Size
Replay tap positives before filter=1551 after=1551
Replay tap positives before filter=7790 after=7790
Replay tap positives before filter=1333 after=1333
Replay tap positives before filter=2123 after=2123
Replay tap positives before filter=2611 after=2611
Replay tap positives before filter=3416 after=3416
Replay tap positives before filter=1020 after=1020
Replay tap positives before filter=2798 after=2798
Replay tap positives before filter=1427 after=1427
Replay tap positives before filter=3143 after=3143
Replay tap positives before filter=2892 after=2892
Replay tap positives before filter=921 after=921
Replay tap positives before filter=6618 after=6618
Replay tap positives before filter=874 after=874
Replay tap positives before filter=5178 after=5178
Replay tap positives before filter=820 after=820
Replay tap positives before filter=1997 after=1997
Replay tap positives before filter=2935 after=2935
Replay tap positives before filter=3678 after=3678
Replay tap positives before filter=1766 after=1766
Replay tap positives before filter=2664 after=2664
Replay tap positives before filter=3158 after=3158
Replay tap positives before filter=3394 after=3394
Replay tap positives before filter=1617 after=1617
Replay tap positives before filter=2790 after=2790
Replay tap positives before filter=2793 after=2793
Replay tap positives before filter=2688 after=2688
Replay tap positives before filter=599 after=599
Replay tap positives before filter=1456 after=1456
Replay tap positives before filter=1987 after=1987
Replay tap positives before filter=4367 after=4367
Replay tap positives before filter=2176 after=2176
Replay tap positives before filter=2516 after=2516
Replay tap positives before filter=1957 after=1957
Replay tap positives before filter=1822 after=1822
Replay tap positives before filter=1397 after=1397
Replay tap positives before filter=3358 after=3358
Replay tap positives before filter=705 after=705
Replay tap positives before filter=3558 after=3558
Replay tap positives before filter=2815 after=2815
Replay tap positives before filter=1055 after=1055
Replay tap positives before filter=3186 after=3186
Replay tap positives before filter=2307 after=2307
Replay tap positives before filter=808 after=808
Replay tap positives before filter=3459 after=3459
Replay tap positives before filter=2212 after=2212
Replay tap positives before filter=1219 after=1219
Replay tap positives before filter=1202 after=1202
Replay tap positives before filter=5322 after=5322
Replay tap positives before filter=1555 after=1555
Replay tap positives before filter=3224 after=3224
Replay tap positives before filter=746 after=746
Replay tap positives before filter=1626 after=1626
Replay tap positives before filter=2686 after=2686
Replay tap positives before filter=2176 after=2176
Replay tap positives before filter=2235 after=2235
Replay tap positives before filter=3331 after=3331
Replay tap positives before filter=1500 after=1500
Replay tap positives before filter=2084 after=2084
Replay tap positives before filter=812 after=812
Replay tap positives before filter=2076 after=2076
Replay tap positives before filter=1891 after=1891
Replay tap positives before filter=2215 after=2215
Replay tap positives before filter=2172 after=2172
Replay tap positives before filter=1829 after=1829
Replay tap positives before filter=4218 after=4218
Replay tap positives before filter=4864 after=4864
Replay tap positives before filter=1348 after=1348
Replay tap positives before filter=2634 after=2634
Replay tap positives before filter=1965 after=1965
Replay tap positives before filter=2054 after=2054
Replay tap positives before filter=2931 after=2931
Replay tap positives before filter=3138 after=3138
Replay tap positives before filter=3783 after=3783
Replay tap positives before filter=2787 after=2787
Replay tap positives before filter=3113 after=3113
Replay tap positives before filter=2830 after=2830
Replay tap positives before filter=2223 after=2223
Replay tap positives before filter=2236 after=2236
Replay tap positives before filter=1952 after=1952
Replay tap positives before filter=2745 after=2745
Replay tap positives before filter=3979 after=3979
Replay tap positives before filter=5030 after=5030
Replay tap positives before filter=2147 after=2147
Replay tap positives before filter=2708 after=2708
Replay tap positives before filter=1201 after=1201
Replay tap positives before filter=3348 after=3348
Replay tap positives before filter=1610 after=1610
Replay tap positives before filter=1335 after=1335
Replay tap positives before filter=1932 after=1932
Replay tap positives before filter=2930 after=2930
Replay tap positives before filter=2107 after=2107
Replay tap positives before filter=1884 after=1884
Replay tap positives before filter=3390 after=3390
Replay tap positives before filter=2826 after=2826
Replay tap positives before filter=1144 after=1144
Replay tap positives before filter=2677 after=2677
Replay tap positives before filter=697 after=697
Replay tap positives before filter=1736 after=1736
Replay tap positives before filter=1909 after=1909
Replay tap positives before filter=2422 after=2422
Replay tap positives before filter=2070 after=2070
Replay tap positives before filter=2772 after=2772
Replay tap positives before filter=2879 after=2879
Replay tap positives before filter=5158 after=5158
Replay tap positives before filter=3547 after=3547
Replay tap positives before filter=3964 after=3964
Replay tap positives before filter=2888 after=2888
Replay tap positives before filter=2707 after=2707
Replay tap positives before filter=915 after=915
Replay tap positives before filter=3482 after=3482
Replay tap positives before filter=2157 after=2157
Replay tap positives before filter=3364 after=3364
Replay tap positives before filter=1412 after=1412
Replay tap positives before filter=1659 after=1659
Replay tap positives before filter=2941 after=2941
Replay tap positives before filter=2194 after=2194
Replay tap positives before filter=953 after=953
Replay tap positives before filter=2813 after=2813
Replay tap positives before filter=3605 after=3605
Replay tap positives before filter=2399 after=2399
Replay tap positives before filter=2469 after=2469
Replay tap positives before filter=4297 after=4297
Replay tap positives before filter=3150 after=3150
Replay tap positives before filter=2363 after=2363
Replay tap positives before filter=1870 after=1870
Replay tap positives before filter=3006 after=3006
Replay tap positives before filter=1121 after=1121
Replay tap positives before filter=1245 after=1245
Replay tap positives before filter=1577 after=1577
Replay tap positives before filter=2026 after=2026
Replay tap positives before filter=2896 after=2896
No positive cells found.
No positive cells found.
                   all        186       8357      0.599        0.5      0.488      0.268
Saved 768 replay embeddings to /home/ddwilde/scriptie/runs/dota_lora_replay/stage1-lora-replay/replay/buffer.pt

      Epoch    GPU_mem   box_loss   cls_loss   dfl_lossreplay_loss  Instances       Size
Replay tap positives before filter=2057 after=2057
Replay tap positives before filter=4471 after=4471
Replay tap positives before filter=3301 after=3301
Replay tap positives before filter=2917 after=2917
Replay tap positives before filter=1227 after=1227
Replay tap positives before filter=4431 after=4431
Replay tap positives before filter=3881 after=3881
Replay tap positives before filter=1634 after=1634
Replay tap positives before filter=2054 after=2054
Replay tap positives before filter=1973 after=1973
Replay tap positives before filter=4103 after=4103
Replay tap positives before filter=1081 after=1081
Replay tap positives before filter=2299 after=2299
Replay tap positives before filter=2015 after=2015
Replay tap positives before filter=2422 after=2422
Replay tap positives before filter=3734 after=3734
Replay tap positives before filter=3652 after=3652
Replay tap positives before filter=3348 after=3348
Replay tap positives before filter=2581 after=2581
Replay tap positives before filter=2127 after=2127
Replay tap positives before filter=3104 after=3104
Replay tap positives before filter=1826 after=1826
Replay tap positives before filter=3999 after=3999
Replay tap positives before filter=5252 after=5252
Replay tap positives before filter=741 after=741
Replay tap positives before filter=1730 after=1730
Replay tap positives before filter=1624 after=1624
Replay tap positives before filter=2722 after=2722
Replay tap positives before filter=2128 after=2128
Replay tap positives before filter=2037 after=2037
Replay tap positives before filter=2559 after=2559
Replay tap positives before filter=916 after=916
Replay tap positives before filter=3550 after=3550
Replay tap positives before filter=1433 after=1433
Replay tap positives before filter=4996 after=4996
Replay tap positives before filter=1593 after=1593
Replay tap positives before filter=1940 after=1940
Replay tap positives before filter=1862 after=1862
Replay tap positives before filter=1235 after=1235
Replay tap positives before filter=3223 after=3223
Replay tap positives before filter=3068 after=3068
Replay tap positives before filter=1043 after=1043
Replay tap positives before filter=1237 after=1237
Replay tap positives before filter=1788 after=1788
Replay tap positives before filter=2727 after=2727
Replay tap positives before filter=1071 after=1071
Replay tap positives before filter=2820 after=2820
Replay tap positives before filter=3538 after=3538
Replay tap positives before filter=1703 after=1703
Replay tap positives before filter=1853 after=1853
Replay tap positives before filter=2231 after=2231
Replay tap positives before filter=3505 after=3505
Replay tap positives before filter=1352 after=1352
Replay tap positives before filter=2539 after=2539
Replay tap positives before filter=3793 after=3793
Replay tap positives before filter=1488 after=1488
Replay tap positives before filter=3777 after=3777
Replay tap positives before filter=1560 after=1560
Replay tap positives before filter=2723 after=2723
Replay tap positives before filter=2557 after=2557
Replay tap positives before filter=3344 after=3344
Replay tap positives before filter=957 after=957
Replay tap positives before filter=1440 after=1440
Replay tap positives before filter=458 after=458
Replay tap positives before filter=1398 after=1398
Replay tap positives before filter=1200 after=1200
Replay tap positives before filter=673 after=673
Replay tap positives before filter=1843 after=1843
Replay tap positives before filter=4291 after=4291
Replay tap positives before filter=1248 after=1248
Replay tap positives before filter=1185 after=1185
Replay tap positives before filter=2083 after=2083
Replay tap positives before filter=1447 after=1447
Replay tap positives before filter=2025 after=2025
Replay tap positives before filter=2252 after=2252
Replay tap positives before filter=1813 after=1813
Replay tap positives before filter=4891 after=4891
Replay tap positives before filter=1655 after=1655
Replay tap positives before filter=2460 after=2460
Replay tap positives before filter=3619 after=3619
Replay tap positives before filter=5064 after=5064
Replay tap positives before filter=813 after=813
Replay tap positives before filter=1947 after=1947
Replay tap positives before filter=3319 after=3319
Replay tap positives before filter=1302 after=1302
Replay tap positives before filter=2122 after=2122
Replay tap positives before filter=1482 after=1482
Replay tap positives before filter=2001 after=2001
Replay tap positives before filter=2003 after=2003
Replay tap positives before filter=1163 after=1163
Replay tap positives before filter=4871 after=4871
Replay tap positives before filter=3976 after=3976
Replay tap positives before filter=3410 after=3410
Replay tap positives before filter=3210 after=3210
Replay tap positives before filter=4049 after=4049
Replay tap positives before filter=3177 after=3177
Replay tap positives before filter=2793 after=2793
Replay tap positives before filter=3392 after=3392
Replay tap positives before filter=1883 after=1883
Replay tap positives before filter=849 after=849
Replay tap positives before filter=1505 after=1505
Replay tap positives before filter=3399 after=3399
Replay tap positives before filter=1663 after=1663
Replay tap positives before filter=401 after=401
Replay tap positives before filter=1499 after=1499
Replay tap positives before filter=1542 after=1542
Replay tap positives before filter=1423 after=1423
Replay tap positives before filter=2632 after=2632
Replay tap positives before filter=2463 after=2463
Replay tap positives before filter=933 after=933
Replay tap positives before filter=4558 after=4558
Replay tap positives before filter=2381 after=2381
Replay tap positives before filter=2357 after=2357
Replay tap positives before filter=1677 after=1677
Replay tap positives before filter=2810 after=2810
Replay tap positives before filter=2938 after=2938
Replay tap positives before filter=2255 after=2255
Replay tap positives before filter=1301 after=1301
Replay tap positives before filter=1348 after=1348
Replay tap positives before filter=1751 after=1751
Replay tap positives before filter=1537 after=1537
Replay tap positives before filter=1511 after=1511
Replay tap positives before filter=3986 after=3986
Replay tap positives before filter=1688 after=1688
Replay tap positives before filter=3266 after=3266
Replay tap positives before filter=1761 after=1761
Replay tap positives before filter=1294 after=1294
Replay tap positives before filter=1524 after=1524
Replay tap positives before filter=2092 after=2092
Replay tap positives before filter=801 after=801
Replay tap positives before filter=1298 after=1298
Replay tap positives before filter=1416 after=1416
No positive cells found.
No positive cells found.
                   all        186       8357      0.569        0.5      0.485      0.265
Saved 768 replay embeddings to /home/ddwilde/scriptie/runs/dota_lora_replay/stage1-lora-replay/replay/buffer.pt

      Epoch    GPU_mem   box_loss   cls_loss   dfl_lossreplay_loss  Instances       Size
Replay tap positives before filter=1591 after=1591
Replay tap positives before filter=843 after=843
Replay tap positives before filter=3243 after=3243
Replay tap positives before filter=3408 after=3408
Replay tap positives before filter=5481 after=5481
Replay tap positives before filter=2334 after=2334
Replay tap positives before filter=2201 after=2201
Replay tap positives before filter=2150 after=2150
Replay tap positives before filter=3959 after=3959
Replay tap positives before filter=4667 after=4667
Replay tap positives before filter=2758 after=2758
Replay tap positives before filter=1487 after=1487
Replay tap positives before filter=2521 after=2521
Replay tap positives before filter=3189 after=3189
Replay tap positives before filter=4094 after=4094
Replay tap positives before filter=2905 after=2905
Replay tap positives before filter=1758 after=1758
Replay tap positives before filter=959 after=959
Replay tap positives before filter=997 after=997
Replay tap positives before filter=2355 after=2355
Replay tap positives before filter=2075 after=2075
Replay tap positives before filter=2477 after=2477
Replay tap positives before filter=1444 after=1444
Replay tap positives before filter=2731 after=2731
Replay tap positives before filter=1541 after=1541
Replay tap positives before filter=3442 after=3442
Replay tap positives before filter=1857 after=1857
Replay tap positives before filter=2910 after=2910
Replay tap positives before filter=2191 after=2191
Replay tap positives before filter=686 after=686
Replay tap positives before filter=3686 after=3686
Replay tap positives before filter=2003 after=2003
Replay tap positives before filter=1154 after=1154
Replay tap positives before filter=2266 after=2266
Replay tap positives before filter=1815 after=1815
Replay tap positives before filter=2357 after=2357
Replay tap positives before filter=5588 after=5588
Replay tap positives before filter=2537 after=2537
Replay tap positives before filter=3176 after=3176
Replay tap positives before filter=3236 after=3236
Replay tap positives before filter=3414 after=3414
Replay tap positives before filter=1104 after=1104
Replay tap positives before filter=3424 after=3424
Replay tap positives before filter=1501 after=1501
Replay tap positives before filter=3097 after=3097
Replay tap positives before filter=3005 after=3005
Replay tap positives before filter=1434 after=1434
Replay tap positives before filter=1420 after=1420
Replay tap positives before filter=4836 after=4836
Replay tap positives before filter=1762 after=1762
Replay tap positives before filter=2209 after=2209
Replay tap positives before filter=2033 after=2033
Replay tap positives before filter=2892 after=2892
Replay tap positives before filter=3439 after=3439
Replay tap positives before filter=5861 after=5861
Replay tap positives before filter=1834 after=1834
Replay tap positives before filter=5110 after=5110
Replay tap positives before filter=2785 after=2785
Replay tap positives before filter=1783 after=1783
Replay tap positives before filter=3065 after=3065
Replay tap positives before filter=1035 after=1035
Replay tap positives before filter=2568 after=2568
Replay tap positives before filter=3800 after=3800
Replay tap positives before filter=1107 after=1107
Replay tap positives before filter=1677 after=1677
Replay tap positives before filter=1097 after=1097
Replay tap positives before filter=1995 after=1995
Replay tap positives before filter=779 after=779
Replay tap positives before filter=3551 after=3551
Replay tap positives before filter=3247 after=3247
Replay tap positives before filter=4714 after=4714
Replay tap positives before filter=2317 after=2317
Replay tap positives before filter=2038 after=2038
Replay tap positives before filter=1792 after=1792
Replay tap positives before filter=2940 after=2940
Replay tap positives before filter=3307 after=3307
Replay tap positives before filter=3786 after=3786
Replay tap positives before filter=1289 after=1289
Replay tap positives before filter=5538 after=5538
Replay tap positives before filter=6464 after=6464
Replay tap positives before filter=2942 after=2942
Replay tap positives before filter=1786 after=1786
Replay tap positives before filter=1690 after=1690
Replay tap positives before filter=2136 after=2136
Replay tap positives before filter=2863 after=2863
Replay tap positives before filter=1705 after=1705
Replay tap positives before filter=3977 after=3977
Replay tap positives before filter=4759 after=4759
Replay tap positives before filter=3487 after=3487
Replay tap positives before filter=2170 after=2170
Replay tap positives before filter=637 after=637
Replay tap positives before filter=3066 after=3066
Replay tap positives before filter=1205 after=1205
Replay tap positives before filter=1749 after=1749
Replay tap positives before filter=4906 after=4906
Replay tap positives before filter=947 after=947
Replay tap positives before filter=4431 after=4431
Replay tap positives before filter=1972 after=1972
Replay tap positives before filter=2473 after=2473
Replay tap positives before filter=531 after=531
Replay tap positives before filter=3742 after=3742
Replay tap positives before filter=1791 after=1791
Replay tap positives before filter=2830 after=2830
Replay tap positives before filter=907 after=907
Replay tap positives before filter=3729 after=3729
Replay tap positives before filter=1781 after=1781
Replay tap positives before filter=3057 after=3057
Replay tap positives before filter=1989 after=1989
Replay tap positives before filter=1671 after=1671
Replay tap positives before filter=1930 after=1930
Replay tap positives before filter=2346 after=2346
Replay tap positives before filter=1152 after=1152
Replay tap positives before filter=3438 after=3438
Replay tap positives before filter=4267 after=4267
Replay tap positives before filter=1445 after=1445
Replay tap positives before filter=3906 after=3906
Replay tap positives before filter=1417 after=1417
Replay tap positives before filter=3698 after=3698
Replay tap positives before filter=2423 after=2423
Replay tap positives before filter=599 after=599
Replay tap positives before filter=976 after=976
Replay tap positives before filter=1802 after=1802
Replay tap positives before filter=740 after=740
Replay tap positives before filter=1766 after=1766
Replay tap positives before filter=3566 after=3566
Replay tap positives before filter=1301 after=1301
Replay tap positives before filter=3456 after=3456
Replay tap positives before filter=1740 after=1740
Replay tap positives before filter=1536 after=1536
Replay tap positives before filter=2030 after=2030
Replay tap positives before filter=798 after=798
Replay tap positives before filter=1082 after=1082
No positive cells found.
No positive cells found.
                   all        186       8357      0.603      0.503      0.496       0.27
Saved 768 replay embeddings to /home/ddwilde/scriptie/runs/dota_lora_replay/stage1-lora-replay/replay/buffer.pt

      Epoch    GPU_mem   box_loss   cls_loss   dfl_lossreplay_loss  Instances       Size
Replay tap positives before filter=3134 after=3134
Replay tap positives before filter=4111 after=4111
Replay tap positives before filter=4184 after=4184
Replay tap positives before filter=1809 after=1809
Replay tap positives before filter=1606 after=1606
Replay tap positives before filter=2143 after=2143
Replay tap positives before filter=1298 after=1298
Replay tap positives before filter=2140 after=2140
Replay tap positives before filter=3835 after=3835
Replay tap positives before filter=2112 after=2112
Replay tap positives before filter=1043 after=1043
Replay tap positives before filter=1424 after=1424
Replay tap positives before filter=1647 after=1647
Replay tap positives before filter=7054 after=7054
Replay tap positives before filter=1829 after=1829
Replay tap positives before filter=690 after=690
Replay tap positives before filter=3315 after=3315
Replay tap positives before filter=4307 after=4307
Replay tap positives before filter=1680 after=1680
Replay tap positives before filter=505 after=505
Replay tap positives before filter=3444 after=3444
Replay tap positives before filter=3653 after=3653
Replay tap positives before filter=1986 after=1986
Replay tap positives before filter=3201 after=3201
Replay tap positives before filter=5743 after=5743
Replay tap positives before filter=3405 after=3405
Replay tap positives before filter=1856 after=1856
Replay tap positives before filter=1379 after=1379
Replay tap positives before filter=1509 after=1509
Replay tap positives before filter=6131 after=6131
Replay tap positives before filter=2789 after=2789
Replay tap positives before filter=1912 after=1912
Replay tap positives before filter=2324 after=2324
Replay tap positives before filter=4079 after=4079
Replay tap positives before filter=2225 after=2225
Replay tap positives before filter=894 after=894
Replay tap positives before filter=4361 after=4361
Replay tap positives before filter=4233 after=4233
Replay tap positives before filter=1497 after=1497
Replay tap positives before filter=2586 after=2586
Replay tap positives before filter=2433 after=2433
Replay tap positives before filter=2762 after=2762
Replay tap positives before filter=6272 after=6272
Replay tap positives before filter=2223 after=2223
Replay tap positives before filter=2402 after=2402
Replay tap positives before filter=2913 after=2913
Replay tap positives before filter=2899 after=2899
Replay tap positives before filter=1240 after=1240
Replay tap positives before filter=2976 after=2976
Replay tap positives before filter=2124 after=2124
Replay tap positives before filter=1256 after=1256
Replay tap positives before filter=1196 after=1196
Replay tap positives before filter=1687 after=1687
Replay tap positives before filter=3026 after=3026
Replay tap positives before filter=2683 after=2683
Replay tap positives before filter=5926 after=5926
Replay tap positives before filter=2562 after=2562
Replay tap positives before filter=1465 after=1465
Replay tap positives before filter=1993 after=1993
Replay tap positives before filter=1283 after=1283
Replay tap positives before filter=1668 after=1668
Replay tap positives before filter=2439 after=2439
Replay tap positives before filter=1756 after=1756
Replay tap positives before filter=6707 after=6707
Replay tap positives before filter=1438 after=1438
Replay tap positives before filter=3379 after=3379
Replay tap positives before filter=1278 after=1278
Replay tap positives before filter=1192 after=1192
Replay tap positives before filter=2240 after=2240
Replay tap positives before filter=3042 after=3042
Replay tap positives before filter=1806 after=1806
Replay tap positives before filter=3602 after=3602
Replay tap positives before filter=2136 after=2136
Replay tap positives before filter=1292 after=1292
Replay tap positives before filter=3108 after=3108
Replay tap positives before filter=534 after=534
Replay tap positives before filter=2188 after=2188
Replay tap positives before filter=2290 after=2290
Replay tap positives before filter=961 after=961
Replay tap positives before filter=2408 after=2408
Replay tap positives before filter=3223 after=3223
Replay tap positives before filter=587 after=587
Replay tap positives before filter=1362 after=1362
Replay tap positives before filter=1793 after=1793
Replay tap positives before filter=1991 after=1991
Replay tap positives before filter=3735 after=3735
Replay tap positives before filter=2216 after=2216
Replay tap positives before filter=3732 after=3732
Replay tap positives before filter=3858 after=3858
Replay tap positives before filter=1017 after=1017
Replay tap positives before filter=2251 after=2251
Replay tap positives before filter=1204 after=1204
Replay tap positives before filter=2937 after=2937
Replay tap positives before filter=2455 after=2455
Replay tap positives before filter=3076 after=3076
Replay tap positives before filter=2771 after=2771
Replay tap positives before filter=4068 after=4068
Replay tap positives before filter=1162 after=1162
Replay tap positives before filter=2320 after=2320
Replay tap positives before filter=1088 after=1088
Replay tap positives before filter=1864 after=1864
Replay tap positives before filter=1427 after=1427
Replay tap positives before filter=1298 after=1298
Replay tap positives before filter=1280 after=1280
Replay tap positives before filter=3507 after=3507
Replay tap positives before filter=1436 after=1436
Replay tap positives before filter=2238 after=2238
Replay tap positives before filter=610 after=610
Replay tap positives before filter=2067 after=2067
Replay tap positives before filter=2990 after=2990
Replay tap positives before filter=1725 after=1725
Replay tap positives before filter=941 after=941
Replay tap positives before filter=1876 after=1876
Replay tap positives before filter=2878 after=2878
Replay tap positives before filter=2612 after=2612
Replay tap positives before filter=3197 after=3197
Replay tap positives before filter=1782 after=1782
Replay tap positives before filter=1303 after=1303
Replay tap positives before filter=2065 after=2065
Replay tap positives before filter=5052 after=5052
Replay tap positives before filter=3808 after=3808
Replay tap positives before filter=1947 after=1947
Replay tap positives before filter=2763 after=2763
Replay tap positives before filter=2193 after=2193
Replay tap positives before filter=3096 after=3096
Replay tap positives before filter=1409 after=1409
Replay tap positives before filter=1149 after=1149
Replay tap positives before filter=4290 after=4290
Replay tap positives before filter=4703 after=4703
Replay tap positives before filter=1497 after=1497
Replay tap positives before filter=2923 after=2923
Replay tap positives before filter=2160 after=2160
No positive cells found.
No positive cells found.
                   all        186       8357      0.606      0.489      0.489      0.271
Saved 768 replay embeddings to /home/ddwilde/scriptie/runs/dota_lora_replay/stage1-lora-replay/replay/buffer.pt

      Epoch    GPU_mem   box_loss   cls_loss   dfl_lossreplay_loss  Instances       Size
Replay tap positives before filter=3248 after=3248
Replay tap positives before filter=4111 after=4111
Replay tap positives before filter=1661 after=1661
Replay tap positives before filter=3697 after=3697
Replay tap positives before filter=3109 after=3109
Replay tap positives before filter=228 after=228
Replay tap positives before filter=450 after=450
Replay tap positives before filter=1508 after=1508
Replay tap positives before filter=3096 after=3096
Replay tap positives before filter=1672 after=1672
Replay tap positives before filter=1884 after=1884
Replay tap positives before filter=2190 after=2190
Replay tap positives before filter=2020 after=2020
Replay tap positives before filter=213 after=213
Replay tap positives before filter=1708 after=1708
Replay tap positives before filter=1117 after=1117
Replay tap positives before filter=5863 after=5863
Replay tap positives before filter=2273 after=2273
Replay tap positives before filter=1179 after=1179
Replay tap positives before filter=2867 after=2867
Replay tap positives before filter=1993 after=1993
Replay tap positives before filter=717 after=717
Replay tap positives before filter=2899 after=2899
Replay tap positives before filter=1262 after=1262
Replay tap positives before filter=1836 after=1836
Replay tap positives before filter=2290 after=2290
Replay tap positives before filter=869 after=869
Replay tap positives before filter=1155 after=1155
Replay tap positives before filter=2435 after=2435
Replay tap positives before filter=1688 after=1688
Replay tap positives before filter=2794 after=2794
Replay tap positives before filter=900 after=900
Replay tap positives before filter=4690 after=4690
Replay tap positives before filter=3994 after=3994
Replay tap positives before filter=1010 after=1010
Replay tap positives before filter=3211 after=3211
Replay tap positives before filter=1854 after=1854
Replay tap positives before filter=1701 after=1701
Replay tap positives before filter=1810 after=1810
Replay tap positives before filter=1825 after=1825
Replay tap positives before filter=6071 after=6071
Replay tap positives before filter=3503 after=3503
Replay tap positives before filter=989 after=989
Replay tap positives before filter=4961 after=4961
Replay tap positives before filter=2133 after=2133
Replay tap positives before filter=1204 after=1204
Replay tap positives before filter=3344 after=3344
Replay tap positives before filter=1410 after=1410
Replay tap positives before filter=2573 after=2573
Replay tap positives before filter=1991 after=1991
Replay tap positives before filter=1514 after=1514
Replay tap positives before filter=6171 after=6171
Replay tap positives before filter=2089 after=2089
Replay tap positives before filter=1714 after=1714
Replay tap positives before filter=3099 after=3099
Replay tap positives before filter=2633 after=2633
Replay tap positives before filter=3650 after=3650
Replay tap positives before filter=3254 after=3254
Replay tap positives before filter=1046 after=1046
Replay tap positives before filter=2930 after=2930
Replay tap positives before filter=1320 after=1320
Replay tap positives before filter=1577 after=1577
Replay tap positives before filter=3804 after=3804
Replay tap positives before filter=1830 after=1830
Replay tap positives before filter=1425 after=1425
Replay tap positives before filter=3571 after=3571
Replay tap positives before filter=1779 after=1779
Replay tap positives before filter=1357 after=1357
Replay tap positives before filter=1313 after=1313
Replay tap positives before filter=755 after=755
Replay tap positives before filter=1326 after=1326
Replay tap positives before filter=1740 after=1740
Replay tap positives before filter=2755 after=2755
Replay tap positives before filter=3502 after=3502
Replay tap positives before filter=775 after=775
Replay tap positives before filter=2308 after=2308
Replay tap positives before filter=2897 after=2897
Replay tap positives before filter=2724 after=2724
Replay tap positives before filter=2023 after=2023
Replay tap positives before filter=1422 after=1422
Replay tap positives before filter=5240 after=5240
Replay tap positives before filter=1202 after=1202
Replay tap positives before filter=1413 after=1413
Replay tap positives before filter=1231 after=1231
Replay tap positives before filter=1826 after=1826
Replay tap positives before filter=3074 after=3074
Replay tap positives before filter=2955 after=2955
Replay tap positives before filter=1545 after=1545
Replay tap positives before filter=1685 after=1685
Replay tap positives before filter=628 after=628
Replay tap positives before filter=1053 after=1053
Replay tap positives before filter=1585 after=1585
Replay tap positives before filter=3015 after=3015
Replay tap positives before filter=2301 after=2301
Replay tap positives before filter=2211 after=2211
Replay tap positives before filter=4537 after=4537
Replay tap positives before filter=5074 after=5074
Replay tap positives before filter=2475 after=2475
Replay tap positives before filter=1506 after=1506
Replay tap positives before filter=4478 after=4478
Replay tap positives before filter=2669 after=2669
Replay tap positives before filter=4021 after=4021
Replay tap positives before filter=593 after=593
Replay tap positives before filter=2846 after=2846
Replay tap positives before filter=4582 after=4582
Replay tap positives before filter=2212 after=2212
Replay tap positives before filter=1382 after=1382
Replay tap positives before filter=427 after=427
Replay tap positives before filter=2190 after=2190
Replay tap positives before filter=2324 after=2324
Replay tap positives before filter=3610 after=3610
Replay tap positives before filter=2386 after=2386
Replay tap positives before filter=3087 after=3087
Replay tap positives before filter=1563 after=1563
Replay tap positives before filter=1245 after=1245
Replay tap positives before filter=2699 after=2699
Replay tap positives before filter=2334 after=2334
Replay tap positives before filter=1796 after=1796
Replay tap positives before filter=2998 after=2998
Replay tap positives before filter=2040 after=2040
Replay tap positives before filter=544 after=544
Replay tap positives before filter=1778 after=1778
Replay tap positives before filter=1654 after=1654
Replay tap positives before filter=3182 after=3182
Replay tap positives before filter=2747 after=2747
Replay tap positives before filter=2887 after=2887
Replay tap positives before filter=845 after=845
Replay tap positives before filter=3745 after=3745
Replay tap positives before filter=4748 after=4748
Replay tap positives before filter=3722 after=3722
Replay tap positives before filter=1957 after=1957
Replay tap positives before filter=747 after=747
No positive cells found.
No positive cells found.
                   all        186       8357      0.629      0.496      0.501      0.277
Saved 768 replay embeddings to /home/ddwilde/scriptie/runs/dota_lora_replay/stage1-lora-replay/replay/buffer.pt

      Epoch    GPU_mem   box_loss   cls_loss   dfl_lossreplay_loss  Instances       Size
Replay tap positives before filter=2674 after=2674
Replay tap positives before filter=3256 after=3256
Replay tap positives before filter=1317 after=1317
Replay tap positives before filter=1149 after=1149
Replay tap positives before filter=2612 after=2612
Replay tap positives before filter=2398 after=2398
Replay tap positives before filter=1381 after=1381
Replay tap positives before filter=3894 after=3894
Replay tap positives before filter=3080 after=3080
Replay tap positives before filter=3380 after=3380
Replay tap positives before filter=2307 after=2307
Replay tap positives before filter=4703 after=4703
Replay tap positives before filter=2046 after=2046
Replay tap positives before filter=2103 after=2103
Replay tap positives before filter=2058 after=2058
Replay tap positives before filter=2860 after=2860
Replay tap positives before filter=1450 after=1450
Replay tap positives before filter=3868 after=3868
Replay tap positives before filter=4307 after=4307
Replay tap positives before filter=2283 after=2283
Replay tap positives before filter=1024 after=1024
Replay tap positives before filter=2701 after=2701
Replay tap positives before filter=1169 after=1169
Replay tap positives before filter=5622 after=5622
Replay tap positives before filter=1717 after=1717
Replay tap positives before filter=2723 after=2723
Replay tap positives before filter=1244 after=1244
Replay tap positives before filter=934 after=934
Replay tap positives before filter=1753 after=1753
Replay tap positives before filter=2266 after=2266
Replay tap positives before filter=1785 after=1785
Replay tap positives before filter=4375 after=4375
Replay tap positives before filter=601 after=601
Replay tap positives before filter=1071 after=1071
Replay tap positives before filter=1840 after=1840
Replay tap positives before filter=2074 after=2074
Replay tap positives before filter=2109 after=2109
Replay tap positives before filter=1652 after=1652
Replay tap positives before filter=1370 after=1370
Replay tap positives before filter=2926 after=2926
Replay tap positives before filter=401 after=401
Replay tap positives before filter=3683 after=3683
Replay tap positives before filter=2286 after=2286
Replay tap positives before filter=5311 after=5311
Replay tap positives before filter=3253 after=3253
Replay tap positives before filter=1427 after=1427
Replay tap positives before filter=3162 after=3162
Replay tap positives before filter=814 after=814
Replay tap positives before filter=3391 after=3391
Replay tap positives before filter=2940 after=2940
Replay tap positives before filter=1091 after=1091
Replay tap positives before filter=2722 after=2722
Replay tap positives before filter=1359 after=1359
Replay tap positives before filter=3784 after=3784
Replay tap positives before filter=2242 after=2242
Replay tap positives before filter=1890 after=1890
Replay tap positives before filter=2700 after=2700
Replay tap positives before filter=6410 after=6410
Replay tap positives before filter=1343 after=1343
Replay tap positives before filter=1343 after=1343
Replay tap positives before filter=6102 after=6102
Replay tap positives before filter=2597 after=2597
Replay tap positives before filter=2666 after=2666
Replay tap positives before filter=3783 after=3783
Replay tap positives before filter=1577 after=1577
Replay tap positives before filter=2557 after=2557
Replay tap positives before filter=2411 after=2411
Replay tap positives before filter=2650 after=2650
Replay tap positives before filter=3190 after=3190
Replay tap positives before filter=888 after=888
Replay tap positives before filter=2588 after=2588
Replay tap positives before filter=4197 after=4197
Replay tap positives before filter=662 after=662
Replay tap positives before filter=4061 after=4061
Replay tap positives before filter=692 after=692
Replay tap positives before filter=1393 after=1393
Replay tap positives before filter=3684 after=3684
Replay tap positives before filter=1496 after=1496
Replay tap positives before filter=2479 after=2479
Replay tap positives before filter=3841 after=3841
Replay tap positives before filter=1909 after=1909
Replay tap positives before filter=3919 after=3919
Replay tap positives before filter=3333 after=3333
Replay tap positives before filter=3770 after=3770
Replay tap positives before filter=1959 after=1959
Replay tap positives before filter=3511 after=3511
Replay tap positives before filter=1739 after=1739
Replay tap positives before filter=896 after=896
Replay tap positives before filter=2822 after=2822
Replay tap positives before filter=5044 after=5044
Replay tap positives before filter=1586 after=1586
Replay tap positives before filter=1874 after=1874
Replay tap positives before filter=3957 after=3957
Replay tap positives before filter=1611 after=1611
Replay tap positives before filter=1316 after=1316
Replay tap positives before filter=2866 after=2866
Replay tap positives before filter=2388 after=2388
Replay tap positives before filter=4295 after=4295
Replay tap positives before filter=2189 after=2189
Replay tap positives before filter=660 after=660
Replay tap positives before filter=1436 after=1436
Replay tap positives before filter=3329 after=3329
Replay tap positives before filter=4099 after=4099
Replay tap positives before filter=3696 after=3696
Replay tap positives before filter=2324 after=2324
Replay tap positives before filter=3949 after=3949
Replay tap positives before filter=2082 after=2082
Replay tap positives before filter=971 after=971
Replay tap positives before filter=2123 after=2123
Replay tap positives before filter=2148 after=2148
Replay tap positives before filter=1814 after=1814
Replay tap positives before filter=1800 after=1800
Replay tap positives before filter=3625 after=3625
Replay tap positives before filter=2731 after=2731
Replay tap positives before filter=1375 after=1375
Replay tap positives before filter=3162 after=3162
Replay tap positives before filter=1537 after=1537
Replay tap positives before filter=3657 after=3657
Replay tap positives before filter=2173 after=2173
Replay tap positives before filter=3514 after=3514
Replay tap positives before filter=4047 after=4047
Replay tap positives before filter=2370 after=2370
Replay tap positives before filter=3663 after=3663
Replay tap positives before filter=3306 after=3306
Replay tap positives before filter=1732 after=1732
Replay tap positives before filter=3448 after=3448
Replay tap positives before filter=1178 after=1178
Replay tap positives before filter=3549 after=3549
Replay tap positives before filter=3804 after=3804
Replay tap positives before filter=2364 after=2364
Replay tap positives before filter=2047 after=2047
Replay tap positives before filter=254 after=254
No positive cells found.
No positive cells found.
                   all        186       8357      0.595      0.497      0.497      0.274
Saved 768 replay embeddings to /home/ddwilde/scriptie/runs/dota_lora_replay/stage1-lora-replay/replay/buffer.pt

      Epoch    GPU_mem   box_loss   cls_loss   dfl_lossreplay_loss  Instances       Size
Replay tap positives before filter=2668 after=2668
Replay tap positives before filter=2185 after=2185
Replay tap positives before filter=4321 after=4321
Replay tap positives before filter=2567 after=2567
Replay tap positives before filter=2340 after=2340
Replay tap positives before filter=950 after=950
Replay tap positives before filter=2199 after=2199
Replay tap positives before filter=3005 after=3005
Replay tap positives before filter=797 after=797
Replay tap positives before filter=3256 after=3256
Replay tap positives before filter=2072 after=2072
Replay tap positives before filter=3274 after=3274
Replay tap positives before filter=3168 after=3168
Replay tap positives before filter=1721 after=1721
Replay tap positives before filter=1868 after=1868
Replay tap positives before filter=2524 after=2524
Replay tap positives before filter=2230 after=2230
Replay tap positives before filter=1289 after=1289
Replay tap positives before filter=1572 after=1572
Replay tap positives before filter=1526 after=1526
Replay tap positives before filter=2951 after=2951
Replay tap positives before filter=1976 after=1976
Replay tap positives before filter=2262 after=2262
Replay tap positives before filter=3674 after=3674
Replay tap positives before filter=1209 after=1209
Replay tap positives before filter=1658 after=1658
Replay tap positives before filter=2496 after=2496
Replay tap positives before filter=1199 after=1199
Replay tap positives before filter=1713 after=1713
Replay tap positives before filter=1433 after=1433
Replay tap positives before filter=2159 after=2159
Replay tap positives before filter=2351 after=2351
Replay tap positives before filter=2855 after=2855
Replay tap positives before filter=1654 after=1654
Replay tap positives before filter=4001 after=4001
Replay tap positives before filter=1346 after=1346
Replay tap positives before filter=3603 after=3603
Replay tap positives before filter=3954 after=3954
Replay tap positives before filter=1550 after=1550
Replay tap positives before filter=2781 after=2781
Replay tap positives before filter=2328 after=2328
Replay tap positives before filter=306 after=306
Replay tap positives before filter=1293 after=1293
Replay tap positives before filter=1960 after=1960
Replay tap positives before filter=2324 after=2324
Replay tap positives before filter=1610 after=1610
Replay tap positives before filter=3242 after=3242
Replay tap positives before filter=1212 after=1212
Replay tap positives before filter=2920 after=2920
Replay tap positives before filter=4251 after=4251
Replay tap positives before filter=5939 after=5939
Replay tap positives before filter=2498 after=2498
Replay tap positives before filter=1053 after=1053
Replay tap positives before filter=3403 after=3403
Replay tap positives before filter=1469 after=1469
Replay tap positives before filter=854 after=854
Replay tap positives before filter=1671 after=1671
Replay tap positives before filter=1893 after=1893
Replay tap positives before filter=3372 after=3372
Replay tap positives before filter=570 after=570
Replay tap positives before filter=2277 after=2277
Replay tap positives before filter=1216 after=1216
Replay tap positives before filter=1811 after=1811
Replay tap positives before filter=2090 after=2090
Replay tap positives before filter=792 after=792
Replay tap positives before filter=1772 after=1772
Replay tap positives before filter=1893 after=1893
Replay tap positives before filter=3613 after=3613
Replay tap positives before filter=1304 after=1304
Replay tap positives before filter=2979 after=2979
Replay tap positives before filter=1551 after=1551
Replay tap positives before filter=2150 after=2150
Replay tap positives before filter=4542 after=4542
Replay tap positives before filter=2298 after=2298
Replay tap positives before filter=2519 after=2519
Replay tap positives before filter=1380 after=1380
Replay tap positives before filter=674 after=674
Replay tap positives before filter=2605 after=2605
Replay tap positives before filter=2118 after=2118
Replay tap positives before filter=945 after=945
Replay tap positives before filter=1457 after=1457
Replay tap positives before filter=2285 after=2285
Replay tap positives before filter=1427 after=1427
Replay tap positives before filter=2869 after=2869
Replay tap positives before filter=1188 after=1188
Replay tap positives before filter=3190 after=3190
Replay tap positives before filter=2042 after=2042
Replay tap positives before filter=3449 after=3449
Replay tap positives before filter=3110 after=3110
Replay tap positives before filter=3923 after=3923
Replay tap positives before filter=1252 after=1252
Replay tap positives before filter=1078 after=1078
Replay tap positives before filter=2787 after=2787
Replay tap positives before filter=3347 after=3347
Replay tap positives before filter=3141 after=3141
Replay tap positives before filter=661 after=661
Replay tap positives before filter=3149 after=3149
Replay tap positives before filter=1077 after=1077
Replay tap positives before filter=2248 after=2248
Replay tap positives before filter=828 after=828
Replay tap positives before filter=3684 after=3684
Replay tap positives before filter=2068 after=2068
Replay tap positives before filter=4152 after=4152
Replay tap positives before filter=1626 after=1626
Replay tap positives before filter=2168 after=2168
Replay tap positives before filter=1080 after=1080
Replay tap positives before filter=2614 after=2614
Replay tap positives before filter=2811 after=2811
Replay tap positives before filter=1891 after=1891
Replay tap positives before filter=780 after=780
Replay tap positives before filter=4367 after=4367
Replay tap positives before filter=2775 after=2775
Replay tap positives before filter=1637 after=1637
Replay tap positives before filter=3352 after=3352
Replay tap positives before filter=1279 after=1279
Replay tap positives before filter=4233 after=4233
Replay tap positives before filter=4122 after=4122
Replay tap positives before filter=1585 after=1585
Replay tap positives before filter=5985 after=5985
Replay tap positives before filter=3486 after=3486
Replay tap positives before filter=2588 after=2588
Replay tap positives before filter=3998 after=3998
Replay tap positives before filter=1245 after=1245
Replay tap positives before filter=1099 after=1099
Replay tap positives before filter=2058 after=2058
Replay tap positives before filter=1113 after=1113
Replay tap positives before filter=3064 after=3064
Replay tap positives before filter=3244 after=3244
Replay tap positives before filter=2341 after=2341
Replay tap positives before filter=3726 after=3726
Replay tap positives before filter=1870 after=1870
Replay tap positives before filter=595 after=595
No positive cells found.
No positive cells found.
                   all        186       8357      0.619      0.484       0.49      0.272
Saved 768 replay embeddings to /home/ddwilde/scriptie/runs/dota_lora_replay/stage1-lora-replay/replay/buffer.pt

      Epoch    GPU_mem   box_loss   cls_loss   dfl_lossreplay_loss  Instances       Size
Replay tap positives before filter=2315 after=2315
Replay tap positives before filter=3674 after=3674
Replay tap positives before filter=2886 after=2886
Replay tap positives before filter=2089 after=2089
Replay tap positives before filter=2718 after=2718
Replay tap positives before filter=4464 after=4464
Replay tap positives before filter=2390 after=2390
Replay tap positives before filter=2820 after=2820
Replay tap positives before filter=1748 after=1748
Replay tap positives before filter=1115 after=1115
Replay tap positives before filter=2102 after=2102
Replay tap positives before filter=2621 after=2621
Replay tap positives before filter=2495 after=2495
Replay tap positives before filter=2543 after=2543
Replay tap positives before filter=3672 after=3672
Replay tap positives before filter=5544 after=5544
Replay tap positives before filter=2778 after=2778
Replay tap positives before filter=3066 after=3066
Replay tap positives before filter=2790 after=2790
Replay tap positives before filter=2298 after=2298
Replay tap positives before filter=2285 after=2285
Replay tap positives before filter=5091 after=5091
Replay tap positives before filter=3772 after=3772
Replay tap positives before filter=3355 after=3355
Replay tap positives before filter=2746 after=2746
Replay tap positives before filter=1096 after=1096
Replay tap positives before filter=3690 after=3690
Replay tap positives before filter=3028 after=3028
Replay tap positives before filter=3424 after=3424
Replay tap positives before filter=2742 after=2742
Replay tap positives before filter=1750 after=1750
Replay tap positives before filter=3609 after=3609
Replay tap positives before filter=1825 after=1825
Replay tap positives before filter=788 after=788
Replay tap positives before filter=1259 after=1259
Replay tap positives before filter=3746 after=3746
Replay tap positives before filter=2106 after=2106
Replay tap positives before filter=3508 after=3508
Replay tap positives before filter=1817 after=1817
Replay tap positives before filter=1800 after=1800
Replay tap positives before filter=772 after=772
Replay tap positives before filter=2470 after=2470
Replay tap positives before filter=1859 after=1859
Replay tap positives before filter=3846 after=3846
Replay tap positives before filter=3142 after=3142
Replay tap positives before filter=1952 after=1952
Replay tap positives before filter=4947 after=4947
Replay tap positives before filter=1338 after=1338
Replay tap positives before filter=1710 after=1710
Replay tap positives before filter=4449 after=4449
Replay tap positives before filter=3898 after=3898
Replay tap positives before filter=5115 after=5115
Replay tap positives before filter=1001 after=1001
Replay tap positives before filter=1062 after=1062
Replay tap positives before filter=2877 after=2877
Replay tap positives before filter=1775 after=1775
Replay tap positives before filter=1256 after=1256
Replay tap positives before filter=1633 after=1633
Replay tap positives before filter=948 after=948
Replay tap positives before filter=2726 after=2726
Replay tap positives before filter=1857 after=1857
Replay tap positives before filter=4963 after=4963
Replay tap positives before filter=2398 after=2398
Replay tap positives before filter=4085 after=4085
Replay tap positives before filter=3611 after=3611
Replay tap positives before filter=2197 after=2197
Replay tap positives before filter=2155 after=2155
Replay tap positives before filter=2348 after=2348
Replay tap positives before filter=2042 after=2042
Replay tap positives before filter=1215 after=1215
Replay tap positives before filter=3138 after=3138
Replay tap positives before filter=4401 after=4401
Replay tap positives before filter=1140 after=1140
Replay tap positives before filter=2812 after=2812
Replay tap positives before filter=1514 after=1514
Replay tap positives before filter=887 after=887
Replay tap positives before filter=589 after=589
Replay tap positives before filter=1473 after=1473
Replay tap positives before filter=2344 after=2344
Replay tap positives before filter=3973 after=3973
Replay tap positives before filter=1285 after=1285
Replay tap positives before filter=1523 after=1523
Replay tap positives before filter=792 after=792
Replay tap positives before filter=1878 after=1878
Replay tap positives before filter=3326 after=3326
Replay tap positives before filter=2660 after=2660
Replay tap positives before filter=2554 after=2554
Replay tap positives before filter=2883 after=2883
Replay tap positives before filter=543 after=543
Replay tap positives before filter=3756 after=3756
Replay tap positives before filter=1563 after=1563
Replay tap positives before filter=1738 after=1738
Replay tap positives before filter=1803 after=1803
Replay tap positives before filter=1299 after=1299
Replay tap positives before filter=2516 after=2516
Replay tap positives before filter=1641 after=1641
Replay tap positives before filter=3772 after=3772
Replay tap positives before filter=721 after=721
Replay tap positives before filter=1068 after=1068
Replay tap positives before filter=2508 after=2508
Replay tap positives before filter=2580 after=2580
Replay tap positives before filter=2220 after=2220
Replay tap positives before filter=1342 after=1342
Replay tap positives before filter=959 after=959
Replay tap positives before filter=2587 after=2587
Replay tap positives before filter=1461 after=1461
Replay tap positives before filter=2496 after=2496
Replay tap positives before filter=1241 after=1241
Replay tap positives before filter=3661 after=3661
Replay tap positives before filter=1859 after=1859
Replay tap positives before filter=726 after=726
Replay tap positives before filter=776 after=776
Replay tap positives before filter=1713 after=1713
Replay tap positives before filter=2088 after=2088
Replay tap positives before filter=1801 after=1801
Replay tap positives before filter=1011 after=1011
Replay tap positives before filter=2360 after=2360
Replay tap positives before filter=2422 after=2422
Replay tap positives before filter=3967 after=3967
Replay tap positives before filter=1457 after=1457
Replay tap positives before filter=2043 after=2043
Replay tap positives before filter=1285 after=1285
Replay tap positives before filter=1549 after=1549
Replay tap positives before filter=983 after=983
Replay tap positives before filter=4089 after=4089
Replay tap positives before filter=3662 after=3662
Replay tap positives before filter=3801 after=3801
Replay tap positives before filter=1419 after=1419
Replay tap positives before filter=2688 after=2688
Replay tap positives before filter=3274 after=3274
Replay tap positives before filter=1434 after=1434
Replay tap positives before filter=653 after=653
No positive cells found.
No positive cells found.
                   all        186       8357      0.615      0.496      0.495      0.272
Saved 768 replay embeddings to /home/ddwilde/scriptie/runs/dota_lora_replay/stage1-lora-replay/replay/buffer.pt

      Epoch    GPU_mem   box_loss   cls_loss   dfl_lossreplay_loss  Instances       Size
Replay tap positives before filter=2426 after=2426
Replay tap positives before filter=2107 after=2107
Replay tap positives before filter=701 after=701
Replay tap positives before filter=1711 after=1711
Replay tap positives before filter=3194 after=3194
Replay tap positives before filter=2439 after=2439
Replay tap positives before filter=679 after=679
Replay tap positives before filter=825 after=825
Replay tap positives before filter=1150 after=1150
Replay tap positives before filter=1362 after=1362
Replay tap positives before filter=3019 after=3019
Replay tap positives before filter=1694 after=1694
Replay tap positives before filter=1609 after=1609
Replay tap positives before filter=2233 after=2233
Replay tap positives before filter=3351 after=3351
Replay tap positives before filter=802 after=802
Replay tap positives before filter=1141 after=1141
Replay tap positives before filter=4357 after=4357
Replay tap positives before filter=1130 after=1130
Replay tap positives before filter=1509 after=1509
Replay tap positives before filter=1558 after=1558
Replay tap positives before filter=1209 after=1209
Replay tap positives before filter=1428 after=1428
Replay tap positives before filter=1229 after=1229
Replay tap positives before filter=1131 after=1131
Replay tap positives before filter=2387 after=2387
Replay tap positives before filter=2058 after=2058
Replay tap positives before filter=866 after=866
Replay tap positives before filter=2375 after=2375
Replay tap positives before filter=2476 after=2476
Replay tap positives before filter=1420 after=1420
Replay tap positives before filter=2289 after=2289
Replay tap positives before filter=1768 after=1768
Replay tap positives before filter=3700 after=3700
Replay tap positives before filter=2781 after=2781
Replay tap positives before filter=1070 after=1070
Replay tap positives before filter=379 after=379
Replay tap positives before filter=1042 after=1042
Replay tap positives before filter=3002 after=3002
Replay tap positives before filter=2140 after=2140
Replay tap positives before filter=2947 after=2947
Replay tap positives before filter=4189 after=4189
Replay tap positives before filter=1677 after=1677
Replay tap positives before filter=1453 after=1453
Replay tap positives before filter=1986 after=1986
Replay tap positives before filter=387 after=387
Replay tap positives before filter=2067 after=2067
Replay tap positives before filter=2124 after=2124
Replay tap positives before filter=641 after=641
Replay tap positives before filter=4152 after=4152
Replay tap positives before filter=1069 after=1069
Replay tap positives before filter=3900 after=3900
Replay tap positives before filter=3167 after=3167
Replay tap positives before filter=4185 after=4185
Replay tap positives before filter=3223 after=3223
Replay tap positives before filter=1573 after=1573
Replay tap positives before filter=654 after=654
Replay tap positives before filter=5016 after=5016
Replay tap positives before filter=2124 after=2124
Replay tap positives before filter=451 after=451
Replay tap positives before filter=3326 after=3326
Replay tap positives before filter=1946 after=1946
Replay tap positives before filter=1642 after=1642
Replay tap positives before filter=1536 after=1536
Replay tap positives before filter=711 after=711
Replay tap positives before filter=1900 after=1900
Replay tap positives before filter=2807 after=2807
Replay tap positives before filter=216 after=216
Replay tap positives before filter=2997 after=2997
Replay tap positives before filter=1119 after=1119
Replay tap positives before filter=1867 after=1867
Replay tap positives before filter=2261 after=2261
Replay tap positives before filter=2900 after=2900
Replay tap positives before filter=4583 after=4583
Replay tap positives before filter=3035 after=3035
Replay tap positives before filter=960 after=960
Replay tap positives before filter=1082 after=1082
Replay tap positives before filter=1656 after=1656
Replay tap positives before filter=2820 after=2820
Replay tap positives before filter=1666 after=1666
Replay tap positives before filter=1699 after=1699
Replay tap positives before filter=2244 after=2244
Replay tap positives before filter=3981 after=3981
Replay tap positives before filter=2627 after=2627
Replay tap positives before filter=905 after=905
Replay tap positives before filter=1706 after=1706
Replay tap positives before filter=4422 after=4422
Replay tap positives before filter=4739 after=4739
Replay tap positives before filter=775 after=775
Replay tap positives before filter=3461 after=3461
Replay tap positives before filter=1574 after=1574
Replay tap positives before filter=3731 after=3731
Replay tap positives before filter=273 after=273
Replay tap positives before filter=1434 after=1434
Replay tap positives before filter=2782 after=2782
Replay tap positives before filter=483 after=483
Replay tap positives before filter=4120 after=4120
Replay tap positives before filter=3021 after=3021
Replay tap positives before filter=1932 after=1932
Replay tap positives before filter=959 after=959
Replay tap positives before filter=1608 after=1608
Replay tap positives before filter=1780 after=1780
Replay tap positives before filter=2079 after=2079
Replay tap positives before filter=2135 after=2135
Replay tap positives before filter=2950 after=2950
Replay tap positives before filter=4024 after=4024
Replay tap positives before filter=3285 after=3285
Replay tap positives before filter=300 after=300
Replay tap positives before filter=1728 after=1728
Replay tap positives before filter=1806 after=1806
Replay tap positives before filter=2031 after=2031
Replay tap positives before filter=1369 after=1369
Replay tap positives before filter=3853 after=3853
Replay tap positives before filter=1713 after=1713
Replay tap positives before filter=3129 after=3129
Replay tap positives before filter=2880 after=2880
Replay tap positives before filter=2742 after=2742
Replay tap positives before filter=2038 after=2038
Replay tap positives before filter=3095 after=3095
Replay tap positives before filter=3764 after=3764
Replay tap positives before filter=2172 after=2172
Replay tap positives before filter=5367 after=5367
Replay tap positives before filter=2932 after=2932
Replay tap positives before filter=3317 after=3317
Replay tap positives before filter=7358 after=7358
Replay tap positives before filter=1065 after=1065
Replay tap positives before filter=1069 after=1069
Replay tap positives before filter=5384 after=5384
Replay tap positives before filter=5184 after=5184
Replay tap positives before filter=2332 after=2332
Replay tap positives before filter=2588 after=2588
Replay tap positives before filter=3454 after=3454
No positive cells found.
No positive cells found.
                   all        186       8357      0.605      0.499      0.501      0.281
Saved 768 replay embeddings to /home/ddwilde/scriptie/runs/dota_lora_replay/stage1-lora-replay/replay/buffer.pt

      Epoch    GPU_mem   box_loss   cls_loss   dfl_lossreplay_loss  Instances       Size
Replay tap positives before filter=3106 after=3106
Replay tap positives before filter=573 after=573
Replay tap positives before filter=1194 after=1194
Replay tap positives before filter=988 after=988
Replay tap positives before filter=1982 after=1982
Replay tap positives before filter=1976 after=1976
Replay tap positives before filter=5001 after=5001
Replay tap positives before filter=3607 after=3607
Replay tap positives before filter=2781 after=2781
Replay tap positives before filter=2891 after=2891
Replay tap positives before filter=2688 after=2688
Replay tap positives before filter=2666 after=2666
Replay tap positives before filter=1343 after=1343
Replay tap positives before filter=3300 after=3300
Replay tap positives before filter=1696 after=1696
Replay tap positives before filter=1053 after=1053
Replay tap positives before filter=1102 after=1102
Replay tap positives before filter=2715 after=2715
Replay tap positives before filter=2499 after=2499
Replay tap positives before filter=3217 after=3217
Replay tap positives before filter=4054 after=4054
Replay tap positives before filter=4279 after=4279
Replay tap positives before filter=1933 after=1933
Replay tap positives before filter=2427 after=2427
Replay tap positives before filter=846 after=846
Replay tap positives before filter=1410 after=1410
Replay tap positives before filter=3548 after=3548
Replay tap positives before filter=1543 after=1543
Replay tap positives before filter=1476 after=1476
Replay tap positives before filter=1136 after=1136
Replay tap positives before filter=1276 after=1276
Replay tap positives before filter=3377 after=3377
Replay tap positives before filter=1157 after=1157
Replay tap positives before filter=3711 after=3711
Replay tap positives before filter=2781 after=2781
Replay tap positives before filter=1940 after=1940
Replay tap positives before filter=2115 after=2115
Replay tap positives before filter=3483 after=3483
Replay tap positives before filter=2255 after=2255
Replay tap positives before filter=733 after=733
Replay tap positives before filter=3630 after=3630
Replay tap positives before filter=3426 after=3426
Replay tap positives before filter=2021 after=2021
Replay tap positives before filter=2565 after=2565
Replay tap positives before filter=1519 after=1519
Replay tap positives before filter=1343 after=1343
Replay tap positives before filter=1432 after=1432
Replay tap positives before filter=2807 after=2807
Replay tap positives before filter=2516 after=2516
Replay tap positives before filter=1606 after=1606
Replay tap positives before filter=2128 after=2128
Replay tap positives before filter=2982 after=2982
Replay tap positives before filter=2146 after=2146
Replay tap positives before filter=2032 after=2032
Replay tap positives before filter=2322 after=2322
Replay tap positives before filter=1745 after=1745
Replay tap positives before filter=4042 after=4042
Replay tap positives before filter=3350 after=3350
Replay tap positives before filter=3340 after=3340
Replay tap positives before filter=722 after=722
Replay tap positives before filter=3369 after=3369
Replay tap positives before filter=649 after=649
Replay tap positives before filter=4077 after=4077
Replay tap positives before filter=2123 after=2123
Replay tap positives before filter=308 after=308
Replay tap positives before filter=2681 after=2681
Replay tap positives before filter=3416 after=3416
Replay tap positives before filter=3801 after=3801
Replay tap positives before filter=1757 after=1757
Replay tap positives before filter=758 after=758
Replay tap positives before filter=3008 after=3008
Replay tap positives before filter=3350 after=3350
Replay tap positives before filter=3942 after=3942
Replay tap positives before filter=3694 after=3694
Replay tap positives before filter=3620 after=3620
Replay tap positives before filter=1274 after=1274
Replay tap positives before filter=1797 after=1797
Replay tap positives before filter=1668 after=1668
Replay tap positives before filter=5699 after=5699
Replay tap positives before filter=2108 after=2108
Replay tap positives before filter=1211 after=1211
Replay tap positives before filter=2778 after=2778
Replay tap positives before filter=1841 after=1841
Replay tap positives before filter=4159 after=4159
Replay tap positives before filter=1847 after=1847
Replay tap positives before filter=323 after=323
Replay tap positives before filter=4041 after=4041
Replay tap positives before filter=2518 after=2518
Replay tap positives before filter=2961 after=2961
Replay tap positives before filter=3129 after=3129
Replay tap positives before filter=2820 after=2820
Replay tap positives before filter=3330 after=3330
Replay tap positives before filter=1533 after=1533
Replay tap positives before filter=2192 after=2192
Replay tap positives before filter=4271 after=4271
Replay tap positives before filter=3277 after=3277
Replay tap positives before filter=3918 after=3918
Replay tap positives before filter=3377 after=3377
Replay tap positives before filter=2129 after=2129
Replay tap positives before filter=1102 after=1102
Replay tap positives before filter=3215 after=3215
Replay tap positives before filter=932 after=932
Replay tap positives before filter=2329 after=2329
Replay tap positives before filter=2405 after=2405
Replay tap positives before filter=1528 after=1528
Replay tap positives before filter=2405 after=2405
Replay tap positives before filter=2031 after=2031
Replay tap positives before filter=3691 after=3691
Replay tap positives before filter=1683 after=1683
Replay tap positives before filter=1569 after=1569
Replay tap positives before filter=1925 after=1925
Replay tap positives before filter=2094 after=2094
Replay tap positives before filter=2978 after=2978
Replay tap positives before filter=4312 after=4312
Replay tap positives before filter=941 after=941
Replay tap positives before filter=6646 after=6646
Replay tap positives before filter=2835 after=2835
Replay tap positives before filter=816 after=816
Replay tap positives before filter=1317 after=1317
Replay tap positives before filter=1503 after=1503
Replay tap positives before filter=1038 after=1038
Replay tap positives before filter=2424 after=2424
Replay tap positives before filter=1752 after=1752
Replay tap positives before filter=2016 after=2016
Replay tap positives before filter=2670 after=2670
Replay tap positives before filter=2561 after=2561
Replay tap positives before filter=3831 after=3831
Replay tap positives before filter=2422 after=2422
Replay tap positives before filter=2180 after=2180
Replay tap positives before filter=1323 after=1323
Replay tap positives before filter=2716 after=2716
Replay tap positives before filter=1466 after=1466
No positive cells found.
No positive cells found.
                   all        186       8357      0.635      0.493      0.502       0.28
Saved 768 replay embeddings to /home/ddwilde/scriptie/runs/dota_lora_replay/stage1-lora-replay/replay/buffer.pt

      Epoch    GPU_mem   box_loss   cls_loss   dfl_lossreplay_loss  Instances       Size
Replay tap positives before filter=2177 after=2177
Replay tap positives before filter=2605 after=2605
Replay tap positives before filter=2489 after=2489
Replay tap positives before filter=3552 after=3552
Replay tap positives before filter=2644 after=2644
Replay tap positives before filter=2375 after=2375
Replay tap positives before filter=1390 after=1390
Replay tap positives before filter=5576 after=5576
Replay tap positives before filter=2674 after=2674
Replay tap positives before filter=5780 after=5780
Replay tap positives before filter=2346 after=2346
Replay tap positives before filter=2899 after=2899
Replay tap positives before filter=2224 after=2224
Replay tap positives before filter=2332 after=2332
Replay tap positives before filter=2888 after=2888
Replay tap positives before filter=1800 after=1800
Replay tap positives before filter=1890 after=1890
Replay tap positives before filter=1845 after=1845
Replay tap positives before filter=4229 after=4229
Replay tap positives before filter=4343 after=4343
Replay tap positives before filter=1639 after=1639
Replay tap positives before filter=1096 after=1096
Replay tap positives before filter=5570 after=5570
Replay tap positives before filter=3307 after=3307
Replay tap positives before filter=2360 after=2360
Replay tap positives before filter=1317 after=1317
Replay tap positives before filter=3987 after=3987
Replay tap positives before filter=1136 after=1136
Replay tap positives before filter=2070 after=2070
Replay tap positives before filter=2627 after=2627
Replay tap positives before filter=4384 after=4384
Replay tap positives before filter=2317 after=2317
Replay tap positives before filter=3661 after=3661
Replay tap positives before filter=3842 after=3842
Replay tap positives before filter=594 after=594
Replay tap positives before filter=1510 after=1510
Replay tap positives before filter=1350 after=1350
Replay tap positives before filter=1587 after=1587
Replay tap positives before filter=2783 after=2783
Replay tap positives before filter=3766 after=3766
Replay tap positives before filter=2341 after=2341
Replay tap positives before filter=2641 after=2641
Replay tap positives before filter=3413 after=3413
Replay tap positives before filter=1658 after=1658
Replay tap positives before filter=2409 after=2409
Replay tap positives before filter=538 after=538
Replay tap positives before filter=1820 after=1820
Replay tap positives before filter=1863 after=1863
Replay tap positives before filter=1380 after=1380
Replay tap positives before filter=2617 after=2617
Replay tap positives before filter=4489 after=4489
Replay tap positives before filter=947 after=947
Replay tap positives before filter=417 after=417
Replay tap positives before filter=906 after=906
Replay tap positives before filter=2753 after=2753
Replay tap positives before filter=701 after=701
Replay tap positives before filter=1488 after=1488
Replay tap positives before filter=3328 after=3328
Replay tap positives before filter=2494 after=2494
Replay tap positives before filter=1676 after=1676
Replay tap positives before filter=2055 after=2055
Replay tap positives before filter=3453 after=3453
Replay tap positives before filter=1448 after=1448
Replay tap positives before filter=3009 after=3009
Replay tap positives before filter=4596 after=4596
Replay tap positives before filter=5617 after=5617
Replay tap positives before filter=1377 after=1377
Replay tap positives before filter=1396 after=1396
Replay tap positives before filter=1600 after=1600
Replay tap positives before filter=888 after=888
Replay tap positives before filter=3228 after=3228
Replay tap positives before filter=3675 after=3675
Replay tap positives before filter=2206 after=2206
Replay tap positives before filter=1840 after=1840
Replay tap positives before filter=1044 after=1044
Replay tap positives before filter=3947 after=3947
Replay tap positives before filter=2439 after=2439
Replay tap positives before filter=1774 after=1774
Replay tap positives before filter=2651 after=2651
Replay tap positives before filter=1495 after=1495
Replay tap positives before filter=1330 after=1330
Replay tap positives before filter=3736 after=3736
Replay tap positives before filter=3497 after=3497
Replay tap positives before filter=912 after=912
Replay tap positives before filter=2184 after=2184
Replay tap positives before filter=2631 after=2631
Replay tap positives before filter=3763 after=3763
Replay tap positives before filter=1930 after=1930
Replay tap positives before filter=1877 after=1877
Replay tap positives before filter=1955 after=1955
Replay tap positives before filter=1527 after=1527
Replay tap positives before filter=1832 after=1832
Replay tap positives before filter=1690 after=1690
Replay tap positives before filter=493 after=493
Replay tap positives before filter=2009 after=2009
Replay tap positives before filter=3015 after=3015
Replay tap positives before filter=3520 after=3520
Replay tap positives before filter=4356 after=4356
Replay tap positives before filter=3396 after=3396
Replay tap positives before filter=3899 after=3899
Replay tap positives before filter=2495 after=2495
Replay tap positives before filter=453 after=453
Replay tap positives before filter=1496 after=1496
Replay tap positives before filter=2536 after=2536
Replay tap positives before filter=3143 after=3143
Replay tap positives before filter=2109 after=2109
Replay tap positives before filter=494 after=494
Replay tap positives before filter=2246 after=2246
Replay tap positives before filter=2023 after=2023
Replay tap positives before filter=955 after=955
Replay tap positives before filter=3825 after=3825
Replay tap positives before filter=1893 after=1893
Replay tap positives before filter=2430 after=2430
Replay tap positives before filter=2700 after=2700
Replay tap positives before filter=2701 after=2701
Replay tap positives before filter=2254 after=2254
Replay tap positives before filter=666 after=666
Replay tap positives before filter=3438 after=3438
Replay tap positives before filter=995 after=995
Replay tap positives before filter=1398 after=1398
Replay tap positives before filter=2403 after=2403
Replay tap positives before filter=3171 after=3171
Replay tap positives before filter=2337 after=2337
Replay tap positives before filter=3280 after=3280
Replay tap positives before filter=2028 after=2028
Replay tap positives before filter=1566 after=1566
Replay tap positives before filter=2189 after=2189
Replay tap positives before filter=1907 after=1907
Replay tap positives before filter=2212 after=2212
Replay tap positives before filter=770 after=770
Replay tap positives before filter=736 after=736
Replay tap positives before filter=295 after=295
No positive cells found.
No positive cells found.
                   all        186       8357      0.613      0.493      0.497      0.276
Saved 768 replay embeddings to /home/ddwilde/scriptie/runs/dota_lora_replay/stage1-lora-replay/replay/buffer.pt

      Epoch    GPU_mem   box_loss   cls_loss   dfl_lossreplay_loss  Instances       Size
Replay tap positives before filter=2728 after=2728
Replay tap positives before filter=1278 after=1278
Replay tap positives before filter=1907 after=1907
Replay tap positives before filter=2608 after=2608
Replay tap positives before filter=2993 after=2993
Replay tap positives before filter=3196 after=3196
Replay tap positives before filter=4067 after=4067
Replay tap positives before filter=2815 after=2815
Replay tap positives before filter=3351 after=3351
Replay tap positives before filter=3393 after=3393
Replay tap positives before filter=1294 after=1294
Replay tap positives before filter=1914 after=1914
Replay tap positives before filter=1960 after=1960
Replay tap positives before filter=4504 after=4504
Replay tap positives before filter=2244 after=2244
Replay tap positives before filter=2730 after=2730
Replay tap positives before filter=5159 after=5159
Replay tap positives before filter=3501 after=3501
Replay tap positives before filter=1431 after=1431
Replay tap positives before filter=1278 after=1278
Replay tap positives before filter=2771 after=2771
Replay tap positives before filter=4353 after=4353
Replay tap positives before filter=593 after=593
Replay tap positives before filter=2622 after=2622
Replay tap positives before filter=2104 after=2104
Replay tap positives before filter=4572 after=4572
Replay tap positives before filter=3671 after=3671
Replay tap positives before filter=2090 after=2090
Replay tap positives before filter=1253 after=1253
Replay tap positives before filter=1824 after=1824
Replay tap positives before filter=337 after=337
Replay tap positives before filter=1499 after=1499
Replay tap positives before filter=1373 after=1373
Replay tap positives before filter=1453 after=1453
Replay tap positives before filter=1336 after=1336
Replay tap positives before filter=2879 after=2879
Replay tap positives before filter=1423 after=1423
Replay tap positives before filter=2653 after=2653
Replay tap positives before filter=1883 after=1883
Replay tap positives before filter=762 after=762
Replay tap positives before filter=2368 after=2368
Replay tap positives before filter=1655 after=1655
Replay tap positives before filter=2706 after=2706
Replay tap positives before filter=1133 after=1133
Replay tap positives before filter=1777 after=1777
Replay tap positives before filter=2167 after=2167
Replay tap positives before filter=816 after=816
Replay tap positives before filter=4168 after=4168
Replay tap positives before filter=5116 after=5116
Replay tap positives before filter=2344 after=2344
Replay tap positives before filter=3394 after=3394
Replay tap positives before filter=1177 after=1177
Replay tap positives before filter=1170 after=1170
Replay tap positives before filter=3641 after=3641
Replay tap positives before filter=4144 after=4144
Replay tap positives before filter=3507 after=3507
Replay tap positives before filter=1391 after=1391
Replay tap positives before filter=900 after=900
Replay tap positives before filter=804 after=804
Replay tap positives before filter=1222 after=1222
Replay tap positives before filter=3485 after=3485
Replay tap positives before filter=1314 after=1314
Replay tap positives before filter=1458 after=1458
Replay tap positives before filter=2085 after=2085
Replay tap positives before filter=1159 after=1159
Replay tap positives before filter=793 after=793
Replay tap positives before filter=2813 after=2813
Replay tap positives before filter=470 after=470
Replay tap positives before filter=3337 after=3337
Replay tap positives before filter=2094 after=2094
Replay tap positives before filter=3044 after=3044
Replay tap positives before filter=2996 after=2996
Replay tap positives before filter=1865 after=1865
Replay tap positives before filter=1624 after=1624
Replay tap positives before filter=1453 after=1453
Replay tap positives before filter=649 after=649
Replay tap positives before filter=2549 after=2549
Replay tap positives before filter=2632 after=2632
Replay tap positives before filter=1888 after=1888
Replay tap positives before filter=886 after=886
Replay tap positives before filter=1618 after=1618
Replay tap positives before filter=1154 after=1154
Replay tap positives before filter=1285 after=1285
Replay tap positives before filter=2053 after=2053
Replay tap positives before filter=1425 after=1425
Replay tap positives before filter=2416 after=2416
Replay tap positives before filter=2003 after=2003
Replay tap positives before filter=1729 after=1729
Replay tap positives before filter=6459 after=6459
Replay tap positives before filter=2231 after=2231
Replay tap positives before filter=1104 after=1104
Replay tap positives before filter=687 after=687
Replay tap positives before filter=2732 after=2732
Replay tap positives before filter=2093 after=2093
Replay tap positives before filter=2799 after=2799
Replay tap positives before filter=1377 after=1377
Replay tap positives before filter=3080 after=3080
Replay tap positives before filter=1264 after=1264
Replay tap positives before filter=3005 after=3005
Replay tap positives before filter=2020 after=2020
Replay tap positives before filter=3696 after=3696
Replay tap positives before filter=1998 after=1998
Replay tap positives before filter=1961 after=1961
Replay tap positives before filter=1186 after=1186
Replay tap positives before filter=2418 after=2418
Replay tap positives before filter=2701 after=2701
Replay tap positives before filter=2023 after=2023
Replay tap positives before filter=2342 after=2342
Replay tap positives before filter=2289 after=2289
Replay tap positives before filter=1513 after=1513
Replay tap positives before filter=3532 after=3532
Replay tap positives before filter=2022 after=2022
Replay tap positives before filter=3017 after=3017
Replay tap positives before filter=1852 after=1852
Replay tap positives before filter=1466 after=1466
Replay tap positives before filter=1297 after=1297
Replay tap positives before filter=2908 after=2908
Replay tap positives before filter=2068 after=2068
Replay tap positives before filter=2971 after=2971
Replay tap positives before filter=1190 after=1190
Replay tap positives before filter=5683 after=5683
Replay tap positives before filter=969 after=969
Replay tap positives before filter=4310 after=4310
Replay tap positives before filter=3511 after=3511
Replay tap positives before filter=2013 after=2013
Replay tap positives before filter=2497 after=2497
Replay tap positives before filter=3084 after=3084
Replay tap positives before filter=1815 after=1815
Replay tap positives before filter=5687 after=5687
Replay tap positives before filter=2872 after=2872
Replay tap positives before filter=936 after=936
Replay tap positives before filter=327 after=327
No positive cells found.
No positive cells found.
                   all        186       8357      0.635      0.507       0.51      0.288
Saved 768 replay embeddings to /home/ddwilde/scriptie/runs/dota_lora_replay/stage1-lora-replay/replay/buffer.pt

      Epoch    GPU_mem   box_loss   cls_loss   dfl_lossreplay_loss  Instances       Size
Replay tap positives before filter=3273 after=3273
Replay tap positives before filter=2597 after=2597
Replay tap positives before filter=2229 after=2229
Replay tap positives before filter=1000 after=1000
Replay tap positives before filter=5572 after=5572
Replay tap positives before filter=1392 after=1392
Replay tap positives before filter=1366 after=1366
Replay tap positives before filter=1231 after=1231
Replay tap positives before filter=1325 after=1325
Replay tap positives before filter=4316 after=4316
Replay tap positives before filter=4047 after=4047
Replay tap positives before filter=1702 after=1702
Replay tap positives before filter=2895 after=2895
Replay tap positives before filter=2388 after=2388
Replay tap positives before filter=1223 after=1223
Replay tap positives before filter=2128 after=2128
Replay tap positives before filter=3675 after=3675
Replay tap positives before filter=945 after=945
Replay tap positives before filter=2517 after=2517
Replay tap positives before filter=1807 after=1807
Replay tap positives before filter=284 after=284
Replay tap positives before filter=3498 after=3498
Replay tap positives before filter=2442 after=2442
Replay tap positives before filter=2343 after=2343
Replay tap positives before filter=1524 after=1524
Replay tap positives before filter=2551 after=2551
Replay tap positives before filter=2295 after=2295
Replay tap positives before filter=3706 after=3706
Replay tap positives before filter=3904 after=3904
Replay tap positives before filter=2141 after=2141
Replay tap positives before filter=1376 after=1376
Replay tap positives before filter=2143 after=2143
Replay tap positives before filter=1367 after=1367
Replay tap positives before filter=6961 after=6961
Replay tap positives before filter=2605 after=2605
Replay tap positives before filter=1465 after=1465
Replay tap positives before filter=5473 after=5473
Replay tap positives before filter=5608 after=5608
Replay tap positives before filter=1221 after=1221
Replay tap positives before filter=1723 after=1723
Replay tap positives before filter=1775 after=1775
Replay tap positives before filter=3316 after=3316
Replay tap positives before filter=4508 after=4508
Replay tap positives before filter=1704 after=1704
Replay tap positives before filter=1977 after=1977
Replay tap positives before filter=762 after=762
Replay tap positives before filter=2434 after=2434
Replay tap positives before filter=1963 after=1963
Replay tap positives before filter=4270 after=4270
Replay tap positives before filter=4098 after=4098
Replay tap positives before filter=3223 after=3223
Replay tap positives before filter=2319 after=2319
Replay tap positives before filter=2452 after=2452
Replay tap positives before filter=1171 after=1171
Replay tap positives before filter=1865 after=1865
Replay tap positives before filter=3570 after=3570
Replay tap positives before filter=1873 after=1873
Replay tap positives before filter=3811 after=3811
Replay tap positives before filter=799 after=799
Replay tap positives before filter=1860 after=1860
Replay tap positives before filter=2033 after=2033
Replay tap positives before filter=3425 after=3425
Replay tap positives before filter=1358 after=1358
Replay tap positives before filter=2056 after=2056
Replay tap positives before filter=1911 after=1911
Replay tap positives before filter=2962 after=2962
Replay tap positives before filter=1010 after=1010
Replay tap positives before filter=1983 after=1983
Replay tap positives before filter=1732 after=1732
Replay tap positives before filter=2336 after=2336
Replay tap positives before filter=145 after=145
Replay tap positives before filter=1096 after=1096
Replay tap positives before filter=2443 after=2443
Replay tap positives before filter=4140 after=4140
Replay tap positives before filter=1366 after=1366
Replay tap positives before filter=1909 after=1909
Replay tap positives before filter=3253 after=3253
Replay tap positives before filter=3847 after=3847
Replay tap positives before filter=1162 after=1162
Replay tap positives before filter=2072 after=2072
Replay tap positives before filter=3101 after=3101
Replay tap positives before filter=3515 after=3515
Replay tap positives before filter=995 after=995
Replay tap positives before filter=2083 after=2083
Replay tap positives before filter=3133 after=3133
Replay tap positives before filter=1864 after=1864
Replay tap positives before filter=690 after=690
Replay tap positives before filter=4837 after=4837
Replay tap positives before filter=2487 after=2487
Replay tap positives before filter=1528 after=1528
Replay tap positives before filter=3087 after=3087
Replay tap positives before filter=1174 after=1174
Replay tap positives before filter=4696 after=4696
Replay tap positives before filter=1751 after=1751
Replay tap positives before filter=823 after=823
Replay tap positives before filter=3720 after=3720
Replay tap positives before filter=4240 after=4240
Replay tap positives before filter=4359 after=4359
Replay tap positives before filter=828 after=828
Replay tap positives before filter=1670 after=1670
Replay tap positives before filter=1061 after=1061
Replay tap positives before filter=3405 after=3405
Replay tap positives before filter=565 after=565
Replay tap positives before filter=3541 after=3541
Replay tap positives before filter=3297 after=3297
Replay tap positives before filter=2157 after=2157
Replay tap positives before filter=860 after=860
Replay tap positives before filter=2449 after=2449
Replay tap positives before filter=1947 after=1947
Replay tap positives before filter=1700 after=1700
Replay tap positives before filter=785 after=785
Replay tap positives before filter=3433 after=3433
Replay tap positives before filter=1805 after=1805
Replay tap positives before filter=460 after=460
Replay tap positives before filter=2145 after=2145
Replay tap positives before filter=973 after=973
Replay tap positives before filter=1926 after=1926
Replay tap positives before filter=1483 after=1483
Replay tap positives before filter=1364 after=1364
Replay tap positives before filter=3816 after=3816
Replay tap positives before filter=4741 after=4741
Replay tap positives before filter=3260 after=3260
Replay tap positives before filter=1735 after=1735
Replay tap positives before filter=2701 after=2701
Replay tap positives before filter=3231 after=3231
Replay tap positives before filter=2376 after=2376
Replay tap positives before filter=1891 after=1891
Replay tap positives before filter=1770 after=1770
Replay tap positives before filter=2994 after=2994
Replay tap positives before filter=4702 after=4702
Replay tap positives before filter=3192 after=3192
Replay tap positives before filter=773 after=773
No positive cells found.
No positive cells found.
                   all        186       8357      0.637      0.507      0.512      0.286
Saved 768 replay embeddings to /home/ddwilde/scriptie/runs/dota_lora_replay/stage1-lora-replay/replay/buffer.pt

      Epoch    GPU_mem   box_loss   cls_loss   dfl_lossreplay_loss  Instances       Size
Replay tap positives before filter=3489 after=3489
Replay tap positives before filter=4878 after=4878
Replay tap positives before filter=2229 after=2229
Replay tap positives before filter=3112 after=3112
Replay tap positives before filter=4050 after=4050
Replay tap positives before filter=1613 after=1613
Replay tap positives before filter=1953 after=1953
Replay tap positives before filter=2211 after=2211
Replay tap positives before filter=1606 after=1606
Replay tap positives before filter=477 after=477
Replay tap positives before filter=1414 after=1414
Replay tap positives before filter=3605 after=3605
Replay tap positives before filter=2854 after=2854
Replay tap positives before filter=2382 after=2382
Replay tap positives before filter=706 after=706
Replay tap positives before filter=1386 after=1386
Replay tap positives before filter=3680 after=3680
Replay tap positives before filter=2855 after=2855
Replay tap positives before filter=1727 after=1727
Replay tap positives before filter=1600 after=1600
Replay tap positives before filter=3773 after=3773
Replay tap positives before filter=2175 after=2175
Replay tap positives before filter=4188 after=4188
Replay tap positives before filter=1283 after=1283
Replay tap positives before filter=3218 after=3218
Replay tap positives before filter=3160 after=3160
Replay tap positives before filter=2780 after=2780
Replay tap positives before filter=2904 after=2904
Replay tap positives before filter=4439 after=4439
Replay tap positives before filter=1525 after=1525
Replay tap positives before filter=2054 after=2054
Replay tap positives before filter=2404 after=2404
Replay tap positives before filter=2179 after=2179
Replay tap positives before filter=3468 after=3468
Replay tap positives before filter=1108 after=1108
Replay tap positives before filter=595 after=595
Replay tap positives before filter=2106 after=2106
Replay tap positives before filter=604 after=604
Replay tap positives before filter=2645 after=2645
Replay tap positives before filter=2251 after=2251
Replay tap positives before filter=1858 after=1858
Replay tap positives before filter=985 after=985
Replay tap positives before filter=948 after=948
Replay tap positives before filter=3653 after=3653
Replay tap positives before filter=629 after=629
Replay tap positives before filter=2511 after=2511
Replay tap positives before filter=3146 after=3146
Replay tap positives before filter=2516 after=2516
Replay tap positives before filter=3480 after=3480
Replay tap positives before filter=3728 after=3728
Replay tap positives before filter=629 after=629
Replay tap positives before filter=1517 after=1517
Replay tap positives before filter=3334 after=3334
Replay tap positives before filter=3749 after=3749
Replay tap positives before filter=3696 after=3696
Replay tap positives before filter=1264 after=1264
Replay tap positives before filter=2217 after=2217
Replay tap positives before filter=2876 after=2876
Replay tap positives before filter=962 after=962
Replay tap positives before filter=849 after=849
Replay tap positives before filter=1226 after=1226
Replay tap positives before filter=2866 after=2866
Replay tap positives before filter=1144 after=1144
Replay tap positives before filter=2027 after=2027
Replay tap positives before filter=3036 after=3036
Replay tap positives before filter=1732 after=1732
Replay tap positives before filter=1483 after=1483
Replay tap positives before filter=2532 after=2532
Replay tap positives before filter=5438 after=5438
Replay tap positives before filter=2944 after=2944
Replay tap positives before filter=2777 after=2777
Replay tap positives before filter=4141 after=4141
Replay tap positives before filter=1792 after=1792
Replay tap positives before filter=2350 after=2350
Replay tap positives before filter=932 after=932
Replay tap positives before filter=1918 after=1918
Replay tap positives before filter=1141 after=1141
Replay tap positives before filter=2331 after=2331
Replay tap positives before filter=3533 after=3533
Replay tap positives before filter=2654 after=2654
Replay tap positives before filter=2656 after=2656
Replay tap positives before filter=1667 after=1667
Replay tap positives before filter=3049 after=3049
Replay tap positives before filter=2560 after=2560
Replay tap positives before filter=1249 after=1249
Replay tap positives before filter=3209 after=3209
Replay tap positives before filter=3227 after=3227
Replay tap positives before filter=1789 after=1789
Replay tap positives before filter=3202 after=3202
Replay tap positives before filter=2162 after=2162
Replay tap positives before filter=6442 after=6442
Replay tap positives before filter=3696 after=3696
Replay tap positives before filter=4673 after=4673
Replay tap positives before filter=5087 after=5087
Replay tap positives before filter=1165 after=1165
Replay tap positives before filter=3701 after=3701
Replay tap positives before filter=2415 after=2415
Replay tap positives before filter=4720 after=4720
Replay tap positives before filter=1359 after=1359
Replay tap positives before filter=1538 after=1538
Replay tap positives before filter=3118 after=3118
Replay tap positives before filter=2311 after=2311
Replay tap positives before filter=1942 after=1942
Replay tap positives before filter=1463 after=1463
Replay tap positives before filter=2290 after=2290
Replay tap positives before filter=1873 after=1873
Replay tap positives before filter=4799 after=4799
Replay tap positives before filter=1034 after=1034
Replay tap positives before filter=2148 after=2148
Replay tap positives before filter=2461 after=2461
Replay tap positives before filter=2152 after=2152
Replay tap positives before filter=616 after=616
Replay tap positives before filter=1490 after=1490
Replay tap positives before filter=1769 after=1769
Replay tap positives before filter=6060 after=6060
Replay tap positives before filter=388 after=388
Replay tap positives before filter=4018 after=4018
Replay tap positives before filter=1159 after=1159
Replay tap positives before filter=2534 after=2534
Replay tap positives before filter=376 after=376
Replay tap positives before filter=1282 after=1282
Replay tap positives before filter=3950 after=3950
Replay tap positives before filter=2154 after=2154
Replay tap positives before filter=1621 after=1621
Replay tap positives before filter=2741 after=2741
Replay tap positives before filter=1291 after=1291
Replay tap positives before filter=1344 after=1344
Replay tap positives before filter=2388 after=2388
Replay tap positives before filter=1927 after=1927
Replay tap positives before filter=3448 after=3448
Replay tap positives before filter=2173 after=2173
Replay tap positives before filter=819 after=819
No positive cells found.
No positive cells found.
                   all        186       8357      0.605      0.506      0.504      0.281
Saved 768 replay embeddings to /home/ddwilde/scriptie/runs/dota_lora_replay/stage1-lora-replay/replay/buffer.pt

      Epoch    GPU_mem   box_loss   cls_loss   dfl_lossreplay_loss  Instances       Size
Replay tap positives before filter=4992 after=4992
Replay tap positives before filter=1876 after=1876
Replay tap positives before filter=770 after=770
Replay tap positives before filter=4047 after=4047
Replay tap positives before filter=3784 after=3784
Replay tap positives before filter=2714 after=2714
Replay tap positives before filter=1151 after=1151
Replay tap positives before filter=2058 after=2058
Replay tap positives before filter=1814 after=1814
Replay tap positives before filter=3341 after=3341
Replay tap positives before filter=1751 after=1751
Replay tap positives before filter=2457 after=2457
Replay tap positives before filter=3813 after=3813
Replay tap positives before filter=3959 after=3959
Replay tap positives before filter=1772 after=1772
Replay tap positives before filter=1856 after=1856
Replay tap positives before filter=3113 after=3113
Replay tap positives before filter=1224 after=1224
Replay tap positives before filter=1630 after=1630
Replay tap positives before filter=976 after=976
Replay tap positives before filter=3856 after=3856
Replay tap positives before filter=2175 after=2175
Replay tap positives before filter=2128 after=2128
Replay tap positives before filter=2431 after=2431
Replay tap positives before filter=3323 after=3323
Replay tap positives before filter=1802 after=1802
Replay tap positives before filter=1854 after=1854
Replay tap positives before filter=2108 after=2108
Replay tap positives before filter=1526 after=1526
Replay tap positives before filter=2880 after=2880
Replay tap positives before filter=2855 after=2855
Replay tap positives before filter=2512 after=2512
Replay tap positives before filter=1906 after=1906
Replay tap positives before filter=2829 after=2829
Replay tap positives before filter=2039 after=2039
Replay tap positives before filter=2767 after=2767
Replay tap positives before filter=525 after=525
Replay tap positives before filter=1222 after=1222
Replay tap positives before filter=4241 after=4241
Replay tap positives before filter=2056 after=2056
Replay tap positives before filter=671 after=671
Replay tap positives before filter=992 after=992
Replay tap positives before filter=2099 after=2099
Replay tap positives before filter=726 after=726
Replay tap positives before filter=2077 after=2077
Replay tap positives before filter=3674 after=3674
Replay tap positives before filter=1355 after=1355
Replay tap positives before filter=2098 after=2098
Replay tap positives before filter=811 after=811
Replay tap positives before filter=1084 after=1084
Replay tap positives before filter=1253 after=1253
Replay tap positives before filter=962 after=962
Replay tap positives before filter=1252 after=1252
Replay tap positives before filter=1698 after=1698
Replay tap positives before filter=1306 after=1306
Replay tap positives before filter=3274 after=3274
Replay tap positives before filter=6743 after=6743
Replay tap positives before filter=1424 after=1424
Replay tap positives before filter=1534 after=1534
Replay tap positives before filter=1730 after=1730
Replay tap positives before filter=1829 after=1829
Replay tap positives before filter=1563 after=1563
Replay tap positives before filter=1496 after=1496
Replay tap positives before filter=2872 after=2872
Replay tap positives before filter=4130 after=4130
Replay tap positives before filter=1900 after=1900
Replay tap positives before filter=3161 after=3161
Replay tap positives before filter=2505 after=2505
Replay tap positives before filter=3420 after=3420
Replay tap positives before filter=2674 after=2674
Replay tap positives before filter=1198 after=1198
Replay tap positives before filter=3913 after=3913
Replay tap positives before filter=1562 after=1562
Replay tap positives before filter=2939 after=2939
Replay tap positives before filter=1078 after=1078
Replay tap positives before filter=1789 after=1789
Replay tap positives before filter=2751 after=2751
Replay tap positives before filter=2805 after=2805
Replay tap positives before filter=1556 after=1556
Replay tap positives before filter=2229 after=2229
Replay tap positives before filter=1649 after=1649
Replay tap positives before filter=2434 after=2434
Replay tap positives before filter=2556 after=2556
Replay tap positives before filter=1819 after=1819
Replay tap positives before filter=3880 after=3880
Replay tap positives before filter=2730 after=2730
Replay tap positives before filter=3953 after=3953
Replay tap positives before filter=2711 after=2711
Replay tap positives before filter=2603 after=2603
Replay tap positives before filter=1821 after=1821
Replay tap positives before filter=3461 after=3461
Replay tap positives before filter=2468 after=2468
Replay tap positives before filter=256 after=256
Replay tap positives before filter=3032 after=3032
Replay tap positives before filter=3396 after=3396
Replay tap positives before filter=5884 after=5884
Replay tap positives before filter=3086 after=3086
Replay tap positives before filter=6014 after=6014
Replay tap positives before filter=2791 after=2791
Replay tap positives before filter=1908 after=1908
Replay tap positives before filter=3126 after=3126
Replay tap positives before filter=2108 after=2108
Replay tap positives before filter=849 after=849
Replay tap positives before filter=5330 after=5330
Replay tap positives before filter=2280 after=2280
Replay tap positives before filter=1932 after=1932
Replay tap positives before filter=2925 after=2925
Replay tap positives before filter=1438 after=1438
Replay tap positives before filter=4378 after=4378
Replay tap positives before filter=1627 after=1627
Replay tap positives before filter=1746 after=1746
Replay tap positives before filter=1078 after=1078
Replay tap positives before filter=1726 after=1726
Replay tap positives before filter=1792 after=1792
Replay tap positives before filter=1885 after=1885
Replay tap positives before filter=2758 after=2758
Replay tap positives before filter=1457 after=1457
Replay tap positives before filter=908 after=908
Replay tap positives before filter=1044 after=1044
Replay tap positives before filter=1278 after=1278
Replay tap positives before filter=1483 after=1483
Replay tap positives before filter=2241 after=2241
Replay tap positives before filter=1054 after=1054
Replay tap positives before filter=1969 after=1969
Replay tap positives before filter=2864 after=2864
Replay tap positives before filter=1922 after=1922
Replay tap positives before filter=2770 after=2770
Replay tap positives before filter=3951 after=3951
Replay tap positives before filter=3951 after=3951
Replay tap positives before filter=1871 after=1871
Replay tap positives before filter=452 after=452
Replay tap positives before filter=832 after=832
No positive cells found.
No positive cells found.
                   all        186       8357      0.627      0.496      0.504      0.283
Saved 768 replay embeddings to /home/ddwilde/scriptie/runs/dota_lora_replay/stage1-lora-replay/replay/buffer.pt

      Epoch    GPU_mem   box_loss   cls_loss   dfl_lossreplay_loss  Instances       Size
Replay tap positives before filter=2456 after=2456
Replay tap positives before filter=2009 after=2009
Replay tap positives before filter=2854 after=2854
Replay tap positives before filter=1860 after=1860
Replay tap positives before filter=2163 after=2163
Replay tap positives before filter=2153 after=2153
Replay tap positives before filter=2259 after=2259
Replay tap positives before filter=2768 after=2768
Replay tap positives before filter=5167 after=5167
Replay tap positives before filter=2694 after=2694
Replay tap positives before filter=6258 after=6258
Replay tap positives before filter=5965 after=5965
Replay tap positives before filter=3874 after=3874
Replay tap positives before filter=4126 after=4126
Replay tap positives before filter=2963 after=2963
Replay tap positives before filter=3176 after=3176
Replay tap positives before filter=2129 after=2129
Replay tap positives before filter=2011 after=2011
Replay tap positives before filter=4057 after=4057
Replay tap positives before filter=3260 after=3260
Replay tap positives before filter=2844 after=2844
Replay tap positives before filter=2481 after=2481
Replay tap positives before filter=1631 after=1631
Replay tap positives before filter=2843 after=2843
Replay tap positives before filter=1402 after=1402
Replay tap positives before filter=2734 after=2734
Replay tap positives before filter=2770 after=2770
Replay tap positives before filter=2584 after=2584
Replay tap positives before filter=1492 after=1492
Replay tap positives before filter=2860 after=2860
Replay tap positives before filter=3890 after=3890
Replay tap positives before filter=3195 after=3195
Replay tap positives before filter=1069 after=1069
Replay tap positives before filter=1615 after=1615
Replay tap positives before filter=3774 after=3774
Replay tap positives before filter=2595 after=2595
Replay tap positives before filter=2461 after=2461
Replay tap positives before filter=1899 after=1899
Replay tap positives before filter=3266 after=3266
Replay tap positives before filter=1732 after=1732
Replay tap positives before filter=653 after=653
Replay tap positives before filter=2855 after=2855
Replay tap positives before filter=1950 after=1950
Replay tap positives before filter=1312 after=1312
Replay tap positives before filter=1293 after=1293
Replay tap positives before filter=4205 after=4205
Replay tap positives before filter=2130 after=2130
Replay tap positives before filter=2948 after=2948
Replay tap positives before filter=2053 after=2053
Replay tap positives before filter=4080 after=4080
Replay tap positives before filter=3265 after=3265
Replay tap positives before filter=640 after=640
Replay tap positives before filter=2968 after=2968
Replay tap positives before filter=2383 after=2383
Replay tap positives before filter=1474 after=1474
Replay tap positives before filter=4233 after=4233
Replay tap positives before filter=1141 after=1141
Replay tap positives before filter=2474 after=2474
Replay tap positives before filter=2423 after=2423
Replay tap positives before filter=2243 after=2243
Replay tap positives before filter=2375 after=2375
Replay tap positives before filter=2598 after=2598
Replay tap positives before filter=2440 after=2440
Replay tap positives before filter=2606 after=2606
Replay tap positives before filter=935 after=935
Replay tap positives before filter=3410 after=3410
Replay tap positives before filter=2433 after=2433
Replay tap positives before filter=1357 after=1357
Replay tap positives before filter=3585 after=3585
Replay tap positives before filter=1756 after=1756
Replay tap positives before filter=747 after=747
Replay tap positives before filter=1735 after=1735
Replay tap positives before filter=1195 after=1195
Replay tap positives before filter=3333 after=3333
Replay tap positives before filter=1081 after=1081
Replay tap positives before filter=2012 after=2012
Replay tap positives before filter=1140 after=1140
Replay tap positives before filter=2550 after=2550
Replay tap positives before filter=1570 after=1570
Replay tap positives before filter=3518 after=3518
Replay tap positives before filter=1998 after=1998
Replay tap positives before filter=3247 after=3247
Replay tap positives before filter=974 after=974
Replay tap positives before filter=1902 after=1902
Replay tap positives before filter=3466 after=3466
Replay tap positives before filter=1873 after=1873
Replay tap positives before filter=2736 after=2736
Replay tap positives before filter=3808 after=3808
Replay tap positives before filter=627 after=627
Replay tap positives before filter=3058 after=3058
Replay tap positives before filter=1940 after=1940
Replay tap positives before filter=3725 after=3725
Replay tap positives before filter=2715 after=2715
Replay tap positives before filter=1667 after=1667
Replay tap positives before filter=2693 after=2693
Replay tap positives before filter=2099 after=2099
Replay tap positives before filter=4935 after=4935
Replay tap positives before filter=997 after=997
Replay tap positives before filter=2503 after=2503
Replay tap positives before filter=1039 after=1039
Replay tap positives before filter=1454 after=1454
Replay tap positives before filter=3507 after=3507
Replay tap positives before filter=1241 after=1241
Replay tap positives before filter=5019 after=5019
Replay tap positives before filter=987 after=987
Replay tap positives before filter=2344 after=2344
Replay tap positives before filter=408 after=408
Replay tap positives before filter=1323 after=1323
Replay tap positives before filter=1413 after=1413
Replay tap positives before filter=1589 after=1589
Replay tap positives before filter=1767 after=1767
Replay tap positives before filter=1460 after=1460
Replay tap positives before filter=2435 after=2435
Replay tap positives before filter=2703 after=2703
Replay tap positives before filter=3118 after=3118
Replay tap positives before filter=2675 after=2675
Replay tap positives before filter=1271 after=1271
Replay tap positives before filter=3088 after=3088
Replay tap positives before filter=1365 after=1365
Replay tap positives before filter=2404 after=2404
Replay tap positives before filter=4242 after=4242
Replay tap positives before filter=980 after=980
Replay tap positives before filter=3134 after=3134
Replay tap positives before filter=2165 after=2165
Replay tap positives before filter=1553 after=1553
Replay tap positives before filter=1728 after=1728
Replay tap positives before filter=2047 after=2047
Replay tap positives before filter=5677 after=5677
Replay tap positives before filter=380 after=380
Replay tap positives before filter=3731 after=3731
Replay tap positives before filter=982 after=982
Replay tap positives before filter=1193 after=1193
No positive cells found.
No positive cells found.
                   all        186       8357      0.621        0.5      0.503      0.282
Saved 768 replay embeddings to /home/ddwilde/scriptie/runs/dota_lora_replay/stage1-lora-replay/replay/buffer.pt

      Epoch    GPU_mem   box_loss   cls_loss   dfl_lossreplay_loss  Instances       Size
Replay tap positives before filter=2871 after=2871
Replay tap positives before filter=4010 after=4010
Replay tap positives before filter=2632 after=2632
Replay tap positives before filter=2258 after=2258
Replay tap positives before filter=2049 after=2049
Replay tap positives before filter=2409 after=2409
Replay tap positives before filter=1283 after=1283
Replay tap positives before filter=2085 after=2085
Replay tap positives before filter=3693 after=3693
Replay tap positives before filter=908 after=908
Replay tap positives before filter=870 after=870
Replay tap positives before filter=5388 after=5388
Replay tap positives before filter=3788 after=3788
Replay tap positives before filter=3041 after=3041
Replay tap positives before filter=1767 after=1767
Replay tap positives before filter=3024 after=3024
Replay tap positives before filter=546 after=546
Replay tap positives before filter=2151 after=2151
Replay tap positives before filter=1209 after=1209
Replay tap positives before filter=2333 after=2333
Replay tap positives before filter=5012 after=5012
Replay tap positives before filter=1538 after=1538
Replay tap positives before filter=2846 after=2846
Replay tap positives before filter=3068 after=3068
Replay tap positives before filter=2794 after=2794
Replay tap positives before filter=3691 after=3691
Replay tap positives before filter=1557 after=1557
Replay tap positives before filter=2150 after=2150
Replay tap positives before filter=2102 after=2102
Replay tap positives before filter=1348 after=1348
Replay tap positives before filter=1783 after=1783
Replay tap positives before filter=1663 after=1663
Replay tap positives before filter=1757 after=1757
Replay tap positives before filter=6032 after=6032
Replay tap positives before filter=2701 after=2701
Replay tap positives before filter=3187 after=3187
Replay tap positives before filter=2159 after=2159
Replay tap positives before filter=2634 after=2634
Replay tap positives before filter=824 after=824
Replay tap positives before filter=1554 after=1554
Replay tap positives before filter=3278 after=3278
Replay tap positives before filter=3740 after=3740
Replay tap positives before filter=2206 after=2206
Replay tap positives before filter=3131 after=3131
Replay tap positives before filter=1624 after=1624
Replay tap positives before filter=1072 after=1072
Replay tap positives before filter=1735 after=1735
Replay tap positives before filter=1602 after=1602
Replay tap positives before filter=1677 after=1677
Replay tap positives before filter=2056 after=2056
Replay tap positives before filter=2116 after=2116
Replay tap positives before filter=3619 after=3619
Replay tap positives before filter=1954 after=1954
Replay tap positives before filter=1024 after=1024
Replay tap positives before filter=5349 after=5349
Replay tap positives before filter=3421 after=3421
Replay tap positives before filter=5439 after=5439
Replay tap positives before filter=3664 after=3664
Replay tap positives before filter=818 after=818
Replay tap positives before filter=1142 after=1142
Replay tap positives before filter=1509 after=1509
Replay tap positives before filter=1469 after=1469
Replay tap positives before filter=1233 after=1233
Replay tap positives before filter=1445 after=1445
Replay tap positives before filter=1956 after=1956
Replay tap positives before filter=3715 after=3715
Replay tap positives before filter=2203 after=2203
Replay tap positives before filter=1646 after=1646
Replay tap positives before filter=1988 after=1988
Replay tap positives before filter=2669 after=2669
Replay tap positives before filter=2048 after=2048
Replay tap positives before filter=2893 after=2893
Replay tap positives before filter=1180 after=1180
Replay tap positives before filter=1971 after=1971
Replay tap positives before filter=1074 after=1074
Replay tap positives before filter=1587 after=1587
Replay tap positives before filter=3555 after=3555
Replay tap positives before filter=3054 after=3054
Replay tap positives before filter=1916 after=1916
Replay tap positives before filter=1240 after=1240
Replay tap positives before filter=2969 after=2969
Replay tap positives before filter=1231 after=1231
Replay tap positives before filter=1922 after=1922
Replay tap positives before filter=1194 after=1194
Replay tap positives before filter=2638 after=2638
Replay tap positives before filter=1800 after=1800
Replay tap positives before filter=1808 after=1808
Replay tap positives before filter=1968 after=1968
Replay tap positives before filter=1798 after=1798
Replay tap positives before filter=576 after=576
Replay tap positives before filter=2126 after=2126
Replay tap positives before filter=1102 after=1102
Replay tap positives before filter=1460 after=1460
Replay tap positives before filter=1281 after=1281
Replay tap positives before filter=1800 after=1800
Replay tap positives before filter=332 after=332
Replay tap positives before filter=3089 after=3089
Replay tap positives before filter=2673 after=2673
Replay tap positives before filter=5291 after=5291
Replay tap positives before filter=1438 after=1438
Replay tap positives before filter=2951 after=2951
Replay tap positives before filter=1828 after=1828
Replay tap positives before filter=2923 after=2923
Replay tap positives before filter=2950 after=2950
Replay tap positives before filter=1435 after=1435
Replay tap positives before filter=2685 after=2685
Replay tap positives before filter=3289 after=3289
Replay tap positives before filter=1769 after=1769
Replay tap positives before filter=2363 after=2363
Replay tap positives before filter=2520 after=2520
Replay tap positives before filter=1254 after=1254
Replay tap positives before filter=2983 after=2983
Replay tap positives before filter=2334 after=2334
Replay tap positives before filter=1317 after=1317
Replay tap positives before filter=652 after=652
Replay tap positives before filter=2446 after=2446
Replay tap positives before filter=1060 after=1060
Replay tap positives before filter=3310 after=3310
Replay tap positives before filter=2669 after=2669
Replay tap positives before filter=2603 after=2603
Replay tap positives before filter=1039 after=1039
Replay tap positives before filter=660 after=660
Replay tap positives before filter=3718 after=3718
Replay tap positives before filter=2033 after=2033
Replay tap positives before filter=2392 after=2392
Replay tap positives before filter=2505 after=2505
Replay tap positives before filter=2160 after=2160
Replay tap positives before filter=2895 after=2895
Replay tap positives before filter=2588 after=2588
Replay tap positives before filter=1447 after=1447
Replay tap positives before filter=2244 after=2244
Replay tap positives before filter=620 after=620
No positive cells found.
No positive cells found.
                   all        186       8357      0.624      0.511       0.51      0.292
Saved 768 replay embeddings to /home/ddwilde/scriptie/runs/dota_lora_replay/stage1-lora-replay/replay/buffer.pt

      Epoch    GPU_mem   box_loss   cls_loss   dfl_lossreplay_loss  Instances       Size
Replay tap positives before filter=1940 after=1940
Replay tap positives before filter=726 after=726
Replay tap positives before filter=3590 after=3590
Replay tap positives before filter=2793 after=2793
Replay tap positives before filter=1607 after=1607
Replay tap positives before filter=844 after=844
Replay tap positives before filter=2060 after=2060
Replay tap positives before filter=1461 after=1461
Replay tap positives before filter=2411 after=2411
Replay tap positives before filter=3115 after=3115
Replay tap positives before filter=1815 after=1815
Replay tap positives before filter=2118 after=2118
Replay tap positives before filter=1971 after=1971
Replay tap positives before filter=1028 after=1028
Replay tap positives before filter=5831 after=5831
Replay tap positives before filter=4447 after=4447
Replay tap positives before filter=1241 after=1241
Replay tap positives before filter=2193 after=2193
Replay tap positives before filter=5122 after=5122
Replay tap positives before filter=2468 after=2468
Replay tap positives before filter=716 after=716
Replay tap positives before filter=3809 after=3809
Replay tap positives before filter=4920 after=4920
Replay tap positives before filter=1775 after=1775
Replay tap positives before filter=1381 after=1381
Replay tap positives before filter=1860 after=1860
Replay tap positives before filter=1196 after=1196
Replay tap positives before filter=539 after=539
Replay tap positives before filter=928 after=928
Replay tap positives before filter=666 after=666
Replay tap positives before filter=3718 after=3718
Replay tap positives before filter=1834 after=1834
Replay tap positives before filter=3172 after=3172
Replay tap positives before filter=1693 after=1693
Replay tap positives before filter=2414 after=2414
Replay tap positives before filter=2967 after=2967
Replay tap positives before filter=4320 after=4320
Replay tap positives before filter=900 after=900
Replay tap positives before filter=4311 after=4311
Replay tap positives before filter=4101 after=4101
Replay tap positives before filter=4576 after=4576
Replay tap positives before filter=4001 after=4001
Replay tap positives before filter=3829 after=3829
Replay tap positives before filter=2508 after=2508
Replay tap positives before filter=2419 after=2419
Replay tap positives before filter=2844 after=2844
Replay tap positives before filter=4328 after=4328
Replay tap positives before filter=1195 after=1195
Replay tap positives before filter=1284 after=1284
Replay tap positives before filter=3364 after=3364
Replay tap positives before filter=3607 after=3607
Replay tap positives before filter=931 after=931
Replay tap positives before filter=2038 after=2038
Replay tap positives before filter=1510 after=1510
Replay tap positives before filter=2352 after=2352
Replay tap positives before filter=3210 after=3210
Replay tap positives before filter=3249 after=3249
Replay tap positives before filter=3986 after=3986
Replay tap positives before filter=1318 after=1318
Replay tap positives before filter=631 after=631
Replay tap positives before filter=1602 after=1602
Replay tap positives before filter=2325 after=2325
Replay tap positives before filter=2266 after=2266
Replay tap positives before filter=3388 after=3388
Replay tap positives before filter=2562 after=2562
Replay tap positives before filter=4181 after=4181
Replay tap positives before filter=1224 after=1224
Replay tap positives before filter=3990 after=3990
Replay tap positives before filter=3343 after=3343
Replay tap positives before filter=2320 after=2320
Replay tap positives before filter=2746 after=2746
Replay tap positives before filter=2659 after=2659
Replay tap positives before filter=2417 after=2417
Replay tap positives before filter=7903 after=7903
Replay tap positives before filter=3374 after=3374
Replay tap positives before filter=2737 after=2737
Replay tap positives before filter=3051 after=3051
Replay tap positives before filter=1923 after=1923
Replay tap positives before filter=2673 after=2673
Replay tap positives before filter=1522 after=1522
Replay tap positives before filter=1734 after=1734
Replay tap positives before filter=3794 after=3794
Replay tap positives before filter=2395 after=2395
Replay tap positives before filter=2420 after=2420
Replay tap positives before filter=3465 after=3465
Replay tap positives before filter=1517 after=1517
Replay tap positives before filter=2145 after=2145
Replay tap positives before filter=1807 after=1807
Replay tap positives before filter=2420 after=2420
Replay tap positives before filter=3088 after=3088
Replay tap positives before filter=2296 after=2296
Replay tap positives before filter=2687 after=2687
Replay tap positives before filter=1172 after=1172
Replay tap positives before filter=1917 after=1917
Replay tap positives before filter=1172 after=1172
Replay tap positives before filter=2482 after=2482
Replay tap positives before filter=1364 after=1364
Replay tap positives before filter=2367 after=2367
Replay tap positives before filter=4865 after=4865
Replay tap positives before filter=3178 after=3178
Replay tap positives before filter=1237 after=1237
Replay tap positives before filter=2451 after=2451
Replay tap positives before filter=1408 after=1408
Replay tap positives before filter=1580 after=1580
Replay tap positives before filter=2739 after=2739
Replay tap positives before filter=6965 after=6965
Replay tap positives before filter=1570 after=1570
Replay tap positives before filter=575 after=575
Replay tap positives before filter=4014 after=4014
Replay tap positives before filter=2471 after=2471
Replay tap positives before filter=2856 after=2856
Replay tap positives before filter=1087 after=1087
Replay tap positives before filter=2981 after=2981
Replay tap positives before filter=6373 after=6373
Replay tap positives before filter=971 after=971
Replay tap positives before filter=3045 after=3045
Replay tap positives before filter=555 after=555
Replay tap positives before filter=1725 after=1725
Replay tap positives before filter=1705 after=1705
Replay tap positives before filter=427 after=427
Replay tap positives before filter=1744 after=1744
Replay tap positives before filter=2772 after=2772
Replay tap positives before filter=1380 after=1380
Replay tap positives before filter=1073 after=1073
Replay tap positives before filter=2103 after=2103
Replay tap positives before filter=2108 after=2108
Replay tap positives before filter=941 after=941
Replay tap positives before filter=2686 after=2686
Replay tap positives before filter=1918 after=1918
Replay tap positives before filter=5391 after=5391
Replay tap positives before filter=1656 after=1656
Replay tap positives before filter=1455 after=1455
No positive cells found.
No positive cells found.
                   all        186       8357      0.621       0.49      0.501       0.28
Saved 768 replay embeddings to /home/ddwilde/scriptie/runs/dota_lora_replay/stage1-lora-replay/replay/buffer.pt

      Epoch    GPU_mem   box_loss   cls_loss   dfl_lossreplay_loss  Instances       Size
Replay tap positives before filter=2241 after=2241
Replay tap positives before filter=3737 after=3737
Replay tap positives before filter=2012 after=2012
Replay tap positives before filter=1250 after=1250
Replay tap positives before filter=1961 after=1961
Replay tap positives before filter=2717 after=2717
Replay tap positives before filter=1222 after=1222
Replay tap positives before filter=2531 after=2531
Replay tap positives before filter=1271 after=1271
Replay tap positives before filter=1427 after=1427
Replay tap positives before filter=1773 after=1773
Replay tap positives before filter=1633 after=1633
Replay tap positives before filter=808 after=808
Replay tap positives before filter=6874 after=6874
Replay tap positives before filter=1292 after=1292
Replay tap positives before filter=1476 after=1476
Replay tap positives before filter=1708 after=1708
Replay tap positives before filter=2326 after=2326
Replay tap positives before filter=1171 after=1171
Replay tap positives before filter=3817 after=3817
Replay tap positives before filter=2032 after=2032
Replay tap positives before filter=2491 after=2491
Replay tap positives before filter=1756 after=1756
Replay tap positives before filter=3657 after=3657
Replay tap positives before filter=257 after=257
Replay tap positives before filter=2076 after=2076
Replay tap positives before filter=3167 after=3167
Replay tap positives before filter=3088 after=3088
Replay tap positives before filter=3380 after=3380
Replay tap positives before filter=1704 after=1704
Replay tap positives before filter=1710 after=1710
Replay tap positives before filter=1079 after=1079
Replay tap positives before filter=1268 after=1268
Replay tap positives before filter=2750 after=2750
Replay tap positives before filter=3255 after=3255
Replay tap positives before filter=2853 after=2853
Replay tap positives before filter=1557 after=1557
Replay tap positives before filter=4416 after=4416
Replay tap positives before filter=2298 after=2298
Replay tap positives before filter=1403 after=1403
Replay tap positives before filter=2713 after=2713
Replay tap positives before filter=1083 after=1083
Replay tap positives before filter=5277 after=5277
Replay tap positives before filter=3306 after=3306
Replay tap positives before filter=2043 after=2043
Replay tap positives before filter=1746 after=1746
Replay tap positives before filter=3199 after=3199
Replay tap positives before filter=3402 after=3402
Replay tap positives before filter=1980 after=1980
Replay tap positives before filter=2098 after=2098
Replay tap positives before filter=2427 after=2427
Replay tap positives before filter=1838 after=1838
Replay tap positives before filter=3195 after=3195
Replay tap positives before filter=427 after=427
Replay tap positives before filter=2335 after=2335
Replay tap positives before filter=1235 after=1235
Replay tap positives before filter=1556 after=1556
Replay tap positives before filter=3343 after=3343
Replay tap positives before filter=1541 after=1541
Replay tap positives before filter=3174 after=3174
Replay tap positives before filter=1712 after=1712
Replay tap positives before filter=963 after=963
Replay tap positives before filter=2224 after=2224
Replay tap positives before filter=1183 after=1183
Replay tap positives before filter=921 after=921
Replay tap positives before filter=2153 after=2153
Replay tap positives before filter=3870 after=3870
Replay tap positives before filter=1171 after=1171
Replay tap positives before filter=1922 after=1922
Replay tap positives before filter=1374 after=1374
Replay tap positives before filter=1802 after=1802
Replay tap positives before filter=2015 after=2015
Replay tap positives before filter=2343 after=2343
Replay tap positives before filter=693 after=693
Replay tap positives before filter=3641 after=3641
Replay tap positives before filter=3579 after=3579
Replay tap positives before filter=1088 after=1088
Replay tap positives before filter=2223 after=2223
Replay tap positives before filter=3965 after=3965
Replay tap positives before filter=1416 after=1416
Replay tap positives before filter=1429 after=1429
Replay tap positives before filter=1241 after=1241
Replay tap positives before filter=2762 after=2762
Replay tap positives before filter=5079 after=5079
Replay tap positives before filter=961 after=961
Replay tap positives before filter=2447 after=2447
Replay tap positives before filter=2858 after=2858
Replay tap positives before filter=3661 after=3661
Replay tap positives before filter=1346 after=1346
Replay tap positives before filter=2748 after=2748
Replay tap positives before filter=2526 after=2526
Replay tap positives before filter=2957 after=2957
Replay tap positives before filter=1298 after=1298
Replay tap positives before filter=1116 after=1116
Replay tap positives before filter=3053 after=3053
Replay tap positives before filter=1333 after=1333
Replay tap positives before filter=214 after=214
Replay tap positives before filter=678 after=678
Replay tap positives before filter=2954 after=2954
Replay tap positives before filter=2567 after=2567
Replay tap positives before filter=1900 after=1900
Replay tap positives before filter=979 after=979
Replay tap positives before filter=1014 after=1014
Replay tap positives before filter=1440 after=1440
Replay tap positives before filter=3531 after=3531
Replay tap positives before filter=1833 after=1833
Replay tap positives before filter=3670 after=3670
Replay tap positives before filter=3764 after=3764
Replay tap positives before filter=412 after=412
Replay tap positives before filter=2651 after=2651
Replay tap positives before filter=4042 after=4042
Replay tap positives before filter=850 after=850
Replay tap positives before filter=2083 after=2083
Replay tap positives before filter=552 after=552
Replay tap positives before filter=3449 after=3449
Replay tap positives before filter=4052 after=4052
Replay tap positives before filter=1265 after=1265
Replay tap positives before filter=4612 after=4612
Replay tap positives before filter=5977 after=5977
Replay tap positives before filter=2324 after=2324
Replay tap positives before filter=2629 after=2629
Replay tap positives before filter=1979 after=1979
Replay tap positives before filter=2641 after=2641
Replay tap positives before filter=3549 after=3549
Replay tap positives before filter=1430 after=1430
Replay tap positives before filter=2478 after=2478
Replay tap positives before filter=4788 after=4788
Replay tap positives before filter=4273 after=4273
Replay tap positives before filter=3817 after=3817
Replay tap positives before filter=1080 after=1080
Replay tap positives before filter=4710 after=4710
Replay tap positives before filter=594 after=594
No positive cells found.
No positive cells found.
                   all        186       8357      0.629      0.497      0.504      0.282
Saved 768 replay embeddings to /home/ddwilde/scriptie/runs/dota_lora_replay/stage1-lora-replay/replay/buffer.pt

      Epoch    GPU_mem   box_loss   cls_loss   dfl_lossreplay_loss  Instances       Size
Replay tap positives before filter=4438 after=4438
Replay tap positives before filter=4044 after=4044
Replay tap positives before filter=4376 after=4376
Replay tap positives before filter=1297 after=1297
Replay tap positives before filter=517 after=517
Replay tap positives before filter=2657 after=2657
Replay tap positives before filter=5212 after=5212
Replay tap positives before filter=3141 after=3141
Replay tap positives before filter=5272 after=5272
Replay tap positives before filter=1125 after=1125
Replay tap positives before filter=1746 after=1746
Replay tap positives before filter=1188 after=1188
Replay tap positives before filter=1867 after=1867
Replay tap positives before filter=1044 after=1044
Replay tap positives before filter=3267 after=3267
Replay tap positives before filter=2691 after=2691
Replay tap positives before filter=1778 after=1778
Replay tap positives before filter=1395 after=1395
Replay tap positives before filter=1101 after=1101
Replay tap positives before filter=861 after=861
Replay tap positives before filter=4941 after=4941
Replay tap positives before filter=2709 after=2709
Replay tap positives before filter=2542 after=2542
Replay tap positives before filter=1544 after=1544
Replay tap positives before filter=3398 after=3398
Replay tap positives before filter=787 after=787
Replay tap positives before filter=3201 after=3201
Replay tap positives before filter=1996 after=1996
Replay tap positives before filter=1708 after=1708
Replay tap positives before filter=2799 after=2799
Replay tap positives before filter=2941 after=2941
Replay tap positives before filter=1337 after=1337
Replay tap positives before filter=2626 after=2626
Replay tap positives before filter=1710 after=1710
Replay tap positives before filter=3682 after=3682
Replay tap positives before filter=2205 after=2205
Replay tap positives before filter=4513 after=4513
Replay tap positives before filter=3045 after=3045
Replay tap positives before filter=2636 after=2636
Replay tap positives before filter=1099 after=1099
Replay tap positives before filter=1600 after=1600
Replay tap positives before filter=1290 after=1290
Replay tap positives before filter=1681 after=1681
Replay tap positives before filter=1507 after=1507
Replay tap positives before filter=4328 after=4328
Replay tap positives before filter=1924 after=1924
Replay tap positives before filter=1675 after=1675
Replay tap positives before filter=3338 after=3338
Replay tap positives before filter=2119 after=2119
Replay tap positives before filter=2092 after=2092
Replay tap positives before filter=2485 after=2485
Replay tap positives before filter=3750 after=3750
Replay tap positives before filter=1504 after=1504
Replay tap positives before filter=4261 after=4261
Replay tap positives before filter=1402 after=1402
Replay tap positives before filter=5032 after=5032
Replay tap positives before filter=3568 after=3568
Replay tap positives before filter=2672 after=2672
Replay tap positives before filter=3406 after=3406
Replay tap positives before filter=597 after=597
Replay tap positives before filter=2094 after=2094
Replay tap positives before filter=2769 after=2769
Replay tap positives before filter=2810 after=2810
Replay tap positives before filter=1293 after=1293
Replay tap positives before filter=2179 after=2179
Replay tap positives before filter=2105 after=2105
Replay tap positives before filter=2056 after=2056
Replay tap positives before filter=325 after=325
Replay tap positives before filter=2061 after=2061
Replay tap positives before filter=1857 after=1857
Replay tap positives before filter=3966 after=3966
Replay tap positives before filter=2669 after=2669
Replay tap positives before filter=1083 after=1083
Replay tap positives before filter=2470 after=2470
Replay tap positives before filter=1490 after=1490
Replay tap positives before filter=1457 after=1457
Replay tap positives before filter=5150 after=5150
Replay tap positives before filter=3424 after=3424
Replay tap positives before filter=5696 after=5696
Replay tap positives before filter=1981 after=1981
Replay tap positives before filter=2942 after=2942
Replay tap positives before filter=6226 after=6226
Replay tap positives before filter=1231 after=1231
Replay tap positives before filter=89 after=89
Replay tap positives before filter=2381 after=2381
Replay tap positives before filter=2025 after=2025
Replay tap positives before filter=4023 after=4023
Replay tap positives before filter=2609 after=2609
Replay tap positives before filter=1602 after=1602
Replay tap positives before filter=4768 after=4768
Replay tap positives before filter=2232 after=2232
Replay tap positives before filter=1742 after=1742
Replay tap positives before filter=1697 after=1697
Replay tap positives before filter=13847 after=13847
Replay tap positives before filter=852 after=852
Replay tap positives before filter=2332 after=2332
Replay tap positives before filter=1370 after=1370
Replay tap positives before filter=3373 after=3373
Replay tap positives before filter=2050 after=2050
Replay tap positives before filter=1960 after=1960
Replay tap positives before filter=3215 after=3215
Replay tap positives before filter=3188 after=3188
Replay tap positives before filter=4285 after=4285
Replay tap positives before filter=3283 after=3283
Replay tap positives before filter=1950 after=1950
Replay tap positives before filter=2458 after=2458
Replay tap positives before filter=4318 after=4318
Replay tap positives before filter=1555 after=1555
Replay tap positives before filter=2789 after=2789
Replay tap positives before filter=2527 after=2527
Replay tap positives before filter=2396 after=2396
Replay tap positives before filter=1936 after=1936
Replay tap positives before filter=2753 after=2753
Replay tap positives before filter=2935 after=2935
Replay tap positives before filter=372 after=372
Replay tap positives before filter=1265 after=1265
Replay tap positives before filter=3193 after=3193
Replay tap positives before filter=1174 after=1174
Replay tap positives before filter=3200 after=3200
Replay tap positives before filter=1942 after=1942
Replay tap positives before filter=1668 after=1668
Replay tap positives before filter=530 after=530
Replay tap positives before filter=5245 after=5245
Replay tap positives before filter=1821 after=1821
Replay tap positives before filter=3247 after=3247
Replay tap positives before filter=1512 after=1512
Replay tap positives before filter=2753 after=2753
Replay tap positives before filter=2157 after=2157
Replay tap positives before filter=2041 after=2041
Replay tap positives before filter=892 after=892
Replay tap positives before filter=1859 after=1859
Replay tap positives before filter=475 after=475
No positive cells found.
No positive cells found.
                   all        186       8357      0.638      0.507      0.515      0.296
Saved 768 replay embeddings to /home/ddwilde/scriptie/runs/dota_lora_replay/stage1-lora-replay/replay/buffer.pt

      Epoch    GPU_mem   box_loss   cls_loss   dfl_lossreplay_loss  Instances       Size
Replay tap positives before filter=2611 after=2611
Replay tap positives before filter=1361 after=1361
Replay tap positives before filter=2439 after=2439
Replay tap positives before filter=3860 after=3860
Replay tap positives before filter=1154 after=1154
Replay tap positives before filter=1744 after=1744
Replay tap positives before filter=2777 after=2777
Replay tap positives before filter=2082 after=2082
Replay tap positives before filter=2900 after=2900
Replay tap positives before filter=2296 after=2296
Replay tap positives before filter=2410 after=2410
Replay tap positives before filter=3685 after=3685
Replay tap positives before filter=1273 after=1273
Replay tap positives before filter=1327 after=1327
Replay tap positives before filter=1382 after=1382
Replay tap positives before filter=2561 after=2561
Replay tap positives before filter=2301 after=2301
Replay tap positives before filter=2929 after=2929
Replay tap positives before filter=4179 after=4179
Replay tap positives before filter=4299 after=4299
Replay tap positives before filter=1552 after=1552
Replay tap positives before filter=2557 after=2557
Replay tap positives before filter=1003 after=1003
Replay tap positives before filter=2252 after=2252
Replay tap positives before filter=2389 after=2389
Replay tap positives before filter=1612 after=1612
Replay tap positives before filter=3167 after=3167
Replay tap positives before filter=2933 after=2933
Replay tap positives before filter=1617 after=1617
Replay tap positives before filter=1771 after=1771
Replay tap positives before filter=5061 after=5061
Replay tap positives before filter=3061 after=3061
Replay tap positives before filter=2192 after=2192
Replay tap positives before filter=1706 after=1706
Replay tap positives before filter=1092 after=1092
Replay tap positives before filter=2429 after=2429
Replay tap positives before filter=2227 after=2227
Replay tap positives before filter=1265 after=1265
Replay tap positives before filter=2479 after=2479
Replay tap positives before filter=3970 after=3970
Replay tap positives before filter=3375 after=3375
Replay tap positives before filter=798 after=798
Replay tap positives before filter=3976 after=3976
Replay tap positives before filter=1673 after=1673
Replay tap positives before filter=1174 after=1174
Replay tap positives before filter=975 after=975
Replay tap positives before filter=2566 after=2566
Replay tap positives before filter=3624 after=3624
Replay tap positives before filter=4107 after=4107
Replay tap positives before filter=899 after=899
Replay tap positives before filter=901 after=901
Replay tap positives before filter=4952 after=4952
Replay tap positives before filter=2490 after=2490
Replay tap positives before filter=2883 after=2883
Replay tap positives before filter=3293 after=3293
Replay tap positives before filter=2796 after=2796
Replay tap positives before filter=2433 after=2433
Replay tap positives before filter=3378 after=3378
Replay tap positives before filter=3080 after=3080
Replay tap positives before filter=3407 after=3407
Replay tap positives before filter=1544 after=1544
Replay tap positives before filter=531 after=531
Replay tap positives before filter=1581 after=1581
Replay tap positives before filter=2083 after=2083
Replay tap positives before filter=2133 after=2133
Replay tap positives before filter=3549 after=3549
Replay tap positives before filter=2348 after=2348
Replay tap positives before filter=1787 after=1787
Replay tap positives before filter=675 after=675
Replay tap positives before filter=1728 after=1728
Replay tap positives before filter=891 after=891
Replay tap positives before filter=3105 after=3105
Replay tap positives before filter=2206 after=2206
Replay tap positives before filter=1454 after=1454
Replay tap positives before filter=2329 after=2329
Replay tap positives before filter=1859 after=1859
Replay tap positives before filter=840 after=840
Replay tap positives before filter=1816 after=1816
Replay tap positives before filter=1734 after=1734
Replay tap positives before filter=3769 after=3769
Replay tap positives before filter=1041 after=1041
Replay tap positives before filter=2885 after=2885
Replay tap positives before filter=3417 after=3417
Replay tap positives before filter=2330 after=2330
Replay tap positives before filter=2493 after=2493
Replay tap positives before filter=1601 after=1601
Replay tap positives before filter=2348 after=2348
Replay tap positives before filter=707 after=707
Replay tap positives before filter=4238 after=4238
Replay tap positives before filter=1498 after=1498
Replay tap positives before filter=1351 after=1351
Replay tap positives before filter=1119 after=1119
Replay tap positives before filter=920 after=920
Replay tap positives before filter=1766 after=1766
Replay tap positives before filter=2187 after=2187
Replay tap positives before filter=791 after=791
Replay tap positives before filter=2652 after=2652
Replay tap positives before filter=2170 after=2170
Replay tap positives before filter=1929 after=1929
Replay tap positives before filter=3161 after=3161
Replay tap positives before filter=760 after=760
Replay tap positives before filter=1409 after=1409
Replay tap positives before filter=3063 after=3063
Replay tap positives before filter=1927 after=1927
Replay tap positives before filter=4060 after=4060
Replay tap positives before filter=2675 after=2675
Replay tap positives before filter=714 after=714
Replay tap positives before filter=1549 after=1549
Replay tap positives before filter=1117 after=1117
Replay tap positives before filter=560 after=560
Replay tap positives before filter=2139 after=2139
Replay tap positives before filter=2214 after=2214
Replay tap positives before filter=3306 after=3306
Replay tap positives before filter=2754 after=2754
Replay tap positives before filter=2389 after=2389
Replay tap positives before filter=2173 after=2173
Replay tap positives before filter=1233 after=1233
Replay tap positives before filter=437 after=437
Replay tap positives before filter=1388 after=1388
Replay tap positives before filter=1886 after=1886
Replay tap positives before filter=2331 after=2331
Replay tap positives before filter=1662 after=1662
Replay tap positives before filter=2919 after=2919
Replay tap positives before filter=2686 after=2686
Replay tap positives before filter=1938 after=1938
Replay tap positives before filter=2303 after=2303
Replay tap positives before filter=2100 after=2100
Replay tap positives before filter=1390 after=1390
Replay tap positives before filter=3715 after=3715
Replay tap positives before filter=6000 after=6000
Replay tap positives before filter=1386 after=1386
Replay tap positives before filter=132 after=132
No positive cells found.
No positive cells found.
                   all        186       8357      0.637      0.507      0.513       0.29
Saved 768 replay embeddings to /home/ddwilde/scriptie/runs/dota_lora_replay/stage1-lora-replay/replay/buffer.pt

      Epoch    GPU_mem   box_loss   cls_loss   dfl_lossreplay_loss  Instances       Size
Replay tap positives before filter=1374 after=1374
Replay tap positives before filter=1689 after=1689
Replay tap positives before filter=3370 after=3370
Replay tap positives before filter=3310 after=3310
Replay tap positives before filter=2781 after=2781
Replay tap positives before filter=2451 after=2451
Replay tap positives before filter=2371 after=2371
Replay tap positives before filter=997 after=997
Replay tap positives before filter=2936 after=2936
Replay tap positives before filter=2146 after=2146
Replay tap positives before filter=1751 after=1751
Replay tap positives before filter=793 after=793
Replay tap positives before filter=4579 after=4579
Replay tap positives before filter=973 after=973
Replay tap positives before filter=1408 after=1408
Replay tap positives before filter=1499 after=1499
Replay tap positives before filter=1346 after=1346
Replay tap positives before filter=1993 after=1993
Replay tap positives before filter=1133 after=1133
Replay tap positives before filter=2740 after=2740
Replay tap positives before filter=1574 after=1574
Replay tap positives before filter=2029 after=2029
Replay tap positives before filter=2152 after=2152
Replay tap positives before filter=2304 after=2304
Replay tap positives before filter=177 after=177
Replay tap positives before filter=2749 after=2749
Replay tap positives before filter=2296 after=2296
Replay tap positives before filter=3192 after=3192
Replay tap positives before filter=2134 after=2134
Replay tap positives before filter=2135 after=2135
Replay tap positives before filter=3622 after=3622
Replay tap positives before filter=6512 after=6512
Replay tap positives before filter=420 after=420
Replay tap positives before filter=3271 after=3271
Replay tap positives before filter=1809 after=1809
Replay tap positives before filter=1763 after=1763
Replay tap positives before filter=4479 after=4479
Replay tap positives before filter=1374 after=1374
Replay tap positives before filter=2584 after=2584
Replay tap positives before filter=728 after=728
Replay tap positives before filter=2616 after=2616
Replay tap positives before filter=678 after=678
Replay tap positives before filter=1209 after=1209
Replay tap positives before filter=2739 after=2739
Replay tap positives before filter=4258 after=4258
Replay tap positives before filter=2872 after=2872
Replay tap positives before filter=2212 after=2212
Replay tap positives before filter=2973 after=2973
Replay tap positives before filter=617 after=617
Replay tap positives before filter=2341 after=2341
Replay tap positives before filter=1251 after=1251
Replay tap positives before filter=1533 after=1533
Replay tap positives before filter=2273 after=2273
Replay tap positives before filter=5958 after=5958
Replay tap positives before filter=1897 after=1897
Replay tap positives before filter=512 after=512
Replay tap positives before filter=1250 after=1250
Replay tap positives before filter=2844 after=2844
Replay tap positives before filter=3150 after=3150
Replay tap positives before filter=1651 after=1651
Replay tap positives before filter=1571 after=1571
Replay tap positives before filter=3447 after=3447
Replay tap positives before filter=1967 after=1967
Replay tap positives before filter=1300 after=1300
Replay tap positives before filter=3124 after=3124
Replay tap positives before filter=3748 after=3748
Replay tap positives before filter=2458 after=2458
Replay tap positives before filter=1475 after=1475
Replay tap positives before filter=2664 after=2664
Replay tap positives before filter=869 after=869
Replay tap positives before filter=2412 after=2412
Replay tap positives before filter=1536 after=1536
Replay tap positives before filter=2895 after=2895
Replay tap positives before filter=2179 after=2179
Replay tap positives before filter=1389 after=1389
Replay tap positives before filter=1862 after=1862
Replay tap positives before filter=4370 after=4370
Replay tap positives before filter=1882 after=1882
Replay tap positives before filter=4312 after=4312
Replay tap positives before filter=3027 after=3027
Replay tap positives before filter=2458 after=2458
Replay tap positives before filter=2296 after=2296
Replay tap positives before filter=3093 after=3093
Replay tap positives before filter=1486 after=1486
Replay tap positives before filter=1679 after=1679
Replay tap positives before filter=3631 after=3631
Replay tap positives before filter=2080 after=2080
Replay tap positives before filter=1705 after=1705
Replay tap positives before filter=2820 after=2820
Replay tap positives before filter=3021 after=3021
Replay tap positives before filter=1838 after=1838
Replay tap positives before filter=1743 after=1743
Replay tap positives before filter=4978 after=4978
Replay tap positives before filter=3583 after=3583
Replay tap positives before filter=1532 after=1532
Replay tap positives before filter=2379 after=2379
Replay tap positives before filter=2276 after=2276
Replay tap positives before filter=1508 after=1508
Replay tap positives before filter=2215 after=2215
Replay tap positives before filter=4116 after=4116
Replay tap positives before filter=1552 after=1552
Replay tap positives before filter=1553 after=1553
Replay tap positives before filter=1998 after=1998
Replay tap positives before filter=1489 after=1489
Replay tap positives before filter=5032 after=5032
Replay tap positives before filter=1455 after=1455
Replay tap positives before filter=1341 after=1341
Replay tap positives before filter=2849 after=2849
Replay tap positives before filter=1438 after=1438
Replay tap positives before filter=2405 after=2405
Replay tap positives before filter=1427 after=1427
Replay tap positives before filter=804 after=804
Replay tap positives before filter=1562 after=1562
Replay tap positives before filter=2560 after=2560
Replay tap positives before filter=3330 after=3330
Replay tap positives before filter=3306 after=3306
Replay tap positives before filter=2182 after=2182
Replay tap positives before filter=6182 after=6182
Replay tap positives before filter=3377 after=3377
Replay tap positives before filter=4132 after=4132
Replay tap positives before filter=4975 after=4975
Replay tap positives before filter=1270 after=1270
Replay tap positives before filter=2157 after=2157
Replay tap positives before filter=314 after=314
Replay tap positives before filter=2554 after=2554
Replay tap positives before filter=2719 after=2719
Replay tap positives before filter=1529 after=1529
Replay tap positives before filter=2978 after=2978
Replay tap positives before filter=1108 after=1108
Replay tap positives before filter=697 after=697
Replay tap positives before filter=1971 after=1971
Replay tap positives before filter=888 after=888
No positive cells found.
No positive cells found.
                   all        186       8357      0.633      0.505      0.516      0.296
Saved 768 replay embeddings to /home/ddwilde/scriptie/runs/dota_lora_replay/stage1-lora-replay/replay/buffer.pt
Closing dataloader mosaic

      Epoch    GPU_mem   box_loss   cls_loss   dfl_lossreplay_loss  Instances       Size
Replay tap positives before filter=525 after=525
Replay tap positives before filter=1741 after=1741
Replay tap positives before filter=843 after=843
Replay tap positives before filter=357 after=357
Replay tap positives before filter=864 after=864
Replay tap positives before filter=40 after=40
Replay tap positives before filter=1772 after=1772
Replay tap positives before filter=2251 after=2251
Replay tap positives before filter=669 after=669
Replay tap positives before filter=1379 after=1379
Replay tap positives before filter=741 after=741
Replay tap positives before filter=899 after=899
Replay tap positives before filter=1469 after=1469
Replay tap positives before filter=1713 after=1713
Replay tap positives before filter=1083 after=1083
Replay tap positives before filter=301 after=301
Replay tap positives before filter=880 after=880
Replay tap positives before filter=2555 after=2555
Replay tap positives before filter=740 after=740
Replay tap positives before filter=3502 after=3502
Replay tap positives before filter=2576 after=2576
Replay tap positives before filter=1795 after=1795
Replay tap positives before filter=1956 after=1956
Replay tap positives before filter=575 after=575
Replay tap positives before filter=1286 after=1286
Replay tap positives before filter=182 after=182
Replay tap positives before filter=2004 after=2004
Replay tap positives before filter=638 after=638
Replay tap positives before filter=2922 after=2922
Replay tap positives before filter=2178 after=2178
Replay tap positives before filter=1258 after=1258
Replay tap positives before filter=1660 after=1660
Replay tap positives before filter=4051 after=4051
Replay tap positives before filter=551 after=551
Replay tap positives before filter=893 after=893
Replay tap positives before filter=926 after=926
Replay tap positives before filter=701 after=701
Replay tap positives before filter=3574 after=3574
Replay tap positives before filter=3987 after=3987
Replay tap positives before filter=1199 after=1199
Replay tap positives before filter=1085 after=1085
Replay tap positives before filter=552 after=552
Replay tap positives before filter=2441 after=2441
Replay tap positives before filter=2623 after=2623
Replay tap positives before filter=139 after=139
Replay tap positives before filter=1517 after=1517
Replay tap positives before filter=1001 after=1001
Replay tap positives before filter=1403 after=1403
Replay tap positives before filter=319 after=319
Replay tap positives before filter=697 after=697
Replay tap positives before filter=550 after=550
Replay tap positives before filter=819 after=819
Replay tap positives before filter=420 after=420
Replay tap positives before filter=609 after=609
Replay tap positives before filter=3890 after=3890
Replay tap positives before filter=1116 after=1116
Replay tap positives before filter=636 after=636
Replay tap positives before filter=651 after=651
Replay tap positives before filter=773 after=773
Replay tap positives before filter=1655 after=1655
Replay tap positives before filter=1277 after=1277
Replay tap positives before filter=1615 after=1615
Replay tap positives before filter=4694 after=4694
Replay tap positives before filter=1599 after=1599
Replay tap positives before filter=2359 after=2359
Replay tap positives before filter=2654 after=2654
Replay tap positives before filter=1084 after=1084
Replay tap positives before filter=1554 after=1554
Replay tap positives before filter=993 after=993
Replay tap positives before filter=1860 after=1860
Replay tap positives before filter=171 after=171
Replay tap positives before filter=1482 after=1482
Replay tap positives before filter=1076 after=1076
Replay tap positives before filter=615 after=615
Replay tap positives before filter=1614 after=1614
Replay tap positives before filter=2588 after=2588
Replay tap positives before filter=2092 after=2092
Replay tap positives before filter=543 after=543
Replay tap positives before filter=618 after=618
Replay tap positives before filter=1273 after=1273
Replay tap positives before filter=3498 after=3498
Replay tap positives before filter=1640 after=1640
Replay tap positives before filter=805 after=805
Replay tap positives before filter=2232 after=2232
Replay tap positives before filter=4970 after=4970
Replay tap positives before filter=2417 after=2417
Replay tap positives before filter=1650 after=1650
Replay tap positives before filter=2992 after=2992
Replay tap positives before filter=1260 after=1260
Replay tap positives before filter=735 after=735
Replay tap positives before filter=2315 after=2315
Replay tap positives before filter=2417 after=2417
Replay tap positives before filter=1204 after=1204
Replay tap positives before filter=1301 after=1301
Replay tap positives before filter=242 after=242
Replay tap positives before filter=4197 after=4197
Replay tap positives before filter=1800 after=1800
Replay tap positives before filter=713 after=713
Replay tap positives before filter=1462 after=1462
Replay tap positives before filter=773 after=773
Replay tap positives before filter=2982 after=2982
Replay tap positives before filter=566 after=566
Replay tap positives before filter=945 after=945
Replay tap positives before filter=96 after=96
Replay tap positives before filter=2597 after=2597
Replay tap positives before filter=1495 after=1495
Replay tap positives before filter=1107 after=1107
Replay tap positives before filter=2304 after=2304
Replay tap positives before filter=2332 after=2332
Replay tap positives before filter=1978 after=1978
Replay tap positives before filter=991 after=991
Replay tap positives before filter=2224 after=2224
Replay tap positives before filter=6913 after=6913
Replay tap positives before filter=2294 after=2294
Replay tap positives before filter=908 after=908
Replay tap positives before filter=545 after=545
Replay tap positives before filter=1590 after=1590
Replay tap positives before filter=2098 after=2098
Replay tap positives before filter=1274 after=1274
Replay tap positives before filter=297 after=297
Replay tap positives before filter=3112 after=3112
Replay tap positives before filter=2555 after=2555
Replay tap positives before filter=2099 after=2099
Replay tap positives before filter=2950 after=2950
Replay tap positives before filter=627 after=627
Replay tap positives before filter=904 after=904
Replay tap positives before filter=2489 after=2489
Replay tap positives before filter=1580 after=1580
Replay tap positives before filter=4970 after=4970
Replay tap positives before filter=111 after=111
Replay tap positives before filter=1151 after=1151
Replay tap positives before filter=1173 after=1173
No positive cells found.
No positive cells found.
                   all        186       8357      0.629      0.509      0.513      0.294
Saved 768 replay embeddings to /home/ddwilde/scriptie/runs/dota_lora_replay/stage1-lora-replay/replay/buffer.pt

      Epoch    GPU_mem   box_loss   cls_loss   dfl_lossreplay_loss  Instances       Size
Replay tap positives before filter=9197 after=9197
Replay tap positives before filter=1423 after=1423
Replay tap positives before filter=1590 after=1590
Replay tap positives before filter=845 after=845
Replay tap positives before filter=1546 after=1546
Replay tap positives before filter=2106 after=2106
Replay tap positives before filter=3778 after=3778
Replay tap positives before filter=1244 after=1244
Replay tap positives before filter=2805 after=2805
Replay tap positives before filter=727 after=727
Replay tap positives before filter=1422 after=1422
Replay tap positives before filter=2524 after=2524
Replay tap positives before filter=1574 after=1574
Replay tap positives before filter=476 after=476
Replay tap positives before filter=2474 after=2474
Replay tap positives before filter=2418 after=2418
Replay tap positives before filter=2762 after=2762
Replay tap positives before filter=1007 after=1007
Replay tap positives before filter=575 after=575
Replay tap positives before filter=2094 after=2094
Replay tap positives before filter=630 after=630
Replay tap positives before filter=597 after=597
Replay tap positives before filter=5672 after=5672
Replay tap positives before filter=1145 after=1145
Replay tap positives before filter=1465 after=1465
Replay tap positives before filter=1636 after=1636
Replay tap positives before filter=812 after=812
Replay tap positives before filter=1174 after=1174
Replay tap positives before filter=973 after=973
Replay tap positives before filter=1354 after=1354
Replay tap positives before filter=4633 after=4633
Replay tap positives before filter=1171 after=1171
Replay tap positives before filter=1481 after=1481
Replay tap positives before filter=1626 after=1626
Replay tap positives before filter=3630 after=3630
Replay tap positives before filter=185 after=185
Replay tap positives before filter=1876 after=1876
Replay tap positives before filter=1505 after=1505
Replay tap positives before filter=3864 after=3864
Replay tap positives before filter=4275 after=4275
Replay tap positives before filter=3214 after=3214
Replay tap positives before filter=2051 after=2051
Replay tap positives before filter=2352 after=2352
Replay tap positives before filter=2007 after=2007
Replay tap positives before filter=1694 after=1694
Replay tap positives before filter=1150 after=1150
Replay tap positives before filter=3783 after=3783
Replay tap positives before filter=1522 after=1522
Replay tap positives before filter=1714 after=1714
Replay tap positives before filter=1147 after=1147
Replay tap positives before filter=535 after=535
Replay tap positives before filter=1734 after=1734
Replay tap positives before filter=1408 after=1408
Replay tap positives before filter=1447 after=1447
Replay tap positives before filter=1040 after=1040
Replay tap positives before filter=1540 after=1540
Replay tap positives before filter=2000 after=2000
Replay tap positives before filter=731 after=731
Replay tap positives before filter=2566 after=2566
Replay tap positives before filter=1131 after=1131
Replay tap positives before filter=1064 after=1064
Replay tap positives before filter=1481 after=1481
Replay tap positives before filter=1402 after=1402
Replay tap positives before filter=1427 after=1427
Replay tap positives before filter=234 after=234
Replay tap positives before filter=1111 after=1111
Replay tap positives before filter=2001 after=2001
Replay tap positives before filter=2248 after=2248
Replay tap positives before filter=2444 after=2444
Replay tap positives before filter=2315 after=2315
Replay tap positives before filter=3035 after=3035
Replay tap positives before filter=1997 after=1997
Replay tap positives before filter=509 after=509
Replay tap positives before filter=784 after=784
Replay tap positives before filter=1299 after=1299
Replay tap positives before filter=802 after=802
Replay tap positives before filter=2966 after=2966
Replay tap positives before filter=5452 after=5452
Replay tap positives before filter=349 after=349
Replay tap positives before filter=357 after=357
Replay tap positives before filter=1239 after=1239
Replay tap positives before filter=1589 after=1589
Replay tap positives before filter=2562 after=2562
Replay tap positives before filter=1706 after=1706
Replay tap positives before filter=501 after=501
Replay tap positives before filter=643 after=643
Replay tap positives before filter=413 after=413
Replay tap positives before filter=1326 after=1326
Replay tap positives before filter=271 after=271
Replay tap positives before filter=1023 after=1023
Replay tap positives before filter=1984 after=1984
Replay tap positives before filter=1303 after=1303
Replay tap positives before filter=968 after=968
Replay tap positives before filter=797 after=797
Replay tap positives before filter=788 after=788
Replay tap positives before filter=529 after=529
Replay tap positives before filter=2038 after=2038
Replay tap positives before filter=572 after=572
Replay tap positives before filter=1456 after=1456
Replay tap positives before filter=1064 after=1064
Replay tap positives before filter=624 after=624
Replay tap positives before filter=1130 after=1130
Replay tap positives before filter=1445 after=1445
Replay tap positives before filter=1877 after=1877
Replay tap positives before filter=3416 after=3416
Replay tap positives before filter=3146 after=3146
Replay tap positives before filter=3031 after=3031
Replay tap positives before filter=1435 after=1435
Replay tap positives before filter=545 after=545
Replay tap positives before filter=389 after=389
Replay tap positives before filter=137 after=137
Replay tap positives before filter=2332 after=2332
Replay tap positives before filter=186 after=186
Replay tap positives before filter=1462 after=1462
Replay tap positives before filter=1414 after=1414
Replay tap positives before filter=958 after=958
Replay tap positives before filter=2246 after=2246
Replay tap positives before filter=1801 after=1801
Replay tap positives before filter=242 after=242
Replay tap positives before filter=1572 after=1572
Replay tap positives before filter=735 after=735
Replay tap positives before filter=589 after=589
Replay tap positives before filter=1210 after=1210
Replay tap positives before filter=1651 after=1651
Replay tap positives before filter=1734 after=1734
Replay tap positives before filter=3067 after=3067
Replay tap positives before filter=1309 after=1309
Replay tap positives before filter=2163 after=2163
Replay tap positives before filter=1701 after=1701
Replay tap positives before filter=618 after=618
Replay tap positives before filter=854 after=854
Replay tap positives before filter=91 after=91
No positive cells found.
No positive cells found.
                   all        186       8357      0.634       0.51      0.516        0.3
Saved 768 replay embeddings to /home/ddwilde/scriptie/runs/dota_lora_replay/stage1-lora-replay/replay/buffer.pt

      Epoch    GPU_mem   box_loss   cls_loss   dfl_lossreplay_loss  Instances       Size
Replay tap positives before filter=2016 after=2016
Replay tap positives before filter=1364 after=1364
Replay tap positives before filter=1558 after=1558
Replay tap positives before filter=984 after=984
Replay tap positives before filter=2489 after=2489
Replay tap positives before filter=3325 after=3325
Replay tap positives before filter=2177 after=2177
Replay tap positives before filter=3403 after=3403
Replay tap positives before filter=2596 after=2596
Replay tap positives before filter=728 after=728
Replay tap positives before filter=1138 after=1138
Replay tap positives before filter=932 after=932
Replay tap positives before filter=647 after=647
Replay tap positives before filter=665 after=665
Replay tap positives before filter=338 after=338
Replay tap positives before filter=212 after=212
Replay tap positives before filter=2440 after=2440
Replay tap positives before filter=5346 after=5346
Replay tap positives before filter=1039 after=1039
Replay tap positives before filter=1852 after=1852
Replay tap positives before filter=1052 after=1052
Replay tap positives before filter=1793 after=1793
Replay tap positives before filter=1252 after=1252
Replay tap positives before filter=856 after=856
Replay tap positives before filter=610 after=610
Replay tap positives before filter=690 after=690
Replay tap positives before filter=4369 after=4369
Replay tap positives before filter=2054 after=2054
Replay tap positives before filter=1175 after=1175
Replay tap positives before filter=5488 after=5488
Replay tap positives before filter=1016 after=1016
Replay tap positives before filter=864 after=864
Replay tap positives before filter=163 after=163
Replay tap positives before filter=1822 after=1822
Replay tap positives before filter=3739 after=3739
Replay tap positives before filter=1724 after=1724
Replay tap positives before filter=957 after=957
Replay tap positives before filter=2001 after=2001
Replay tap positives before filter=2286 after=2286
Replay tap positives before filter=4992 after=4992
Replay tap positives before filter=1036 after=1036
Replay tap positives before filter=2808 after=2808
Replay tap positives before filter=1244 after=1244
Replay tap positives before filter=782 after=782
Replay tap positives before filter=2732 after=2732
Replay tap positives before filter=2841 after=2841
Replay tap positives before filter=2460 after=2460
Replay tap positives before filter=1930 after=1930
Replay tap positives before filter=2552 after=2552
Replay tap positives before filter=781 after=781
Replay tap positives before filter=1907 after=1907
Replay tap positives before filter=2870 after=2870
Replay tap positives before filter=2301 after=2301
Replay tap positives before filter=2092 after=2092
Replay tap positives before filter=340 after=340
Replay tap positives before filter=878 after=878
Replay tap positives before filter=263 after=263
Replay tap positives before filter=1188 after=1188
Replay tap positives before filter=1059 after=1059
Replay tap positives before filter=2998 after=2998
Replay tap positives before filter=632 after=632
Replay tap positives before filter=568 after=568
Replay tap positives before filter=3218 after=3218
Replay tap positives before filter=470 after=470
Replay tap positives before filter=490 after=490
Replay tap positives before filter=274 after=274
Replay tap positives before filter=1292 after=1292
Replay tap positives before filter=1752 after=1752
Replay tap positives before filter=471 after=471
Replay tap positives before filter=2536 after=2536
Replay tap positives before filter=1563 after=1563
Replay tap positives before filter=3045 after=3045
Replay tap positives before filter=287 after=287
Replay tap positives before filter=1891 after=1891
Replay tap positives before filter=2044 after=2044
Replay tap positives before filter=1235 after=1235
Replay tap positives before filter=1552 after=1552
Replay tap positives before filter=932 after=932
Replay tap positives before filter=1142 after=1142
Replay tap positives before filter=1223 after=1223
Replay tap positives before filter=3395 after=3395
Replay tap positives before filter=3963 after=3963
Replay tap positives before filter=1205 after=1205
Replay tap positives before filter=417 after=417
Replay tap positives before filter=1351 after=1351
Replay tap positives before filter=1457 after=1457
Replay tap positives before filter=592 after=592
Replay tap positives before filter=2377 after=2377
Replay tap positives before filter=768 after=768
Replay tap positives before filter=3041 after=3041
Replay tap positives before filter=1630 after=1630
Replay tap positives before filter=2504 after=2504
Replay tap positives before filter=1274 after=1274
Replay tap positives before filter=388 after=388
Replay tap positives before filter=1283 after=1283
Replay tap positives before filter=498 after=498
Replay tap positives before filter=2273 after=2273
Replay tap positives before filter=579 after=579
Replay tap positives before filter=30 after=30
Replay tap positives before filter=3532 after=3532
Replay tap positives before filter=3189 after=3189
Replay tap positives before filter=758 after=758
Replay tap positives before filter=2686 after=2686
Replay tap positives before filter=1000 after=1000
Replay tap positives before filter=570 after=570
Replay tap positives before filter=2812 after=2812
Replay tap positives before filter=1637 after=1637
Replay tap positives before filter=1646 after=1646
Replay tap positives before filter=566 after=566
Replay tap positives before filter=1176 after=1176
Replay tap positives before filter=819 after=819
Replay tap positives before filter=2272 after=2272
Replay tap positives before filter=2568 after=2568
Replay tap positives before filter=3732 after=3732
Replay tap positives before filter=1233 after=1233
Replay tap positives before filter=1388 after=1388
Replay tap positives before filter=946 after=946
Replay tap positives before filter=2404 after=2404
Replay tap positives before filter=1739 after=1739
Replay tap positives before filter=1134 after=1134
Replay tap positives before filter=872 after=872
Replay tap positives before filter=2531 after=2531
Replay tap positives before filter=1698 after=1698
Replay tap positives before filter=469 after=469
Replay tap positives before filter=899 after=899
Replay tap positives before filter=1571 after=1571
Replay tap positives before filter=409 after=409
Replay tap positives before filter=1570 after=1570
Replay tap positives before filter=1898 after=1898
Replay tap positives before filter=2261 after=2261
Replay tap positives before filter=919 after=919
Replay tap positives before filter=676 after=676
No positive cells found.
No positive cells found.
                   all        186       8357      0.632      0.512      0.516        0.3
Saved 768 replay embeddings to /home/ddwilde/scriptie/runs/dota_lora_replay/stage1-lora-replay/replay/buffer.pt

      Epoch    GPU_mem   box_loss   cls_loss   dfl_lossreplay_loss  Instances       Size
Replay tap positives before filter=1444 after=1444
Replay tap positives before filter=2271 after=2271
Replay tap positives before filter=1122 after=1122
Replay tap positives before filter=1045 after=1045
Replay tap positives before filter=2651 after=2651
Replay tap positives before filter=2030 after=2030
Replay tap positives before filter=1283 after=1283
Replay tap positives before filter=103 after=103
Replay tap positives before filter=1136 after=1136
Replay tap positives before filter=1338 after=1338
Replay tap positives before filter=2300 after=2300
Replay tap positives before filter=565 after=565
Replay tap positives before filter=2726 after=2726
Replay tap positives before filter=1952 after=1952
Replay tap positives before filter=1738 after=1738
Replay tap positives before filter=795 after=795
Replay tap positives before filter=859 after=859
Replay tap positives before filter=2395 after=2395
Replay tap positives before filter=389 after=389
Replay tap positives before filter=1850 after=1850
Replay tap positives before filter=2180 after=2180
Replay tap positives before filter=1196 after=1196
Replay tap positives before filter=1899 after=1899
Replay tap positives before filter=3565 after=3565
Replay tap positives before filter=1886 after=1886
Replay tap positives before filter=1793 after=1793
Replay tap positives before filter=419 after=419
Replay tap positives before filter=1236 after=1236
Replay tap positives before filter=1080 after=1080
Replay tap positives before filter=195 after=195
Replay tap positives before filter=605 after=605
Replay tap positives before filter=619 after=619
Replay tap positives before filter=1292 after=1292
Replay tap positives before filter=2646 after=2646
Replay tap positives before filter=1470 after=1470
Replay tap positives before filter=3081 after=3081
Replay tap positives before filter=3297 after=3297
Replay tap positives before filter=1130 after=1130
Replay tap positives before filter=1908 after=1908
Replay tap positives before filter=758 after=758
Replay tap positives before filter=294 after=294
Replay tap positives before filter=2043 after=2043
Replay tap positives before filter=4231 after=4231
Replay tap positives before filter=3468 after=3468
Replay tap positives before filter=634 after=634
Replay tap positives before filter=318 after=318
Replay tap positives before filter=1655 after=1655
Replay tap positives before filter=2783 after=2783
Replay tap positives before filter=354 after=354
Replay tap positives before filter=1933 after=1933
Replay tap positives before filter=1120 after=1120
Replay tap positives before filter=444 after=444
Replay tap positives before filter=1007 after=1007
Replay tap positives before filter=3893 after=3893
Replay tap positives before filter=189 after=189
Replay tap positives before filter=1678 after=1678
Replay tap positives before filter=1043 after=1043
Replay tap positives before filter=2562 after=2562
Replay tap positives before filter=2385 after=2385
Replay tap positives before filter=573 after=573
Replay tap positives before filter=678 after=678
Replay tap positives before filter=1905 after=1905
Replay tap positives before filter=444 after=444
Replay tap positives before filter=3045 after=3045
Replay tap positives before filter=4312 after=4312
Replay tap positives before filter=1737 after=1737
Replay tap positives before filter=2448 after=2448
Replay tap positives before filter=2911 after=2911
Replay tap positives before filter=2498 after=2498
Replay tap positives before filter=2136 after=2136
Replay tap positives before filter=1378 after=1378
Replay tap positives before filter=157 after=157
Replay tap positives before filter=629 after=629
Replay tap positives before filter=2841 after=2841
Replay tap positives before filter=2246 after=2246
Replay tap positives before filter=3226 after=3226
Replay tap positives before filter=939 after=939
Replay tap positives before filter=1259 after=1259
Replay tap positives before filter=1414 after=1414
Replay tap positives before filter=334 after=334
Replay tap positives before filter=2018 after=2018
Replay tap positives before filter=2546 after=2546
Replay tap positives before filter=799 after=799
Replay tap positives before filter=1845 after=1845
Replay tap positives before filter=1201 after=1201
Replay tap positives before filter=3699 after=3699
Replay tap positives before filter=925 after=925
Replay tap positives before filter=1365 after=1365
Replay tap positives before filter=895 after=895
Replay tap positives before filter=1773 after=1773
Replay tap positives before filter=690 after=690
Replay tap positives before filter=62 after=62
Replay tap positives before filter=4808 after=4808
Replay tap positives before filter=624 after=624
Replay tap positives before filter=2890 after=2890
Replay tap positives before filter=1892 after=1892
Replay tap positives before filter=408 after=408
Replay tap positives before filter=3934 after=3934
Replay tap positives before filter=1963 after=1963
Replay tap positives before filter=990 after=990
Replay tap positives before filter=2304 after=2304
Replay tap positives before filter=1505 after=1505
Replay tap positives before filter=2554 after=2554
Replay tap positives before filter=1192 after=1192
Replay tap positives before filter=446 after=446
Replay tap positives before filter=823 after=823
Replay tap positives before filter=1099 after=1099
Replay tap positives before filter=2405 after=2405
Replay tap positives before filter=1714 after=1714
Replay tap positives before filter=1831 after=1831
Replay tap positives before filter=1704 after=1704
Replay tap positives before filter=2515 after=2515
Replay tap positives before filter=865 after=865
Replay tap positives before filter=2532 after=2532
Replay tap positives before filter=2949 after=2949
Replay tap positives before filter=1341 after=1341
Replay tap positives before filter=1624 after=1624
Replay tap positives before filter=630 after=630
Replay tap positives before filter=3491 after=3491
Replay tap positives before filter=661 after=661
Replay tap positives before filter=750 after=750
Replay tap positives before filter=1179 after=1179
Replay tap positives before filter=1378 after=1378
Replay tap positives before filter=1618 after=1618
Replay tap positives before filter=974 after=974
Replay tap positives before filter=1482 after=1482
Replay tap positives before filter=1522 after=1522
Replay tap positives before filter=780 after=780
Replay tap positives before filter=577 after=577
Replay tap positives before filter=698 after=698
Replay tap positives before filter=2097 after=2097
Replay tap positives before filter=1476 after=1476
No positive cells found.
No positive cells found.
                   all        186       8357       0.63      0.511      0.515        0.3
Saved 768 replay embeddings to /home/ddwilde/scriptie/runs/dota_lora_replay/stage1-lora-replay/replay/buffer.pt

      Epoch    GPU_mem   box_loss   cls_loss   dfl_lossreplay_loss  Instances       Size
Replay tap positives before filter=598 after=598
Replay tap positives before filter=1870 after=1870
Replay tap positives before filter=990 after=990
Replay tap positives before filter=1624 after=1624
Replay tap positives before filter=3017 after=3017
Replay tap positives before filter=1215 after=1215
Replay tap positives before filter=1478 after=1478
Replay tap positives before filter=1381 after=1381
Replay tap positives before filter=1666 after=1666
Replay tap positives before filter=1566 after=1566
Replay tap positives before filter=690 after=690
Replay tap positives before filter=490 after=490
Replay tap positives before filter=506 after=506
Replay tap positives before filter=2377 after=2377
Replay tap positives before filter=1550 after=1550
Replay tap positives before filter=118 after=118
Replay tap positives before filter=2815 after=2815
Replay tap positives before filter=503 after=503
Replay tap positives before filter=653 after=653
Replay tap positives before filter=822 after=822
Replay tap positives before filter=1351 after=1351
Replay tap positives before filter=1544 after=1544
Replay tap positives before filter=1629 after=1629
Replay tap positives before filter=278 after=278
Replay tap positives before filter=719 after=719
Replay tap positives before filter=1759 after=1759
Replay tap positives before filter=6807 after=6807
Replay tap positives before filter=1613 after=1613
Replay tap positives before filter=2585 after=2585
Replay tap positives before filter=4549 after=4549
Replay tap positives before filter=2475 after=2475
Replay tap positives before filter=2443 after=2443
Replay tap positives before filter=602 after=602
Replay tap positives before filter=1415 after=1415
Replay tap positives before filter=1160 after=1160
Replay tap positives before filter=2419 after=2419
Replay tap positives before filter=1244 after=1244
Replay tap positives before filter=2737 after=2737
Replay tap positives before filter=3262 after=3262
Replay tap positives before filter=922 after=922
Replay tap positives before filter=904 after=904
Replay tap positives before filter=1484 after=1484
Replay tap positives before filter=3805 after=3805
Replay tap positives before filter=2277 after=2277
Replay tap positives before filter=369 after=369
Replay tap positives before filter=2004 after=2004
Replay tap positives before filter=360 after=360
Replay tap positives before filter=1667 after=1667
Replay tap positives before filter=2441 after=2441
Replay tap positives before filter=1751 after=1751
Replay tap positives before filter=1062 after=1062
Replay tap positives before filter=1157 after=1157
Replay tap positives before filter=280 after=280
Replay tap positives before filter=2517 after=2517
Replay tap positives before filter=1050 after=1050
Replay tap positives before filter=294 after=294
Replay tap positives before filter=1444 after=1444
Replay tap positives before filter=408 after=408
Replay tap positives before filter=3050 after=3050
Replay tap positives before filter=1880 after=1880
Replay tap positives before filter=145 after=145
Replay tap positives before filter=3089 after=3089
Replay tap positives before filter=625 after=625
Replay tap positives before filter=1757 after=1757
Replay tap positives before filter=2645 after=2645
Replay tap positives before filter=1114 after=1114
Replay tap positives before filter=703 after=703
Replay tap positives before filter=1434 after=1434
Replay tap positives before filter=2274 after=2274
Replay tap positives before filter=1095 after=1095
Replay tap positives before filter=3567 after=3567
Replay tap positives before filter=359 after=359
Replay tap positives before filter=1158 after=1158
Replay tap positives before filter=1083 after=1083
Replay tap positives before filter=514 after=514
Replay tap positives before filter=400 after=400
Replay tap positives before filter=1870 after=1870
Replay tap positives before filter=388 after=388
Replay tap positives before filter=1824 after=1824
Replay tap positives before filter=1982 after=1982
Replay tap positives before filter=2485 after=2485
Replay tap positives before filter=405 after=405
Replay tap positives before filter=1490 after=1490
Replay tap positives before filter=3119 after=3119
Replay tap positives before filter=721 after=721
Replay tap positives before filter=3224 after=3224
Replay tap positives before filter=1588 after=1588
Replay tap positives before filter=1372 after=1372
Replay tap positives before filter=2312 after=2312
Replay tap positives before filter=2745 after=2745
Replay tap positives before filter=1909 after=1909
Replay tap positives before filter=4648 after=4648
Replay tap positives before filter=842 after=842
Replay tap positives before filter=1475 after=1475
Replay tap positives before filter=1788 after=1788
Replay tap positives before filter=733 after=733
Replay tap positives before filter=154 after=154
Replay tap positives before filter=3451 after=3451
Replay tap positives before filter=981 after=981
Replay tap positives before filter=1002 after=1002
Replay tap positives before filter=3455 after=3455
Replay tap positives before filter=1768 after=1768
Replay tap positives before filter=2088 after=2088
Replay tap positives before filter=1214 after=1214
Replay tap positives before filter=727 after=727
Replay tap positives before filter=642 after=642
Replay tap positives before filter=2586 after=2586
Replay tap positives before filter=2169 after=2169
Replay tap positives before filter=912 after=912
Replay tap positives before filter=1999 after=1999
Replay tap positives before filter=1753 after=1753
Replay tap positives before filter=1076 after=1076
Replay tap positives before filter=1281 after=1281
Replay tap positives before filter=1219 after=1219
Replay tap positives before filter=2374 after=2374
Replay tap positives before filter=1826 after=1826
Replay tap positives before filter=623 after=623
Replay tap positives before filter=3251 after=3251
Replay tap positives before filter=661 after=661
Replay tap positives before filter=3466 after=3466
Replay tap positives before filter=4659 after=4659
Replay tap positives before filter=217 after=217
Replay tap positives before filter=1169 after=1169
Replay tap positives before filter=1365 after=1365
Replay tap positives before filter=2907 after=2907
Replay tap positives before filter=1138 after=1138
Replay tap positives before filter=2661 after=2661
Replay tap positives before filter=2409 after=2409
Replay tap positives before filter=2640 after=2640
Replay tap positives before filter=677 after=677
Replay tap positives before filter=614 after=614
Replay tap positives before filter=69 after=69
No positive cells found.
No positive cells found.
                   all        186       8357      0.638      0.508      0.516      0.298
Saved 768 replay embeddings to /home/ddwilde/scriptie/runs/dota_lora_replay/stage1-lora-replay/replay/buffer.pt

      Epoch    GPU_mem   box_loss   cls_loss   dfl_lossreplay_loss  Instances       Size
Replay tap positives before filter=849 after=849
Replay tap positives before filter=2090 after=2090
Replay tap positives before filter=602 after=602
Replay tap positives before filter=1132 after=1132
Replay tap positives before filter=402 after=402
Replay tap positives before filter=1726 after=1726
Replay tap positives before filter=703 after=703
Replay tap positives before filter=609 after=609
Replay tap positives before filter=498 after=498
Replay tap positives before filter=1875 after=1875
Replay tap positives before filter=1649 after=1649
Replay tap positives before filter=4005 after=4005
Replay tap positives before filter=1235 after=1235
Replay tap positives before filter=349 after=349
Replay tap positives before filter=4436 after=4436
Replay tap positives before filter=376 after=376
Replay tap positives before filter=1118 after=1118
Replay tap positives before filter=1983 after=1983
Replay tap positives before filter=1235 after=1235
Replay tap positives before filter=2174 after=2174
Replay tap positives before filter=1737 after=1737
Replay tap positives before filter=1367 after=1367
Replay tap positives before filter=2629 after=2629
Replay tap positives before filter=1663 after=1663
Replay tap positives before filter=433 after=433
Replay tap positives before filter=1571 after=1571
Replay tap positives before filter=1112 after=1112
Replay tap positives before filter=407 after=407
Replay tap positives before filter=1081 after=1081
Replay tap positives before filter=1071 after=1071
Replay tap positives before filter=1862 after=1862
Replay tap positives before filter=5276 after=5276
Replay tap positives before filter=2475 after=2475
Replay tap positives before filter=2293 after=2293
Replay tap positives before filter=1512 after=1512
Replay tap positives before filter=638 after=638
Replay tap positives before filter=2218 after=2218
Replay tap positives before filter=540 after=540
Replay tap positives before filter=2303 after=2303
Replay tap positives before filter=1368 after=1368
Replay tap positives before filter=1600 after=1600
Replay tap positives before filter=1919 after=1919
Replay tap positives before filter=795 after=795
Replay tap positives before filter=1588 after=1588
Replay tap positives before filter=1288 after=1288
Replay tap positives before filter=1023 after=1023
Replay tap positives before filter=222 after=222
Replay tap positives before filter=801 after=801
Replay tap positives before filter=363 after=363
Replay tap positives before filter=1538 after=1538
Replay tap positives before filter=226 after=226
Replay tap positives before filter=704 after=704
Replay tap positives before filter=1746 after=1746
Replay tap positives before filter=1433 after=1433
Replay tap positives before filter=3594 after=3594
Replay tap positives before filter=3056 after=3056
Replay tap positives before filter=2320 after=2320
Replay tap positives before filter=730 after=730
Replay tap positives before filter=2856 after=2856
Replay tap positives before filter=801 after=801
Replay tap positives before filter=2692 after=2692
Replay tap positives before filter=1527 after=1527
Replay tap positives before filter=712 after=712
Replay tap positives before filter=939 after=939
Replay tap positives before filter=3152 after=3152
Replay tap positives before filter=2608 after=2608
Replay tap positives before filter=1614 after=1614
Replay tap positives before filter=3397 after=3397
Replay tap positives before filter=410 after=410
Replay tap positives before filter=1058 after=1058
Replay tap positives before filter=3356 after=3356
Replay tap positives before filter=1184 after=1184
Replay tap positives before filter=2207 after=2207
Replay tap positives before filter=1131 after=1131
Replay tap positives before filter=1657 after=1657
Replay tap positives before filter=517 after=517
Replay tap positives before filter=1147 after=1147
Replay tap positives before filter=5665 after=5665
Replay tap positives before filter=1622 after=1622
Replay tap positives before filter=1288 after=1288
Replay tap positives before filter=1801 after=1801
Replay tap positives before filter=753 after=753
Replay tap positives before filter=3112 after=3112
Replay tap positives before filter=1644 after=1644
Replay tap positives before filter=1163 after=1163
Replay tap positives before filter=1698 after=1698
Replay tap positives before filter=1387 after=1387
Replay tap positives before filter=1627 after=1627
Replay tap positives before filter=3884 after=3884
Replay tap positives before filter=1862 after=1862
Replay tap positives before filter=1698 after=1698
Replay tap positives before filter=141 after=141
Replay tap positives before filter=1150 after=1150
Replay tap positives before filter=2306 after=2306
Replay tap positives before filter=840 after=840
Replay tap positives before filter=637 after=637
Replay tap positives before filter=1505 after=1505
Replay tap positives before filter=2041 after=2041
Replay tap positives before filter=2392 after=2392
Replay tap positives before filter=2183 after=2183
Replay tap positives before filter=1554 after=1554
Replay tap positives before filter=3005 after=3005
Replay tap positives before filter=1605 after=1605
Replay tap positives before filter=386 after=386
Replay tap positives before filter=1963 after=1963
Replay tap positives before filter=1280 after=1280
Replay tap positives before filter=1397 after=1397
Replay tap positives before filter=1403 after=1403
Replay tap positives before filter=1850 after=1850
Replay tap positives before filter=501 after=501
Replay tap positives before filter=170 after=170
Replay tap positives before filter=1058 after=1058
Replay tap positives before filter=3258 after=3258
Replay tap positives before filter=474 after=474
Replay tap positives before filter=3926 after=3926
Replay tap positives before filter=2187 after=2187
Replay tap positives before filter=817 after=817
Replay tap positives before filter=456 after=456
Replay tap positives before filter=2969 after=2969
Replay tap positives before filter=3376 after=3376
Replay tap positives before filter=856 after=856
Replay tap positives before filter=375 after=375
Replay tap positives before filter=3333 after=3333
Replay tap positives before filter=1391 after=1391
Replay tap positives before filter=3010 after=3010
Replay tap positives before filter=1368 after=1368
Replay tap positives before filter=1382 after=1382
Replay tap positives before filter=2162 after=2162
Replay tap positives before filter=1918 after=1918
Replay tap positives before filter=1760 after=1760
Replay tap positives before filter=930 after=930
Replay tap positives before filter=868 after=868
No positive cells found.
No positive cells found.
                   all        186       8357      0.635      0.513      0.517      0.296
Saved 768 replay embeddings to /home/ddwilde/scriptie/runs/dota_lora_replay/stage1-lora-replay/replay/buffer.pt

      Epoch    GPU_mem   box_loss   cls_loss   dfl_lossreplay_loss  Instances       Size
Replay tap positives before filter=1140 after=1140
Replay tap positives before filter=982 after=982
Replay tap positives before filter=2012 after=2012
Replay tap positives before filter=867 after=867
Replay tap positives before filter=4072 after=4072
Replay tap positives before filter=474 after=474
Replay tap positives before filter=94 after=94
Replay tap positives before filter=1727 after=1727
Replay tap positives before filter=615 after=615
Replay tap positives before filter=2435 after=2435
Replay tap positives before filter=918 after=918
Replay tap positives before filter=460 after=460
Replay tap positives before filter=291 after=291
Replay tap positives before filter=333 after=333
Replay tap positives before filter=584 after=584
Replay tap positives before filter=1646 after=1646
Replay tap positives before filter=596 after=596
Replay tap positives before filter=588 after=588
Replay tap positives before filter=508 after=508
Replay tap positives before filter=1998 after=1998
Replay tap positives before filter=2254 after=2254
Replay tap positives before filter=728 after=728
Replay tap positives before filter=3437 after=3437
Replay tap positives before filter=1363 after=1363
Replay tap positives before filter=439 after=439
Replay tap positives before filter=1523 after=1523
Replay tap positives before filter=755 after=755
Replay tap positives before filter=1926 after=1926
Replay tap positives before filter=1881 after=1881
Replay tap positives before filter=503 after=503
Replay tap positives before filter=4113 after=4113
Replay tap positives before filter=1773 after=1773
Replay tap positives before filter=1373 after=1373
Replay tap positives before filter=580 after=580
Replay tap positives before filter=3294 after=3294
Replay tap positives before filter=3541 after=3541
Replay tap positives before filter=1603 after=1603
Replay tap positives before filter=737 after=737
Replay tap positives before filter=1911 after=1911
Replay tap positives before filter=2381 after=2381
Replay tap positives before filter=865 after=865
Replay tap positives before filter=1884 after=1884
Replay tap positives before filter=1187 after=1187
Replay tap positives before filter=543 after=543
Replay tap positives before filter=2295 after=2295
Replay tap positives before filter=762 after=762
Replay tap positives before filter=1662 after=1662
Replay tap positives before filter=1697 after=1697
Replay tap positives before filter=1814 after=1814
Replay tap positives before filter=1147 after=1147
Replay tap positives before filter=2116 after=2116
Replay tap positives before filter=1105 after=1105
Replay tap positives before filter=2869 after=2869
Replay tap positives before filter=926 after=926
Replay tap positives before filter=1812 after=1812
Replay tap positives before filter=936 after=936
Replay tap positives before filter=844 after=844
Replay tap positives before filter=2838 after=2838
Replay tap positives before filter=2401 after=2401
Replay tap positives before filter=1154 after=1154
Replay tap positives before filter=1231 after=1231
Replay tap positives before filter=2403 after=2403
Replay tap positives before filter=650 after=650
Replay tap positives before filter=580 after=580
Replay tap positives before filter=549 after=549
Replay tap positives before filter=420 after=420
Replay tap positives before filter=3409 after=3409
Replay tap positives before filter=2980 after=2980
Replay tap positives before filter=819 after=819
Replay tap positives before filter=1361 after=1361
Replay tap positives before filter=672 after=672
Replay tap positives before filter=5652 after=5652
Replay tap positives before filter=1131 after=1131
Replay tap positives before filter=987 after=987
Replay tap positives before filter=4235 after=4235
Replay tap positives before filter=548 after=548
Replay tap positives before filter=2194 after=2194
Replay tap positives before filter=1083 after=1083
Replay tap positives before filter=528 after=528
Replay tap positives before filter=1672 after=1672
Replay tap positives before filter=2601 after=2601
Replay tap positives before filter=447 after=447
Replay tap positives before filter=286 after=286
Replay tap positives before filter=1387 after=1387
Replay tap positives before filter=615 after=615
Replay tap positives before filter=1435 after=1435
Replay tap positives before filter=2080 after=2080
Replay tap positives before filter=2333 after=2333
Replay tap positives before filter=3051 after=3051
Replay tap positives before filter=2403 after=2403
Replay tap positives before filter=353 after=353
Replay tap positives before filter=1144 after=1144
Replay tap positives before filter=1628 after=1628
Replay tap positives before filter=3145 after=3145
Replay tap positives before filter=1812 after=1812
Replay tap positives before filter=748 after=748
Replay tap positives before filter=1938 after=1938
Replay tap positives before filter=1969 after=1969
Replay tap positives before filter=2328 after=2328
Replay tap positives before filter=2106 after=2106
Replay tap positives before filter=2282 after=2282
Replay tap positives before filter=694 after=694
Replay tap positives before filter=3750 after=3750
Replay tap positives before filter=4361 after=4361
Replay tap positives before filter=316 after=316
Replay tap positives before filter=2077 after=2077
Replay tap positives before filter=2616 after=2616
Replay tap positives before filter=3016 after=3016
Replay tap positives before filter=974 after=974
Replay tap positives before filter=2616 after=2616
Replay tap positives before filter=3364 after=3364
Replay tap positives before filter=1718 after=1718
Replay tap positives before filter=2293 after=2293
Replay tap positives before filter=1974 after=1974
Replay tap positives before filter=773 after=773
Replay tap positives before filter=2678 after=2678
Replay tap positives before filter=1484 after=1484
Replay tap positives before filter=1992 after=1992
Replay tap positives before filter=1308 after=1308
Replay tap positives before filter=1600 after=1600
Replay tap positives before filter=4165 after=4165
Replay tap positives before filter=2618 after=2618
Replay tap positives before filter=115 after=115
Replay tap positives before filter=1458 after=1458
Replay tap positives before filter=248 after=248
Replay tap positives before filter=4238 after=4238
Replay tap positives before filter=49 after=49
Replay tap positives before filter=2552 after=2552
Replay tap positives before filter=1985 after=1985
Replay tap positives before filter=101 after=101
Replay tap positives before filter=283 after=283
Replay tap positives before filter=137 after=137
No positive cells found.
No positive cells found.
                   all        186       8357      0.642      0.511      0.517      0.293
Saved 768 replay embeddings to /home/ddwilde/scriptie/runs/dota_lora_replay/stage1-lora-replay/replay/buffer.pt

      Epoch    GPU_mem   box_loss   cls_loss   dfl_lossreplay_loss  Instances       Size
Replay tap positives before filter=1604 after=1604
Replay tap positives before filter=1253 after=1253
Replay tap positives before filter=1008 after=1008
Replay tap positives before filter=900 after=900
Replay tap positives before filter=1564 after=1564
Replay tap positives before filter=3052 after=3052
Replay tap positives before filter=1531 after=1531
Replay tap positives before filter=3878 after=3878
Replay tap positives before filter=2364 after=2364
Replay tap positives before filter=2288 after=2288
Replay tap positives before filter=1304 after=1304
Replay tap positives before filter=2653 after=2653
Replay tap positives before filter=151 after=151
Replay tap positives before filter=1463 after=1463
Replay tap positives before filter=2649 after=2649
Replay tap positives before filter=2012 after=2012
Replay tap positives before filter=2314 after=2314
Replay tap positives before filter=2063 after=2063
Replay tap positives before filter=3251 after=3251
Replay tap positives before filter=560 after=560
Replay tap positives before filter=2166 after=2166
Replay tap positives before filter=1405 after=1405
Replay tap positives before filter=1249 after=1249
Replay tap positives before filter=904 after=904
Replay tap positives before filter=2820 after=2820
Replay tap positives before filter=2176 after=2176
Replay tap positives before filter=742 after=742
Replay tap positives before filter=844 after=844
Replay tap positives before filter=2761 after=2761
Replay tap positives before filter=1427 after=1427
Replay tap positives before filter=1751 after=1751
Replay tap positives before filter=2936 after=2936
Replay tap positives before filter=3772 after=3772
Replay tap positives before filter=2529 after=2529
Replay tap positives before filter=3244 after=3244
Replay tap positives before filter=780 after=780
Replay tap positives before filter=192 after=192
Replay tap positives before filter=1449 after=1449
Replay tap positives before filter=228 after=228
Replay tap positives before filter=2123 after=2123
Replay tap positives before filter=2613 after=2613
Replay tap positives before filter=1433 after=1433
Replay tap positives before filter=2117 after=2117
Replay tap positives before filter=286 after=286
Replay tap positives before filter=785 after=785
Replay tap positives before filter=1608 after=1608
Replay tap positives before filter=3365 after=3365
Replay tap positives before filter=2158 after=2158
Replay tap positives before filter=146 after=146
Replay tap positives before filter=1013 after=1013
Replay tap positives before filter=2267 after=2267
Replay tap positives before filter=2273 after=2273
Replay tap positives before filter=81 after=81
Replay tap positives before filter=620 after=620
Replay tap positives before filter=3391 after=3391
Replay tap positives before filter=1857 after=1857
Replay tap positives before filter=2076 after=2076
Replay tap positives before filter=1488 after=1488
Replay tap positives before filter=2270 after=2270
Replay tap positives before filter=999 after=999
Replay tap positives before filter=2083 after=2083
Replay tap positives before filter=1228 after=1228
Replay tap positives before filter=1124 after=1124
Replay tap positives before filter=2035 after=2035
Replay tap positives before filter=949 after=949
Replay tap positives before filter=1792 after=1792
Replay tap positives before filter=823 after=823
Replay tap positives before filter=1475 after=1475
Replay tap positives before filter=459 after=459
Replay tap positives before filter=103 after=103
Replay tap positives before filter=1372 after=1372
Replay tap positives before filter=587 after=587
Replay tap positives before filter=513 after=513
Replay tap positives before filter=517 after=517
Replay tap positives before filter=3516 after=3516
Replay tap positives before filter=1758 after=1758
Replay tap positives before filter=1096 after=1096
Replay tap positives before filter=665 after=665
Replay tap positives before filter=4476 after=4476
Replay tap positives before filter=2743 after=2743
Replay tap positives before filter=2436 after=2436
Replay tap positives before filter=2179 after=2179
Replay tap positives before filter=2762 after=2762
Replay tap positives before filter=115 after=115
Replay tap positives before filter=1477 after=1477
Replay tap positives before filter=833 after=833
Replay tap positives before filter=1216 after=1216
Replay tap positives before filter=2078 after=2078
Replay tap positives before filter=678 after=678
Replay tap positives before filter=1073 after=1073
Replay tap positives before filter=1550 after=1550
Replay tap positives before filter=2623 after=2623
Replay tap positives before filter=499 after=499
Replay tap positives before filter=1350 after=1350
Replay tap positives before filter=2891 after=2891
Replay tap positives before filter=1049 after=1049
Replay tap positives before filter=241 after=241
Replay tap positives before filter=2225 after=2225
Replay tap positives before filter=2993 after=2993
Replay tap positives before filter=1546 after=1546
Replay tap positives before filter=477 after=477
Replay tap positives before filter=2193 after=2193
Replay tap positives before filter=2747 after=2747
Replay tap positives before filter=2034 after=2034
Replay tap positives before filter=1644 after=1644
Replay tap positives before filter=626 after=626
Replay tap positives before filter=768 after=768
Replay tap positives before filter=1558 after=1558
Replay tap positives before filter=1452 after=1452
Replay tap positives before filter=786 after=786
Replay tap positives before filter=383 after=383
Replay tap positives before filter=332 after=332
Replay tap positives before filter=1990 after=1990
Replay tap positives before filter=3256 after=3256
Replay tap positives before filter=1974 after=1974
Replay tap positives before filter=990 after=990
Replay tap positives before filter=124 after=124
Replay tap positives before filter=1577 after=1577
Replay tap positives before filter=1642 after=1642
Replay tap positives before filter=1777 after=1777
Replay tap positives before filter=1181 after=1181
Replay tap positives before filter=380 after=380
Replay tap positives before filter=2008 after=2008
Replay tap positives before filter=863 after=863
Replay tap positives before filter=941 after=941
Replay tap positives before filter=1347 after=1347
Replay tap positives before filter=3758 after=3758
Replay tap positives before filter=587 after=587
Replay tap positives before filter=2409 after=2409
Replay tap positives before filter=165 after=165
Replay tap positives before filter=832 after=832
Replay tap positives before filter=1272 after=1272
No positive cells found.
No positive cells found.
                   all        186       8357      0.643      0.508      0.517      0.294
Saved 768 replay embeddings to /home/ddwilde/scriptie/runs/dota_lora_replay/stage1-lora-replay/replay/buffer.pt

      Epoch    GPU_mem   box_loss   cls_loss   dfl_lossreplay_loss  Instances       Size
Replay tap positives before filter=2638 after=2638
Replay tap positives before filter=938 after=938
Replay tap positives before filter=1066 after=1066
Replay tap positives before filter=424 after=424
Replay tap positives before filter=2573 after=2573
Replay tap positives before filter=1625 after=1625
Replay tap positives before filter=4322 after=4322
Replay tap positives before filter=654 after=654
Replay tap positives before filter=1050 after=1050
Replay tap positives before filter=148 after=148
Replay tap positives before filter=840 after=840
Replay tap positives before filter=2719 after=2719
Replay tap positives before filter=2469 after=2469
Replay tap positives before filter=2013 after=2013
Replay tap positives before filter=311 after=311
Replay tap positives before filter=4038 after=4038
Replay tap positives before filter=1146 after=1146
Replay tap positives before filter=1348 after=1348
Replay tap positives before filter=1089 after=1089
Replay tap positives before filter=136 after=136
Replay tap positives before filter=3320 after=3320
Replay tap positives before filter=861 after=861
Replay tap positives before filter=1407 after=1407
Replay tap positives before filter=816 after=816
Replay tap positives before filter=3312 after=3312
Replay tap positives before filter=970 after=970
Replay tap positives before filter=1259 after=1259
Replay tap positives before filter=560 after=560
Replay tap positives before filter=2331 after=2331
Replay tap positives before filter=1084 after=1084
Replay tap positives before filter=1196 after=1196
Replay tap positives before filter=1960 after=1960
Replay tap positives before filter=614 after=614
Replay tap positives before filter=5709 after=5709
Replay tap positives before filter=891 after=891
Replay tap positives before filter=2640 after=2640
Replay tap positives before filter=1561 after=1561
Replay tap positives before filter=625 after=625
Replay tap positives before filter=1839 after=1839
Replay tap positives before filter=410 after=410
Replay tap positives before filter=1287 after=1287
Replay tap positives before filter=859 after=859
Replay tap positives before filter=712 after=712
Replay tap positives before filter=894 after=894
Replay tap positives before filter=2207 after=2207
Replay tap positives before filter=242 after=242
Replay tap positives before filter=332 after=332
Replay tap positives before filter=526 after=526
Replay tap positives before filter=434 after=434
Replay tap positives before filter=1404 after=1404
Replay tap positives before filter=3516 after=3516
Replay tap positives before filter=457 after=457
Replay tap positives before filter=5754 after=5754
Replay tap positives before filter=3361 after=3361
Replay tap positives before filter=1067 after=1067
Replay tap positives before filter=1194 after=1194
Replay tap positives before filter=1275 after=1275
Replay tap positives before filter=1848 after=1848
Replay tap positives before filter=1842 after=1842
Replay tap positives before filter=522 after=522
Replay tap positives before filter=861 after=861
Replay tap positives before filter=1750 after=1750
Replay tap positives before filter=3309 after=3309
Replay tap positives before filter=246 after=246
Replay tap positives before filter=2720 after=2720
Replay tap positives before filter=1811 after=1811
Replay tap positives before filter=1754 after=1754
Replay tap positives before filter=199 after=199
Replay tap positives before filter=3437 after=3437
Replay tap positives before filter=1291 after=1291
Replay tap positives before filter=655 after=655
Replay tap positives before filter=2563 after=2563
Replay tap positives before filter=822 after=822
Replay tap positives before filter=1635 after=1635
Replay tap positives before filter=1851 after=1851
Replay tap positives before filter=516 after=516
Replay tap positives before filter=1136 after=1136
Replay tap positives before filter=2872 after=2872
Replay tap positives before filter=4604 after=4604
Replay tap positives before filter=1600 after=1600
Replay tap positives before filter=1277 after=1277
Replay tap positives before filter=1190 after=1190
Replay tap positives before filter=1757 after=1757
Replay tap positives before filter=1804 after=1804
Replay tap positives before filter=506 after=506
Replay tap positives before filter=3094 after=3094
Replay tap positives before filter=2220 after=2220
Replay tap positives before filter=2470 after=2470
Replay tap positives before filter=515 after=515
Replay tap positives before filter=223 after=223
Replay tap positives before filter=1170 after=1170
Replay tap positives before filter=3527 after=3527
Replay tap positives before filter=1588 after=1588
Replay tap positives before filter=819 after=819
Replay tap positives before filter=2446 after=2446
Replay tap positives before filter=2350 after=2350
Replay tap positives before filter=7087 after=7087
Replay tap positives before filter=1371 after=1371
Replay tap positives before filter=992 after=992
Replay tap positives before filter=2196 after=2196
Replay tap positives before filter=2779 after=2779
Replay tap positives before filter=2211 after=2211
Replay tap positives before filter=1502 after=1502
Replay tap positives before filter=305 after=305
Replay tap positives before filter=1235 after=1235
Replay tap positives before filter=3066 after=3066
Replay tap positives before filter=1104 after=1104
Replay tap positives before filter=1260 after=1260
Replay tap positives before filter=1614 after=1614
Replay tap positives before filter=370 after=370
Replay tap positives before filter=2780 after=2780
Replay tap positives before filter=3098 after=3098
Replay tap positives before filter=1026 after=1026
Replay tap positives before filter=1793 after=1793
Replay tap positives before filter=243 after=243
Replay tap positives before filter=2526 after=2526
Replay tap positives before filter=1134 after=1134
Replay tap positives before filter=489 after=489
Replay tap positives before filter=3735 after=3735
Replay tap positives before filter=2317 after=2317
Replay tap positives before filter=3884 after=3884
Replay tap positives before filter=2076 after=2076
Replay tap positives before filter=766 after=766
Replay tap positives before filter=696 after=696
Replay tap positives before filter=1882 after=1882
Replay tap positives before filter=461 after=461
Replay tap positives before filter=1702 after=1702
Replay tap positives before filter=858 after=858
Replay tap positives before filter=709 after=709
Replay tap positives before filter=877 after=877
Replay tap positives before filter=1748 after=1748
Replay tap positives before filter=706 after=706
No positive cells found.
No positive cells found.
                   all        186       8357      0.646      0.506      0.517      0.296
Saved 768 replay embeddings to /home/ddwilde/scriptie/runs/dota_lora_replay/stage1-lora-replay/replay/buffer.pt

      Epoch    GPU_mem   box_loss   cls_loss   dfl_lossreplay_loss  Instances       Size
Replay tap positives before filter=534 after=534
Replay tap positives before filter=2062 after=2062
Replay tap positives before filter=1347 after=1347
Replay tap positives before filter=2972 after=2972
Replay tap positives before filter=1450 after=1450
Replay tap positives before filter=683 after=683
Replay tap positives before filter=2644 after=2644
Replay tap positives before filter=4457 after=4457
Replay tap positives before filter=5050 after=5050
Replay tap positives before filter=1623 after=1623
Replay tap positives before filter=1775 after=1775
Replay tap positives before filter=1452 after=1452
Replay tap positives before filter=1611 after=1611
Replay tap positives before filter=2712 after=2712
Replay tap positives before filter=2201 after=2201
Replay tap positives before filter=1473 after=1473
Replay tap positives before filter=1790 after=1790
Replay tap positives before filter=1753 after=1753
Replay tap positives before filter=1171 after=1171
Replay tap positives before filter=1261 after=1261
Replay tap positives before filter=355 after=355
Replay tap positives before filter=1134 after=1134
Replay tap positives before filter=749 after=749
Replay tap positives before filter=1646 after=1646
Replay tap positives before filter=1163 after=1163
Replay tap positives before filter=216 after=216
Replay tap positives before filter=949 after=949
Replay tap positives before filter=855 after=855
Replay tap positives before filter=510 after=510
Replay tap positives before filter=2800 after=2800
Replay tap positives before filter=1588 after=1588
Replay tap positives before filter=4506 after=4506
Replay tap positives before filter=209 after=209
Replay tap positives before filter=2750 after=2750
Replay tap positives before filter=1173 after=1173
Replay tap positives before filter=724 after=724
Replay tap positives before filter=196 after=196
Replay tap positives before filter=590 after=590
Replay tap positives before filter=1515 after=1515
Replay tap positives before filter=1880 after=1880
Replay tap positives before filter=1209 after=1209
Replay tap positives before filter=2132 after=2132
Replay tap positives before filter=1862 after=1862
Replay tap positives before filter=934 after=934
Replay tap positives before filter=1971 after=1971
Replay tap positives before filter=1030 after=1030
Replay tap positives before filter=2822 after=2822
Replay tap positives before filter=1168 after=1168
Replay tap positives before filter=821 after=821
Replay tap positives before filter=2483 after=2483
Replay tap positives before filter=1935 after=1935
Replay tap positives before filter=839 after=839
Replay tap positives before filter=614 after=614
Replay tap positives before filter=979 after=979
Replay tap positives before filter=1467 after=1467
Replay tap positives before filter=1671 after=1671
Replay tap positives before filter=4641 after=4641
Replay tap positives before filter=69 after=69
Replay tap positives before filter=1028 after=1028
Replay tap positives before filter=2678 after=2678
Replay tap positives before filter=3376 after=3376
Replay tap positives before filter=308 after=308
Replay tap positives before filter=2055 after=2055
Replay tap positives before filter=1305 after=1305
Replay tap positives before filter=505 after=505
Replay tap positives before filter=828 after=828
Replay tap positives before filter=1910 after=1910
Replay tap positives before filter=4808 after=4808
Replay tap positives before filter=1896 after=1896
Replay tap positives before filter=2619 after=2619
Replay tap positives before filter=3369 after=3369
Replay tap positives before filter=421 after=421
Replay tap positives before filter=646 after=646
Replay tap positives before filter=2143 after=2143
Replay tap positives before filter=452 after=452
Replay tap positives before filter=1458 after=1458
Replay tap positives before filter=1041 after=1041
Replay tap positives before filter=793 after=793
Replay tap positives before filter=893 after=893
Replay tap positives before filter=1639 after=1639
Replay tap positives before filter=1170 after=1170
Replay tap positives before filter=527 after=527
Replay tap positives before filter=2295 after=2295
Replay tap positives before filter=2444 after=2444
Replay tap positives before filter=1115 after=1115
Replay tap positives before filter=2854 after=2854
Replay tap positives before filter=933 after=933
Replay tap positives before filter=985 after=985
Replay tap positives before filter=426 after=426
Replay tap positives before filter=3410 after=3410
Replay tap positives before filter=1518 after=1518
Replay tap positives before filter=2705 after=2705
Replay tap positives before filter=873 after=873
Replay tap positives before filter=1194 after=1194
Replay tap positives before filter=542 after=542
Replay tap positives before filter=1573 after=1573
Replay tap positives before filter=2492 after=2492
Replay tap positives before filter=167 after=167
Replay tap positives before filter=1698 after=1698
Replay tap positives before filter=1765 after=1765
Replay tap positives before filter=2303 after=2303
Replay tap positives before filter=1120 after=1120
Replay tap positives before filter=2080 after=2080
Replay tap positives before filter=2263 after=2263
Replay tap positives before filter=1846 after=1846
Replay tap positives before filter=715 after=715
Replay tap positives before filter=679 after=679
Replay tap positives before filter=3531 after=3531
Replay tap positives before filter=2317 after=2317
Replay tap positives before filter=3074 after=3074
Replay tap positives before filter=3835 after=3835
Replay tap positives before filter=1828 after=1828
Replay tap positives before filter=328 after=328
Replay tap positives before filter=3576 after=3576
Replay tap positives before filter=594 after=594
Replay tap positives before filter=2551 after=2551
Replay tap positives before filter=1966 after=1966
Replay tap positives before filter=2119 after=2119
Replay tap positives before filter=1607 after=1607
Replay tap positives before filter=525 after=525
Replay tap positives before filter=527 after=527
Replay tap positives before filter=563 after=563
Replay tap positives before filter=2229 after=2229
Replay tap positives before filter=2776 after=2776
Replay tap positives before filter=978 after=978
Replay tap positives before filter=3817 after=3817
Replay tap positives before filter=2639 after=2639
Replay tap positives before filter=3058 after=3058
Replay tap positives before filter=1147 after=1147
Replay tap positives before filter=542 after=542
Replay tap positives before filter=1571 after=1571
Replay tap positives before filter=442 after=442
No positive cells found.
No positive cells found.
                   all        186       8357      0.638      0.513      0.518      0.299
Saved 768 replay embeddings to /home/ddwilde/scriptie/runs/dota_lora_replay/stage1-lora-replay/replay/buffer.pt

50 epochs completed in 0.829 hours.
Optimizer stripped from /home/ddwilde/scriptie/runs/dota_lora_replay/stage1-lora-replay/weights/last.pt, 19.3MB
Optimizer stripped from /home/ddwilde/scriptie/runs/dota_lora_replay/stage1-lora-replay/weights/best.pt, 19.3MB

Validating /home/ddwilde/scriptie/runs/dota_lora_replay/stage1-lora-replay/weights/best.pt...
EDNet 1.0 ✅ Python-3.10.4 ✅ torch-2.8.0+cu128 ✅CUDA:0 (NVIDIA A100-SXM4-40GB, 40441MiB)
Skipping layer fusion for LoRA-enabled model during weight loading.
                   all        186       8357      0.632      0.512      0.516        0.3
         small-vehicle         89       5547      0.607      0.398      0.402       0.21
         large-vehicle         73       2810      0.658      0.627       0.63       0.39
Speed: 0.1ms preprocess, 5.8ms inference, 0.0ms loss, 0.1ms postprocess per image
Results saved to [1m/home/ddwilde/scriptie/runs/dota_lora_replay/stage1-lora-replay[0m
Training finished. Results saved in: /home/ddwilde/scriptie/runs/dota_lora_replay/stage1-lora-replay
EDNet 1.0 ✅ Python-3.10.4 ✅ torch-2.8.0+cu128 ✅CUDA:0 (NVIDIA A100-SXM4-40GB, 40441MiB)
[34m[1mengine/trainer: [0mtask=detect, mode=train, model=/home/ddwilde/scriptie/runs/dota_lora_replay/stage1-lora-replay/weights/best.pt, data=/home/ddwilde/scriptie/yaml/DOTA-stage2.yaml, epochs=50, time=None, patience=100, batch=4, imgsz=640, save=True, save_period=-1, cache=False, device=None, workers=8, project=/home/ddwilde/scriptie/runs/dota_lora_replay, name=stage2-lora-replay, exist_ok=False, pretrained=True, optimizer=auto, verbose=True, seed=0, deterministic=True, single_cls=False, rect=False, cos_lr=False, close_mosaic=10, resume=False, amp=True, fraction=1.0, profile=False, freeze=[0, 1, 2, 3, 4, 5, 6, 7, 8, 9, 10, 11, 12, 13, 14, 15, 16, 17, 18, 19, 20, 21, 22, 23, 24, 25, 26, 27, 28], multi_scale=False, lora={'enable': True, 'feature_pyramid_indices': [19, 22, 25], 'include_detection_head': True}, continual={'enable': False, 'batches': [], 'adapter_strategy': 'last', 'save_history': True}, replay={'enable': True, 'buffer_per_class': 128, 'loss_weight': 0.0, 'init_buffer': '/home/ddwilde/scriptie/runs/dota_lora_replay/stage1-lora-replay/replay/buffer.pt', 'memory_dir': '/home/ddwilde/scriptie/datasets/memory/stage1', 'memory_ratio': 0.25, 'tiny_max_pixels': 320}, stage={'active_classes': [0, 1, 2, 3], 'prev_classes': [0, 1]}, overlap_mask=True, mask_ratio=4, dropout=0.0, val=True, split=val, save_json=False, save_hybrid=False, conf=None, iou=0.7, max_det=300, half=False, dnn=False, plots=True, per_class_tb_interval=1, source=None, vid_stride=1, stream_buffer=False, visualize=False, augment=False, agnostic_nms=False, classes=None, retina_masks=False, embed=None, show=False, save_frames=False, save_txt=False, save_conf=False, save_crop=False, show_labels=True, show_conf=True, show_boxes=True, line_width=None, format=torchscript, keras=False, optimize=False, int8=False, dynamic=False, simplify=False, opset=None, workspace=4, nms=False, lr0=0.01, lrf=0.01, momentum=0.937, weight_decay=0.0005, warmup_epochs=3.0, warmup_momentum=0.8, warmup_bias_lr=0.1, box=7.5, cls=0.5, dfl=1.5, pose=12.0, kobj=1.0, label_smoothing=0.0, nbs=64, hsv_h=0.015, hsv_s=0.7, hsv_v=0.4, degrees=0.0, translate=0.1, scale=0.5, shear=0.0, perspective=0.0, flipud=0.0, fliplr=0.5, bgr=0.0, mosaic=1.0, mixup=0.0, copy_paste=0.0, auto_augment=randaugment, erasing=0.4, crop_fraction=1.0, cfg=None, tracker=botsort.yaml, save_dir=/home/ddwilde/scriptie/runs/dota_lora_replay/stage2-lora-replay
Overriding model.yaml nc=2 with nc=5

                   from  n    params  module                                       arguments                     
  0                  -1  1       928  ednet.nn.modules.conv.Conv                   [3, 32, 3, 2]                 
  1                  -1  1     18560  ednet.nn.modules.conv.Conv                   [32, 64, 3, 2]                
  2                  -1  1     29056  ednet.nn.modules.block.C2f                   [64, 64, 1, True]             
  3                  -1  1     73984  ednet.nn.modules.conv.Conv                   [64, 128, 3, 2]               
  4                  -1  2    197632  ednet.nn.modules.block.C2f                   [128, 128, 2, True]           
  5                  -1  1    295424  ednet.nn.modules.conv.Conv                   [128, 256, 3, 2]              
  6                  -1  2    420864  ednet.nn.modules.block.C2f_FCA               [256, 256, 2, True]           
  7                  -1  1   1180672  ednet.nn.modules.conv.Conv                   [256, 512, 3, 2]              
  8                  -1  1   1095680  ednet.nn.modules.block.C2f_FCA               [512, 512, 1, True]           
  9                  -1  1    656896  ednet.nn.modules.block.SPPF                  [512, 512, 5]                 
 10                  -1  1    990976  ednet.nn.modules.block.PSA                   [512, 512]                    
 11                  -1  1         0  torch.nn.modules.upsampling.Upsample         [None, 2, 'nearest']          
 12             [-1, 6]  1         0  ednet.nn.modules.conv.Concat                 [1]                           
 13                  -1  1    591360  ednet.nn.modules.block.C2f                   [768, 256, 1]                 
 14                  -1  1         0  torch.nn.modules.upsampling.Upsample         [None, 2, 'nearest']          
 15             [-1, 4]  1         0  ednet.nn.modules.conv.Concat                 [1]                           
 16                  -1  1    148224  ednet.nn.modules.block.C2f                   [384, 128, 1]                 
 17                  -1  1         0  torch.nn.modules.upsampling.Upsample         [None, 2, 'nearest']          
 18             [-1, 2]  1         0  ednet.nn.modules.conv.Concat                 [1]                           
 19                  -1  1     37248  ednet.nn.modules.block.C2f                   [192, 64, 1]                  
 20                  -1  1     36992  ednet.nn.modules.conv.Conv                   [64, 64, 3, 2]                
 21            [-1, 16]  1         0  ednet.nn.modules.conv.Concat                 [1]                           
 22                  -1  1    123648  ednet.nn.modules.block.C2f                   [192, 128, 1]                 
 23                  -1  1    147712  ednet.nn.modules.conv.Conv                   [128, 128, 3, 2]              
 24            [-1, 13]  1         0  ednet.nn.modules.conv.Concat                 [1]                           
 25                  -1  1    493056  ednet.nn.modules.block.C2f                   [384, 256, 1]                 
 26                  -1  1     68864  ednet.nn.modules.block.SCDown                [256, 256, 3, 2]              
 27             [-1, 9]  1         0  ednet.nn.modules.conv.Concat                 [1]                           
 28                  -1  1   1089536  ednet.nn.modules.block.C2fCIB                [768, 512, 1, True, True]     
 29    [19, 22, 25, 28]  1   1623224  ednet.nn.modules.head.v10Detect              [5, [64, 128, 256, 512]]      
ednet-s summary: 510 layers, 9,320,536 parameters, 9,320,520 gradients

Active classes for this stage: (0, 1, 2, 3)
Replay/previous classes for this stage: (0, 1)
Transferred 709/753 items from pretrained weights
LoRA enabled: 28 adapters (rank=8, alpha=16.0, 
LoRA adapter registry: 28 modules -> ['Conv.conv', 'Conv.conv', 'Conv.conv', 'Conv.conv', 'Conv.conv', 'Conv.conv', 'Conv.conv', 'Conv.conv', 'Conv.conv', 'Conv.conv', 'Conv.conv', 'Conv.conv', 'Conv.conv', 'Conv.conv', 'Conv.conv', 'Conv.conv', 'Conv.conv', 'Conv.conv', 'Conv.conv', 'Conv.conv', 'Conv.conv', 'Conv.conv', 'Conv.conv', 'Conv.conv', 'Conv.conv', 'Conv.conv', 'Conv.conv', 'Conv.conv']
Trainable params: 429 tensors (8595784 weights) example=[('model.0.conv.weight', 864), ('model.0.bn.weight', 32), ('model.0.bn.bias', 32), ('model.1.conv.weight', 18432), ('model.1.bn.weight', 64), ('model.1.bn.bias', 64), ('model.2.cv1.conv.weight', 4096), ('model.2.cv1.bn.weight', 64), ('model.2.cv1.bn.bias', 64), ('model.2.cv2.conv.weight', 6144), ('model.2.cv2.bn.weight', 64), ('model.2.cv2.bn.bias', 64), ('model.2.m.0.cv1.conv.weight', 9216), ('model.2.m.0.cv1.bn.weight', 32), ('model.2.m.0.cv1.bn.bias', 32), ('model.2.m.0.cv2.conv.weight', 9216), ('model.2.m.0.cv2.bn.weight', 32), ('model.2.m.0.cv2.bn.bias', 32), ('model.3.conv.weight', 73728), ('model.3.bn.weight', 128)]
Replay feature tapper initialized for detection head levels: ['P2', 'P3', 'P4']
Loaded 768 replay embeddings from /home/ddwilde/scriptie/runs/dota_lora_replay/stage1-lora-replay/replay/buffer.pt
[34m[1mTensorBoard: [0mStart with 'tensorboard --logdir /home/ddwilde/scriptie/runs/dota_lora_replay/stage2-lora-replay', view at http://localhost:6006/
Freezing layer 'model.0.conv.weight'
Freezing layer 'model.0.bn.weight'
Freezing layer 'model.0.bn.bias'
Freezing layer 'model.1.conv.weight'
Freezing layer 'model.1.bn.weight'
Freezing layer 'model.1.bn.bias'
Freezing layer 'model.2.cv1.conv.weight'
Freezing layer 'model.2.cv1.bn.weight'
Freezing layer 'model.2.cv1.bn.bias'
Freezing layer 'model.2.cv2.conv.weight'
Freezing layer 'model.2.cv2.bn.weight'
Freezing layer 'model.2.cv2.bn.bias'
Freezing layer 'model.2.m.0.cv1.conv.weight'
Freezing layer 'model.2.m.0.cv1.bn.weight'
Freezing layer 'model.2.m.0.cv1.bn.bias'
Freezing layer 'model.2.m.0.cv2.conv.weight'
Freezing layer 'model.2.m.0.cv2.bn.weight'
Freezing layer 'model.2.m.0.cv2.bn.bias'
Freezing layer 'model.3.conv.weight'
Freezing layer 'model.3.bn.weight'
Freezing layer 'model.3.bn.bias'
Freezing layer 'model.4.cv1.conv.weight'
Freezing layer 'model.4.cv1.bn.weight'
Freezing layer 'model.4.cv1.bn.bias'
Freezing layer 'model.4.cv2.conv.weight'
Freezing layer 'model.4.cv2.bn.weight'
Freezing layer 'model.4.cv2.bn.bias'
Freezing layer 'model.4.m.0.cv1.conv.weight'
Freezing layer 'model.4.m.0.cv1.bn.weight'
Freezing layer 'model.4.m.0.cv1.bn.bias'
Freezing layer 'model.4.m.0.cv2.conv.weight'
Freezing layer 'model.4.m.0.cv2.bn.weight'
Freezing layer 'model.4.m.0.cv2.bn.bias'
Freezing layer 'model.4.m.1.cv1.conv.weight'
Freezing layer 'model.4.m.1.cv1.bn.weight'
Freezing layer 'model.4.m.1.cv1.bn.bias'
Freezing layer 'model.4.m.1.cv2.conv.weight'
Freezing layer 'model.4.m.1.cv2.bn.weight'
Freezing layer 'model.4.m.1.cv2.bn.bias'
Freezing layer 'model.5.conv.weight'
Freezing layer 'model.5.bn.weight'
Freezing layer 'model.5.bn.bias'
Freezing layer 'model.6.cv1.conv.weight'
Freezing layer 'model.6.cv1.bn.weight'
Freezing layer 'model.6.cv1.bn.bias'
Freezing layer 'model.6.cv2.conv.weight'
Freezing layer 'model.6.cv2.bn.weight'
Freezing layer 'model.6.cv2.bn.bias'
Freezing layer 'model.6.m.0.mlp.0.conv.weight'
Freezing layer 'model.6.m.0.mlp.0.bn.weight'
Freezing layer 'model.6.m.0.mlp.0.bn.bias'
Freezing layer 'model.6.m.0.mlp.1.weight'
Freezing layer 'model.6.m.0.spatial_mixing.PConv3.weight'
Freezing layer 'model.6.m.0.attention.conv1.conv.weight'
Freezing layer 'model.6.m.0.attention.conv1.bn.weight'
Freezing layer 'model.6.m.0.attention.conv1.bn.bias'
Freezing layer 'model.6.m.0.attention.h_conv.conv.weight'
Freezing layer 'model.6.m.0.attention.h_conv.conv.bias'
Freezing layer 'model.6.m.0.attention.v_conv.conv.weight'
Freezing layer 'model.6.m.0.attention.v_conv.conv.bias'
Freezing layer 'model.6.m.0.attention.conv2.conv.weight'
Freezing layer 'model.6.m.0.attention.conv2.bn.weight'
Freezing layer 'model.6.m.0.attention.conv2.bn.bias'
Freezing layer 'model.6.m.1.mlp.0.conv.weight'
Freezing layer 'model.6.m.1.mlp.0.bn.weight'
Freezing layer 'model.6.m.1.mlp.0.bn.bias'
Freezing layer 'model.6.m.1.mlp.1.weight'
Freezing layer 'model.6.m.1.spatial_mixing.PConv3.weight'
Freezing layer 'model.6.m.1.attention.conv1.conv.weight'
Freezing layer 'model.6.m.1.attention.conv1.bn.weight'
Freezing layer 'model.6.m.1.attention.conv1.bn.bias'
Freezing layer 'model.6.m.1.attention.h_conv.conv.weight'
Freezing layer 'model.6.m.1.attention.h_conv.conv.bias'
Freezing layer 'model.6.m.1.attention.v_conv.conv.weight'
Freezing layer 'model.6.m.1.attention.v_conv.conv.bias'
Freezing layer 'model.6.m.1.attention.conv2.conv.weight'
Freezing layer 'model.6.m.1.attention.conv2.bn.weight'
Freezing layer 'model.6.m.1.attention.conv2.bn.bias'
Freezing layer 'model.7.conv.weight'
Freezing layer 'model.7.bn.weight'
Freezing layer 'model.7.bn.bias'
Freezing layer 'model.8.cv1.conv.weight'
Freezing layer 'model.8.cv1.bn.weight'
Freezing layer 'model.8.cv1.bn.bias'
Freezing layer 'model.8.cv2.conv.weight'
Freezing layer 'model.8.cv2.bn.weight'
Freezing layer 'model.8.cv2.bn.bias'
Freezing layer 'model.8.m.0.mlp.0.conv.weight'
Freezing layer 'model.8.m.0.mlp.0.bn.weight'
Freezing layer 'model.8.m.0.mlp.0.bn.bias'
Freezing layer 'model.8.m.0.mlp.1.weight'
Freezing layer 'model.8.m.0.spatial_mixing.PConv3.weight'
Freezing layer 'model.8.m.0.attention.conv1.conv.weight'
Freezing layer 'model.8.m.0.attention.conv1.bn.weight'
Freezing layer 'model.8.m.0.attention.conv1.bn.bias'
Freezing layer 'model.8.m.0.attention.h_conv.conv.weight'
Freezing layer 'model.8.m.0.attention.h_conv.conv.bias'
Freezing layer 'model.8.m.0.attention.v_conv.conv.weight'
Freezing layer 'model.8.m.0.attention.v_conv.conv.bias'
Freezing layer 'model.8.m.0.attention.conv2.conv.weight'
Freezing layer 'model.8.m.0.attention.conv2.bn.weight'
Freezing layer 'model.8.m.0.attention.conv2.bn.bias'
Freezing layer 'model.9.cv1.conv.weight'
Freezing layer 'model.9.cv1.bn.weight'
Freezing layer 'model.9.cv1.bn.bias'
Freezing layer 'model.9.cv2.conv.weight'
Freezing layer 'model.9.cv2.bn.weight'
Freezing layer 'model.9.cv2.bn.bias'
Freezing layer 'model.10.cv1.conv.weight'
Freezing layer 'model.10.cv1.bn.weight'
Freezing layer 'model.10.cv1.bn.bias'
Freezing layer 'model.10.cv2.conv.weight'
Freezing layer 'model.10.cv2.bn.weight'
Freezing layer 'model.10.cv2.bn.bias'
Freezing layer 'model.10.attn.qkv.conv.weight'
Freezing layer 'model.10.attn.qkv.bn.weight'
Freezing layer 'model.10.attn.qkv.bn.bias'
Freezing layer 'model.10.attn.proj.conv.weight'
Freezing layer 'model.10.attn.proj.bn.weight'
Freezing layer 'model.10.attn.proj.bn.bias'
Freezing layer 'model.10.attn.pe.conv.weight'
Freezing layer 'model.10.attn.pe.bn.weight'
Freezing layer 'model.10.attn.pe.bn.bias'
Freezing layer 'model.10.ffn.0.conv.weight'
Freezing layer 'model.10.ffn.0.bn.weight'
Freezing layer 'model.10.ffn.0.bn.bias'
Freezing layer 'model.10.ffn.1.conv.weight'
Freezing layer 'model.10.ffn.1.bn.weight'
Freezing layer 'model.10.ffn.1.bn.bias'
Freezing layer 'model.13.cv1.conv.weight'
Freezing layer 'model.13.cv1.bn.weight'
Freezing layer 'model.13.cv1.bn.bias'
Freezing layer 'model.13.cv2.conv.weight'
Freezing layer 'model.13.cv2.bn.weight'
Freezing layer 'model.13.cv2.bn.bias'
Freezing layer 'model.13.m.0.cv1.conv.weight'
Freezing layer 'model.13.m.0.cv1.bn.weight'
Freezing layer 'model.13.m.0.cv1.bn.bias'
Freezing layer 'model.13.m.0.cv2.conv.weight'
Freezing layer 'model.13.m.0.cv2.bn.weight'
Freezing layer 'model.13.m.0.cv2.bn.bias'
Freezing layer 'model.16.cv1.conv.weight'
Freezing layer 'model.16.cv1.bn.weight'
Freezing layer 'model.16.cv1.bn.bias'
Freezing layer 'model.16.cv2.conv.weight'
Freezing layer 'model.16.cv2.bn.weight'
Freezing layer 'model.16.cv2.bn.bias'
Freezing layer 'model.16.m.0.cv1.conv.weight'
Freezing layer 'model.16.m.0.cv1.bn.weight'
Freezing layer 'model.16.m.0.cv1.bn.bias'
Freezing layer 'model.16.m.0.cv2.conv.weight'
Freezing layer 'model.16.m.0.cv2.bn.weight'
Freezing layer 'model.16.m.0.cv2.bn.bias'
Freezing layer 'model.19.cv1.conv.base.weight'
Freezing layer 'model.19.cv1.bn.weight'
Freezing layer 'model.19.cv1.bn.bias'
Freezing layer 'model.19.cv2.conv.base.weight'
Freezing layer 'model.19.cv2.bn.weight'
Freezing layer 'model.19.cv2.bn.bias'
Freezing layer 'model.19.m.0.cv1.conv.base.weight'
Freezing layer 'model.19.m.0.cv1.bn.weight'
Freezing layer 'model.19.m.0.cv1.bn.bias'
Freezing layer 'model.19.m.0.cv2.conv.base.weight'
Freezing layer 'model.19.m.0.cv2.bn.weight'
Freezing layer 'model.19.m.0.cv2.bn.bias'
Freezing layer 'model.20.conv.weight'
Freezing layer 'model.20.bn.weight'
Freezing layer 'model.20.bn.bias'
Freezing layer 'model.22.cv1.conv.base.weight'
Freezing layer 'model.22.cv1.bn.weight'
Freezing layer 'model.22.cv1.bn.bias'
Freezing layer 'model.22.cv2.conv.base.weight'
Freezing layer 'model.22.cv2.bn.weight'
Freezing layer 'model.22.cv2.bn.bias'
Freezing layer 'model.22.m.0.cv1.conv.base.weight'
Freezing layer 'model.22.m.0.cv1.bn.weight'
Freezing layer 'model.22.m.0.cv1.bn.bias'
Freezing layer 'model.22.m.0.cv2.conv.base.weight'
Freezing layer 'model.22.m.0.cv2.bn.weight'
Freezing layer 'model.22.m.0.cv2.bn.bias'
Freezing layer 'model.23.conv.weight'
Freezing layer 'model.23.bn.weight'
Freezing layer 'model.23.bn.bias'
Freezing layer 'model.25.cv1.conv.base.weight'
Freezing layer 'model.25.cv1.bn.weight'
Freezing layer 'model.25.cv1.bn.bias'
Freezing layer 'model.25.cv2.conv.base.weight'
Freezing layer 'model.25.cv2.bn.weight'
Freezing layer 'model.25.cv2.bn.bias'
Freezing layer 'model.25.m.0.cv1.conv.base.weight'
Freezing layer 'model.25.m.0.cv1.bn.weight'
Freezing layer 'model.25.m.0.cv1.bn.bias'
Freezing layer 'model.25.m.0.cv2.conv.base.weight'
Freezing layer 'model.25.m.0.cv2.bn.weight'
Freezing layer 'model.25.m.0.cv2.bn.bias'
Freezing layer 'model.26.cv1.conv.weight'
Freezing layer 'model.26.cv1.bn.weight'
Freezing layer 'model.26.cv1.bn.bias'
Freezing layer 'model.26.cv2.conv.weight'
Freezing layer 'model.26.cv2.bn.weight'
Freezing layer 'model.26.cv2.bn.bias'
Freezing layer 'model.28.cv1.conv.weight'
Freezing layer 'model.28.cv1.bn.weight'
Freezing layer 'model.28.cv1.bn.bias'
Freezing layer 'model.28.cv2.conv.weight'
Freezing layer 'model.28.cv2.bn.weight'
Freezing layer 'model.28.cv2.bn.bias'
Freezing layer 'model.28.m.0.cv1.0.conv.weight'
Freezing layer 'model.28.m.0.cv1.0.bn.weight'
Freezing layer 'model.28.m.0.cv1.0.bn.bias'
Freezing layer 'model.28.m.0.cv1.1.conv.weight'
Freezing layer 'model.28.m.0.cv1.1.bn.weight'
Freezing layer 'model.28.m.0.cv1.1.bn.bias'
Freezing layer 'model.28.m.0.cv1.2.conv.conv.weight'
Freezing layer 'model.28.m.0.cv1.2.conv.bn.weight'
Freezing layer 'model.28.m.0.cv1.2.conv.bn.bias'
Freezing layer 'model.28.m.0.cv1.2.conv1.conv.weight'
Freezing layer 'model.28.m.0.cv1.2.conv1.bn.weight'
Freezing layer 'model.28.m.0.cv1.2.conv1.bn.bias'
Freezing layer 'model.28.m.0.cv1.3.conv.weight'
Freezing layer 'model.28.m.0.cv1.3.bn.weight'
Freezing layer 'model.28.m.0.cv1.3.bn.bias'
Freezing layer 'model.28.m.0.cv1.4.conv.weight'
Freezing layer 'model.28.m.0.cv1.4.bn.weight'
Freezing layer 'model.28.m.0.cv1.4.bn.bias'
Freezing layer 'model.29.dfl.conv.weight'
[34m[1mAMP: [0mrunning Automatic Mixed Precision (AMP) checks with YOLOv8n...
[34m[1mAMP: [0mchecks passed ✅
Plotting labels to /home/ddwilde/scriptie/runs/dota_lora_replay/stage2-lora-replay/labels.jpg... 
[34m[1moptimizer:[0m 'optimizer=auto' found, ignoring 'lr0=0.01' and 'momentum=0.937' and determining best 'optimizer', 'lr0' and 'momentum' automatically... 
[34m[1moptimizer:[0m AdamW(lr=0.001111, momentum=0.9) with parameter groups 48 weight(decay=0.0), 104 weight(decay=0.0005), 64 bias(decay=0.0)
Trainable params: 216 tensors (1549736 weights). Top trainable=[('model.29.cv2.3.0.conv.weight', 294912), ('model.29.one2one_cv2.3.0.conv.weight', 294912), ('model.29.cv2.2.0.conv.weight', 147456), ('model.29.one2one_cv2.2.0.conv.weight', 147456), ('model.29.cv2.1.0.conv.weight', 73728), ('model.29.one2one_cv2.1.0.conv.weight', 73728), ('model.29.cv2.0.0.conv.weight', 36864), ('model.29.cv2.0.1.conv.weight', 36864), ('model.29.cv2.1.1.conv.weight', 36864), ('model.29.cv2.2.1.conv.weight', 36864), ('model.29.cv2.3.1.conv.weight', 36864), ('model.29.one2one_cv2.0.0.conv.weight', 36864), ('model.29.one2one_cv2.0.1.conv.weight', 36864), ('model.29.one2one_cv2.1.1.conv.weight', 36864), ('model.29.one2one_cv2.2.1.conv.weight', 36864), ('model.29.one2one_cv2.3.1.conv.weight', 36864), ('model.25.m.0.cv1.conv.lora_A.weight', 9216), ('model.25.m.0.cv2.conv.lora_A.weight', 9216), ('model.22.m.0.cv1.conv.lora_A.weight', 4608), ('model.22.m.0.cv2.conv.lora_A.weight', 4608)]
Limiting positives to classes (0, 1, 2, 3)
Replay targets limited to previous classes (0, 1)
Limiting positives to classes (0, 1, 2, 3)
Replay targets limited to previous classes (0, 1)
Memory replay enabled from /home/ddwilde/scriptie/datasets/memory/stage1/images with batch size 1 (25.0% of primary batch).
Skipping fusion for LoRA-wrapped layer Conv
Skipping fusion for LoRA-wrapped layer Conv
Skipping fusion for LoRA-wrapped layer Conv
Skipping fusion for LoRA-wrapped layer Conv
Skipping fusion for LoRA-wrapped layer Conv
Skipping fusion for LoRA-wrapped layer Conv
Skipping fusion for LoRA-wrapped layer Conv
Skipping fusion for LoRA-wrapped layer Conv
Skipping fusion for LoRA-wrapped layer Conv
Skipping fusion for LoRA-wrapped layer Conv
Skipping fusion for LoRA-wrapped layer Conv
Skipping fusion for LoRA-wrapped layer Conv
Skipping fusion for LoRA-wrapped layer Conv
Skipping fusion for LoRA-wrapped layer Conv
Skipping fusion for LoRA-wrapped layer Conv
Skipping fusion for LoRA-wrapped layer Conv
Skipping fusion for LoRA-wrapped layer Conv
Skipping fusion for LoRA-wrapped layer Conv
Skipping fusion for LoRA-wrapped layer Conv
Skipping fusion for LoRA-wrapped layer Conv
Skipping fusion for LoRA-wrapped layer Conv
Skipping fusion for LoRA-wrapped layer Conv
Skipping fusion for LoRA-wrapped layer Conv
Skipping fusion for LoRA-wrapped layer Conv
Skipping fusion for LoRA-wrapped layer Conv
Skipping fusion for LoRA-wrapped layer Conv
Skipping fusion for LoRA-wrapped layer Conv
Skipping fusion for LoRA-wrapped layer Conv
[34m[1mTensorBoard: [0mmodel graph visualization added ✅
Image sizes 640 train, 640 val
Using 8 dataloader workers
Logging results to [1m/home/ddwilde/scriptie/runs/dota_lora_replay/stage2-lora-replay[0m
Starting training for 50 epochs...

      Epoch    GPU_mem   box_loss   cls_loss   dfl_lossreplay_loss  Instances       Size
Limiting positives to classes (0, 1, 2, 3)
Replay targets limited to previous classes (0, 1)
Limiting positives to classes (0, 1, 2, 3)
Replay targets limited to previous classes (0, 1)
Replay tap config not set; GT-driven replay skipped for this batch.
Replay tap config not set; GT-driven replay skipped for this batch.
No positive cells found.
No positive cells found.
                   all        186      10109   4.65e-05   0.000145   2.36e-05   2.36e-06
Saved 2113 replay embeddings to /home/ddwilde/scriptie/runs/dota_lora_replay/stage2-lora-replay/replay/buffer.pt

      Epoch    GPU_mem   box_loss   cls_loss   dfl_lossreplay_loss  Instances       Size
No positive cells found.
No positive cells found.
                   all        186      10109    9.2e-05   0.000501   4.83e-05   9.41e-06
Saved 2145 replay embeddings to /home/ddwilde/scriptie/runs/dota_lora_replay/stage2-lora-replay/replay/buffer.pt

      Epoch    GPU_mem   box_loss   cls_loss   dfl_lossreplay_loss  Instances       Size
No positive cells found.
No positive cells found.
                   all        186      10109    0.00139    0.00963    0.00216   0.000752
Saved 2215 replay embeddings to /home/ddwilde/scriptie/runs/dota_lora_replay/stage2-lora-replay/replay/buffer.pt

      Epoch    GPU_mem   box_loss   cls_loss   dfl_lossreplay_loss  Instances       Size
No positive cells found.
No positive cells found.
                   all        186      10109      0.813     0.0131      0.011    0.00278
Saved 2224 replay embeddings to /home/ddwilde/scriptie/runs/dota_lora_replay/stage2-lora-replay/replay/buffer.pt

      Epoch    GPU_mem   box_loss   cls_loss   dfl_lossreplay_loss  Instances       Size
No positive cells found.
No positive cells found.
                   all        186      10109      0.792     0.0316     0.0159    0.00396
Saved 2230 replay embeddings to /home/ddwilde/scriptie/runs/dota_lora_replay/stage2-lora-replay/replay/buffer.pt

      Epoch    GPU_mem   box_loss   cls_loss   dfl_lossreplay_loss  Instances       Size
No positive cells found.
No positive cells found.
                   all        186      10109      0.791      0.033     0.0163    0.00415
Saved 2240 replay embeddings to /home/ddwilde/scriptie/runs/dota_lora_replay/stage2-lora-replay/replay/buffer.pt

      Epoch    GPU_mem   box_loss   cls_loss   dfl_lossreplay_loss  Instances       Size
No positive cells found.
No positive cells found.
                   all        186      10109      0.541     0.0351     0.0242    0.00683
Saved 2249 replay embeddings to /home/ddwilde/scriptie/runs/dota_lora_replay/stage2-lora-replay/replay/buffer.pt

      Epoch    GPU_mem   box_loss   cls_loss   dfl_lossreplay_loss  Instances       Size
No positive cells found.
No positive cells found.
                   all        186      10109      0.343     0.0503     0.0344     0.0107
Saved 2263 replay embeddings to /home/ddwilde/scriptie/runs/dota_lora_replay/stage2-lora-replay/replay/buffer.pt

      Epoch    GPU_mem   box_loss   cls_loss   dfl_lossreplay_loss  Instances       Size
No positive cells found.
No positive cells found.
                   all        186      10109       0.35     0.0766     0.0412     0.0137
Saved 2278 replay embeddings to /home/ddwilde/scriptie/runs/dota_lora_replay/stage2-lora-replay/replay/buffer.pt

      Epoch    GPU_mem   box_loss   cls_loss   dfl_lossreplay_loss  Instances       Size
No positive cells found.
No positive cells found.
                   all        186      10109      0.335      0.144     0.0428     0.0152
Saved 2288 replay embeddings to /home/ddwilde/scriptie/runs/dota_lora_replay/stage2-lora-replay/replay/buffer.pt

      Epoch    GPU_mem   box_loss   cls_loss   dfl_lossreplay_loss  Instances       Size
No positive cells found.
No positive cells found.
                   all        186      10109       0.34       0.15     0.0492     0.0175
Saved 2294 replay embeddings to /home/ddwilde/scriptie/runs/dota_lora_replay/stage2-lora-replay/replay/buffer.pt

      Epoch    GPU_mem   box_loss   cls_loss   dfl_lossreplay_loss  Instances       Size
No positive cells found.
No positive cells found.
                   all        186      10109      0.343       0.15      0.054     0.0191
Saved 2300 replay embeddings to /home/ddwilde/scriptie/runs/dota_lora_replay/stage2-lora-replay/replay/buffer.pt

      Epoch    GPU_mem   box_loss   cls_loss   dfl_lossreplay_loss  Instances       Size
No positive cells found.
No positive cells found.
                   all        186      10109       0.35      0.138     0.0586     0.0205
Saved 2304 replay embeddings to /home/ddwilde/scriptie/runs/dota_lora_replay/stage2-lora-replay/replay/buffer.pt

      Epoch    GPU_mem   box_loss   cls_loss   dfl_lossreplay_loss  Instances       Size
No positive cells found.
No positive cells found.
                   all        186      10109      0.351      0.139     0.0655     0.0231
Saved 2304 replay embeddings to /home/ddwilde/scriptie/runs/dota_lora_replay/stage2-lora-replay/replay/buffer.pt

      Epoch    GPU_mem   box_loss   cls_loss   dfl_lossreplay_loss  Instances       Size
No positive cells found.
No positive cells found.
                   all        186      10109      0.367      0.143     0.0728      0.026
Saved 2304 replay embeddings to /home/ddwilde/scriptie/runs/dota_lora_replay/stage2-lora-replay/replay/buffer.pt

      Epoch    GPU_mem   box_loss   cls_loss   dfl_lossreplay_loss  Instances       Size
No positive cells found.
No positive cells found.
                   all        186      10109      0.387      0.145     0.0852     0.0306
Saved 2304 replay embeddings to /home/ddwilde/scriptie/runs/dota_lora_replay/stage2-lora-replay/replay/buffer.pt

      Epoch    GPU_mem   box_loss   cls_loss   dfl_lossreplay_loss  Instances       Size
No positive cells found.
No positive cells found.
                   all        186      10109      0.388      0.151     0.0824     0.0303
Saved 2304 replay embeddings to /home/ddwilde/scriptie/runs/dota_lora_replay/stage2-lora-replay/replay/buffer.pt

      Epoch    GPU_mem   box_loss   cls_loss   dfl_lossreplay_loss  Instances       Size
No positive cells found.
No positive cells found.
                   all        186      10109       0.38      0.163     0.0808     0.0305
Saved 2304 replay embeddings to /home/ddwilde/scriptie/runs/dota_lora_replay/stage2-lora-replay/replay/buffer.pt

      Epoch    GPU_mem   box_loss   cls_loss   dfl_lossreplay_loss  Instances       Size
No positive cells found.
No positive cells found.
                   all        186      10109      0.377      0.176     0.0834      0.032
Saved 2304 replay embeddings to /home/ddwilde/scriptie/runs/dota_lora_replay/stage2-lora-replay/replay/buffer.pt

      Epoch    GPU_mem   box_loss   cls_loss   dfl_lossreplay_loss  Instances       Size
No positive cells found.
No positive cells found.
                   all        186      10109      0.387      0.174     0.0885     0.0354
Saved 2304 replay embeddings to /home/ddwilde/scriptie/runs/dota_lora_replay/stage2-lora-replay/replay/buffer.pt

      Epoch    GPU_mem   box_loss   cls_loss   dfl_lossreplay_loss  Instances       Size
No positive cells found.
No positive cells found.
                   all        186      10109      0.388       0.17      0.089     0.0347
Saved 2304 replay embeddings to /home/ddwilde/scriptie/runs/dota_lora_replay/stage2-lora-replay/replay/buffer.pt

      Epoch    GPU_mem   box_loss   cls_loss   dfl_lossreplay_loss  Instances       Size
No positive cells found.
No positive cells found.
                   all        186      10109      0.397      0.176     0.0956     0.0373
Saved 2304 replay embeddings to /home/ddwilde/scriptie/runs/dota_lora_replay/stage2-lora-replay/replay/buffer.pt

      Epoch    GPU_mem   box_loss   cls_loss   dfl_lossreplay_loss  Instances       Size
No positive cells found.
No positive cells found.
                   all        186      10109      0.403      0.187      0.104     0.0412
Saved 2304 replay embeddings to /home/ddwilde/scriptie/runs/dota_lora_replay/stage2-lora-replay/replay/buffer.pt

      Epoch    GPU_mem   box_loss   cls_loss   dfl_lossreplay_loss  Instances       Size
No positive cells found.
No positive cells found.
                   all        186      10109      0.408      0.183      0.105     0.0417
Saved 2304 replay embeddings to /home/ddwilde/scriptie/runs/dota_lora_replay/stage2-lora-replay/replay/buffer.pt

      Epoch    GPU_mem   box_loss   cls_loss   dfl_lossreplay_loss  Instances       Size
No positive cells found.
No positive cells found.
                   all        186      10109      0.415      0.178      0.107     0.0426
Saved 2304 replay embeddings to /home/ddwilde/scriptie/runs/dota_lora_replay/stage2-lora-replay/replay/buffer.pt

      Epoch    GPU_mem   box_loss   cls_loss   dfl_lossreplay_loss  Instances       Size
No positive cells found.
No positive cells found.
                   all        186      10109      0.416      0.179      0.109     0.0437
Saved 2304 replay embeddings to /home/ddwilde/scriptie/runs/dota_lora_replay/stage2-lora-replay/replay/buffer.pt

      Epoch    GPU_mem   box_loss   cls_loss   dfl_lossreplay_loss  Instances       Size
No positive cells found.
No positive cells found.
                   all        186      10109      0.417      0.182       0.11     0.0441
Saved 2304 replay embeddings to /home/ddwilde/scriptie/runs/dota_lora_replay/stage2-lora-replay/replay/buffer.pt

      Epoch    GPU_mem   box_loss   cls_loss   dfl_lossreplay_loss  Instances       Size
No positive cells found.
No positive cells found.
                   all        186      10109      0.418       0.19      0.112     0.0442
Saved 2304 replay embeddings to /home/ddwilde/scriptie/runs/dota_lora_replay/stage2-lora-replay/replay/buffer.pt

      Epoch    GPU_mem   box_loss   cls_loss   dfl_lossreplay_loss  Instances       Size
No positive cells found.
No positive cells found.
                   all        186      10109      0.411       0.19      0.106     0.0419
Saved 2304 replay embeddings to /home/ddwilde/scriptie/runs/dota_lora_replay/stage2-lora-replay/replay/buffer.pt

      Epoch    GPU_mem   box_loss   cls_loss   dfl_lossreplay_loss  Instances       Size
No positive cells found.
No positive cells found.
                   all        186      10109      0.424      0.191      0.115     0.0459
Saved 2304 replay embeddings to /home/ddwilde/scriptie/runs/dota_lora_replay/stage2-lora-replay/replay/buffer.pt

      Epoch    GPU_mem   box_loss   cls_loss   dfl_lossreplay_loss  Instances       Size
No positive cells found.
No positive cells found.
                   all        186      10109      0.431      0.196      0.125     0.0505
Saved 2304 replay embeddings to /home/ddwilde/scriptie/runs/dota_lora_replay/stage2-lora-replay/replay/buffer.pt

      Epoch    GPU_mem   box_loss   cls_loss   dfl_lossreplay_loss  Instances       Size
No positive cells found.
No positive cells found.
                   all        186      10109      0.433      0.197      0.124     0.0502
Saved 2304 replay embeddings to /home/ddwilde/scriptie/runs/dota_lora_replay/stage2-lora-replay/replay/buffer.pt

      Epoch    GPU_mem   box_loss   cls_loss   dfl_lossreplay_loss  Instances       Size
No positive cells found.
No positive cells found.
                   all        186      10109      0.431      0.197      0.123     0.0496
Saved 2304 replay embeddings to /home/ddwilde/scriptie/runs/dota_lora_replay/stage2-lora-replay/replay/buffer.pt

      Epoch    GPU_mem   box_loss   cls_loss   dfl_lossreplay_loss  Instances       Size
No positive cells found.
No positive cells found.
                   all        186      10109      0.436      0.205      0.128     0.0533
Saved 2304 replay embeddings to /home/ddwilde/scriptie/runs/dota_lora_replay/stage2-lora-replay/replay/buffer.pt

      Epoch    GPU_mem   box_loss   cls_loss   dfl_lossreplay_loss  Instances       Size
No positive cells found.
No positive cells found.
                   all        186      10109      0.439      0.203      0.129     0.0526
Saved 2304 replay embeddings to /home/ddwilde/scriptie/runs/dota_lora_replay/stage2-lora-replay/replay/buffer.pt

      Epoch    GPU_mem   box_loss   cls_loss   dfl_lossreplay_loss  Instances       Size
No positive cells found.
No positive cells found.
                   all        186      10109      0.443      0.197      0.128     0.0511
Saved 2304 replay embeddings to /home/ddwilde/scriptie/runs/dota_lora_replay/stage2-lora-replay/replay/buffer.pt

      Epoch    GPU_mem   box_loss   cls_loss   dfl_lossreplay_loss  Instances       Size
No positive cells found.
No positive cells found.
                   all        186      10109      0.446      0.195      0.131     0.0525
Saved 2304 replay embeddings to /home/ddwilde/scriptie/runs/dota_lora_replay/stage2-lora-replay/replay/buffer.pt

      Epoch    GPU_mem   box_loss   cls_loss   dfl_lossreplay_loss  Instances       Size
No positive cells found.
No positive cells found.
                   all        186      10109      0.447      0.198      0.134     0.0546
Saved 2304 replay embeddings to /home/ddwilde/scriptie/runs/dota_lora_replay/stage2-lora-replay/replay/buffer.pt

      Epoch    GPU_mem   box_loss   cls_loss   dfl_lossreplay_loss  Instances       Size
No positive cells found.
No positive cells found.
                   all        186      10109      0.444      0.199      0.133     0.0545
Saved 2304 replay embeddings to /home/ddwilde/scriptie/runs/dota_lora_replay/stage2-lora-replay/replay/buffer.pt

      Epoch    GPU_mem   box_loss   cls_loss   dfl_lossreplay_loss  Instances       Size
No positive cells found.
No positive cells found.
                   all        186      10109      0.443      0.198       0.13     0.0526
Saved 2304 replay embeddings to /home/ddwilde/scriptie/runs/dota_lora_replay/stage2-lora-replay/replay/buffer.pt
Closing dataloader mosaic

      Epoch    GPU_mem   box_loss   cls_loss   dfl_lossreplay_loss  Instances       Size
No positive cells found.
No positive cells found.
                   all        186      10109      0.436      0.201      0.126     0.0499
Saved 2304 replay embeddings to /home/ddwilde/scriptie/runs/dota_lora_replay/stage2-lora-replay/replay/buffer.pt

      Epoch    GPU_mem   box_loss   cls_loss   dfl_lossreplay_loss  Instances       Size
No positive cells found.
No positive cells found.
                   all        186      10109      0.437      0.206      0.126     0.0494
Saved 2304 replay embeddings to /home/ddwilde/scriptie/runs/dota_lora_replay/stage2-lora-replay/replay/buffer.pt

      Epoch    GPU_mem   box_loss   cls_loss   dfl_lossreplay_loss  Instances       Size
No positive cells found.
No positive cells found.
                   all        186      10109      0.442      0.202      0.129      0.052
Saved 2304 replay embeddings to /home/ddwilde/scriptie/runs/dota_lora_replay/stage2-lora-replay/replay/buffer.pt

      Epoch    GPU_mem   box_loss   cls_loss   dfl_lossreplay_loss  Instances       Size
No positive cells found.
No positive cells found.
                   all        186      10109      0.443      0.207      0.135     0.0553
Saved 2304 replay embeddings to /home/ddwilde/scriptie/runs/dota_lora_replay/stage2-lora-replay/replay/buffer.pt

      Epoch    GPU_mem   box_loss   cls_loss   dfl_lossreplay_loss  Instances       Size
No positive cells found.
No positive cells found.
                   all        186      10109      0.448      0.202      0.136     0.0568
Saved 2304 replay embeddings to /home/ddwilde/scriptie/runs/dota_lora_replay/stage2-lora-replay/replay/buffer.pt

      Epoch    GPU_mem   box_loss   cls_loss   dfl_lossreplay_loss  Instances       Size
No positive cells found.
No positive cells found.
                   all        186      10109      0.451      0.207      0.142     0.0591
Saved 2304 replay embeddings to /home/ddwilde/scriptie/runs/dota_lora_replay/stage2-lora-replay/replay/buffer.pt

      Epoch    GPU_mem   box_loss   cls_loss   dfl_lossreplay_loss  Instances       Size
No positive cells found.
No positive cells found.
                   all        186      10109       0.45      0.206       0.14     0.0584
Saved 2304 replay embeddings to /home/ddwilde/scriptie/runs/dota_lora_replay/stage2-lora-replay/replay/buffer.pt

      Epoch    GPU_mem   box_loss   cls_loss   dfl_lossreplay_loss  Instances       Size
No positive cells found.
No positive cells found.
                   all        186      10109      0.449      0.203      0.139     0.0575
Saved 2304 replay embeddings to /home/ddwilde/scriptie/runs/dota_lora_replay/stage2-lora-replay/replay/buffer.pt

      Epoch    GPU_mem   box_loss   cls_loss   dfl_lossreplay_loss  Instances       Size
No positive cells found.
No positive cells found.
                   all        186      10109      0.447      0.205      0.139     0.0573
Saved 2304 replay embeddings to /home/ddwilde/scriptie/runs/dota_lora_replay/stage2-lora-replay/replay/buffer.pt

      Epoch    GPU_mem   box_loss   cls_loss   dfl_lossreplay_loss  Instances       Size
No positive cells found.
No positive cells found.
                   all        186      10109      0.447      0.207       0.14     0.0579
Saved 2304 replay embeddings to /home/ddwilde/scriptie/runs/dota_lora_replay/stage2-lora-replay/replay/buffer.pt

50 epochs completed in 0.363 hours.
Optimizer stripped from /home/ddwilde/scriptie/runs/dota_lora_replay/stage2-lora-replay/weights/last.pt, 19.3MB
Optimizer stripped from /home/ddwilde/scriptie/runs/dota_lora_replay/stage2-lora-replay/weights/best.pt, 19.3MB

Validating /home/ddwilde/scriptie/runs/dota_lora_replay/stage2-lora-replay/weights/best.pt...
EDNet 1.0 ✅ Python-3.10.4 ✅ torch-2.8.0+cu128 ✅CUDA:0 (NVIDIA A100-SXM4-40GB, 40441MiB)
Skipping layer fusion for LoRA-enabled model during weight loading.
                   all        186      10109      0.451      0.207      0.142     0.0591
         small-vehicle         89       5547      0.294        0.2      0.169     0.0702
         large-vehicle         73       2810      0.283      0.325      0.217     0.0855
                 plane         45       1720      0.228      0.303       0.18     0.0808
            helicopter          5         32          1          0          0          0
Speed: 0.2ms preprocess, 5.0ms inference, 0.0ms loss, 0.1ms postprocess per image
Results saved to [1m/home/ddwilde/scriptie/runs/dota_lora_replay/stage2-lora-replay[0m
Training finished. Results saved in: /home/ddwilde/scriptie/runs/dota_lora_replay/stage2-lora-replay
EDNet 1.0 ✅ Python-3.10.4 ✅ torch-2.8.0+cu128 ✅CUDA:0 (NVIDIA A100-SXM4-40GB, 40441MiB)
[34m[1mengine/trainer: [0mtask=detect, mode=train, model=/home/ddwilde/scriptie/runs/dota_lora_replay/stage2-lora-replay/weights/best.pt, data=/home/ddwilde/scriptie/yaml/DOTA-stage3.yaml, epochs=50, time=None, patience=100, batch=4, imgsz=640, save=True, save_period=-1, cache=False, device=None, workers=8, project=/home/ddwilde/scriptie/runs/dota_lora_replay, name=stage3-lora-replay, exist_ok=False, pretrained=True, optimizer=auto, verbose=True, seed=0, deterministic=True, single_cls=False, rect=False, cos_lr=False, close_mosaic=10, resume=False, amp=True, fraction=1.0, profile=False, freeze=[0, 1, 2, 3, 4, 5, 6, 7, 8, 9, 10, 11, 12, 13, 14, 15, 16, 17, 18, 19, 20, 21, 22, 23, 24, 25, 26, 27, 28], multi_scale=False, lora={'enable': True, 'feature_pyramid_indices': [19, 22, 25], 'include_detection_head': True}, continual={'enable': False, 'batches': [], 'adapter_strategy': 'last', 'save_history': True}, replay={'enable': True, 'buffer_per_class': 128, 'loss_weight': 0.0, 'init_buffer': '/home/ddwilde/scriptie/runs/dota_lora_replay/stage2-lora-replay/replay/buffer.pt', 'memory_dir': '/home/ddwilde/scriptie/datasets/memory/stage2', 'memory_ratio': 0.25, 'tiny_max_pixels': 320}, stage={'active_classes': [0, 1, 2, 3, 4], 'prev_classes': [0, 1, 2, 3]}, overlap_mask=True, mask_ratio=4, dropout=0.0, val=True, split=val, save_json=False, save_hybrid=False, conf=None, iou=0.7, max_det=300, half=False, dnn=False, plots=True, per_class_tb_interval=1, source=None, vid_stride=1, stream_buffer=False, visualize=False, augment=False, agnostic_nms=False, classes=None, retina_masks=False, embed=None, show=False, save_frames=False, save_txt=False, save_conf=False, save_crop=False, show_labels=True, show_conf=True, show_boxes=True, line_width=None, format=torchscript, keras=False, optimize=False, int8=False, dynamic=False, simplify=False, opset=None, workspace=4, nms=False, lr0=0.01, lrf=0.01, momentum=0.937, weight_decay=0.0005, warmup_epochs=3.0, warmup_momentum=0.8, warmup_bias_lr=0.1, box=7.5, cls=0.5, dfl=1.5, pose=12.0, kobj=1.0, label_smoothing=0.0, nbs=64, hsv_h=0.015, hsv_s=0.7, hsv_v=0.4, degrees=0.0, translate=0.1, scale=0.5, shear=0.0, perspective=0.0, flipud=0.0, fliplr=0.5, bgr=0.0, mosaic=1.0, mixup=0.0, copy_paste=0.0, auto_augment=randaugment, erasing=0.4, crop_fraction=1.0, cfg=None, tracker=botsort.yaml, save_dir=/home/ddwilde/scriptie/runs/dota_lora_replay/stage3-lora-replay

                   from  n    params  module                                       arguments                     
  0                  -1  1       928  ednet.nn.modules.conv.Conv                   [3, 32, 3, 2]                 
  1                  -1  1     18560  ednet.nn.modules.conv.Conv                   [32, 64, 3, 2]                
  2                  -1  1     29056  ednet.nn.modules.block.C2f                   [64, 64, 1, True]             
  3                  -1  1     73984  ednet.nn.modules.conv.Conv                   [64, 128, 3, 2]               
  4                  -1  2    197632  ednet.nn.modules.block.C2f                   [128, 128, 2, True]           
  5                  -1  1    295424  ednet.nn.modules.conv.Conv                   [128, 256, 3, 2]              
  6                  -1  2    420864  ednet.nn.modules.block.C2f_FCA               [256, 256, 2, True]           
  7                  -1  1   1180672  ednet.nn.modules.conv.Conv                   [256, 512, 3, 2]              
  8                  -1  1   1095680  ednet.nn.modules.block.C2f_FCA               [512, 512, 1, True]           
  9                  -1  1    656896  ednet.nn.modules.block.SPPF                  [512, 512, 5]                 
 10                  -1  1    990976  ednet.nn.modules.block.PSA                   [512, 512]                    
 11                  -1  1         0  torch.nn.modules.upsampling.Upsample         [None, 2, 'nearest']          
 12             [-1, 6]  1         0  ednet.nn.modules.conv.Concat                 [1]                           
 13                  -1  1    591360  ednet.nn.modules.block.C2f                   [768, 256, 1]                 
 14                  -1  1         0  torch.nn.modules.upsampling.Upsample         [None, 2, 'nearest']          
 15             [-1, 4]  1         0  ednet.nn.modules.conv.Concat                 [1]                           
 16                  -1  1    148224  ednet.nn.modules.block.C2f                   [384, 128, 1]                 
 17                  -1  1         0  torch.nn.modules.upsampling.Upsample         [None, 2, 'nearest']          
 18             [-1, 2]  1         0  ednet.nn.modules.conv.Concat                 [1]                           
 19                  -1  1     37248  ednet.nn.modules.block.C2f                   [192, 64, 1]                  
 20                  -1  1     36992  ednet.nn.modules.conv.Conv                   [64, 64, 3, 2]                
 21            [-1, 16]  1         0  ednet.nn.modules.conv.Concat                 [1]                           
 22                  -1  1    123648  ednet.nn.modules.block.C2f                   [192, 128, 1]                 
 23                  -1  1    147712  ednet.nn.modules.conv.Conv                   [128, 128, 3, 2]              
 24            [-1, 13]  1         0  ednet.nn.modules.conv.Concat                 [1]                           
 25                  -1  1    493056  ednet.nn.modules.block.C2f                   [384, 256, 1]                 
 26                  -1  1     68864  ednet.nn.modules.block.SCDown                [256, 256, 3, 2]              
 27             [-1, 9]  1         0  ednet.nn.modules.conv.Concat                 [1]                           
 28                  -1  1   1089536  ednet.nn.modules.block.C2fCIB                [768, 512, 1, True, True]     
 29    [19, 22, 25, 28]  1   1623224  ednet.nn.modules.head.v10Detect              [5, [64, 128, 256, 512]]      
ednet-s summary: 510 layers, 9,320,536 parameters, 9,320,520 gradients

Active classes for this stage: (0, 1, 2, 3, 4)
Replay/previous classes for this stage: (0, 1, 2, 3)
Transferred 725/753 items from pretrained weights
LoRA enabled: 28 adapters (rank=8, alpha=16.0, 
LoRA adapter registry: 28 modules -> ['Conv.conv', 'Conv.conv', 'Conv.conv', 'Conv.conv', 'Conv.conv', 'Conv.conv', 'Conv.conv', 'Conv.conv', 'Conv.conv', 'Conv.conv', 'Conv.conv', 'Conv.conv', 'Conv.conv', 'Conv.conv', 'Conv.conv', 'Conv.conv', 'Conv.conv', 'Conv.conv', 'Conv.conv', 'Conv.conv', 'Conv.conv', 'Conv.conv', 'Conv.conv', 'Conv.conv', 'Conv.conv', 'Conv.conv', 'Conv.conv', 'Conv.conv']
Trainable params: 429 tensors (8595784 weights) example=[('model.0.conv.weight', 864), ('model.0.bn.weight', 32), ('model.0.bn.bias', 32), ('model.1.conv.weight', 18432), ('model.1.bn.weight', 64), ('model.1.bn.bias', 64), ('model.2.cv1.conv.weight', 4096), ('model.2.cv1.bn.weight', 64), ('model.2.cv1.bn.bias', 64), ('model.2.cv2.conv.weight', 6144), ('model.2.cv2.bn.weight', 64), ('model.2.cv2.bn.bias', 64), ('model.2.m.0.cv1.conv.weight', 9216), ('model.2.m.0.cv1.bn.weight', 32), ('model.2.m.0.cv1.bn.bias', 32), ('model.2.m.0.cv2.conv.weight', 9216), ('model.2.m.0.cv2.bn.weight', 32), ('model.2.m.0.cv2.bn.bias', 32), ('model.3.conv.weight', 73728), ('model.3.bn.weight', 128)]
Replay feature tapper initialized for detection head levels: ['P2', 'P3', 'P4']
Loaded 2304 replay embeddings from /home/ddwilde/scriptie/runs/dota_lora_replay/stage2-lora-replay/replay/buffer.pt
[34m[1mTensorBoard: [0mStart with 'tensorboard --logdir /home/ddwilde/scriptie/runs/dota_lora_replay/stage3-lora-replay', view at http://localhost:6006/
Freezing layer 'model.0.conv.weight'
Freezing layer 'model.0.bn.weight'
Freezing layer 'model.0.bn.bias'
Freezing layer 'model.1.conv.weight'
Freezing layer 'model.1.bn.weight'
Freezing layer 'model.1.bn.bias'
Freezing layer 'model.2.cv1.conv.weight'
Freezing layer 'model.2.cv1.bn.weight'
Freezing layer 'model.2.cv1.bn.bias'
Freezing layer 'model.2.cv2.conv.weight'
Freezing layer 'model.2.cv2.bn.weight'
Freezing layer 'model.2.cv2.bn.bias'
Freezing layer 'model.2.m.0.cv1.conv.weight'
Freezing layer 'model.2.m.0.cv1.bn.weight'
Freezing layer 'model.2.m.0.cv1.bn.bias'
Freezing layer 'model.2.m.0.cv2.conv.weight'
Freezing layer 'model.2.m.0.cv2.bn.weight'
Freezing layer 'model.2.m.0.cv2.bn.bias'
Freezing layer 'model.3.conv.weight'
Freezing layer 'model.3.bn.weight'
Freezing layer 'model.3.bn.bias'
Freezing layer 'model.4.cv1.conv.weight'
Freezing layer 'model.4.cv1.bn.weight'
Freezing layer 'model.4.cv1.bn.bias'
Freezing layer 'model.4.cv2.conv.weight'
Freezing layer 'model.4.cv2.bn.weight'
Freezing layer 'model.4.cv2.bn.bias'
Freezing layer 'model.4.m.0.cv1.conv.weight'
Freezing layer 'model.4.m.0.cv1.bn.weight'
Freezing layer 'model.4.m.0.cv1.bn.bias'
Freezing layer 'model.4.m.0.cv2.conv.weight'
Freezing layer 'model.4.m.0.cv2.bn.weight'
Freezing layer 'model.4.m.0.cv2.bn.bias'
Freezing layer 'model.4.m.1.cv1.conv.weight'
Freezing layer 'model.4.m.1.cv1.bn.weight'
Freezing layer 'model.4.m.1.cv1.bn.bias'
Freezing layer 'model.4.m.1.cv2.conv.weight'
Freezing layer 'model.4.m.1.cv2.bn.weight'
Freezing layer 'model.4.m.1.cv2.bn.bias'
Freezing layer 'model.5.conv.weight'
Freezing layer 'model.5.bn.weight'
Freezing layer 'model.5.bn.bias'
Freezing layer 'model.6.cv1.conv.weight'
Freezing layer 'model.6.cv1.bn.weight'
Freezing layer 'model.6.cv1.bn.bias'
Freezing layer 'model.6.cv2.conv.weight'
Freezing layer 'model.6.cv2.bn.weight'
Freezing layer 'model.6.cv2.bn.bias'
Freezing layer 'model.6.m.0.mlp.0.conv.weight'
Freezing layer 'model.6.m.0.mlp.0.bn.weight'
Freezing layer 'model.6.m.0.mlp.0.bn.bias'
Freezing layer 'model.6.m.0.mlp.1.weight'
Freezing layer 'model.6.m.0.spatial_mixing.PConv3.weight'
Freezing layer 'model.6.m.0.attention.conv1.conv.weight'
Freezing layer 'model.6.m.0.attention.conv1.bn.weight'
Freezing layer 'model.6.m.0.attention.conv1.bn.bias'
Freezing layer 'model.6.m.0.attention.h_conv.conv.weight'
Freezing layer 'model.6.m.0.attention.h_conv.conv.bias'
Freezing layer 'model.6.m.0.attention.v_conv.conv.weight'
Freezing layer 'model.6.m.0.attention.v_conv.conv.bias'
Freezing layer 'model.6.m.0.attention.conv2.conv.weight'
Freezing layer 'model.6.m.0.attention.conv2.bn.weight'
Freezing layer 'model.6.m.0.attention.conv2.bn.bias'
Freezing layer 'model.6.m.1.mlp.0.conv.weight'
Freezing layer 'model.6.m.1.mlp.0.bn.weight'
Freezing layer 'model.6.m.1.mlp.0.bn.bias'
Freezing layer 'model.6.m.1.mlp.1.weight'
Freezing layer 'model.6.m.1.spatial_mixing.PConv3.weight'
Freezing layer 'model.6.m.1.attention.conv1.conv.weight'
Freezing layer 'model.6.m.1.attention.conv1.bn.weight'
Freezing layer 'model.6.m.1.attention.conv1.bn.bias'
Freezing layer 'model.6.m.1.attention.h_conv.conv.weight'
Freezing layer 'model.6.m.1.attention.h_conv.conv.bias'
Freezing layer 'model.6.m.1.attention.v_conv.conv.weight'
Freezing layer 'model.6.m.1.attention.v_conv.conv.bias'
Freezing layer 'model.6.m.1.attention.conv2.conv.weight'
Freezing layer 'model.6.m.1.attention.conv2.bn.weight'
Freezing layer 'model.6.m.1.attention.conv2.bn.bias'
Freezing layer 'model.7.conv.weight'
Freezing layer 'model.7.bn.weight'
Freezing layer 'model.7.bn.bias'
Freezing layer 'model.8.cv1.conv.weight'
Freezing layer 'model.8.cv1.bn.weight'
Freezing layer 'model.8.cv1.bn.bias'
Freezing layer 'model.8.cv2.conv.weight'
Freezing layer 'model.8.cv2.bn.weight'
Freezing layer 'model.8.cv2.bn.bias'
Freezing layer 'model.8.m.0.mlp.0.conv.weight'
Freezing layer 'model.8.m.0.mlp.0.bn.weight'
Freezing layer 'model.8.m.0.mlp.0.bn.bias'
Freezing layer 'model.8.m.0.mlp.1.weight'
Freezing layer 'model.8.m.0.spatial_mixing.PConv3.weight'
Freezing layer 'model.8.m.0.attention.conv1.conv.weight'
Freezing layer 'model.8.m.0.attention.conv1.bn.weight'
Freezing layer 'model.8.m.0.attention.conv1.bn.bias'
Freezing layer 'model.8.m.0.attention.h_conv.conv.weight'
Freezing layer 'model.8.m.0.attention.h_conv.conv.bias'
Freezing layer 'model.8.m.0.attention.v_conv.conv.weight'
Freezing layer 'model.8.m.0.attention.v_conv.conv.bias'
Freezing layer 'model.8.m.0.attention.conv2.conv.weight'
Freezing layer 'model.8.m.0.attention.conv2.bn.weight'
Freezing layer 'model.8.m.0.attention.conv2.bn.bias'
Freezing layer 'model.9.cv1.conv.weight'
Freezing layer 'model.9.cv1.bn.weight'
Freezing layer 'model.9.cv1.bn.bias'
Freezing layer 'model.9.cv2.conv.weight'
Freezing layer 'model.9.cv2.bn.weight'
Freezing layer 'model.9.cv2.bn.bias'
Freezing layer 'model.10.cv1.conv.weight'
Freezing layer 'model.10.cv1.bn.weight'
Freezing layer 'model.10.cv1.bn.bias'
Freezing layer 'model.10.cv2.conv.weight'
Freezing layer 'model.10.cv2.bn.weight'
Freezing layer 'model.10.cv2.bn.bias'
Freezing layer 'model.10.attn.qkv.conv.weight'
Freezing layer 'model.10.attn.qkv.bn.weight'
Freezing layer 'model.10.attn.qkv.bn.bias'
Freezing layer 'model.10.attn.proj.conv.weight'
Freezing layer 'model.10.attn.proj.bn.weight'
Freezing layer 'model.10.attn.proj.bn.bias'
Freezing layer 'model.10.attn.pe.conv.weight'
Freezing layer 'model.10.attn.pe.bn.weight'
Freezing layer 'model.10.attn.pe.bn.bias'
Freezing layer 'model.10.ffn.0.conv.weight'
Freezing layer 'model.10.ffn.0.bn.weight'
Freezing layer 'model.10.ffn.0.bn.bias'
Freezing layer 'model.10.ffn.1.conv.weight'
Freezing layer 'model.10.ffn.1.bn.weight'
Freezing layer 'model.10.ffn.1.bn.bias'
Freezing layer 'model.13.cv1.conv.weight'
Freezing layer 'model.13.cv1.bn.weight'
Freezing layer 'model.13.cv1.bn.bias'
Freezing layer 'model.13.cv2.conv.weight'
Freezing layer 'model.13.cv2.bn.weight'
Freezing layer 'model.13.cv2.bn.bias'
Freezing layer 'model.13.m.0.cv1.conv.weight'
Freezing layer 'model.13.m.0.cv1.bn.weight'
Freezing layer 'model.13.m.0.cv1.bn.bias'
Freezing layer 'model.13.m.0.cv2.conv.weight'
Freezing layer 'model.13.m.0.cv2.bn.weight'
Freezing layer 'model.13.m.0.cv2.bn.bias'
Freezing layer 'model.16.cv1.conv.weight'
Freezing layer 'model.16.cv1.bn.weight'
Freezing layer 'model.16.cv1.bn.bias'
Freezing layer 'model.16.cv2.conv.weight'
Freezing layer 'model.16.cv2.bn.weight'
Freezing layer 'model.16.cv2.bn.bias'
Freezing layer 'model.16.m.0.cv1.conv.weight'
Freezing layer 'model.16.m.0.cv1.bn.weight'
Freezing layer 'model.16.m.0.cv1.bn.bias'
Freezing layer 'model.16.m.0.cv2.conv.weight'
Freezing layer 'model.16.m.0.cv2.bn.weight'
Freezing layer 'model.16.m.0.cv2.bn.bias'
Freezing layer 'model.19.cv1.conv.base.weight'
Freezing layer 'model.19.cv1.bn.weight'
Freezing layer 'model.19.cv1.bn.bias'
Freezing layer 'model.19.cv2.conv.base.weight'
Freezing layer 'model.19.cv2.bn.weight'
Freezing layer 'model.19.cv2.bn.bias'
Freezing layer 'model.19.m.0.cv1.conv.base.weight'
Freezing layer 'model.19.m.0.cv1.bn.weight'
Freezing layer 'model.19.m.0.cv1.bn.bias'
Freezing layer 'model.19.m.0.cv2.conv.base.weight'
Freezing layer 'model.19.m.0.cv2.bn.weight'
Freezing layer 'model.19.m.0.cv2.bn.bias'
Freezing layer 'model.20.conv.weight'
Freezing layer 'model.20.bn.weight'
Freezing layer 'model.20.bn.bias'
Freezing layer 'model.22.cv1.conv.base.weight'
Freezing layer 'model.22.cv1.bn.weight'
Freezing layer 'model.22.cv1.bn.bias'
Freezing layer 'model.22.cv2.conv.base.weight'
Freezing layer 'model.22.cv2.bn.weight'
Freezing layer 'model.22.cv2.bn.bias'
Freezing layer 'model.22.m.0.cv1.conv.base.weight'
Freezing layer 'model.22.m.0.cv1.bn.weight'
Freezing layer 'model.22.m.0.cv1.bn.bias'
Freezing layer 'model.22.m.0.cv2.conv.base.weight'
Freezing layer 'model.22.m.0.cv2.bn.weight'
Freezing layer 'model.22.m.0.cv2.bn.bias'
Freezing layer 'model.23.conv.weight'
Freezing layer 'model.23.bn.weight'
Freezing layer 'model.23.bn.bias'
Freezing layer 'model.25.cv1.conv.base.weight'
Freezing layer 'model.25.cv1.bn.weight'
Freezing layer 'model.25.cv1.bn.bias'
Freezing layer 'model.25.cv2.conv.base.weight'
Freezing layer 'model.25.cv2.bn.weight'
Freezing layer 'model.25.cv2.bn.bias'
Freezing layer 'model.25.m.0.cv1.conv.base.weight'
Freezing layer 'model.25.m.0.cv1.bn.weight'
Freezing layer 'model.25.m.0.cv1.bn.bias'
Freezing layer 'model.25.m.0.cv2.conv.base.weight'
Freezing layer 'model.25.m.0.cv2.bn.weight'
Freezing layer 'model.25.m.0.cv2.bn.bias'
Freezing layer 'model.26.cv1.conv.weight'
Freezing layer 'model.26.cv1.bn.weight'
Freezing layer 'model.26.cv1.bn.bias'
Freezing layer 'model.26.cv2.conv.weight'
Freezing layer 'model.26.cv2.bn.weight'
Freezing layer 'model.26.cv2.bn.bias'
Freezing layer 'model.28.cv1.conv.weight'
Freezing layer 'model.28.cv1.bn.weight'
Freezing layer 'model.28.cv1.bn.bias'
Freezing layer 'model.28.cv2.conv.weight'
Freezing layer 'model.28.cv2.bn.weight'
Freezing layer 'model.28.cv2.bn.bias'
Freezing layer 'model.28.m.0.cv1.0.conv.weight'
Freezing layer 'model.28.m.0.cv1.0.bn.weight'
Freezing layer 'model.28.m.0.cv1.0.bn.bias'
Freezing layer 'model.28.m.0.cv1.1.conv.weight'
Freezing layer 'model.28.m.0.cv1.1.bn.weight'
Freezing layer 'model.28.m.0.cv1.1.bn.bias'
Freezing layer 'model.28.m.0.cv1.2.conv.conv.weight'
Freezing layer 'model.28.m.0.cv1.2.conv.bn.weight'
Freezing layer 'model.28.m.0.cv1.2.conv.bn.bias'
Freezing layer 'model.28.m.0.cv1.2.conv1.conv.weight'
Freezing layer 'model.28.m.0.cv1.2.conv1.bn.weight'
Freezing layer 'model.28.m.0.cv1.2.conv1.bn.bias'
Freezing layer 'model.28.m.0.cv1.3.conv.weight'
Freezing layer 'model.28.m.0.cv1.3.bn.weight'
Freezing layer 'model.28.m.0.cv1.3.bn.bias'
Freezing layer 'model.28.m.0.cv1.4.conv.weight'
Freezing layer 'model.28.m.0.cv1.4.bn.weight'
Freezing layer 'model.28.m.0.cv1.4.bn.bias'
Freezing layer 'model.29.dfl.conv.weight'
[34m[1mAMP: [0mrunning Automatic Mixed Precision (AMP) checks with YOLOv8n...
[34m[1mAMP: [0mchecks passed ✅
Plotting labels to /home/ddwilde/scriptie/runs/dota_lora_replay/stage3-lora-replay/labels.jpg... 
[34m[1moptimizer:[0m 'optimizer=auto' found, ignoring 'lr0=0.01' and 'momentum=0.937' and determining best 'optimizer', 'lr0' and 'momentum' automatically... 
[34m[1moptimizer:[0m AdamW(lr=0.001111, momentum=0.9) with parameter groups 48 weight(decay=0.0), 104 weight(decay=0.0005), 64 bias(decay=0.0)
Trainable params: 216 tensors (1549736 weights). Top trainable=[('model.29.cv2.3.0.conv.weight', 294912), ('model.29.one2one_cv2.3.0.conv.weight', 294912), ('model.29.cv2.2.0.conv.weight', 147456), ('model.29.one2one_cv2.2.0.conv.weight', 147456), ('model.29.cv2.1.0.conv.weight', 73728), ('model.29.one2one_cv2.1.0.conv.weight', 73728), ('model.29.cv2.0.0.conv.weight', 36864), ('model.29.cv2.0.1.conv.weight', 36864), ('model.29.cv2.1.1.conv.weight', 36864), ('model.29.cv2.2.1.conv.weight', 36864), ('model.29.cv2.3.1.conv.weight', 36864), ('model.29.one2one_cv2.0.0.conv.weight', 36864), ('model.29.one2one_cv2.0.1.conv.weight', 36864), ('model.29.one2one_cv2.1.1.conv.weight', 36864), ('model.29.one2one_cv2.2.1.conv.weight', 36864), ('model.29.one2one_cv2.3.1.conv.weight', 36864), ('model.25.m.0.cv1.conv.lora_A.weight', 9216), ('model.25.m.0.cv2.conv.lora_A.weight', 9216), ('model.22.m.0.cv1.conv.lora_A.weight', 4608), ('model.22.m.0.cv2.conv.lora_A.weight', 4608)]
Limiting positives to classes (0, 1, 2, 3, 4)
Replay targets limited to previous classes (0, 1, 2, 3)
Limiting positives to classes (0, 1, 2, 3, 4)
Replay targets limited to previous classes (0, 1, 2, 3)
Memory replay enabled from /home/ddwilde/scriptie/datasets/memory/stage2/images with batch size 1 (25.0% of primary batch).
Skipping fusion for LoRA-wrapped layer Conv
Skipping fusion for LoRA-wrapped layer Conv
Skipping fusion for LoRA-wrapped layer Conv
Skipping fusion for LoRA-wrapped layer Conv
Skipping fusion for LoRA-wrapped layer Conv
Skipping fusion for LoRA-wrapped layer Conv
Skipping fusion for LoRA-wrapped layer Conv
Skipping fusion for LoRA-wrapped layer Conv
Skipping fusion for LoRA-wrapped layer Conv
Skipping fusion for LoRA-wrapped layer Conv
Skipping fusion for LoRA-wrapped layer Conv
Skipping fusion for LoRA-wrapped layer Conv
Skipping fusion for LoRA-wrapped layer Conv
Skipping fusion for LoRA-wrapped layer Conv
Skipping fusion for LoRA-wrapped layer Conv
Skipping fusion for LoRA-wrapped layer Conv
Skipping fusion for LoRA-wrapped layer Conv
Skipping fusion for LoRA-wrapped layer Conv
Skipping fusion for LoRA-wrapped layer Conv
Skipping fusion for LoRA-wrapped layer Conv
Skipping fusion for LoRA-wrapped layer Conv
Skipping fusion for LoRA-wrapped layer Conv
Skipping fusion for LoRA-wrapped layer Conv
Skipping fusion for LoRA-wrapped layer Conv
Skipping fusion for LoRA-wrapped layer Conv
Skipping fusion for LoRA-wrapped layer Conv
Skipping fusion for LoRA-wrapped layer Conv
Skipping fusion for LoRA-wrapped layer Conv
[34m[1mTensorBoard: [0mmodel graph visualization added ✅
Image sizes 640 train, 640 val
Using 8 dataloader workers
Logging results to [1m/home/ddwilde/scriptie/runs/dota_lora_replay/stage3-lora-replay[0m
Starting training for 50 epochs...

      Epoch    GPU_mem   box_loss   cls_loss   dfl_lossreplay_loss  Instances       Size
Limiting positives to classes (0, 1, 2, 3, 4)
Replay targets limited to previous classes (0, 1, 2, 3)
Limiting positives to classes (0, 1, 2, 3, 4)
Replay targets limited to previous classes (0, 1, 2, 3)
Replay tap config not set; GT-driven replay skipped for this batch.
Replay tap config not set; GT-driven replay skipped for this batch.
                   all        186      15849     0.0196     0.0561     0.0212    0.00846
Saved 3965 replay embeddings to /home/ddwilde/scriptie/runs/dota_lora_replay/stage3-lora-replay/replay/buffer.pt

      Epoch    GPU_mem   box_loss   cls_loss   dfl_lossreplay_loss  Instances       Size
                   all        186      15849     0.0244     0.0816     0.0267     0.0105
Saved 4101 replay embeddings to /home/ddwilde/scriptie/runs/dota_lora_replay/stage3-lora-replay/replay/buffer.pt

      Epoch    GPU_mem   box_loss   cls_loss   dfl_lossreplay_loss  Instances       Size
                   all        186      15849      0.667     0.0351     0.0304      0.012
Saved 4111 replay embeddings to /home/ddwilde/scriptie/runs/dota_lora_replay/stage3-lora-replay/replay/buffer.pt

      Epoch    GPU_mem   box_loss   cls_loss   dfl_lossreplay_loss  Instances       Size
                   all        186      15849      0.447       0.04     0.0374      0.014
Saved 4115 replay embeddings to /home/ddwilde/scriptie/runs/dota_lora_replay/stage3-lora-replay/replay/buffer.pt

      Epoch    GPU_mem   box_loss   cls_loss   dfl_lossreplay_loss  Instances       Size
                   all        186      15849      0.445     0.0685      0.046     0.0174
Saved 4116 replay embeddings to /home/ddwilde/scriptie/runs/dota_lora_replay/stage3-lora-replay/replay/buffer.pt

      Epoch    GPU_mem   box_loss   cls_loss   dfl_lossreplay_loss  Instances       Size
                   all        186      15849      0.066     0.0604     0.0454     0.0186
Saved 4128 replay embeddings to /home/ddwilde/scriptie/runs/dota_lora_replay/stage3-lora-replay/replay/buffer.pt

      Epoch    GPU_mem   box_loss   cls_loss   dfl_lossreplay_loss  Instances       Size
                   all        186      15849      0.543     0.0317     0.0393     0.0182
Saved 4134 replay embeddings to /home/ddwilde/scriptie/runs/dota_lora_replay/stage3-lora-replay/replay/buffer.pt

      Epoch    GPU_mem   box_loss   cls_loss   dfl_lossreplay_loss  Instances       Size
                   all        186      15849      0.593     0.0305     0.0477     0.0205
Saved 4135 replay embeddings to /home/ddwilde/scriptie/runs/dota_lora_replay/stage3-lora-replay/replay/buffer.pt

      Epoch    GPU_mem   box_loss   cls_loss   dfl_lossreplay_loss  Instances       Size
                   all        186      15849      0.554     0.0425      0.062      0.027
Saved 4142 replay embeddings to /home/ddwilde/scriptie/runs/dota_lora_replay/stage3-lora-replay/replay/buffer.pt

      Epoch    GPU_mem   box_loss   cls_loss   dfl_lossreplay_loss  Instances       Size
                   all        186      15849      0.333     0.0821     0.0697      0.029
Saved 4145 replay embeddings to /home/ddwilde/scriptie/runs/dota_lora_replay/stage3-lora-replay/replay/buffer.pt

      Epoch    GPU_mem   box_loss   cls_loss   dfl_lossreplay_loss  Instances       Size
                   all        186      15849      0.337     0.0908     0.0739     0.0328
Saved 4149 replay embeddings to /home/ddwilde/scriptie/runs/dota_lora_replay/stage3-lora-replay/replay/buffer.pt

      Epoch    GPU_mem   box_loss   cls_loss   dfl_lossreplay_loss  Instances       Size
                   all        186      15849      0.345      0.092     0.0778     0.0339
Saved 4151 replay embeddings to /home/ddwilde/scriptie/runs/dota_lora_replay/stage3-lora-replay/replay/buffer.pt

      Epoch    GPU_mem   box_loss   cls_loss   dfl_lossreplay_loss  Instances       Size
                   all        186      15849      0.359     0.0907     0.0786     0.0344
Saved 4162 replay embeddings to /home/ddwilde/scriptie/runs/dota_lora_replay/stage3-lora-replay/replay/buffer.pt

      Epoch    GPU_mem   box_loss   cls_loss   dfl_lossreplay_loss  Instances       Size
                   all        186      15849      0.168     0.0891     0.0878     0.0378
Saved 4165 replay embeddings to /home/ddwilde/scriptie/runs/dota_lora_replay/stage3-lora-replay/replay/buffer.pt

      Epoch    GPU_mem   box_loss   cls_loss   dfl_lossreplay_loss  Instances       Size
                   all        186      15849      0.187     0.0935     0.0898     0.0401
Saved 4170 replay embeddings to /home/ddwilde/scriptie/runs/dota_lora_replay/stage3-lora-replay/replay/buffer.pt

      Epoch    GPU_mem   box_loss   cls_loss   dfl_lossreplay_loss  Instances       Size
                   all        186      15849      0.148     0.0953     0.0989     0.0438
Saved 4170 replay embeddings to /home/ddwilde/scriptie/runs/dota_lora_replay/stage3-lora-replay/replay/buffer.pt

      Epoch    GPU_mem   box_loss   cls_loss   dfl_lossreplay_loss  Instances       Size
                   all        186      15849      0.132     0.0933     0.0919      0.039
Saved 4172 replay embeddings to /home/ddwilde/scriptie/runs/dota_lora_replay/stage3-lora-replay/replay/buffer.pt

      Epoch    GPU_mem   box_loss   cls_loss   dfl_lossreplay_loss  Instances       Size
                   all        186      15849      0.139      0.102     0.0976     0.0435
Saved 4178 replay embeddings to /home/ddwilde/scriptie/runs/dota_lora_replay/stage3-lora-replay/replay/buffer.pt

      Epoch    GPU_mem   box_loss   cls_loss   dfl_lossreplay_loss  Instances       Size
                   all        186      15849      0.183      0.101      0.098     0.0439
Saved 4186 replay embeddings to /home/ddwilde/scriptie/runs/dota_lora_replay/stage3-lora-replay/replay/buffer.pt

      Epoch    GPU_mem   box_loss   cls_loss   dfl_lossreplay_loss  Instances       Size
                   all        186      15849      0.203      0.105      0.105     0.0476
Saved 4191 replay embeddings to /home/ddwilde/scriptie/runs/dota_lora_replay/stage3-lora-replay/replay/buffer.pt

      Epoch    GPU_mem   box_loss   cls_loss   dfl_lossreplay_loss  Instances       Size
                   all        186      15849      0.285      0.119      0.107      0.047
Saved 4192 replay embeddings to /home/ddwilde/scriptie/runs/dota_lora_replay/stage3-lora-replay/replay/buffer.pt

      Epoch    GPU_mem   box_loss   cls_loss   dfl_lossreplay_loss  Instances       Size
                   all        186      15849      0.235      0.136       0.11     0.0487
Saved 4198 replay embeddings to /home/ddwilde/scriptie/runs/dota_lora_replay/stage3-lora-replay/replay/buffer.pt

      Epoch    GPU_mem   box_loss   cls_loss   dfl_lossreplay_loss  Instances       Size
                   all        186      15849      0.235      0.128      0.108     0.0483
Saved 4201 replay embeddings to /home/ddwilde/scriptie/runs/dota_lora_replay/stage3-lora-replay/replay/buffer.pt

      Epoch    GPU_mem   box_loss   cls_loss   dfl_lossreplay_loss  Instances       Size
                   all        186      15849       0.27      0.131       0.11     0.0487
Saved 4213 replay embeddings to /home/ddwilde/scriptie/runs/dota_lora_replay/stage3-lora-replay/replay/buffer.pt

      Epoch    GPU_mem   box_loss   cls_loss   dfl_lossreplay_loss  Instances       Size
                   all        186      15849      0.289      0.135      0.113     0.0499
Saved 4216 replay embeddings to /home/ddwilde/scriptie/runs/dota_lora_replay/stage3-lora-replay/replay/buffer.pt

      Epoch    GPU_mem   box_loss   cls_loss   dfl_lossreplay_loss  Instances       Size
                   all        186      15849      0.258      0.131      0.118     0.0532
Saved 4216 replay embeddings to /home/ddwilde/scriptie/runs/dota_lora_replay/stage3-lora-replay/replay/buffer.pt

      Epoch    GPU_mem   box_loss   cls_loss   dfl_lossreplay_loss  Instances       Size
                   all        186      15849      0.288      0.127      0.122     0.0565
Saved 4219 replay embeddings to /home/ddwilde/scriptie/runs/dota_lora_replay/stage3-lora-replay/replay/buffer.pt

      Epoch    GPU_mem   box_loss   cls_loss   dfl_lossreplay_loss  Instances       Size
                   all        186      15849      0.237      0.138       0.12     0.0539
Saved 4221 replay embeddings to /home/ddwilde/scriptie/runs/dota_lora_replay/stage3-lora-replay/replay/buffer.pt

      Epoch    GPU_mem   box_loss   cls_loss   dfl_lossreplay_loss  Instances       Size
                   all        186      15849      0.476      0.128      0.127     0.0578
Saved 4223 replay embeddings to /home/ddwilde/scriptie/runs/dota_lora_replay/stage3-lora-replay/replay/buffer.pt

      Epoch    GPU_mem   box_loss   cls_loss   dfl_lossreplay_loss  Instances       Size
                   all        186      15849      0.409      0.161      0.121     0.0545
Saved 4224 replay embeddings to /home/ddwilde/scriptie/runs/dota_lora_replay/stage3-lora-replay/replay/buffer.pt

      Epoch    GPU_mem   box_loss   cls_loss   dfl_lossreplay_loss  Instances       Size
                   all        186      15849      0.429      0.162      0.122     0.0548
Saved 4224 replay embeddings to /home/ddwilde/scriptie/runs/dota_lora_replay/stage3-lora-replay/replay/buffer.pt

      Epoch    GPU_mem   box_loss   cls_loss   dfl_lossreplay_loss  Instances       Size
                   all        186      15849       0.46      0.154      0.128     0.0581
Saved 4224 replay embeddings to /home/ddwilde/scriptie/runs/dota_lora_replay/stage3-lora-replay/replay/buffer.pt

      Epoch    GPU_mem   box_loss   cls_loss   dfl_lossreplay_loss  Instances       Size
                   all        186      15849      0.465      0.146      0.125     0.0562
Saved 4224 replay embeddings to /home/ddwilde/scriptie/runs/dota_lora_replay/stage3-lora-replay/replay/buffer.pt

      Epoch    GPU_mem   box_loss   cls_loss   dfl_lossreplay_loss  Instances       Size
                   all        186      15849      0.462      0.145      0.128      0.058
Saved 4224 replay embeddings to /home/ddwilde/scriptie/runs/dota_lora_replay/stage3-lora-replay/replay/buffer.pt

      Epoch    GPU_mem   box_loss   cls_loss   dfl_lossreplay_loss  Instances       Size
                   all        186      15849      0.464      0.149      0.128     0.0582
Saved 4224 replay embeddings to /home/ddwilde/scriptie/runs/dota_lora_replay/stage3-lora-replay/replay/buffer.pt

      Epoch    GPU_mem   box_loss   cls_loss   dfl_lossreplay_loss  Instances       Size
                   all        186      15849      0.474      0.146      0.127     0.0576
Saved 4224 replay embeddings to /home/ddwilde/scriptie/runs/dota_lora_replay/stage3-lora-replay/replay/buffer.pt

      Epoch    GPU_mem   box_loss   cls_loss   dfl_lossreplay_loss  Instances       Size
                   all        186      15849      0.469      0.151      0.132     0.0604
Saved 4224 replay embeddings to /home/ddwilde/scriptie/runs/dota_lora_replay/stage3-lora-replay/replay/buffer.pt

      Epoch    GPU_mem   box_loss   cls_loss   dfl_lossreplay_loss  Instances       Size
                   all        186      15849       0.47      0.146      0.133     0.0618
Saved 4224 replay embeddings to /home/ddwilde/scriptie/runs/dota_lora_replay/stage3-lora-replay/replay/buffer.pt

      Epoch    GPU_mem   box_loss   cls_loss   dfl_lossreplay_loss  Instances       Size
                   all        186      15849      0.462      0.151      0.128     0.0584
Saved 4224 replay embeddings to /home/ddwilde/scriptie/runs/dota_lora_replay/stage3-lora-replay/replay/buffer.pt

      Epoch    GPU_mem   box_loss   cls_loss   dfl_lossreplay_loss  Instances       Size
                   all        186      15849      0.459      0.146      0.127     0.0577
Saved 4224 replay embeddings to /home/ddwilde/scriptie/runs/dota_lora_replay/stage3-lora-replay/replay/buffer.pt
Closing dataloader mosaic

      Epoch    GPU_mem   box_loss   cls_loss   dfl_lossreplay_loss  Instances       Size
                   all        186      15849      0.425      0.166      0.127     0.0566
Saved 4224 replay embeddings to /home/ddwilde/scriptie/runs/dota_lora_replay/stage3-lora-replay/replay/buffer.pt

      Epoch    GPU_mem   box_loss   cls_loss   dfl_lossreplay_loss  Instances       Size
                   all        186      15849      0.443      0.161      0.132     0.0599
Saved 4224 replay embeddings to /home/ddwilde/scriptie/runs/dota_lora_replay/stage3-lora-replay/replay/buffer.pt

      Epoch    GPU_mem   box_loss   cls_loss   dfl_lossreplay_loss  Instances       Size
                   all        186      15849      0.451      0.167      0.133     0.0599
Saved 4224 replay embeddings to /home/ddwilde/scriptie/runs/dota_lora_replay/stage3-lora-replay/replay/buffer.pt

      Epoch    GPU_mem   box_loss   cls_loss   dfl_lossreplay_loss  Instances       Size
                   all        186      15849       0.45      0.169      0.133     0.0594
Saved 4224 replay embeddings to /home/ddwilde/scriptie/runs/dota_lora_replay/stage3-lora-replay/replay/buffer.pt

      Epoch    GPU_mem   box_loss   cls_loss   dfl_lossreplay_loss  Instances       Size
                   all        186      15849      0.445      0.166      0.135     0.0605
Saved 4224 replay embeddings to /home/ddwilde/scriptie/runs/dota_lora_replay/stage3-lora-replay/replay/buffer.pt

      Epoch    GPU_mem   box_loss   cls_loss   dfl_lossreplay_loss  Instances       Size
                   all        186      15849      0.455      0.158      0.135     0.0613
Saved 4224 replay embeddings to /home/ddwilde/scriptie/runs/dota_lora_replay/stage3-lora-replay/replay/buffer.pt

      Epoch    GPU_mem   box_loss   cls_loss   dfl_lossreplay_loss  Instances       Size
                   all        186      15849      0.448      0.159      0.133     0.0604
Saved 4224 replay embeddings to /home/ddwilde/scriptie/runs/dota_lora_replay/stage3-lora-replay/replay/buffer.pt

      Epoch    GPU_mem   box_loss   cls_loss   dfl_lossreplay_loss  Instances       Size
                   all        186      15849      0.459      0.156      0.135     0.0608
Saved 4224 replay embeddings to /home/ddwilde/scriptie/runs/dota_lora_replay/stage3-lora-replay/replay/buffer.pt

      Epoch    GPU_mem   box_loss   cls_loss   dfl_lossreplay_loss  Instances       Size
                   all        186      15849      0.467      0.148      0.135      0.061
Saved 4224 replay embeddings to /home/ddwilde/scriptie/runs/dota_lora_replay/stage3-lora-replay/replay/buffer.pt

      Epoch    GPU_mem   box_loss   cls_loss   dfl_lossreplay_loss  Instances       Size
                   all        186      15849      0.472      0.147      0.136     0.0616
Saved 4224 replay embeddings to /home/ddwilde/scriptie/runs/dota_lora_replay/stage3-lora-replay/replay/buffer.pt

50 epochs completed in 0.658 hours.
Optimizer stripped from /home/ddwilde/scriptie/runs/dota_lora_replay/stage3-lora-replay/weights/last.pt, 19.3MB
Optimizer stripped from /home/ddwilde/scriptie/runs/dota_lora_replay/stage3-lora-replay/weights/best.pt, 19.3MB

Validating /home/ddwilde/scriptie/runs/dota_lora_replay/stage3-lora-replay/weights/best.pt...
EDNet 1.0 ✅ Python-3.10.4 ✅ torch-2.8.0+cu128 ✅CUDA:0 (NVIDIA A100-SXM4-40GB, 40441MiB)
Skipping layer fusion for LoRA-enabled model during weight loading.
                   all        186      15849      0.472      0.147      0.136     0.0616
         small-vehicle         89       5547      0.357     0.0889      0.162     0.0782
         large-vehicle         73       2810       0.36      0.325      0.272      0.141
                 plane         45       1720       0.43      0.043     0.0916     0.0384
            helicopter          5         32          1          0          0          0
                  ship         65       5740      0.215      0.279      0.154     0.0508
Speed: 0.3ms preprocess, 5.4ms inference, 0.0ms loss, 0.1ms postprocess per image
Results saved to [1m/home/ddwilde/scriptie/runs/dota_lora_replay/stage3-lora-replay[0m
Training finished. Results saved in: /home/ddwilde/scriptie/runs/dota_lora_replay/stage3-lora-replay
