EDNet 1.0 ✅ Python-3.10.4 ✅ torch-2.8.0+cu128 ✅CUDA:0 (NVIDIA A100-SXM4-40GB, 40441MiB)
[34m[1mengine/trainer: [0mtask=detect, mode=train, model=/home/ddwilde/scriptie/pretrained/small.pt, data=/home/ddwilde/scriptie/yaml/DOTA-stage1.yaml, epochs=5, time=None, patience=100, batch=8, imgsz=640, save=True, save_period=-1, cache=False, device=None, workers=8, project=/home/ddwilde/scriptie/runs/dota_saab, name=stage1-saab5, exist_ok=False, pretrained=True, optimizer=auto, verbose=True, seed=0, deterministic=True, single_cls=False, rect=False, cos_lr=False, close_mosaic=10, resume=False, amp=True, fraction=1.0, profile=False, freeze=None, multi_scale=False, lora={'enable': True, 'freeze_backbone': True}, continual={'enable': False, 'batches': [], 'adapter_strategy': 'last', 'save_history': True}, replay={'enable': True, 'buffer_per_class': 128, 'sample_per_batch': 32, 'loss_weight': 1.0, 'tiny_max_pixels': 320}, overlap_mask=True, mask_ratio=4, dropout=0.0, val=True, split=val, save_json=False, save_hybrid=False, conf=None, iou=0.7, max_det=300, half=False, dnn=False, plots=True, source=None, vid_stride=1, stream_buffer=False, visualize=False, augment=False, agnostic_nms=False, classes=None, retina_masks=False, embed=None, show=False, save_frames=False, save_txt=False, save_conf=False, save_crop=False, show_labels=True, show_conf=True, show_boxes=True, line_width=None, format=torchscript, keras=False, optimize=False, int8=False, dynamic=False, simplify=False, opset=None, workspace=4, nms=False, lr0=0.01, lrf=0.01, momentum=0.937, weight_decay=0.0005, warmup_epochs=3.0, warmup_momentum=0.8, warmup_bias_lr=0.1, box=7.5, cls=0.5, dfl=1.5, pose=12.0, kobj=1.0, label_smoothing=0.0, nbs=64, hsv_h=0.015, hsv_s=0.7, hsv_v=0.4, degrees=0.0, translate=0.1, scale=0.5, shear=0.0, perspective=0.0, flipud=0.0, fliplr=0.5, bgr=0.0, mosaic=1.0, mixup=0.0, copy_paste=0.0, auto_augment=randaugment, erasing=0.4, crop_fraction=1.0, cfg=None, tracker=botsort.yaml, save_dir=/home/ddwilde/scriptie/runs/dota_saab/stage1-saab5
Overriding model.yaml nc=10 with nc=15

                   from  n    params  module                                       arguments                     
  0                  -1  1       928  ednet.nn.modules.conv.Conv                   [3, 32, 3, 2]                 
  1                  -1  1     18560  ednet.nn.modules.conv.Conv                   [32, 64, 3, 2]                
  2                  -1  1     29056  ednet.nn.modules.block.C2f                   [64, 64, 1, True]             
  3                  -1  1     73984  ednet.nn.modules.conv.Conv                   [64, 128, 3, 2]               
  4                  -1  2    197632  ednet.nn.modules.block.C2f                   [128, 128, 2, True]           
  5                  -1  1    295424  ednet.nn.modules.conv.Conv                   [128, 256, 3, 2]              
  6                  -1  2    420864  ednet.nn.modules.block.C2f_FCA               [256, 256, 2, True]           
  7                  -1  1   1180672  ednet.nn.modules.conv.Conv                   [256, 512, 3, 2]              
  8                  -1  1   1095680  ednet.nn.modules.block.C2f_FCA               [512, 512, 1, True]           
  9                  -1  1    656896  ednet.nn.modules.block.SPPF                  [512, 512, 5]                 
 10                  -1  1    990976  ednet.nn.modules.block.PSA                   [512, 512]                    
 11                  -1  1         0  torch.nn.modules.upsampling.Upsample         [None, 2, 'nearest']          
 12             [-1, 6]  1         0  ednet.nn.modules.conv.Concat                 [1]                           
 13                  -1  1    591360  ednet.nn.modules.block.C2f                   [768, 256, 1]                 
 14                  -1  1         0  torch.nn.modules.upsampling.Upsample         [None, 2, 'nearest']          
 15             [-1, 4]  1         0  ednet.nn.modules.conv.Concat                 [1]                           
 16                  -1  1    148224  ednet.nn.modules.block.C2f                   [384, 128, 1]                 
 17                  -1  1         0  torch.nn.modules.upsampling.Upsample         [None, 2, 'nearest']          
 18             [-1, 2]  1         0  ednet.nn.modules.conv.Concat                 [1]                           
 19                  -1  1     37248  ednet.nn.modules.block.C2f                   [192, 64, 1]                  
 20                  -1  1     36992  ednet.nn.modules.conv.Conv                   [64, 64, 3, 2]                
 21            [-1, 16]  1         0  ednet.nn.modules.conv.Concat                 [1]                           
 22                  -1  1    123648  ednet.nn.modules.block.C2f                   [192, 128, 1]                 
 23                  -1  1    147712  ednet.nn.modules.conv.Conv                   [128, 128, 3, 2]              
 24            [-1, 13]  1         0  ednet.nn.modules.conv.Concat                 [1]                           
 25                  -1  1    493056  ednet.nn.modules.block.C2f                   [384, 256, 1]                 
 26                  -1  1     68864  ednet.nn.modules.block.SCDown                [256, 256, 3, 2]              
 27             [-1, 9]  1         0  ednet.nn.modules.conv.Concat                 [1]                           
 28                  -1  1   1089536  ednet.nn.modules.block.C2fCIB                [768, 512, 1, True, True]     
 29    [19, 22, 25, 28]  1   1628424  ednet.nn.modules.head.v10Detect              [15, [64, 128, 256, 512]]     
ednet-s summary: 510 layers, 9,325,736 parameters, 9,325,720 gradients

Transferred 737/753 items from pretrained weights
LoRA enabled: 28 adapters (rank=8, alpha=16.0, freeze_backbone=True)
Replay feature tapper initialization skipped; detection head mapping unavailable.
[34m[1mTensorBoard: [0mStart with 'tensorboard --logdir /home/ddwilde/scriptie/runs/dota_saab/stage1-saab5', view at http://localhost:6006/
WARNING ⚠️ setting 'requires_grad=True' for frozen layer 'model.0.conv.weight'. See ednet.engine.trainer for customization of frozen layers.
WARNING ⚠️ setting 'requires_grad=True' for frozen layer 'model.0.bn.weight'. See ednet.engine.trainer for customization of frozen layers.
WARNING ⚠️ setting 'requires_grad=True' for frozen layer 'model.0.bn.bias'. See ednet.engine.trainer for customization of frozen layers.
WARNING ⚠️ setting 'requires_grad=True' for frozen layer 'model.1.conv.weight'. See ednet.engine.trainer for customization of frozen layers.
WARNING ⚠️ setting 'requires_grad=True' for frozen layer 'model.1.bn.weight'. See ednet.engine.trainer for customization of frozen layers.
WARNING ⚠️ setting 'requires_grad=True' for frozen layer 'model.1.bn.bias'. See ednet.engine.trainer for customization of frozen layers.
WARNING ⚠️ setting 'requires_grad=True' for frozen layer 'model.2.cv1.conv.weight'. See ednet.engine.trainer for customization of frozen layers.
WARNING ⚠️ setting 'requires_grad=True' for frozen layer 'model.2.cv1.bn.weight'. See ednet.engine.trainer for customization of frozen layers.
WARNING ⚠️ setting 'requires_grad=True' for frozen layer 'model.2.cv1.bn.bias'. See ednet.engine.trainer for customization of frozen layers.
WARNING ⚠️ setting 'requires_grad=True' for frozen layer 'model.2.cv2.conv.weight'. See ednet.engine.trainer for customization of frozen layers.
WARNING ⚠️ setting 'requires_grad=True' for frozen layer 'model.2.cv2.bn.weight'. See ednet.engine.trainer for customization of frozen layers.
WARNING ⚠️ setting 'requires_grad=True' for frozen layer 'model.2.cv2.bn.bias'. See ednet.engine.trainer for customization of frozen layers.
WARNING ⚠️ setting 'requires_grad=True' for frozen layer 'model.2.m.0.cv1.conv.weight'. See ednet.engine.trainer for customization of frozen layers.
WARNING ⚠️ setting 'requires_grad=True' for frozen layer 'model.2.m.0.cv1.bn.weight'. See ednet.engine.trainer for customization of frozen layers.
WARNING ⚠️ setting 'requires_grad=True' for frozen layer 'model.2.m.0.cv1.bn.bias'. See ednet.engine.trainer for customization of frozen layers.
WARNING ⚠️ setting 'requires_grad=True' for frozen layer 'model.2.m.0.cv2.conv.weight'. See ednet.engine.trainer for customization of frozen layers.
WARNING ⚠️ setting 'requires_grad=True' for frozen layer 'model.2.m.0.cv2.bn.weight'. See ednet.engine.trainer for customization of frozen layers.
WARNING ⚠️ setting 'requires_grad=True' for frozen layer 'model.2.m.0.cv2.bn.bias'. See ednet.engine.trainer for customization of frozen layers.
WARNING ⚠️ setting 'requires_grad=True' for frozen layer 'model.3.conv.weight'. See ednet.engine.trainer for customization of frozen layers.
WARNING ⚠️ setting 'requires_grad=True' for frozen layer 'model.3.bn.weight'. See ednet.engine.trainer for customization of frozen layers.
WARNING ⚠️ setting 'requires_grad=True' for frozen layer 'model.3.bn.bias'. See ednet.engine.trainer for customization of frozen layers.
WARNING ⚠️ setting 'requires_grad=True' for frozen layer 'model.4.cv1.conv.weight'. See ednet.engine.trainer for customization of frozen layers.
WARNING ⚠️ setting 'requires_grad=True' for frozen layer 'model.4.cv1.bn.weight'. See ednet.engine.trainer for customization of frozen layers.
WARNING ⚠️ setting 'requires_grad=True' for frozen layer 'model.4.cv1.bn.bias'. See ednet.engine.trainer for customization of frozen layers.
WARNING ⚠️ setting 'requires_grad=True' for frozen layer 'model.4.cv2.conv.weight'. See ednet.engine.trainer for customization of frozen layers.
WARNING ⚠️ setting 'requires_grad=True' for frozen layer 'model.4.cv2.bn.weight'. See ednet.engine.trainer for customization of frozen layers.
WARNING ⚠️ setting 'requires_grad=True' for frozen layer 'model.4.cv2.bn.bias'. See ednet.engine.trainer for customization of frozen layers.
WARNING ⚠️ setting 'requires_grad=True' for frozen layer 'model.4.m.0.cv1.conv.weight'. See ednet.engine.trainer for customization of frozen layers.
WARNING ⚠️ setting 'requires_grad=True' for frozen layer 'model.4.m.0.cv1.bn.weight'. See ednet.engine.trainer for customization of frozen layers.
WARNING ⚠️ setting 'requires_grad=True' for frozen layer 'model.4.m.0.cv1.bn.bias'. See ednet.engine.trainer for customization of frozen layers.
WARNING ⚠️ setting 'requires_grad=True' for frozen layer 'model.4.m.0.cv2.conv.weight'. See ednet.engine.trainer for customization of frozen layers.
WARNING ⚠️ setting 'requires_grad=True' for frozen layer 'model.4.m.0.cv2.bn.weight'. See ednet.engine.trainer for customization of frozen layers.
WARNING ⚠️ setting 'requires_grad=True' for frozen layer 'model.4.m.0.cv2.bn.bias'. See ednet.engine.trainer for customization of frozen layers.
WARNING ⚠️ setting 'requires_grad=True' for frozen layer 'model.4.m.1.cv1.conv.weight'. See ednet.engine.trainer for customization of frozen layers.
WARNING ⚠️ setting 'requires_grad=True' for frozen layer 'model.4.m.1.cv1.bn.weight'. See ednet.engine.trainer for customization of frozen layers.
WARNING ⚠️ setting 'requires_grad=True' for frozen layer 'model.4.m.1.cv1.bn.bias'. See ednet.engine.trainer for customization of frozen layers.
WARNING ⚠️ setting 'requires_grad=True' for frozen layer 'model.4.m.1.cv2.conv.weight'. See ednet.engine.trainer for customization of frozen layers.
WARNING ⚠️ setting 'requires_grad=True' for frozen layer 'model.4.m.1.cv2.bn.weight'. See ednet.engine.trainer for customization of frozen layers.
WARNING ⚠️ setting 'requires_grad=True' for frozen layer 'model.4.m.1.cv2.bn.bias'. See ednet.engine.trainer for customization of frozen layers.
WARNING ⚠️ setting 'requires_grad=True' for frozen layer 'model.5.conv.weight'. See ednet.engine.trainer for customization of frozen layers.
WARNING ⚠️ setting 'requires_grad=True' for frozen layer 'model.5.bn.weight'. See ednet.engine.trainer for customization of frozen layers.
WARNING ⚠️ setting 'requires_grad=True' for frozen layer 'model.5.bn.bias'. See ednet.engine.trainer for customization of frozen layers.
WARNING ⚠️ setting 'requires_grad=True' for frozen layer 'model.6.cv1.conv.weight'. See ednet.engine.trainer for customization of frozen layers.
WARNING ⚠️ setting 'requires_grad=True' for frozen layer 'model.6.cv1.bn.weight'. See ednet.engine.trainer for customization of frozen layers.
WARNING ⚠️ setting 'requires_grad=True' for frozen layer 'model.6.cv1.bn.bias'. See ednet.engine.trainer for customization of frozen layers.
WARNING ⚠️ setting 'requires_grad=True' for frozen layer 'model.6.cv2.conv.weight'. See ednet.engine.trainer for customization of frozen layers.
WARNING ⚠️ setting 'requires_grad=True' for frozen layer 'model.6.cv2.bn.weight'. See ednet.engine.trainer for customization of frozen layers.
WARNING ⚠️ setting 'requires_grad=True' for frozen layer 'model.6.cv2.bn.bias'. See ednet.engine.trainer for customization of frozen layers.
WARNING ⚠️ setting 'requires_grad=True' for frozen layer 'model.6.m.0.mlp.0.conv.weight'. See ednet.engine.trainer for customization of frozen layers.
WARNING ⚠️ setting 'requires_grad=True' for frozen layer 'model.6.m.0.mlp.0.bn.weight'. See ednet.engine.trainer for customization of frozen layers.
WARNING ⚠️ setting 'requires_grad=True' for frozen layer 'model.6.m.0.mlp.0.bn.bias'. See ednet.engine.trainer for customization of frozen layers.
WARNING ⚠️ setting 'requires_grad=True' for frozen layer 'model.6.m.0.mlp.1.weight'. See ednet.engine.trainer for customization of frozen layers.
WARNING ⚠️ setting 'requires_grad=True' for frozen layer 'model.6.m.0.spatial_mixing.PConv3.weight'. See ednet.engine.trainer for customization of frozen layers.
WARNING ⚠️ setting 'requires_grad=True' for frozen layer 'model.6.m.0.attention.conv1.conv.weight'. See ednet.engine.trainer for customization of frozen layers.
WARNING ⚠️ setting 'requires_grad=True' for frozen layer 'model.6.m.0.attention.conv1.bn.weight'. See ednet.engine.trainer for customization of frozen layers.
WARNING ⚠️ setting 'requires_grad=True' for frozen layer 'model.6.m.0.attention.conv1.bn.bias'. See ednet.engine.trainer for customization of frozen layers.
WARNING ⚠️ setting 'requires_grad=True' for frozen layer 'model.6.m.0.attention.h_conv.conv.weight'. See ednet.engine.trainer for customization of frozen layers.
WARNING ⚠️ setting 'requires_grad=True' for frozen layer 'model.6.m.0.attention.h_conv.conv.bias'. See ednet.engine.trainer for customization of frozen layers.
WARNING ⚠️ setting 'requires_grad=True' for frozen layer 'model.6.m.0.attention.v_conv.conv.weight'. See ednet.engine.trainer for customization of frozen layers.
WARNING ⚠️ setting 'requires_grad=True' for frozen layer 'model.6.m.0.attention.v_conv.conv.bias'. See ednet.engine.trainer for customization of frozen layers.
WARNING ⚠️ setting 'requires_grad=True' for frozen layer 'model.6.m.0.attention.conv2.conv.weight'. See ednet.engine.trainer for customization of frozen layers.
WARNING ⚠️ setting 'requires_grad=True' for frozen layer 'model.6.m.0.attention.conv2.bn.weight'. See ednet.engine.trainer for customization of frozen layers.
WARNING ⚠️ setting 'requires_grad=True' for frozen layer 'model.6.m.0.attention.conv2.bn.bias'. See ednet.engine.trainer for customization of frozen layers.
WARNING ⚠️ setting 'requires_grad=True' for frozen layer 'model.6.m.1.mlp.0.conv.weight'. See ednet.engine.trainer for customization of frozen layers.
WARNING ⚠️ setting 'requires_grad=True' for frozen layer 'model.6.m.1.mlp.0.bn.weight'. See ednet.engine.trainer for customization of frozen layers.
WARNING ⚠️ setting 'requires_grad=True' for frozen layer 'model.6.m.1.mlp.0.bn.bias'. See ednet.engine.trainer for customization of frozen layers.
WARNING ⚠️ setting 'requires_grad=True' for frozen layer 'model.6.m.1.mlp.1.weight'. See ednet.engine.trainer for customization of frozen layers.
WARNING ⚠️ setting 'requires_grad=True' for frozen layer 'model.6.m.1.spatial_mixing.PConv3.weight'. See ednet.engine.trainer for customization of frozen layers.
WARNING ⚠️ setting 'requires_grad=True' for frozen layer 'model.6.m.1.attention.conv1.conv.weight'. See ednet.engine.trainer for customization of frozen layers.
WARNING ⚠️ setting 'requires_grad=True' for frozen layer 'model.6.m.1.attention.conv1.bn.weight'. See ednet.engine.trainer for customization of frozen layers.
WARNING ⚠️ setting 'requires_grad=True' for frozen layer 'model.6.m.1.attention.conv1.bn.bias'. See ednet.engine.trainer for customization of frozen layers.
WARNING ⚠️ setting 'requires_grad=True' for frozen layer 'model.6.m.1.attention.h_conv.conv.weight'. See ednet.engine.trainer for customization of frozen layers.
WARNING ⚠️ setting 'requires_grad=True' for frozen layer 'model.6.m.1.attention.h_conv.conv.bias'. See ednet.engine.trainer for customization of frozen layers.
WARNING ⚠️ setting 'requires_grad=True' for frozen layer 'model.6.m.1.attention.v_conv.conv.weight'. See ednet.engine.trainer for customization of frozen layers.
WARNING ⚠️ setting 'requires_grad=True' for frozen layer 'model.6.m.1.attention.v_conv.conv.bias'. See ednet.engine.trainer for customization of frozen layers.
WARNING ⚠️ setting 'requires_grad=True' for frozen layer 'model.6.m.1.attention.conv2.conv.weight'. See ednet.engine.trainer for customization of frozen layers.
WARNING ⚠️ setting 'requires_grad=True' for frozen layer 'model.6.m.1.attention.conv2.bn.weight'. See ednet.engine.trainer for customization of frozen layers.
WARNING ⚠️ setting 'requires_grad=True' for frozen layer 'model.6.m.1.attention.conv2.bn.bias'. See ednet.engine.trainer for customization of frozen layers.
WARNING ⚠️ setting 'requires_grad=True' for frozen layer 'model.7.conv.weight'. See ednet.engine.trainer for customization of frozen layers.
WARNING ⚠️ setting 'requires_grad=True' for frozen layer 'model.7.bn.weight'. See ednet.engine.trainer for customization of frozen layers.
WARNING ⚠️ setting 'requires_grad=True' for frozen layer 'model.7.bn.bias'. See ednet.engine.trainer for customization of frozen layers.
WARNING ⚠️ setting 'requires_grad=True' for frozen layer 'model.8.cv1.conv.weight'. See ednet.engine.trainer for customization of frozen layers.
WARNING ⚠️ setting 'requires_grad=True' for frozen layer 'model.8.cv1.bn.weight'. See ednet.engine.trainer for customization of frozen layers.
WARNING ⚠️ setting 'requires_grad=True' for frozen layer 'model.8.cv1.bn.bias'. See ednet.engine.trainer for customization of frozen layers.
WARNING ⚠️ setting 'requires_grad=True' for frozen layer 'model.8.cv2.conv.weight'. See ednet.engine.trainer for customization of frozen layers.
WARNING ⚠️ setting 'requires_grad=True' for frozen layer 'model.8.cv2.bn.weight'. See ednet.engine.trainer for customization of frozen layers.
WARNING ⚠️ setting 'requires_grad=True' for frozen layer 'model.8.cv2.bn.bias'. See ednet.engine.trainer for customization of frozen layers.
WARNING ⚠️ setting 'requires_grad=True' for frozen layer 'model.8.m.0.mlp.0.conv.weight'. See ednet.engine.trainer for customization of frozen layers.
WARNING ⚠️ setting 'requires_grad=True' for frozen layer 'model.8.m.0.mlp.0.bn.weight'. See ednet.engine.trainer for customization of frozen layers.
WARNING ⚠️ setting 'requires_grad=True' for frozen layer 'model.8.m.0.mlp.0.bn.bias'. See ednet.engine.trainer for customization of frozen layers.
WARNING ⚠️ setting 'requires_grad=True' for frozen layer 'model.8.m.0.mlp.1.weight'. See ednet.engine.trainer for customization of frozen layers.
WARNING ⚠️ setting 'requires_grad=True' for frozen layer 'model.8.m.0.spatial_mixing.PConv3.weight'. See ednet.engine.trainer for customization of frozen layers.
WARNING ⚠️ setting 'requires_grad=True' for frozen layer 'model.8.m.0.attention.conv1.conv.weight'. See ednet.engine.trainer for customization of frozen layers.
WARNING ⚠️ setting 'requires_grad=True' for frozen layer 'model.8.m.0.attention.conv1.bn.weight'. See ednet.engine.trainer for customization of frozen layers.
WARNING ⚠️ setting 'requires_grad=True' for frozen layer 'model.8.m.0.attention.conv1.bn.bias'. See ednet.engine.trainer for customization of frozen layers.
WARNING ⚠️ setting 'requires_grad=True' for frozen layer 'model.8.m.0.attention.h_conv.conv.weight'. See ednet.engine.trainer for customization of frozen layers.
WARNING ⚠️ setting 'requires_grad=True' for frozen layer 'model.8.m.0.attention.h_conv.conv.bias'. See ednet.engine.trainer for customization of frozen layers.
WARNING ⚠️ setting 'requires_grad=True' for frozen layer 'model.8.m.0.attention.v_conv.conv.weight'. See ednet.engine.trainer for customization of frozen layers.
WARNING ⚠️ setting 'requires_grad=True' for frozen layer 'model.8.m.0.attention.v_conv.conv.bias'. See ednet.engine.trainer for customization of frozen layers.
WARNING ⚠️ setting 'requires_grad=True' for frozen layer 'model.8.m.0.attention.conv2.conv.weight'. See ednet.engine.trainer for customization of frozen layers.
WARNING ⚠️ setting 'requires_grad=True' for frozen layer 'model.8.m.0.attention.conv2.bn.weight'. See ednet.engine.trainer for customization of frozen layers.
WARNING ⚠️ setting 'requires_grad=True' for frozen layer 'model.8.m.0.attention.conv2.bn.bias'. See ednet.engine.trainer for customization of frozen layers.
WARNING ⚠️ setting 'requires_grad=True' for frozen layer 'model.9.cv1.conv.weight'. See ednet.engine.trainer for customization of frozen layers.
WARNING ⚠️ setting 'requires_grad=True' for frozen layer 'model.9.cv1.bn.weight'. See ednet.engine.trainer for customization of frozen layers.
WARNING ⚠️ setting 'requires_grad=True' for frozen layer 'model.9.cv1.bn.bias'. See ednet.engine.trainer for customization of frozen layers.
WARNING ⚠️ setting 'requires_grad=True' for frozen layer 'model.9.cv2.conv.weight'. See ednet.engine.trainer for customization of frozen layers.
WARNING ⚠️ setting 'requires_grad=True' for frozen layer 'model.9.cv2.bn.weight'. See ednet.engine.trainer for customization of frozen layers.
WARNING ⚠️ setting 'requires_grad=True' for frozen layer 'model.9.cv2.bn.bias'. See ednet.engine.trainer for customization of frozen layers.
WARNING ⚠️ setting 'requires_grad=True' for frozen layer 'model.10.cv1.conv.weight'. See ednet.engine.trainer for customization of frozen layers.
WARNING ⚠️ setting 'requires_grad=True' for frozen layer 'model.10.cv1.bn.weight'. See ednet.engine.trainer for customization of frozen layers.
WARNING ⚠️ setting 'requires_grad=True' for frozen layer 'model.10.cv1.bn.bias'. See ednet.engine.trainer for customization of frozen layers.
WARNING ⚠️ setting 'requires_grad=True' for frozen layer 'model.10.cv2.conv.weight'. See ednet.engine.trainer for customization of frozen layers.
WARNING ⚠️ setting 'requires_grad=True' for frozen layer 'model.10.cv2.bn.weight'. See ednet.engine.trainer for customization of frozen layers.
WARNING ⚠️ setting 'requires_grad=True' for frozen layer 'model.10.cv2.bn.bias'. See ednet.engine.trainer for customization of frozen layers.
WARNING ⚠️ setting 'requires_grad=True' for frozen layer 'model.10.attn.qkv.conv.weight'. See ednet.engine.trainer for customization of frozen layers.
WARNING ⚠️ setting 'requires_grad=True' for frozen layer 'model.10.attn.qkv.bn.weight'. See ednet.engine.trainer for customization of frozen layers.
WARNING ⚠️ setting 'requires_grad=True' for frozen layer 'model.10.attn.qkv.bn.bias'. See ednet.engine.trainer for customization of frozen layers.
WARNING ⚠️ setting 'requires_grad=True' for frozen layer 'model.10.attn.proj.conv.weight'. See ednet.engine.trainer for customization of frozen layers.
WARNING ⚠️ setting 'requires_grad=True' for frozen layer 'model.10.attn.proj.bn.weight'. See ednet.engine.trainer for customization of frozen layers.
WARNING ⚠️ setting 'requires_grad=True' for frozen layer 'model.10.attn.proj.bn.bias'. See ednet.engine.trainer for customization of frozen layers.
WARNING ⚠️ setting 'requires_grad=True' for frozen layer 'model.10.attn.pe.conv.weight'. See ednet.engine.trainer for customization of frozen layers.
WARNING ⚠️ setting 'requires_grad=True' for frozen layer 'model.10.attn.pe.bn.weight'. See ednet.engine.trainer for customization of frozen layers.
WARNING ⚠️ setting 'requires_grad=True' for frozen layer 'model.10.attn.pe.bn.bias'. See ednet.engine.trainer for customization of frozen layers.
WARNING ⚠️ setting 'requires_grad=True' for frozen layer 'model.10.ffn.0.conv.weight'. See ednet.engine.trainer for customization of frozen layers.
WARNING ⚠️ setting 'requires_grad=True' for frozen layer 'model.10.ffn.0.bn.weight'. See ednet.engine.trainer for customization of frozen layers.
WARNING ⚠️ setting 'requires_grad=True' for frozen layer 'model.10.ffn.0.bn.bias'. See ednet.engine.trainer for customization of frozen layers.
WARNING ⚠️ setting 'requires_grad=True' for frozen layer 'model.10.ffn.1.conv.weight'. See ednet.engine.trainer for customization of frozen layers.
WARNING ⚠️ setting 'requires_grad=True' for frozen layer 'model.10.ffn.1.bn.weight'. See ednet.engine.trainer for customization of frozen layers.
WARNING ⚠️ setting 'requires_grad=True' for frozen layer 'model.10.ffn.1.bn.bias'. See ednet.engine.trainer for customization of frozen layers.
WARNING ⚠️ setting 'requires_grad=True' for frozen layer 'model.13.cv1.conv.weight'. See ednet.engine.trainer for customization of frozen layers.
WARNING ⚠️ setting 'requires_grad=True' for frozen layer 'model.13.cv1.bn.weight'. See ednet.engine.trainer for customization of frozen layers.
WARNING ⚠️ setting 'requires_grad=True' for frozen layer 'model.13.cv1.bn.bias'. See ednet.engine.trainer for customization of frozen layers.
WARNING ⚠️ setting 'requires_grad=True' for frozen layer 'model.13.cv2.conv.weight'. See ednet.engine.trainer for customization of frozen layers.
WARNING ⚠️ setting 'requires_grad=True' for frozen layer 'model.13.cv2.bn.weight'. See ednet.engine.trainer for customization of frozen layers.
WARNING ⚠️ setting 'requires_grad=True' for frozen layer 'model.13.cv2.bn.bias'. See ednet.engine.trainer for customization of frozen layers.
WARNING ⚠️ setting 'requires_grad=True' for frozen layer 'model.13.m.0.cv1.conv.weight'. See ednet.engine.trainer for customization of frozen layers.
WARNING ⚠️ setting 'requires_grad=True' for frozen layer 'model.13.m.0.cv1.bn.weight'. See ednet.engine.trainer for customization of frozen layers.
WARNING ⚠️ setting 'requires_grad=True' for frozen layer 'model.13.m.0.cv1.bn.bias'. See ednet.engine.trainer for customization of frozen layers.
WARNING ⚠️ setting 'requires_grad=True' for frozen layer 'model.13.m.0.cv2.conv.weight'. See ednet.engine.trainer for customization of frozen layers.
WARNING ⚠️ setting 'requires_grad=True' for frozen layer 'model.13.m.0.cv2.bn.weight'. See ednet.engine.trainer for customization of frozen layers.
WARNING ⚠️ setting 'requires_grad=True' for frozen layer 'model.13.m.0.cv2.bn.bias'. See ednet.engine.trainer for customization of frozen layers.
WARNING ⚠️ setting 'requires_grad=True' for frozen layer 'model.16.cv1.conv.base.weight'. See ednet.engine.trainer for customization of frozen layers.
WARNING ⚠️ setting 'requires_grad=True' for frozen layer 'model.16.cv1.bn.weight'. See ednet.engine.trainer for customization of frozen layers.
WARNING ⚠️ setting 'requires_grad=True' for frozen layer 'model.16.cv1.bn.bias'. See ednet.engine.trainer for customization of frozen layers.
WARNING ⚠️ setting 'requires_grad=True' for frozen layer 'model.16.cv2.conv.base.weight'. See ednet.engine.trainer for customization of frozen layers.
WARNING ⚠️ setting 'requires_grad=True' for frozen layer 'model.16.cv2.bn.weight'. See ednet.engine.trainer for customization of frozen layers.
WARNING ⚠️ setting 'requires_grad=True' for frozen layer 'model.16.cv2.bn.bias'. See ednet.engine.trainer for customization of frozen layers.
WARNING ⚠️ setting 'requires_grad=True' for frozen layer 'model.16.m.0.cv1.conv.base.weight'. See ednet.engine.trainer for customization of frozen layers.
WARNING ⚠️ setting 'requires_grad=True' for frozen layer 'model.16.m.0.cv1.bn.weight'. See ednet.engine.trainer for customization of frozen layers.
WARNING ⚠️ setting 'requires_grad=True' for frozen layer 'model.16.m.0.cv1.bn.bias'. See ednet.engine.trainer for customization of frozen layers.
WARNING ⚠️ setting 'requires_grad=True' for frozen layer 'model.16.m.0.cv2.conv.base.weight'. See ednet.engine.trainer for customization of frozen layers.
WARNING ⚠️ setting 'requires_grad=True' for frozen layer 'model.16.m.0.cv2.bn.weight'. See ednet.engine.trainer for customization of frozen layers.
WARNING ⚠️ setting 'requires_grad=True' for frozen layer 'model.16.m.0.cv2.bn.bias'. See ednet.engine.trainer for customization of frozen layers.
WARNING ⚠️ setting 'requires_grad=True' for frozen layer 'model.19.cv1.conv.weight'. See ednet.engine.trainer for customization of frozen layers.
WARNING ⚠️ setting 'requires_grad=True' for frozen layer 'model.19.cv1.bn.weight'. See ednet.engine.trainer for customization of frozen layers.
WARNING ⚠️ setting 'requires_grad=True' for frozen layer 'model.19.cv1.bn.bias'. See ednet.engine.trainer for customization of frozen layers.
WARNING ⚠️ setting 'requires_grad=True' for frozen layer 'model.19.cv2.conv.weight'. See ednet.engine.trainer for customization of frozen layers.
WARNING ⚠️ setting 'requires_grad=True' for frozen layer 'model.19.cv2.bn.weight'. See ednet.engine.trainer for customization of frozen layers.
WARNING ⚠️ setting 'requires_grad=True' for frozen layer 'model.19.cv2.bn.bias'. See ednet.engine.trainer for customization of frozen layers.
WARNING ⚠️ setting 'requires_grad=True' for frozen layer 'model.19.m.0.cv1.conv.weight'. See ednet.engine.trainer for customization of frozen layers.
WARNING ⚠️ setting 'requires_grad=True' for frozen layer 'model.19.m.0.cv1.bn.weight'. See ednet.engine.trainer for customization of frozen layers.
WARNING ⚠️ setting 'requires_grad=True' for frozen layer 'model.19.m.0.cv1.bn.bias'. See ednet.engine.trainer for customization of frozen layers.
WARNING ⚠️ setting 'requires_grad=True' for frozen layer 'model.19.m.0.cv2.conv.weight'. See ednet.engine.trainer for customization of frozen layers.
WARNING ⚠️ setting 'requires_grad=True' for frozen layer 'model.19.m.0.cv2.bn.weight'. See ednet.engine.trainer for customization of frozen layers.
WARNING ⚠️ setting 'requires_grad=True' for frozen layer 'model.19.m.0.cv2.bn.bias'. See ednet.engine.trainer for customization of frozen layers.
WARNING ⚠️ setting 'requires_grad=True' for frozen layer 'model.20.conv.weight'. See ednet.engine.trainer for customization of frozen layers.
WARNING ⚠️ setting 'requires_grad=True' for frozen layer 'model.20.bn.weight'. See ednet.engine.trainer for customization of frozen layers.
WARNING ⚠️ setting 'requires_grad=True' for frozen layer 'model.20.bn.bias'. See ednet.engine.trainer for customization of frozen layers.
WARNING ⚠️ setting 'requires_grad=True' for frozen layer 'model.22.cv1.conv.base.weight'. See ednet.engine.trainer for customization of frozen layers.
WARNING ⚠️ setting 'requires_grad=True' for frozen layer 'model.22.cv1.bn.weight'. See ednet.engine.trainer for customization of frozen layers.
WARNING ⚠️ setting 'requires_grad=True' for frozen layer 'model.22.cv1.bn.bias'. See ednet.engine.trainer for customization of frozen layers.
WARNING ⚠️ setting 'requires_grad=True' for frozen layer 'model.22.cv2.conv.base.weight'. See ednet.engine.trainer for customization of frozen layers.
WARNING ⚠️ setting 'requires_grad=True' for frozen layer 'model.22.cv2.bn.weight'. See ednet.engine.trainer for customization of frozen layers.
WARNING ⚠️ setting 'requires_grad=True' for frozen layer 'model.22.cv2.bn.bias'. See ednet.engine.trainer for customization of frozen layers.
WARNING ⚠️ setting 'requires_grad=True' for frozen layer 'model.22.m.0.cv1.conv.base.weight'. See ednet.engine.trainer for customization of frozen layers.
WARNING ⚠️ setting 'requires_grad=True' for frozen layer 'model.22.m.0.cv1.bn.weight'. See ednet.engine.trainer for customization of frozen layers.
WARNING ⚠️ setting 'requires_grad=True' for frozen layer 'model.22.m.0.cv1.bn.bias'. See ednet.engine.trainer for customization of frozen layers.
WARNING ⚠️ setting 'requires_grad=True' for frozen layer 'model.22.m.0.cv2.conv.base.weight'. See ednet.engine.trainer for customization of frozen layers.
WARNING ⚠️ setting 'requires_grad=True' for frozen layer 'model.22.m.0.cv2.bn.weight'. See ednet.engine.trainer for customization of frozen layers.
WARNING ⚠️ setting 'requires_grad=True' for frozen layer 'model.22.m.0.cv2.bn.bias'. See ednet.engine.trainer for customization of frozen layers.
WARNING ⚠️ setting 'requires_grad=True' for frozen layer 'model.23.conv.weight'. See ednet.engine.trainer for customization of frozen layers.
WARNING ⚠️ setting 'requires_grad=True' for frozen layer 'model.23.bn.weight'. See ednet.engine.trainer for customization of frozen layers.
WARNING ⚠️ setting 'requires_grad=True' for frozen layer 'model.23.bn.bias'. See ednet.engine.trainer for customization of frozen layers.
WARNING ⚠️ setting 'requires_grad=True' for frozen layer 'model.25.cv1.conv.base.weight'. See ednet.engine.trainer for customization of frozen layers.
WARNING ⚠️ setting 'requires_grad=True' for frozen layer 'model.25.cv1.bn.weight'. See ednet.engine.trainer for customization of frozen layers.
WARNING ⚠️ setting 'requires_grad=True' for frozen layer 'model.25.cv1.bn.bias'. See ednet.engine.trainer for customization of frozen layers.
WARNING ⚠️ setting 'requires_grad=True' for frozen layer 'model.25.cv2.conv.base.weight'. See ednet.engine.trainer for customization of frozen layers.
WARNING ⚠️ setting 'requires_grad=True' for frozen layer 'model.25.cv2.bn.weight'. See ednet.engine.trainer for customization of frozen layers.
WARNING ⚠️ setting 'requires_grad=True' for frozen layer 'model.25.cv2.bn.bias'. See ednet.engine.trainer for customization of frozen layers.
WARNING ⚠️ setting 'requires_grad=True' for frozen layer 'model.25.m.0.cv1.conv.base.weight'. See ednet.engine.trainer for customization of frozen layers.
WARNING ⚠️ setting 'requires_grad=True' for frozen layer 'model.25.m.0.cv1.bn.weight'. See ednet.engine.trainer for customization of frozen layers.
WARNING ⚠️ setting 'requires_grad=True' for frozen layer 'model.25.m.0.cv1.bn.bias'. See ednet.engine.trainer for customization of frozen layers.
WARNING ⚠️ setting 'requires_grad=True' for frozen layer 'model.25.m.0.cv2.conv.base.weight'. See ednet.engine.trainer for customization of frozen layers.
WARNING ⚠️ setting 'requires_grad=True' for frozen layer 'model.25.m.0.cv2.bn.weight'. See ednet.engine.trainer for customization of frozen layers.
WARNING ⚠️ setting 'requires_grad=True' for frozen layer 'model.25.m.0.cv2.bn.bias'. See ednet.engine.trainer for customization of frozen layers.
WARNING ⚠️ setting 'requires_grad=True' for frozen layer 'model.26.cv1.conv.weight'. See ednet.engine.trainer for customization of frozen layers.
WARNING ⚠️ setting 'requires_grad=True' for frozen layer 'model.26.cv1.bn.weight'. See ednet.engine.trainer for customization of frozen layers.
WARNING ⚠️ setting 'requires_grad=True' for frozen layer 'model.26.cv1.bn.bias'. See ednet.engine.trainer for customization of frozen layers.
WARNING ⚠️ setting 'requires_grad=True' for frozen layer 'model.26.cv2.conv.weight'. See ednet.engine.trainer for customization of frozen layers.
WARNING ⚠️ setting 'requires_grad=True' for frozen layer 'model.26.cv2.bn.weight'. See ednet.engine.trainer for customization of frozen layers.
WARNING ⚠️ setting 'requires_grad=True' for frozen layer 'model.26.cv2.bn.bias'. See ednet.engine.trainer for customization of frozen layers.
WARNING ⚠️ setting 'requires_grad=True' for frozen layer 'model.28.cv1.conv.weight'. See ednet.engine.trainer for customization of frozen layers.
WARNING ⚠️ setting 'requires_grad=True' for frozen layer 'model.28.cv1.bn.weight'. See ednet.engine.trainer for customization of frozen layers.
WARNING ⚠️ setting 'requires_grad=True' for frozen layer 'model.28.cv1.bn.bias'. See ednet.engine.trainer for customization of frozen layers.
WARNING ⚠️ setting 'requires_grad=True' for frozen layer 'model.28.cv2.conv.weight'. See ednet.engine.trainer for customization of frozen layers.
WARNING ⚠️ setting 'requires_grad=True' for frozen layer 'model.28.cv2.bn.weight'. See ednet.engine.trainer for customization of frozen layers.
WARNING ⚠️ setting 'requires_grad=True' for frozen layer 'model.28.cv2.bn.bias'. See ednet.engine.trainer for customization of frozen layers.
WARNING ⚠️ setting 'requires_grad=True' for frozen layer 'model.28.m.0.cv1.0.conv.weight'. See ednet.engine.trainer for customization of frozen layers.
WARNING ⚠️ setting 'requires_grad=True' for frozen layer 'model.28.m.0.cv1.0.bn.weight'. See ednet.engine.trainer for customization of frozen layers.
WARNING ⚠️ setting 'requires_grad=True' for frozen layer 'model.28.m.0.cv1.0.bn.bias'. See ednet.engine.trainer for customization of frozen layers.
WARNING ⚠️ setting 'requires_grad=True' for frozen layer 'model.28.m.0.cv1.1.conv.weight'. See ednet.engine.trainer for customization of frozen layers.
WARNING ⚠️ setting 'requires_grad=True' for frozen layer 'model.28.m.0.cv1.1.bn.weight'. See ednet.engine.trainer for customization of frozen layers.
WARNING ⚠️ setting 'requires_grad=True' for frozen layer 'model.28.m.0.cv1.1.bn.bias'. See ednet.engine.trainer for customization of frozen layers.
WARNING ⚠️ setting 'requires_grad=True' for frozen layer 'model.28.m.0.cv1.2.conv.conv.weight'. See ednet.engine.trainer for customization of frozen layers.
WARNING ⚠️ setting 'requires_grad=True' for frozen layer 'model.28.m.0.cv1.2.conv.bn.weight'. See ednet.engine.trainer for customization of frozen layers.
WARNING ⚠️ setting 'requires_grad=True' for frozen layer 'model.28.m.0.cv1.2.conv.bn.bias'. See ednet.engine.trainer for customization of frozen layers.
WARNING ⚠️ setting 'requires_grad=True' for frozen layer 'model.28.m.0.cv1.2.conv1.conv.weight'. See ednet.engine.trainer for customization of frozen layers.
WARNING ⚠️ setting 'requires_grad=True' for frozen layer 'model.28.m.0.cv1.2.conv1.bn.weight'. See ednet.engine.trainer for customization of frozen layers.
WARNING ⚠️ setting 'requires_grad=True' for frozen layer 'model.28.m.0.cv1.2.conv1.bn.bias'. See ednet.engine.trainer for customization of frozen layers.
WARNING ⚠️ setting 'requires_grad=True' for frozen layer 'model.28.m.0.cv1.3.conv.weight'. See ednet.engine.trainer for customization of frozen layers.
WARNING ⚠️ setting 'requires_grad=True' for frozen layer 'model.28.m.0.cv1.3.bn.weight'. See ednet.engine.trainer for customization of frozen layers.
WARNING ⚠️ setting 'requires_grad=True' for frozen layer 'model.28.m.0.cv1.3.bn.bias'. See ednet.engine.trainer for customization of frozen layers.
WARNING ⚠️ setting 'requires_grad=True' for frozen layer 'model.28.m.0.cv1.4.conv.weight'. See ednet.engine.trainer for customization of frozen layers.
WARNING ⚠️ setting 'requires_grad=True' for frozen layer 'model.28.m.0.cv1.4.bn.weight'. See ednet.engine.trainer for customization of frozen layers.
WARNING ⚠️ setting 'requires_grad=True' for frozen layer 'model.28.m.0.cv1.4.bn.bias'. See ednet.engine.trainer for customization of frozen layers.
WARNING ⚠️ setting 'requires_grad=True' for frozen layer 'model.29.cv2.0.0.conv.base.weight'. See ednet.engine.trainer for customization of frozen layers.
WARNING ⚠️ setting 'requires_grad=True' for frozen layer 'model.29.cv2.0.0.bn.weight'. See ednet.engine.trainer for customization of frozen layers.
WARNING ⚠️ setting 'requires_grad=True' for frozen layer 'model.29.cv2.0.0.bn.bias'. See ednet.engine.trainer for customization of frozen layers.
WARNING ⚠️ setting 'requires_grad=True' for frozen layer 'model.29.cv2.0.1.conv.base.weight'. See ednet.engine.trainer for customization of frozen layers.
WARNING ⚠️ setting 'requires_grad=True' for frozen layer 'model.29.cv2.0.1.bn.weight'. See ednet.engine.trainer for customization of frozen layers.
WARNING ⚠️ setting 'requires_grad=True' for frozen layer 'model.29.cv2.0.1.bn.bias'. See ednet.engine.trainer for customization of frozen layers.
WARNING ⚠️ setting 'requires_grad=True' for frozen layer 'model.29.cv2.0.2.weight'. See ednet.engine.trainer for customization of frozen layers.
WARNING ⚠️ setting 'requires_grad=True' for frozen layer 'model.29.cv2.0.2.bias'. See ednet.engine.trainer for customization of frozen layers.
WARNING ⚠️ setting 'requires_grad=True' for frozen layer 'model.29.cv2.1.0.conv.base.weight'. See ednet.engine.trainer for customization of frozen layers.
WARNING ⚠️ setting 'requires_grad=True' for frozen layer 'model.29.cv2.1.0.bn.weight'. See ednet.engine.trainer for customization of frozen layers.
WARNING ⚠️ setting 'requires_grad=True' for frozen layer 'model.29.cv2.1.0.bn.bias'. See ednet.engine.trainer for customization of frozen layers.
WARNING ⚠️ setting 'requires_grad=True' for frozen layer 'model.29.cv2.1.1.conv.base.weight'. See ednet.engine.trainer for customization of frozen layers.
WARNING ⚠️ setting 'requires_grad=True' for frozen layer 'model.29.cv2.1.1.bn.weight'. See ednet.engine.trainer for customization of frozen layers.
WARNING ⚠️ setting 'requires_grad=True' for frozen layer 'model.29.cv2.1.1.bn.bias'. See ednet.engine.trainer for customization of frozen layers.
WARNING ⚠️ setting 'requires_grad=True' for frozen layer 'model.29.cv2.1.2.weight'. See ednet.engine.trainer for customization of frozen layers.
WARNING ⚠️ setting 'requires_grad=True' for frozen layer 'model.29.cv2.1.2.bias'. See ednet.engine.trainer for customization of frozen layers.
WARNING ⚠️ setting 'requires_grad=True' for frozen layer 'model.29.cv2.2.0.conv.base.weight'. See ednet.engine.trainer for customization of frozen layers.
WARNING ⚠️ setting 'requires_grad=True' for frozen layer 'model.29.cv2.2.0.bn.weight'. See ednet.engine.trainer for customization of frozen layers.
WARNING ⚠️ setting 'requires_grad=True' for frozen layer 'model.29.cv2.2.0.bn.bias'. See ednet.engine.trainer for customization of frozen layers.
WARNING ⚠️ setting 'requires_grad=True' for frozen layer 'model.29.cv2.2.1.conv.base.weight'. See ednet.engine.trainer for customization of frozen layers.
WARNING ⚠️ setting 'requires_grad=True' for frozen layer 'model.29.cv2.2.1.bn.weight'. See ednet.engine.trainer for customization of frozen layers.
WARNING ⚠️ setting 'requires_grad=True' for frozen layer 'model.29.cv2.2.1.bn.bias'. See ednet.engine.trainer for customization of frozen layers.
WARNING ⚠️ setting 'requires_grad=True' for frozen layer 'model.29.cv2.2.2.weight'. See ednet.engine.trainer for customization of frozen layers.
WARNING ⚠️ setting 'requires_grad=True' for frozen layer 'model.29.cv2.2.2.bias'. See ednet.engine.trainer for customization of frozen layers.
WARNING ⚠️ setting 'requires_grad=True' for frozen layer 'model.29.cv2.3.0.conv.base.weight'. See ednet.engine.trainer for customization of frozen layers.
WARNING ⚠️ setting 'requires_grad=True' for frozen layer 'model.29.cv2.3.0.bn.weight'. See ednet.engine.trainer for customization of frozen layers.
WARNING ⚠️ setting 'requires_grad=True' for frozen layer 'model.29.cv2.3.0.bn.bias'. See ednet.engine.trainer for customization of frozen layers.
WARNING ⚠️ setting 'requires_grad=True' for frozen layer 'model.29.cv2.3.1.conv.base.weight'. See ednet.engine.trainer for customization of frozen layers.
WARNING ⚠️ setting 'requires_grad=True' for frozen layer 'model.29.cv2.3.1.bn.weight'. See ednet.engine.trainer for customization of frozen layers.
WARNING ⚠️ setting 'requires_grad=True' for frozen layer 'model.29.cv2.3.1.bn.bias'. See ednet.engine.trainer for customization of frozen layers.
WARNING ⚠️ setting 'requires_grad=True' for frozen layer 'model.29.cv2.3.2.weight'. See ednet.engine.trainer for customization of frozen layers.
WARNING ⚠️ setting 'requires_grad=True' for frozen layer 'model.29.cv2.3.2.bias'. See ednet.engine.trainer for customization of frozen layers.
WARNING ⚠️ setting 'requires_grad=True' for frozen layer 'model.29.cv3.0.0.0.conv.weight'. See ednet.engine.trainer for customization of frozen layers.
WARNING ⚠️ setting 'requires_grad=True' for frozen layer 'model.29.cv3.0.0.0.bn.weight'. See ednet.engine.trainer for customization of frozen layers.
WARNING ⚠️ setting 'requires_grad=True' for frozen layer 'model.29.cv3.0.0.0.bn.bias'. See ednet.engine.trainer for customization of frozen layers.
WARNING ⚠️ setting 'requires_grad=True' for frozen layer 'model.29.cv3.0.0.1.conv.base.weight'. See ednet.engine.trainer for customization of frozen layers.
WARNING ⚠️ setting 'requires_grad=True' for frozen layer 'model.29.cv3.0.0.1.bn.weight'. See ednet.engine.trainer for customization of frozen layers.
WARNING ⚠️ setting 'requires_grad=True' for frozen layer 'model.29.cv3.0.0.1.bn.bias'. See ednet.engine.trainer for customization of frozen layers.
WARNING ⚠️ setting 'requires_grad=True' for frozen layer 'model.29.cv3.0.1.0.conv.weight'. See ednet.engine.trainer for customization of frozen layers.
WARNING ⚠️ setting 'requires_grad=True' for frozen layer 'model.29.cv3.0.1.0.bn.weight'. See ednet.engine.trainer for customization of frozen layers.
WARNING ⚠️ setting 'requires_grad=True' for frozen layer 'model.29.cv3.0.1.0.bn.bias'. See ednet.engine.trainer for customization of frozen layers.
WARNING ⚠️ setting 'requires_grad=True' for frozen layer 'model.29.cv3.0.1.1.conv.base.weight'. See ednet.engine.trainer for customization of frozen layers.
WARNING ⚠️ setting 'requires_grad=True' for frozen layer 'model.29.cv3.0.1.1.bn.weight'. See ednet.engine.trainer for customization of frozen layers.
WARNING ⚠️ setting 'requires_grad=True' for frozen layer 'model.29.cv3.0.1.1.bn.bias'. See ednet.engine.trainer for customization of frozen layers.
WARNING ⚠️ setting 'requires_grad=True' for frozen layer 'model.29.cv3.0.2.weight'. See ednet.engine.trainer for customization of frozen layers.
WARNING ⚠️ setting 'requires_grad=True' for frozen layer 'model.29.cv3.0.2.bias'. See ednet.engine.trainer for customization of frozen layers.
WARNING ⚠️ setting 'requires_grad=True' for frozen layer 'model.29.cv3.1.0.0.conv.weight'. See ednet.engine.trainer for customization of frozen layers.
WARNING ⚠️ setting 'requires_grad=True' for frozen layer 'model.29.cv3.1.0.0.bn.weight'. See ednet.engine.trainer for customization of frozen layers.
WARNING ⚠️ setting 'requires_grad=True' for frozen layer 'model.29.cv3.1.0.0.bn.bias'. See ednet.engine.trainer for customization of frozen layers.
WARNING ⚠️ setting 'requires_grad=True' for frozen layer 'model.29.cv3.1.0.1.conv.base.weight'. See ednet.engine.trainer for customization of frozen layers.
WARNING ⚠️ setting 'requires_grad=True' for frozen layer 'model.29.cv3.1.0.1.bn.weight'. See ednet.engine.trainer for customization of frozen layers.
WARNING ⚠️ setting 'requires_grad=True' for frozen layer 'model.29.cv3.1.0.1.bn.bias'. See ednet.engine.trainer for customization of frozen layers.
WARNING ⚠️ setting 'requires_grad=True' for frozen layer 'model.29.cv3.1.1.0.conv.weight'. See ednet.engine.trainer for customization of frozen layers.
WARNING ⚠️ setting 'requires_grad=True' for frozen layer 'model.29.cv3.1.1.0.bn.weight'. See ednet.engine.trainer for customization of frozen layers.
WARNING ⚠️ setting 'requires_grad=True' for frozen layer 'model.29.cv3.1.1.0.bn.bias'. See ednet.engine.trainer for customization of frozen layers.
WARNING ⚠️ setting 'requires_grad=True' for frozen layer 'model.29.cv3.1.1.1.conv.base.weight'. See ednet.engine.trainer for customization of frozen layers.
WARNING ⚠️ setting 'requires_grad=True' for frozen layer 'model.29.cv3.1.1.1.bn.weight'. See ednet.engine.trainer for customization of frozen layers.
WARNING ⚠️ setting 'requires_grad=True' for frozen layer 'model.29.cv3.1.1.1.bn.bias'. See ednet.engine.trainer for customization of frozen layers.
WARNING ⚠️ setting 'requires_grad=True' for frozen layer 'model.29.cv3.1.2.weight'. See ednet.engine.trainer for customization of frozen layers.
WARNING ⚠️ setting 'requires_grad=True' for frozen layer 'model.29.cv3.1.2.bias'. See ednet.engine.trainer for customization of frozen layers.
WARNING ⚠️ setting 'requires_grad=True' for frozen layer 'model.29.cv3.2.0.0.conv.weight'. See ednet.engine.trainer for customization of frozen layers.
WARNING ⚠️ setting 'requires_grad=True' for frozen layer 'model.29.cv3.2.0.0.bn.weight'. See ednet.engine.trainer for customization of frozen layers.
WARNING ⚠️ setting 'requires_grad=True' for frozen layer 'model.29.cv3.2.0.0.bn.bias'. See ednet.engine.trainer for customization of frozen layers.
WARNING ⚠️ setting 'requires_grad=True' for frozen layer 'model.29.cv3.2.0.1.conv.base.weight'. See ednet.engine.trainer for customization of frozen layers.
WARNING ⚠️ setting 'requires_grad=True' for frozen layer 'model.29.cv3.2.0.1.bn.weight'. See ednet.engine.trainer for customization of frozen layers.
WARNING ⚠️ setting 'requires_grad=True' for frozen layer 'model.29.cv3.2.0.1.bn.bias'. See ednet.engine.trainer for customization of frozen layers.
WARNING ⚠️ setting 'requires_grad=True' for frozen layer 'model.29.cv3.2.1.0.conv.weight'. See ednet.engine.trainer for customization of frozen layers.
WARNING ⚠️ setting 'requires_grad=True' for frozen layer 'model.29.cv3.2.1.0.bn.weight'. See ednet.engine.trainer for customization of frozen layers.
WARNING ⚠️ setting 'requires_grad=True' for frozen layer 'model.29.cv3.2.1.0.bn.bias'. See ednet.engine.trainer for customization of frozen layers.
WARNING ⚠️ setting 'requires_grad=True' for frozen layer 'model.29.cv3.2.1.1.conv.base.weight'. See ednet.engine.trainer for customization of frozen layers.
WARNING ⚠️ setting 'requires_grad=True' for frozen layer 'model.29.cv3.2.1.1.bn.weight'. See ednet.engine.trainer for customization of frozen layers.
WARNING ⚠️ setting 'requires_grad=True' for frozen layer 'model.29.cv3.2.1.1.bn.bias'. See ednet.engine.trainer for customization of frozen layers.
WARNING ⚠️ setting 'requires_grad=True' for frozen layer 'model.29.cv3.2.2.weight'. See ednet.engine.trainer for customization of frozen layers.
WARNING ⚠️ setting 'requires_grad=True' for frozen layer 'model.29.cv3.2.2.bias'. See ednet.engine.trainer for customization of frozen layers.
WARNING ⚠️ setting 'requires_grad=True' for frozen layer 'model.29.cv3.3.0.0.conv.weight'. See ednet.engine.trainer for customization of frozen layers.
WARNING ⚠️ setting 'requires_grad=True' for frozen layer 'model.29.cv3.3.0.0.bn.weight'. See ednet.engine.trainer for customization of frozen layers.
WARNING ⚠️ setting 'requires_grad=True' for frozen layer 'model.29.cv3.3.0.0.bn.bias'. See ednet.engine.trainer for customization of frozen layers.
WARNING ⚠️ setting 'requires_grad=True' for frozen layer 'model.29.cv3.3.0.1.conv.base.weight'. See ednet.engine.trainer for customization of frozen layers.
WARNING ⚠️ setting 'requires_grad=True' for frozen layer 'model.29.cv3.3.0.1.bn.weight'. See ednet.engine.trainer for customization of frozen layers.
WARNING ⚠️ setting 'requires_grad=True' for frozen layer 'model.29.cv3.3.0.1.bn.bias'. See ednet.engine.trainer for customization of frozen layers.
WARNING ⚠️ setting 'requires_grad=True' for frozen layer 'model.29.cv3.3.1.0.conv.weight'. See ednet.engine.trainer for customization of frozen layers.
WARNING ⚠️ setting 'requires_grad=True' for frozen layer 'model.29.cv3.3.1.0.bn.weight'. See ednet.engine.trainer for customization of frozen layers.
WARNING ⚠️ setting 'requires_grad=True' for frozen layer 'model.29.cv3.3.1.0.bn.bias'. See ednet.engine.trainer for customization of frozen layers.
WARNING ⚠️ setting 'requires_grad=True' for frozen layer 'model.29.cv3.3.1.1.conv.base.weight'. See ednet.engine.trainer for customization of frozen layers.
WARNING ⚠️ setting 'requires_grad=True' for frozen layer 'model.29.cv3.3.1.1.bn.weight'. See ednet.engine.trainer for customization of frozen layers.
WARNING ⚠️ setting 'requires_grad=True' for frozen layer 'model.29.cv3.3.1.1.bn.bias'. See ednet.engine.trainer for customization of frozen layers.
WARNING ⚠️ setting 'requires_grad=True' for frozen layer 'model.29.cv3.3.2.weight'. See ednet.engine.trainer for customization of frozen layers.
WARNING ⚠️ setting 'requires_grad=True' for frozen layer 'model.29.cv3.3.2.bias'. See ednet.engine.trainer for customization of frozen layers.
Freezing layer 'model.29.dfl.conv.weight'
WARNING ⚠️ setting 'requires_grad=True' for frozen layer 'model.29.one2one_cv2.0.0.conv.weight'. See ednet.engine.trainer for customization of frozen layers.
WARNING ⚠️ setting 'requires_grad=True' for frozen layer 'model.29.one2one_cv2.0.0.bn.weight'. See ednet.engine.trainer for customization of frozen layers.
WARNING ⚠️ setting 'requires_grad=True' for frozen layer 'model.29.one2one_cv2.0.0.bn.bias'. See ednet.engine.trainer for customization of frozen layers.
WARNING ⚠️ setting 'requires_grad=True' for frozen layer 'model.29.one2one_cv2.0.1.conv.weight'. See ednet.engine.trainer for customization of frozen layers.
WARNING ⚠️ setting 'requires_grad=True' for frozen layer 'model.29.one2one_cv2.0.1.bn.weight'. See ednet.engine.trainer for customization of frozen layers.
WARNING ⚠️ setting 'requires_grad=True' for frozen layer 'model.29.one2one_cv2.0.1.bn.bias'. See ednet.engine.trainer for customization of frozen layers.
WARNING ⚠️ setting 'requires_grad=True' for frozen layer 'model.29.one2one_cv2.0.2.weight'. See ednet.engine.trainer for customization of frozen layers.
WARNING ⚠️ setting 'requires_grad=True' for frozen layer 'model.29.one2one_cv2.0.2.bias'. See ednet.engine.trainer for customization of frozen layers.
WARNING ⚠️ setting 'requires_grad=True' for frozen layer 'model.29.one2one_cv2.1.0.conv.weight'. See ednet.engine.trainer for customization of frozen layers.
WARNING ⚠️ setting 'requires_grad=True' for frozen layer 'model.29.one2one_cv2.1.0.bn.weight'. See ednet.engine.trainer for customization of frozen layers.
WARNING ⚠️ setting 'requires_grad=True' for frozen layer 'model.29.one2one_cv2.1.0.bn.bias'. See ednet.engine.trainer for customization of frozen layers.
WARNING ⚠️ setting 'requires_grad=True' for frozen layer 'model.29.one2one_cv2.1.1.conv.weight'. See ednet.engine.trainer for customization of frozen layers.
WARNING ⚠️ setting 'requires_grad=True' for frozen layer 'model.29.one2one_cv2.1.1.bn.weight'. See ednet.engine.trainer for customization of frozen layers.
WARNING ⚠️ setting 'requires_grad=True' for frozen layer 'model.29.one2one_cv2.1.1.bn.bias'. See ednet.engine.trainer for customization of frozen layers.
WARNING ⚠️ setting 'requires_grad=True' for frozen layer 'model.29.one2one_cv2.1.2.weight'. See ednet.engine.trainer for customization of frozen layers.
WARNING ⚠️ setting 'requires_grad=True' for frozen layer 'model.29.one2one_cv2.1.2.bias'. See ednet.engine.trainer for customization of frozen layers.
WARNING ⚠️ setting 'requires_grad=True' for frozen layer 'model.29.one2one_cv2.2.0.conv.weight'. See ednet.engine.trainer for customization of frozen layers.
WARNING ⚠️ setting 'requires_grad=True' for frozen layer 'model.29.one2one_cv2.2.0.bn.weight'. See ednet.engine.trainer for customization of frozen layers.
WARNING ⚠️ setting 'requires_grad=True' for frozen layer 'model.29.one2one_cv2.2.0.bn.bias'. See ednet.engine.trainer for customization of frozen layers.
WARNING ⚠️ setting 'requires_grad=True' for frozen layer 'model.29.one2one_cv2.2.1.conv.weight'. See ednet.engine.trainer for customization of frozen layers.
WARNING ⚠️ setting 'requires_grad=True' for frozen layer 'model.29.one2one_cv2.2.1.bn.weight'. See ednet.engine.trainer for customization of frozen layers.
WARNING ⚠️ setting 'requires_grad=True' for frozen layer 'model.29.one2one_cv2.2.1.bn.bias'. See ednet.engine.trainer for customization of frozen layers.
WARNING ⚠️ setting 'requires_grad=True' for frozen layer 'model.29.one2one_cv2.2.2.weight'. See ednet.engine.trainer for customization of frozen layers.
WARNING ⚠️ setting 'requires_grad=True' for frozen layer 'model.29.one2one_cv2.2.2.bias'. See ednet.engine.trainer for customization of frozen layers.
WARNING ⚠️ setting 'requires_grad=True' for frozen layer 'model.29.one2one_cv2.3.0.conv.weight'. See ednet.engine.trainer for customization of frozen layers.
WARNING ⚠️ setting 'requires_grad=True' for frozen layer 'model.29.one2one_cv2.3.0.bn.weight'. See ednet.engine.trainer for customization of frozen layers.
WARNING ⚠️ setting 'requires_grad=True' for frozen layer 'model.29.one2one_cv2.3.0.bn.bias'. See ednet.engine.trainer for customization of frozen layers.
WARNING ⚠️ setting 'requires_grad=True' for frozen layer 'model.29.one2one_cv2.3.1.conv.weight'. See ednet.engine.trainer for customization of frozen layers.
WARNING ⚠️ setting 'requires_grad=True' for frozen layer 'model.29.one2one_cv2.3.1.bn.weight'. See ednet.engine.trainer for customization of frozen layers.
WARNING ⚠️ setting 'requires_grad=True' for frozen layer 'model.29.one2one_cv2.3.1.bn.bias'. See ednet.engine.trainer for customization of frozen layers.
WARNING ⚠️ setting 'requires_grad=True' for frozen layer 'model.29.one2one_cv2.3.2.weight'. See ednet.engine.trainer for customization of frozen layers.
WARNING ⚠️ setting 'requires_grad=True' for frozen layer 'model.29.one2one_cv2.3.2.bias'. See ednet.engine.trainer for customization of frozen layers.
WARNING ⚠️ setting 'requires_grad=True' for frozen layer 'model.29.one2one_cv3.0.0.0.conv.weight'. See ednet.engine.trainer for customization of frozen layers.
WARNING ⚠️ setting 'requires_grad=True' for frozen layer 'model.29.one2one_cv3.0.0.0.bn.weight'. See ednet.engine.trainer for customization of frozen layers.
WARNING ⚠️ setting 'requires_grad=True' for frozen layer 'model.29.one2one_cv3.0.0.0.bn.bias'. See ednet.engine.trainer for customization of frozen layers.
WARNING ⚠️ setting 'requires_grad=True' for frozen layer 'model.29.one2one_cv3.0.0.1.conv.weight'. See ednet.engine.trainer for customization of frozen layers.
WARNING ⚠️ setting 'requires_grad=True' for frozen layer 'model.29.one2one_cv3.0.0.1.bn.weight'. See ednet.engine.trainer for customization of frozen layers.
WARNING ⚠️ setting 'requires_grad=True' for frozen layer 'model.29.one2one_cv3.0.0.1.bn.bias'. See ednet.engine.trainer for customization of frozen layers.
WARNING ⚠️ setting 'requires_grad=True' for frozen layer 'model.29.one2one_cv3.0.1.0.conv.weight'. See ednet.engine.trainer for customization of frozen layers.
WARNING ⚠️ setting 'requires_grad=True' for frozen layer 'model.29.one2one_cv3.0.1.0.bn.weight'. See ednet.engine.trainer for customization of frozen layers.
WARNING ⚠️ setting 'requires_grad=True' for frozen layer 'model.29.one2one_cv3.0.1.0.bn.bias'. See ednet.engine.trainer for customization of frozen layers.
WARNING ⚠️ setting 'requires_grad=True' for frozen layer 'model.29.one2one_cv3.0.1.1.conv.weight'. See ednet.engine.trainer for customization of frozen layers.
WARNING ⚠️ setting 'requires_grad=True' for frozen layer 'model.29.one2one_cv3.0.1.1.bn.weight'. See ednet.engine.trainer for customization of frozen layers.
WARNING ⚠️ setting 'requires_grad=True' for frozen layer 'model.29.one2one_cv3.0.1.1.bn.bias'. See ednet.engine.trainer for customization of frozen layers.
WARNING ⚠️ setting 'requires_grad=True' for frozen layer 'model.29.one2one_cv3.0.2.weight'. See ednet.engine.trainer for customization of frozen layers.
WARNING ⚠️ setting 'requires_grad=True' for frozen layer 'model.29.one2one_cv3.0.2.bias'. See ednet.engine.trainer for customization of frozen layers.
WARNING ⚠️ setting 'requires_grad=True' for frozen layer 'model.29.one2one_cv3.1.0.0.conv.weight'. See ednet.engine.trainer for customization of frozen layers.
WARNING ⚠️ setting 'requires_grad=True' for frozen layer 'model.29.one2one_cv3.1.0.0.bn.weight'. See ednet.engine.trainer for customization of frozen layers.
WARNING ⚠️ setting 'requires_grad=True' for frozen layer 'model.29.one2one_cv3.1.0.0.bn.bias'. See ednet.engine.trainer for customization of frozen layers.
WARNING ⚠️ setting 'requires_grad=True' for frozen layer 'model.29.one2one_cv3.1.0.1.conv.weight'. See ednet.engine.trainer for customization of frozen layers.
WARNING ⚠️ setting 'requires_grad=True' for frozen layer 'model.29.one2one_cv3.1.0.1.bn.weight'. See ednet.engine.trainer for customization of frozen layers.
WARNING ⚠️ setting 'requires_grad=True' for frozen layer 'model.29.one2one_cv3.1.0.1.bn.bias'. See ednet.engine.trainer for customization of frozen layers.
WARNING ⚠️ setting 'requires_grad=True' for frozen layer 'model.29.one2one_cv3.1.1.0.conv.weight'. See ednet.engine.trainer for customization of frozen layers.
WARNING ⚠️ setting 'requires_grad=True' for frozen layer 'model.29.one2one_cv3.1.1.0.bn.weight'. See ednet.engine.trainer for customization of frozen layers.
WARNING ⚠️ setting 'requires_grad=True' for frozen layer 'model.29.one2one_cv3.1.1.0.bn.bias'. See ednet.engine.trainer for customization of frozen layers.
WARNING ⚠️ setting 'requires_grad=True' for frozen layer 'model.29.one2one_cv3.1.1.1.conv.weight'. See ednet.engine.trainer for customization of frozen layers.
WARNING ⚠️ setting 'requires_grad=True' for frozen layer 'model.29.one2one_cv3.1.1.1.bn.weight'. See ednet.engine.trainer for customization of frozen layers.
WARNING ⚠️ setting 'requires_grad=True' for frozen layer 'model.29.one2one_cv3.1.1.1.bn.bias'. See ednet.engine.trainer for customization of frozen layers.
WARNING ⚠️ setting 'requires_grad=True' for frozen layer 'model.29.one2one_cv3.1.2.weight'. See ednet.engine.trainer for customization of frozen layers.
WARNING ⚠️ setting 'requires_grad=True' for frozen layer 'model.29.one2one_cv3.1.2.bias'. See ednet.engine.trainer for customization of frozen layers.
WARNING ⚠️ setting 'requires_grad=True' for frozen layer 'model.29.one2one_cv3.2.0.0.conv.weight'. See ednet.engine.trainer for customization of frozen layers.
WARNING ⚠️ setting 'requires_grad=True' for frozen layer 'model.29.one2one_cv3.2.0.0.bn.weight'. See ednet.engine.trainer for customization of frozen layers.
WARNING ⚠️ setting 'requires_grad=True' for frozen layer 'model.29.one2one_cv3.2.0.0.bn.bias'. See ednet.engine.trainer for customization of frozen layers.
WARNING ⚠️ setting 'requires_grad=True' for frozen layer 'model.29.one2one_cv3.2.0.1.conv.weight'. See ednet.engine.trainer for customization of frozen layers.
WARNING ⚠️ setting 'requires_grad=True' for frozen layer 'model.29.one2one_cv3.2.0.1.bn.weight'. See ednet.engine.trainer for customization of frozen layers.
WARNING ⚠️ setting 'requires_grad=True' for frozen layer 'model.29.one2one_cv3.2.0.1.bn.bias'. See ednet.engine.trainer for customization of frozen layers.
WARNING ⚠️ setting 'requires_grad=True' for frozen layer 'model.29.one2one_cv3.2.1.0.conv.weight'. See ednet.engine.trainer for customization of frozen layers.
WARNING ⚠️ setting 'requires_grad=True' for frozen layer 'model.29.one2one_cv3.2.1.0.bn.weight'. See ednet.engine.trainer for customization of frozen layers.
WARNING ⚠️ setting 'requires_grad=True' for frozen layer 'model.29.one2one_cv3.2.1.0.bn.bias'. See ednet.engine.trainer for customization of frozen layers.
WARNING ⚠️ setting 'requires_grad=True' for frozen layer 'model.29.one2one_cv3.2.1.1.conv.weight'. See ednet.engine.trainer for customization of frozen layers.
WARNING ⚠️ setting 'requires_grad=True' for frozen layer 'model.29.one2one_cv3.2.1.1.bn.weight'. See ednet.engine.trainer for customization of frozen layers.
WARNING ⚠️ setting 'requires_grad=True' for frozen layer 'model.29.one2one_cv3.2.1.1.bn.bias'. See ednet.engine.trainer for customization of frozen layers.
WARNING ⚠️ setting 'requires_grad=True' for frozen layer 'model.29.one2one_cv3.2.2.weight'. See ednet.engine.trainer for customization of frozen layers.
WARNING ⚠️ setting 'requires_grad=True' for frozen layer 'model.29.one2one_cv3.2.2.bias'. See ednet.engine.trainer for customization of frozen layers.
WARNING ⚠️ setting 'requires_grad=True' for frozen layer 'model.29.one2one_cv3.3.0.0.conv.weight'. See ednet.engine.trainer for customization of frozen layers.
WARNING ⚠️ setting 'requires_grad=True' for frozen layer 'model.29.one2one_cv3.3.0.0.bn.weight'. See ednet.engine.trainer for customization of frozen layers.
WARNING ⚠️ setting 'requires_grad=True' for frozen layer 'model.29.one2one_cv3.3.0.0.bn.bias'. See ednet.engine.trainer for customization of frozen layers.
WARNING ⚠️ setting 'requires_grad=True' for frozen layer 'model.29.one2one_cv3.3.0.1.conv.weight'. See ednet.engine.trainer for customization of frozen layers.
WARNING ⚠️ setting 'requires_grad=True' for frozen layer 'model.29.one2one_cv3.3.0.1.bn.weight'. See ednet.engine.trainer for customization of frozen layers.
WARNING ⚠️ setting 'requires_grad=True' for frozen layer 'model.29.one2one_cv3.3.0.1.bn.bias'. See ednet.engine.trainer for customization of frozen layers.
WARNING ⚠️ setting 'requires_grad=True' for frozen layer 'model.29.one2one_cv3.3.1.0.conv.weight'. See ednet.engine.trainer for customization of frozen layers.
WARNING ⚠️ setting 'requires_grad=True' for frozen layer 'model.29.one2one_cv3.3.1.0.bn.weight'. See ednet.engine.trainer for customization of frozen layers.
WARNING ⚠️ setting 'requires_grad=True' for frozen layer 'model.29.one2one_cv3.3.1.0.bn.bias'. See ednet.engine.trainer for customization of frozen layers.
WARNING ⚠️ setting 'requires_grad=True' for frozen layer 'model.29.one2one_cv3.3.1.1.conv.weight'. See ednet.engine.trainer for customization of frozen layers.
WARNING ⚠️ setting 'requires_grad=True' for frozen layer 'model.29.one2one_cv3.3.1.1.bn.weight'. See ednet.engine.trainer for customization of frozen layers.
WARNING ⚠️ setting 'requires_grad=True' for frozen layer 'model.29.one2one_cv3.3.1.1.bn.bias'. See ednet.engine.trainer for customization of frozen layers.
WARNING ⚠️ setting 'requires_grad=True' for frozen layer 'model.29.one2one_cv3.3.2.weight'. See ednet.engine.trainer for customization of frozen layers.
WARNING ⚠️ setting 'requires_grad=True' for frozen layer 'model.29.one2one_cv3.3.2.bias'. See ednet.engine.trainer for customization of frozen layers.
[34m[1mAMP: [0mrunning Automatic Mixed Precision (AMP) checks with YOLOv8n...
[34m[1mAMP: [0mchecks passed ✅
Plotting labels to /home/ddwilde/scriptie/runs/dota_saab/stage1-saab5/labels.jpg... 
[34m[1moptimizer:[0m 'optimizer=auto' found, ignoring 'lr0=0.01' and 'momentum=0.937' and determining best 'optimizer', 'lr0' and 'momentum' automatically... 
[34m[1moptimizer:[0m AdamW(lr=0.000526, momentum=0.9) with parameter groups 117 weight(decay=0.0), 202 weight(decay=0.0005), 139 bias(decay=0.0)
Skipping fusion for LoRA-wrapped layer Conv
Skipping fusion for LoRA-wrapped layer Conv
Skipping fusion for LoRA-wrapped layer Conv
Skipping fusion for LoRA-wrapped layer Conv
Skipping fusion for LoRA-wrapped layer Conv
Skipping fusion for LoRA-wrapped layer Conv
Skipping fusion for LoRA-wrapped layer Conv
Skipping fusion for LoRA-wrapped layer Conv
Skipping fusion for LoRA-wrapped layer Conv
Skipping fusion for LoRA-wrapped layer Conv
Skipping fusion for LoRA-wrapped layer Conv
Skipping fusion for LoRA-wrapped layer Conv
Skipping fusion for LoRA-wrapped layer Conv
Skipping fusion for LoRA-wrapped layer Conv
Skipping fusion for LoRA-wrapped layer Conv
Skipping fusion for LoRA-wrapped layer Conv
Skipping fusion for LoRA-wrapped layer Conv
Skipping fusion for LoRA-wrapped layer Conv
Skipping fusion for LoRA-wrapped layer Conv
Skipping fusion for LoRA-wrapped layer Conv
Skipping fusion for LoRA-wrapped layer Conv
Skipping fusion for LoRA-wrapped layer Conv
Skipping fusion for LoRA-wrapped layer Conv
Skipping fusion for LoRA-wrapped layer Conv
Skipping fusion for LoRA-wrapped layer Conv
Skipping fusion for LoRA-wrapped layer Conv
Skipping fusion for LoRA-wrapped layer Conv
Skipping fusion for LoRA-wrapped layer Conv
[34m[1mTensorBoard: [0mmodel graph visualization added ✅
Image sizes 640 train, 640 val
Using 8 dataloader workers
Logging results to [1m/home/ddwilde/scriptie/runs/dota_saab/stage1-saab5[0m
Starting training for 5 epochs...

      Epoch    GPU_mem   box_loss   cls_loss   dfl_loss  Instances       Size
                   all        367       8260      0.617      0.144     0.0724     0.0304

      Epoch    GPU_mem   box_loss   cls_loss   dfl_loss  Instances       Size
                   all        367       8260      0.201      0.175      0.147     0.0818

      Epoch    GPU_mem   box_loss   cls_loss   dfl_loss  Instances       Size
                   all        367       8260       0.47      0.208      0.184      0.101

      Epoch    GPU_mem   box_loss   cls_loss   dfl_loss  Instances       Size
                   all        367       8260      0.239      0.237      0.213      0.124

      Epoch    GPU_mem   box_loss   cls_loss   dfl_loss  Instances       Size
                   all        367       8260      0.264      0.247      0.232      0.138

5 epochs completed in 0.093 hours.
Optimizer stripped from /home/ddwilde/scriptie/runs/dota_saab/stage1-saab5/weights/last.pt, 19.5MB
Optimizer stripped from /home/ddwilde/scriptie/runs/dota_saab/stage1-saab5/weights/best.pt, 19.5MB

Validating /home/ddwilde/scriptie/runs/dota_saab/stage1-saab5/weights/best.pt...
EDNet 1.0 ✅ Python-3.10.4 ✅ torch-2.8.0+cu128 ✅CUDA:0 (NVIDIA A100-SXM4-40GB, 40441MiB)
Skipping layer fusion for LoRA-enabled model during weight loading.
                   all        367       8260      0.264      0.247      0.232      0.138
         large-vehicle         83       3527       0.56      0.607      0.561      0.361
         small-vehicle         99       4549      0.497       0.38      0.367      0.191
            helicopter          7         42          0          0          0          0
            roundabout         49        142          0          0          0          0
Speed: 0.2ms preprocess, 2.3ms inference, 0.0ms loss, 0.2ms postprocess per image
Results saved to [1m/home/ddwilde/scriptie/runs/dota_saab/stage1-saab5[0m
Training finished. Results saved in: /home/ddwilde/scriptie/runs/dota_saab/stage1-saab5
EDNet 1.0 ✅ Python-3.10.4 ✅ torch-2.8.0+cu128 ✅CUDA:0 (NVIDIA A100-SXM4-40GB, 40441MiB)
[34m[1mengine/trainer: [0mtask=detect, mode=train, model=/home/ddwilde/scriptie/runs/dota_saab/stage1-saab/weights/best.pt, data=/home/ddwilde/scriptie/yaml/DOTA-stage2.yaml, epochs=5, time=None, patience=100, batch=8, imgsz=640, save=True, save_period=-1, cache=False, device=None, workers=8, project=/home/ddwilde/scriptie/runs/dota_saab, name=stage2-saab5, exist_ok=False, pretrained=True, optimizer=auto, verbose=True, seed=0, deterministic=True, single_cls=False, rect=False, cos_lr=False, close_mosaic=10, resume=False, amp=True, fraction=1.0, profile=False, freeze=None, multi_scale=False, lora={'enable': True, 'freeze_backbone': True}, continual={'enable': False, 'batches': [], 'adapter_strategy': 'last', 'save_history': True}, replay={'enable': True, 'buffer_per_class': 128, 'sample_per_batch': 32, 'loss_weight': 1.0, 'init_buffer': '/home/ddwilde/scriptie/runs/dota_saab/stage1-saab5/replay/buffer.pt', 'memory_dir': '/home/ddwilde/scriptie/datasets/memory/stage1', 'memory_ratio': 0.5, 'tiny_max_pixels': 320}, overlap_mask=True, mask_ratio=4, dropout=0.0, val=True, split=val, save_json=False, save_hybrid=False, conf=None, iou=0.7, max_det=300, half=False, dnn=False, plots=True, source=None, vid_stride=1, stream_buffer=False, visualize=False, augment=False, agnostic_nms=False, classes=None, retina_masks=False, embed=None, show=False, save_frames=False, save_txt=False, save_conf=False, save_crop=False, show_labels=True, show_conf=True, show_boxes=True, line_width=None, format=torchscript, keras=False, optimize=False, int8=False, dynamic=False, simplify=False, opset=None, workspace=4, nms=False, lr0=0.01, lrf=0.01, momentum=0.937, weight_decay=0.0005, warmup_epochs=3.0, warmup_momentum=0.8, warmup_bias_lr=0.1, box=7.5, cls=0.5, dfl=1.5, pose=12.0, kobj=1.0, label_smoothing=0.0, nbs=64, hsv_h=0.015, hsv_s=0.7, hsv_v=0.4, degrees=0.0, translate=0.1, scale=0.5, shear=0.0, perspective=0.0, flipud=0.0, fliplr=0.5, bgr=0.0, mosaic=1.0, mixup=0.0, copy_paste=0.0, auto_augment=randaugment, erasing=0.4, crop_fraction=1.0, cfg=None, tracker=botsort.yaml, save_dir=/home/ddwilde/scriptie/runs/dota_saab/stage2-saab5

                   from  n    params  module                                       arguments                     
  0                  -1  1       928  ednet.nn.modules.conv.Conv                   [3, 32, 3, 2]                 
  1                  -1  1     18560  ednet.nn.modules.conv.Conv                   [32, 64, 3, 2]                
  2                  -1  1     29056  ednet.nn.modules.block.C2f                   [64, 64, 1, True]             
  3                  -1  1     73984  ednet.nn.modules.conv.Conv                   [64, 128, 3, 2]               
  4                  -1  2    197632  ednet.nn.modules.block.C2f                   [128, 128, 2, True]           
  5                  -1  1    295424  ednet.nn.modules.conv.Conv                   [128, 256, 3, 2]              
  6                  -1  2    420864  ednet.nn.modules.block.C2f_FCA               [256, 256, 2, True]           
  7                  -1  1   1180672  ednet.nn.modules.conv.Conv                   [256, 512, 3, 2]              
  8                  -1  1   1095680  ednet.nn.modules.block.C2f_FCA               [512, 512, 1, True]           
  9                  -1  1    656896  ednet.nn.modules.block.SPPF                  [512, 512, 5]                 
 10                  -1  1    990976  ednet.nn.modules.block.PSA                   [512, 512]                    
 11                  -1  1         0  torch.nn.modules.upsampling.Upsample         [None, 2, 'nearest']          
 12             [-1, 6]  1         0  ednet.nn.modules.conv.Concat                 [1]                           
 13                  -1  1    591360  ednet.nn.modules.block.C2f                   [768, 256, 1]                 
 14                  -1  1         0  torch.nn.modules.upsampling.Upsample         [None, 2, 'nearest']          
 15             [-1, 4]  1         0  ednet.nn.modules.conv.Concat                 [1]                           
 16                  -1  1    148224  ednet.nn.modules.block.C2f                   [384, 128, 1]                 
 17                  -1  1         0  torch.nn.modules.upsampling.Upsample         [None, 2, 'nearest']          
 18             [-1, 2]  1         0  ednet.nn.modules.conv.Concat                 [1]                           
 19                  -1  1     37248  ednet.nn.modules.block.C2f                   [192, 64, 1]                  
 20                  -1  1     36992  ednet.nn.modules.conv.Conv                   [64, 64, 3, 2]                
 21            [-1, 16]  1         0  ednet.nn.modules.conv.Concat                 [1]                           
 22                  -1  1    123648  ednet.nn.modules.block.C2f                   [192, 128, 1]                 
 23                  -1  1    147712  ednet.nn.modules.conv.Conv                   [128, 128, 3, 2]              
 24            [-1, 13]  1         0  ednet.nn.modules.conv.Concat                 [1]                           
 25                  -1  1    493056  ednet.nn.modules.block.C2f                   [384, 256, 1]                 
 26                  -1  1     68864  ednet.nn.modules.block.SCDown                [256, 256, 3, 2]              
 27             [-1, 9]  1         0  ednet.nn.modules.conv.Concat                 [1]                           
 28                  -1  1   1089536  ednet.nn.modules.block.C2fCIB                [768, 512, 1, True, True]     
 29    [19, 22, 25, 28]  1   1628424  ednet.nn.modules.head.v10Detect              [15, [64, 128, 256, 512]]     
ednet-s summary: 510 layers, 9,325,736 parameters, 9,325,720 gradients

Transferred 725/753 items from pretrained weights
LoRA enabled: 28 adapters (rank=8, alpha=16.0, freeze_backbone=True)
Replay feature tapper initialization skipped; detection head mapping unavailable.
[34m[1mTensorBoard: [0mStart with 'tensorboard --logdir /home/ddwilde/scriptie/runs/dota_saab/stage2-saab5', view at http://localhost:6006/
WARNING ⚠️ setting 'requires_grad=True' for frozen layer 'model.0.conv.weight'. See ednet.engine.trainer for customization of frozen layers.
WARNING ⚠️ setting 'requires_grad=True' for frozen layer 'model.0.bn.weight'. See ednet.engine.trainer for customization of frozen layers.
WARNING ⚠️ setting 'requires_grad=True' for frozen layer 'model.0.bn.bias'. See ednet.engine.trainer for customization of frozen layers.
WARNING ⚠️ setting 'requires_grad=True' for frozen layer 'model.1.conv.weight'. See ednet.engine.trainer for customization of frozen layers.
WARNING ⚠️ setting 'requires_grad=True' for frozen layer 'model.1.bn.weight'. See ednet.engine.trainer for customization of frozen layers.
WARNING ⚠️ setting 'requires_grad=True' for frozen layer 'model.1.bn.bias'. See ednet.engine.trainer for customization of frozen layers.
WARNING ⚠️ setting 'requires_grad=True' for frozen layer 'model.2.cv1.conv.weight'. See ednet.engine.trainer for customization of frozen layers.
WARNING ⚠️ setting 'requires_grad=True' for frozen layer 'model.2.cv1.bn.weight'. See ednet.engine.trainer for customization of frozen layers.
WARNING ⚠️ setting 'requires_grad=True' for frozen layer 'model.2.cv1.bn.bias'. See ednet.engine.trainer for customization of frozen layers.
WARNING ⚠️ setting 'requires_grad=True' for frozen layer 'model.2.cv2.conv.weight'. See ednet.engine.trainer for customization of frozen layers.
WARNING ⚠️ setting 'requires_grad=True' for frozen layer 'model.2.cv2.bn.weight'. See ednet.engine.trainer for customization of frozen layers.
WARNING ⚠️ setting 'requires_grad=True' for frozen layer 'model.2.cv2.bn.bias'. See ednet.engine.trainer for customization of frozen layers.
WARNING ⚠️ setting 'requires_grad=True' for frozen layer 'model.2.m.0.cv1.conv.weight'. See ednet.engine.trainer for customization of frozen layers.
WARNING ⚠️ setting 'requires_grad=True' for frozen layer 'model.2.m.0.cv1.bn.weight'. See ednet.engine.trainer for customization of frozen layers.
WARNING ⚠️ setting 'requires_grad=True' for frozen layer 'model.2.m.0.cv1.bn.bias'. See ednet.engine.trainer for customization of frozen layers.
WARNING ⚠️ setting 'requires_grad=True' for frozen layer 'model.2.m.0.cv2.conv.weight'. See ednet.engine.trainer for customization of frozen layers.
WARNING ⚠️ setting 'requires_grad=True' for frozen layer 'model.2.m.0.cv2.bn.weight'. See ednet.engine.trainer for customization of frozen layers.
WARNING ⚠️ setting 'requires_grad=True' for frozen layer 'model.2.m.0.cv2.bn.bias'. See ednet.engine.trainer for customization of frozen layers.
WARNING ⚠️ setting 'requires_grad=True' for frozen layer 'model.3.conv.weight'. See ednet.engine.trainer for customization of frozen layers.
WARNING ⚠️ setting 'requires_grad=True' for frozen layer 'model.3.bn.weight'. See ednet.engine.trainer for customization of frozen layers.
WARNING ⚠️ setting 'requires_grad=True' for frozen layer 'model.3.bn.bias'. See ednet.engine.trainer for customization of frozen layers.
WARNING ⚠️ setting 'requires_grad=True' for frozen layer 'model.4.cv1.conv.weight'. See ednet.engine.trainer for customization of frozen layers.
WARNING ⚠️ setting 'requires_grad=True' for frozen layer 'model.4.cv1.bn.weight'. See ednet.engine.trainer for customization of frozen layers.
WARNING ⚠️ setting 'requires_grad=True' for frozen layer 'model.4.cv1.bn.bias'. See ednet.engine.trainer for customization of frozen layers.
WARNING ⚠️ setting 'requires_grad=True' for frozen layer 'model.4.cv2.conv.weight'. See ednet.engine.trainer for customization of frozen layers.
WARNING ⚠️ setting 'requires_grad=True' for frozen layer 'model.4.cv2.bn.weight'. See ednet.engine.trainer for customization of frozen layers.
WARNING ⚠️ setting 'requires_grad=True' for frozen layer 'model.4.cv2.bn.bias'. See ednet.engine.trainer for customization of frozen layers.
WARNING ⚠️ setting 'requires_grad=True' for frozen layer 'model.4.m.0.cv1.conv.weight'. See ednet.engine.trainer for customization of frozen layers.
WARNING ⚠️ setting 'requires_grad=True' for frozen layer 'model.4.m.0.cv1.bn.weight'. See ednet.engine.trainer for customization of frozen layers.
WARNING ⚠️ setting 'requires_grad=True' for frozen layer 'model.4.m.0.cv1.bn.bias'. See ednet.engine.trainer for customization of frozen layers.
WARNING ⚠️ setting 'requires_grad=True' for frozen layer 'model.4.m.0.cv2.conv.weight'. See ednet.engine.trainer for customization of frozen layers.
WARNING ⚠️ setting 'requires_grad=True' for frozen layer 'model.4.m.0.cv2.bn.weight'. See ednet.engine.trainer for customization of frozen layers.
WARNING ⚠️ setting 'requires_grad=True' for frozen layer 'model.4.m.0.cv2.bn.bias'. See ednet.engine.trainer for customization of frozen layers.
WARNING ⚠️ setting 'requires_grad=True' for frozen layer 'model.4.m.1.cv1.conv.weight'. See ednet.engine.trainer for customization of frozen layers.
WARNING ⚠️ setting 'requires_grad=True' for frozen layer 'model.4.m.1.cv1.bn.weight'. See ednet.engine.trainer for customization of frozen layers.
WARNING ⚠️ setting 'requires_grad=True' for frozen layer 'model.4.m.1.cv1.bn.bias'. See ednet.engine.trainer for customization of frozen layers.
WARNING ⚠️ setting 'requires_grad=True' for frozen layer 'model.4.m.1.cv2.conv.weight'. See ednet.engine.trainer for customization of frozen layers.
WARNING ⚠️ setting 'requires_grad=True' for frozen layer 'model.4.m.1.cv2.bn.weight'. See ednet.engine.trainer for customization of frozen layers.
WARNING ⚠️ setting 'requires_grad=True' for frozen layer 'model.4.m.1.cv2.bn.bias'. See ednet.engine.trainer for customization of frozen layers.
WARNING ⚠️ setting 'requires_grad=True' for frozen layer 'model.5.conv.weight'. See ednet.engine.trainer for customization of frozen layers.
WARNING ⚠️ setting 'requires_grad=True' for frozen layer 'model.5.bn.weight'. See ednet.engine.trainer for customization of frozen layers.
WARNING ⚠️ setting 'requires_grad=True' for frozen layer 'model.5.bn.bias'. See ednet.engine.trainer for customization of frozen layers.
WARNING ⚠️ setting 'requires_grad=True' for frozen layer 'model.6.cv1.conv.weight'. See ednet.engine.trainer for customization of frozen layers.
WARNING ⚠️ setting 'requires_grad=True' for frozen layer 'model.6.cv1.bn.weight'. See ednet.engine.trainer for customization of frozen layers.
WARNING ⚠️ setting 'requires_grad=True' for frozen layer 'model.6.cv1.bn.bias'. See ednet.engine.trainer for customization of frozen layers.
WARNING ⚠️ setting 'requires_grad=True' for frozen layer 'model.6.cv2.conv.weight'. See ednet.engine.trainer for customization of frozen layers.
WARNING ⚠️ setting 'requires_grad=True' for frozen layer 'model.6.cv2.bn.weight'. See ednet.engine.trainer for customization of frozen layers.
WARNING ⚠️ setting 'requires_grad=True' for frozen layer 'model.6.cv2.bn.bias'. See ednet.engine.trainer for customization of frozen layers.
WARNING ⚠️ setting 'requires_grad=True' for frozen layer 'model.6.m.0.mlp.0.conv.weight'. See ednet.engine.trainer for customization of frozen layers.
WARNING ⚠️ setting 'requires_grad=True' for frozen layer 'model.6.m.0.mlp.0.bn.weight'. See ednet.engine.trainer for customization of frozen layers.
WARNING ⚠️ setting 'requires_grad=True' for frozen layer 'model.6.m.0.mlp.0.bn.bias'. See ednet.engine.trainer for customization of frozen layers.
WARNING ⚠️ setting 'requires_grad=True' for frozen layer 'model.6.m.0.mlp.1.weight'. See ednet.engine.trainer for customization of frozen layers.
WARNING ⚠️ setting 'requires_grad=True' for frozen layer 'model.6.m.0.spatial_mixing.PConv3.weight'. See ednet.engine.trainer for customization of frozen layers.
WARNING ⚠️ setting 'requires_grad=True' for frozen layer 'model.6.m.0.attention.conv1.conv.weight'. See ednet.engine.trainer for customization of frozen layers.
WARNING ⚠️ setting 'requires_grad=True' for frozen layer 'model.6.m.0.attention.conv1.bn.weight'. See ednet.engine.trainer for customization of frozen layers.
WARNING ⚠️ setting 'requires_grad=True' for frozen layer 'model.6.m.0.attention.conv1.bn.bias'. See ednet.engine.trainer for customization of frozen layers.
WARNING ⚠️ setting 'requires_grad=True' for frozen layer 'model.6.m.0.attention.h_conv.conv.weight'. See ednet.engine.trainer for customization of frozen layers.
WARNING ⚠️ setting 'requires_grad=True' for frozen layer 'model.6.m.0.attention.h_conv.conv.bias'. See ednet.engine.trainer for customization of frozen layers.
WARNING ⚠️ setting 'requires_grad=True' for frozen layer 'model.6.m.0.attention.v_conv.conv.weight'. See ednet.engine.trainer for customization of frozen layers.
WARNING ⚠️ setting 'requires_grad=True' for frozen layer 'model.6.m.0.attention.v_conv.conv.bias'. See ednet.engine.trainer for customization of frozen layers.
WARNING ⚠️ setting 'requires_grad=True' for frozen layer 'model.6.m.0.attention.conv2.conv.weight'. See ednet.engine.trainer for customization of frozen layers.
WARNING ⚠️ setting 'requires_grad=True' for frozen layer 'model.6.m.0.attention.conv2.bn.weight'. See ednet.engine.trainer for customization of frozen layers.
WARNING ⚠️ setting 'requires_grad=True' for frozen layer 'model.6.m.0.attention.conv2.bn.bias'. See ednet.engine.trainer for customization of frozen layers.
WARNING ⚠️ setting 'requires_grad=True' for frozen layer 'model.6.m.1.mlp.0.conv.weight'. See ednet.engine.trainer for customization of frozen layers.
WARNING ⚠️ setting 'requires_grad=True' for frozen layer 'model.6.m.1.mlp.0.bn.weight'. See ednet.engine.trainer for customization of frozen layers.
WARNING ⚠️ setting 'requires_grad=True' for frozen layer 'model.6.m.1.mlp.0.bn.bias'. See ednet.engine.trainer for customization of frozen layers.
WARNING ⚠️ setting 'requires_grad=True' for frozen layer 'model.6.m.1.mlp.1.weight'. See ednet.engine.trainer for customization of frozen layers.
WARNING ⚠️ setting 'requires_grad=True' for frozen layer 'model.6.m.1.spatial_mixing.PConv3.weight'. See ednet.engine.trainer for customization of frozen layers.
WARNING ⚠️ setting 'requires_grad=True' for frozen layer 'model.6.m.1.attention.conv1.conv.weight'. See ednet.engine.trainer for customization of frozen layers.
WARNING ⚠️ setting 'requires_grad=True' for frozen layer 'model.6.m.1.attention.conv1.bn.weight'. See ednet.engine.trainer for customization of frozen layers.
WARNING ⚠️ setting 'requires_grad=True' for frozen layer 'model.6.m.1.attention.conv1.bn.bias'. See ednet.engine.trainer for customization of frozen layers.
WARNING ⚠️ setting 'requires_grad=True' for frozen layer 'model.6.m.1.attention.h_conv.conv.weight'. See ednet.engine.trainer for customization of frozen layers.
WARNING ⚠️ setting 'requires_grad=True' for frozen layer 'model.6.m.1.attention.h_conv.conv.bias'. See ednet.engine.trainer for customization of frozen layers.
WARNING ⚠️ setting 'requires_grad=True' for frozen layer 'model.6.m.1.attention.v_conv.conv.weight'. See ednet.engine.trainer for customization of frozen layers.
WARNING ⚠️ setting 'requires_grad=True' for frozen layer 'model.6.m.1.attention.v_conv.conv.bias'. See ednet.engine.trainer for customization of frozen layers.
WARNING ⚠️ setting 'requires_grad=True' for frozen layer 'model.6.m.1.attention.conv2.conv.weight'. See ednet.engine.trainer for customization of frozen layers.
WARNING ⚠️ setting 'requires_grad=True' for frozen layer 'model.6.m.1.attention.conv2.bn.weight'. See ednet.engine.trainer for customization of frozen layers.
WARNING ⚠️ setting 'requires_grad=True' for frozen layer 'model.6.m.1.attention.conv2.bn.bias'. See ednet.engine.trainer for customization of frozen layers.
WARNING ⚠️ setting 'requires_grad=True' for frozen layer 'model.7.conv.weight'. See ednet.engine.trainer for customization of frozen layers.
WARNING ⚠️ setting 'requires_grad=True' for frozen layer 'model.7.bn.weight'. See ednet.engine.trainer for customization of frozen layers.
WARNING ⚠️ setting 'requires_grad=True' for frozen layer 'model.7.bn.bias'. See ednet.engine.trainer for customization of frozen layers.
WARNING ⚠️ setting 'requires_grad=True' for frozen layer 'model.8.cv1.conv.weight'. See ednet.engine.trainer for customization of frozen layers.
WARNING ⚠️ setting 'requires_grad=True' for frozen layer 'model.8.cv1.bn.weight'. See ednet.engine.trainer for customization of frozen layers.
WARNING ⚠️ setting 'requires_grad=True' for frozen layer 'model.8.cv1.bn.bias'. See ednet.engine.trainer for customization of frozen layers.
WARNING ⚠️ setting 'requires_grad=True' for frozen layer 'model.8.cv2.conv.weight'. See ednet.engine.trainer for customization of frozen layers.
WARNING ⚠️ setting 'requires_grad=True' for frozen layer 'model.8.cv2.bn.weight'. See ednet.engine.trainer for customization of frozen layers.
WARNING ⚠️ setting 'requires_grad=True' for frozen layer 'model.8.cv2.bn.bias'. See ednet.engine.trainer for customization of frozen layers.
WARNING ⚠️ setting 'requires_grad=True' for frozen layer 'model.8.m.0.mlp.0.conv.weight'. See ednet.engine.trainer for customization of frozen layers.
WARNING ⚠️ setting 'requires_grad=True' for frozen layer 'model.8.m.0.mlp.0.bn.weight'. See ednet.engine.trainer for customization of frozen layers.
WARNING ⚠️ setting 'requires_grad=True' for frozen layer 'model.8.m.0.mlp.0.bn.bias'. See ednet.engine.trainer for customization of frozen layers.
WARNING ⚠️ setting 'requires_grad=True' for frozen layer 'model.8.m.0.mlp.1.weight'. See ednet.engine.trainer for customization of frozen layers.
WARNING ⚠️ setting 'requires_grad=True' for frozen layer 'model.8.m.0.spatial_mixing.PConv3.weight'. See ednet.engine.trainer for customization of frozen layers.
WARNING ⚠️ setting 'requires_grad=True' for frozen layer 'model.8.m.0.attention.conv1.conv.weight'. See ednet.engine.trainer for customization of frozen layers.
WARNING ⚠️ setting 'requires_grad=True' for frozen layer 'model.8.m.0.attention.conv1.bn.weight'. See ednet.engine.trainer for customization of frozen layers.
WARNING ⚠️ setting 'requires_grad=True' for frozen layer 'model.8.m.0.attention.conv1.bn.bias'. See ednet.engine.trainer for customization of frozen layers.
WARNING ⚠️ setting 'requires_grad=True' for frozen layer 'model.8.m.0.attention.h_conv.conv.weight'. See ednet.engine.trainer for customization of frozen layers.
WARNING ⚠️ setting 'requires_grad=True' for frozen layer 'model.8.m.0.attention.h_conv.conv.bias'. See ednet.engine.trainer for customization of frozen layers.
WARNING ⚠️ setting 'requires_grad=True' for frozen layer 'model.8.m.0.attention.v_conv.conv.weight'. See ednet.engine.trainer for customization of frozen layers.
WARNING ⚠️ setting 'requires_grad=True' for frozen layer 'model.8.m.0.attention.v_conv.conv.bias'. See ednet.engine.trainer for customization of frozen layers.
WARNING ⚠️ setting 'requires_grad=True' for frozen layer 'model.8.m.0.attention.conv2.conv.weight'. See ednet.engine.trainer for customization of frozen layers.
WARNING ⚠️ setting 'requires_grad=True' for frozen layer 'model.8.m.0.attention.conv2.bn.weight'. See ednet.engine.trainer for customization of frozen layers.
WARNING ⚠️ setting 'requires_grad=True' for frozen layer 'model.8.m.0.attention.conv2.bn.bias'. See ednet.engine.trainer for customization of frozen layers.
WARNING ⚠️ setting 'requires_grad=True' for frozen layer 'model.9.cv1.conv.weight'. See ednet.engine.trainer for customization of frozen layers.
WARNING ⚠️ setting 'requires_grad=True' for frozen layer 'model.9.cv1.bn.weight'. See ednet.engine.trainer for customization of frozen layers.
WARNING ⚠️ setting 'requires_grad=True' for frozen layer 'model.9.cv1.bn.bias'. See ednet.engine.trainer for customization of frozen layers.
WARNING ⚠️ setting 'requires_grad=True' for frozen layer 'model.9.cv2.conv.weight'. See ednet.engine.trainer for customization of frozen layers.
WARNING ⚠️ setting 'requires_grad=True' for frozen layer 'model.9.cv2.bn.weight'. See ednet.engine.trainer for customization of frozen layers.
WARNING ⚠️ setting 'requires_grad=True' for frozen layer 'model.9.cv2.bn.bias'. See ednet.engine.trainer for customization of frozen layers.
WARNING ⚠️ setting 'requires_grad=True' for frozen layer 'model.10.cv1.conv.weight'. See ednet.engine.trainer for customization of frozen layers.
WARNING ⚠️ setting 'requires_grad=True' for frozen layer 'model.10.cv1.bn.weight'. See ednet.engine.trainer for customization of frozen layers.
WARNING ⚠️ setting 'requires_grad=True' for frozen layer 'model.10.cv1.bn.bias'. See ednet.engine.trainer for customization of frozen layers.
WARNING ⚠️ setting 'requires_grad=True' for frozen layer 'model.10.cv2.conv.weight'. See ednet.engine.trainer for customization of frozen layers.
WARNING ⚠️ setting 'requires_grad=True' for frozen layer 'model.10.cv2.bn.weight'. See ednet.engine.trainer for customization of frozen layers.
WARNING ⚠️ setting 'requires_grad=True' for frozen layer 'model.10.cv2.bn.bias'. See ednet.engine.trainer for customization of frozen layers.
WARNING ⚠️ setting 'requires_grad=True' for frozen layer 'model.10.attn.qkv.conv.weight'. See ednet.engine.trainer for customization of frozen layers.
WARNING ⚠️ setting 'requires_grad=True' for frozen layer 'model.10.attn.qkv.bn.weight'. See ednet.engine.trainer for customization of frozen layers.
WARNING ⚠️ setting 'requires_grad=True' for frozen layer 'model.10.attn.qkv.bn.bias'. See ednet.engine.trainer for customization of frozen layers.
WARNING ⚠️ setting 'requires_grad=True' for frozen layer 'model.10.attn.proj.conv.weight'. See ednet.engine.trainer for customization of frozen layers.
WARNING ⚠️ setting 'requires_grad=True' for frozen layer 'model.10.attn.proj.bn.weight'. See ednet.engine.trainer for customization of frozen layers.
WARNING ⚠️ setting 'requires_grad=True' for frozen layer 'model.10.attn.proj.bn.bias'. See ednet.engine.trainer for customization of frozen layers.
WARNING ⚠️ setting 'requires_grad=True' for frozen layer 'model.10.attn.pe.conv.weight'. See ednet.engine.trainer for customization of frozen layers.
WARNING ⚠️ setting 'requires_grad=True' for frozen layer 'model.10.attn.pe.bn.weight'. See ednet.engine.trainer for customization of frozen layers.
WARNING ⚠️ setting 'requires_grad=True' for frozen layer 'model.10.attn.pe.bn.bias'. See ednet.engine.trainer for customization of frozen layers.
WARNING ⚠️ setting 'requires_grad=True' for frozen layer 'model.10.ffn.0.conv.weight'. See ednet.engine.trainer for customization of frozen layers.
WARNING ⚠️ setting 'requires_grad=True' for frozen layer 'model.10.ffn.0.bn.weight'. See ednet.engine.trainer for customization of frozen layers.
WARNING ⚠️ setting 'requires_grad=True' for frozen layer 'model.10.ffn.0.bn.bias'. See ednet.engine.trainer for customization of frozen layers.
WARNING ⚠️ setting 'requires_grad=True' for frozen layer 'model.10.ffn.1.conv.weight'. See ednet.engine.trainer for customization of frozen layers.
WARNING ⚠️ setting 'requires_grad=True' for frozen layer 'model.10.ffn.1.bn.weight'. See ednet.engine.trainer for customization of frozen layers.
WARNING ⚠️ setting 'requires_grad=True' for frozen layer 'model.10.ffn.1.bn.bias'. See ednet.engine.trainer for customization of frozen layers.
WARNING ⚠️ setting 'requires_grad=True' for frozen layer 'model.13.cv1.conv.weight'. See ednet.engine.trainer for customization of frozen layers.
WARNING ⚠️ setting 'requires_grad=True' for frozen layer 'model.13.cv1.bn.weight'. See ednet.engine.trainer for customization of frozen layers.
WARNING ⚠️ setting 'requires_grad=True' for frozen layer 'model.13.cv1.bn.bias'. See ednet.engine.trainer for customization of frozen layers.
WARNING ⚠️ setting 'requires_grad=True' for frozen layer 'model.13.cv2.conv.weight'. See ednet.engine.trainer for customization of frozen layers.
WARNING ⚠️ setting 'requires_grad=True' for frozen layer 'model.13.cv2.bn.weight'. See ednet.engine.trainer for customization of frozen layers.
WARNING ⚠️ setting 'requires_grad=True' for frozen layer 'model.13.cv2.bn.bias'. See ednet.engine.trainer for customization of frozen layers.
WARNING ⚠️ setting 'requires_grad=True' for frozen layer 'model.13.m.0.cv1.conv.weight'. See ednet.engine.trainer for customization of frozen layers.
WARNING ⚠️ setting 'requires_grad=True' for frozen layer 'model.13.m.0.cv1.bn.weight'. See ednet.engine.trainer for customization of frozen layers.
WARNING ⚠️ setting 'requires_grad=True' for frozen layer 'model.13.m.0.cv1.bn.bias'. See ednet.engine.trainer for customization of frozen layers.
WARNING ⚠️ setting 'requires_grad=True' for frozen layer 'model.13.m.0.cv2.conv.weight'. See ednet.engine.trainer for customization of frozen layers.
WARNING ⚠️ setting 'requires_grad=True' for frozen layer 'model.13.m.0.cv2.bn.weight'. See ednet.engine.trainer for customization of frozen layers.
WARNING ⚠️ setting 'requires_grad=True' for frozen layer 'model.13.m.0.cv2.bn.bias'. See ednet.engine.trainer for customization of frozen layers.
WARNING ⚠️ setting 'requires_grad=True' for frozen layer 'model.16.cv1.conv.base.weight'. See ednet.engine.trainer for customization of frozen layers.
WARNING ⚠️ setting 'requires_grad=True' for frozen layer 'model.16.cv1.bn.weight'. See ednet.engine.trainer for customization of frozen layers.
WARNING ⚠️ setting 'requires_grad=True' for frozen layer 'model.16.cv1.bn.bias'. See ednet.engine.trainer for customization of frozen layers.
WARNING ⚠️ setting 'requires_grad=True' for frozen layer 'model.16.cv2.conv.base.weight'. See ednet.engine.trainer for customization of frozen layers.
WARNING ⚠️ setting 'requires_grad=True' for frozen layer 'model.16.cv2.bn.weight'. See ednet.engine.trainer for customization of frozen layers.
WARNING ⚠️ setting 'requires_grad=True' for frozen layer 'model.16.cv2.bn.bias'. See ednet.engine.trainer for customization of frozen layers.
WARNING ⚠️ setting 'requires_grad=True' for frozen layer 'model.16.m.0.cv1.conv.base.weight'. See ednet.engine.trainer for customization of frozen layers.
WARNING ⚠️ setting 'requires_grad=True' for frozen layer 'model.16.m.0.cv1.bn.weight'. See ednet.engine.trainer for customization of frozen layers.
WARNING ⚠️ setting 'requires_grad=True' for frozen layer 'model.16.m.0.cv1.bn.bias'. See ednet.engine.trainer for customization of frozen layers.
WARNING ⚠️ setting 'requires_grad=True' for frozen layer 'model.16.m.0.cv2.conv.base.weight'. See ednet.engine.trainer for customization of frozen layers.
WARNING ⚠️ setting 'requires_grad=True' for frozen layer 'model.16.m.0.cv2.bn.weight'. See ednet.engine.trainer for customization of frozen layers.
WARNING ⚠️ setting 'requires_grad=True' for frozen layer 'model.16.m.0.cv2.bn.bias'. See ednet.engine.trainer for customization of frozen layers.
WARNING ⚠️ setting 'requires_grad=True' for frozen layer 'model.19.cv1.conv.weight'. See ednet.engine.trainer for customization of frozen layers.
WARNING ⚠️ setting 'requires_grad=True' for frozen layer 'model.19.cv1.bn.weight'. See ednet.engine.trainer for customization of frozen layers.
WARNING ⚠️ setting 'requires_grad=True' for frozen layer 'model.19.cv1.bn.bias'. See ednet.engine.trainer for customization of frozen layers.
WARNING ⚠️ setting 'requires_grad=True' for frozen layer 'model.19.cv2.conv.weight'. See ednet.engine.trainer for customization of frozen layers.
WARNING ⚠️ setting 'requires_grad=True' for frozen layer 'model.19.cv2.bn.weight'. See ednet.engine.trainer for customization of frozen layers.
WARNING ⚠️ setting 'requires_grad=True' for frozen layer 'model.19.cv2.bn.bias'. See ednet.engine.trainer for customization of frozen layers.
WARNING ⚠️ setting 'requires_grad=True' for frozen layer 'model.19.m.0.cv1.conv.weight'. See ednet.engine.trainer for customization of frozen layers.
WARNING ⚠️ setting 'requires_grad=True' for frozen layer 'model.19.m.0.cv1.bn.weight'. See ednet.engine.trainer for customization of frozen layers.
WARNING ⚠️ setting 'requires_grad=True' for frozen layer 'model.19.m.0.cv1.bn.bias'. See ednet.engine.trainer for customization of frozen layers.
WARNING ⚠️ setting 'requires_grad=True' for frozen layer 'model.19.m.0.cv2.conv.weight'. See ednet.engine.trainer for customization of frozen layers.
WARNING ⚠️ setting 'requires_grad=True' for frozen layer 'model.19.m.0.cv2.bn.weight'. See ednet.engine.trainer for customization of frozen layers.
WARNING ⚠️ setting 'requires_grad=True' for frozen layer 'model.19.m.0.cv2.bn.bias'. See ednet.engine.trainer for customization of frozen layers.
WARNING ⚠️ setting 'requires_grad=True' for frozen layer 'model.20.conv.weight'. See ednet.engine.trainer for customization of frozen layers.
WARNING ⚠️ setting 'requires_grad=True' for frozen layer 'model.20.bn.weight'. See ednet.engine.trainer for customization of frozen layers.
WARNING ⚠️ setting 'requires_grad=True' for frozen layer 'model.20.bn.bias'. See ednet.engine.trainer for customization of frozen layers.
WARNING ⚠️ setting 'requires_grad=True' for frozen layer 'model.22.cv1.conv.base.weight'. See ednet.engine.trainer for customization of frozen layers.
WARNING ⚠️ setting 'requires_grad=True' for frozen layer 'model.22.cv1.bn.weight'. See ednet.engine.trainer for customization of frozen layers.
WARNING ⚠️ setting 'requires_grad=True' for frozen layer 'model.22.cv1.bn.bias'. See ednet.engine.trainer for customization of frozen layers.
WARNING ⚠️ setting 'requires_grad=True' for frozen layer 'model.22.cv2.conv.base.weight'. See ednet.engine.trainer for customization of frozen layers.
WARNING ⚠️ setting 'requires_grad=True' for frozen layer 'model.22.cv2.bn.weight'. See ednet.engine.trainer for customization of frozen layers.
WARNING ⚠️ setting 'requires_grad=True' for frozen layer 'model.22.cv2.bn.bias'. See ednet.engine.trainer for customization of frozen layers.
WARNING ⚠️ setting 'requires_grad=True' for frozen layer 'model.22.m.0.cv1.conv.base.weight'. See ednet.engine.trainer for customization of frozen layers.
WARNING ⚠️ setting 'requires_grad=True' for frozen layer 'model.22.m.0.cv1.bn.weight'. See ednet.engine.trainer for customization of frozen layers.
WARNING ⚠️ setting 'requires_grad=True' for frozen layer 'model.22.m.0.cv1.bn.bias'. See ednet.engine.trainer for customization of frozen layers.
WARNING ⚠️ setting 'requires_grad=True' for frozen layer 'model.22.m.0.cv2.conv.base.weight'. See ednet.engine.trainer for customization of frozen layers.
WARNING ⚠️ setting 'requires_grad=True' for frozen layer 'model.22.m.0.cv2.bn.weight'. See ednet.engine.trainer for customization of frozen layers.
WARNING ⚠️ setting 'requires_grad=True' for frozen layer 'model.22.m.0.cv2.bn.bias'. See ednet.engine.trainer for customization of frozen layers.
WARNING ⚠️ setting 'requires_grad=True' for frozen layer 'model.23.conv.weight'. See ednet.engine.trainer for customization of frozen layers.
WARNING ⚠️ setting 'requires_grad=True' for frozen layer 'model.23.bn.weight'. See ednet.engine.trainer for customization of frozen layers.
WARNING ⚠️ setting 'requires_grad=True' for frozen layer 'model.23.bn.bias'. See ednet.engine.trainer for customization of frozen layers.
WARNING ⚠️ setting 'requires_grad=True' for frozen layer 'model.25.cv1.conv.base.weight'. See ednet.engine.trainer for customization of frozen layers.
WARNING ⚠️ setting 'requires_grad=True' for frozen layer 'model.25.cv1.bn.weight'. See ednet.engine.trainer for customization of frozen layers.
WARNING ⚠️ setting 'requires_grad=True' for frozen layer 'model.25.cv1.bn.bias'. See ednet.engine.trainer for customization of frozen layers.
WARNING ⚠️ setting 'requires_grad=True' for frozen layer 'model.25.cv2.conv.base.weight'. See ednet.engine.trainer for customization of frozen layers.
WARNING ⚠️ setting 'requires_grad=True' for frozen layer 'model.25.cv2.bn.weight'. See ednet.engine.trainer for customization of frozen layers.
WARNING ⚠️ setting 'requires_grad=True' for frozen layer 'model.25.cv2.bn.bias'. See ednet.engine.trainer for customization of frozen layers.
WARNING ⚠️ setting 'requires_grad=True' for frozen layer 'model.25.m.0.cv1.conv.base.weight'. See ednet.engine.trainer for customization of frozen layers.
WARNING ⚠️ setting 'requires_grad=True' for frozen layer 'model.25.m.0.cv1.bn.weight'. See ednet.engine.trainer for customization of frozen layers.
WARNING ⚠️ setting 'requires_grad=True' for frozen layer 'model.25.m.0.cv1.bn.bias'. See ednet.engine.trainer for customization of frozen layers.
WARNING ⚠️ setting 'requires_grad=True' for frozen layer 'model.25.m.0.cv2.conv.base.weight'. See ednet.engine.trainer for customization of frozen layers.
WARNING ⚠️ setting 'requires_grad=True' for frozen layer 'model.25.m.0.cv2.bn.weight'. See ednet.engine.trainer for customization of frozen layers.
WARNING ⚠️ setting 'requires_grad=True' for frozen layer 'model.25.m.0.cv2.bn.bias'. See ednet.engine.trainer for customization of frozen layers.
WARNING ⚠️ setting 'requires_grad=True' for frozen layer 'model.26.cv1.conv.weight'. See ednet.engine.trainer for customization of frozen layers.
WARNING ⚠️ setting 'requires_grad=True' for frozen layer 'model.26.cv1.bn.weight'. See ednet.engine.trainer for customization of frozen layers.
WARNING ⚠️ setting 'requires_grad=True' for frozen layer 'model.26.cv1.bn.bias'. See ednet.engine.trainer for customization of frozen layers.
WARNING ⚠️ setting 'requires_grad=True' for frozen layer 'model.26.cv2.conv.weight'. See ednet.engine.trainer for customization of frozen layers.
WARNING ⚠️ setting 'requires_grad=True' for frozen layer 'model.26.cv2.bn.weight'. See ednet.engine.trainer for customization of frozen layers.
WARNING ⚠️ setting 'requires_grad=True' for frozen layer 'model.26.cv2.bn.bias'. See ednet.engine.trainer for customization of frozen layers.
WARNING ⚠️ setting 'requires_grad=True' for frozen layer 'model.28.cv1.conv.weight'. See ednet.engine.trainer for customization of frozen layers.
WARNING ⚠️ setting 'requires_grad=True' for frozen layer 'model.28.cv1.bn.weight'. See ednet.engine.trainer for customization of frozen layers.
WARNING ⚠️ setting 'requires_grad=True' for frozen layer 'model.28.cv1.bn.bias'. See ednet.engine.trainer for customization of frozen layers.
WARNING ⚠️ setting 'requires_grad=True' for frozen layer 'model.28.cv2.conv.weight'. See ednet.engine.trainer for customization of frozen layers.
WARNING ⚠️ setting 'requires_grad=True' for frozen layer 'model.28.cv2.bn.weight'. See ednet.engine.trainer for customization of frozen layers.
WARNING ⚠️ setting 'requires_grad=True' for frozen layer 'model.28.cv2.bn.bias'. See ednet.engine.trainer for customization of frozen layers.
WARNING ⚠️ setting 'requires_grad=True' for frozen layer 'model.28.m.0.cv1.0.conv.weight'. See ednet.engine.trainer for customization of frozen layers.
WARNING ⚠️ setting 'requires_grad=True' for frozen layer 'model.28.m.0.cv1.0.bn.weight'. See ednet.engine.trainer for customization of frozen layers.
WARNING ⚠️ setting 'requires_grad=True' for frozen layer 'model.28.m.0.cv1.0.bn.bias'. See ednet.engine.trainer for customization of frozen layers.
WARNING ⚠️ setting 'requires_grad=True' for frozen layer 'model.28.m.0.cv1.1.conv.weight'. See ednet.engine.trainer for customization of frozen layers.
WARNING ⚠️ setting 'requires_grad=True' for frozen layer 'model.28.m.0.cv1.1.bn.weight'. See ednet.engine.trainer for customization of frozen layers.
WARNING ⚠️ setting 'requires_grad=True' for frozen layer 'model.28.m.0.cv1.1.bn.bias'. See ednet.engine.trainer for customization of frozen layers.
WARNING ⚠️ setting 'requires_grad=True' for frozen layer 'model.28.m.0.cv1.2.conv.conv.weight'. See ednet.engine.trainer for customization of frozen layers.
WARNING ⚠️ setting 'requires_grad=True' for frozen layer 'model.28.m.0.cv1.2.conv.bn.weight'. See ednet.engine.trainer for customization of frozen layers.
WARNING ⚠️ setting 'requires_grad=True' for frozen layer 'model.28.m.0.cv1.2.conv.bn.bias'. See ednet.engine.trainer for customization of frozen layers.
WARNING ⚠️ setting 'requires_grad=True' for frozen layer 'model.28.m.0.cv1.2.conv1.conv.weight'. See ednet.engine.trainer for customization of frozen layers.
WARNING ⚠️ setting 'requires_grad=True' for frozen layer 'model.28.m.0.cv1.2.conv1.bn.weight'. See ednet.engine.trainer for customization of frozen layers.
WARNING ⚠️ setting 'requires_grad=True' for frozen layer 'model.28.m.0.cv1.2.conv1.bn.bias'. See ednet.engine.trainer for customization of frozen layers.
WARNING ⚠️ setting 'requires_grad=True' for frozen layer 'model.28.m.0.cv1.3.conv.weight'. See ednet.engine.trainer for customization of frozen layers.
WARNING ⚠️ setting 'requires_grad=True' for frozen layer 'model.28.m.0.cv1.3.bn.weight'. See ednet.engine.trainer for customization of frozen layers.
WARNING ⚠️ setting 'requires_grad=True' for frozen layer 'model.28.m.0.cv1.3.bn.bias'. See ednet.engine.trainer for customization of frozen layers.
WARNING ⚠️ setting 'requires_grad=True' for frozen layer 'model.28.m.0.cv1.4.conv.weight'. See ednet.engine.trainer for customization of frozen layers.
WARNING ⚠️ setting 'requires_grad=True' for frozen layer 'model.28.m.0.cv1.4.bn.weight'. See ednet.engine.trainer for customization of frozen layers.
WARNING ⚠️ setting 'requires_grad=True' for frozen layer 'model.28.m.0.cv1.4.bn.bias'. See ednet.engine.trainer for customization of frozen layers.
WARNING ⚠️ setting 'requires_grad=True' for frozen layer 'model.29.cv2.0.0.conv.base.weight'. See ednet.engine.trainer for customization of frozen layers.
WARNING ⚠️ setting 'requires_grad=True' for frozen layer 'model.29.cv2.0.0.bn.weight'. See ednet.engine.trainer for customization of frozen layers.
WARNING ⚠️ setting 'requires_grad=True' for frozen layer 'model.29.cv2.0.0.bn.bias'. See ednet.engine.trainer for customization of frozen layers.
WARNING ⚠️ setting 'requires_grad=True' for frozen layer 'model.29.cv2.0.1.conv.base.weight'. See ednet.engine.trainer for customization of frozen layers.
WARNING ⚠️ setting 'requires_grad=True' for frozen layer 'model.29.cv2.0.1.bn.weight'. See ednet.engine.trainer for customization of frozen layers.
WARNING ⚠️ setting 'requires_grad=True' for frozen layer 'model.29.cv2.0.1.bn.bias'. See ednet.engine.trainer for customization of frozen layers.
WARNING ⚠️ setting 'requires_grad=True' for frozen layer 'model.29.cv2.0.2.weight'. See ednet.engine.trainer for customization of frozen layers.
WARNING ⚠️ setting 'requires_grad=True' for frozen layer 'model.29.cv2.0.2.bias'. See ednet.engine.trainer for customization of frozen layers.
WARNING ⚠️ setting 'requires_grad=True' for frozen layer 'model.29.cv2.1.0.conv.base.weight'. See ednet.engine.trainer for customization of frozen layers.
WARNING ⚠️ setting 'requires_grad=True' for frozen layer 'model.29.cv2.1.0.bn.weight'. See ednet.engine.trainer for customization of frozen layers.
WARNING ⚠️ setting 'requires_grad=True' for frozen layer 'model.29.cv2.1.0.bn.bias'. See ednet.engine.trainer for customization of frozen layers.
WARNING ⚠️ setting 'requires_grad=True' for frozen layer 'model.29.cv2.1.1.conv.base.weight'. See ednet.engine.trainer for customization of frozen layers.
WARNING ⚠️ setting 'requires_grad=True' for frozen layer 'model.29.cv2.1.1.bn.weight'. See ednet.engine.trainer for customization of frozen layers.
WARNING ⚠️ setting 'requires_grad=True' for frozen layer 'model.29.cv2.1.1.bn.bias'. See ednet.engine.trainer for customization of frozen layers.
WARNING ⚠️ setting 'requires_grad=True' for frozen layer 'model.29.cv2.1.2.weight'. See ednet.engine.trainer for customization of frozen layers.
WARNING ⚠️ setting 'requires_grad=True' for frozen layer 'model.29.cv2.1.2.bias'. See ednet.engine.trainer for customization of frozen layers.
WARNING ⚠️ setting 'requires_grad=True' for frozen layer 'model.29.cv2.2.0.conv.base.weight'. See ednet.engine.trainer for customization of frozen layers.
WARNING ⚠️ setting 'requires_grad=True' for frozen layer 'model.29.cv2.2.0.bn.weight'. See ednet.engine.trainer for customization of frozen layers.
WARNING ⚠️ setting 'requires_grad=True' for frozen layer 'model.29.cv2.2.0.bn.bias'. See ednet.engine.trainer for customization of frozen layers.
WARNING ⚠️ setting 'requires_grad=True' for frozen layer 'model.29.cv2.2.1.conv.base.weight'. See ednet.engine.trainer for customization of frozen layers.
WARNING ⚠️ setting 'requires_grad=True' for frozen layer 'model.29.cv2.2.1.bn.weight'. See ednet.engine.trainer for customization of frozen layers.
WARNING ⚠️ setting 'requires_grad=True' for frozen layer 'model.29.cv2.2.1.bn.bias'. See ednet.engine.trainer for customization of frozen layers.
WARNING ⚠️ setting 'requires_grad=True' for frozen layer 'model.29.cv2.2.2.weight'. See ednet.engine.trainer for customization of frozen layers.
WARNING ⚠️ setting 'requires_grad=True' for frozen layer 'model.29.cv2.2.2.bias'. See ednet.engine.trainer for customization of frozen layers.
WARNING ⚠️ setting 'requires_grad=True' for frozen layer 'model.29.cv2.3.0.conv.base.weight'. See ednet.engine.trainer for customization of frozen layers.
WARNING ⚠️ setting 'requires_grad=True' for frozen layer 'model.29.cv2.3.0.bn.weight'. See ednet.engine.trainer for customization of frozen layers.
WARNING ⚠️ setting 'requires_grad=True' for frozen layer 'model.29.cv2.3.0.bn.bias'. See ednet.engine.trainer for customization of frozen layers.
WARNING ⚠️ setting 'requires_grad=True' for frozen layer 'model.29.cv2.3.1.conv.base.weight'. See ednet.engine.trainer for customization of frozen layers.
WARNING ⚠️ setting 'requires_grad=True' for frozen layer 'model.29.cv2.3.1.bn.weight'. See ednet.engine.trainer for customization of frozen layers.
WARNING ⚠️ setting 'requires_grad=True' for frozen layer 'model.29.cv2.3.1.bn.bias'. See ednet.engine.trainer for customization of frozen layers.
WARNING ⚠️ setting 'requires_grad=True' for frozen layer 'model.29.cv2.3.2.weight'. See ednet.engine.trainer for customization of frozen layers.
WARNING ⚠️ setting 'requires_grad=True' for frozen layer 'model.29.cv2.3.2.bias'. See ednet.engine.trainer for customization of frozen layers.
WARNING ⚠️ setting 'requires_grad=True' for frozen layer 'model.29.cv3.0.0.0.conv.weight'. See ednet.engine.trainer for customization of frozen layers.
WARNING ⚠️ setting 'requires_grad=True' for frozen layer 'model.29.cv3.0.0.0.bn.weight'. See ednet.engine.trainer for customization of frozen layers.
WARNING ⚠️ setting 'requires_grad=True' for frozen layer 'model.29.cv3.0.0.0.bn.bias'. See ednet.engine.trainer for customization of frozen layers.
WARNING ⚠️ setting 'requires_grad=True' for frozen layer 'model.29.cv3.0.0.1.conv.base.weight'. See ednet.engine.trainer for customization of frozen layers.
WARNING ⚠️ setting 'requires_grad=True' for frozen layer 'model.29.cv3.0.0.1.bn.weight'. See ednet.engine.trainer for customization of frozen layers.
WARNING ⚠️ setting 'requires_grad=True' for frozen layer 'model.29.cv3.0.0.1.bn.bias'. See ednet.engine.trainer for customization of frozen layers.
WARNING ⚠️ setting 'requires_grad=True' for frozen layer 'model.29.cv3.0.1.0.conv.weight'. See ednet.engine.trainer for customization of frozen layers.
WARNING ⚠️ setting 'requires_grad=True' for frozen layer 'model.29.cv3.0.1.0.bn.weight'. See ednet.engine.trainer for customization of frozen layers.
WARNING ⚠️ setting 'requires_grad=True' for frozen layer 'model.29.cv3.0.1.0.bn.bias'. See ednet.engine.trainer for customization of frozen layers.
WARNING ⚠️ setting 'requires_grad=True' for frozen layer 'model.29.cv3.0.1.1.conv.base.weight'. See ednet.engine.trainer for customization of frozen layers.
WARNING ⚠️ setting 'requires_grad=True' for frozen layer 'model.29.cv3.0.1.1.bn.weight'. See ednet.engine.trainer for customization of frozen layers.
WARNING ⚠️ setting 'requires_grad=True' for frozen layer 'model.29.cv3.0.1.1.bn.bias'. See ednet.engine.trainer for customization of frozen layers.
WARNING ⚠️ setting 'requires_grad=True' for frozen layer 'model.29.cv3.0.2.weight'. See ednet.engine.trainer for customization of frozen layers.
WARNING ⚠️ setting 'requires_grad=True' for frozen layer 'model.29.cv3.0.2.bias'. See ednet.engine.trainer for customization of frozen layers.
WARNING ⚠️ setting 'requires_grad=True' for frozen layer 'model.29.cv3.1.0.0.conv.weight'. See ednet.engine.trainer for customization of frozen layers.
WARNING ⚠️ setting 'requires_grad=True' for frozen layer 'model.29.cv3.1.0.0.bn.weight'. See ednet.engine.trainer for customization of frozen layers.
WARNING ⚠️ setting 'requires_grad=True' for frozen layer 'model.29.cv3.1.0.0.bn.bias'. See ednet.engine.trainer for customization of frozen layers.
WARNING ⚠️ setting 'requires_grad=True' for frozen layer 'model.29.cv3.1.0.1.conv.base.weight'. See ednet.engine.trainer for customization of frozen layers.
WARNING ⚠️ setting 'requires_grad=True' for frozen layer 'model.29.cv3.1.0.1.bn.weight'. See ednet.engine.trainer for customization of frozen layers.
WARNING ⚠️ setting 'requires_grad=True' for frozen layer 'model.29.cv3.1.0.1.bn.bias'. See ednet.engine.trainer for customization of frozen layers.
WARNING ⚠️ setting 'requires_grad=True' for frozen layer 'model.29.cv3.1.1.0.conv.weight'. See ednet.engine.trainer for customization of frozen layers.
WARNING ⚠️ setting 'requires_grad=True' for frozen layer 'model.29.cv3.1.1.0.bn.weight'. See ednet.engine.trainer for customization of frozen layers.
WARNING ⚠️ setting 'requires_grad=True' for frozen layer 'model.29.cv3.1.1.0.bn.bias'. See ednet.engine.trainer for customization of frozen layers.
WARNING ⚠️ setting 'requires_grad=True' for frozen layer 'model.29.cv3.1.1.1.conv.base.weight'. See ednet.engine.trainer for customization of frozen layers.
WARNING ⚠️ setting 'requires_grad=True' for frozen layer 'model.29.cv3.1.1.1.bn.weight'. See ednet.engine.trainer for customization of frozen layers.
WARNING ⚠️ setting 'requires_grad=True' for frozen layer 'model.29.cv3.1.1.1.bn.bias'. See ednet.engine.trainer for customization of frozen layers.
WARNING ⚠️ setting 'requires_grad=True' for frozen layer 'model.29.cv3.1.2.weight'. See ednet.engine.trainer for customization of frozen layers.
WARNING ⚠️ setting 'requires_grad=True' for frozen layer 'model.29.cv3.1.2.bias'. See ednet.engine.trainer for customization of frozen layers.
WARNING ⚠️ setting 'requires_grad=True' for frozen layer 'model.29.cv3.2.0.0.conv.weight'. See ednet.engine.trainer for customization of frozen layers.
WARNING ⚠️ setting 'requires_grad=True' for frozen layer 'model.29.cv3.2.0.0.bn.weight'. See ednet.engine.trainer for customization of frozen layers.
WARNING ⚠️ setting 'requires_grad=True' for frozen layer 'model.29.cv3.2.0.0.bn.bias'. See ednet.engine.trainer for customization of frozen layers.
WARNING ⚠️ setting 'requires_grad=True' for frozen layer 'model.29.cv3.2.0.1.conv.base.weight'. See ednet.engine.trainer for customization of frozen layers.
WARNING ⚠️ setting 'requires_grad=True' for frozen layer 'model.29.cv3.2.0.1.bn.weight'. See ednet.engine.trainer for customization of frozen layers.
WARNING ⚠️ setting 'requires_grad=True' for frozen layer 'model.29.cv3.2.0.1.bn.bias'. See ednet.engine.trainer for customization of frozen layers.
WARNING ⚠️ setting 'requires_grad=True' for frozen layer 'model.29.cv3.2.1.0.conv.weight'. See ednet.engine.trainer for customization of frozen layers.
WARNING ⚠️ setting 'requires_grad=True' for frozen layer 'model.29.cv3.2.1.0.bn.weight'. See ednet.engine.trainer for customization of frozen layers.
WARNING ⚠️ setting 'requires_grad=True' for frozen layer 'model.29.cv3.2.1.0.bn.bias'. See ednet.engine.trainer for customization of frozen layers.
WARNING ⚠️ setting 'requires_grad=True' for frozen layer 'model.29.cv3.2.1.1.conv.base.weight'. See ednet.engine.trainer for customization of frozen layers.
WARNING ⚠️ setting 'requires_grad=True' for frozen layer 'model.29.cv3.2.1.1.bn.weight'. See ednet.engine.trainer for customization of frozen layers.
WARNING ⚠️ setting 'requires_grad=True' for frozen layer 'model.29.cv3.2.1.1.bn.bias'. See ednet.engine.trainer for customization of frozen layers.
WARNING ⚠️ setting 'requires_grad=True' for frozen layer 'model.29.cv3.2.2.weight'. See ednet.engine.trainer for customization of frozen layers.
WARNING ⚠️ setting 'requires_grad=True' for frozen layer 'model.29.cv3.2.2.bias'. See ednet.engine.trainer for customization of frozen layers.
WARNING ⚠️ setting 'requires_grad=True' for frozen layer 'model.29.cv3.3.0.0.conv.weight'. See ednet.engine.trainer for customization of frozen layers.
WARNING ⚠️ setting 'requires_grad=True' for frozen layer 'model.29.cv3.3.0.0.bn.weight'. See ednet.engine.trainer for customization of frozen layers.
WARNING ⚠️ setting 'requires_grad=True' for frozen layer 'model.29.cv3.3.0.0.bn.bias'. See ednet.engine.trainer for customization of frozen layers.
WARNING ⚠️ setting 'requires_grad=True' for frozen layer 'model.29.cv3.3.0.1.conv.base.weight'. See ednet.engine.trainer for customization of frozen layers.
WARNING ⚠️ setting 'requires_grad=True' for frozen layer 'model.29.cv3.3.0.1.bn.weight'. See ednet.engine.trainer for customization of frozen layers.
WARNING ⚠️ setting 'requires_grad=True' for frozen layer 'model.29.cv3.3.0.1.bn.bias'. See ednet.engine.trainer for customization of frozen layers.
WARNING ⚠️ setting 'requires_grad=True' for frozen layer 'model.29.cv3.3.1.0.conv.weight'. See ednet.engine.trainer for customization of frozen layers.
WARNING ⚠️ setting 'requires_grad=True' for frozen layer 'model.29.cv3.3.1.0.bn.weight'. See ednet.engine.trainer for customization of frozen layers.
WARNING ⚠️ setting 'requires_grad=True' for frozen layer 'model.29.cv3.3.1.0.bn.bias'. See ednet.engine.trainer for customization of frozen layers.
WARNING ⚠️ setting 'requires_grad=True' for frozen layer 'model.29.cv3.3.1.1.conv.base.weight'. See ednet.engine.trainer for customization of frozen layers.
WARNING ⚠️ setting 'requires_grad=True' for frozen layer 'model.29.cv3.3.1.1.bn.weight'. See ednet.engine.trainer for customization of frozen layers.
WARNING ⚠️ setting 'requires_grad=True' for frozen layer 'model.29.cv3.3.1.1.bn.bias'. See ednet.engine.trainer for customization of frozen layers.
WARNING ⚠️ setting 'requires_grad=True' for frozen layer 'model.29.cv3.3.2.weight'. See ednet.engine.trainer for customization of frozen layers.
WARNING ⚠️ setting 'requires_grad=True' for frozen layer 'model.29.cv3.3.2.bias'. See ednet.engine.trainer for customization of frozen layers.
Freezing layer 'model.29.dfl.conv.weight'
WARNING ⚠️ setting 'requires_grad=True' for frozen layer 'model.29.one2one_cv2.0.0.conv.weight'. See ednet.engine.trainer for customization of frozen layers.
WARNING ⚠️ setting 'requires_grad=True' for frozen layer 'model.29.one2one_cv2.0.0.bn.weight'. See ednet.engine.trainer for customization of frozen layers.
WARNING ⚠️ setting 'requires_grad=True' for frozen layer 'model.29.one2one_cv2.0.0.bn.bias'. See ednet.engine.trainer for customization of frozen layers.
WARNING ⚠️ setting 'requires_grad=True' for frozen layer 'model.29.one2one_cv2.0.1.conv.weight'. See ednet.engine.trainer for customization of frozen layers.
WARNING ⚠️ setting 'requires_grad=True' for frozen layer 'model.29.one2one_cv2.0.1.bn.weight'. See ednet.engine.trainer for customization of frozen layers.
WARNING ⚠️ setting 'requires_grad=True' for frozen layer 'model.29.one2one_cv2.0.1.bn.bias'. See ednet.engine.trainer for customization of frozen layers.
WARNING ⚠️ setting 'requires_grad=True' for frozen layer 'model.29.one2one_cv2.0.2.weight'. See ednet.engine.trainer for customization of frozen layers.
WARNING ⚠️ setting 'requires_grad=True' for frozen layer 'model.29.one2one_cv2.0.2.bias'. See ednet.engine.trainer for customization of frozen layers.
WARNING ⚠️ setting 'requires_grad=True' for frozen layer 'model.29.one2one_cv2.1.0.conv.weight'. See ednet.engine.trainer for customization of frozen layers.
WARNING ⚠️ setting 'requires_grad=True' for frozen layer 'model.29.one2one_cv2.1.0.bn.weight'. See ednet.engine.trainer for customization of frozen layers.
WARNING ⚠️ setting 'requires_grad=True' for frozen layer 'model.29.one2one_cv2.1.0.bn.bias'. See ednet.engine.trainer for customization of frozen layers.
WARNING ⚠️ setting 'requires_grad=True' for frozen layer 'model.29.one2one_cv2.1.1.conv.weight'. See ednet.engine.trainer for customization of frozen layers.
WARNING ⚠️ setting 'requires_grad=True' for frozen layer 'model.29.one2one_cv2.1.1.bn.weight'. See ednet.engine.trainer for customization of frozen layers.
WARNING ⚠️ setting 'requires_grad=True' for frozen layer 'model.29.one2one_cv2.1.1.bn.bias'. See ednet.engine.trainer for customization of frozen layers.
WARNING ⚠️ setting 'requires_grad=True' for frozen layer 'model.29.one2one_cv2.1.2.weight'. See ednet.engine.trainer for customization of frozen layers.
WARNING ⚠️ setting 'requires_grad=True' for frozen layer 'model.29.one2one_cv2.1.2.bias'. See ednet.engine.trainer for customization of frozen layers.
WARNING ⚠️ setting 'requires_grad=True' for frozen layer 'model.29.one2one_cv2.2.0.conv.weight'. See ednet.engine.trainer for customization of frozen layers.
WARNING ⚠️ setting 'requires_grad=True' for frozen layer 'model.29.one2one_cv2.2.0.bn.weight'. See ednet.engine.trainer for customization of frozen layers.
WARNING ⚠️ setting 'requires_grad=True' for frozen layer 'model.29.one2one_cv2.2.0.bn.bias'. See ednet.engine.trainer for customization of frozen layers.
WARNING ⚠️ setting 'requires_grad=True' for frozen layer 'model.29.one2one_cv2.2.1.conv.weight'. See ednet.engine.trainer for customization of frozen layers.
WARNING ⚠️ setting 'requires_grad=True' for frozen layer 'model.29.one2one_cv2.2.1.bn.weight'. See ednet.engine.trainer for customization of frozen layers.
WARNING ⚠️ setting 'requires_grad=True' for frozen layer 'model.29.one2one_cv2.2.1.bn.bias'. See ednet.engine.trainer for customization of frozen layers.
WARNING ⚠️ setting 'requires_grad=True' for frozen layer 'model.29.one2one_cv2.2.2.weight'. See ednet.engine.trainer for customization of frozen layers.
WARNING ⚠️ setting 'requires_grad=True' for frozen layer 'model.29.one2one_cv2.2.2.bias'. See ednet.engine.trainer for customization of frozen layers.
WARNING ⚠️ setting 'requires_grad=True' for frozen layer 'model.29.one2one_cv2.3.0.conv.weight'. See ednet.engine.trainer for customization of frozen layers.
WARNING ⚠️ setting 'requires_grad=True' for frozen layer 'model.29.one2one_cv2.3.0.bn.weight'. See ednet.engine.trainer for customization of frozen layers.
WARNING ⚠️ setting 'requires_grad=True' for frozen layer 'model.29.one2one_cv2.3.0.bn.bias'. See ednet.engine.trainer for customization of frozen layers.
WARNING ⚠️ setting 'requires_grad=True' for frozen layer 'model.29.one2one_cv2.3.1.conv.weight'. See ednet.engine.trainer for customization of frozen layers.
WARNING ⚠️ setting 'requires_grad=True' for frozen layer 'model.29.one2one_cv2.3.1.bn.weight'. See ednet.engine.trainer for customization of frozen layers.
WARNING ⚠️ setting 'requires_grad=True' for frozen layer 'model.29.one2one_cv2.3.1.bn.bias'. See ednet.engine.trainer for customization of frozen layers.
WARNING ⚠️ setting 'requires_grad=True' for frozen layer 'model.29.one2one_cv2.3.2.weight'. See ednet.engine.trainer for customization of frozen layers.
WARNING ⚠️ setting 'requires_grad=True' for frozen layer 'model.29.one2one_cv2.3.2.bias'. See ednet.engine.trainer for customization of frozen layers.
WARNING ⚠️ setting 'requires_grad=True' for frozen layer 'model.29.one2one_cv3.0.0.0.conv.weight'. See ednet.engine.trainer for customization of frozen layers.
WARNING ⚠️ setting 'requires_grad=True' for frozen layer 'model.29.one2one_cv3.0.0.0.bn.weight'. See ednet.engine.trainer for customization of frozen layers.
WARNING ⚠️ setting 'requires_grad=True' for frozen layer 'model.29.one2one_cv3.0.0.0.bn.bias'. See ednet.engine.trainer for customization of frozen layers.
WARNING ⚠️ setting 'requires_grad=True' for frozen layer 'model.29.one2one_cv3.0.0.1.conv.weight'. See ednet.engine.trainer for customization of frozen layers.
WARNING ⚠️ setting 'requires_grad=True' for frozen layer 'model.29.one2one_cv3.0.0.1.bn.weight'. See ednet.engine.trainer for customization of frozen layers.
WARNING ⚠️ setting 'requires_grad=True' for frozen layer 'model.29.one2one_cv3.0.0.1.bn.bias'. See ednet.engine.trainer for customization of frozen layers.
WARNING ⚠️ setting 'requires_grad=True' for frozen layer 'model.29.one2one_cv3.0.1.0.conv.weight'. See ednet.engine.trainer for customization of frozen layers.
WARNING ⚠️ setting 'requires_grad=True' for frozen layer 'model.29.one2one_cv3.0.1.0.bn.weight'. See ednet.engine.trainer for customization of frozen layers.
WARNING ⚠️ setting 'requires_grad=True' for frozen layer 'model.29.one2one_cv3.0.1.0.bn.bias'. See ednet.engine.trainer for customization of frozen layers.
WARNING ⚠️ setting 'requires_grad=True' for frozen layer 'model.29.one2one_cv3.0.1.1.conv.weight'. See ednet.engine.trainer for customization of frozen layers.
WARNING ⚠️ setting 'requires_grad=True' for frozen layer 'model.29.one2one_cv3.0.1.1.bn.weight'. See ednet.engine.trainer for customization of frozen layers.
WARNING ⚠️ setting 'requires_grad=True' for frozen layer 'model.29.one2one_cv3.0.1.1.bn.bias'. See ednet.engine.trainer for customization of frozen layers.
WARNING ⚠️ setting 'requires_grad=True' for frozen layer 'model.29.one2one_cv3.0.2.weight'. See ednet.engine.trainer for customization of frozen layers.
WARNING ⚠️ setting 'requires_grad=True' for frozen layer 'model.29.one2one_cv3.0.2.bias'. See ednet.engine.trainer for customization of frozen layers.
WARNING ⚠️ setting 'requires_grad=True' for frozen layer 'model.29.one2one_cv3.1.0.0.conv.weight'. See ednet.engine.trainer for customization of frozen layers.
WARNING ⚠️ setting 'requires_grad=True' for frozen layer 'model.29.one2one_cv3.1.0.0.bn.weight'. See ednet.engine.trainer for customization of frozen layers.
WARNING ⚠️ setting 'requires_grad=True' for frozen layer 'model.29.one2one_cv3.1.0.0.bn.bias'. See ednet.engine.trainer for customization of frozen layers.
WARNING ⚠️ setting 'requires_grad=True' for frozen layer 'model.29.one2one_cv3.1.0.1.conv.weight'. See ednet.engine.trainer for customization of frozen layers.
WARNING ⚠️ setting 'requires_grad=True' for frozen layer 'model.29.one2one_cv3.1.0.1.bn.weight'. See ednet.engine.trainer for customization of frozen layers.
WARNING ⚠️ setting 'requires_grad=True' for frozen layer 'model.29.one2one_cv3.1.0.1.bn.bias'. See ednet.engine.trainer for customization of frozen layers.
WARNING ⚠️ setting 'requires_grad=True' for frozen layer 'model.29.one2one_cv3.1.1.0.conv.weight'. See ednet.engine.trainer for customization of frozen layers.
WARNING ⚠️ setting 'requires_grad=True' for frozen layer 'model.29.one2one_cv3.1.1.0.bn.weight'. See ednet.engine.trainer for customization of frozen layers.
WARNING ⚠️ setting 'requires_grad=True' for frozen layer 'model.29.one2one_cv3.1.1.0.bn.bias'. See ednet.engine.trainer for customization of frozen layers.
WARNING ⚠️ setting 'requires_grad=True' for frozen layer 'model.29.one2one_cv3.1.1.1.conv.weight'. See ednet.engine.trainer for customization of frozen layers.
WARNING ⚠️ setting 'requires_grad=True' for frozen layer 'model.29.one2one_cv3.1.1.1.bn.weight'. See ednet.engine.trainer for customization of frozen layers.
WARNING ⚠️ setting 'requires_grad=True' for frozen layer 'model.29.one2one_cv3.1.1.1.bn.bias'. See ednet.engine.trainer for customization of frozen layers.
WARNING ⚠️ setting 'requires_grad=True' for frozen layer 'model.29.one2one_cv3.1.2.weight'. See ednet.engine.trainer for customization of frozen layers.
WARNING ⚠️ setting 'requires_grad=True' for frozen layer 'model.29.one2one_cv3.1.2.bias'. See ednet.engine.trainer for customization of frozen layers.
WARNING ⚠️ setting 'requires_grad=True' for frozen layer 'model.29.one2one_cv3.2.0.0.conv.weight'. See ednet.engine.trainer for customization of frozen layers.
WARNING ⚠️ setting 'requires_grad=True' for frozen layer 'model.29.one2one_cv3.2.0.0.bn.weight'. See ednet.engine.trainer for customization of frozen layers.
WARNING ⚠️ setting 'requires_grad=True' for frozen layer 'model.29.one2one_cv3.2.0.0.bn.bias'. See ednet.engine.trainer for customization of frozen layers.
WARNING ⚠️ setting 'requires_grad=True' for frozen layer 'model.29.one2one_cv3.2.0.1.conv.weight'. See ednet.engine.trainer for customization of frozen layers.
WARNING ⚠️ setting 'requires_grad=True' for frozen layer 'model.29.one2one_cv3.2.0.1.bn.weight'. See ednet.engine.trainer for customization of frozen layers.
WARNING ⚠️ setting 'requires_grad=True' for frozen layer 'model.29.one2one_cv3.2.0.1.bn.bias'. See ednet.engine.trainer for customization of frozen layers.
WARNING ⚠️ setting 'requires_grad=True' for frozen layer 'model.29.one2one_cv3.2.1.0.conv.weight'. See ednet.engine.trainer for customization of frozen layers.
WARNING ⚠️ setting 'requires_grad=True' for frozen layer 'model.29.one2one_cv3.2.1.0.bn.weight'. See ednet.engine.trainer for customization of frozen layers.
WARNING ⚠️ setting 'requires_grad=True' for frozen layer 'model.29.one2one_cv3.2.1.0.bn.bias'. See ednet.engine.trainer for customization of frozen layers.
WARNING ⚠️ setting 'requires_grad=True' for frozen layer 'model.29.one2one_cv3.2.1.1.conv.weight'. See ednet.engine.trainer for customization of frozen layers.
WARNING ⚠️ setting 'requires_grad=True' for frozen layer 'model.29.one2one_cv3.2.1.1.bn.weight'. See ednet.engine.trainer for customization of frozen layers.
WARNING ⚠️ setting 'requires_grad=True' for frozen layer 'model.29.one2one_cv3.2.1.1.bn.bias'. See ednet.engine.trainer for customization of frozen layers.
WARNING ⚠️ setting 'requires_grad=True' for frozen layer 'model.29.one2one_cv3.2.2.weight'. See ednet.engine.trainer for customization of frozen layers.
WARNING ⚠️ setting 'requires_grad=True' for frozen layer 'model.29.one2one_cv3.2.2.bias'. See ednet.engine.trainer for customization of frozen layers.
WARNING ⚠️ setting 'requires_grad=True' for frozen layer 'model.29.one2one_cv3.3.0.0.conv.weight'. See ednet.engine.trainer for customization of frozen layers.
WARNING ⚠️ setting 'requires_grad=True' for frozen layer 'model.29.one2one_cv3.3.0.0.bn.weight'. See ednet.engine.trainer for customization of frozen layers.
WARNING ⚠️ setting 'requires_grad=True' for frozen layer 'model.29.one2one_cv3.3.0.0.bn.bias'. See ednet.engine.trainer for customization of frozen layers.
WARNING ⚠️ setting 'requires_grad=True' for frozen layer 'model.29.one2one_cv3.3.0.1.conv.weight'. See ednet.engine.trainer for customization of frozen layers.
WARNING ⚠️ setting 'requires_grad=True' for frozen layer 'model.29.one2one_cv3.3.0.1.bn.weight'. See ednet.engine.trainer for customization of frozen layers.
WARNING ⚠️ setting 'requires_grad=True' for frozen layer 'model.29.one2one_cv3.3.0.1.bn.bias'. See ednet.engine.trainer for customization of frozen layers.
WARNING ⚠️ setting 'requires_grad=True' for frozen layer 'model.29.one2one_cv3.3.1.0.conv.weight'. See ednet.engine.trainer for customization of frozen layers.
WARNING ⚠️ setting 'requires_grad=True' for frozen layer 'model.29.one2one_cv3.3.1.0.bn.weight'. See ednet.engine.trainer for customization of frozen layers.
WARNING ⚠️ setting 'requires_grad=True' for frozen layer 'model.29.one2one_cv3.3.1.0.bn.bias'. See ednet.engine.trainer for customization of frozen layers.
WARNING ⚠️ setting 'requires_grad=True' for frozen layer 'model.29.one2one_cv3.3.1.1.conv.weight'. See ednet.engine.trainer for customization of frozen layers.
WARNING ⚠️ setting 'requires_grad=True' for frozen layer 'model.29.one2one_cv3.3.1.1.bn.weight'. See ednet.engine.trainer for customization of frozen layers.
WARNING ⚠️ setting 'requires_grad=True' for frozen layer 'model.29.one2one_cv3.3.1.1.bn.bias'. See ednet.engine.trainer for customization of frozen layers.
WARNING ⚠️ setting 'requires_grad=True' for frozen layer 'model.29.one2one_cv3.3.2.weight'. See ednet.engine.trainer for customization of frozen layers.
WARNING ⚠️ setting 'requires_grad=True' for frozen layer 'model.29.one2one_cv3.3.2.bias'. See ednet.engine.trainer for customization of frozen layers.
[34m[1mAMP: [0mrunning Automatic Mixed Precision (AMP) checks with YOLOv8n...
[34m[1mAMP: [0mchecks passed ✅
Plotting labels to /home/ddwilde/scriptie/runs/dota_saab/stage2-saab5/labels.jpg... 
[34m[1moptimizer:[0m 'optimizer=auto' found, ignoring 'lr0=0.01' and 'momentum=0.937' and determining best 'optimizer', 'lr0' and 'momentum' automatically... 
[34m[1moptimizer:[0m AdamW(lr=0.000526, momentum=0.9) with parameter groups 117 weight(decay=0.0), 202 weight(decay=0.0005), 139 bias(decay=0.0)
Memory replay enabled from /home/ddwilde/scriptie/datasets/memory/stage1/images with batch size 4 (50.0% of primary batch).
Skipping fusion for LoRA-wrapped layer Conv
Skipping fusion for LoRA-wrapped layer Conv
Skipping fusion for LoRA-wrapped layer Conv
Skipping fusion for LoRA-wrapped layer Conv
Skipping fusion for LoRA-wrapped layer Conv
Skipping fusion for LoRA-wrapped layer Conv
Skipping fusion for LoRA-wrapped layer Conv
Skipping fusion for LoRA-wrapped layer Conv
Skipping fusion for LoRA-wrapped layer Conv
Skipping fusion for LoRA-wrapped layer Conv
Skipping fusion for LoRA-wrapped layer Conv
Skipping fusion for LoRA-wrapped layer Conv
Skipping fusion for LoRA-wrapped layer Conv
Skipping fusion for LoRA-wrapped layer Conv
Skipping fusion for LoRA-wrapped layer Conv
Skipping fusion for LoRA-wrapped layer Conv
Skipping fusion for LoRA-wrapped layer Conv
Skipping fusion for LoRA-wrapped layer Conv
Skipping fusion for LoRA-wrapped layer Conv
Skipping fusion for LoRA-wrapped layer Conv
Skipping fusion for LoRA-wrapped layer Conv
Skipping fusion for LoRA-wrapped layer Conv
Skipping fusion for LoRA-wrapped layer Conv
Skipping fusion for LoRA-wrapped layer Conv
Skipping fusion for LoRA-wrapped layer Conv
Skipping fusion for LoRA-wrapped layer Conv
Skipping fusion for LoRA-wrapped layer Conv
Skipping fusion for LoRA-wrapped layer Conv
[34m[1mTensorBoard: [0mmodel graph visualization added ✅
Image sizes 640 train, 640 val
Using 8 dataloader workers
Logging results to [1m/home/ddwilde/scriptie/runs/dota_saab/stage2-saab5[0m
Starting training for 5 epochs...

      Epoch    GPU_mem   box_loss   cls_loss   dfl_loss  Instances       Size
                   all        367       9837      0.178     0.0764     0.0588     0.0273

      Epoch    GPU_mem   box_loss   cls_loss   dfl_loss  Instances       Size
                   all        367       9837      0.303     0.0915      0.112     0.0573

      Epoch    GPU_mem   box_loss   cls_loss   dfl_loss  Instances       Size
                   all        367       9837      0.288     0.0866     0.0899      0.051

      Epoch    GPU_mem   box_loss   cls_loss   dfl_loss  Instances       Size
                   all        367       9837       0.33      0.109      0.102     0.0607

      Epoch    GPU_mem   box_loss   cls_loss   dfl_loss  Instances       Size
                   all        367       9837       0.33     0.0929     0.0954     0.0594

5 epochs completed in 0.098 hours.
Optimizer stripped from /home/ddwilde/scriptie/runs/dota_saab/stage2-saab5/weights/last.pt, 19.5MB
Optimizer stripped from /home/ddwilde/scriptie/runs/dota_saab/stage2-saab5/weights/best.pt, 19.5MB

Validating /home/ddwilde/scriptie/runs/dota_saab/stage2-saab5/weights/best.pt...
EDNet 1.0 ✅ Python-3.10.4 ✅ torch-2.8.0+cu128 ✅CUDA:0 (NVIDIA A100-SXM4-40GB, 40441MiB)
Skipping layer fusion for LoRA-enabled model during weight loading.
                   all        367       9837       0.33      0.109      0.102     0.0607
      baseball-diamond         46        185          0          0          0          0
          tennis-court         75        639      0.132      0.412      0.202      0.148
      basketball-court         28        110          0          0          0          0
    ground-track-field         58        119          0          0          0          0
         large-vehicle         83       3527      0.711      0.497      0.581      0.341
         small-vehicle         99       4549      0.459      0.183      0.233      0.118
            helicopter          7         42          1          0          0          0
            roundabout         49        142          1          0          0          0
     soccer-ball-field         52        127          0          0          0          0
         swimming-pool         34        397          0          0          0          0
Speed: 0.1ms preprocess, 2.4ms inference, 0.0ms loss, 0.1ms postprocess per image
Results saved to [1m/home/ddwilde/scriptie/runs/dota_saab/stage2-saab5[0m
Training finished. Results saved in: /home/ddwilde/scriptie/runs/dota_saab/stage2-saab5
EDNet 1.0 ✅ Python-3.10.4 ✅ torch-2.8.0+cu128 ✅CUDA:0 (NVIDIA A100-SXM4-40GB, 40441MiB)
[34m[1mengine/trainer: [0mtask=detect, mode=train, model=/home/ddwilde/scriptie/runs/dota_saab/stage2-saab/weights/best.pt, data=/home/ddwilde/scriptie/yaml/DOTA-stage3.yaml, epochs=5, time=None, patience=100, batch=8, imgsz=640, save=True, save_period=-1, cache=False, device=None, workers=8, project=/home/ddwilde/scriptie/runs/dota_saab, name=stage3-saab5, exist_ok=False, pretrained=True, optimizer=auto, verbose=True, seed=0, deterministic=True, single_cls=False, rect=False, cos_lr=False, close_mosaic=10, resume=False, amp=True, fraction=1.0, profile=False, freeze=None, multi_scale=False, lora={'enable': True, 'freeze_backbone': True}, continual={'enable': False, 'batches': [], 'adapter_strategy': 'last', 'save_history': True}, replay={'enable': True, 'buffer_per_class': 128, 'sample_per_batch': 32, 'loss_weight': 1.0, 'init_buffer': '/home/ddwilde/scriptie/runs/dota_saab/stage2-saab5/replay/buffer.pt', 'memory_dir': '/home/ddwilde/scriptie/datasets/memory/stage3', 'memory_ratio': 0.5, 'tiny_max_pixels': 320}, overlap_mask=True, mask_ratio=4, dropout=0.0, val=True, split=val, save_json=False, save_hybrid=False, conf=None, iou=0.7, max_det=300, half=False, dnn=False, plots=True, source=None, vid_stride=1, stream_buffer=False, visualize=False, augment=False, agnostic_nms=False, classes=None, retina_masks=False, embed=None, show=False, save_frames=False, save_txt=False, save_conf=False, save_crop=False, show_labels=True, show_conf=True, show_boxes=True, line_width=None, format=torchscript, keras=False, optimize=False, int8=False, dynamic=False, simplify=False, opset=None, workspace=4, nms=False, lr0=0.01, lrf=0.01, momentum=0.937, weight_decay=0.0005, warmup_epochs=3.0, warmup_momentum=0.8, warmup_bias_lr=0.1, box=7.5, cls=0.5, dfl=1.5, pose=12.0, kobj=1.0, label_smoothing=0.0, nbs=64, hsv_h=0.015, hsv_s=0.7, hsv_v=0.4, degrees=0.0, translate=0.1, scale=0.5, shear=0.0, perspective=0.0, flipud=0.0, fliplr=0.5, bgr=0.0, mosaic=1.0, mixup=0.0, copy_paste=0.0, auto_augment=randaugment, erasing=0.4, crop_fraction=1.0, cfg=None, tracker=botsort.yaml, save_dir=/home/ddwilde/scriptie/runs/dota_saab/stage3-saab5

                   from  n    params  module                                       arguments                     
  0                  -1  1       928  ednet.nn.modules.conv.Conv                   [3, 32, 3, 2]                 
  1                  -1  1     18560  ednet.nn.modules.conv.Conv                   [32, 64, 3, 2]                
  2                  -1  1     29056  ednet.nn.modules.block.C2f                   [64, 64, 1, True]             
  3                  -1  1     73984  ednet.nn.modules.conv.Conv                   [64, 128, 3, 2]               
  4                  -1  2    197632  ednet.nn.modules.block.C2f                   [128, 128, 2, True]           
  5                  -1  1    295424  ednet.nn.modules.conv.Conv                   [128, 256, 3, 2]              
  6                  -1  2    420864  ednet.nn.modules.block.C2f_FCA               [256, 256, 2, True]           
  7                  -1  1   1180672  ednet.nn.modules.conv.Conv                   [256, 512, 3, 2]              
  8                  -1  1   1095680  ednet.nn.modules.block.C2f_FCA               [512, 512, 1, True]           
  9                  -1  1    656896  ednet.nn.modules.block.SPPF                  [512, 512, 5]                 
 10                  -1  1    990976  ednet.nn.modules.block.PSA                   [512, 512]                    
 11                  -1  1         0  torch.nn.modules.upsampling.Upsample         [None, 2, 'nearest']          
 12             [-1, 6]  1         0  ednet.nn.modules.conv.Concat                 [1]                           
 13                  -1  1    591360  ednet.nn.modules.block.C2f                   [768, 256, 1]                 
 14                  -1  1         0  torch.nn.modules.upsampling.Upsample         [None, 2, 'nearest']          
 15             [-1, 4]  1         0  ednet.nn.modules.conv.Concat                 [1]                           
 16                  -1  1    148224  ednet.nn.modules.block.C2f                   [384, 128, 1]                 
 17                  -1  1         0  torch.nn.modules.upsampling.Upsample         [None, 2, 'nearest']          
 18             [-1, 2]  1         0  ednet.nn.modules.conv.Concat                 [1]                           
 19                  -1  1     37248  ednet.nn.modules.block.C2f                   [192, 64, 1]                  
 20                  -1  1     36992  ednet.nn.modules.conv.Conv                   [64, 64, 3, 2]                
 21            [-1, 16]  1         0  ednet.nn.modules.conv.Concat                 [1]                           
 22                  -1  1    123648  ednet.nn.modules.block.C2f                   [192, 128, 1]                 
 23                  -1  1    147712  ednet.nn.modules.conv.Conv                   [128, 128, 3, 2]              
 24            [-1, 13]  1         0  ednet.nn.modules.conv.Concat                 [1]                           
 25                  -1  1    493056  ednet.nn.modules.block.C2f                   [384, 256, 1]                 
 26                  -1  1     68864  ednet.nn.modules.block.SCDown                [256, 256, 3, 2]              
 27             [-1, 9]  1         0  ednet.nn.modules.conv.Concat                 [1]                           
 28                  -1  1   1089536  ednet.nn.modules.block.C2fCIB                [768, 512, 1, True, True]     
 29    [19, 22, 25, 28]  1   1628424  ednet.nn.modules.head.v10Detect              [15, [64, 128, 256, 512]]     
ednet-s summary: 510 layers, 9,325,736 parameters, 9,325,720 gradients

Transferred 725/753 items from pretrained weights
LoRA enabled: 28 adapters (rank=8, alpha=16.0, freeze_backbone=True)
Replay feature tapper initialization skipped; detection head mapping unavailable.
[34m[1mTensorBoard: [0mStart with 'tensorboard --logdir /home/ddwilde/scriptie/runs/dota_saab/stage3-saab5', view at http://localhost:6006/
WARNING ⚠️ setting 'requires_grad=True' for frozen layer 'model.0.conv.weight'. See ednet.engine.trainer for customization of frozen layers.
WARNING ⚠️ setting 'requires_grad=True' for frozen layer 'model.0.bn.weight'. See ednet.engine.trainer for customization of frozen layers.
WARNING ⚠️ setting 'requires_grad=True' for frozen layer 'model.0.bn.bias'. See ednet.engine.trainer for customization of frozen layers.
WARNING ⚠️ setting 'requires_grad=True' for frozen layer 'model.1.conv.weight'. See ednet.engine.trainer for customization of frozen layers.
WARNING ⚠️ setting 'requires_grad=True' for frozen layer 'model.1.bn.weight'. See ednet.engine.trainer for customization of frozen layers.
WARNING ⚠️ setting 'requires_grad=True' for frozen layer 'model.1.bn.bias'. See ednet.engine.trainer for customization of frozen layers.
WARNING ⚠️ setting 'requires_grad=True' for frozen layer 'model.2.cv1.conv.weight'. See ednet.engine.trainer for customization of frozen layers.
WARNING ⚠️ setting 'requires_grad=True' for frozen layer 'model.2.cv1.bn.weight'. See ednet.engine.trainer for customization of frozen layers.
WARNING ⚠️ setting 'requires_grad=True' for frozen layer 'model.2.cv1.bn.bias'. See ednet.engine.trainer for customization of frozen layers.
WARNING ⚠️ setting 'requires_grad=True' for frozen layer 'model.2.cv2.conv.weight'. See ednet.engine.trainer for customization of frozen layers.
WARNING ⚠️ setting 'requires_grad=True' for frozen layer 'model.2.cv2.bn.weight'. See ednet.engine.trainer for customization of frozen layers.
WARNING ⚠️ setting 'requires_grad=True' for frozen layer 'model.2.cv2.bn.bias'. See ednet.engine.trainer for customization of frozen layers.
WARNING ⚠️ setting 'requires_grad=True' for frozen layer 'model.2.m.0.cv1.conv.weight'. See ednet.engine.trainer for customization of frozen layers.
WARNING ⚠️ setting 'requires_grad=True' for frozen layer 'model.2.m.0.cv1.bn.weight'. See ednet.engine.trainer for customization of frozen layers.
WARNING ⚠️ setting 'requires_grad=True' for frozen layer 'model.2.m.0.cv1.bn.bias'. See ednet.engine.trainer for customization of frozen layers.
WARNING ⚠️ setting 'requires_grad=True' for frozen layer 'model.2.m.0.cv2.conv.weight'. See ednet.engine.trainer for customization of frozen layers.
WARNING ⚠️ setting 'requires_grad=True' for frozen layer 'model.2.m.0.cv2.bn.weight'. See ednet.engine.trainer for customization of frozen layers.
WARNING ⚠️ setting 'requires_grad=True' for frozen layer 'model.2.m.0.cv2.bn.bias'. See ednet.engine.trainer for customization of frozen layers.
WARNING ⚠️ setting 'requires_grad=True' for frozen layer 'model.3.conv.weight'. See ednet.engine.trainer for customization of frozen layers.
WARNING ⚠️ setting 'requires_grad=True' for frozen layer 'model.3.bn.weight'. See ednet.engine.trainer for customization of frozen layers.
WARNING ⚠️ setting 'requires_grad=True' for frozen layer 'model.3.bn.bias'. See ednet.engine.trainer for customization of frozen layers.
WARNING ⚠️ setting 'requires_grad=True' for frozen layer 'model.4.cv1.conv.weight'. See ednet.engine.trainer for customization of frozen layers.
WARNING ⚠️ setting 'requires_grad=True' for frozen layer 'model.4.cv1.bn.weight'. See ednet.engine.trainer for customization of frozen layers.
WARNING ⚠️ setting 'requires_grad=True' for frozen layer 'model.4.cv1.bn.bias'. See ednet.engine.trainer for customization of frozen layers.
WARNING ⚠️ setting 'requires_grad=True' for frozen layer 'model.4.cv2.conv.weight'. See ednet.engine.trainer for customization of frozen layers.
WARNING ⚠️ setting 'requires_grad=True' for frozen layer 'model.4.cv2.bn.weight'. See ednet.engine.trainer for customization of frozen layers.
WARNING ⚠️ setting 'requires_grad=True' for frozen layer 'model.4.cv2.bn.bias'. See ednet.engine.trainer for customization of frozen layers.
WARNING ⚠️ setting 'requires_grad=True' for frozen layer 'model.4.m.0.cv1.conv.weight'. See ednet.engine.trainer for customization of frozen layers.
WARNING ⚠️ setting 'requires_grad=True' for frozen layer 'model.4.m.0.cv1.bn.weight'. See ednet.engine.trainer for customization of frozen layers.
WARNING ⚠️ setting 'requires_grad=True' for frozen layer 'model.4.m.0.cv1.bn.bias'. See ednet.engine.trainer for customization of frozen layers.
WARNING ⚠️ setting 'requires_grad=True' for frozen layer 'model.4.m.0.cv2.conv.weight'. See ednet.engine.trainer for customization of frozen layers.
WARNING ⚠️ setting 'requires_grad=True' for frozen layer 'model.4.m.0.cv2.bn.weight'. See ednet.engine.trainer for customization of frozen layers.
WARNING ⚠️ setting 'requires_grad=True' for frozen layer 'model.4.m.0.cv2.bn.bias'. See ednet.engine.trainer for customization of frozen layers.
WARNING ⚠️ setting 'requires_grad=True' for frozen layer 'model.4.m.1.cv1.conv.weight'. See ednet.engine.trainer for customization of frozen layers.
WARNING ⚠️ setting 'requires_grad=True' for frozen layer 'model.4.m.1.cv1.bn.weight'. See ednet.engine.trainer for customization of frozen layers.
WARNING ⚠️ setting 'requires_grad=True' for frozen layer 'model.4.m.1.cv1.bn.bias'. See ednet.engine.trainer for customization of frozen layers.
WARNING ⚠️ setting 'requires_grad=True' for frozen layer 'model.4.m.1.cv2.conv.weight'. See ednet.engine.trainer for customization of frozen layers.
WARNING ⚠️ setting 'requires_grad=True' for frozen layer 'model.4.m.1.cv2.bn.weight'. See ednet.engine.trainer for customization of frozen layers.
WARNING ⚠️ setting 'requires_grad=True' for frozen layer 'model.4.m.1.cv2.bn.bias'. See ednet.engine.trainer for customization of frozen layers.
WARNING ⚠️ setting 'requires_grad=True' for frozen layer 'model.5.conv.weight'. See ednet.engine.trainer for customization of frozen layers.
WARNING ⚠️ setting 'requires_grad=True' for frozen layer 'model.5.bn.weight'. See ednet.engine.trainer for customization of frozen layers.
WARNING ⚠️ setting 'requires_grad=True' for frozen layer 'model.5.bn.bias'. See ednet.engine.trainer for customization of frozen layers.
WARNING ⚠️ setting 'requires_grad=True' for frozen layer 'model.6.cv1.conv.weight'. See ednet.engine.trainer for customization of frozen layers.
WARNING ⚠️ setting 'requires_grad=True' for frozen layer 'model.6.cv1.bn.weight'. See ednet.engine.trainer for customization of frozen layers.
WARNING ⚠️ setting 'requires_grad=True' for frozen layer 'model.6.cv1.bn.bias'. See ednet.engine.trainer for customization of frozen layers.
WARNING ⚠️ setting 'requires_grad=True' for frozen layer 'model.6.cv2.conv.weight'. See ednet.engine.trainer for customization of frozen layers.
WARNING ⚠️ setting 'requires_grad=True' for frozen layer 'model.6.cv2.bn.weight'. See ednet.engine.trainer for customization of frozen layers.
WARNING ⚠️ setting 'requires_grad=True' for frozen layer 'model.6.cv2.bn.bias'. See ednet.engine.trainer for customization of frozen layers.
WARNING ⚠️ setting 'requires_grad=True' for frozen layer 'model.6.m.0.mlp.0.conv.weight'. See ednet.engine.trainer for customization of frozen layers.
WARNING ⚠️ setting 'requires_grad=True' for frozen layer 'model.6.m.0.mlp.0.bn.weight'. See ednet.engine.trainer for customization of frozen layers.
WARNING ⚠️ setting 'requires_grad=True' for frozen layer 'model.6.m.0.mlp.0.bn.bias'. See ednet.engine.trainer for customization of frozen layers.
WARNING ⚠️ setting 'requires_grad=True' for frozen layer 'model.6.m.0.mlp.1.weight'. See ednet.engine.trainer for customization of frozen layers.
WARNING ⚠️ setting 'requires_grad=True' for frozen layer 'model.6.m.0.spatial_mixing.PConv3.weight'. See ednet.engine.trainer for customization of frozen layers.
WARNING ⚠️ setting 'requires_grad=True' for frozen layer 'model.6.m.0.attention.conv1.conv.weight'. See ednet.engine.trainer for customization of frozen layers.
WARNING ⚠️ setting 'requires_grad=True' for frozen layer 'model.6.m.0.attention.conv1.bn.weight'. See ednet.engine.trainer for customization of frozen layers.
WARNING ⚠️ setting 'requires_grad=True' for frozen layer 'model.6.m.0.attention.conv1.bn.bias'. See ednet.engine.trainer for customization of frozen layers.
WARNING ⚠️ setting 'requires_grad=True' for frozen layer 'model.6.m.0.attention.h_conv.conv.weight'. See ednet.engine.trainer for customization of frozen layers.
WARNING ⚠️ setting 'requires_grad=True' for frozen layer 'model.6.m.0.attention.h_conv.conv.bias'. See ednet.engine.trainer for customization of frozen layers.
WARNING ⚠️ setting 'requires_grad=True' for frozen layer 'model.6.m.0.attention.v_conv.conv.weight'. See ednet.engine.trainer for customization of frozen layers.
WARNING ⚠️ setting 'requires_grad=True' for frozen layer 'model.6.m.0.attention.v_conv.conv.bias'. See ednet.engine.trainer for customization of frozen layers.
WARNING ⚠️ setting 'requires_grad=True' for frozen layer 'model.6.m.0.attention.conv2.conv.weight'. See ednet.engine.trainer for customization of frozen layers.
WARNING ⚠️ setting 'requires_grad=True' for frozen layer 'model.6.m.0.attention.conv2.bn.weight'. See ednet.engine.trainer for customization of frozen layers.
WARNING ⚠️ setting 'requires_grad=True' for frozen layer 'model.6.m.0.attention.conv2.bn.bias'. See ednet.engine.trainer for customization of frozen layers.
WARNING ⚠️ setting 'requires_grad=True' for frozen layer 'model.6.m.1.mlp.0.conv.weight'. See ednet.engine.trainer for customization of frozen layers.
WARNING ⚠️ setting 'requires_grad=True' for frozen layer 'model.6.m.1.mlp.0.bn.weight'. See ednet.engine.trainer for customization of frozen layers.
WARNING ⚠️ setting 'requires_grad=True' for frozen layer 'model.6.m.1.mlp.0.bn.bias'. See ednet.engine.trainer for customization of frozen layers.
WARNING ⚠️ setting 'requires_grad=True' for frozen layer 'model.6.m.1.mlp.1.weight'. See ednet.engine.trainer for customization of frozen layers.
WARNING ⚠️ setting 'requires_grad=True' for frozen layer 'model.6.m.1.spatial_mixing.PConv3.weight'. See ednet.engine.trainer for customization of frozen layers.
WARNING ⚠️ setting 'requires_grad=True' for frozen layer 'model.6.m.1.attention.conv1.conv.weight'. See ednet.engine.trainer for customization of frozen layers.
WARNING ⚠️ setting 'requires_grad=True' for frozen layer 'model.6.m.1.attention.conv1.bn.weight'. See ednet.engine.trainer for customization of frozen layers.
WARNING ⚠️ setting 'requires_grad=True' for frozen layer 'model.6.m.1.attention.conv1.bn.bias'. See ednet.engine.trainer for customization of frozen layers.
WARNING ⚠️ setting 'requires_grad=True' for frozen layer 'model.6.m.1.attention.h_conv.conv.weight'. See ednet.engine.trainer for customization of frozen layers.
WARNING ⚠️ setting 'requires_grad=True' for frozen layer 'model.6.m.1.attention.h_conv.conv.bias'. See ednet.engine.trainer for customization of frozen layers.
WARNING ⚠️ setting 'requires_grad=True' for frozen layer 'model.6.m.1.attention.v_conv.conv.weight'. See ednet.engine.trainer for customization of frozen layers.
WARNING ⚠️ setting 'requires_grad=True' for frozen layer 'model.6.m.1.attention.v_conv.conv.bias'. See ednet.engine.trainer for customization of frozen layers.
WARNING ⚠️ setting 'requires_grad=True' for frozen layer 'model.6.m.1.attention.conv2.conv.weight'. See ednet.engine.trainer for customization of frozen layers.
WARNING ⚠️ setting 'requires_grad=True' for frozen layer 'model.6.m.1.attention.conv2.bn.weight'. See ednet.engine.trainer for customization of frozen layers.
WARNING ⚠️ setting 'requires_grad=True' for frozen layer 'model.6.m.1.attention.conv2.bn.bias'. See ednet.engine.trainer for customization of frozen layers.
WARNING ⚠️ setting 'requires_grad=True' for frozen layer 'model.7.conv.weight'. See ednet.engine.trainer for customization of frozen layers.
WARNING ⚠️ setting 'requires_grad=True' for frozen layer 'model.7.bn.weight'. See ednet.engine.trainer for customization of frozen layers.
WARNING ⚠️ setting 'requires_grad=True' for frozen layer 'model.7.bn.bias'. See ednet.engine.trainer for customization of frozen layers.
WARNING ⚠️ setting 'requires_grad=True' for frozen layer 'model.8.cv1.conv.weight'. See ednet.engine.trainer for customization of frozen layers.
WARNING ⚠️ setting 'requires_grad=True' for frozen layer 'model.8.cv1.bn.weight'. See ednet.engine.trainer for customization of frozen layers.
WARNING ⚠️ setting 'requires_grad=True' for frozen layer 'model.8.cv1.bn.bias'. See ednet.engine.trainer for customization of frozen layers.
WARNING ⚠️ setting 'requires_grad=True' for frozen layer 'model.8.cv2.conv.weight'. See ednet.engine.trainer for customization of frozen layers.
WARNING ⚠️ setting 'requires_grad=True' for frozen layer 'model.8.cv2.bn.weight'. See ednet.engine.trainer for customization of frozen layers.
WARNING ⚠️ setting 'requires_grad=True' for frozen layer 'model.8.cv2.bn.bias'. See ednet.engine.trainer for customization of frozen layers.
WARNING ⚠️ setting 'requires_grad=True' for frozen layer 'model.8.m.0.mlp.0.conv.weight'. See ednet.engine.trainer for customization of frozen layers.
WARNING ⚠️ setting 'requires_grad=True' for frozen layer 'model.8.m.0.mlp.0.bn.weight'. See ednet.engine.trainer for customization of frozen layers.
WARNING ⚠️ setting 'requires_grad=True' for frozen layer 'model.8.m.0.mlp.0.bn.bias'. See ednet.engine.trainer for customization of frozen layers.
WARNING ⚠️ setting 'requires_grad=True' for frozen layer 'model.8.m.0.mlp.1.weight'. See ednet.engine.trainer for customization of frozen layers.
WARNING ⚠️ setting 'requires_grad=True' for frozen layer 'model.8.m.0.spatial_mixing.PConv3.weight'. See ednet.engine.trainer for customization of frozen layers.
WARNING ⚠️ setting 'requires_grad=True' for frozen layer 'model.8.m.0.attention.conv1.conv.weight'. See ednet.engine.trainer for customization of frozen layers.
WARNING ⚠️ setting 'requires_grad=True' for frozen layer 'model.8.m.0.attention.conv1.bn.weight'. See ednet.engine.trainer for customization of frozen layers.
WARNING ⚠️ setting 'requires_grad=True' for frozen layer 'model.8.m.0.attention.conv1.bn.bias'. See ednet.engine.trainer for customization of frozen layers.
WARNING ⚠️ setting 'requires_grad=True' for frozen layer 'model.8.m.0.attention.h_conv.conv.weight'. See ednet.engine.trainer for customization of frozen layers.
WARNING ⚠️ setting 'requires_grad=True' for frozen layer 'model.8.m.0.attention.h_conv.conv.bias'. See ednet.engine.trainer for customization of frozen layers.
WARNING ⚠️ setting 'requires_grad=True' for frozen layer 'model.8.m.0.attention.v_conv.conv.weight'. See ednet.engine.trainer for customization of frozen layers.
WARNING ⚠️ setting 'requires_grad=True' for frozen layer 'model.8.m.0.attention.v_conv.conv.bias'. See ednet.engine.trainer for customization of frozen layers.
WARNING ⚠️ setting 'requires_grad=True' for frozen layer 'model.8.m.0.attention.conv2.conv.weight'. See ednet.engine.trainer for customization of frozen layers.
WARNING ⚠️ setting 'requires_grad=True' for frozen layer 'model.8.m.0.attention.conv2.bn.weight'. See ednet.engine.trainer for customization of frozen layers.
WARNING ⚠️ setting 'requires_grad=True' for frozen layer 'model.8.m.0.attention.conv2.bn.bias'. See ednet.engine.trainer for customization of frozen layers.
WARNING ⚠️ setting 'requires_grad=True' for frozen layer 'model.9.cv1.conv.weight'. See ednet.engine.trainer for customization of frozen layers.
WARNING ⚠️ setting 'requires_grad=True' for frozen layer 'model.9.cv1.bn.weight'. See ednet.engine.trainer for customization of frozen layers.
WARNING ⚠️ setting 'requires_grad=True' for frozen layer 'model.9.cv1.bn.bias'. See ednet.engine.trainer for customization of frozen layers.
WARNING ⚠️ setting 'requires_grad=True' for frozen layer 'model.9.cv2.conv.weight'. See ednet.engine.trainer for customization of frozen layers.
WARNING ⚠️ setting 'requires_grad=True' for frozen layer 'model.9.cv2.bn.weight'. See ednet.engine.trainer for customization of frozen layers.
WARNING ⚠️ setting 'requires_grad=True' for frozen layer 'model.9.cv2.bn.bias'. See ednet.engine.trainer for customization of frozen layers.
WARNING ⚠️ setting 'requires_grad=True' for frozen layer 'model.10.cv1.conv.weight'. See ednet.engine.trainer for customization of frozen layers.
WARNING ⚠️ setting 'requires_grad=True' for frozen layer 'model.10.cv1.bn.weight'. See ednet.engine.trainer for customization of frozen layers.
WARNING ⚠️ setting 'requires_grad=True' for frozen layer 'model.10.cv1.bn.bias'. See ednet.engine.trainer for customization of frozen layers.
WARNING ⚠️ setting 'requires_grad=True' for frozen layer 'model.10.cv2.conv.weight'. See ednet.engine.trainer for customization of frozen layers.
WARNING ⚠️ setting 'requires_grad=True' for frozen layer 'model.10.cv2.bn.weight'. See ednet.engine.trainer for customization of frozen layers.
WARNING ⚠️ setting 'requires_grad=True' for frozen layer 'model.10.cv2.bn.bias'. See ednet.engine.trainer for customization of frozen layers.
WARNING ⚠️ setting 'requires_grad=True' for frozen layer 'model.10.attn.qkv.conv.weight'. See ednet.engine.trainer for customization of frozen layers.
WARNING ⚠️ setting 'requires_grad=True' for frozen layer 'model.10.attn.qkv.bn.weight'. See ednet.engine.trainer for customization of frozen layers.
WARNING ⚠️ setting 'requires_grad=True' for frozen layer 'model.10.attn.qkv.bn.bias'. See ednet.engine.trainer for customization of frozen layers.
WARNING ⚠️ setting 'requires_grad=True' for frozen layer 'model.10.attn.proj.conv.weight'. See ednet.engine.trainer for customization of frozen layers.
WARNING ⚠️ setting 'requires_grad=True' for frozen layer 'model.10.attn.proj.bn.weight'. See ednet.engine.trainer for customization of frozen layers.
WARNING ⚠️ setting 'requires_grad=True' for frozen layer 'model.10.attn.proj.bn.bias'. See ednet.engine.trainer for customization of frozen layers.
WARNING ⚠️ setting 'requires_grad=True' for frozen layer 'model.10.attn.pe.conv.weight'. See ednet.engine.trainer for customization of frozen layers.
WARNING ⚠️ setting 'requires_grad=True' for frozen layer 'model.10.attn.pe.bn.weight'. See ednet.engine.trainer for customization of frozen layers.
WARNING ⚠️ setting 'requires_grad=True' for frozen layer 'model.10.attn.pe.bn.bias'. See ednet.engine.trainer for customization of frozen layers.
WARNING ⚠️ setting 'requires_grad=True' for frozen layer 'model.10.ffn.0.conv.weight'. See ednet.engine.trainer for customization of frozen layers.
WARNING ⚠️ setting 'requires_grad=True' for frozen layer 'model.10.ffn.0.bn.weight'. See ednet.engine.trainer for customization of frozen layers.
WARNING ⚠️ setting 'requires_grad=True' for frozen layer 'model.10.ffn.0.bn.bias'. See ednet.engine.trainer for customization of frozen layers.
WARNING ⚠️ setting 'requires_grad=True' for frozen layer 'model.10.ffn.1.conv.weight'. See ednet.engine.trainer for customization of frozen layers.
WARNING ⚠️ setting 'requires_grad=True' for frozen layer 'model.10.ffn.1.bn.weight'. See ednet.engine.trainer for customization of frozen layers.
WARNING ⚠️ setting 'requires_grad=True' for frozen layer 'model.10.ffn.1.bn.bias'. See ednet.engine.trainer for customization of frozen layers.
WARNING ⚠️ setting 'requires_grad=True' for frozen layer 'model.13.cv1.conv.weight'. See ednet.engine.trainer for customization of frozen layers.
WARNING ⚠️ setting 'requires_grad=True' for frozen layer 'model.13.cv1.bn.weight'. See ednet.engine.trainer for customization of frozen layers.
WARNING ⚠️ setting 'requires_grad=True' for frozen layer 'model.13.cv1.bn.bias'. See ednet.engine.trainer for customization of frozen layers.
WARNING ⚠️ setting 'requires_grad=True' for frozen layer 'model.13.cv2.conv.weight'. See ednet.engine.trainer for customization of frozen layers.
WARNING ⚠️ setting 'requires_grad=True' for frozen layer 'model.13.cv2.bn.weight'. See ednet.engine.trainer for customization of frozen layers.
WARNING ⚠️ setting 'requires_grad=True' for frozen layer 'model.13.cv2.bn.bias'. See ednet.engine.trainer for customization of frozen layers.
WARNING ⚠️ setting 'requires_grad=True' for frozen layer 'model.13.m.0.cv1.conv.weight'. See ednet.engine.trainer for customization of frozen layers.
WARNING ⚠️ setting 'requires_grad=True' for frozen layer 'model.13.m.0.cv1.bn.weight'. See ednet.engine.trainer for customization of frozen layers.
WARNING ⚠️ setting 'requires_grad=True' for frozen layer 'model.13.m.0.cv1.bn.bias'. See ednet.engine.trainer for customization of frozen layers.
WARNING ⚠️ setting 'requires_grad=True' for frozen layer 'model.13.m.0.cv2.conv.weight'. See ednet.engine.trainer for customization of frozen layers.
WARNING ⚠️ setting 'requires_grad=True' for frozen layer 'model.13.m.0.cv2.bn.weight'. See ednet.engine.trainer for customization of frozen layers.
WARNING ⚠️ setting 'requires_grad=True' for frozen layer 'model.13.m.0.cv2.bn.bias'. See ednet.engine.trainer for customization of frozen layers.
WARNING ⚠️ setting 'requires_grad=True' for frozen layer 'model.16.cv1.conv.base.weight'. See ednet.engine.trainer for customization of frozen layers.
WARNING ⚠️ setting 'requires_grad=True' for frozen layer 'model.16.cv1.bn.weight'. See ednet.engine.trainer for customization of frozen layers.
WARNING ⚠️ setting 'requires_grad=True' for frozen layer 'model.16.cv1.bn.bias'. See ednet.engine.trainer for customization of frozen layers.
WARNING ⚠️ setting 'requires_grad=True' for frozen layer 'model.16.cv2.conv.base.weight'. See ednet.engine.trainer for customization of frozen layers.
WARNING ⚠️ setting 'requires_grad=True' for frozen layer 'model.16.cv2.bn.weight'. See ednet.engine.trainer for customization of frozen layers.
WARNING ⚠️ setting 'requires_grad=True' for frozen layer 'model.16.cv2.bn.bias'. See ednet.engine.trainer for customization of frozen layers.
WARNING ⚠️ setting 'requires_grad=True' for frozen layer 'model.16.m.0.cv1.conv.base.weight'. See ednet.engine.trainer for customization of frozen layers.
WARNING ⚠️ setting 'requires_grad=True' for frozen layer 'model.16.m.0.cv1.bn.weight'. See ednet.engine.trainer for customization of frozen layers.
WARNING ⚠️ setting 'requires_grad=True' for frozen layer 'model.16.m.0.cv1.bn.bias'. See ednet.engine.trainer for customization of frozen layers.
WARNING ⚠️ setting 'requires_grad=True' for frozen layer 'model.16.m.0.cv2.conv.base.weight'. See ednet.engine.trainer for customization of frozen layers.
WARNING ⚠️ setting 'requires_grad=True' for frozen layer 'model.16.m.0.cv2.bn.weight'. See ednet.engine.trainer for customization of frozen layers.
WARNING ⚠️ setting 'requires_grad=True' for frozen layer 'model.16.m.0.cv2.bn.bias'. See ednet.engine.trainer for customization of frozen layers.
WARNING ⚠️ setting 'requires_grad=True' for frozen layer 'model.19.cv1.conv.weight'. See ednet.engine.trainer for customization of frozen layers.
WARNING ⚠️ setting 'requires_grad=True' for frozen layer 'model.19.cv1.bn.weight'. See ednet.engine.trainer for customization of frozen layers.
WARNING ⚠️ setting 'requires_grad=True' for frozen layer 'model.19.cv1.bn.bias'. See ednet.engine.trainer for customization of frozen layers.
WARNING ⚠️ setting 'requires_grad=True' for frozen layer 'model.19.cv2.conv.weight'. See ednet.engine.trainer for customization of frozen layers.
WARNING ⚠️ setting 'requires_grad=True' for frozen layer 'model.19.cv2.bn.weight'. See ednet.engine.trainer for customization of frozen layers.
WARNING ⚠️ setting 'requires_grad=True' for frozen layer 'model.19.cv2.bn.bias'. See ednet.engine.trainer for customization of frozen layers.
WARNING ⚠️ setting 'requires_grad=True' for frozen layer 'model.19.m.0.cv1.conv.weight'. See ednet.engine.trainer for customization of frozen layers.
WARNING ⚠️ setting 'requires_grad=True' for frozen layer 'model.19.m.0.cv1.bn.weight'. See ednet.engine.trainer for customization of frozen layers.
WARNING ⚠️ setting 'requires_grad=True' for frozen layer 'model.19.m.0.cv1.bn.bias'. See ednet.engine.trainer for customization of frozen layers.
WARNING ⚠️ setting 'requires_grad=True' for frozen layer 'model.19.m.0.cv2.conv.weight'. See ednet.engine.trainer for customization of frozen layers.
WARNING ⚠️ setting 'requires_grad=True' for frozen layer 'model.19.m.0.cv2.bn.weight'. See ednet.engine.trainer for customization of frozen layers.
WARNING ⚠️ setting 'requires_grad=True' for frozen layer 'model.19.m.0.cv2.bn.bias'. See ednet.engine.trainer for customization of frozen layers.
WARNING ⚠️ setting 'requires_grad=True' for frozen layer 'model.20.conv.weight'. See ednet.engine.trainer for customization of frozen layers.
WARNING ⚠️ setting 'requires_grad=True' for frozen layer 'model.20.bn.weight'. See ednet.engine.trainer for customization of frozen layers.
WARNING ⚠️ setting 'requires_grad=True' for frozen layer 'model.20.bn.bias'. See ednet.engine.trainer for customization of frozen layers.
WARNING ⚠️ setting 'requires_grad=True' for frozen layer 'model.22.cv1.conv.base.weight'. See ednet.engine.trainer for customization of frozen layers.
WARNING ⚠️ setting 'requires_grad=True' for frozen layer 'model.22.cv1.bn.weight'. See ednet.engine.trainer for customization of frozen layers.
WARNING ⚠️ setting 'requires_grad=True' for frozen layer 'model.22.cv1.bn.bias'. See ednet.engine.trainer for customization of frozen layers.
WARNING ⚠️ setting 'requires_grad=True' for frozen layer 'model.22.cv2.conv.base.weight'. See ednet.engine.trainer for customization of frozen layers.
WARNING ⚠️ setting 'requires_grad=True' for frozen layer 'model.22.cv2.bn.weight'. See ednet.engine.trainer for customization of frozen layers.
WARNING ⚠️ setting 'requires_grad=True' for frozen layer 'model.22.cv2.bn.bias'. See ednet.engine.trainer for customization of frozen layers.
WARNING ⚠️ setting 'requires_grad=True' for frozen layer 'model.22.m.0.cv1.conv.base.weight'. See ednet.engine.trainer for customization of frozen layers.
WARNING ⚠️ setting 'requires_grad=True' for frozen layer 'model.22.m.0.cv1.bn.weight'. See ednet.engine.trainer for customization of frozen layers.
WARNING ⚠️ setting 'requires_grad=True' for frozen layer 'model.22.m.0.cv1.bn.bias'. See ednet.engine.trainer for customization of frozen layers.
WARNING ⚠️ setting 'requires_grad=True' for frozen layer 'model.22.m.0.cv2.conv.base.weight'. See ednet.engine.trainer for customization of frozen layers.
WARNING ⚠️ setting 'requires_grad=True' for frozen layer 'model.22.m.0.cv2.bn.weight'. See ednet.engine.trainer for customization of frozen layers.
WARNING ⚠️ setting 'requires_grad=True' for frozen layer 'model.22.m.0.cv2.bn.bias'. See ednet.engine.trainer for customization of frozen layers.
WARNING ⚠️ setting 'requires_grad=True' for frozen layer 'model.23.conv.weight'. See ednet.engine.trainer for customization of frozen layers.
WARNING ⚠️ setting 'requires_grad=True' for frozen layer 'model.23.bn.weight'. See ednet.engine.trainer for customization of frozen layers.
WARNING ⚠️ setting 'requires_grad=True' for frozen layer 'model.23.bn.bias'. See ednet.engine.trainer for customization of frozen layers.
WARNING ⚠️ setting 'requires_grad=True' for frozen layer 'model.25.cv1.conv.base.weight'. See ednet.engine.trainer for customization of frozen layers.
WARNING ⚠️ setting 'requires_grad=True' for frozen layer 'model.25.cv1.bn.weight'. See ednet.engine.trainer for customization of frozen layers.
WARNING ⚠️ setting 'requires_grad=True' for frozen layer 'model.25.cv1.bn.bias'. See ednet.engine.trainer for customization of frozen layers.
WARNING ⚠️ setting 'requires_grad=True' for frozen layer 'model.25.cv2.conv.base.weight'. See ednet.engine.trainer for customization of frozen layers.
WARNING ⚠️ setting 'requires_grad=True' for frozen layer 'model.25.cv2.bn.weight'. See ednet.engine.trainer for customization of frozen layers.
WARNING ⚠️ setting 'requires_grad=True' for frozen layer 'model.25.cv2.bn.bias'. See ednet.engine.trainer for customization of frozen layers.
WARNING ⚠️ setting 'requires_grad=True' for frozen layer 'model.25.m.0.cv1.conv.base.weight'. See ednet.engine.trainer for customization of frozen layers.
WARNING ⚠️ setting 'requires_grad=True' for frozen layer 'model.25.m.0.cv1.bn.weight'. See ednet.engine.trainer for customization of frozen layers.
WARNING ⚠️ setting 'requires_grad=True' for frozen layer 'model.25.m.0.cv1.bn.bias'. See ednet.engine.trainer for customization of frozen layers.
WARNING ⚠️ setting 'requires_grad=True' for frozen layer 'model.25.m.0.cv2.conv.base.weight'. See ednet.engine.trainer for customization of frozen layers.
WARNING ⚠️ setting 'requires_grad=True' for frozen layer 'model.25.m.0.cv2.bn.weight'. See ednet.engine.trainer for customization of frozen layers.
WARNING ⚠️ setting 'requires_grad=True' for frozen layer 'model.25.m.0.cv2.bn.bias'. See ednet.engine.trainer for customization of frozen layers.
WARNING ⚠️ setting 'requires_grad=True' for frozen layer 'model.26.cv1.conv.weight'. See ednet.engine.trainer for customization of frozen layers.
WARNING ⚠️ setting 'requires_grad=True' for frozen layer 'model.26.cv1.bn.weight'. See ednet.engine.trainer for customization of frozen layers.
WARNING ⚠️ setting 'requires_grad=True' for frozen layer 'model.26.cv1.bn.bias'. See ednet.engine.trainer for customization of frozen layers.
WARNING ⚠️ setting 'requires_grad=True' for frozen layer 'model.26.cv2.conv.weight'. See ednet.engine.trainer for customization of frozen layers.
WARNING ⚠️ setting 'requires_grad=True' for frozen layer 'model.26.cv2.bn.weight'. See ednet.engine.trainer for customization of frozen layers.
WARNING ⚠️ setting 'requires_grad=True' for frozen layer 'model.26.cv2.bn.bias'. See ednet.engine.trainer for customization of frozen layers.
WARNING ⚠️ setting 'requires_grad=True' for frozen layer 'model.28.cv1.conv.weight'. See ednet.engine.trainer for customization of frozen layers.
WARNING ⚠️ setting 'requires_grad=True' for frozen layer 'model.28.cv1.bn.weight'. See ednet.engine.trainer for customization of frozen layers.
WARNING ⚠️ setting 'requires_grad=True' for frozen layer 'model.28.cv1.bn.bias'. See ednet.engine.trainer for customization of frozen layers.
WARNING ⚠️ setting 'requires_grad=True' for frozen layer 'model.28.cv2.conv.weight'. See ednet.engine.trainer for customization of frozen layers.
WARNING ⚠️ setting 'requires_grad=True' for frozen layer 'model.28.cv2.bn.weight'. See ednet.engine.trainer for customization of frozen layers.
WARNING ⚠️ setting 'requires_grad=True' for frozen layer 'model.28.cv2.bn.bias'. See ednet.engine.trainer for customization of frozen layers.
WARNING ⚠️ setting 'requires_grad=True' for frozen layer 'model.28.m.0.cv1.0.conv.weight'. See ednet.engine.trainer for customization of frozen layers.
WARNING ⚠️ setting 'requires_grad=True' for frozen layer 'model.28.m.0.cv1.0.bn.weight'. See ednet.engine.trainer for customization of frozen layers.
WARNING ⚠️ setting 'requires_grad=True' for frozen layer 'model.28.m.0.cv1.0.bn.bias'. See ednet.engine.trainer for customization of frozen layers.
WARNING ⚠️ setting 'requires_grad=True' for frozen layer 'model.28.m.0.cv1.1.conv.weight'. See ednet.engine.trainer for customization of frozen layers.
WARNING ⚠️ setting 'requires_grad=True' for frozen layer 'model.28.m.0.cv1.1.bn.weight'. See ednet.engine.trainer for customization of frozen layers.
WARNING ⚠️ setting 'requires_grad=True' for frozen layer 'model.28.m.0.cv1.1.bn.bias'. See ednet.engine.trainer for customization of frozen layers.
WARNING ⚠️ setting 'requires_grad=True' for frozen layer 'model.28.m.0.cv1.2.conv.conv.weight'. See ednet.engine.trainer for customization of frozen layers.
WARNING ⚠️ setting 'requires_grad=True' for frozen layer 'model.28.m.0.cv1.2.conv.bn.weight'. See ednet.engine.trainer for customization of frozen layers.
WARNING ⚠️ setting 'requires_grad=True' for frozen layer 'model.28.m.0.cv1.2.conv.bn.bias'. See ednet.engine.trainer for customization of frozen layers.
WARNING ⚠️ setting 'requires_grad=True' for frozen layer 'model.28.m.0.cv1.2.conv1.conv.weight'. See ednet.engine.trainer for customization of frozen layers.
WARNING ⚠️ setting 'requires_grad=True' for frozen layer 'model.28.m.0.cv1.2.conv1.bn.weight'. See ednet.engine.trainer for customization of frozen layers.
WARNING ⚠️ setting 'requires_grad=True' for frozen layer 'model.28.m.0.cv1.2.conv1.bn.bias'. See ednet.engine.trainer for customization of frozen layers.
WARNING ⚠️ setting 'requires_grad=True' for frozen layer 'model.28.m.0.cv1.3.conv.weight'. See ednet.engine.trainer for customization of frozen layers.
WARNING ⚠️ setting 'requires_grad=True' for frozen layer 'model.28.m.0.cv1.3.bn.weight'. See ednet.engine.trainer for customization of frozen layers.
WARNING ⚠️ setting 'requires_grad=True' for frozen layer 'model.28.m.0.cv1.3.bn.bias'. See ednet.engine.trainer for customization of frozen layers.
WARNING ⚠️ setting 'requires_grad=True' for frozen layer 'model.28.m.0.cv1.4.conv.weight'. See ednet.engine.trainer for customization of frozen layers.
WARNING ⚠️ setting 'requires_grad=True' for frozen layer 'model.28.m.0.cv1.4.bn.weight'. See ednet.engine.trainer for customization of frozen layers.
WARNING ⚠️ setting 'requires_grad=True' for frozen layer 'model.28.m.0.cv1.4.bn.bias'. See ednet.engine.trainer for customization of frozen layers.
WARNING ⚠️ setting 'requires_grad=True' for frozen layer 'model.29.cv2.0.0.conv.base.weight'. See ednet.engine.trainer for customization of frozen layers.
WARNING ⚠️ setting 'requires_grad=True' for frozen layer 'model.29.cv2.0.0.bn.weight'. See ednet.engine.trainer for customization of frozen layers.
WARNING ⚠️ setting 'requires_grad=True' for frozen layer 'model.29.cv2.0.0.bn.bias'. See ednet.engine.trainer for customization of frozen layers.
WARNING ⚠️ setting 'requires_grad=True' for frozen layer 'model.29.cv2.0.1.conv.base.weight'. See ednet.engine.trainer for customization of frozen layers.
WARNING ⚠️ setting 'requires_grad=True' for frozen layer 'model.29.cv2.0.1.bn.weight'. See ednet.engine.trainer for customization of frozen layers.
WARNING ⚠️ setting 'requires_grad=True' for frozen layer 'model.29.cv2.0.1.bn.bias'. See ednet.engine.trainer for customization of frozen layers.
WARNING ⚠️ setting 'requires_grad=True' for frozen layer 'model.29.cv2.0.2.weight'. See ednet.engine.trainer for customization of frozen layers.
WARNING ⚠️ setting 'requires_grad=True' for frozen layer 'model.29.cv2.0.2.bias'. See ednet.engine.trainer for customization of frozen layers.
WARNING ⚠️ setting 'requires_grad=True' for frozen layer 'model.29.cv2.1.0.conv.base.weight'. See ednet.engine.trainer for customization of frozen layers.
WARNING ⚠️ setting 'requires_grad=True' for frozen layer 'model.29.cv2.1.0.bn.weight'. See ednet.engine.trainer for customization of frozen layers.
WARNING ⚠️ setting 'requires_grad=True' for frozen layer 'model.29.cv2.1.0.bn.bias'. See ednet.engine.trainer for customization of frozen layers.
WARNING ⚠️ setting 'requires_grad=True' for frozen layer 'model.29.cv2.1.1.conv.base.weight'. See ednet.engine.trainer for customization of frozen layers.
WARNING ⚠️ setting 'requires_grad=True' for frozen layer 'model.29.cv2.1.1.bn.weight'. See ednet.engine.trainer for customization of frozen layers.
WARNING ⚠️ setting 'requires_grad=True' for frozen layer 'model.29.cv2.1.1.bn.bias'. See ednet.engine.trainer for customization of frozen layers.
WARNING ⚠️ setting 'requires_grad=True' for frozen layer 'model.29.cv2.1.2.weight'. See ednet.engine.trainer for customization of frozen layers.
WARNING ⚠️ setting 'requires_grad=True' for frozen layer 'model.29.cv2.1.2.bias'. See ednet.engine.trainer for customization of frozen layers.
WARNING ⚠️ setting 'requires_grad=True' for frozen layer 'model.29.cv2.2.0.conv.base.weight'. See ednet.engine.trainer for customization of frozen layers.
WARNING ⚠️ setting 'requires_grad=True' for frozen layer 'model.29.cv2.2.0.bn.weight'. See ednet.engine.trainer for customization of frozen layers.
WARNING ⚠️ setting 'requires_grad=True' for frozen layer 'model.29.cv2.2.0.bn.bias'. See ednet.engine.trainer for customization of frozen layers.
WARNING ⚠️ setting 'requires_grad=True' for frozen layer 'model.29.cv2.2.1.conv.base.weight'. See ednet.engine.trainer for customization of frozen layers.
WARNING ⚠️ setting 'requires_grad=True' for frozen layer 'model.29.cv2.2.1.bn.weight'. See ednet.engine.trainer for customization of frozen layers.
WARNING ⚠️ setting 'requires_grad=True' for frozen layer 'model.29.cv2.2.1.bn.bias'. See ednet.engine.trainer for customization of frozen layers.
WARNING ⚠️ setting 'requires_grad=True' for frozen layer 'model.29.cv2.2.2.weight'. See ednet.engine.trainer for customization of frozen layers.
WARNING ⚠️ setting 'requires_grad=True' for frozen layer 'model.29.cv2.2.2.bias'. See ednet.engine.trainer for customization of frozen layers.
WARNING ⚠️ setting 'requires_grad=True' for frozen layer 'model.29.cv2.3.0.conv.base.weight'. See ednet.engine.trainer for customization of frozen layers.
WARNING ⚠️ setting 'requires_grad=True' for frozen layer 'model.29.cv2.3.0.bn.weight'. See ednet.engine.trainer for customization of frozen layers.
WARNING ⚠️ setting 'requires_grad=True' for frozen layer 'model.29.cv2.3.0.bn.bias'. See ednet.engine.trainer for customization of frozen layers.
WARNING ⚠️ setting 'requires_grad=True' for frozen layer 'model.29.cv2.3.1.conv.base.weight'. See ednet.engine.trainer for customization of frozen layers.
WARNING ⚠️ setting 'requires_grad=True' for frozen layer 'model.29.cv2.3.1.bn.weight'. See ednet.engine.trainer for customization of frozen layers.
WARNING ⚠️ setting 'requires_grad=True' for frozen layer 'model.29.cv2.3.1.bn.bias'. See ednet.engine.trainer for customization of frozen layers.
WARNING ⚠️ setting 'requires_grad=True' for frozen layer 'model.29.cv2.3.2.weight'. See ednet.engine.trainer for customization of frozen layers.
WARNING ⚠️ setting 'requires_grad=True' for frozen layer 'model.29.cv2.3.2.bias'. See ednet.engine.trainer for customization of frozen layers.
WARNING ⚠️ setting 'requires_grad=True' for frozen layer 'model.29.cv3.0.0.0.conv.weight'. See ednet.engine.trainer for customization of frozen layers.
WARNING ⚠️ setting 'requires_grad=True' for frozen layer 'model.29.cv3.0.0.0.bn.weight'. See ednet.engine.trainer for customization of frozen layers.
WARNING ⚠️ setting 'requires_grad=True' for frozen layer 'model.29.cv3.0.0.0.bn.bias'. See ednet.engine.trainer for customization of frozen layers.
WARNING ⚠️ setting 'requires_grad=True' for frozen layer 'model.29.cv3.0.0.1.conv.base.weight'. See ednet.engine.trainer for customization of frozen layers.
WARNING ⚠️ setting 'requires_grad=True' for frozen layer 'model.29.cv3.0.0.1.bn.weight'. See ednet.engine.trainer for customization of frozen layers.
WARNING ⚠️ setting 'requires_grad=True' for frozen layer 'model.29.cv3.0.0.1.bn.bias'. See ednet.engine.trainer for customization of frozen layers.
WARNING ⚠️ setting 'requires_grad=True' for frozen layer 'model.29.cv3.0.1.0.conv.weight'. See ednet.engine.trainer for customization of frozen layers.
WARNING ⚠️ setting 'requires_grad=True' for frozen layer 'model.29.cv3.0.1.0.bn.weight'. See ednet.engine.trainer for customization of frozen layers.
WARNING ⚠️ setting 'requires_grad=True' for frozen layer 'model.29.cv3.0.1.0.bn.bias'. See ednet.engine.trainer for customization of frozen layers.
WARNING ⚠️ setting 'requires_grad=True' for frozen layer 'model.29.cv3.0.1.1.conv.base.weight'. See ednet.engine.trainer for customization of frozen layers.
WARNING ⚠️ setting 'requires_grad=True' for frozen layer 'model.29.cv3.0.1.1.bn.weight'. See ednet.engine.trainer for customization of frozen layers.
WARNING ⚠️ setting 'requires_grad=True' for frozen layer 'model.29.cv3.0.1.1.bn.bias'. See ednet.engine.trainer for customization of frozen layers.
WARNING ⚠️ setting 'requires_grad=True' for frozen layer 'model.29.cv3.0.2.weight'. See ednet.engine.trainer for customization of frozen layers.
WARNING ⚠️ setting 'requires_grad=True' for frozen layer 'model.29.cv3.0.2.bias'. See ednet.engine.trainer for customization of frozen layers.
WARNING ⚠️ setting 'requires_grad=True' for frozen layer 'model.29.cv3.1.0.0.conv.weight'. See ednet.engine.trainer for customization of frozen layers.
WARNING ⚠️ setting 'requires_grad=True' for frozen layer 'model.29.cv3.1.0.0.bn.weight'. See ednet.engine.trainer for customization of frozen layers.
WARNING ⚠️ setting 'requires_grad=True' for frozen layer 'model.29.cv3.1.0.0.bn.bias'. See ednet.engine.trainer for customization of frozen layers.
WARNING ⚠️ setting 'requires_grad=True' for frozen layer 'model.29.cv3.1.0.1.conv.base.weight'. See ednet.engine.trainer for customization of frozen layers.
WARNING ⚠️ setting 'requires_grad=True' for frozen layer 'model.29.cv3.1.0.1.bn.weight'. See ednet.engine.trainer for customization of frozen layers.
WARNING ⚠️ setting 'requires_grad=True' for frozen layer 'model.29.cv3.1.0.1.bn.bias'. See ednet.engine.trainer for customization of frozen layers.
WARNING ⚠️ setting 'requires_grad=True' for frozen layer 'model.29.cv3.1.1.0.conv.weight'. See ednet.engine.trainer for customization of frozen layers.
WARNING ⚠️ setting 'requires_grad=True' for frozen layer 'model.29.cv3.1.1.0.bn.weight'. See ednet.engine.trainer for customization of frozen layers.
WARNING ⚠️ setting 'requires_grad=True' for frozen layer 'model.29.cv3.1.1.0.bn.bias'. See ednet.engine.trainer for customization of frozen layers.
WARNING ⚠️ setting 'requires_grad=True' for frozen layer 'model.29.cv3.1.1.1.conv.base.weight'. See ednet.engine.trainer for customization of frozen layers.
WARNING ⚠️ setting 'requires_grad=True' for frozen layer 'model.29.cv3.1.1.1.bn.weight'. See ednet.engine.trainer for customization of frozen layers.
WARNING ⚠️ setting 'requires_grad=True' for frozen layer 'model.29.cv3.1.1.1.bn.bias'. See ednet.engine.trainer for customization of frozen layers.
WARNING ⚠️ setting 'requires_grad=True' for frozen layer 'model.29.cv3.1.2.weight'. See ednet.engine.trainer for customization of frozen layers.
WARNING ⚠️ setting 'requires_grad=True' for frozen layer 'model.29.cv3.1.2.bias'. See ednet.engine.trainer for customization of frozen layers.
WARNING ⚠️ setting 'requires_grad=True' for frozen layer 'model.29.cv3.2.0.0.conv.weight'. See ednet.engine.trainer for customization of frozen layers.
WARNING ⚠️ setting 'requires_grad=True' for frozen layer 'model.29.cv3.2.0.0.bn.weight'. See ednet.engine.trainer for customization of frozen layers.
WARNING ⚠️ setting 'requires_grad=True' for frozen layer 'model.29.cv3.2.0.0.bn.bias'. See ednet.engine.trainer for customization of frozen layers.
WARNING ⚠️ setting 'requires_grad=True' for frozen layer 'model.29.cv3.2.0.1.conv.base.weight'. See ednet.engine.trainer for customization of frozen layers.
WARNING ⚠️ setting 'requires_grad=True' for frozen layer 'model.29.cv3.2.0.1.bn.weight'. See ednet.engine.trainer for customization of frozen layers.
WARNING ⚠️ setting 'requires_grad=True' for frozen layer 'model.29.cv3.2.0.1.bn.bias'. See ednet.engine.trainer for customization of frozen layers.
WARNING ⚠️ setting 'requires_grad=True' for frozen layer 'model.29.cv3.2.1.0.conv.weight'. See ednet.engine.trainer for customization of frozen layers.
WARNING ⚠️ setting 'requires_grad=True' for frozen layer 'model.29.cv3.2.1.0.bn.weight'. See ednet.engine.trainer for customization of frozen layers.
WARNING ⚠️ setting 'requires_grad=True' for frozen layer 'model.29.cv3.2.1.0.bn.bias'. See ednet.engine.trainer for customization of frozen layers.
WARNING ⚠️ setting 'requires_grad=True' for frozen layer 'model.29.cv3.2.1.1.conv.base.weight'. See ednet.engine.trainer for customization of frozen layers.
WARNING ⚠️ setting 'requires_grad=True' for frozen layer 'model.29.cv3.2.1.1.bn.weight'. See ednet.engine.trainer for customization of frozen layers.
WARNING ⚠️ setting 'requires_grad=True' for frozen layer 'model.29.cv3.2.1.1.bn.bias'. See ednet.engine.trainer for customization of frozen layers.
WARNING ⚠️ setting 'requires_grad=True' for frozen layer 'model.29.cv3.2.2.weight'. See ednet.engine.trainer for customization of frozen layers.
WARNING ⚠️ setting 'requires_grad=True' for frozen layer 'model.29.cv3.2.2.bias'. See ednet.engine.trainer for customization of frozen layers.
WARNING ⚠️ setting 'requires_grad=True' for frozen layer 'model.29.cv3.3.0.0.conv.weight'. See ednet.engine.trainer for customization of frozen layers.
WARNING ⚠️ setting 'requires_grad=True' for frozen layer 'model.29.cv3.3.0.0.bn.weight'. See ednet.engine.trainer for customization of frozen layers.
WARNING ⚠️ setting 'requires_grad=True' for frozen layer 'model.29.cv3.3.0.0.bn.bias'. See ednet.engine.trainer for customization of frozen layers.
WARNING ⚠️ setting 'requires_grad=True' for frozen layer 'model.29.cv3.3.0.1.conv.base.weight'. See ednet.engine.trainer for customization of frozen layers.
WARNING ⚠️ setting 'requires_grad=True' for frozen layer 'model.29.cv3.3.0.1.bn.weight'. See ednet.engine.trainer for customization of frozen layers.
WARNING ⚠️ setting 'requires_grad=True' for frozen layer 'model.29.cv3.3.0.1.bn.bias'. See ednet.engine.trainer for customization of frozen layers.
WARNING ⚠️ setting 'requires_grad=True' for frozen layer 'model.29.cv3.3.1.0.conv.weight'. See ednet.engine.trainer for customization of frozen layers.
WARNING ⚠️ setting 'requires_grad=True' for frozen layer 'model.29.cv3.3.1.0.bn.weight'. See ednet.engine.trainer for customization of frozen layers.
WARNING ⚠️ setting 'requires_grad=True' for frozen layer 'model.29.cv3.3.1.0.bn.bias'. See ednet.engine.trainer for customization of frozen layers.
WARNING ⚠️ setting 'requires_grad=True' for frozen layer 'model.29.cv3.3.1.1.conv.base.weight'. See ednet.engine.trainer for customization of frozen layers.
WARNING ⚠️ setting 'requires_grad=True' for frozen layer 'model.29.cv3.3.1.1.bn.weight'. See ednet.engine.trainer for customization of frozen layers.
WARNING ⚠️ setting 'requires_grad=True' for frozen layer 'model.29.cv3.3.1.1.bn.bias'. See ednet.engine.trainer for customization of frozen layers.
WARNING ⚠️ setting 'requires_grad=True' for frozen layer 'model.29.cv3.3.2.weight'. See ednet.engine.trainer for customization of frozen layers.
WARNING ⚠️ setting 'requires_grad=True' for frozen layer 'model.29.cv3.3.2.bias'. See ednet.engine.trainer for customization of frozen layers.
Freezing layer 'model.29.dfl.conv.weight'
WARNING ⚠️ setting 'requires_grad=True' for frozen layer 'model.29.one2one_cv2.0.0.conv.weight'. See ednet.engine.trainer for customization of frozen layers.
WARNING ⚠️ setting 'requires_grad=True' for frozen layer 'model.29.one2one_cv2.0.0.bn.weight'. See ednet.engine.trainer for customization of frozen layers.
WARNING ⚠️ setting 'requires_grad=True' for frozen layer 'model.29.one2one_cv2.0.0.bn.bias'. See ednet.engine.trainer for customization of frozen layers.
WARNING ⚠️ setting 'requires_grad=True' for frozen layer 'model.29.one2one_cv2.0.1.conv.weight'. See ednet.engine.trainer for customization of frozen layers.
WARNING ⚠️ setting 'requires_grad=True' for frozen layer 'model.29.one2one_cv2.0.1.bn.weight'. See ednet.engine.trainer for customization of frozen layers.
WARNING ⚠️ setting 'requires_grad=True' for frozen layer 'model.29.one2one_cv2.0.1.bn.bias'. See ednet.engine.trainer for customization of frozen layers.
WARNING ⚠️ setting 'requires_grad=True' for frozen layer 'model.29.one2one_cv2.0.2.weight'. See ednet.engine.trainer for customization of frozen layers.
WARNING ⚠️ setting 'requires_grad=True' for frozen layer 'model.29.one2one_cv2.0.2.bias'. See ednet.engine.trainer for customization of frozen layers.
WARNING ⚠️ setting 'requires_grad=True' for frozen layer 'model.29.one2one_cv2.1.0.conv.weight'. See ednet.engine.trainer for customization of frozen layers.
WARNING ⚠️ setting 'requires_grad=True' for frozen layer 'model.29.one2one_cv2.1.0.bn.weight'. See ednet.engine.trainer for customization of frozen layers.
WARNING ⚠️ setting 'requires_grad=True' for frozen layer 'model.29.one2one_cv2.1.0.bn.bias'. See ednet.engine.trainer for customization of frozen layers.
WARNING ⚠️ setting 'requires_grad=True' for frozen layer 'model.29.one2one_cv2.1.1.conv.weight'. See ednet.engine.trainer for customization of frozen layers.
WARNING ⚠️ setting 'requires_grad=True' for frozen layer 'model.29.one2one_cv2.1.1.bn.weight'. See ednet.engine.trainer for customization of frozen layers.
WARNING ⚠️ setting 'requires_grad=True' for frozen layer 'model.29.one2one_cv2.1.1.bn.bias'. See ednet.engine.trainer for customization of frozen layers.
WARNING ⚠️ setting 'requires_grad=True' for frozen layer 'model.29.one2one_cv2.1.2.weight'. See ednet.engine.trainer for customization of frozen layers.
WARNING ⚠️ setting 'requires_grad=True' for frozen layer 'model.29.one2one_cv2.1.2.bias'. See ednet.engine.trainer for customization of frozen layers.
WARNING ⚠️ setting 'requires_grad=True' for frozen layer 'model.29.one2one_cv2.2.0.conv.weight'. See ednet.engine.trainer for customization of frozen layers.
WARNING ⚠️ setting 'requires_grad=True' for frozen layer 'model.29.one2one_cv2.2.0.bn.weight'. See ednet.engine.trainer for customization of frozen layers.
WARNING ⚠️ setting 'requires_grad=True' for frozen layer 'model.29.one2one_cv2.2.0.bn.bias'. See ednet.engine.trainer for customization of frozen layers.
WARNING ⚠️ setting 'requires_grad=True' for frozen layer 'model.29.one2one_cv2.2.1.conv.weight'. See ednet.engine.trainer for customization of frozen layers.
WARNING ⚠️ setting 'requires_grad=True' for frozen layer 'model.29.one2one_cv2.2.1.bn.weight'. See ednet.engine.trainer for customization of frozen layers.
WARNING ⚠️ setting 'requires_grad=True' for frozen layer 'model.29.one2one_cv2.2.1.bn.bias'. See ednet.engine.trainer for customization of frozen layers.
WARNING ⚠️ setting 'requires_grad=True' for frozen layer 'model.29.one2one_cv2.2.2.weight'. See ednet.engine.trainer for customization of frozen layers.
WARNING ⚠️ setting 'requires_grad=True' for frozen layer 'model.29.one2one_cv2.2.2.bias'. See ednet.engine.trainer for customization of frozen layers.
WARNING ⚠️ setting 'requires_grad=True' for frozen layer 'model.29.one2one_cv2.3.0.conv.weight'. See ednet.engine.trainer for customization of frozen layers.
WARNING ⚠️ setting 'requires_grad=True' for frozen layer 'model.29.one2one_cv2.3.0.bn.weight'. See ednet.engine.trainer for customization of frozen layers.
WARNING ⚠️ setting 'requires_grad=True' for frozen layer 'model.29.one2one_cv2.3.0.bn.bias'. See ednet.engine.trainer for customization of frozen layers.
WARNING ⚠️ setting 'requires_grad=True' for frozen layer 'model.29.one2one_cv2.3.1.conv.weight'. See ednet.engine.trainer for customization of frozen layers.
WARNING ⚠️ setting 'requires_grad=True' for frozen layer 'model.29.one2one_cv2.3.1.bn.weight'. See ednet.engine.trainer for customization of frozen layers.
WARNING ⚠️ setting 'requires_grad=True' for frozen layer 'model.29.one2one_cv2.3.1.bn.bias'. See ednet.engine.trainer for customization of frozen layers.
WARNING ⚠️ setting 'requires_grad=True' for frozen layer 'model.29.one2one_cv2.3.2.weight'. See ednet.engine.trainer for customization of frozen layers.
WARNING ⚠️ setting 'requires_grad=True' for frozen layer 'model.29.one2one_cv2.3.2.bias'. See ednet.engine.trainer for customization of frozen layers.
WARNING ⚠️ setting 'requires_grad=True' for frozen layer 'model.29.one2one_cv3.0.0.0.conv.weight'. See ednet.engine.trainer for customization of frozen layers.
WARNING ⚠️ setting 'requires_grad=True' for frozen layer 'model.29.one2one_cv3.0.0.0.bn.weight'. See ednet.engine.trainer for customization of frozen layers.
WARNING ⚠️ setting 'requires_grad=True' for frozen layer 'model.29.one2one_cv3.0.0.0.bn.bias'. See ednet.engine.trainer for customization of frozen layers.
WARNING ⚠️ setting 'requires_grad=True' for frozen layer 'model.29.one2one_cv3.0.0.1.conv.weight'. See ednet.engine.trainer for customization of frozen layers.
WARNING ⚠️ setting 'requires_grad=True' for frozen layer 'model.29.one2one_cv3.0.0.1.bn.weight'. See ednet.engine.trainer for customization of frozen layers.
WARNING ⚠️ setting 'requires_grad=True' for frozen layer 'model.29.one2one_cv3.0.0.1.bn.bias'. See ednet.engine.trainer for customization of frozen layers.
WARNING ⚠️ setting 'requires_grad=True' for frozen layer 'model.29.one2one_cv3.0.1.0.conv.weight'. See ednet.engine.trainer for customization of frozen layers.
WARNING ⚠️ setting 'requires_grad=True' for frozen layer 'model.29.one2one_cv3.0.1.0.bn.weight'. See ednet.engine.trainer for customization of frozen layers.
WARNING ⚠️ setting 'requires_grad=True' for frozen layer 'model.29.one2one_cv3.0.1.0.bn.bias'. See ednet.engine.trainer for customization of frozen layers.
WARNING ⚠️ setting 'requires_grad=True' for frozen layer 'model.29.one2one_cv3.0.1.1.conv.weight'. See ednet.engine.trainer for customization of frozen layers.
WARNING ⚠️ setting 'requires_grad=True' for frozen layer 'model.29.one2one_cv3.0.1.1.bn.weight'. See ednet.engine.trainer for customization of frozen layers.
WARNING ⚠️ setting 'requires_grad=True' for frozen layer 'model.29.one2one_cv3.0.1.1.bn.bias'. See ednet.engine.trainer for customization of frozen layers.
WARNING ⚠️ setting 'requires_grad=True' for frozen layer 'model.29.one2one_cv3.0.2.weight'. See ednet.engine.trainer for customization of frozen layers.
WARNING ⚠️ setting 'requires_grad=True' for frozen layer 'model.29.one2one_cv3.0.2.bias'. See ednet.engine.trainer for customization of frozen layers.
WARNING ⚠️ setting 'requires_grad=True' for frozen layer 'model.29.one2one_cv3.1.0.0.conv.weight'. See ednet.engine.trainer for customization of frozen layers.
WARNING ⚠️ setting 'requires_grad=True' for frozen layer 'model.29.one2one_cv3.1.0.0.bn.weight'. See ednet.engine.trainer for customization of frozen layers.
WARNING ⚠️ setting 'requires_grad=True' for frozen layer 'model.29.one2one_cv3.1.0.0.bn.bias'. See ednet.engine.trainer for customization of frozen layers.
WARNING ⚠️ setting 'requires_grad=True' for frozen layer 'model.29.one2one_cv3.1.0.1.conv.weight'. See ednet.engine.trainer for customization of frozen layers.
WARNING ⚠️ setting 'requires_grad=True' for frozen layer 'model.29.one2one_cv3.1.0.1.bn.weight'. See ednet.engine.trainer for customization of frozen layers.
WARNING ⚠️ setting 'requires_grad=True' for frozen layer 'model.29.one2one_cv3.1.0.1.bn.bias'. See ednet.engine.trainer for customization of frozen layers.
WARNING ⚠️ setting 'requires_grad=True' for frozen layer 'model.29.one2one_cv3.1.1.0.conv.weight'. See ednet.engine.trainer for customization of frozen layers.
WARNING ⚠️ setting 'requires_grad=True' for frozen layer 'model.29.one2one_cv3.1.1.0.bn.weight'. See ednet.engine.trainer for customization of frozen layers.
WARNING ⚠️ setting 'requires_grad=True' for frozen layer 'model.29.one2one_cv3.1.1.0.bn.bias'. See ednet.engine.trainer for customization of frozen layers.
WARNING ⚠️ setting 'requires_grad=True' for frozen layer 'model.29.one2one_cv3.1.1.1.conv.weight'. See ednet.engine.trainer for customization of frozen layers.
WARNING ⚠️ setting 'requires_grad=True' for frozen layer 'model.29.one2one_cv3.1.1.1.bn.weight'. See ednet.engine.trainer for customization of frozen layers.
WARNING ⚠️ setting 'requires_grad=True' for frozen layer 'model.29.one2one_cv3.1.1.1.bn.bias'. See ednet.engine.trainer for customization of frozen layers.
WARNING ⚠️ setting 'requires_grad=True' for frozen layer 'model.29.one2one_cv3.1.2.weight'. See ednet.engine.trainer for customization of frozen layers.
WARNING ⚠️ setting 'requires_grad=True' for frozen layer 'model.29.one2one_cv3.1.2.bias'. See ednet.engine.trainer for customization of frozen layers.
WARNING ⚠️ setting 'requires_grad=True' for frozen layer 'model.29.one2one_cv3.2.0.0.conv.weight'. See ednet.engine.trainer for customization of frozen layers.
WARNING ⚠️ setting 'requires_grad=True' for frozen layer 'model.29.one2one_cv3.2.0.0.bn.weight'. See ednet.engine.trainer for customization of frozen layers.
WARNING ⚠️ setting 'requires_grad=True' for frozen layer 'model.29.one2one_cv3.2.0.0.bn.bias'. See ednet.engine.trainer for customization of frozen layers.
WARNING ⚠️ setting 'requires_grad=True' for frozen layer 'model.29.one2one_cv3.2.0.1.conv.weight'. See ednet.engine.trainer for customization of frozen layers.
WARNING ⚠️ setting 'requires_grad=True' for frozen layer 'model.29.one2one_cv3.2.0.1.bn.weight'. See ednet.engine.trainer for customization of frozen layers.
WARNING ⚠️ setting 'requires_grad=True' for frozen layer 'model.29.one2one_cv3.2.0.1.bn.bias'. See ednet.engine.trainer for customization of frozen layers.
WARNING ⚠️ setting 'requires_grad=True' for frozen layer 'model.29.one2one_cv3.2.1.0.conv.weight'. See ednet.engine.trainer for customization of frozen layers.
WARNING ⚠️ setting 'requires_grad=True' for frozen layer 'model.29.one2one_cv3.2.1.0.bn.weight'. See ednet.engine.trainer for customization of frozen layers.
WARNING ⚠️ setting 'requires_grad=True' for frozen layer 'model.29.one2one_cv3.2.1.0.bn.bias'. See ednet.engine.trainer for customization of frozen layers.
WARNING ⚠️ setting 'requires_grad=True' for frozen layer 'model.29.one2one_cv3.2.1.1.conv.weight'. See ednet.engine.trainer for customization of frozen layers.
WARNING ⚠️ setting 'requires_grad=True' for frozen layer 'model.29.one2one_cv3.2.1.1.bn.weight'. See ednet.engine.trainer for customization of frozen layers.
WARNING ⚠️ setting 'requires_grad=True' for frozen layer 'model.29.one2one_cv3.2.1.1.bn.bias'. See ednet.engine.trainer for customization of frozen layers.
WARNING ⚠️ setting 'requires_grad=True' for frozen layer 'model.29.one2one_cv3.2.2.weight'. See ednet.engine.trainer for customization of frozen layers.
WARNING ⚠️ setting 'requires_grad=True' for frozen layer 'model.29.one2one_cv3.2.2.bias'. See ednet.engine.trainer for customization of frozen layers.
WARNING ⚠️ setting 'requires_grad=True' for frozen layer 'model.29.one2one_cv3.3.0.0.conv.weight'. See ednet.engine.trainer for customization of frozen layers.
WARNING ⚠️ setting 'requires_grad=True' for frozen layer 'model.29.one2one_cv3.3.0.0.bn.weight'. See ednet.engine.trainer for customization of frozen layers.
WARNING ⚠️ setting 'requires_grad=True' for frozen layer 'model.29.one2one_cv3.3.0.0.bn.bias'. See ednet.engine.trainer for customization of frozen layers.
WARNING ⚠️ setting 'requires_grad=True' for frozen layer 'model.29.one2one_cv3.3.0.1.conv.weight'. See ednet.engine.trainer for customization of frozen layers.
WARNING ⚠️ setting 'requires_grad=True' for frozen layer 'model.29.one2one_cv3.3.0.1.bn.weight'. See ednet.engine.trainer for customization of frozen layers.
WARNING ⚠️ setting 'requires_grad=True' for frozen layer 'model.29.one2one_cv3.3.0.1.bn.bias'. See ednet.engine.trainer for customization of frozen layers.
WARNING ⚠️ setting 'requires_grad=True' for frozen layer 'model.29.one2one_cv3.3.1.0.conv.weight'. See ednet.engine.trainer for customization of frozen layers.
WARNING ⚠️ setting 'requires_grad=True' for frozen layer 'model.29.one2one_cv3.3.1.0.bn.weight'. See ednet.engine.trainer for customization of frozen layers.
WARNING ⚠️ setting 'requires_grad=True' for frozen layer 'model.29.one2one_cv3.3.1.0.bn.bias'. See ednet.engine.trainer for customization of frozen layers.
WARNING ⚠️ setting 'requires_grad=True' for frozen layer 'model.29.one2one_cv3.3.1.1.conv.weight'. See ednet.engine.trainer for customization of frozen layers.
WARNING ⚠️ setting 'requires_grad=True' for frozen layer 'model.29.one2one_cv3.3.1.1.bn.weight'. See ednet.engine.trainer for customization of frozen layers.
WARNING ⚠️ setting 'requires_grad=True' for frozen layer 'model.29.one2one_cv3.3.1.1.bn.bias'. See ednet.engine.trainer for customization of frozen layers.
WARNING ⚠️ setting 'requires_grad=True' for frozen layer 'model.29.one2one_cv3.3.2.weight'. See ednet.engine.trainer for customization of frozen layers.
WARNING ⚠️ setting 'requires_grad=True' for frozen layer 'model.29.one2one_cv3.3.2.bias'. See ednet.engine.trainer for customization of frozen layers.
[34m[1mAMP: [0mrunning Automatic Mixed Precision (AMP) checks with YOLOv8n...
[34m[1mAMP: [0mchecks passed ✅
Plotting labels to /home/ddwilde/scriptie/runs/dota_saab/stage3-saab5/labels.jpg... 
[34m[1moptimizer:[0m 'optimizer=auto' found, ignoring 'lr0=0.01' and 'momentum=0.937' and determining best 'optimizer', 'lr0' and 'momentum' automatically... 
[34m[1moptimizer:[0m AdamW(lr=0.000526, momentum=0.9) with parameter groups 117 weight(decay=0.0), 202 weight(decay=0.0005), 139 bias(decay=0.0)
Memory replay enabled from /home/ddwilde/scriptie/datasets/memory/stage3/images with batch size 4 (50.0% of primary batch).
Skipping fusion for LoRA-wrapped layer Conv
Skipping fusion for LoRA-wrapped layer Conv
Skipping fusion for LoRA-wrapped layer Conv
Skipping fusion for LoRA-wrapped layer Conv
Skipping fusion for LoRA-wrapped layer Conv
Skipping fusion for LoRA-wrapped layer Conv
Skipping fusion for LoRA-wrapped layer Conv
Skipping fusion for LoRA-wrapped layer Conv
Skipping fusion for LoRA-wrapped layer Conv
Skipping fusion for LoRA-wrapped layer Conv
Skipping fusion for LoRA-wrapped layer Conv
Skipping fusion for LoRA-wrapped layer Conv
Skipping fusion for LoRA-wrapped layer Conv
Skipping fusion for LoRA-wrapped layer Conv
Skipping fusion for LoRA-wrapped layer Conv
Skipping fusion for LoRA-wrapped layer Conv
Skipping fusion for LoRA-wrapped layer Conv
Skipping fusion for LoRA-wrapped layer Conv
Skipping fusion for LoRA-wrapped layer Conv
Skipping fusion for LoRA-wrapped layer Conv
Skipping fusion for LoRA-wrapped layer Conv
Skipping fusion for LoRA-wrapped layer Conv
Skipping fusion for LoRA-wrapped layer Conv
Skipping fusion for LoRA-wrapped layer Conv
Skipping fusion for LoRA-wrapped layer Conv
Skipping fusion for LoRA-wrapped layer Conv
Skipping fusion for LoRA-wrapped layer Conv
Skipping fusion for LoRA-wrapped layer Conv
[34m[1mTensorBoard: [0mmodel graph visualization added ✅
Image sizes 640 train, 640 val
Using 8 dataloader workers
Logging results to [1m/home/ddwilde/scriptie/runs/dota_saab/stage3-saab5[0m
Starting training for 5 epochs...

      Epoch    GPU_mem   box_loss   cls_loss   dfl_loss  Instances       Size
                   all        367      24440      0.484     0.0588     0.0848     0.0452

      Epoch    GPU_mem   box_loss   cls_loss   dfl_loss  Instances       Size
                   all        367      24440      0.593     0.0843      0.112     0.0621

      Epoch    GPU_mem   box_loss   cls_loss   dfl_loss  Instances       Size
