EDNet 1.0 ✅ Python-3.10.4 ✅ torch-2.8.0+cu128 ✅CUDA:0 (NVIDIA A100-SXM4-40GB, 40441MiB)
[34m[1mengine/trainer: [0mtask=detect, mode=train, model=/home/ddwilde/scriptie/pretrained/small.pt, data=/home/ddwilde/scriptie/yaml/DOTA-stage1.yaml, epochs=50, time=None, patience=100, batch=8, imgsz=640, save=True, save_period=-1, cache=False, device=None, workers=8, project=/home/ddwilde/scriptie/runs/dota_saab, name=stage1-saab3, exist_ok=False, pretrained=True, optimizer=auto, verbose=True, seed=0, deterministic=True, single_cls=False, rect=False, cos_lr=False, close_mosaic=10, resume=False, amp=True, fraction=1.0, profile=False, freeze=None, multi_scale=False, lora={'enable': True, 'freeze_backbone': True}, continual={'enable': False, 'batches': [], 'adapter_strategy': 'last', 'save_history': True}, replay={'enable': True, 'buffer_per_class': 128, 'sample_per_batch': 32, 'loss_weight': 1.0, 'tiny_max_pixels': 320}, overlap_mask=True, mask_ratio=4, dropout=0.0, val=True, split=val, save_json=False, save_hybrid=False, conf=None, iou=0.7, max_det=300, half=False, dnn=False, plots=True, source=None, vid_stride=1, stream_buffer=False, visualize=False, augment=False, agnostic_nms=False, classes=None, retina_masks=False, embed=None, show=False, save_frames=False, save_txt=False, save_conf=False, save_crop=False, show_labels=True, show_conf=True, show_boxes=True, line_width=None, format=torchscript, keras=False, optimize=False, int8=False, dynamic=False, simplify=False, opset=None, workspace=4, nms=False, lr0=0.01, lrf=0.01, momentum=0.937, weight_decay=0.0005, warmup_epochs=3.0, warmup_momentum=0.8, warmup_bias_lr=0.1, box=7.5, cls=0.5, dfl=1.5, pose=12.0, kobj=1.0, label_smoothing=0.0, nbs=64, hsv_h=0.015, hsv_s=0.7, hsv_v=0.4, degrees=0.0, translate=0.1, scale=0.5, shear=0.0, perspective=0.0, flipud=0.0, fliplr=0.5, bgr=0.0, mosaic=1.0, mixup=0.0, copy_paste=0.0, auto_augment=randaugment, erasing=0.4, crop_fraction=1.0, cfg=None, tracker=botsort.yaml, save_dir=/home/ddwilde/scriptie/runs/dota_saab/stage1-saab3
Overriding model.yaml nc=10 with nc=15

                   from  n    params  module                                       arguments                     
  0                  -1  1       928  ednet.nn.modules.conv.Conv                   [3, 32, 3, 2]                 
  1                  -1  1     18560  ednet.nn.modules.conv.Conv                   [32, 64, 3, 2]                
  2                  -1  1     29056  ednet.nn.modules.block.C2f                   [64, 64, 1, True]             
  3                  -1  1     73984  ednet.nn.modules.conv.Conv                   [64, 128, 3, 2]               
  4                  -1  2    197632  ednet.nn.modules.block.C2f                   [128, 128, 2, True]           
  5                  -1  1    295424  ednet.nn.modules.conv.Conv                   [128, 256, 3, 2]              
  6                  -1  2    420864  ednet.nn.modules.block.C2f_FCA               [256, 256, 2, True]           
  7                  -1  1   1180672  ednet.nn.modules.conv.Conv                   [256, 512, 3, 2]              
  8                  -1  1   1095680  ednet.nn.modules.block.C2f_FCA               [512, 512, 1, True]           
  9                  -1  1    656896  ednet.nn.modules.block.SPPF                  [512, 512, 5]                 
 10                  -1  1    990976  ednet.nn.modules.block.PSA                   [512, 512]                    
 11                  -1  1         0  torch.nn.modules.upsampling.Upsample         [None, 2, 'nearest']          
 12             [-1, 6]  1         0  ednet.nn.modules.conv.Concat                 [1]                           
 13                  -1  1    591360  ednet.nn.modules.block.C2f                   [768, 256, 1]                 
 14                  -1  1         0  torch.nn.modules.upsampling.Upsample         [None, 2, 'nearest']          
 15             [-1, 4]  1         0  ednet.nn.modules.conv.Concat                 [1]                           
 16                  -1  1    148224  ednet.nn.modules.block.C2f                   [384, 128, 1]                 
 17                  -1  1         0  torch.nn.modules.upsampling.Upsample         [None, 2, 'nearest']          
 18             [-1, 2]  1         0  ednet.nn.modules.conv.Concat                 [1]                           
 19                  -1  1     37248  ednet.nn.modules.block.C2f                   [192, 64, 1]                  
 20                  -1  1     36992  ednet.nn.modules.conv.Conv                   [64, 64, 3, 2]                
 21            [-1, 16]  1         0  ednet.nn.modules.conv.Concat                 [1]                           
 22                  -1  1    123648  ednet.nn.modules.block.C2f                   [192, 128, 1]                 
 23                  -1  1    147712  ednet.nn.modules.conv.Conv                   [128, 128, 3, 2]              
 24            [-1, 13]  1         0  ednet.nn.modules.conv.Concat                 [1]                           
 25                  -1  1    493056  ednet.nn.modules.block.C2f                   [384, 256, 1]                 
 26                  -1  1     68864  ednet.nn.modules.block.SCDown                [256, 256, 3, 2]              
 27             [-1, 9]  1         0  ednet.nn.modules.conv.Concat                 [1]                           
 28                  -1  1   1089536  ednet.nn.modules.block.C2fCIB                [768, 512, 1, True, True]     
 29    [19, 22, 25, 28]  1   1628424  ednet.nn.modules.head.v10Detect              [15, [64, 128, 256, 512]]     
ednet-s summary: 510 layers, 9,325,736 parameters, 9,325,720 gradients

Transferred 737/753 items from pretrained weights
LoRA enabled: 28 adapters (rank=8, alpha=16.0, freeze_backbone=True)
Replay feature tapper initialized for layers: ['P3', 'P4']
[34m[1mTensorBoard: [0mStart with 'tensorboard --logdir /home/ddwilde/scriptie/runs/dota_saab/stage1-saab3', view at http://localhost:6006/
WARNING ⚠️ setting 'requires_grad=True' for frozen layer 'model.0.conv.weight'. See ednet.engine.trainer for customization of frozen layers.
WARNING ⚠️ setting 'requires_grad=True' for frozen layer 'model.0.bn.weight'. See ednet.engine.trainer for customization of frozen layers.
WARNING ⚠️ setting 'requires_grad=True' for frozen layer 'model.0.bn.bias'. See ednet.engine.trainer for customization of frozen layers.
WARNING ⚠️ setting 'requires_grad=True' for frozen layer 'model.1.conv.weight'. See ednet.engine.trainer for customization of frozen layers.
WARNING ⚠️ setting 'requires_grad=True' for frozen layer 'model.1.bn.weight'. See ednet.engine.trainer for customization of frozen layers.
WARNING ⚠️ setting 'requires_grad=True' for frozen layer 'model.1.bn.bias'. See ednet.engine.trainer for customization of frozen layers.
WARNING ⚠️ setting 'requires_grad=True' for frozen layer 'model.2.cv1.conv.weight'. See ednet.engine.trainer for customization of frozen layers.
WARNING ⚠️ setting 'requires_grad=True' for frozen layer 'model.2.cv1.bn.weight'. See ednet.engine.trainer for customization of frozen layers.
WARNING ⚠️ setting 'requires_grad=True' for frozen layer 'model.2.cv1.bn.bias'. See ednet.engine.trainer for customization of frozen layers.
WARNING ⚠️ setting 'requires_grad=True' for frozen layer 'model.2.cv2.conv.weight'. See ednet.engine.trainer for customization of frozen layers.
WARNING ⚠️ setting 'requires_grad=True' for frozen layer 'model.2.cv2.bn.weight'. See ednet.engine.trainer for customization of frozen layers.
WARNING ⚠️ setting 'requires_grad=True' for frozen layer 'model.2.cv2.bn.bias'. See ednet.engine.trainer for customization of frozen layers.
WARNING ⚠️ setting 'requires_grad=True' for frozen layer 'model.2.m.0.cv1.conv.weight'. See ednet.engine.trainer for customization of frozen layers.
WARNING ⚠️ setting 'requires_grad=True' for frozen layer 'model.2.m.0.cv1.bn.weight'. See ednet.engine.trainer for customization of frozen layers.
WARNING ⚠️ setting 'requires_grad=True' for frozen layer 'model.2.m.0.cv1.bn.bias'. See ednet.engine.trainer for customization of frozen layers.
WARNING ⚠️ setting 'requires_grad=True' for frozen layer 'model.2.m.0.cv2.conv.weight'. See ednet.engine.trainer for customization of frozen layers.
WARNING ⚠️ setting 'requires_grad=True' for frozen layer 'model.2.m.0.cv2.bn.weight'. See ednet.engine.trainer for customization of frozen layers.
WARNING ⚠️ setting 'requires_grad=True' for frozen layer 'model.2.m.0.cv2.bn.bias'. See ednet.engine.trainer for customization of frozen layers.
WARNING ⚠️ setting 'requires_grad=True' for frozen layer 'model.3.conv.weight'. See ednet.engine.trainer for customization of frozen layers.
WARNING ⚠️ setting 'requires_grad=True' for frozen layer 'model.3.bn.weight'. See ednet.engine.trainer for customization of frozen layers.
WARNING ⚠️ setting 'requires_grad=True' for frozen layer 'model.3.bn.bias'. See ednet.engine.trainer for customization of frozen layers.
WARNING ⚠️ setting 'requires_grad=True' for frozen layer 'model.4.cv1.conv.weight'. See ednet.engine.trainer for customization of frozen layers.
WARNING ⚠️ setting 'requires_grad=True' for frozen layer 'model.4.cv1.bn.weight'. See ednet.engine.trainer for customization of frozen layers.
WARNING ⚠️ setting 'requires_grad=True' for frozen layer 'model.4.cv1.bn.bias'. See ednet.engine.trainer for customization of frozen layers.
WARNING ⚠️ setting 'requires_grad=True' for frozen layer 'model.4.cv2.conv.weight'. See ednet.engine.trainer for customization of frozen layers.
WARNING ⚠️ setting 'requires_grad=True' for frozen layer 'model.4.cv2.bn.weight'. See ednet.engine.trainer for customization of frozen layers.
WARNING ⚠️ setting 'requires_grad=True' for frozen layer 'model.4.cv2.bn.bias'. See ednet.engine.trainer for customization of frozen layers.
WARNING ⚠️ setting 'requires_grad=True' for frozen layer 'model.4.m.0.cv1.conv.weight'. See ednet.engine.trainer for customization of frozen layers.
WARNING ⚠️ setting 'requires_grad=True' for frozen layer 'model.4.m.0.cv1.bn.weight'. See ednet.engine.trainer for customization of frozen layers.
WARNING ⚠️ setting 'requires_grad=True' for frozen layer 'model.4.m.0.cv1.bn.bias'. See ednet.engine.trainer for customization of frozen layers.
WARNING ⚠️ setting 'requires_grad=True' for frozen layer 'model.4.m.0.cv2.conv.weight'. See ednet.engine.trainer for customization of frozen layers.
WARNING ⚠️ setting 'requires_grad=True' for frozen layer 'model.4.m.0.cv2.bn.weight'. See ednet.engine.trainer for customization of frozen layers.
WARNING ⚠️ setting 'requires_grad=True' for frozen layer 'model.4.m.0.cv2.bn.bias'. See ednet.engine.trainer for customization of frozen layers.
WARNING ⚠️ setting 'requires_grad=True' for frozen layer 'model.4.m.1.cv1.conv.weight'. See ednet.engine.trainer for customization of frozen layers.
WARNING ⚠️ setting 'requires_grad=True' for frozen layer 'model.4.m.1.cv1.bn.weight'. See ednet.engine.trainer for customization of frozen layers.
WARNING ⚠️ setting 'requires_grad=True' for frozen layer 'model.4.m.1.cv1.bn.bias'. See ednet.engine.trainer for customization of frozen layers.
WARNING ⚠️ setting 'requires_grad=True' for frozen layer 'model.4.m.1.cv2.conv.weight'. See ednet.engine.trainer for customization of frozen layers.
WARNING ⚠️ setting 'requires_grad=True' for frozen layer 'model.4.m.1.cv2.bn.weight'. See ednet.engine.trainer for customization of frozen layers.
WARNING ⚠️ setting 'requires_grad=True' for frozen layer 'model.4.m.1.cv2.bn.bias'. See ednet.engine.trainer for customization of frozen layers.
WARNING ⚠️ setting 'requires_grad=True' for frozen layer 'model.5.conv.weight'. See ednet.engine.trainer for customization of frozen layers.
WARNING ⚠️ setting 'requires_grad=True' for frozen layer 'model.5.bn.weight'. See ednet.engine.trainer for customization of frozen layers.
WARNING ⚠️ setting 'requires_grad=True' for frozen layer 'model.5.bn.bias'. See ednet.engine.trainer for customization of frozen layers.
WARNING ⚠️ setting 'requires_grad=True' for frozen layer 'model.6.cv1.conv.weight'. See ednet.engine.trainer for customization of frozen layers.
WARNING ⚠️ setting 'requires_grad=True' for frozen layer 'model.6.cv1.bn.weight'. See ednet.engine.trainer for customization of frozen layers.
WARNING ⚠️ setting 'requires_grad=True' for frozen layer 'model.6.cv1.bn.bias'. See ednet.engine.trainer for customization of frozen layers.
WARNING ⚠️ setting 'requires_grad=True' for frozen layer 'model.6.cv2.conv.weight'. See ednet.engine.trainer for customization of frozen layers.
WARNING ⚠️ setting 'requires_grad=True' for frozen layer 'model.6.cv2.bn.weight'. See ednet.engine.trainer for customization of frozen layers.
WARNING ⚠️ setting 'requires_grad=True' for frozen layer 'model.6.cv2.bn.bias'. See ednet.engine.trainer for customization of frozen layers.
WARNING ⚠️ setting 'requires_grad=True' for frozen layer 'model.6.m.0.mlp.0.conv.weight'. See ednet.engine.trainer for customization of frozen layers.
WARNING ⚠️ setting 'requires_grad=True' for frozen layer 'model.6.m.0.mlp.0.bn.weight'. See ednet.engine.trainer for customization of frozen layers.
WARNING ⚠️ setting 'requires_grad=True' for frozen layer 'model.6.m.0.mlp.0.bn.bias'. See ednet.engine.trainer for customization of frozen layers.
WARNING ⚠️ setting 'requires_grad=True' for frozen layer 'model.6.m.0.mlp.1.weight'. See ednet.engine.trainer for customization of frozen layers.
WARNING ⚠️ setting 'requires_grad=True' for frozen layer 'model.6.m.0.spatial_mixing.PConv3.weight'. See ednet.engine.trainer for customization of frozen layers.
WARNING ⚠️ setting 'requires_grad=True' for frozen layer 'model.6.m.0.attention.conv1.conv.weight'. See ednet.engine.trainer for customization of frozen layers.
WARNING ⚠️ setting 'requires_grad=True' for frozen layer 'model.6.m.0.attention.conv1.bn.weight'. See ednet.engine.trainer for customization of frozen layers.
WARNING ⚠️ setting 'requires_grad=True' for frozen layer 'model.6.m.0.attention.conv1.bn.bias'. See ednet.engine.trainer for customization of frozen layers.
WARNING ⚠️ setting 'requires_grad=True' for frozen layer 'model.6.m.0.attention.h_conv.conv.weight'. See ednet.engine.trainer for customization of frozen layers.
WARNING ⚠️ setting 'requires_grad=True' for frozen layer 'model.6.m.0.attention.h_conv.conv.bias'. See ednet.engine.trainer for customization of frozen layers.
WARNING ⚠️ setting 'requires_grad=True' for frozen layer 'model.6.m.0.attention.v_conv.conv.weight'. See ednet.engine.trainer for customization of frozen layers.
WARNING ⚠️ setting 'requires_grad=True' for frozen layer 'model.6.m.0.attention.v_conv.conv.bias'. See ednet.engine.trainer for customization of frozen layers.
WARNING ⚠️ setting 'requires_grad=True' for frozen layer 'model.6.m.0.attention.conv2.conv.weight'. See ednet.engine.trainer for customization of frozen layers.
WARNING ⚠️ setting 'requires_grad=True' for frozen layer 'model.6.m.0.attention.conv2.bn.weight'. See ednet.engine.trainer for customization of frozen layers.
WARNING ⚠️ setting 'requires_grad=True' for frozen layer 'model.6.m.0.attention.conv2.bn.bias'. See ednet.engine.trainer for customization of frozen layers.
WARNING ⚠️ setting 'requires_grad=True' for frozen layer 'model.6.m.1.mlp.0.conv.weight'. See ednet.engine.trainer for customization of frozen layers.
WARNING ⚠️ setting 'requires_grad=True' for frozen layer 'model.6.m.1.mlp.0.bn.weight'. See ednet.engine.trainer for customization of frozen layers.
WARNING ⚠️ setting 'requires_grad=True' for frozen layer 'model.6.m.1.mlp.0.bn.bias'. See ednet.engine.trainer for customization of frozen layers.
WARNING ⚠️ setting 'requires_grad=True' for frozen layer 'model.6.m.1.mlp.1.weight'. See ednet.engine.trainer for customization of frozen layers.
WARNING ⚠️ setting 'requires_grad=True' for frozen layer 'model.6.m.1.spatial_mixing.PConv3.weight'. See ednet.engine.trainer for customization of frozen layers.
WARNING ⚠️ setting 'requires_grad=True' for frozen layer 'model.6.m.1.attention.conv1.conv.weight'. See ednet.engine.trainer for customization of frozen layers.
WARNING ⚠️ setting 'requires_grad=True' for frozen layer 'model.6.m.1.attention.conv1.bn.weight'. See ednet.engine.trainer for customization of frozen layers.
WARNING ⚠️ setting 'requires_grad=True' for frozen layer 'model.6.m.1.attention.conv1.bn.bias'. See ednet.engine.trainer for customization of frozen layers.
WARNING ⚠️ setting 'requires_grad=True' for frozen layer 'model.6.m.1.attention.h_conv.conv.weight'. See ednet.engine.trainer for customization of frozen layers.
WARNING ⚠️ setting 'requires_grad=True' for frozen layer 'model.6.m.1.attention.h_conv.conv.bias'. See ednet.engine.trainer for customization of frozen layers.
WARNING ⚠️ setting 'requires_grad=True' for frozen layer 'model.6.m.1.attention.v_conv.conv.weight'. See ednet.engine.trainer for customization of frozen layers.
WARNING ⚠️ setting 'requires_grad=True' for frozen layer 'model.6.m.1.attention.v_conv.conv.bias'. See ednet.engine.trainer for customization of frozen layers.
WARNING ⚠️ setting 'requires_grad=True' for frozen layer 'model.6.m.1.attention.conv2.conv.weight'. See ednet.engine.trainer for customization of frozen layers.
WARNING ⚠️ setting 'requires_grad=True' for frozen layer 'model.6.m.1.attention.conv2.bn.weight'. See ednet.engine.trainer for customization of frozen layers.
WARNING ⚠️ setting 'requires_grad=True' for frozen layer 'model.6.m.1.attention.conv2.bn.bias'. See ednet.engine.trainer for customization of frozen layers.
WARNING ⚠️ setting 'requires_grad=True' for frozen layer 'model.7.conv.weight'. See ednet.engine.trainer for customization of frozen layers.
WARNING ⚠️ setting 'requires_grad=True' for frozen layer 'model.7.bn.weight'. See ednet.engine.trainer for customization of frozen layers.
WARNING ⚠️ setting 'requires_grad=True' for frozen layer 'model.7.bn.bias'. See ednet.engine.trainer for customization of frozen layers.
WARNING ⚠️ setting 'requires_grad=True' for frozen layer 'model.8.cv1.conv.weight'. See ednet.engine.trainer for customization of frozen layers.
WARNING ⚠️ setting 'requires_grad=True' for frozen layer 'model.8.cv1.bn.weight'. See ednet.engine.trainer for customization of frozen layers.
WARNING ⚠️ setting 'requires_grad=True' for frozen layer 'model.8.cv1.bn.bias'. See ednet.engine.trainer for customization of frozen layers.
WARNING ⚠️ setting 'requires_grad=True' for frozen layer 'model.8.cv2.conv.weight'. See ednet.engine.trainer for customization of frozen layers.
WARNING ⚠️ setting 'requires_grad=True' for frozen layer 'model.8.cv2.bn.weight'. See ednet.engine.trainer for customization of frozen layers.
WARNING ⚠️ setting 'requires_grad=True' for frozen layer 'model.8.cv2.bn.bias'. See ednet.engine.trainer for customization of frozen layers.
WARNING ⚠️ setting 'requires_grad=True' for frozen layer 'model.8.m.0.mlp.0.conv.weight'. See ednet.engine.trainer for customization of frozen layers.
WARNING ⚠️ setting 'requires_grad=True' for frozen layer 'model.8.m.0.mlp.0.bn.weight'. See ednet.engine.trainer for customization of frozen layers.
WARNING ⚠️ setting 'requires_grad=True' for frozen layer 'model.8.m.0.mlp.0.bn.bias'. See ednet.engine.trainer for customization of frozen layers.
WARNING ⚠️ setting 'requires_grad=True' for frozen layer 'model.8.m.0.mlp.1.weight'. See ednet.engine.trainer for customization of frozen layers.
WARNING ⚠️ setting 'requires_grad=True' for frozen layer 'model.8.m.0.spatial_mixing.PConv3.weight'. See ednet.engine.trainer for customization of frozen layers.
WARNING ⚠️ setting 'requires_grad=True' for frozen layer 'model.8.m.0.attention.conv1.conv.weight'. See ednet.engine.trainer for customization of frozen layers.
WARNING ⚠️ setting 'requires_grad=True' for frozen layer 'model.8.m.0.attention.conv1.bn.weight'. See ednet.engine.trainer for customization of frozen layers.
WARNING ⚠️ setting 'requires_grad=True' for frozen layer 'model.8.m.0.attention.conv1.bn.bias'. See ednet.engine.trainer for customization of frozen layers.
WARNING ⚠️ setting 'requires_grad=True' for frozen layer 'model.8.m.0.attention.h_conv.conv.weight'. See ednet.engine.trainer for customization of frozen layers.
WARNING ⚠️ setting 'requires_grad=True' for frozen layer 'model.8.m.0.attention.h_conv.conv.bias'. See ednet.engine.trainer for customization of frozen layers.
WARNING ⚠️ setting 'requires_grad=True' for frozen layer 'model.8.m.0.attention.v_conv.conv.weight'. See ednet.engine.trainer for customization of frozen layers.
WARNING ⚠️ setting 'requires_grad=True' for frozen layer 'model.8.m.0.attention.v_conv.conv.bias'. See ednet.engine.trainer for customization of frozen layers.
WARNING ⚠️ setting 'requires_grad=True' for frozen layer 'model.8.m.0.attention.conv2.conv.weight'. See ednet.engine.trainer for customization of frozen layers.
WARNING ⚠️ setting 'requires_grad=True' for frozen layer 'model.8.m.0.attention.conv2.bn.weight'. See ednet.engine.trainer for customization of frozen layers.
WARNING ⚠️ setting 'requires_grad=True' for frozen layer 'model.8.m.0.attention.conv2.bn.bias'. See ednet.engine.trainer for customization of frozen layers.
WARNING ⚠️ setting 'requires_grad=True' for frozen layer 'model.9.cv1.conv.weight'. See ednet.engine.trainer for customization of frozen layers.
WARNING ⚠️ setting 'requires_grad=True' for frozen layer 'model.9.cv1.bn.weight'. See ednet.engine.trainer for customization of frozen layers.
WARNING ⚠️ setting 'requires_grad=True' for frozen layer 'model.9.cv1.bn.bias'. See ednet.engine.trainer for customization of frozen layers.
WARNING ⚠️ setting 'requires_grad=True' for frozen layer 'model.9.cv2.conv.weight'. See ednet.engine.trainer for customization of frozen layers.
WARNING ⚠️ setting 'requires_grad=True' for frozen layer 'model.9.cv2.bn.weight'. See ednet.engine.trainer for customization of frozen layers.
WARNING ⚠️ setting 'requires_grad=True' for frozen layer 'model.9.cv2.bn.bias'. See ednet.engine.trainer for customization of frozen layers.
WARNING ⚠️ setting 'requires_grad=True' for frozen layer 'model.10.cv1.conv.weight'. See ednet.engine.trainer for customization of frozen layers.
WARNING ⚠️ setting 'requires_grad=True' for frozen layer 'model.10.cv1.bn.weight'. See ednet.engine.trainer for customization of frozen layers.
WARNING ⚠️ setting 'requires_grad=True' for frozen layer 'model.10.cv1.bn.bias'. See ednet.engine.trainer for customization of frozen layers.
WARNING ⚠️ setting 'requires_grad=True' for frozen layer 'model.10.cv2.conv.weight'. See ednet.engine.trainer for customization of frozen layers.
WARNING ⚠️ setting 'requires_grad=True' for frozen layer 'model.10.cv2.bn.weight'. See ednet.engine.trainer for customization of frozen layers.
WARNING ⚠️ setting 'requires_grad=True' for frozen layer 'model.10.cv2.bn.bias'. See ednet.engine.trainer for customization of frozen layers.
WARNING ⚠️ setting 'requires_grad=True' for frozen layer 'model.10.attn.qkv.conv.weight'. See ednet.engine.trainer for customization of frozen layers.
WARNING ⚠️ setting 'requires_grad=True' for frozen layer 'model.10.attn.qkv.bn.weight'. See ednet.engine.trainer for customization of frozen layers.
WARNING ⚠️ setting 'requires_grad=True' for frozen layer 'model.10.attn.qkv.bn.bias'. See ednet.engine.trainer for customization of frozen layers.
WARNING ⚠️ setting 'requires_grad=True' for frozen layer 'model.10.attn.proj.conv.weight'. See ednet.engine.trainer for customization of frozen layers.
WARNING ⚠️ setting 'requires_grad=True' for frozen layer 'model.10.attn.proj.bn.weight'. See ednet.engine.trainer for customization of frozen layers.
WARNING ⚠️ setting 'requires_grad=True' for frozen layer 'model.10.attn.proj.bn.bias'. See ednet.engine.trainer for customization of frozen layers.
WARNING ⚠️ setting 'requires_grad=True' for frozen layer 'model.10.attn.pe.conv.weight'. See ednet.engine.trainer for customization of frozen layers.
WARNING ⚠️ setting 'requires_grad=True' for frozen layer 'model.10.attn.pe.bn.weight'. See ednet.engine.trainer for customization of frozen layers.
WARNING ⚠️ setting 'requires_grad=True' for frozen layer 'model.10.attn.pe.bn.bias'. See ednet.engine.trainer for customization of frozen layers.
WARNING ⚠️ setting 'requires_grad=True' for frozen layer 'model.10.ffn.0.conv.weight'. See ednet.engine.trainer for customization of frozen layers.
WARNING ⚠️ setting 'requires_grad=True' for frozen layer 'model.10.ffn.0.bn.weight'. See ednet.engine.trainer for customization of frozen layers.
WARNING ⚠️ setting 'requires_grad=True' for frozen layer 'model.10.ffn.0.bn.bias'. See ednet.engine.trainer for customization of frozen layers.
WARNING ⚠️ setting 'requires_grad=True' for frozen layer 'model.10.ffn.1.conv.weight'. See ednet.engine.trainer for customization of frozen layers.
WARNING ⚠️ setting 'requires_grad=True' for frozen layer 'model.10.ffn.1.bn.weight'. See ednet.engine.trainer for customization of frozen layers.
WARNING ⚠️ setting 'requires_grad=True' for frozen layer 'model.10.ffn.1.bn.bias'. See ednet.engine.trainer for customization of frozen layers.
WARNING ⚠️ setting 'requires_grad=True' for frozen layer 'model.13.cv1.conv.weight'. See ednet.engine.trainer for customization of frozen layers.
WARNING ⚠️ setting 'requires_grad=True' for frozen layer 'model.13.cv1.bn.weight'. See ednet.engine.trainer for customization of frozen layers.
WARNING ⚠️ setting 'requires_grad=True' for frozen layer 'model.13.cv1.bn.bias'. See ednet.engine.trainer for customization of frozen layers.
WARNING ⚠️ setting 'requires_grad=True' for frozen layer 'model.13.cv2.conv.weight'. See ednet.engine.trainer for customization of frozen layers.
WARNING ⚠️ setting 'requires_grad=True' for frozen layer 'model.13.cv2.bn.weight'. See ednet.engine.trainer for customization of frozen layers.
WARNING ⚠️ setting 'requires_grad=True' for frozen layer 'model.13.cv2.bn.bias'. See ednet.engine.trainer for customization of frozen layers.
WARNING ⚠️ setting 'requires_grad=True' for frozen layer 'model.13.m.0.cv1.conv.weight'. See ednet.engine.trainer for customization of frozen layers.
WARNING ⚠️ setting 'requires_grad=True' for frozen layer 'model.13.m.0.cv1.bn.weight'. See ednet.engine.trainer for customization of frozen layers.
WARNING ⚠️ setting 'requires_grad=True' for frozen layer 'model.13.m.0.cv1.bn.bias'. See ednet.engine.trainer for customization of frozen layers.
WARNING ⚠️ setting 'requires_grad=True' for frozen layer 'model.13.m.0.cv2.conv.weight'. See ednet.engine.trainer for customization of frozen layers.
WARNING ⚠️ setting 'requires_grad=True' for frozen layer 'model.13.m.0.cv2.bn.weight'. See ednet.engine.trainer for customization of frozen layers.
WARNING ⚠️ setting 'requires_grad=True' for frozen layer 'model.13.m.0.cv2.bn.bias'. See ednet.engine.trainer for customization of frozen layers.
WARNING ⚠️ setting 'requires_grad=True' for frozen layer 'model.16.cv1.conv.base.weight'. See ednet.engine.trainer for customization of frozen layers.
WARNING ⚠️ setting 'requires_grad=True' for frozen layer 'model.16.cv1.bn.weight'. See ednet.engine.trainer for customization of frozen layers.
WARNING ⚠️ setting 'requires_grad=True' for frozen layer 'model.16.cv1.bn.bias'. See ednet.engine.trainer for customization of frozen layers.
WARNING ⚠️ setting 'requires_grad=True' for frozen layer 'model.16.cv2.conv.base.weight'. See ednet.engine.trainer for customization of frozen layers.
WARNING ⚠️ setting 'requires_grad=True' for frozen layer 'model.16.cv2.bn.weight'. See ednet.engine.trainer for customization of frozen layers.
WARNING ⚠️ setting 'requires_grad=True' for frozen layer 'model.16.cv2.bn.bias'. See ednet.engine.trainer for customization of frozen layers.
WARNING ⚠️ setting 'requires_grad=True' for frozen layer 'model.16.m.0.cv1.conv.base.weight'. See ednet.engine.trainer for customization of frozen layers.
WARNING ⚠️ setting 'requires_grad=True' for frozen layer 'model.16.m.0.cv1.bn.weight'. See ednet.engine.trainer for customization of frozen layers.
WARNING ⚠️ setting 'requires_grad=True' for frozen layer 'model.16.m.0.cv1.bn.bias'. See ednet.engine.trainer for customization of frozen layers.
WARNING ⚠️ setting 'requires_grad=True' for frozen layer 'model.16.m.0.cv2.conv.base.weight'. See ednet.engine.trainer for customization of frozen layers.
WARNING ⚠️ setting 'requires_grad=True' for frozen layer 'model.16.m.0.cv2.bn.weight'. See ednet.engine.trainer for customization of frozen layers.
WARNING ⚠️ setting 'requires_grad=True' for frozen layer 'model.16.m.0.cv2.bn.bias'. See ednet.engine.trainer for customization of frozen layers.
WARNING ⚠️ setting 'requires_grad=True' for frozen layer 'model.19.cv1.conv.weight'. See ednet.engine.trainer for customization of frozen layers.
WARNING ⚠️ setting 'requires_grad=True' for frozen layer 'model.19.cv1.bn.weight'. See ednet.engine.trainer for customization of frozen layers.
WARNING ⚠️ setting 'requires_grad=True' for frozen layer 'model.19.cv1.bn.bias'. See ednet.engine.trainer for customization of frozen layers.
WARNING ⚠️ setting 'requires_grad=True' for frozen layer 'model.19.cv2.conv.weight'. See ednet.engine.trainer for customization of frozen layers.
WARNING ⚠️ setting 'requires_grad=True' for frozen layer 'model.19.cv2.bn.weight'. See ednet.engine.trainer for customization of frozen layers.
WARNING ⚠️ setting 'requires_grad=True' for frozen layer 'model.19.cv2.bn.bias'. See ednet.engine.trainer for customization of frozen layers.
WARNING ⚠️ setting 'requires_grad=True' for frozen layer 'model.19.m.0.cv1.conv.weight'. See ednet.engine.trainer for customization of frozen layers.
WARNING ⚠️ setting 'requires_grad=True' for frozen layer 'model.19.m.0.cv1.bn.weight'. See ednet.engine.trainer for customization of frozen layers.
WARNING ⚠️ setting 'requires_grad=True' for frozen layer 'model.19.m.0.cv1.bn.bias'. See ednet.engine.trainer for customization of frozen layers.
WARNING ⚠️ setting 'requires_grad=True' for frozen layer 'model.19.m.0.cv2.conv.weight'. See ednet.engine.trainer for customization of frozen layers.
WARNING ⚠️ setting 'requires_grad=True' for frozen layer 'model.19.m.0.cv2.bn.weight'. See ednet.engine.trainer for customization of frozen layers.
WARNING ⚠️ setting 'requires_grad=True' for frozen layer 'model.19.m.0.cv2.bn.bias'. See ednet.engine.trainer for customization of frozen layers.
WARNING ⚠️ setting 'requires_grad=True' for frozen layer 'model.20.conv.weight'. See ednet.engine.trainer for customization of frozen layers.
WARNING ⚠️ setting 'requires_grad=True' for frozen layer 'model.20.bn.weight'. See ednet.engine.trainer for customization of frozen layers.
WARNING ⚠️ setting 'requires_grad=True' for frozen layer 'model.20.bn.bias'. See ednet.engine.trainer for customization of frozen layers.
WARNING ⚠️ setting 'requires_grad=True' for frozen layer 'model.22.cv1.conv.base.weight'. See ednet.engine.trainer for customization of frozen layers.
WARNING ⚠️ setting 'requires_grad=True' for frozen layer 'model.22.cv1.bn.weight'. See ednet.engine.trainer for customization of frozen layers.
WARNING ⚠️ setting 'requires_grad=True' for frozen layer 'model.22.cv1.bn.bias'. See ednet.engine.trainer for customization of frozen layers.
WARNING ⚠️ setting 'requires_grad=True' for frozen layer 'model.22.cv2.conv.base.weight'. See ednet.engine.trainer for customization of frozen layers.
WARNING ⚠️ setting 'requires_grad=True' for frozen layer 'model.22.cv2.bn.weight'. See ednet.engine.trainer for customization of frozen layers.
WARNING ⚠️ setting 'requires_grad=True' for frozen layer 'model.22.cv2.bn.bias'. See ednet.engine.trainer for customization of frozen layers.
WARNING ⚠️ setting 'requires_grad=True' for frozen layer 'model.22.m.0.cv1.conv.base.weight'. See ednet.engine.trainer for customization of frozen layers.
WARNING ⚠️ setting 'requires_grad=True' for frozen layer 'model.22.m.0.cv1.bn.weight'. See ednet.engine.trainer for customization of frozen layers.
WARNING ⚠️ setting 'requires_grad=True' for frozen layer 'model.22.m.0.cv1.bn.bias'. See ednet.engine.trainer for customization of frozen layers.
WARNING ⚠️ setting 'requires_grad=True' for frozen layer 'model.22.m.0.cv2.conv.base.weight'. See ednet.engine.trainer for customization of frozen layers.
WARNING ⚠️ setting 'requires_grad=True' for frozen layer 'model.22.m.0.cv2.bn.weight'. See ednet.engine.trainer for customization of frozen layers.
WARNING ⚠️ setting 'requires_grad=True' for frozen layer 'model.22.m.0.cv2.bn.bias'. See ednet.engine.trainer for customization of frozen layers.
WARNING ⚠️ setting 'requires_grad=True' for frozen layer 'model.23.conv.weight'. See ednet.engine.trainer for customization of frozen layers.
WARNING ⚠️ setting 'requires_grad=True' for frozen layer 'model.23.bn.weight'. See ednet.engine.trainer for customization of frozen layers.
WARNING ⚠️ setting 'requires_grad=True' for frozen layer 'model.23.bn.bias'. See ednet.engine.trainer for customization of frozen layers.
WARNING ⚠️ setting 'requires_grad=True' for frozen layer 'model.25.cv1.conv.base.weight'. See ednet.engine.trainer for customization of frozen layers.
WARNING ⚠️ setting 'requires_grad=True' for frozen layer 'model.25.cv1.bn.weight'. See ednet.engine.trainer for customization of frozen layers.
WARNING ⚠️ setting 'requires_grad=True' for frozen layer 'model.25.cv1.bn.bias'. See ednet.engine.trainer for customization of frozen layers.
WARNING ⚠️ setting 'requires_grad=True' for frozen layer 'model.25.cv2.conv.base.weight'. See ednet.engine.trainer for customization of frozen layers.
WARNING ⚠️ setting 'requires_grad=True' for frozen layer 'model.25.cv2.bn.weight'. See ednet.engine.trainer for customization of frozen layers.
WARNING ⚠️ setting 'requires_grad=True' for frozen layer 'model.25.cv2.bn.bias'. See ednet.engine.trainer for customization of frozen layers.
WARNING ⚠️ setting 'requires_grad=True' for frozen layer 'model.25.m.0.cv1.conv.base.weight'. See ednet.engine.trainer for customization of frozen layers.
WARNING ⚠️ setting 'requires_grad=True' for frozen layer 'model.25.m.0.cv1.bn.weight'. See ednet.engine.trainer for customization of frozen layers.
WARNING ⚠️ setting 'requires_grad=True' for frozen layer 'model.25.m.0.cv1.bn.bias'. See ednet.engine.trainer for customization of frozen layers.
WARNING ⚠️ setting 'requires_grad=True' for frozen layer 'model.25.m.0.cv2.conv.base.weight'. See ednet.engine.trainer for customization of frozen layers.
WARNING ⚠️ setting 'requires_grad=True' for frozen layer 'model.25.m.0.cv2.bn.weight'. See ednet.engine.trainer for customization of frozen layers.
WARNING ⚠️ setting 'requires_grad=True' for frozen layer 'model.25.m.0.cv2.bn.bias'. See ednet.engine.trainer for customization of frozen layers.
WARNING ⚠️ setting 'requires_grad=True' for frozen layer 'model.26.cv1.conv.weight'. See ednet.engine.trainer for customization of frozen layers.
WARNING ⚠️ setting 'requires_grad=True' for frozen layer 'model.26.cv1.bn.weight'. See ednet.engine.trainer for customization of frozen layers.
WARNING ⚠️ setting 'requires_grad=True' for frozen layer 'model.26.cv1.bn.bias'. See ednet.engine.trainer for customization of frozen layers.
WARNING ⚠️ setting 'requires_grad=True' for frozen layer 'model.26.cv2.conv.weight'. See ednet.engine.trainer for customization of frozen layers.
WARNING ⚠️ setting 'requires_grad=True' for frozen layer 'model.26.cv2.bn.weight'. See ednet.engine.trainer for customization of frozen layers.
WARNING ⚠️ setting 'requires_grad=True' for frozen layer 'model.26.cv2.bn.bias'. See ednet.engine.trainer for customization of frozen layers.
WARNING ⚠️ setting 'requires_grad=True' for frozen layer 'model.28.cv1.conv.weight'. See ednet.engine.trainer for customization of frozen layers.
WARNING ⚠️ setting 'requires_grad=True' for frozen layer 'model.28.cv1.bn.weight'. See ednet.engine.trainer for customization of frozen layers.
WARNING ⚠️ setting 'requires_grad=True' for frozen layer 'model.28.cv1.bn.bias'. See ednet.engine.trainer for customization of frozen layers.
WARNING ⚠️ setting 'requires_grad=True' for frozen layer 'model.28.cv2.conv.weight'. See ednet.engine.trainer for customization of frozen layers.
WARNING ⚠️ setting 'requires_grad=True' for frozen layer 'model.28.cv2.bn.weight'. See ednet.engine.trainer for customization of frozen layers.
WARNING ⚠️ setting 'requires_grad=True' for frozen layer 'model.28.cv2.bn.bias'. See ednet.engine.trainer for customization of frozen layers.
WARNING ⚠️ setting 'requires_grad=True' for frozen layer 'model.28.m.0.cv1.0.conv.weight'. See ednet.engine.trainer for customization of frozen layers.
WARNING ⚠️ setting 'requires_grad=True' for frozen layer 'model.28.m.0.cv1.0.bn.weight'. See ednet.engine.trainer for customization of frozen layers.
WARNING ⚠️ setting 'requires_grad=True' for frozen layer 'model.28.m.0.cv1.0.bn.bias'. See ednet.engine.trainer for customization of frozen layers.
WARNING ⚠️ setting 'requires_grad=True' for frozen layer 'model.28.m.0.cv1.1.conv.weight'. See ednet.engine.trainer for customization of frozen layers.
WARNING ⚠️ setting 'requires_grad=True' for frozen layer 'model.28.m.0.cv1.1.bn.weight'. See ednet.engine.trainer for customization of frozen layers.
WARNING ⚠️ setting 'requires_grad=True' for frozen layer 'model.28.m.0.cv1.1.bn.bias'. See ednet.engine.trainer for customization of frozen layers.
WARNING ⚠️ setting 'requires_grad=True' for frozen layer 'model.28.m.0.cv1.2.conv.conv.weight'. See ednet.engine.trainer for customization of frozen layers.
WARNING ⚠️ setting 'requires_grad=True' for frozen layer 'model.28.m.0.cv1.2.conv.bn.weight'. See ednet.engine.trainer for customization of frozen layers.
WARNING ⚠️ setting 'requires_grad=True' for frozen layer 'model.28.m.0.cv1.2.conv.bn.bias'. See ednet.engine.trainer for customization of frozen layers.
WARNING ⚠️ setting 'requires_grad=True' for frozen layer 'model.28.m.0.cv1.2.conv1.conv.weight'. See ednet.engine.trainer for customization of frozen layers.
WARNING ⚠️ setting 'requires_grad=True' for frozen layer 'model.28.m.0.cv1.2.conv1.bn.weight'. See ednet.engine.trainer for customization of frozen layers.
WARNING ⚠️ setting 'requires_grad=True' for frozen layer 'model.28.m.0.cv1.2.conv1.bn.bias'. See ednet.engine.trainer for customization of frozen layers.
WARNING ⚠️ setting 'requires_grad=True' for frozen layer 'model.28.m.0.cv1.3.conv.weight'. See ednet.engine.trainer for customization of frozen layers.
WARNING ⚠️ setting 'requires_grad=True' for frozen layer 'model.28.m.0.cv1.3.bn.weight'. See ednet.engine.trainer for customization of frozen layers.
WARNING ⚠️ setting 'requires_grad=True' for frozen layer 'model.28.m.0.cv1.3.bn.bias'. See ednet.engine.trainer for customization of frozen layers.
WARNING ⚠️ setting 'requires_grad=True' for frozen layer 'model.28.m.0.cv1.4.conv.weight'. See ednet.engine.trainer for customization of frozen layers.
WARNING ⚠️ setting 'requires_grad=True' for frozen layer 'model.28.m.0.cv1.4.bn.weight'. See ednet.engine.trainer for customization of frozen layers.
WARNING ⚠️ setting 'requires_grad=True' for frozen layer 'model.28.m.0.cv1.4.bn.bias'. See ednet.engine.trainer for customization of frozen layers.
WARNING ⚠️ setting 'requires_grad=True' for frozen layer 'model.29.cv2.0.0.conv.base.weight'. See ednet.engine.trainer for customization of frozen layers.
WARNING ⚠️ setting 'requires_grad=True' for frozen layer 'model.29.cv2.0.0.bn.weight'. See ednet.engine.trainer for customization of frozen layers.
WARNING ⚠️ setting 'requires_grad=True' for frozen layer 'model.29.cv2.0.0.bn.bias'. See ednet.engine.trainer for customization of frozen layers.
WARNING ⚠️ setting 'requires_grad=True' for frozen layer 'model.29.cv2.0.1.conv.base.weight'. See ednet.engine.trainer for customization of frozen layers.
WARNING ⚠️ setting 'requires_grad=True' for frozen layer 'model.29.cv2.0.1.bn.weight'. See ednet.engine.trainer for customization of frozen layers.
WARNING ⚠️ setting 'requires_grad=True' for frozen layer 'model.29.cv2.0.1.bn.bias'. See ednet.engine.trainer for customization of frozen layers.
WARNING ⚠️ setting 'requires_grad=True' for frozen layer 'model.29.cv2.0.2.weight'. See ednet.engine.trainer for customization of frozen layers.
WARNING ⚠️ setting 'requires_grad=True' for frozen layer 'model.29.cv2.0.2.bias'. See ednet.engine.trainer for customization of frozen layers.
WARNING ⚠️ setting 'requires_grad=True' for frozen layer 'model.29.cv2.1.0.conv.base.weight'. See ednet.engine.trainer for customization of frozen layers.
WARNING ⚠️ setting 'requires_grad=True' for frozen layer 'model.29.cv2.1.0.bn.weight'. See ednet.engine.trainer for customization of frozen layers.
WARNING ⚠️ setting 'requires_grad=True' for frozen layer 'model.29.cv2.1.0.bn.bias'. See ednet.engine.trainer for customization of frozen layers.
WARNING ⚠️ setting 'requires_grad=True' for frozen layer 'model.29.cv2.1.1.conv.base.weight'. See ednet.engine.trainer for customization of frozen layers.
WARNING ⚠️ setting 'requires_grad=True' for frozen layer 'model.29.cv2.1.1.bn.weight'. See ednet.engine.trainer for customization of frozen layers.
WARNING ⚠️ setting 'requires_grad=True' for frozen layer 'model.29.cv2.1.1.bn.bias'. See ednet.engine.trainer for customization of frozen layers.
WARNING ⚠️ setting 'requires_grad=True' for frozen layer 'model.29.cv2.1.2.weight'. See ednet.engine.trainer for customization of frozen layers.
WARNING ⚠️ setting 'requires_grad=True' for frozen layer 'model.29.cv2.1.2.bias'. See ednet.engine.trainer for customization of frozen layers.
WARNING ⚠️ setting 'requires_grad=True' for frozen layer 'model.29.cv2.2.0.conv.base.weight'. See ednet.engine.trainer for customization of frozen layers.
WARNING ⚠️ setting 'requires_grad=True' for frozen layer 'model.29.cv2.2.0.bn.weight'. See ednet.engine.trainer for customization of frozen layers.
WARNING ⚠️ setting 'requires_grad=True' for frozen layer 'model.29.cv2.2.0.bn.bias'. See ednet.engine.trainer for customization of frozen layers.
WARNING ⚠️ setting 'requires_grad=True' for frozen layer 'model.29.cv2.2.1.conv.base.weight'. See ednet.engine.trainer for customization of frozen layers.
WARNING ⚠️ setting 'requires_grad=True' for frozen layer 'model.29.cv2.2.1.bn.weight'. See ednet.engine.trainer for customization of frozen layers.
WARNING ⚠️ setting 'requires_grad=True' for frozen layer 'model.29.cv2.2.1.bn.bias'. See ednet.engine.trainer for customization of frozen layers.
WARNING ⚠️ setting 'requires_grad=True' for frozen layer 'model.29.cv2.2.2.weight'. See ednet.engine.trainer for customization of frozen layers.
WARNING ⚠️ setting 'requires_grad=True' for frozen layer 'model.29.cv2.2.2.bias'. See ednet.engine.trainer for customization of frozen layers.
WARNING ⚠️ setting 'requires_grad=True' for frozen layer 'model.29.cv2.3.0.conv.base.weight'. See ednet.engine.trainer for customization of frozen layers.
WARNING ⚠️ setting 'requires_grad=True' for frozen layer 'model.29.cv2.3.0.bn.weight'. See ednet.engine.trainer for customization of frozen layers.
WARNING ⚠️ setting 'requires_grad=True' for frozen layer 'model.29.cv2.3.0.bn.bias'. See ednet.engine.trainer for customization of frozen layers.
WARNING ⚠️ setting 'requires_grad=True' for frozen layer 'model.29.cv2.3.1.conv.base.weight'. See ednet.engine.trainer for customization of frozen layers.
WARNING ⚠️ setting 'requires_grad=True' for frozen layer 'model.29.cv2.3.1.bn.weight'. See ednet.engine.trainer for customization of frozen layers.
WARNING ⚠️ setting 'requires_grad=True' for frozen layer 'model.29.cv2.3.1.bn.bias'. See ednet.engine.trainer for customization of frozen layers.
WARNING ⚠️ setting 'requires_grad=True' for frozen layer 'model.29.cv2.3.2.weight'. See ednet.engine.trainer for customization of frozen layers.
WARNING ⚠️ setting 'requires_grad=True' for frozen layer 'model.29.cv2.3.2.bias'. See ednet.engine.trainer for customization of frozen layers.
WARNING ⚠️ setting 'requires_grad=True' for frozen layer 'model.29.cv3.0.0.0.conv.weight'. See ednet.engine.trainer for customization of frozen layers.
WARNING ⚠️ setting 'requires_grad=True' for frozen layer 'model.29.cv3.0.0.0.bn.weight'. See ednet.engine.trainer for customization of frozen layers.
WARNING ⚠️ setting 'requires_grad=True' for frozen layer 'model.29.cv3.0.0.0.bn.bias'. See ednet.engine.trainer for customization of frozen layers.
WARNING ⚠️ setting 'requires_grad=True' for frozen layer 'model.29.cv3.0.0.1.conv.base.weight'. See ednet.engine.trainer for customization of frozen layers.
WARNING ⚠️ setting 'requires_grad=True' for frozen layer 'model.29.cv3.0.0.1.bn.weight'. See ednet.engine.trainer for customization of frozen layers.
WARNING ⚠️ setting 'requires_grad=True' for frozen layer 'model.29.cv3.0.0.1.bn.bias'. See ednet.engine.trainer for customization of frozen layers.
WARNING ⚠️ setting 'requires_grad=True' for frozen layer 'model.29.cv3.0.1.0.conv.weight'. See ednet.engine.trainer for customization of frozen layers.
WARNING ⚠️ setting 'requires_grad=True' for frozen layer 'model.29.cv3.0.1.0.bn.weight'. See ednet.engine.trainer for customization of frozen layers.
WARNING ⚠️ setting 'requires_grad=True' for frozen layer 'model.29.cv3.0.1.0.bn.bias'. See ednet.engine.trainer for customization of frozen layers.
WARNING ⚠️ setting 'requires_grad=True' for frozen layer 'model.29.cv3.0.1.1.conv.base.weight'. See ednet.engine.trainer for customization of frozen layers.
WARNING ⚠️ setting 'requires_grad=True' for frozen layer 'model.29.cv3.0.1.1.bn.weight'. See ednet.engine.trainer for customization of frozen layers.
WARNING ⚠️ setting 'requires_grad=True' for frozen layer 'model.29.cv3.0.1.1.bn.bias'. See ednet.engine.trainer for customization of frozen layers.
WARNING ⚠️ setting 'requires_grad=True' for frozen layer 'model.29.cv3.0.2.weight'. See ednet.engine.trainer for customization of frozen layers.
WARNING ⚠️ setting 'requires_grad=True' for frozen layer 'model.29.cv3.0.2.bias'. See ednet.engine.trainer for customization of frozen layers.
WARNING ⚠️ setting 'requires_grad=True' for frozen layer 'model.29.cv3.1.0.0.conv.weight'. See ednet.engine.trainer for customization of frozen layers.
WARNING ⚠️ setting 'requires_grad=True' for frozen layer 'model.29.cv3.1.0.0.bn.weight'. See ednet.engine.trainer for customization of frozen layers.
WARNING ⚠️ setting 'requires_grad=True' for frozen layer 'model.29.cv3.1.0.0.bn.bias'. See ednet.engine.trainer for customization of frozen layers.
WARNING ⚠️ setting 'requires_grad=True' for frozen layer 'model.29.cv3.1.0.1.conv.base.weight'. See ednet.engine.trainer for customization of frozen layers.
WARNING ⚠️ setting 'requires_grad=True' for frozen layer 'model.29.cv3.1.0.1.bn.weight'. See ednet.engine.trainer for customization of frozen layers.
WARNING ⚠️ setting 'requires_grad=True' for frozen layer 'model.29.cv3.1.0.1.bn.bias'. See ednet.engine.trainer for customization of frozen layers.
WARNING ⚠️ setting 'requires_grad=True' for frozen layer 'model.29.cv3.1.1.0.conv.weight'. See ednet.engine.trainer for customization of frozen layers.
WARNING ⚠️ setting 'requires_grad=True' for frozen layer 'model.29.cv3.1.1.0.bn.weight'. See ednet.engine.trainer for customization of frozen layers.
WARNING ⚠️ setting 'requires_grad=True' for frozen layer 'model.29.cv3.1.1.0.bn.bias'. See ednet.engine.trainer for customization of frozen layers.
WARNING ⚠️ setting 'requires_grad=True' for frozen layer 'model.29.cv3.1.1.1.conv.base.weight'. See ednet.engine.trainer for customization of frozen layers.
WARNING ⚠️ setting 'requires_grad=True' for frozen layer 'model.29.cv3.1.1.1.bn.weight'. See ednet.engine.trainer for customization of frozen layers.
WARNING ⚠️ setting 'requires_grad=True' for frozen layer 'model.29.cv3.1.1.1.bn.bias'. See ednet.engine.trainer for customization of frozen layers.
WARNING ⚠️ setting 'requires_grad=True' for frozen layer 'model.29.cv3.1.2.weight'. See ednet.engine.trainer for customization of frozen layers.
WARNING ⚠️ setting 'requires_grad=True' for frozen layer 'model.29.cv3.1.2.bias'. See ednet.engine.trainer for customization of frozen layers.
WARNING ⚠️ setting 'requires_grad=True' for frozen layer 'model.29.cv3.2.0.0.conv.weight'. See ednet.engine.trainer for customization of frozen layers.
WARNING ⚠️ setting 'requires_grad=True' for frozen layer 'model.29.cv3.2.0.0.bn.weight'. See ednet.engine.trainer for customization of frozen layers.
WARNING ⚠️ setting 'requires_grad=True' for frozen layer 'model.29.cv3.2.0.0.bn.bias'. See ednet.engine.trainer for customization of frozen layers.
WARNING ⚠️ setting 'requires_grad=True' for frozen layer 'model.29.cv3.2.0.1.conv.base.weight'. See ednet.engine.trainer for customization of frozen layers.
WARNING ⚠️ setting 'requires_grad=True' for frozen layer 'model.29.cv3.2.0.1.bn.weight'. See ednet.engine.trainer for customization of frozen layers.
WARNING ⚠️ setting 'requires_grad=True' for frozen layer 'model.29.cv3.2.0.1.bn.bias'. See ednet.engine.trainer for customization of frozen layers.
WARNING ⚠️ setting 'requires_grad=True' for frozen layer 'model.29.cv3.2.1.0.conv.weight'. See ednet.engine.trainer for customization of frozen layers.
WARNING ⚠️ setting 'requires_grad=True' for frozen layer 'model.29.cv3.2.1.0.bn.weight'. See ednet.engine.trainer for customization of frozen layers.
WARNING ⚠️ setting 'requires_grad=True' for frozen layer 'model.29.cv3.2.1.0.bn.bias'. See ednet.engine.trainer for customization of frozen layers.
WARNING ⚠️ setting 'requires_grad=True' for frozen layer 'model.29.cv3.2.1.1.conv.base.weight'. See ednet.engine.trainer for customization of frozen layers.
WARNING ⚠️ setting 'requires_grad=True' for frozen layer 'model.29.cv3.2.1.1.bn.weight'. See ednet.engine.trainer for customization of frozen layers.
WARNING ⚠️ setting 'requires_grad=True' for frozen layer 'model.29.cv3.2.1.1.bn.bias'. See ednet.engine.trainer for customization of frozen layers.
WARNING ⚠️ setting 'requires_grad=True' for frozen layer 'model.29.cv3.2.2.weight'. See ednet.engine.trainer for customization of frozen layers.
WARNING ⚠️ setting 'requires_grad=True' for frozen layer 'model.29.cv3.2.2.bias'. See ednet.engine.trainer for customization of frozen layers.
WARNING ⚠️ setting 'requires_grad=True' for frozen layer 'model.29.cv3.3.0.0.conv.weight'. See ednet.engine.trainer for customization of frozen layers.
WARNING ⚠️ setting 'requires_grad=True' for frozen layer 'model.29.cv3.3.0.0.bn.weight'. See ednet.engine.trainer for customization of frozen layers.
WARNING ⚠️ setting 'requires_grad=True' for frozen layer 'model.29.cv3.3.0.0.bn.bias'. See ednet.engine.trainer for customization of frozen layers.
WARNING ⚠️ setting 'requires_grad=True' for frozen layer 'model.29.cv3.3.0.1.conv.base.weight'. See ednet.engine.trainer for customization of frozen layers.
WARNING ⚠️ setting 'requires_grad=True' for frozen layer 'model.29.cv3.3.0.1.bn.weight'. See ednet.engine.trainer for customization of frozen layers.
WARNING ⚠️ setting 'requires_grad=True' for frozen layer 'model.29.cv3.3.0.1.bn.bias'. See ednet.engine.trainer for customization of frozen layers.
WARNING ⚠️ setting 'requires_grad=True' for frozen layer 'model.29.cv3.3.1.0.conv.weight'. See ednet.engine.trainer for customization of frozen layers.
WARNING ⚠️ setting 'requires_grad=True' for frozen layer 'model.29.cv3.3.1.0.bn.weight'. See ednet.engine.trainer for customization of frozen layers.
WARNING ⚠️ setting 'requires_grad=True' for frozen layer 'model.29.cv3.3.1.0.bn.bias'. See ednet.engine.trainer for customization of frozen layers.
WARNING ⚠️ setting 'requires_grad=True' for frozen layer 'model.29.cv3.3.1.1.conv.base.weight'. See ednet.engine.trainer for customization of frozen layers.
WARNING ⚠️ setting 'requires_grad=True' for frozen layer 'model.29.cv3.3.1.1.bn.weight'. See ednet.engine.trainer for customization of frozen layers.
WARNING ⚠️ setting 'requires_grad=True' for frozen layer 'model.29.cv3.3.1.1.bn.bias'. See ednet.engine.trainer for customization of frozen layers.
WARNING ⚠️ setting 'requires_grad=True' for frozen layer 'model.29.cv3.3.2.weight'. See ednet.engine.trainer for customization of frozen layers.
WARNING ⚠️ setting 'requires_grad=True' for frozen layer 'model.29.cv3.3.2.bias'. See ednet.engine.trainer for customization of frozen layers.
Freezing layer 'model.29.dfl.conv.weight'
WARNING ⚠️ setting 'requires_grad=True' for frozen layer 'model.29.one2one_cv2.0.0.conv.weight'. See ednet.engine.trainer for customization of frozen layers.
WARNING ⚠️ setting 'requires_grad=True' for frozen layer 'model.29.one2one_cv2.0.0.bn.weight'. See ednet.engine.trainer for customization of frozen layers.
WARNING ⚠️ setting 'requires_grad=True' for frozen layer 'model.29.one2one_cv2.0.0.bn.bias'. See ednet.engine.trainer for customization of frozen layers.
WARNING ⚠️ setting 'requires_grad=True' for frozen layer 'model.29.one2one_cv2.0.1.conv.weight'. See ednet.engine.trainer for customization of frozen layers.
WARNING ⚠️ setting 'requires_grad=True' for frozen layer 'model.29.one2one_cv2.0.1.bn.weight'. See ednet.engine.trainer for customization of frozen layers.
WARNING ⚠️ setting 'requires_grad=True' for frozen layer 'model.29.one2one_cv2.0.1.bn.bias'. See ednet.engine.trainer for customization of frozen layers.
WARNING ⚠️ setting 'requires_grad=True' for frozen layer 'model.29.one2one_cv2.0.2.weight'. See ednet.engine.trainer for customization of frozen layers.
WARNING ⚠️ setting 'requires_grad=True' for frozen layer 'model.29.one2one_cv2.0.2.bias'. See ednet.engine.trainer for customization of frozen layers.
WARNING ⚠️ setting 'requires_grad=True' for frozen layer 'model.29.one2one_cv2.1.0.conv.weight'. See ednet.engine.trainer for customization of frozen layers.
WARNING ⚠️ setting 'requires_grad=True' for frozen layer 'model.29.one2one_cv2.1.0.bn.weight'. See ednet.engine.trainer for customization of frozen layers.
WARNING ⚠️ setting 'requires_grad=True' for frozen layer 'model.29.one2one_cv2.1.0.bn.bias'. See ednet.engine.trainer for customization of frozen layers.
WARNING ⚠️ setting 'requires_grad=True' for frozen layer 'model.29.one2one_cv2.1.1.conv.weight'. See ednet.engine.trainer for customization of frozen layers.
WARNING ⚠️ setting 'requires_grad=True' for frozen layer 'model.29.one2one_cv2.1.1.bn.weight'. See ednet.engine.trainer for customization of frozen layers.
WARNING ⚠️ setting 'requires_grad=True' for frozen layer 'model.29.one2one_cv2.1.1.bn.bias'. See ednet.engine.trainer for customization of frozen layers.
WARNING ⚠️ setting 'requires_grad=True' for frozen layer 'model.29.one2one_cv2.1.2.weight'. See ednet.engine.trainer for customization of frozen layers.
WARNING ⚠️ setting 'requires_grad=True' for frozen layer 'model.29.one2one_cv2.1.2.bias'. See ednet.engine.trainer for customization of frozen layers.
WARNING ⚠️ setting 'requires_grad=True' for frozen layer 'model.29.one2one_cv2.2.0.conv.weight'. See ednet.engine.trainer for customization of frozen layers.
WARNING ⚠️ setting 'requires_grad=True' for frozen layer 'model.29.one2one_cv2.2.0.bn.weight'. See ednet.engine.trainer for customization of frozen layers.
WARNING ⚠️ setting 'requires_grad=True' for frozen layer 'model.29.one2one_cv2.2.0.bn.bias'. See ednet.engine.trainer for customization of frozen layers.
WARNING ⚠️ setting 'requires_grad=True' for frozen layer 'model.29.one2one_cv2.2.1.conv.weight'. See ednet.engine.trainer for customization of frozen layers.
WARNING ⚠️ setting 'requires_grad=True' for frozen layer 'model.29.one2one_cv2.2.1.bn.weight'. See ednet.engine.trainer for customization of frozen layers.
WARNING ⚠️ setting 'requires_grad=True' for frozen layer 'model.29.one2one_cv2.2.1.bn.bias'. See ednet.engine.trainer for customization of frozen layers.
WARNING ⚠️ setting 'requires_grad=True' for frozen layer 'model.29.one2one_cv2.2.2.weight'. See ednet.engine.trainer for customization of frozen layers.
WARNING ⚠️ setting 'requires_grad=True' for frozen layer 'model.29.one2one_cv2.2.2.bias'. See ednet.engine.trainer for customization of frozen layers.
WARNING ⚠️ setting 'requires_grad=True' for frozen layer 'model.29.one2one_cv2.3.0.conv.weight'. See ednet.engine.trainer for customization of frozen layers.
WARNING ⚠️ setting 'requires_grad=True' for frozen layer 'model.29.one2one_cv2.3.0.bn.weight'. See ednet.engine.trainer for customization of frozen layers.
WARNING ⚠️ setting 'requires_grad=True' for frozen layer 'model.29.one2one_cv2.3.0.bn.bias'. See ednet.engine.trainer for customization of frozen layers.
WARNING ⚠️ setting 'requires_grad=True' for frozen layer 'model.29.one2one_cv2.3.1.conv.weight'. See ednet.engine.trainer for customization of frozen layers.
WARNING ⚠️ setting 'requires_grad=True' for frozen layer 'model.29.one2one_cv2.3.1.bn.weight'. See ednet.engine.trainer for customization of frozen layers.
WARNING ⚠️ setting 'requires_grad=True' for frozen layer 'model.29.one2one_cv2.3.1.bn.bias'. See ednet.engine.trainer for customization of frozen layers.
WARNING ⚠️ setting 'requires_grad=True' for frozen layer 'model.29.one2one_cv2.3.2.weight'. See ednet.engine.trainer for customization of frozen layers.
WARNING ⚠️ setting 'requires_grad=True' for frozen layer 'model.29.one2one_cv2.3.2.bias'. See ednet.engine.trainer for customization of frozen layers.
WARNING ⚠️ setting 'requires_grad=True' for frozen layer 'model.29.one2one_cv3.0.0.0.conv.weight'. See ednet.engine.trainer for customization of frozen layers.
WARNING ⚠️ setting 'requires_grad=True' for frozen layer 'model.29.one2one_cv3.0.0.0.bn.weight'. See ednet.engine.trainer for customization of frozen layers.
WARNING ⚠️ setting 'requires_grad=True' for frozen layer 'model.29.one2one_cv3.0.0.0.bn.bias'. See ednet.engine.trainer for customization of frozen layers.
WARNING ⚠️ setting 'requires_grad=True' for frozen layer 'model.29.one2one_cv3.0.0.1.conv.weight'. See ednet.engine.trainer for customization of frozen layers.
WARNING ⚠️ setting 'requires_grad=True' for frozen layer 'model.29.one2one_cv3.0.0.1.bn.weight'. See ednet.engine.trainer for customization of frozen layers.
WARNING ⚠️ setting 'requires_grad=True' for frozen layer 'model.29.one2one_cv3.0.0.1.bn.bias'. See ednet.engine.trainer for customization of frozen layers.
WARNING ⚠️ setting 'requires_grad=True' for frozen layer 'model.29.one2one_cv3.0.1.0.conv.weight'. See ednet.engine.trainer for customization of frozen layers.
WARNING ⚠️ setting 'requires_grad=True' for frozen layer 'model.29.one2one_cv3.0.1.0.bn.weight'. See ednet.engine.trainer for customization of frozen layers.
WARNING ⚠️ setting 'requires_grad=True' for frozen layer 'model.29.one2one_cv3.0.1.0.bn.bias'. See ednet.engine.trainer for customization of frozen layers.
WARNING ⚠️ setting 'requires_grad=True' for frozen layer 'model.29.one2one_cv3.0.1.1.conv.weight'. See ednet.engine.trainer for customization of frozen layers.
WARNING ⚠️ setting 'requires_grad=True' for frozen layer 'model.29.one2one_cv3.0.1.1.bn.weight'. See ednet.engine.trainer for customization of frozen layers.
WARNING ⚠️ setting 'requires_grad=True' for frozen layer 'model.29.one2one_cv3.0.1.1.bn.bias'. See ednet.engine.trainer for customization of frozen layers.
WARNING ⚠️ setting 'requires_grad=True' for frozen layer 'model.29.one2one_cv3.0.2.weight'. See ednet.engine.trainer for customization of frozen layers.
WARNING ⚠️ setting 'requires_grad=True' for frozen layer 'model.29.one2one_cv3.0.2.bias'. See ednet.engine.trainer for customization of frozen layers.
WARNING ⚠️ setting 'requires_grad=True' for frozen layer 'model.29.one2one_cv3.1.0.0.conv.weight'. See ednet.engine.trainer for customization of frozen layers.
WARNING ⚠️ setting 'requires_grad=True' for frozen layer 'model.29.one2one_cv3.1.0.0.bn.weight'. See ednet.engine.trainer for customization of frozen layers.
WARNING ⚠️ setting 'requires_grad=True' for frozen layer 'model.29.one2one_cv3.1.0.0.bn.bias'. See ednet.engine.trainer for customization of frozen layers.
WARNING ⚠️ setting 'requires_grad=True' for frozen layer 'model.29.one2one_cv3.1.0.1.conv.weight'. See ednet.engine.trainer for customization of frozen layers.
WARNING ⚠️ setting 'requires_grad=True' for frozen layer 'model.29.one2one_cv3.1.0.1.bn.weight'. See ednet.engine.trainer for customization of frozen layers.
WARNING ⚠️ setting 'requires_grad=True' for frozen layer 'model.29.one2one_cv3.1.0.1.bn.bias'. See ednet.engine.trainer for customization of frozen layers.
WARNING ⚠️ setting 'requires_grad=True' for frozen layer 'model.29.one2one_cv3.1.1.0.conv.weight'. See ednet.engine.trainer for customization of frozen layers.
WARNING ⚠️ setting 'requires_grad=True' for frozen layer 'model.29.one2one_cv3.1.1.0.bn.weight'. See ednet.engine.trainer for customization of frozen layers.
WARNING ⚠️ setting 'requires_grad=True' for frozen layer 'model.29.one2one_cv3.1.1.0.bn.bias'. See ednet.engine.trainer for customization of frozen layers.
WARNING ⚠️ setting 'requires_grad=True' for frozen layer 'model.29.one2one_cv3.1.1.1.conv.weight'. See ednet.engine.trainer for customization of frozen layers.
WARNING ⚠️ setting 'requires_grad=True' for frozen layer 'model.29.one2one_cv3.1.1.1.bn.weight'. See ednet.engine.trainer for customization of frozen layers.
WARNING ⚠️ setting 'requires_grad=True' for frozen layer 'model.29.one2one_cv3.1.1.1.bn.bias'. See ednet.engine.trainer for customization of frozen layers.
WARNING ⚠️ setting 'requires_grad=True' for frozen layer 'model.29.one2one_cv3.1.2.weight'. See ednet.engine.trainer for customization of frozen layers.
WARNING ⚠️ setting 'requires_grad=True' for frozen layer 'model.29.one2one_cv3.1.2.bias'. See ednet.engine.trainer for customization of frozen layers.
WARNING ⚠️ setting 'requires_grad=True' for frozen layer 'model.29.one2one_cv3.2.0.0.conv.weight'. See ednet.engine.trainer for customization of frozen layers.
WARNING ⚠️ setting 'requires_grad=True' for frozen layer 'model.29.one2one_cv3.2.0.0.bn.weight'. See ednet.engine.trainer for customization of frozen layers.
WARNING ⚠️ setting 'requires_grad=True' for frozen layer 'model.29.one2one_cv3.2.0.0.bn.bias'. See ednet.engine.trainer for customization of frozen layers.
WARNING ⚠️ setting 'requires_grad=True' for frozen layer 'model.29.one2one_cv3.2.0.1.conv.weight'. See ednet.engine.trainer for customization of frozen layers.
WARNING ⚠️ setting 'requires_grad=True' for frozen layer 'model.29.one2one_cv3.2.0.1.bn.weight'. See ednet.engine.trainer for customization of frozen layers.
WARNING ⚠️ setting 'requires_grad=True' for frozen layer 'model.29.one2one_cv3.2.0.1.bn.bias'. See ednet.engine.trainer for customization of frozen layers.
WARNING ⚠️ setting 'requires_grad=True' for frozen layer 'model.29.one2one_cv3.2.1.0.conv.weight'. See ednet.engine.trainer for customization of frozen layers.
WARNING ⚠️ setting 'requires_grad=True' for frozen layer 'model.29.one2one_cv3.2.1.0.bn.weight'. See ednet.engine.trainer for customization of frozen layers.
WARNING ⚠️ setting 'requires_grad=True' for frozen layer 'model.29.one2one_cv3.2.1.0.bn.bias'. See ednet.engine.trainer for customization of frozen layers.
WARNING ⚠️ setting 'requires_grad=True' for frozen layer 'model.29.one2one_cv3.2.1.1.conv.weight'. See ednet.engine.trainer for customization of frozen layers.
WARNING ⚠️ setting 'requires_grad=True' for frozen layer 'model.29.one2one_cv3.2.1.1.bn.weight'. See ednet.engine.trainer for customization of frozen layers.
WARNING ⚠️ setting 'requires_grad=True' for frozen layer 'model.29.one2one_cv3.2.1.1.bn.bias'. See ednet.engine.trainer for customization of frozen layers.
WARNING ⚠️ setting 'requires_grad=True' for frozen layer 'model.29.one2one_cv3.2.2.weight'. See ednet.engine.trainer for customization of frozen layers.
WARNING ⚠️ setting 'requires_grad=True' for frozen layer 'model.29.one2one_cv3.2.2.bias'. See ednet.engine.trainer for customization of frozen layers.
WARNING ⚠️ setting 'requires_grad=True' for frozen layer 'model.29.one2one_cv3.3.0.0.conv.weight'. See ednet.engine.trainer for customization of frozen layers.
WARNING ⚠️ setting 'requires_grad=True' for frozen layer 'model.29.one2one_cv3.3.0.0.bn.weight'. See ednet.engine.trainer for customization of frozen layers.
WARNING ⚠️ setting 'requires_grad=True' for frozen layer 'model.29.one2one_cv3.3.0.0.bn.bias'. See ednet.engine.trainer for customization of frozen layers.
WARNING ⚠️ setting 'requires_grad=True' for frozen layer 'model.29.one2one_cv3.3.0.1.conv.weight'. See ednet.engine.trainer for customization of frozen layers.
WARNING ⚠️ setting 'requires_grad=True' for frozen layer 'model.29.one2one_cv3.3.0.1.bn.weight'. See ednet.engine.trainer for customization of frozen layers.
WARNING ⚠️ setting 'requires_grad=True' for frozen layer 'model.29.one2one_cv3.3.0.1.bn.bias'. See ednet.engine.trainer for customization of frozen layers.
WARNING ⚠️ setting 'requires_grad=True' for frozen layer 'model.29.one2one_cv3.3.1.0.conv.weight'. See ednet.engine.trainer for customization of frozen layers.
WARNING ⚠️ setting 'requires_grad=True' for frozen layer 'model.29.one2one_cv3.3.1.0.bn.weight'. See ednet.engine.trainer for customization of frozen layers.
WARNING ⚠️ setting 'requires_grad=True' for frozen layer 'model.29.one2one_cv3.3.1.0.bn.bias'. See ednet.engine.trainer for customization of frozen layers.
WARNING ⚠️ setting 'requires_grad=True' for frozen layer 'model.29.one2one_cv3.3.1.1.conv.weight'. See ednet.engine.trainer for customization of frozen layers.
WARNING ⚠️ setting 'requires_grad=True' for frozen layer 'model.29.one2one_cv3.3.1.1.bn.weight'. See ednet.engine.trainer for customization of frozen layers.
WARNING ⚠️ setting 'requires_grad=True' for frozen layer 'model.29.one2one_cv3.3.1.1.bn.bias'. See ednet.engine.trainer for customization of frozen layers.
WARNING ⚠️ setting 'requires_grad=True' for frozen layer 'model.29.one2one_cv3.3.2.weight'. See ednet.engine.trainer for customization of frozen layers.
WARNING ⚠️ setting 'requires_grad=True' for frozen layer 'model.29.one2one_cv3.3.2.bias'. See ednet.engine.trainer for customization of frozen layers.
[34m[1mAMP: [0mrunning Automatic Mixed Precision (AMP) checks with YOLOv8n...
[34m[1mAMP: [0mchecks passed ✅
Plotting labels to /home/ddwilde/scriptie/runs/dota_saab/stage1-saab3/labels.jpg... 
[34m[1moptimizer:[0m 'optimizer=auto' found, ignoring 'lr0=0.01' and 'momentum=0.937' and determining best 'optimizer', 'lr0' and 'momentum' automatically... 
[34m[1moptimizer:[0m AdamW(lr=0.000526, momentum=0.9) with parameter groups 117 weight(decay=0.0), 202 weight(decay=0.0005), 139 bias(decay=0.0)
Skipping fusion for LoRA-wrapped layer Conv
Skipping fusion for LoRA-wrapped layer Conv
Skipping fusion for LoRA-wrapped layer Conv
Skipping fusion for LoRA-wrapped layer Conv
Skipping fusion for LoRA-wrapped layer Conv
Skipping fusion for LoRA-wrapped layer Conv
Skipping fusion for LoRA-wrapped layer Conv
Skipping fusion for LoRA-wrapped layer Conv
Skipping fusion for LoRA-wrapped layer Conv
Skipping fusion for LoRA-wrapped layer Conv
Skipping fusion for LoRA-wrapped layer Conv
Skipping fusion for LoRA-wrapped layer Conv
Skipping fusion for LoRA-wrapped layer Conv
Skipping fusion for LoRA-wrapped layer Conv
Skipping fusion for LoRA-wrapped layer Conv
Skipping fusion for LoRA-wrapped layer Conv
Skipping fusion for LoRA-wrapped layer Conv
Skipping fusion for LoRA-wrapped layer Conv
Skipping fusion for LoRA-wrapped layer Conv
Skipping fusion for LoRA-wrapped layer Conv
Skipping fusion for LoRA-wrapped layer Conv
Skipping fusion for LoRA-wrapped layer Conv
Skipping fusion for LoRA-wrapped layer Conv
Skipping fusion for LoRA-wrapped layer Conv
Skipping fusion for LoRA-wrapped layer Conv
Skipping fusion for LoRA-wrapped layer Conv
Skipping fusion for LoRA-wrapped layer Conv
Skipping fusion for LoRA-wrapped layer Conv
[34m[1mTensorBoard: [0mmodel graph visualization added ✅
Image sizes 640 train, 640 val
Using 8 dataloader workers
Logging results to [1m/home/ddwilde/scriptie/runs/dota_saab/stage1-saab3[0m
Starting training for 50 epochs...

      Epoch    GPU_mem   box_loss   cls_loss   dfl_loss  Instances       Size
                   all        367       8260      0.617      0.144     0.0724     0.0304
Replay buffer size after epoch 1: 512 embeddings across 4 classes.
Saved 512 replay embeddings to /home/ddwilde/scriptie/runs/dota_saab/stage1-saab3/replay/buffer.pt

      Epoch    GPU_mem   box_loss   cls_loss   dfl_loss  Instances       Size
                   all        367       8260      0.194      0.176      0.143     0.0794
Replay buffer size after epoch 2: 512 embeddings across 4 classes.
Saved 512 replay embeddings to /home/ddwilde/scriptie/runs/dota_saab/stage1-saab3/replay/buffer.pt

      Epoch    GPU_mem   box_loss   cls_loss   dfl_loss  Instances       Size
                   all        367       8260      0.216      0.212      0.177     0.0977
Replay buffer size after epoch 3: 512 embeddings across 4 classes.
Saved 512 replay embeddings to /home/ddwilde/scriptie/runs/dota_saab/stage1-saab3/replay/buffer.pt

      Epoch    GPU_mem   box_loss   cls_loss   dfl_loss  Instances       Size
                   all        367       8260       0.27      0.254      0.237      0.135
Replay buffer size after epoch 4: 512 embeddings across 4 classes.
Saved 512 replay embeddings to /home/ddwilde/scriptie/runs/dota_saab/stage1-saab3/replay/buffer.pt

      Epoch    GPU_mem   box_loss   cls_loss   dfl_loss  Instances       Size
                   all        367       8260      0.284      0.262      0.249      0.146
Replay buffer size after epoch 5: 512 embeddings across 4 classes.
Saved 512 replay embeddings to /home/ddwilde/scriptie/runs/dota_saab/stage1-saab3/replay/buffer.pt

      Epoch    GPU_mem   box_loss   cls_loss   dfl_loss  Instances       Size
                   all        367       8260      0.287      0.264      0.248      0.145
Replay buffer size after epoch 6: 512 embeddings across 4 classes.
Saved 512 replay embeddings to /home/ddwilde/scriptie/runs/dota_saab/stage1-saab3/replay/buffer.pt

      Epoch    GPU_mem   box_loss   cls_loss   dfl_loss  Instances       Size
                   all        367       8260      0.316      0.267       0.27      0.156
Replay buffer size after epoch 7: 512 embeddings across 4 classes.
Saved 512 replay embeddings to /home/ddwilde/scriptie/runs/dota_saab/stage1-saab3/replay/buffer.pt

      Epoch    GPU_mem   box_loss   cls_loss   dfl_loss  Instances       Size
                   all        367       8260       0.56      0.265      0.274      0.159
Replay buffer size after epoch 8: 512 embeddings across 4 classes.
Saved 512 replay embeddings to /home/ddwilde/scriptie/runs/dota_saab/stage1-saab3/replay/buffer.pt

      Epoch    GPU_mem   box_loss   cls_loss   dfl_loss  Instances       Size
                   all        367       8260      0.555      0.271      0.274       0.16
Replay buffer size after epoch 9: 512 embeddings across 4 classes.
Saved 512 replay embeddings to /home/ddwilde/scriptie/runs/dota_saab/stage1-saab3/replay/buffer.pt

      Epoch    GPU_mem   box_loss   cls_loss   dfl_loss  Instances       Size
                   all        367       8260      0.571      0.279      0.304      0.175
Replay buffer size after epoch 10: 512 embeddings across 4 classes.
Saved 512 replay embeddings to /home/ddwilde/scriptie/runs/dota_saab/stage1-saab3/replay/buffer.pt

      Epoch    GPU_mem   box_loss   cls_loss   dfl_loss  Instances       Size
                   all        367       8260      0.829      0.284      0.299      0.175
Replay buffer size after epoch 11: 512 embeddings across 4 classes.
Saved 512 replay embeddings to /home/ddwilde/scriptie/runs/dota_saab/stage1-saab3/replay/buffer.pt

      Epoch    GPU_mem   box_loss   cls_loss   dfl_loss  Instances       Size
                   all        367       8260      0.837      0.288      0.302      0.174
Replay buffer size after epoch 12: 512 embeddings across 4 classes.
Saved 512 replay embeddings to /home/ddwilde/scriptie/runs/dota_saab/stage1-saab3/replay/buffer.pt

      Epoch    GPU_mem   box_loss   cls_loss   dfl_loss  Instances       Size
                   all        367       8260      0.831       0.29      0.305      0.184
Replay buffer size after epoch 13: 512 embeddings across 4 classes.
Saved 512 replay embeddings to /home/ddwilde/scriptie/runs/dota_saab/stage1-saab3/replay/buffer.pt

      Epoch    GPU_mem   box_loss   cls_loss   dfl_loss  Instances       Size
                   all        367       8260      0.829      0.293      0.304      0.175
Replay buffer size after epoch 14: 512 embeddings across 4 classes.
Saved 512 replay embeddings to /home/ddwilde/scriptie/runs/dota_saab/stage1-saab3/replay/buffer.pt

      Epoch    GPU_mem   box_loss   cls_loss   dfl_loss  Instances       Size
                   all        367       8260      0.643      0.288      0.296      0.176
Replay buffer size after epoch 15: 512 embeddings across 4 classes.
Saved 512 replay embeddings to /home/ddwilde/scriptie/runs/dota_saab/stage1-saab3/replay/buffer.pt

      Epoch    GPU_mem   box_loss   cls_loss   dfl_loss  Instances       Size
                   all        367       8260      0.829       0.29      0.307      0.185
Replay buffer size after epoch 16: 512 embeddings across 4 classes.
Saved 512 replay embeddings to /home/ddwilde/scriptie/runs/dota_saab/stage1-saab3/replay/buffer.pt

      Epoch    GPU_mem   box_loss   cls_loss   dfl_loss  Instances       Size
                   all        367       8260      0.828      0.306      0.312      0.187
Replay buffer size after epoch 17: 512 embeddings across 4 classes.
Saved 512 replay embeddings to /home/ddwilde/scriptie/runs/dota_saab/stage1-saab3/replay/buffer.pt

      Epoch    GPU_mem   box_loss   cls_loss   dfl_loss  Instances       Size
                   all        367       8260      0.447      0.298      0.301      0.172
Replay buffer size after epoch 18: 512 embeddings across 4 classes.
Saved 512 replay embeddings to /home/ddwilde/scriptie/runs/dota_saab/stage1-saab3/replay/buffer.pt

      Epoch    GPU_mem   box_loss   cls_loss   dfl_loss  Instances       Size
                   all        367       8260      0.626        0.3      0.312      0.182
Replay buffer size after epoch 19: 512 embeddings across 4 classes.
Saved 512 replay embeddings to /home/ddwilde/scriptie/runs/dota_saab/stage1-saab3/replay/buffer.pt

      Epoch    GPU_mem   box_loss   cls_loss   dfl_loss  Instances       Size
                   all        367       8260       0.59      0.331      0.311      0.186
Replay buffer size after epoch 20: 512 embeddings across 4 classes.
Saved 512 replay embeddings to /home/ddwilde/scriptie/runs/dota_saab/stage1-saab3/replay/buffer.pt

      Epoch    GPU_mem   box_loss   cls_loss   dfl_loss  Instances       Size
                   all        367       8260      0.827      0.286       0.31      0.183
Replay buffer size after epoch 21: 512 embeddings across 4 classes.
Saved 512 replay embeddings to /home/ddwilde/scriptie/runs/dota_saab/stage1-saab3/replay/buffer.pt

      Epoch    GPU_mem   box_loss   cls_loss   dfl_loss  Instances       Size
                   all        367       8260      0.686       0.31      0.321      0.189
Replay buffer size after epoch 22: 512 embeddings across 4 classes.
Saved 512 replay embeddings to /home/ddwilde/scriptie/runs/dota_saab/stage1-saab3/replay/buffer.pt

      Epoch    GPU_mem   box_loss   cls_loss   dfl_loss  Instances       Size
                   all        367       8260      0.382      0.294      0.313      0.182
Replay buffer size after epoch 23: 512 embeddings across 4 classes.
Saved 512 replay embeddings to /home/ddwilde/scriptie/runs/dota_saab/stage1-saab3/replay/buffer.pt

      Epoch    GPU_mem   box_loss   cls_loss   dfl_loss  Instances       Size
                   all        367       8260      0.502      0.322      0.314      0.192
Replay buffer size after epoch 24: 512 embeddings across 4 classes.
Saved 512 replay embeddings to /home/ddwilde/scriptie/runs/dota_saab/stage1-saab3/replay/buffer.pt

      Epoch    GPU_mem   box_loss   cls_loss   dfl_loss  Instances       Size
                   all        367       8260       0.84      0.307      0.318      0.198
Replay buffer size after epoch 25: 512 embeddings across 4 classes.
Saved 512 replay embeddings to /home/ddwilde/scriptie/runs/dota_saab/stage1-saab3/replay/buffer.pt

      Epoch    GPU_mem   box_loss   cls_loss   dfl_loss  Instances       Size
                   all        367       8260      0.809      0.307      0.326      0.196
Replay buffer size after epoch 26: 512 embeddings across 4 classes.
Saved 512 replay embeddings to /home/ddwilde/scriptie/runs/dota_saab/stage1-saab3/replay/buffer.pt

      Epoch    GPU_mem   box_loss   cls_loss   dfl_loss  Instances       Size
                   all        367       8260      0.598      0.307      0.318      0.197
Replay buffer size after epoch 27: 512 embeddings across 4 classes.
Saved 512 replay embeddings to /home/ddwilde/scriptie/runs/dota_saab/stage1-saab3/replay/buffer.pt

      Epoch    GPU_mem   box_loss   cls_loss   dfl_loss  Instances       Size
                   all        367       8260      0.427        0.3      0.332        0.2
Replay buffer size after epoch 28: 512 embeddings across 4 classes.
Saved 512 replay embeddings to /home/ddwilde/scriptie/runs/dota_saab/stage1-saab3/replay/buffer.pt

      Epoch    GPU_mem   box_loss   cls_loss   dfl_loss  Instances       Size
                   all        367       8260      0.355      0.378      0.343      0.207
Replay buffer size after epoch 29: 512 embeddings across 4 classes.
Saved 512 replay embeddings to /home/ddwilde/scriptie/runs/dota_saab/stage1-saab3/replay/buffer.pt

      Epoch    GPU_mem   box_loss   cls_loss   dfl_loss  Instances       Size
                   all        367       8260      0.433      0.313      0.314      0.183
Replay buffer size after epoch 30: 512 embeddings across 4 classes.
Saved 512 replay embeddings to /home/ddwilde/scriptie/runs/dota_saab/stage1-saab3/replay/buffer.pt

      Epoch    GPU_mem   box_loss   cls_loss   dfl_loss  Instances       Size
                   all        367       8260      0.623      0.299      0.336      0.202
Replay buffer size after epoch 31: 512 embeddings across 4 classes.
Saved 512 replay embeddings to /home/ddwilde/scriptie/runs/dota_saab/stage1-saab3/replay/buffer.pt

      Epoch    GPU_mem   box_loss   cls_loss   dfl_loss  Instances       Size
                   all        367       8260      0.474      0.325      0.334      0.203
Replay buffer size after epoch 32: 512 embeddings across 4 classes.
Saved 512 replay embeddings to /home/ddwilde/scriptie/runs/dota_saab/stage1-saab3/replay/buffer.pt

      Epoch    GPU_mem   box_loss   cls_loss   dfl_loss  Instances       Size
                   all        367       8260      0.444      0.384      0.346      0.206
Replay buffer size after epoch 33: 512 embeddings across 4 classes.
Saved 512 replay embeddings to /home/ddwilde/scriptie/runs/dota_saab/stage1-saab3/replay/buffer.pt

      Epoch    GPU_mem   box_loss   cls_loss   dfl_loss  Instances       Size
                   all        367       8260      0.422      0.323      0.325      0.201
Replay buffer size after epoch 34: 512 embeddings across 4 classes.
Saved 512 replay embeddings to /home/ddwilde/scriptie/runs/dota_saab/stage1-saab3/replay/buffer.pt

      Epoch    GPU_mem   box_loss   cls_loss   dfl_loss  Instances       Size
                   all        367       8260      0.429      0.369       0.34      0.203
Replay buffer size after epoch 35: 512 embeddings across 4 classes.
Saved 512 replay embeddings to /home/ddwilde/scriptie/runs/dota_saab/stage1-saab3/replay/buffer.pt

      Epoch    GPU_mem   box_loss   cls_loss   dfl_loss  Instances       Size
                   all        367       8260      0.726      0.302      0.338      0.203
Replay buffer size after epoch 36: 512 embeddings across 4 classes.
Saved 512 replay embeddings to /home/ddwilde/scriptie/runs/dota_saab/stage1-saab3/replay/buffer.pt

      Epoch    GPU_mem   box_loss   cls_loss   dfl_loss  Instances       Size
                   all        367       8260      0.415      0.378      0.342      0.209
Replay buffer size after epoch 37: 512 embeddings across 4 classes.
Saved 512 replay embeddings to /home/ddwilde/scriptie/runs/dota_saab/stage1-saab3/replay/buffer.pt

      Epoch    GPU_mem   box_loss   cls_loss   dfl_loss  Instances       Size
                   all        367       8260       0.45      0.349      0.335      0.203
Replay buffer size after epoch 38: 512 embeddings across 4 classes.
Saved 512 replay embeddings to /home/ddwilde/scriptie/runs/dota_saab/stage1-saab3/replay/buffer.pt

      Epoch    GPU_mem   box_loss   cls_loss   dfl_loss  Instances       Size
                   all        367       8260      0.676      0.303      0.334      0.204
Replay buffer size after epoch 39: 512 embeddings across 4 classes.
Saved 512 replay embeddings to /home/ddwilde/scriptie/runs/dota_saab/stage1-saab3/replay/buffer.pt

      Epoch    GPU_mem   box_loss   cls_loss   dfl_loss  Instances       Size
                   all        367       8260       0.38      0.362      0.337      0.205
Replay buffer size after epoch 40: 512 embeddings across 4 classes.
Saved 512 replay embeddings to /home/ddwilde/scriptie/runs/dota_saab/stage1-saab3/replay/buffer.pt
Closing dataloader mosaic

      Epoch    GPU_mem   box_loss   cls_loss   dfl_loss  Instances       Size
                   all        367       8260      0.405      0.316      0.321      0.197
Replay buffer size after epoch 41: 512 embeddings across 4 classes.
Saved 512 replay embeddings to /home/ddwilde/scriptie/runs/dota_saab/stage1-saab3/replay/buffer.pt

      Epoch    GPU_mem   box_loss   cls_loss   dfl_loss  Instances       Size
                   all        367       8260      0.384      0.331      0.338      0.205
Replay buffer size after epoch 42: 512 embeddings across 4 classes.
Saved 512 replay embeddings to /home/ddwilde/scriptie/runs/dota_saab/stage1-saab3/replay/buffer.pt

      Epoch    GPU_mem   box_loss   cls_loss   dfl_loss  Instances       Size
                   all        367       8260      0.469      0.375       0.37      0.223
Replay buffer size after epoch 43: 512 embeddings across 4 classes.
Saved 512 replay embeddings to /home/ddwilde/scriptie/runs/dota_saab/stage1-saab3/replay/buffer.pt

      Epoch    GPU_mem   box_loss   cls_loss   dfl_loss  Instances       Size
                   all        367       8260       0.52      0.359      0.374      0.231
Replay buffer size after epoch 44: 512 embeddings across 4 classes.
Saved 512 replay embeddings to /home/ddwilde/scriptie/runs/dota_saab/stage1-saab3/replay/buffer.pt

      Epoch    GPU_mem   box_loss   cls_loss   dfl_loss  Instances       Size
EDNet 1.0 ✅ Python-3.10.4 ✅ torch-2.8.0+cu128 ✅CUDA:0 (NVIDIA A100-SXM4-40GB, 40441MiB)
[34m[1mengine/trainer: [0mtask=detect, mode=train, model=/home/ddwilde/scriptie/runs/dota_saab/stage1-saab/weights/best.pt, data=/home/ddwilde/scriptie/yaml/DOTA-stage2.yaml, epochs=50, time=None, patience=100, batch=8, imgsz=640, save=True, save_period=-1, cache=False, device=None, workers=8, project=/home/ddwilde/scriptie/runs/dota_saab, name=stage2-saab3, exist_ok=False, pretrained=True, optimizer=auto, verbose=True, seed=0, deterministic=True, single_cls=False, rect=False, cos_lr=False, close_mosaic=10, resume=False, amp=True, fraction=1.0, profile=False, freeze=None, multi_scale=False, lora={'enable': True, 'freeze_backbone': True}, continual={'enable': False, 'batches': [], 'adapter_strategy': 'last', 'save_history': True}, replay={'enable': True, 'buffer_per_class': 128, 'sample_per_batch': 32, 'loss_weight': 1.0, 'init_buffer': '/home/ddwilde/scriptie/runs/dota_saab/stage1-saab3/replay/buffer.pt', 'memory_dir': '/home/ddwilde/scriptie/datasets/memory/stage1', 'memory_ratio': 0.5, 'tiny_max_pixels': 320}, overlap_mask=True, mask_ratio=4, dropout=0.0, val=True, split=val, save_json=False, save_hybrid=False, conf=None, iou=0.7, max_det=300, half=False, dnn=False, plots=True, source=None, vid_stride=1, stream_buffer=False, visualize=False, augment=False, agnostic_nms=False, classes=None, retina_masks=False, embed=None, show=False, save_frames=False, save_txt=False, save_conf=False, save_crop=False, show_labels=True, show_conf=True, show_boxes=True, line_width=None, format=torchscript, keras=False, optimize=False, int8=False, dynamic=False, simplify=False, opset=None, workspace=4, nms=False, lr0=0.01, lrf=0.01, momentum=0.937, weight_decay=0.0005, warmup_epochs=3.0, warmup_momentum=0.8, warmup_bias_lr=0.1, box=7.5, cls=0.5, dfl=1.5, pose=12.0, kobj=1.0, label_smoothing=0.0, nbs=64, hsv_h=0.015, hsv_s=0.7, hsv_v=0.4, degrees=0.0, translate=0.1, scale=0.5, shear=0.0, perspective=0.0, flipud=0.0, fliplr=0.5, bgr=0.0, mosaic=1.0, mixup=0.0, copy_paste=0.0, auto_augment=randaugment, erasing=0.4, crop_fraction=1.0, cfg=None, tracker=botsort.yaml, save_dir=/home/ddwilde/scriptie/runs/dota_saab/stage2-saab3

                   from  n    params  module                                       arguments                     
  0                  -1  1       928  ednet.nn.modules.conv.Conv                   [3, 32, 3, 2]                 
  1                  -1  1     18560  ednet.nn.modules.conv.Conv                   [32, 64, 3, 2]                
  2                  -1  1     29056  ednet.nn.modules.block.C2f                   [64, 64, 1, True]             
  3                  -1  1     73984  ednet.nn.modules.conv.Conv                   [64, 128, 3, 2]               
  4                  -1  2    197632  ednet.nn.modules.block.C2f                   [128, 128, 2, True]           
  5                  -1  1    295424  ednet.nn.modules.conv.Conv                   [128, 256, 3, 2]              
  6                  -1  2    420864  ednet.nn.modules.block.C2f_FCA               [256, 256, 2, True]           
  7                  -1  1   1180672  ednet.nn.modules.conv.Conv                   [256, 512, 3, 2]              
  8                  -1  1   1095680  ednet.nn.modules.block.C2f_FCA               [512, 512, 1, True]           
  9                  -1  1    656896  ednet.nn.modules.block.SPPF                  [512, 512, 5]                 
 10                  -1  1    990976  ednet.nn.modules.block.PSA                   [512, 512]                    
 11                  -1  1         0  torch.nn.modules.upsampling.Upsample         [None, 2, 'nearest']          
 12             [-1, 6]  1         0  ednet.nn.modules.conv.Concat                 [1]                           
 13                  -1  1    591360  ednet.nn.modules.block.C2f                   [768, 256, 1]                 
 14                  -1  1         0  torch.nn.modules.upsampling.Upsample         [None, 2, 'nearest']          
 15             [-1, 4]  1         0  ednet.nn.modules.conv.Concat                 [1]                           
 16                  -1  1    148224  ednet.nn.modules.block.C2f                   [384, 128, 1]                 
 17                  -1  1         0  torch.nn.modules.upsampling.Upsample         [None, 2, 'nearest']          
 18             [-1, 2]  1         0  ednet.nn.modules.conv.Concat                 [1]                           
 19                  -1  1     37248  ednet.nn.modules.block.C2f                   [192, 64, 1]                  
 20                  -1  1     36992  ednet.nn.modules.conv.Conv                   [64, 64, 3, 2]                
 21            [-1, 16]  1         0  ednet.nn.modules.conv.Concat                 [1]                           
 22                  -1  1    123648  ednet.nn.modules.block.C2f                   [192, 128, 1]                 
 23                  -1  1    147712  ednet.nn.modules.conv.Conv                   [128, 128, 3, 2]              
 24            [-1, 13]  1         0  ednet.nn.modules.conv.Concat                 [1]                           
 25                  -1  1    493056  ednet.nn.modules.block.C2f                   [384, 256, 1]                 
 26                  -1  1     68864  ednet.nn.modules.block.SCDown                [256, 256, 3, 2]              
 27             [-1, 9]  1         0  ednet.nn.modules.conv.Concat                 [1]                           
 28                  -1  1   1089536  ednet.nn.modules.block.C2fCIB                [768, 512, 1, True, True]     
 29    [19, 22, 25, 28]  1   1628424  ednet.nn.modules.head.v10Detect              [15, [64, 128, 256, 512]]     
ednet-s summary: 510 layers, 9,325,736 parameters, 9,325,720 gradients

Transferred 725/753 items from pretrained weights
LoRA enabled: 28 adapters (rank=8, alpha=16.0, freeze_backbone=True)
Replay feature tapper initialized for layers: ['P3', 'P4']
[34m[1mTensorBoard: [0mStart with 'tensorboard --logdir /home/ddwilde/scriptie/runs/dota_saab/stage2-saab3', view at http://localhost:6006/
WARNING ⚠️ setting 'requires_grad=True' for frozen layer 'model.0.conv.weight'. See ednet.engine.trainer for customization of frozen layers.
WARNING ⚠️ setting 'requires_grad=True' for frozen layer 'model.0.bn.weight'. See ednet.engine.trainer for customization of frozen layers.
WARNING ⚠️ setting 'requires_grad=True' for frozen layer 'model.0.bn.bias'. See ednet.engine.trainer for customization of frozen layers.
WARNING ⚠️ setting 'requires_grad=True' for frozen layer 'model.1.conv.weight'. See ednet.engine.trainer for customization of frozen layers.
WARNING ⚠️ setting 'requires_grad=True' for frozen layer 'model.1.bn.weight'. See ednet.engine.trainer for customization of frozen layers.
WARNING ⚠️ setting 'requires_grad=True' for frozen layer 'model.1.bn.bias'. See ednet.engine.trainer for customization of frozen layers.
WARNING ⚠️ setting 'requires_grad=True' for frozen layer 'model.2.cv1.conv.weight'. See ednet.engine.trainer for customization of frozen layers.
WARNING ⚠️ setting 'requires_grad=True' for frozen layer 'model.2.cv1.bn.weight'. See ednet.engine.trainer for customization of frozen layers.
WARNING ⚠️ setting 'requires_grad=True' for frozen layer 'model.2.cv1.bn.bias'. See ednet.engine.trainer for customization of frozen layers.
WARNING ⚠️ setting 'requires_grad=True' for frozen layer 'model.2.cv2.conv.weight'. See ednet.engine.trainer for customization of frozen layers.
WARNING ⚠️ setting 'requires_grad=True' for frozen layer 'model.2.cv2.bn.weight'. See ednet.engine.trainer for customization of frozen layers.
WARNING ⚠️ setting 'requires_grad=True' for frozen layer 'model.2.cv2.bn.bias'. See ednet.engine.trainer for customization of frozen layers.
WARNING ⚠️ setting 'requires_grad=True' for frozen layer 'model.2.m.0.cv1.conv.weight'. See ednet.engine.trainer for customization of frozen layers.
WARNING ⚠️ setting 'requires_grad=True' for frozen layer 'model.2.m.0.cv1.bn.weight'. See ednet.engine.trainer for customization of frozen layers.
WARNING ⚠️ setting 'requires_grad=True' for frozen layer 'model.2.m.0.cv1.bn.bias'. See ednet.engine.trainer for customization of frozen layers.
WARNING ⚠️ setting 'requires_grad=True' for frozen layer 'model.2.m.0.cv2.conv.weight'. See ednet.engine.trainer for customization of frozen layers.
WARNING ⚠️ setting 'requires_grad=True' for frozen layer 'model.2.m.0.cv2.bn.weight'. See ednet.engine.trainer for customization of frozen layers.
WARNING ⚠️ setting 'requires_grad=True' for frozen layer 'model.2.m.0.cv2.bn.bias'. See ednet.engine.trainer for customization of frozen layers.
WARNING ⚠️ setting 'requires_grad=True' for frozen layer 'model.3.conv.weight'. See ednet.engine.trainer for customization of frozen layers.
WARNING ⚠️ setting 'requires_grad=True' for frozen layer 'model.3.bn.weight'. See ednet.engine.trainer for customization of frozen layers.
WARNING ⚠️ setting 'requires_grad=True' for frozen layer 'model.3.bn.bias'. See ednet.engine.trainer for customization of frozen layers.
WARNING ⚠️ setting 'requires_grad=True' for frozen layer 'model.4.cv1.conv.weight'. See ednet.engine.trainer for customization of frozen layers.
WARNING ⚠️ setting 'requires_grad=True' for frozen layer 'model.4.cv1.bn.weight'. See ednet.engine.trainer for customization of frozen layers.
WARNING ⚠️ setting 'requires_grad=True' for frozen layer 'model.4.cv1.bn.bias'. See ednet.engine.trainer for customization of frozen layers.
WARNING ⚠️ setting 'requires_grad=True' for frozen layer 'model.4.cv2.conv.weight'. See ednet.engine.trainer for customization of frozen layers.
WARNING ⚠️ setting 'requires_grad=True' for frozen layer 'model.4.cv2.bn.weight'. See ednet.engine.trainer for customization of frozen layers.
WARNING ⚠️ setting 'requires_grad=True' for frozen layer 'model.4.cv2.bn.bias'. See ednet.engine.trainer for customization of frozen layers.
WARNING ⚠️ setting 'requires_grad=True' for frozen layer 'model.4.m.0.cv1.conv.weight'. See ednet.engine.trainer for customization of frozen layers.
WARNING ⚠️ setting 'requires_grad=True' for frozen layer 'model.4.m.0.cv1.bn.weight'. See ednet.engine.trainer for customization of frozen layers.
WARNING ⚠️ setting 'requires_grad=True' for frozen layer 'model.4.m.0.cv1.bn.bias'. See ednet.engine.trainer for customization of frozen layers.
WARNING ⚠️ setting 'requires_grad=True' for frozen layer 'model.4.m.0.cv2.conv.weight'. See ednet.engine.trainer for customization of frozen layers.
WARNING ⚠️ setting 'requires_grad=True' for frozen layer 'model.4.m.0.cv2.bn.weight'. See ednet.engine.trainer for customization of frozen layers.
WARNING ⚠️ setting 'requires_grad=True' for frozen layer 'model.4.m.0.cv2.bn.bias'. See ednet.engine.trainer for customization of frozen layers.
WARNING ⚠️ setting 'requires_grad=True' for frozen layer 'model.4.m.1.cv1.conv.weight'. See ednet.engine.trainer for customization of frozen layers.
WARNING ⚠️ setting 'requires_grad=True' for frozen layer 'model.4.m.1.cv1.bn.weight'. See ednet.engine.trainer for customization of frozen layers.
WARNING ⚠️ setting 'requires_grad=True' for frozen layer 'model.4.m.1.cv1.bn.bias'. See ednet.engine.trainer for customization of frozen layers.
WARNING ⚠️ setting 'requires_grad=True' for frozen layer 'model.4.m.1.cv2.conv.weight'. See ednet.engine.trainer for customization of frozen layers.
WARNING ⚠️ setting 'requires_grad=True' for frozen layer 'model.4.m.1.cv2.bn.weight'. See ednet.engine.trainer for customization of frozen layers.
WARNING ⚠️ setting 'requires_grad=True' for frozen layer 'model.4.m.1.cv2.bn.bias'. See ednet.engine.trainer for customization of frozen layers.
WARNING ⚠️ setting 'requires_grad=True' for frozen layer 'model.5.conv.weight'. See ednet.engine.trainer for customization of frozen layers.
WARNING ⚠️ setting 'requires_grad=True' for frozen layer 'model.5.bn.weight'. See ednet.engine.trainer for customization of frozen layers.
WARNING ⚠️ setting 'requires_grad=True' for frozen layer 'model.5.bn.bias'. See ednet.engine.trainer for customization of frozen layers.
WARNING ⚠️ setting 'requires_grad=True' for frozen layer 'model.6.cv1.conv.weight'. See ednet.engine.trainer for customization of frozen layers.
WARNING ⚠️ setting 'requires_grad=True' for frozen layer 'model.6.cv1.bn.weight'. See ednet.engine.trainer for customization of frozen layers.
WARNING ⚠️ setting 'requires_grad=True' for frozen layer 'model.6.cv1.bn.bias'. See ednet.engine.trainer for customization of frozen layers.
WARNING ⚠️ setting 'requires_grad=True' for frozen layer 'model.6.cv2.conv.weight'. See ednet.engine.trainer for customization of frozen layers.
WARNING ⚠️ setting 'requires_grad=True' for frozen layer 'model.6.cv2.bn.weight'. See ednet.engine.trainer for customization of frozen layers.
WARNING ⚠️ setting 'requires_grad=True' for frozen layer 'model.6.cv2.bn.bias'. See ednet.engine.trainer for customization of frozen layers.
WARNING ⚠️ setting 'requires_grad=True' for frozen layer 'model.6.m.0.mlp.0.conv.weight'. See ednet.engine.trainer for customization of frozen layers.
WARNING ⚠️ setting 'requires_grad=True' for frozen layer 'model.6.m.0.mlp.0.bn.weight'. See ednet.engine.trainer for customization of frozen layers.
WARNING ⚠️ setting 'requires_grad=True' for frozen layer 'model.6.m.0.mlp.0.bn.bias'. See ednet.engine.trainer for customization of frozen layers.
WARNING ⚠️ setting 'requires_grad=True' for frozen layer 'model.6.m.0.mlp.1.weight'. See ednet.engine.trainer for customization of frozen layers.
WARNING ⚠️ setting 'requires_grad=True' for frozen layer 'model.6.m.0.spatial_mixing.PConv3.weight'. See ednet.engine.trainer for customization of frozen layers.
WARNING ⚠️ setting 'requires_grad=True' for frozen layer 'model.6.m.0.attention.conv1.conv.weight'. See ednet.engine.trainer for customization of frozen layers.
WARNING ⚠️ setting 'requires_grad=True' for frozen layer 'model.6.m.0.attention.conv1.bn.weight'. See ednet.engine.trainer for customization of frozen layers.
WARNING ⚠️ setting 'requires_grad=True' for frozen layer 'model.6.m.0.attention.conv1.bn.bias'. See ednet.engine.trainer for customization of frozen layers.
WARNING ⚠️ setting 'requires_grad=True' for frozen layer 'model.6.m.0.attention.h_conv.conv.weight'. See ednet.engine.trainer for customization of frozen layers.
WARNING ⚠️ setting 'requires_grad=True' for frozen layer 'model.6.m.0.attention.h_conv.conv.bias'. See ednet.engine.trainer for customization of frozen layers.
WARNING ⚠️ setting 'requires_grad=True' for frozen layer 'model.6.m.0.attention.v_conv.conv.weight'. See ednet.engine.trainer for customization of frozen layers.
WARNING ⚠️ setting 'requires_grad=True' for frozen layer 'model.6.m.0.attention.v_conv.conv.bias'. See ednet.engine.trainer for customization of frozen layers.
WARNING ⚠️ setting 'requires_grad=True' for frozen layer 'model.6.m.0.attention.conv2.conv.weight'. See ednet.engine.trainer for customization of frozen layers.
WARNING ⚠️ setting 'requires_grad=True' for frozen layer 'model.6.m.0.attention.conv2.bn.weight'. See ednet.engine.trainer for customization of frozen layers.
WARNING ⚠️ setting 'requires_grad=True' for frozen layer 'model.6.m.0.attention.conv2.bn.bias'. See ednet.engine.trainer for customization of frozen layers.
WARNING ⚠️ setting 'requires_grad=True' for frozen layer 'model.6.m.1.mlp.0.conv.weight'. See ednet.engine.trainer for customization of frozen layers.
WARNING ⚠️ setting 'requires_grad=True' for frozen layer 'model.6.m.1.mlp.0.bn.weight'. See ednet.engine.trainer for customization of frozen layers.
WARNING ⚠️ setting 'requires_grad=True' for frozen layer 'model.6.m.1.mlp.0.bn.bias'. See ednet.engine.trainer for customization of frozen layers.
WARNING ⚠️ setting 'requires_grad=True' for frozen layer 'model.6.m.1.mlp.1.weight'. See ednet.engine.trainer for customization of frozen layers.
WARNING ⚠️ setting 'requires_grad=True' for frozen layer 'model.6.m.1.spatial_mixing.PConv3.weight'. See ednet.engine.trainer for customization of frozen layers.
WARNING ⚠️ setting 'requires_grad=True' for frozen layer 'model.6.m.1.attention.conv1.conv.weight'. See ednet.engine.trainer for customization of frozen layers.
WARNING ⚠️ setting 'requires_grad=True' for frozen layer 'model.6.m.1.attention.conv1.bn.weight'. See ednet.engine.trainer for customization of frozen layers.
WARNING ⚠️ setting 'requires_grad=True' for frozen layer 'model.6.m.1.attention.conv1.bn.bias'. See ednet.engine.trainer for customization of frozen layers.
WARNING ⚠️ setting 'requires_grad=True' for frozen layer 'model.6.m.1.attention.h_conv.conv.weight'. See ednet.engine.trainer for customization of frozen layers.
WARNING ⚠️ setting 'requires_grad=True' for frozen layer 'model.6.m.1.attention.h_conv.conv.bias'. See ednet.engine.trainer for customization of frozen layers.
WARNING ⚠️ setting 'requires_grad=True' for frozen layer 'model.6.m.1.attention.v_conv.conv.weight'. See ednet.engine.trainer for customization of frozen layers.
WARNING ⚠️ setting 'requires_grad=True' for frozen layer 'model.6.m.1.attention.v_conv.conv.bias'. See ednet.engine.trainer for customization of frozen layers.
WARNING ⚠️ setting 'requires_grad=True' for frozen layer 'model.6.m.1.attention.conv2.conv.weight'. See ednet.engine.trainer for customization of frozen layers.
WARNING ⚠️ setting 'requires_grad=True' for frozen layer 'model.6.m.1.attention.conv2.bn.weight'. See ednet.engine.trainer for customization of frozen layers.
WARNING ⚠️ setting 'requires_grad=True' for frozen layer 'model.6.m.1.attention.conv2.bn.bias'. See ednet.engine.trainer for customization of frozen layers.
WARNING ⚠️ setting 'requires_grad=True' for frozen layer 'model.7.conv.weight'. See ednet.engine.trainer for customization of frozen layers.
WARNING ⚠️ setting 'requires_grad=True' for frozen layer 'model.7.bn.weight'. See ednet.engine.trainer for customization of frozen layers.
WARNING ⚠️ setting 'requires_grad=True' for frozen layer 'model.7.bn.bias'. See ednet.engine.trainer for customization of frozen layers.
WARNING ⚠️ setting 'requires_grad=True' for frozen layer 'model.8.cv1.conv.weight'. See ednet.engine.trainer for customization of frozen layers.
WARNING ⚠️ setting 'requires_grad=True' for frozen layer 'model.8.cv1.bn.weight'. See ednet.engine.trainer for customization of frozen layers.
WARNING ⚠️ setting 'requires_grad=True' for frozen layer 'model.8.cv1.bn.bias'. See ednet.engine.trainer for customization of frozen layers.
WARNING ⚠️ setting 'requires_grad=True' for frozen layer 'model.8.cv2.conv.weight'. See ednet.engine.trainer for customization of frozen layers.
WARNING ⚠️ setting 'requires_grad=True' for frozen layer 'model.8.cv2.bn.weight'. See ednet.engine.trainer for customization of frozen layers.
WARNING ⚠️ setting 'requires_grad=True' for frozen layer 'model.8.cv2.bn.bias'. See ednet.engine.trainer for customization of frozen layers.
WARNING ⚠️ setting 'requires_grad=True' for frozen layer 'model.8.m.0.mlp.0.conv.weight'. See ednet.engine.trainer for customization of frozen layers.
WARNING ⚠️ setting 'requires_grad=True' for frozen layer 'model.8.m.0.mlp.0.bn.weight'. See ednet.engine.trainer for customization of frozen layers.
WARNING ⚠️ setting 'requires_grad=True' for frozen layer 'model.8.m.0.mlp.0.bn.bias'. See ednet.engine.trainer for customization of frozen layers.
WARNING ⚠️ setting 'requires_grad=True' for frozen layer 'model.8.m.0.mlp.1.weight'. See ednet.engine.trainer for customization of frozen layers.
WARNING ⚠️ setting 'requires_grad=True' for frozen layer 'model.8.m.0.spatial_mixing.PConv3.weight'. See ednet.engine.trainer for customization of frozen layers.
WARNING ⚠️ setting 'requires_grad=True' for frozen layer 'model.8.m.0.attention.conv1.conv.weight'. See ednet.engine.trainer for customization of frozen layers.
WARNING ⚠️ setting 'requires_grad=True' for frozen layer 'model.8.m.0.attention.conv1.bn.weight'. See ednet.engine.trainer for customization of frozen layers.
WARNING ⚠️ setting 'requires_grad=True' for frozen layer 'model.8.m.0.attention.conv1.bn.bias'. See ednet.engine.trainer for customization of frozen layers.
WARNING ⚠️ setting 'requires_grad=True' for frozen layer 'model.8.m.0.attention.h_conv.conv.weight'. See ednet.engine.trainer for customization of frozen layers.
WARNING ⚠️ setting 'requires_grad=True' for frozen layer 'model.8.m.0.attention.h_conv.conv.bias'. See ednet.engine.trainer for customization of frozen layers.
WARNING ⚠️ setting 'requires_grad=True' for frozen layer 'model.8.m.0.attention.v_conv.conv.weight'. See ednet.engine.trainer for customization of frozen layers.
WARNING ⚠️ setting 'requires_grad=True' for frozen layer 'model.8.m.0.attention.v_conv.conv.bias'. See ednet.engine.trainer for customization of frozen layers.
WARNING ⚠️ setting 'requires_grad=True' for frozen layer 'model.8.m.0.attention.conv2.conv.weight'. See ednet.engine.trainer for customization of frozen layers.
WARNING ⚠️ setting 'requires_grad=True' for frozen layer 'model.8.m.0.attention.conv2.bn.weight'. See ednet.engine.trainer for customization of frozen layers.
WARNING ⚠️ setting 'requires_grad=True' for frozen layer 'model.8.m.0.attention.conv2.bn.bias'. See ednet.engine.trainer for customization of frozen layers.
WARNING ⚠️ setting 'requires_grad=True' for frozen layer 'model.9.cv1.conv.weight'. See ednet.engine.trainer for customization of frozen layers.
WARNING ⚠️ setting 'requires_grad=True' for frozen layer 'model.9.cv1.bn.weight'. See ednet.engine.trainer for customization of frozen layers.
WARNING ⚠️ setting 'requires_grad=True' for frozen layer 'model.9.cv1.bn.bias'. See ednet.engine.trainer for customization of frozen layers.
WARNING ⚠️ setting 'requires_grad=True' for frozen layer 'model.9.cv2.conv.weight'. See ednet.engine.trainer for customization of frozen layers.
WARNING ⚠️ setting 'requires_grad=True' for frozen layer 'model.9.cv2.bn.weight'. See ednet.engine.trainer for customization of frozen layers.
WARNING ⚠️ setting 'requires_grad=True' for frozen layer 'model.9.cv2.bn.bias'. See ednet.engine.trainer for customization of frozen layers.
WARNING ⚠️ setting 'requires_grad=True' for frozen layer 'model.10.cv1.conv.weight'. See ednet.engine.trainer for customization of frozen layers.
WARNING ⚠️ setting 'requires_grad=True' for frozen layer 'model.10.cv1.bn.weight'. See ednet.engine.trainer for customization of frozen layers.
WARNING ⚠️ setting 'requires_grad=True' for frozen layer 'model.10.cv1.bn.bias'. See ednet.engine.trainer for customization of frozen layers.
WARNING ⚠️ setting 'requires_grad=True' for frozen layer 'model.10.cv2.conv.weight'. See ednet.engine.trainer for customization of frozen layers.
WARNING ⚠️ setting 'requires_grad=True' for frozen layer 'model.10.cv2.bn.weight'. See ednet.engine.trainer for customization of frozen layers.
WARNING ⚠️ setting 'requires_grad=True' for frozen layer 'model.10.cv2.bn.bias'. See ednet.engine.trainer for customization of frozen layers.
WARNING ⚠️ setting 'requires_grad=True' for frozen layer 'model.10.attn.qkv.conv.weight'. See ednet.engine.trainer for customization of frozen layers.
WARNING ⚠️ setting 'requires_grad=True' for frozen layer 'model.10.attn.qkv.bn.weight'. See ednet.engine.trainer for customization of frozen layers.
WARNING ⚠️ setting 'requires_grad=True' for frozen layer 'model.10.attn.qkv.bn.bias'. See ednet.engine.trainer for customization of frozen layers.
WARNING ⚠️ setting 'requires_grad=True' for frozen layer 'model.10.attn.proj.conv.weight'. See ednet.engine.trainer for customization of frozen layers.
WARNING ⚠️ setting 'requires_grad=True' for frozen layer 'model.10.attn.proj.bn.weight'. See ednet.engine.trainer for customization of frozen layers.
WARNING ⚠️ setting 'requires_grad=True' for frozen layer 'model.10.attn.proj.bn.bias'. See ednet.engine.trainer for customization of frozen layers.
WARNING ⚠️ setting 'requires_grad=True' for frozen layer 'model.10.attn.pe.conv.weight'. See ednet.engine.trainer for customization of frozen layers.
WARNING ⚠️ setting 'requires_grad=True' for frozen layer 'model.10.attn.pe.bn.weight'. See ednet.engine.trainer for customization of frozen layers.
WARNING ⚠️ setting 'requires_grad=True' for frozen layer 'model.10.attn.pe.bn.bias'. See ednet.engine.trainer for customization of frozen layers.
WARNING ⚠️ setting 'requires_grad=True' for frozen layer 'model.10.ffn.0.conv.weight'. See ednet.engine.trainer for customization of frozen layers.
WARNING ⚠️ setting 'requires_grad=True' for frozen layer 'model.10.ffn.0.bn.weight'. See ednet.engine.trainer for customization of frozen layers.
WARNING ⚠️ setting 'requires_grad=True' for frozen layer 'model.10.ffn.0.bn.bias'. See ednet.engine.trainer for customization of frozen layers.
WARNING ⚠️ setting 'requires_grad=True' for frozen layer 'model.10.ffn.1.conv.weight'. See ednet.engine.trainer for customization of frozen layers.
WARNING ⚠️ setting 'requires_grad=True' for frozen layer 'model.10.ffn.1.bn.weight'. See ednet.engine.trainer for customization of frozen layers.
WARNING ⚠️ setting 'requires_grad=True' for frozen layer 'model.10.ffn.1.bn.bias'. See ednet.engine.trainer for customization of frozen layers.
WARNING ⚠️ setting 'requires_grad=True' for frozen layer 'model.13.cv1.conv.weight'. See ednet.engine.trainer for customization of frozen layers.
WARNING ⚠️ setting 'requires_grad=True' for frozen layer 'model.13.cv1.bn.weight'. See ednet.engine.trainer for customization of frozen layers.
WARNING ⚠️ setting 'requires_grad=True' for frozen layer 'model.13.cv1.bn.bias'. See ednet.engine.trainer for customization of frozen layers.
WARNING ⚠️ setting 'requires_grad=True' for frozen layer 'model.13.cv2.conv.weight'. See ednet.engine.trainer for customization of frozen layers.
WARNING ⚠️ setting 'requires_grad=True' for frozen layer 'model.13.cv2.bn.weight'. See ednet.engine.trainer for customization of frozen layers.
WARNING ⚠️ setting 'requires_grad=True' for frozen layer 'model.13.cv2.bn.bias'. See ednet.engine.trainer for customization of frozen layers.
WARNING ⚠️ setting 'requires_grad=True' for frozen layer 'model.13.m.0.cv1.conv.weight'. See ednet.engine.trainer for customization of frozen layers.
WARNING ⚠️ setting 'requires_grad=True' for frozen layer 'model.13.m.0.cv1.bn.weight'. See ednet.engine.trainer for customization of frozen layers.
WARNING ⚠️ setting 'requires_grad=True' for frozen layer 'model.13.m.0.cv1.bn.bias'. See ednet.engine.trainer for customization of frozen layers.
WARNING ⚠️ setting 'requires_grad=True' for frozen layer 'model.13.m.0.cv2.conv.weight'. See ednet.engine.trainer for customization of frozen layers.
WARNING ⚠️ setting 'requires_grad=True' for frozen layer 'model.13.m.0.cv2.bn.weight'. See ednet.engine.trainer for customization of frozen layers.
WARNING ⚠️ setting 'requires_grad=True' for frozen layer 'model.13.m.0.cv2.bn.bias'. See ednet.engine.trainer for customization of frozen layers.
WARNING ⚠️ setting 'requires_grad=True' for frozen layer 'model.16.cv1.conv.base.weight'. See ednet.engine.trainer for customization of frozen layers.
WARNING ⚠️ setting 'requires_grad=True' for frozen layer 'model.16.cv1.bn.weight'. See ednet.engine.trainer for customization of frozen layers.
WARNING ⚠️ setting 'requires_grad=True' for frozen layer 'model.16.cv1.bn.bias'. See ednet.engine.trainer for customization of frozen layers.
WARNING ⚠️ setting 'requires_grad=True' for frozen layer 'model.16.cv2.conv.base.weight'. See ednet.engine.trainer for customization of frozen layers.
WARNING ⚠️ setting 'requires_grad=True' for frozen layer 'model.16.cv2.bn.weight'. See ednet.engine.trainer for customization of frozen layers.
WARNING ⚠️ setting 'requires_grad=True' for frozen layer 'model.16.cv2.bn.bias'. See ednet.engine.trainer for customization of frozen layers.
WARNING ⚠️ setting 'requires_grad=True' for frozen layer 'model.16.m.0.cv1.conv.base.weight'. See ednet.engine.trainer for customization of frozen layers.
WARNING ⚠️ setting 'requires_grad=True' for frozen layer 'model.16.m.0.cv1.bn.weight'. See ednet.engine.trainer for customization of frozen layers.
WARNING ⚠️ setting 'requires_grad=True' for frozen layer 'model.16.m.0.cv1.bn.bias'. See ednet.engine.trainer for customization of frozen layers.
WARNING ⚠️ setting 'requires_grad=True' for frozen layer 'model.16.m.0.cv2.conv.base.weight'. See ednet.engine.trainer for customization of frozen layers.
WARNING ⚠️ setting 'requires_grad=True' for frozen layer 'model.16.m.0.cv2.bn.weight'. See ednet.engine.trainer for customization of frozen layers.
WARNING ⚠️ setting 'requires_grad=True' for frozen layer 'model.16.m.0.cv2.bn.bias'. See ednet.engine.trainer for customization of frozen layers.
WARNING ⚠️ setting 'requires_grad=True' for frozen layer 'model.19.cv1.conv.weight'. See ednet.engine.trainer for customization of frozen layers.
WARNING ⚠️ setting 'requires_grad=True' for frozen layer 'model.19.cv1.bn.weight'. See ednet.engine.trainer for customization of frozen layers.
WARNING ⚠️ setting 'requires_grad=True' for frozen layer 'model.19.cv1.bn.bias'. See ednet.engine.trainer for customization of frozen layers.
WARNING ⚠️ setting 'requires_grad=True' for frozen layer 'model.19.cv2.conv.weight'. See ednet.engine.trainer for customization of frozen layers.
WARNING ⚠️ setting 'requires_grad=True' for frozen layer 'model.19.cv2.bn.weight'. See ednet.engine.trainer for customization of frozen layers.
WARNING ⚠️ setting 'requires_grad=True' for frozen layer 'model.19.cv2.bn.bias'. See ednet.engine.trainer for customization of frozen layers.
WARNING ⚠️ setting 'requires_grad=True' for frozen layer 'model.19.m.0.cv1.conv.weight'. See ednet.engine.trainer for customization of frozen layers.
WARNING ⚠️ setting 'requires_grad=True' for frozen layer 'model.19.m.0.cv1.bn.weight'. See ednet.engine.trainer for customization of frozen layers.
WARNING ⚠️ setting 'requires_grad=True' for frozen layer 'model.19.m.0.cv1.bn.bias'. See ednet.engine.trainer for customization of frozen layers.
WARNING ⚠️ setting 'requires_grad=True' for frozen layer 'model.19.m.0.cv2.conv.weight'. See ednet.engine.trainer for customization of frozen layers.
WARNING ⚠️ setting 'requires_grad=True' for frozen layer 'model.19.m.0.cv2.bn.weight'. See ednet.engine.trainer for customization of frozen layers.
WARNING ⚠️ setting 'requires_grad=True' for frozen layer 'model.19.m.0.cv2.bn.bias'. See ednet.engine.trainer for customization of frozen layers.
WARNING ⚠️ setting 'requires_grad=True' for frozen layer 'model.20.conv.weight'. See ednet.engine.trainer for customization of frozen layers.
WARNING ⚠️ setting 'requires_grad=True' for frozen layer 'model.20.bn.weight'. See ednet.engine.trainer for customization of frozen layers.
WARNING ⚠️ setting 'requires_grad=True' for frozen layer 'model.20.bn.bias'. See ednet.engine.trainer for customization of frozen layers.
WARNING ⚠️ setting 'requires_grad=True' for frozen layer 'model.22.cv1.conv.base.weight'. See ednet.engine.trainer for customization of frozen layers.
WARNING ⚠️ setting 'requires_grad=True' for frozen layer 'model.22.cv1.bn.weight'. See ednet.engine.trainer for customization of frozen layers.
WARNING ⚠️ setting 'requires_grad=True' for frozen layer 'model.22.cv1.bn.bias'. See ednet.engine.trainer for customization of frozen layers.
WARNING ⚠️ setting 'requires_grad=True' for frozen layer 'model.22.cv2.conv.base.weight'. See ednet.engine.trainer for customization of frozen layers.
WARNING ⚠️ setting 'requires_grad=True' for frozen layer 'model.22.cv2.bn.weight'. See ednet.engine.trainer for customization of frozen layers.
WARNING ⚠️ setting 'requires_grad=True' for frozen layer 'model.22.cv2.bn.bias'. See ednet.engine.trainer for customization of frozen layers.
WARNING ⚠️ setting 'requires_grad=True' for frozen layer 'model.22.m.0.cv1.conv.base.weight'. See ednet.engine.trainer for customization of frozen layers.
WARNING ⚠️ setting 'requires_grad=True' for frozen layer 'model.22.m.0.cv1.bn.weight'. See ednet.engine.trainer for customization of frozen layers.
WARNING ⚠️ setting 'requires_grad=True' for frozen layer 'model.22.m.0.cv1.bn.bias'. See ednet.engine.trainer for customization of frozen layers.
WARNING ⚠️ setting 'requires_grad=True' for frozen layer 'model.22.m.0.cv2.conv.base.weight'. See ednet.engine.trainer for customization of frozen layers.
WARNING ⚠️ setting 'requires_grad=True' for frozen layer 'model.22.m.0.cv2.bn.weight'. See ednet.engine.trainer for customization of frozen layers.
WARNING ⚠️ setting 'requires_grad=True' for frozen layer 'model.22.m.0.cv2.bn.bias'. See ednet.engine.trainer for customization of frozen layers.
WARNING ⚠️ setting 'requires_grad=True' for frozen layer 'model.23.conv.weight'. See ednet.engine.trainer for customization of frozen layers.
WARNING ⚠️ setting 'requires_grad=True' for frozen layer 'model.23.bn.weight'. See ednet.engine.trainer for customization of frozen layers.
WARNING ⚠️ setting 'requires_grad=True' for frozen layer 'model.23.bn.bias'. See ednet.engine.trainer for customization of frozen layers.
WARNING ⚠️ setting 'requires_grad=True' for frozen layer 'model.25.cv1.conv.base.weight'. See ednet.engine.trainer for customization of frozen layers.
WARNING ⚠️ setting 'requires_grad=True' for frozen layer 'model.25.cv1.bn.weight'. See ednet.engine.trainer for customization of frozen layers.
WARNING ⚠️ setting 'requires_grad=True' for frozen layer 'model.25.cv1.bn.bias'. See ednet.engine.trainer for customization of frozen layers.
WARNING ⚠️ setting 'requires_grad=True' for frozen layer 'model.25.cv2.conv.base.weight'. See ednet.engine.trainer for customization of frozen layers.
WARNING ⚠️ setting 'requires_grad=True' for frozen layer 'model.25.cv2.bn.weight'. See ednet.engine.trainer for customization of frozen layers.
WARNING ⚠️ setting 'requires_grad=True' for frozen layer 'model.25.cv2.bn.bias'. See ednet.engine.trainer for customization of frozen layers.
WARNING ⚠️ setting 'requires_grad=True' for frozen layer 'model.25.m.0.cv1.conv.base.weight'. See ednet.engine.trainer for customization of frozen layers.
WARNING ⚠️ setting 'requires_grad=True' for frozen layer 'model.25.m.0.cv1.bn.weight'. See ednet.engine.trainer for customization of frozen layers.
WARNING ⚠️ setting 'requires_grad=True' for frozen layer 'model.25.m.0.cv1.bn.bias'. See ednet.engine.trainer for customization of frozen layers.
WARNING ⚠️ setting 'requires_grad=True' for frozen layer 'model.25.m.0.cv2.conv.base.weight'. See ednet.engine.trainer for customization of frozen layers.
WARNING ⚠️ setting 'requires_grad=True' for frozen layer 'model.25.m.0.cv2.bn.weight'. See ednet.engine.trainer for customization of frozen layers.
WARNING ⚠️ setting 'requires_grad=True' for frozen layer 'model.25.m.0.cv2.bn.bias'. See ednet.engine.trainer for customization of frozen layers.
WARNING ⚠️ setting 'requires_grad=True' for frozen layer 'model.26.cv1.conv.weight'. See ednet.engine.trainer for customization of frozen layers.
WARNING ⚠️ setting 'requires_grad=True' for frozen layer 'model.26.cv1.bn.weight'. See ednet.engine.trainer for customization of frozen layers.
WARNING ⚠️ setting 'requires_grad=True' for frozen layer 'model.26.cv1.bn.bias'. See ednet.engine.trainer for customization of frozen layers.
WARNING ⚠️ setting 'requires_grad=True' for frozen layer 'model.26.cv2.conv.weight'. See ednet.engine.trainer for customization of frozen layers.
WARNING ⚠️ setting 'requires_grad=True' for frozen layer 'model.26.cv2.bn.weight'. See ednet.engine.trainer for customization of frozen layers.
WARNING ⚠️ setting 'requires_grad=True' for frozen layer 'model.26.cv2.bn.bias'. See ednet.engine.trainer for customization of frozen layers.
WARNING ⚠️ setting 'requires_grad=True' for frozen layer 'model.28.cv1.conv.weight'. See ednet.engine.trainer for customization of frozen layers.
WARNING ⚠️ setting 'requires_grad=True' for frozen layer 'model.28.cv1.bn.weight'. See ednet.engine.trainer for customization of frozen layers.
WARNING ⚠️ setting 'requires_grad=True' for frozen layer 'model.28.cv1.bn.bias'. See ednet.engine.trainer for customization of frozen layers.
WARNING ⚠️ setting 'requires_grad=True' for frozen layer 'model.28.cv2.conv.weight'. See ednet.engine.trainer for customization of frozen layers.
WARNING ⚠️ setting 'requires_grad=True' for frozen layer 'model.28.cv2.bn.weight'. See ednet.engine.trainer for customization of frozen layers.
WARNING ⚠️ setting 'requires_grad=True' for frozen layer 'model.28.cv2.bn.bias'. See ednet.engine.trainer for customization of frozen layers.
WARNING ⚠️ setting 'requires_grad=True' for frozen layer 'model.28.m.0.cv1.0.conv.weight'. See ednet.engine.trainer for customization of frozen layers.
WARNING ⚠️ setting 'requires_grad=True' for frozen layer 'model.28.m.0.cv1.0.bn.weight'. See ednet.engine.trainer for customization of frozen layers.
WARNING ⚠️ setting 'requires_grad=True' for frozen layer 'model.28.m.0.cv1.0.bn.bias'. See ednet.engine.trainer for customization of frozen layers.
WARNING ⚠️ setting 'requires_grad=True' for frozen layer 'model.28.m.0.cv1.1.conv.weight'. See ednet.engine.trainer for customization of frozen layers.
WARNING ⚠️ setting 'requires_grad=True' for frozen layer 'model.28.m.0.cv1.1.bn.weight'. See ednet.engine.trainer for customization of frozen layers.
WARNING ⚠️ setting 'requires_grad=True' for frozen layer 'model.28.m.0.cv1.1.bn.bias'. See ednet.engine.trainer for customization of frozen layers.
WARNING ⚠️ setting 'requires_grad=True' for frozen layer 'model.28.m.0.cv1.2.conv.conv.weight'. See ednet.engine.trainer for customization of frozen layers.
WARNING ⚠️ setting 'requires_grad=True' for frozen layer 'model.28.m.0.cv1.2.conv.bn.weight'. See ednet.engine.trainer for customization of frozen layers.
WARNING ⚠️ setting 'requires_grad=True' for frozen layer 'model.28.m.0.cv1.2.conv.bn.bias'. See ednet.engine.trainer for customization of frozen layers.
WARNING ⚠️ setting 'requires_grad=True' for frozen layer 'model.28.m.0.cv1.2.conv1.conv.weight'. See ednet.engine.trainer for customization of frozen layers.
WARNING ⚠️ setting 'requires_grad=True' for frozen layer 'model.28.m.0.cv1.2.conv1.bn.weight'. See ednet.engine.trainer for customization of frozen layers.
WARNING ⚠️ setting 'requires_grad=True' for frozen layer 'model.28.m.0.cv1.2.conv1.bn.bias'. See ednet.engine.trainer for customization of frozen layers.
WARNING ⚠️ setting 'requires_grad=True' for frozen layer 'model.28.m.0.cv1.3.conv.weight'. See ednet.engine.trainer for customization of frozen layers.
WARNING ⚠️ setting 'requires_grad=True' for frozen layer 'model.28.m.0.cv1.3.bn.weight'. See ednet.engine.trainer for customization of frozen layers.
WARNING ⚠️ setting 'requires_grad=True' for frozen layer 'model.28.m.0.cv1.3.bn.bias'. See ednet.engine.trainer for customization of frozen layers.
WARNING ⚠️ setting 'requires_grad=True' for frozen layer 'model.28.m.0.cv1.4.conv.weight'. See ednet.engine.trainer for customization of frozen layers.
WARNING ⚠️ setting 'requires_grad=True' for frozen layer 'model.28.m.0.cv1.4.bn.weight'. See ednet.engine.trainer for customization of frozen layers.
WARNING ⚠️ setting 'requires_grad=True' for frozen layer 'model.28.m.0.cv1.4.bn.bias'. See ednet.engine.trainer for customization of frozen layers.
WARNING ⚠️ setting 'requires_grad=True' for frozen layer 'model.29.cv2.0.0.conv.base.weight'. See ednet.engine.trainer for customization of frozen layers.
WARNING ⚠️ setting 'requires_grad=True' for frozen layer 'model.29.cv2.0.0.bn.weight'. See ednet.engine.trainer for customization of frozen layers.
WARNING ⚠️ setting 'requires_grad=True' for frozen layer 'model.29.cv2.0.0.bn.bias'. See ednet.engine.trainer for customization of frozen layers.
WARNING ⚠️ setting 'requires_grad=True' for frozen layer 'model.29.cv2.0.1.conv.base.weight'. See ednet.engine.trainer for customization of frozen layers.
WARNING ⚠️ setting 'requires_grad=True' for frozen layer 'model.29.cv2.0.1.bn.weight'. See ednet.engine.trainer for customization of frozen layers.
WARNING ⚠️ setting 'requires_grad=True' for frozen layer 'model.29.cv2.0.1.bn.bias'. See ednet.engine.trainer for customization of frozen layers.
WARNING ⚠️ setting 'requires_grad=True' for frozen layer 'model.29.cv2.0.2.weight'. See ednet.engine.trainer for customization of frozen layers.
WARNING ⚠️ setting 'requires_grad=True' for frozen layer 'model.29.cv2.0.2.bias'. See ednet.engine.trainer for customization of frozen layers.
WARNING ⚠️ setting 'requires_grad=True' for frozen layer 'model.29.cv2.1.0.conv.base.weight'. See ednet.engine.trainer for customization of frozen layers.
WARNING ⚠️ setting 'requires_grad=True' for frozen layer 'model.29.cv2.1.0.bn.weight'. See ednet.engine.trainer for customization of frozen layers.
WARNING ⚠️ setting 'requires_grad=True' for frozen layer 'model.29.cv2.1.0.bn.bias'. See ednet.engine.trainer for customization of frozen layers.
WARNING ⚠️ setting 'requires_grad=True' for frozen layer 'model.29.cv2.1.1.conv.base.weight'. See ednet.engine.trainer for customization of frozen layers.
WARNING ⚠️ setting 'requires_grad=True' for frozen layer 'model.29.cv2.1.1.bn.weight'. See ednet.engine.trainer for customization of frozen layers.
WARNING ⚠️ setting 'requires_grad=True' for frozen layer 'model.29.cv2.1.1.bn.bias'. See ednet.engine.trainer for customization of frozen layers.
WARNING ⚠️ setting 'requires_grad=True' for frozen layer 'model.29.cv2.1.2.weight'. See ednet.engine.trainer for customization of frozen layers.
WARNING ⚠️ setting 'requires_grad=True' for frozen layer 'model.29.cv2.1.2.bias'. See ednet.engine.trainer for customization of frozen layers.
WARNING ⚠️ setting 'requires_grad=True' for frozen layer 'model.29.cv2.2.0.conv.base.weight'. See ednet.engine.trainer for customization of frozen layers.
WARNING ⚠️ setting 'requires_grad=True' for frozen layer 'model.29.cv2.2.0.bn.weight'. See ednet.engine.trainer for customization of frozen layers.
WARNING ⚠️ setting 'requires_grad=True' for frozen layer 'model.29.cv2.2.0.bn.bias'. See ednet.engine.trainer for customization of frozen layers.
WARNING ⚠️ setting 'requires_grad=True' for frozen layer 'model.29.cv2.2.1.conv.base.weight'. See ednet.engine.trainer for customization of frozen layers.
WARNING ⚠️ setting 'requires_grad=True' for frozen layer 'model.29.cv2.2.1.bn.weight'. See ednet.engine.trainer for customization of frozen layers.
WARNING ⚠️ setting 'requires_grad=True' for frozen layer 'model.29.cv2.2.1.bn.bias'. See ednet.engine.trainer for customization of frozen layers.
WARNING ⚠️ setting 'requires_grad=True' for frozen layer 'model.29.cv2.2.2.weight'. See ednet.engine.trainer for customization of frozen layers.
WARNING ⚠️ setting 'requires_grad=True' for frozen layer 'model.29.cv2.2.2.bias'. See ednet.engine.trainer for customization of frozen layers.
WARNING ⚠️ setting 'requires_grad=True' for frozen layer 'model.29.cv2.3.0.conv.base.weight'. See ednet.engine.trainer for customization of frozen layers.
WARNING ⚠️ setting 'requires_grad=True' for frozen layer 'model.29.cv2.3.0.bn.weight'. See ednet.engine.trainer for customization of frozen layers.
WARNING ⚠️ setting 'requires_grad=True' for frozen layer 'model.29.cv2.3.0.bn.bias'. See ednet.engine.trainer for customization of frozen layers.
WARNING ⚠️ setting 'requires_grad=True' for frozen layer 'model.29.cv2.3.1.conv.base.weight'. See ednet.engine.trainer for customization of frozen layers.
WARNING ⚠️ setting 'requires_grad=True' for frozen layer 'model.29.cv2.3.1.bn.weight'. See ednet.engine.trainer for customization of frozen layers.
WARNING ⚠️ setting 'requires_grad=True' for frozen layer 'model.29.cv2.3.1.bn.bias'. See ednet.engine.trainer for customization of frozen layers.
WARNING ⚠️ setting 'requires_grad=True' for frozen layer 'model.29.cv2.3.2.weight'. See ednet.engine.trainer for customization of frozen layers.
WARNING ⚠️ setting 'requires_grad=True' for frozen layer 'model.29.cv2.3.2.bias'. See ednet.engine.trainer for customization of frozen layers.
WARNING ⚠️ setting 'requires_grad=True' for frozen layer 'model.29.cv3.0.0.0.conv.weight'. See ednet.engine.trainer for customization of frozen layers.
WARNING ⚠️ setting 'requires_grad=True' for frozen layer 'model.29.cv3.0.0.0.bn.weight'. See ednet.engine.trainer for customization of frozen layers.
WARNING ⚠️ setting 'requires_grad=True' for frozen layer 'model.29.cv3.0.0.0.bn.bias'. See ednet.engine.trainer for customization of frozen layers.
WARNING ⚠️ setting 'requires_grad=True' for frozen layer 'model.29.cv3.0.0.1.conv.base.weight'. See ednet.engine.trainer for customization of frozen layers.
WARNING ⚠️ setting 'requires_grad=True' for frozen layer 'model.29.cv3.0.0.1.bn.weight'. See ednet.engine.trainer for customization of frozen layers.
WARNING ⚠️ setting 'requires_grad=True' for frozen layer 'model.29.cv3.0.0.1.bn.bias'. See ednet.engine.trainer for customization of frozen layers.
WARNING ⚠️ setting 'requires_grad=True' for frozen layer 'model.29.cv3.0.1.0.conv.weight'. See ednet.engine.trainer for customization of frozen layers.
WARNING ⚠️ setting 'requires_grad=True' for frozen layer 'model.29.cv3.0.1.0.bn.weight'. See ednet.engine.trainer for customization of frozen layers.
WARNING ⚠️ setting 'requires_grad=True' for frozen layer 'model.29.cv3.0.1.0.bn.bias'. See ednet.engine.trainer for customization of frozen layers.
WARNING ⚠️ setting 'requires_grad=True' for frozen layer 'model.29.cv3.0.1.1.conv.base.weight'. See ednet.engine.trainer for customization of frozen layers.
WARNING ⚠️ setting 'requires_grad=True' for frozen layer 'model.29.cv3.0.1.1.bn.weight'. See ednet.engine.trainer for customization of frozen layers.
WARNING ⚠️ setting 'requires_grad=True' for frozen layer 'model.29.cv3.0.1.1.bn.bias'. See ednet.engine.trainer for customization of frozen layers.
WARNING ⚠️ setting 'requires_grad=True' for frozen layer 'model.29.cv3.0.2.weight'. See ednet.engine.trainer for customization of frozen layers.
WARNING ⚠️ setting 'requires_grad=True' for frozen layer 'model.29.cv3.0.2.bias'. See ednet.engine.trainer for customization of frozen layers.
WARNING ⚠️ setting 'requires_grad=True' for frozen layer 'model.29.cv3.1.0.0.conv.weight'. See ednet.engine.trainer for customization of frozen layers.
WARNING ⚠️ setting 'requires_grad=True' for frozen layer 'model.29.cv3.1.0.0.bn.weight'. See ednet.engine.trainer for customization of frozen layers.
WARNING ⚠️ setting 'requires_grad=True' for frozen layer 'model.29.cv3.1.0.0.bn.bias'. See ednet.engine.trainer for customization of frozen layers.
WARNING ⚠️ setting 'requires_grad=True' for frozen layer 'model.29.cv3.1.0.1.conv.base.weight'. See ednet.engine.trainer for customization of frozen layers.
WARNING ⚠️ setting 'requires_grad=True' for frozen layer 'model.29.cv3.1.0.1.bn.weight'. See ednet.engine.trainer for customization of frozen layers.
WARNING ⚠️ setting 'requires_grad=True' for frozen layer 'model.29.cv3.1.0.1.bn.bias'. See ednet.engine.trainer for customization of frozen layers.
WARNING ⚠️ setting 'requires_grad=True' for frozen layer 'model.29.cv3.1.1.0.conv.weight'. See ednet.engine.trainer for customization of frozen layers.
WARNING ⚠️ setting 'requires_grad=True' for frozen layer 'model.29.cv3.1.1.0.bn.weight'. See ednet.engine.trainer for customization of frozen layers.
WARNING ⚠️ setting 'requires_grad=True' for frozen layer 'model.29.cv3.1.1.0.bn.bias'. See ednet.engine.trainer for customization of frozen layers.
WARNING ⚠️ setting 'requires_grad=True' for frozen layer 'model.29.cv3.1.1.1.conv.base.weight'. See ednet.engine.trainer for customization of frozen layers.
WARNING ⚠️ setting 'requires_grad=True' for frozen layer 'model.29.cv3.1.1.1.bn.weight'. See ednet.engine.trainer for customization of frozen layers.
WARNING ⚠️ setting 'requires_grad=True' for frozen layer 'model.29.cv3.1.1.1.bn.bias'. See ednet.engine.trainer for customization of frozen layers.
WARNING ⚠️ setting 'requires_grad=True' for frozen layer 'model.29.cv3.1.2.weight'. See ednet.engine.trainer for customization of frozen layers.
WARNING ⚠️ setting 'requires_grad=True' for frozen layer 'model.29.cv3.1.2.bias'. See ednet.engine.trainer for customization of frozen layers.
WARNING ⚠️ setting 'requires_grad=True' for frozen layer 'model.29.cv3.2.0.0.conv.weight'. See ednet.engine.trainer for customization of frozen layers.
WARNING ⚠️ setting 'requires_grad=True' for frozen layer 'model.29.cv3.2.0.0.bn.weight'. See ednet.engine.trainer for customization of frozen layers.
WARNING ⚠️ setting 'requires_grad=True' for frozen layer 'model.29.cv3.2.0.0.bn.bias'. See ednet.engine.trainer for customization of frozen layers.
WARNING ⚠️ setting 'requires_grad=True' for frozen layer 'model.29.cv3.2.0.1.conv.base.weight'. See ednet.engine.trainer for customization of frozen layers.
WARNING ⚠️ setting 'requires_grad=True' for frozen layer 'model.29.cv3.2.0.1.bn.weight'. See ednet.engine.trainer for customization of frozen layers.
WARNING ⚠️ setting 'requires_grad=True' for frozen layer 'model.29.cv3.2.0.1.bn.bias'. See ednet.engine.trainer for customization of frozen layers.
WARNING ⚠️ setting 'requires_grad=True' for frozen layer 'model.29.cv3.2.1.0.conv.weight'. See ednet.engine.trainer for customization of frozen layers.
WARNING ⚠️ setting 'requires_grad=True' for frozen layer 'model.29.cv3.2.1.0.bn.weight'. See ednet.engine.trainer for customization of frozen layers.
WARNING ⚠️ setting 'requires_grad=True' for frozen layer 'model.29.cv3.2.1.0.bn.bias'. See ednet.engine.trainer for customization of frozen layers.
WARNING ⚠️ setting 'requires_grad=True' for frozen layer 'model.29.cv3.2.1.1.conv.base.weight'. See ednet.engine.trainer for customization of frozen layers.
WARNING ⚠️ setting 'requires_grad=True' for frozen layer 'model.29.cv3.2.1.1.bn.weight'. See ednet.engine.trainer for customization of frozen layers.
WARNING ⚠️ setting 'requires_grad=True' for frozen layer 'model.29.cv3.2.1.1.bn.bias'. See ednet.engine.trainer for customization of frozen layers.
WARNING ⚠️ setting 'requires_grad=True' for frozen layer 'model.29.cv3.2.2.weight'. See ednet.engine.trainer for customization of frozen layers.
WARNING ⚠️ setting 'requires_grad=True' for frozen layer 'model.29.cv3.2.2.bias'. See ednet.engine.trainer for customization of frozen layers.
WARNING ⚠️ setting 'requires_grad=True' for frozen layer 'model.29.cv3.3.0.0.conv.weight'. See ednet.engine.trainer for customization of frozen layers.
WARNING ⚠️ setting 'requires_grad=True' for frozen layer 'model.29.cv3.3.0.0.bn.weight'. See ednet.engine.trainer for customization of frozen layers.
WARNING ⚠️ setting 'requires_grad=True' for frozen layer 'model.29.cv3.3.0.0.bn.bias'. See ednet.engine.trainer for customization of frozen layers.
WARNING ⚠️ setting 'requires_grad=True' for frozen layer 'model.29.cv3.3.0.1.conv.base.weight'. See ednet.engine.trainer for customization of frozen layers.
WARNING ⚠️ setting 'requires_grad=True' for frozen layer 'model.29.cv3.3.0.1.bn.weight'. See ednet.engine.trainer for customization of frozen layers.
WARNING ⚠️ setting 'requires_grad=True' for frozen layer 'model.29.cv3.3.0.1.bn.bias'. See ednet.engine.trainer for customization of frozen layers.
WARNING ⚠️ setting 'requires_grad=True' for frozen layer 'model.29.cv3.3.1.0.conv.weight'. See ednet.engine.trainer for customization of frozen layers.
WARNING ⚠️ setting 'requires_grad=True' for frozen layer 'model.29.cv3.3.1.0.bn.weight'. See ednet.engine.trainer for customization of frozen layers.
WARNING ⚠️ setting 'requires_grad=True' for frozen layer 'model.29.cv3.3.1.0.bn.bias'. See ednet.engine.trainer for customization of frozen layers.
WARNING ⚠️ setting 'requires_grad=True' for frozen layer 'model.29.cv3.3.1.1.conv.base.weight'. See ednet.engine.trainer for customization of frozen layers.
WARNING ⚠️ setting 'requires_grad=True' for frozen layer 'model.29.cv3.3.1.1.bn.weight'. See ednet.engine.trainer for customization of frozen layers.
WARNING ⚠️ setting 'requires_grad=True' for frozen layer 'model.29.cv3.3.1.1.bn.bias'. See ednet.engine.trainer for customization of frozen layers.
WARNING ⚠️ setting 'requires_grad=True' for frozen layer 'model.29.cv3.3.2.weight'. See ednet.engine.trainer for customization of frozen layers.
WARNING ⚠️ setting 'requires_grad=True' for frozen layer 'model.29.cv3.3.2.bias'. See ednet.engine.trainer for customization of frozen layers.
Freezing layer 'model.29.dfl.conv.weight'
WARNING ⚠️ setting 'requires_grad=True' for frozen layer 'model.29.one2one_cv2.0.0.conv.weight'. See ednet.engine.trainer for customization of frozen layers.
WARNING ⚠️ setting 'requires_grad=True' for frozen layer 'model.29.one2one_cv2.0.0.bn.weight'. See ednet.engine.trainer for customization of frozen layers.
WARNING ⚠️ setting 'requires_grad=True' for frozen layer 'model.29.one2one_cv2.0.0.bn.bias'. See ednet.engine.trainer for customization of frozen layers.
WARNING ⚠️ setting 'requires_grad=True' for frozen layer 'model.29.one2one_cv2.0.1.conv.weight'. See ednet.engine.trainer for customization of frozen layers.
WARNING ⚠️ setting 'requires_grad=True' for frozen layer 'model.29.one2one_cv2.0.1.bn.weight'. See ednet.engine.trainer for customization of frozen layers.
WARNING ⚠️ setting 'requires_grad=True' for frozen layer 'model.29.one2one_cv2.0.1.bn.bias'. See ednet.engine.trainer for customization of frozen layers.
WARNING ⚠️ setting 'requires_grad=True' for frozen layer 'model.29.one2one_cv2.0.2.weight'. See ednet.engine.trainer for customization of frozen layers.
WARNING ⚠️ setting 'requires_grad=True' for frozen layer 'model.29.one2one_cv2.0.2.bias'. See ednet.engine.trainer for customization of frozen layers.
WARNING ⚠️ setting 'requires_grad=True' for frozen layer 'model.29.one2one_cv2.1.0.conv.weight'. See ednet.engine.trainer for customization of frozen layers.
WARNING ⚠️ setting 'requires_grad=True' for frozen layer 'model.29.one2one_cv2.1.0.bn.weight'. See ednet.engine.trainer for customization of frozen layers.
WARNING ⚠️ setting 'requires_grad=True' for frozen layer 'model.29.one2one_cv2.1.0.bn.bias'. See ednet.engine.trainer for customization of frozen layers.
WARNING ⚠️ setting 'requires_grad=True' for frozen layer 'model.29.one2one_cv2.1.1.conv.weight'. See ednet.engine.trainer for customization of frozen layers.
WARNING ⚠️ setting 'requires_grad=True' for frozen layer 'model.29.one2one_cv2.1.1.bn.weight'. See ednet.engine.trainer for customization of frozen layers.
WARNING ⚠️ setting 'requires_grad=True' for frozen layer 'model.29.one2one_cv2.1.1.bn.bias'. See ednet.engine.trainer for customization of frozen layers.
WARNING ⚠️ setting 'requires_grad=True' for frozen layer 'model.29.one2one_cv2.1.2.weight'. See ednet.engine.trainer for customization of frozen layers.
WARNING ⚠️ setting 'requires_grad=True' for frozen layer 'model.29.one2one_cv2.1.2.bias'. See ednet.engine.trainer for customization of frozen layers.
WARNING ⚠️ setting 'requires_grad=True' for frozen layer 'model.29.one2one_cv2.2.0.conv.weight'. See ednet.engine.trainer for customization of frozen layers.
WARNING ⚠️ setting 'requires_grad=True' for frozen layer 'model.29.one2one_cv2.2.0.bn.weight'. See ednet.engine.trainer for customization of frozen layers.
WARNING ⚠️ setting 'requires_grad=True' for frozen layer 'model.29.one2one_cv2.2.0.bn.bias'. See ednet.engine.trainer for customization of frozen layers.
WARNING ⚠️ setting 'requires_grad=True' for frozen layer 'model.29.one2one_cv2.2.1.conv.weight'. See ednet.engine.trainer for customization of frozen layers.
WARNING ⚠️ setting 'requires_grad=True' for frozen layer 'model.29.one2one_cv2.2.1.bn.weight'. See ednet.engine.trainer for customization of frozen layers.
WARNING ⚠️ setting 'requires_grad=True' for frozen layer 'model.29.one2one_cv2.2.1.bn.bias'. See ednet.engine.trainer for customization of frozen layers.
WARNING ⚠️ setting 'requires_grad=True' for frozen layer 'model.29.one2one_cv2.2.2.weight'. See ednet.engine.trainer for customization of frozen layers.
WARNING ⚠️ setting 'requires_grad=True' for frozen layer 'model.29.one2one_cv2.2.2.bias'. See ednet.engine.trainer for customization of frozen layers.
WARNING ⚠️ setting 'requires_grad=True' for frozen layer 'model.29.one2one_cv2.3.0.conv.weight'. See ednet.engine.trainer for customization of frozen layers.
WARNING ⚠️ setting 'requires_grad=True' for frozen layer 'model.29.one2one_cv2.3.0.bn.weight'. See ednet.engine.trainer for customization of frozen layers.
WARNING ⚠️ setting 'requires_grad=True' for frozen layer 'model.29.one2one_cv2.3.0.bn.bias'. See ednet.engine.trainer for customization of frozen layers.
WARNING ⚠️ setting 'requires_grad=True' for frozen layer 'model.29.one2one_cv2.3.1.conv.weight'. See ednet.engine.trainer for customization of frozen layers.
WARNING ⚠️ setting 'requires_grad=True' for frozen layer 'model.29.one2one_cv2.3.1.bn.weight'. See ednet.engine.trainer for customization of frozen layers.
WARNING ⚠️ setting 'requires_grad=True' for frozen layer 'model.29.one2one_cv2.3.1.bn.bias'. See ednet.engine.trainer for customization of frozen layers.
WARNING ⚠️ setting 'requires_grad=True' for frozen layer 'model.29.one2one_cv2.3.2.weight'. See ednet.engine.trainer for customization of frozen layers.
WARNING ⚠️ setting 'requires_grad=True' for frozen layer 'model.29.one2one_cv2.3.2.bias'. See ednet.engine.trainer for customization of frozen layers.
WARNING ⚠️ setting 'requires_grad=True' for frozen layer 'model.29.one2one_cv3.0.0.0.conv.weight'. See ednet.engine.trainer for customization of frozen layers.
WARNING ⚠️ setting 'requires_grad=True' for frozen layer 'model.29.one2one_cv3.0.0.0.bn.weight'. See ednet.engine.trainer for customization of frozen layers.
WARNING ⚠️ setting 'requires_grad=True' for frozen layer 'model.29.one2one_cv3.0.0.0.bn.bias'. See ednet.engine.trainer for customization of frozen layers.
WARNING ⚠️ setting 'requires_grad=True' for frozen layer 'model.29.one2one_cv3.0.0.1.conv.weight'. See ednet.engine.trainer for customization of frozen layers.
WARNING ⚠️ setting 'requires_grad=True' for frozen layer 'model.29.one2one_cv3.0.0.1.bn.weight'. See ednet.engine.trainer for customization of frozen layers.
WARNING ⚠️ setting 'requires_grad=True' for frozen layer 'model.29.one2one_cv3.0.0.1.bn.bias'. See ednet.engine.trainer for customization of frozen layers.
WARNING ⚠️ setting 'requires_grad=True' for frozen layer 'model.29.one2one_cv3.0.1.0.conv.weight'. See ednet.engine.trainer for customization of frozen layers.
WARNING ⚠️ setting 'requires_grad=True' for frozen layer 'model.29.one2one_cv3.0.1.0.bn.weight'. See ednet.engine.trainer for customization of frozen layers.
WARNING ⚠️ setting 'requires_grad=True' for frozen layer 'model.29.one2one_cv3.0.1.0.bn.bias'. See ednet.engine.trainer for customization of frozen layers.
WARNING ⚠️ setting 'requires_grad=True' for frozen layer 'model.29.one2one_cv3.0.1.1.conv.weight'. See ednet.engine.trainer for customization of frozen layers.
WARNING ⚠️ setting 'requires_grad=True' for frozen layer 'model.29.one2one_cv3.0.1.1.bn.weight'. See ednet.engine.trainer for customization of frozen layers.
WARNING ⚠️ setting 'requires_grad=True' for frozen layer 'model.29.one2one_cv3.0.1.1.bn.bias'. See ednet.engine.trainer for customization of frozen layers.
WARNING ⚠️ setting 'requires_grad=True' for frozen layer 'model.29.one2one_cv3.0.2.weight'. See ednet.engine.trainer for customization of frozen layers.
WARNING ⚠️ setting 'requires_grad=True' for frozen layer 'model.29.one2one_cv3.0.2.bias'. See ednet.engine.trainer for customization of frozen layers.
WARNING ⚠️ setting 'requires_grad=True' for frozen layer 'model.29.one2one_cv3.1.0.0.conv.weight'. See ednet.engine.trainer for customization of frozen layers.
WARNING ⚠️ setting 'requires_grad=True' for frozen layer 'model.29.one2one_cv3.1.0.0.bn.weight'. See ednet.engine.trainer for customization of frozen layers.
WARNING ⚠️ setting 'requires_grad=True' for frozen layer 'model.29.one2one_cv3.1.0.0.bn.bias'. See ednet.engine.trainer for customization of frozen layers.
WARNING ⚠️ setting 'requires_grad=True' for frozen layer 'model.29.one2one_cv3.1.0.1.conv.weight'. See ednet.engine.trainer for customization of frozen layers.
WARNING ⚠️ setting 'requires_grad=True' for frozen layer 'model.29.one2one_cv3.1.0.1.bn.weight'. See ednet.engine.trainer for customization of frozen layers.
WARNING ⚠️ setting 'requires_grad=True' for frozen layer 'model.29.one2one_cv3.1.0.1.bn.bias'. See ednet.engine.trainer for customization of frozen layers.
WARNING ⚠️ setting 'requires_grad=True' for frozen layer 'model.29.one2one_cv3.1.1.0.conv.weight'. See ednet.engine.trainer for customization of frozen layers.
WARNING ⚠️ setting 'requires_grad=True' for frozen layer 'model.29.one2one_cv3.1.1.0.bn.weight'. See ednet.engine.trainer for customization of frozen layers.
WARNING ⚠️ setting 'requires_grad=True' for frozen layer 'model.29.one2one_cv3.1.1.0.bn.bias'. See ednet.engine.trainer for customization of frozen layers.
WARNING ⚠️ setting 'requires_grad=True' for frozen layer 'model.29.one2one_cv3.1.1.1.conv.weight'. See ednet.engine.trainer for customization of frozen layers.
WARNING ⚠️ setting 'requires_grad=True' for frozen layer 'model.29.one2one_cv3.1.1.1.bn.weight'. See ednet.engine.trainer for customization of frozen layers.
WARNING ⚠️ setting 'requires_grad=True' for frozen layer 'model.29.one2one_cv3.1.1.1.bn.bias'. See ednet.engine.trainer for customization of frozen layers.
WARNING ⚠️ setting 'requires_grad=True' for frozen layer 'model.29.one2one_cv3.1.2.weight'. See ednet.engine.trainer for customization of frozen layers.
WARNING ⚠️ setting 'requires_grad=True' for frozen layer 'model.29.one2one_cv3.1.2.bias'. See ednet.engine.trainer for customization of frozen layers.
WARNING ⚠️ setting 'requires_grad=True' for frozen layer 'model.29.one2one_cv3.2.0.0.conv.weight'. See ednet.engine.trainer for customization of frozen layers.
WARNING ⚠️ setting 'requires_grad=True' for frozen layer 'model.29.one2one_cv3.2.0.0.bn.weight'. See ednet.engine.trainer for customization of frozen layers.
WARNING ⚠️ setting 'requires_grad=True' for frozen layer 'model.29.one2one_cv3.2.0.0.bn.bias'. See ednet.engine.trainer for customization of frozen layers.
WARNING ⚠️ setting 'requires_grad=True' for frozen layer 'model.29.one2one_cv3.2.0.1.conv.weight'. See ednet.engine.trainer for customization of frozen layers.
WARNING ⚠️ setting 'requires_grad=True' for frozen layer 'model.29.one2one_cv3.2.0.1.bn.weight'. See ednet.engine.trainer for customization of frozen layers.
WARNING ⚠️ setting 'requires_grad=True' for frozen layer 'model.29.one2one_cv3.2.0.1.bn.bias'. See ednet.engine.trainer for customization of frozen layers.
WARNING ⚠️ setting 'requires_grad=True' for frozen layer 'model.29.one2one_cv3.2.1.0.conv.weight'. See ednet.engine.trainer for customization of frozen layers.
WARNING ⚠️ setting 'requires_grad=True' for frozen layer 'model.29.one2one_cv3.2.1.0.bn.weight'. See ednet.engine.trainer for customization of frozen layers.
WARNING ⚠️ setting 'requires_grad=True' for frozen layer 'model.29.one2one_cv3.2.1.0.bn.bias'. See ednet.engine.trainer for customization of frozen layers.
WARNING ⚠️ setting 'requires_grad=True' for frozen layer 'model.29.one2one_cv3.2.1.1.conv.weight'. See ednet.engine.trainer for customization of frozen layers.
WARNING ⚠️ setting 'requires_grad=True' for frozen layer 'model.29.one2one_cv3.2.1.1.bn.weight'. See ednet.engine.trainer for customization of frozen layers.
WARNING ⚠️ setting 'requires_grad=True' for frozen layer 'model.29.one2one_cv3.2.1.1.bn.bias'. See ednet.engine.trainer for customization of frozen layers.
WARNING ⚠️ setting 'requires_grad=True' for frozen layer 'model.29.one2one_cv3.2.2.weight'. See ednet.engine.trainer for customization of frozen layers.
WARNING ⚠️ setting 'requires_grad=True' for frozen layer 'model.29.one2one_cv3.2.2.bias'. See ednet.engine.trainer for customization of frozen layers.
WARNING ⚠️ setting 'requires_grad=True' for frozen layer 'model.29.one2one_cv3.3.0.0.conv.weight'. See ednet.engine.trainer for customization of frozen layers.
WARNING ⚠️ setting 'requires_grad=True' for frozen layer 'model.29.one2one_cv3.3.0.0.bn.weight'. See ednet.engine.trainer for customization of frozen layers.
WARNING ⚠️ setting 'requires_grad=True' for frozen layer 'model.29.one2one_cv3.3.0.0.bn.bias'. See ednet.engine.trainer for customization of frozen layers.
WARNING ⚠️ setting 'requires_grad=True' for frozen layer 'model.29.one2one_cv3.3.0.1.conv.weight'. See ednet.engine.trainer for customization of frozen layers.
WARNING ⚠️ setting 'requires_grad=True' for frozen layer 'model.29.one2one_cv3.3.0.1.bn.weight'. See ednet.engine.trainer for customization of frozen layers.
WARNING ⚠️ setting 'requires_grad=True' for frozen layer 'model.29.one2one_cv3.3.0.1.bn.bias'. See ednet.engine.trainer for customization of frozen layers.
WARNING ⚠️ setting 'requires_grad=True' for frozen layer 'model.29.one2one_cv3.3.1.0.conv.weight'. See ednet.engine.trainer for customization of frozen layers.
WARNING ⚠️ setting 'requires_grad=True' for frozen layer 'model.29.one2one_cv3.3.1.0.bn.weight'. See ednet.engine.trainer for customization of frozen layers.
WARNING ⚠️ setting 'requires_grad=True' for frozen layer 'model.29.one2one_cv3.3.1.0.bn.bias'. See ednet.engine.trainer for customization of frozen layers.
WARNING ⚠️ setting 'requires_grad=True' for frozen layer 'model.29.one2one_cv3.3.1.1.conv.weight'. See ednet.engine.trainer for customization of frozen layers.
WARNING ⚠️ setting 'requires_grad=True' for frozen layer 'model.29.one2one_cv3.3.1.1.bn.weight'. See ednet.engine.trainer for customization of frozen layers.
WARNING ⚠️ setting 'requires_grad=True' for frozen layer 'model.29.one2one_cv3.3.1.1.bn.bias'. See ednet.engine.trainer for customization of frozen layers.
WARNING ⚠️ setting 'requires_grad=True' for frozen layer 'model.29.one2one_cv3.3.2.weight'. See ednet.engine.trainer for customization of frozen layers.
WARNING ⚠️ setting 'requires_grad=True' for frozen layer 'model.29.one2one_cv3.3.2.bias'. See ednet.engine.trainer for customization of frozen layers.
[34m[1mAMP: [0mrunning Automatic Mixed Precision (AMP) checks with YOLOv8n...
[34m[1mAMP: [0mchecks passed ✅
Plotting labels to /home/ddwilde/scriptie/runs/dota_saab/stage2-saab3/labels.jpg... 
[34m[1moptimizer:[0m 'optimizer=auto' found, ignoring 'lr0=0.01' and 'momentum=0.937' and determining best 'optimizer', 'lr0' and 'momentum' automatically... 
[34m[1moptimizer:[0m AdamW(lr=0.000526, momentum=0.9) with parameter groups 117 weight(decay=0.0), 202 weight(decay=0.0005), 139 bias(decay=0.0)
Memory replay enabled from /home/ddwilde/scriptie/datasets/memory/stage1/images with batch size 4 (50.0% of primary batch).
Skipping fusion for LoRA-wrapped layer Conv
Skipping fusion for LoRA-wrapped layer Conv
Skipping fusion for LoRA-wrapped layer Conv
Skipping fusion for LoRA-wrapped layer Conv
Skipping fusion for LoRA-wrapped layer Conv
Skipping fusion for LoRA-wrapped layer Conv
Skipping fusion for LoRA-wrapped layer Conv
Skipping fusion for LoRA-wrapped layer Conv
Skipping fusion for LoRA-wrapped layer Conv
Skipping fusion for LoRA-wrapped layer Conv
Skipping fusion for LoRA-wrapped layer Conv
Skipping fusion for LoRA-wrapped layer Conv
Skipping fusion for LoRA-wrapped layer Conv
Skipping fusion for LoRA-wrapped layer Conv
Skipping fusion for LoRA-wrapped layer Conv
Skipping fusion for LoRA-wrapped layer Conv
Skipping fusion for LoRA-wrapped layer Conv
Skipping fusion for LoRA-wrapped layer Conv
Skipping fusion for LoRA-wrapped layer Conv
Skipping fusion for LoRA-wrapped layer Conv
Skipping fusion for LoRA-wrapped layer Conv
Skipping fusion for LoRA-wrapped layer Conv
Skipping fusion for LoRA-wrapped layer Conv
Skipping fusion for LoRA-wrapped layer Conv
Skipping fusion for LoRA-wrapped layer Conv
Skipping fusion for LoRA-wrapped layer Conv
Skipping fusion for LoRA-wrapped layer Conv
Skipping fusion for LoRA-wrapped layer Conv
[34m[1mTensorBoard: [0mmodel graph visualization added ✅
Image sizes 640 train, 640 val
Using 8 dataloader workers
Logging results to [1m/home/ddwilde/scriptie/runs/dota_saab/stage2-saab3[0m
Starting training for 50 epochs...

      Epoch    GPU_mem   box_loss   cls_loss   dfl_loss  Instances       Size
                   all        367       8985      0.178     0.0764     0.0588     0.0273
Replay buffer size after epoch 1: 1280 embeddings across 10 classes.
Saved 1280 replay embeddings to /home/ddwilde/scriptie/runs/dota_saab/stage2-saab3/replay/buffer.pt

      Epoch    GPU_mem   box_loss   cls_loss   dfl_loss  Instances       Size
                   all        367       8985      0.302     0.0925     0.0866     0.0449
Replay buffer size after epoch 2: 1280 embeddings across 10 classes.
Saved 1280 replay embeddings to /home/ddwilde/scriptie/runs/dota_saab/stage2-saab3/replay/buffer.pt

      Epoch    GPU_mem   box_loss   cls_loss   dfl_loss  Instances       Size
                   all        367       8985      0.297      0.113     0.0754     0.0426
Replay buffer size after epoch 3: 1280 embeddings across 10 classes.
Saved 1280 replay embeddings to /home/ddwilde/scriptie/runs/dota_saab/stage2-saab3/replay/buffer.pt

      Epoch    GPU_mem   box_loss   cls_loss   dfl_loss  Instances       Size
                   all        367       8985      0.525      0.114     0.0967     0.0551
Replay buffer size after epoch 4: 1280 embeddings across 10 classes.
Saved 1280 replay embeddings to /home/ddwilde/scriptie/runs/dota_saab/stage2-saab3/replay/buffer.pt

      Epoch    GPU_mem   box_loss   cls_loss   dfl_loss  Instances       Size
                   all        367       8985      0.532      0.109     0.0918     0.0538
Replay buffer size after epoch 5: 1280 embeddings across 10 classes.
Saved 1280 replay embeddings to /home/ddwilde/scriptie/runs/dota_saab/stage2-saab3/replay/buffer.pt

      Epoch    GPU_mem   box_loss   cls_loss   dfl_loss  Instances       Size
                   all        367       8985      0.527      0.119     0.0883     0.0491
Replay buffer size after epoch 6: 1280 embeddings across 10 classes.
Saved 1280 replay embeddings to /home/ddwilde/scriptie/runs/dota_saab/stage2-saab3/replay/buffer.pt

      Epoch    GPU_mem   box_loss   cls_loss   dfl_loss  Instances       Size
                   all        367       8985       0.51      0.113      0.095     0.0533
Replay buffer size after epoch 7: 1280 embeddings across 10 classes.
Saved 1280 replay embeddings to /home/ddwilde/scriptie/runs/dota_saab/stage2-saab3/replay/buffer.pt

      Epoch    GPU_mem   box_loss   cls_loss   dfl_loss  Instances       Size
                   all        367       8985      0.617      0.128      0.103     0.0602
Replay buffer size after epoch 8: 1280 embeddings across 10 classes.
Saved 1280 replay embeddings to /home/ddwilde/scriptie/runs/dota_saab/stage2-saab3/replay/buffer.pt

      Epoch    GPU_mem   box_loss   cls_loss   dfl_loss  Instances       Size
                   all        367       8985      0.649      0.159      0.113     0.0624
Replay buffer size after epoch 9: 1280 embeddings across 10 classes.
Saved 1280 replay embeddings to /home/ddwilde/scriptie/runs/dota_saab/stage2-saab3/replay/buffer.pt

      Epoch    GPU_mem   box_loss   cls_loss   dfl_loss  Instances       Size
                   all        367       8985      0.649      0.144     0.0976     0.0545
Replay buffer size after epoch 10: 1280 embeddings across 10 classes.
Saved 1280 replay embeddings to /home/ddwilde/scriptie/runs/dota_saab/stage2-saab3/replay/buffer.pt

      Epoch    GPU_mem   box_loss   cls_loss   dfl_loss  Instances       Size
                   all        367       8985      0.484      0.151      0.109     0.0617
Replay buffer size after epoch 11: 1280 embeddings across 10 classes.
Saved 1280 replay embeddings to /home/ddwilde/scriptie/runs/dota_saab/stage2-saab3/replay/buffer.pt

      Epoch    GPU_mem   box_loss   cls_loss   dfl_loss  Instances       Size
                   all        367       8985      0.369      0.156      0.113     0.0627
Replay buffer size after epoch 12: 1280 embeddings across 10 classes.
Saved 1280 replay embeddings to /home/ddwilde/scriptie/runs/dota_saab/stage2-saab3/replay/buffer.pt

      Epoch    GPU_mem   box_loss   cls_loss   dfl_loss  Instances       Size
                   all        367       8985      0.378      0.151      0.113     0.0658
Replay buffer size after epoch 13: 1280 embeddings across 10 classes.
Saved 1280 replay embeddings to /home/ddwilde/scriptie/runs/dota_saab/stage2-saab3/replay/buffer.pt

      Epoch    GPU_mem   box_loss   cls_loss   dfl_loss  Instances       Size
                   all        367       8985      0.284      0.159      0.122     0.0724
Replay buffer size after epoch 14: 1280 embeddings across 10 classes.
Saved 1280 replay embeddings to /home/ddwilde/scriptie/runs/dota_saab/stage2-saab3/replay/buffer.pt

      Epoch    GPU_mem   box_loss   cls_loss   dfl_loss  Instances       Size
                   all        367       8985      0.298       0.15      0.121     0.0708
Replay buffer size after epoch 15: 1280 embeddings across 10 classes.
Saved 1280 replay embeddings to /home/ddwilde/scriptie/runs/dota_saab/stage2-saab3/replay/buffer.pt

      Epoch    GPU_mem   box_loss   cls_loss   dfl_loss  Instances       Size
                   all        367       8985      0.369       0.16      0.112      0.067
Replay buffer size after epoch 16: 1280 embeddings across 10 classes.
Saved 1280 replay embeddings to /home/ddwilde/scriptie/runs/dota_saab/stage2-saab3/replay/buffer.pt

      Epoch    GPU_mem   box_loss   cls_loss   dfl_loss  Instances       Size
                   all        367       8985      0.233      0.174      0.135     0.0755
Replay buffer size after epoch 17: 1280 embeddings across 10 classes.
Saved 1280 replay embeddings to /home/ddwilde/scriptie/runs/dota_saab/stage2-saab3/replay/buffer.pt

      Epoch    GPU_mem   box_loss   cls_loss   dfl_loss  Instances       Size
                   all        367       8985      0.394       0.18       0.14     0.0803
Replay buffer size after epoch 18: 1280 embeddings across 10 classes.
Saved 1280 replay embeddings to /home/ddwilde/scriptie/runs/dota_saab/stage2-saab3/replay/buffer.pt

      Epoch    GPU_mem   box_loss   cls_loss   dfl_loss  Instances       Size
                   all        367       8985      0.184       0.14      0.108     0.0642
Replay buffer size after epoch 19: 1280 embeddings across 10 classes.
Saved 1280 replay embeddings to /home/ddwilde/scriptie/runs/dota_saab/stage2-saab3/replay/buffer.pt

      Epoch    GPU_mem   box_loss   cls_loss   dfl_loss  Instances       Size
                   all        367       8985      0.266      0.168      0.124     0.0735
Replay buffer size after epoch 20: 1280 embeddings across 10 classes.
Saved 1280 replay embeddings to /home/ddwilde/scriptie/runs/dota_saab/stage2-saab3/replay/buffer.pt

      Epoch    GPU_mem   box_loss   cls_loss   dfl_loss  Instances       Size
                   all        367       8985      0.221      0.219      0.147     0.0823
Replay buffer size after epoch 21: 1280 embeddings across 10 classes.
Saved 1280 replay embeddings to /home/ddwilde/scriptie/runs/dota_saab/stage2-saab3/replay/buffer.pt

      Epoch    GPU_mem   box_loss   cls_loss   dfl_loss  Instances       Size
                   all        367       8985      0.206      0.158      0.115     0.0648
Replay buffer size after epoch 22: 1280 embeddings across 10 classes.
Saved 1280 replay embeddings to /home/ddwilde/scriptie/runs/dota_saab/stage2-saab3/replay/buffer.pt

      Epoch    GPU_mem   box_loss   cls_loss   dfl_loss  Instances       Size
                   all        367       8985      0.285      0.198      0.143     0.0795
Replay buffer size after epoch 23: 1280 embeddings across 10 classes.
Saved 1280 replay embeddings to /home/ddwilde/scriptie/runs/dota_saab/stage2-saab3/replay/buffer.pt

      Epoch    GPU_mem   box_loss   cls_loss   dfl_loss  Instances       Size
                   all        367       8985      0.224       0.21       0.12     0.0693
Replay buffer size after epoch 24: 1280 embeddings across 10 classes.
Saved 1280 replay embeddings to /home/ddwilde/scriptie/runs/dota_saab/stage2-saab3/replay/buffer.pt

      Epoch    GPU_mem   box_loss   cls_loss   dfl_loss  Instances       Size
                   all        367       8985      0.244      0.231      0.154     0.0912
Replay buffer size after epoch 25: 1280 embeddings across 10 classes.
Saved 1280 replay embeddings to /home/ddwilde/scriptie/runs/dota_saab/stage2-saab3/replay/buffer.pt

      Epoch    GPU_mem   box_loss   cls_loss   dfl_loss  Instances       Size
                   all        367       8985      0.301      0.187      0.141     0.0824
Replay buffer size after epoch 26: 1280 embeddings across 10 classes.
Saved 1280 replay embeddings to /home/ddwilde/scriptie/runs/dota_saab/stage2-saab3/replay/buffer.pt

      Epoch    GPU_mem   box_loss   cls_loss   dfl_loss  Instances       Size
                   all        367       8985      0.255      0.181      0.131     0.0816
Replay buffer size after epoch 27: 1280 embeddings across 10 classes.
Saved 1280 replay embeddings to /home/ddwilde/scriptie/runs/dota_saab/stage2-saab3/replay/buffer.pt

      Epoch    GPU_mem   box_loss   cls_loss   dfl_loss  Instances       Size
                   all        367       8985      0.293       0.21      0.134     0.0813
Replay buffer size after epoch 28: 1280 embeddings across 10 classes.
Saved 1280 replay embeddings to /home/ddwilde/scriptie/runs/dota_saab/stage2-saab3/replay/buffer.pt

      Epoch    GPU_mem   box_loss   cls_loss   dfl_loss  Instances       Size
                   all        367       8985        0.3      0.191      0.117     0.0725
Replay buffer size after epoch 29: 1280 embeddings across 10 classes.
Saved 1280 replay embeddings to /home/ddwilde/scriptie/runs/dota_saab/stage2-saab3/replay/buffer.pt

      Epoch    GPU_mem   box_loss   cls_loss   dfl_loss  Instances       Size
                   all        367       8985      0.305      0.196      0.136     0.0845
Replay buffer size after epoch 30: 1280 embeddings across 10 classes.
Saved 1280 replay embeddings to /home/ddwilde/scriptie/runs/dota_saab/stage2-saab3/replay/buffer.pt

      Epoch    GPU_mem   box_loss   cls_loss   dfl_loss  Instances       Size
                   all        367       8985      0.249      0.221      0.138     0.0842
Replay buffer size after epoch 31: 1280 embeddings across 10 classes.
Saved 1280 replay embeddings to /home/ddwilde/scriptie/runs/dota_saab/stage2-saab3/replay/buffer.pt

      Epoch    GPU_mem   box_loss   cls_loss   dfl_loss  Instances       Size
                   all        367       8985       0.37       0.21      0.132     0.0819
Replay buffer size after epoch 32: 1280 embeddings across 10 classes.
Saved 1280 replay embeddings to /home/ddwilde/scriptie/runs/dota_saab/stage2-saab3/replay/buffer.pt

      Epoch    GPU_mem   box_loss   cls_loss   dfl_loss  Instances       Size
                   all        367       8985      0.417      0.184      0.133     0.0816
Replay buffer size after epoch 33: 1280 embeddings across 10 classes.
Saved 1280 replay embeddings to /home/ddwilde/scriptie/runs/dota_saab/stage2-saab3/replay/buffer.pt

      Epoch    GPU_mem   box_loss   cls_loss   dfl_loss  Instances       Size
                   all        367       8985      0.358      0.177      0.135     0.0826
Replay buffer size after epoch 34: 1280 embeddings across 10 classes.
Saved 1280 replay embeddings to /home/ddwilde/scriptie/runs/dota_saab/stage2-saab3/replay/buffer.pt

      Epoch    GPU_mem   box_loss   cls_loss   dfl_loss  Instances       Size
                   all        367       8985      0.375      0.204      0.134     0.0828
Replay buffer size after epoch 35: 1280 embeddings across 10 classes.
Saved 1280 replay embeddings to /home/ddwilde/scriptie/runs/dota_saab/stage2-saab3/replay/buffer.pt

      Epoch    GPU_mem   box_loss   cls_loss   dfl_loss  Instances       Size
                   all        367       8985      0.396      0.208      0.144     0.0905
Replay buffer size after epoch 36: 1280 embeddings across 10 classes.
Saved 1280 replay embeddings to /home/ddwilde/scriptie/runs/dota_saab/stage2-saab3/replay/buffer.pt

      Epoch    GPU_mem   box_loss   cls_loss   dfl_loss  Instances       Size
                   all        367       8985      0.358      0.247      0.135     0.0854
Replay buffer size after epoch 37: 1280 embeddings across 10 classes.
Saved 1280 replay embeddings to /home/ddwilde/scriptie/runs/dota_saab/stage2-saab3/replay/buffer.pt

      Epoch    GPU_mem   box_loss   cls_loss   dfl_loss  Instances       Size
                   all        367       8985      0.356      0.205      0.142     0.0889
Replay buffer size after epoch 38: 1280 embeddings across 10 classes.
Saved 1280 replay embeddings to /home/ddwilde/scriptie/runs/dota_saab/stage2-saab3/replay/buffer.pt

      Epoch    GPU_mem   box_loss   cls_loss   dfl_loss  Instances       Size
                   all        367       8985      0.359      0.207      0.119     0.0726
Replay buffer size after epoch 39: 1280 embeddings across 10 classes.
Saved 1280 replay embeddings to /home/ddwilde/scriptie/runs/dota_saab/stage2-saab3/replay/buffer.pt

      Epoch    GPU_mem   box_loss   cls_loss   dfl_loss  Instances       Size
                   all        367       8985      0.386      0.202      0.131     0.0824
Replay buffer size after epoch 40: 1280 embeddings across 10 classes.
Saved 1280 replay embeddings to /home/ddwilde/scriptie/runs/dota_saab/stage2-saab3/replay/buffer.pt
Closing dataloader mosaic

      Epoch    GPU_mem   box_loss   cls_loss   dfl_loss  Instances       Size
                   all        367       8985      0.282      0.237      0.134     0.0806
Replay buffer size after epoch 41: 1280 embeddings across 10 classes.
Saved 1280 replay embeddings to /home/ddwilde/scriptie/runs/dota_saab/stage2-saab3/replay/buffer.pt

      Epoch    GPU_mem   box_loss   cls_loss   dfl_loss  Instances       Size
                   all        367       8985      0.281      0.238      0.129       0.08
Replay buffer size after epoch 42: 1280 embeddings across 10 classes.
Saved 1280 replay embeddings to /home/ddwilde/scriptie/runs/dota_saab/stage2-saab3/replay/buffer.pt

      Epoch    GPU_mem   box_loss   cls_loss   dfl_loss  Instances       Size
                   all        367       8985      0.397      0.207      0.138     0.0839
Replay buffer size after epoch 43: 1280 embeddings across 10 classes.
Saved 1280 replay embeddings to /home/ddwilde/scriptie/runs/dota_saab/stage2-saab3/replay/buffer.pt

      Epoch    GPU_mem   box_loss   cls_loss   dfl_loss  Instances       Size
                   all        367       8985      0.304      0.219      0.144     0.0924
Replay buffer size after epoch 44: 1280 embeddings across 10 classes.
Saved 1280 replay embeddings to /home/ddwilde/scriptie/runs/dota_saab/stage2-saab3/replay/buffer.pt

      Epoch    GPU_mem   box_loss   cls_loss   dfl_loss  Instances       Size
                   all        367       8985       0.35      0.191      0.127     0.0829
Replay buffer size after epoch 45: 1280 embeddings across 10 classes.
Saved 1280 replay embeddings to /home/ddwilde/scriptie/runs/dota_saab/stage2-saab3/replay/buffer.pt

      Epoch    GPU_mem   box_loss   cls_loss   dfl_loss  Instances       Size
                   all        367       8985      0.265      0.202      0.131     0.0834
Replay buffer size after epoch 46: 1280 embeddings across 10 classes.
Saved 1280 replay embeddings to /home/ddwilde/scriptie/runs/dota_saab/stage2-saab3/replay/buffer.pt

      Epoch    GPU_mem   box_loss   cls_loss   dfl_loss  Instances       Size
                   all        367       8985      0.253      0.217      0.126     0.0806
Replay buffer size after epoch 47: 1280 embeddings across 10 classes.
Saved 1280 replay embeddings to /home/ddwilde/scriptie/runs/dota_saab/stage2-saab3/replay/buffer.pt

      Epoch    GPU_mem   box_loss   cls_loss   dfl_loss  Instances       Size
                   all        367       8985      0.385       0.22      0.138     0.0875
Replay buffer size after epoch 48: 1280 embeddings across 10 classes.
Saved 1280 replay embeddings to /home/ddwilde/scriptie/runs/dota_saab/stage2-saab3/replay/buffer.pt

      Epoch    GPU_mem   box_loss   cls_loss   dfl_loss  Instances       Size
                   all        367       8985      0.305      0.228      0.134     0.0852
Replay buffer size after epoch 49: 1280 embeddings across 10 classes.
Saved 1280 replay embeddings to /home/ddwilde/scriptie/runs/dota_saab/stage2-saab3/replay/buffer.pt

      Epoch    GPU_mem   box_loss   cls_loss   dfl_loss  Instances       Size
                   all        367       8985      0.268      0.212      0.131     0.0838
Replay buffer size after epoch 50: 1280 embeddings across 10 classes.
Saved 1280 replay embeddings to /home/ddwilde/scriptie/runs/dota_saab/stage2-saab3/replay/buffer.pt

50 epochs completed in 1.123 hours.
Optimizer stripped from /home/ddwilde/scriptie/runs/dota_saab/stage2-saab3/weights/last.pt, 19.5MB
Optimizer stripped from /home/ddwilde/scriptie/runs/dota_saab/stage2-saab3/weights/best.pt, 19.5MB

Validating /home/ddwilde/scriptie/runs/dota_saab/stage2-saab3/weights/best.pt...
EDNet 1.0 ✅ Python-3.10.4 ✅ torch-2.8.0+cu128 ✅CUDA:0 (NVIDIA A100-SXM4-40GB, 40441MiB)
Skipping layer fusion for LoRA-enabled model during weight loading.
                   all        367       8985      0.304      0.219      0.144     0.0924
      baseball-diamond         13         37      0.225      0.216     0.0898     0.0577
          tennis-court         31        293      0.353      0.754      0.392      0.329
      basketball-court          7         16      0.286      0.562      0.221      0.156
    ground-track-field         18         56     0.0656     0.0536     0.0249     0.0132
         large-vehicle         83       3527      0.897     0.0467      0.252      0.169
         small-vehicle         99       4549      0.288    0.00703      0.056      0.033
            helicopter          7         42       0.43     0.0476     0.0813     0.0339
            roundabout         49        142          0          0    0.00687    0.00202
     soccer-ball-field         22         75       0.14       0.08      0.044     0.0276
         swimming-pool         14        248      0.358      0.422      0.274      0.102
Speed: 0.1ms preprocess, 3.1ms inference, 0.0ms loss, 0.1ms postprocess per image
Results saved to [1m/home/ddwilde/scriptie/runs/dota_saab/stage2-saab3[0m
Training finished. Results saved in: /home/ddwilde/scriptie/runs/dota_saab/stage2-saab3
EDNet 1.0 ✅ Python-3.10.4 ✅ torch-2.8.0+cu128 ✅CUDA:0 (NVIDIA A100-SXM4-40GB, 40441MiB)
[34m[1mengine/trainer: [0mtask=detect, mode=train, model=/home/ddwilde/scriptie/runs/dota_saab/stage2-saab/weights/best.pt, data=/home/ddwilde/scriptie/yaml/DOTA-stage3.yaml, epochs=50, time=None, patience=100, batch=8, imgsz=640, save=True, save_period=-1, cache=False, device=None, workers=8, project=/home/ddwilde/scriptie/runs/dota_saab, name=stage3-saab3, exist_ok=False, pretrained=True, optimizer=auto, verbose=True, seed=0, deterministic=True, single_cls=False, rect=False, cos_lr=False, close_mosaic=10, resume=False, amp=True, fraction=1.0, profile=False, freeze=None, multi_scale=False, lora={'enable': True, 'freeze_backbone': True}, continual={'enable': False, 'batches': [], 'adapter_strategy': 'last', 'save_history': True}, replay={'enable': True, 'buffer_per_class': 128, 'sample_per_batch': 32, 'loss_weight': 1.0, 'init_buffer': '/home/ddwilde/scriptie/runs/dota_saab/stage2-saab3/replay/buffer.pt', 'memory_dir': '/home/ddwilde/scriptie/datasets/memory/stage3', 'memory_ratio': 0.5, 'tiny_max_pixels': 320}, overlap_mask=True, mask_ratio=4, dropout=0.0, val=True, split=val, save_json=False, save_hybrid=False, conf=None, iou=0.7, max_det=300, half=False, dnn=False, plots=True, source=None, vid_stride=1, stream_buffer=False, visualize=False, augment=False, agnostic_nms=False, classes=None, retina_masks=False, embed=None, show=False, save_frames=False, save_txt=False, save_conf=False, save_crop=False, show_labels=True, show_conf=True, show_boxes=True, line_width=None, format=torchscript, keras=False, optimize=False, int8=False, dynamic=False, simplify=False, opset=None, workspace=4, nms=False, lr0=0.01, lrf=0.01, momentum=0.937, weight_decay=0.0005, warmup_epochs=3.0, warmup_momentum=0.8, warmup_bias_lr=0.1, box=7.5, cls=0.5, dfl=1.5, pose=12.0, kobj=1.0, label_smoothing=0.0, nbs=64, hsv_h=0.015, hsv_s=0.7, hsv_v=0.4, degrees=0.0, translate=0.1, scale=0.5, shear=0.0, perspective=0.0, flipud=0.0, fliplr=0.5, bgr=0.0, mosaic=1.0, mixup=0.0, copy_paste=0.0, auto_augment=randaugment, erasing=0.4, crop_fraction=1.0, cfg=None, tracker=botsort.yaml, save_dir=/home/ddwilde/scriptie/runs/dota_saab/stage3-saab3

                   from  n    params  module                                       arguments                     
  0                  -1  1       928  ednet.nn.modules.conv.Conv                   [3, 32, 3, 2]                 
  1                  -1  1     18560  ednet.nn.modules.conv.Conv                   [32, 64, 3, 2]                
  2                  -1  1     29056  ednet.nn.modules.block.C2f                   [64, 64, 1, True]             
  3                  -1  1     73984  ednet.nn.modules.conv.Conv                   [64, 128, 3, 2]               
  4                  -1  2    197632  ednet.nn.modules.block.C2f                   [128, 128, 2, True]           
  5                  -1  1    295424  ednet.nn.modules.conv.Conv                   [128, 256, 3, 2]              
  6                  -1  2    420864  ednet.nn.modules.block.C2f_FCA               [256, 256, 2, True]           
  7                  -1  1   1180672  ednet.nn.modules.conv.Conv                   [256, 512, 3, 2]              
  8                  -1  1   1095680  ednet.nn.modules.block.C2f_FCA               [512, 512, 1, True]           
  9                  -1  1    656896  ednet.nn.modules.block.SPPF                  [512, 512, 5]                 
 10                  -1  1    990976  ednet.nn.modules.block.PSA                   [512, 512]                    
 11                  -1  1         0  torch.nn.modules.upsampling.Upsample         [None, 2, 'nearest']          
 12             [-1, 6]  1         0  ednet.nn.modules.conv.Concat                 [1]                           
 13                  -1  1    591360  ednet.nn.modules.block.C2f                   [768, 256, 1]                 
 14                  -1  1         0  torch.nn.modules.upsampling.Upsample         [None, 2, 'nearest']          
 15             [-1, 4]  1         0  ednet.nn.modules.conv.Concat                 [1]                           
 16                  -1  1    148224  ednet.nn.modules.block.C2f                   [384, 128, 1]                 
 17                  -1  1         0  torch.nn.modules.upsampling.Upsample         [None, 2, 'nearest']          
 18             [-1, 2]  1         0  ednet.nn.modules.conv.Concat                 [1]                           
 19                  -1  1     37248  ednet.nn.modules.block.C2f                   [192, 64, 1]                  
 20                  -1  1     36992  ednet.nn.modules.conv.Conv                   [64, 64, 3, 2]                
 21            [-1, 16]  1         0  ednet.nn.modules.conv.Concat                 [1]                           
 22                  -1  1    123648  ednet.nn.modules.block.C2f                   [192, 128, 1]                 
 23                  -1  1    147712  ednet.nn.modules.conv.Conv                   [128, 128, 3, 2]              
 24            [-1, 13]  1         0  ednet.nn.modules.conv.Concat                 [1]                           
 25                  -1  1    493056  ednet.nn.modules.block.C2f                   [384, 256, 1]                 
 26                  -1  1     68864  ednet.nn.modules.block.SCDown                [256, 256, 3, 2]              
 27             [-1, 9]  1         0  ednet.nn.modules.conv.Concat                 [1]                           
 28                  -1  1   1089536  ednet.nn.modules.block.C2fCIB                [768, 512, 1, True, True]     
 29    [19, 22, 25, 28]  1   1628424  ednet.nn.modules.head.v10Detect              [15, [64, 128, 256, 512]]     
ednet-s summary: 510 layers, 9,325,736 parameters, 9,325,720 gradients

Transferred 725/753 items from pretrained weights
LoRA enabled: 28 adapters (rank=8, alpha=16.0, freeze_backbone=True)
Replay feature tapper initialized for layers: ['P3', 'P4']
[34m[1mTensorBoard: [0mStart with 'tensorboard --logdir /home/ddwilde/scriptie/runs/dota_saab/stage3-saab3', view at http://localhost:6006/
WARNING ⚠️ setting 'requires_grad=True' for frozen layer 'model.0.conv.weight'. See ednet.engine.trainer for customization of frozen layers.
WARNING ⚠️ setting 'requires_grad=True' for frozen layer 'model.0.bn.weight'. See ednet.engine.trainer for customization of frozen layers.
WARNING ⚠️ setting 'requires_grad=True' for frozen layer 'model.0.bn.bias'. See ednet.engine.trainer for customization of frozen layers.
WARNING ⚠️ setting 'requires_grad=True' for frozen layer 'model.1.conv.weight'. See ednet.engine.trainer for customization of frozen layers.
WARNING ⚠️ setting 'requires_grad=True' for frozen layer 'model.1.bn.weight'. See ednet.engine.trainer for customization of frozen layers.
WARNING ⚠️ setting 'requires_grad=True' for frozen layer 'model.1.bn.bias'. See ednet.engine.trainer for customization of frozen layers.
WARNING ⚠️ setting 'requires_grad=True' for frozen layer 'model.2.cv1.conv.weight'. See ednet.engine.trainer for customization of frozen layers.
WARNING ⚠️ setting 'requires_grad=True' for frozen layer 'model.2.cv1.bn.weight'. See ednet.engine.trainer for customization of frozen layers.
WARNING ⚠️ setting 'requires_grad=True' for frozen layer 'model.2.cv1.bn.bias'. See ednet.engine.trainer for customization of frozen layers.
WARNING ⚠️ setting 'requires_grad=True' for frozen layer 'model.2.cv2.conv.weight'. See ednet.engine.trainer for customization of frozen layers.
WARNING ⚠️ setting 'requires_grad=True' for frozen layer 'model.2.cv2.bn.weight'. See ednet.engine.trainer for customization of frozen layers.
WARNING ⚠️ setting 'requires_grad=True' for frozen layer 'model.2.cv2.bn.bias'. See ednet.engine.trainer for customization of frozen layers.
WARNING ⚠️ setting 'requires_grad=True' for frozen layer 'model.2.m.0.cv1.conv.weight'. See ednet.engine.trainer for customization of frozen layers.
WARNING ⚠️ setting 'requires_grad=True' for frozen layer 'model.2.m.0.cv1.bn.weight'. See ednet.engine.trainer for customization of frozen layers.
WARNING ⚠️ setting 'requires_grad=True' for frozen layer 'model.2.m.0.cv1.bn.bias'. See ednet.engine.trainer for customization of frozen layers.
WARNING ⚠️ setting 'requires_grad=True' for frozen layer 'model.2.m.0.cv2.conv.weight'. See ednet.engine.trainer for customization of frozen layers.
WARNING ⚠️ setting 'requires_grad=True' for frozen layer 'model.2.m.0.cv2.bn.weight'. See ednet.engine.trainer for customization of frozen layers.
WARNING ⚠️ setting 'requires_grad=True' for frozen layer 'model.2.m.0.cv2.bn.bias'. See ednet.engine.trainer for customization of frozen layers.
WARNING ⚠️ setting 'requires_grad=True' for frozen layer 'model.3.conv.weight'. See ednet.engine.trainer for customization of frozen layers.
WARNING ⚠️ setting 'requires_grad=True' for frozen layer 'model.3.bn.weight'. See ednet.engine.trainer for customization of frozen layers.
WARNING ⚠️ setting 'requires_grad=True' for frozen layer 'model.3.bn.bias'. See ednet.engine.trainer for customization of frozen layers.
WARNING ⚠️ setting 'requires_grad=True' for frozen layer 'model.4.cv1.conv.weight'. See ednet.engine.trainer for customization of frozen layers.
WARNING ⚠️ setting 'requires_grad=True' for frozen layer 'model.4.cv1.bn.weight'. See ednet.engine.trainer for customization of frozen layers.
WARNING ⚠️ setting 'requires_grad=True' for frozen layer 'model.4.cv1.bn.bias'. See ednet.engine.trainer for customization of frozen layers.
WARNING ⚠️ setting 'requires_grad=True' for frozen layer 'model.4.cv2.conv.weight'. See ednet.engine.trainer for customization of frozen layers.
WARNING ⚠️ setting 'requires_grad=True' for frozen layer 'model.4.cv2.bn.weight'. See ednet.engine.trainer for customization of frozen layers.
WARNING ⚠️ setting 'requires_grad=True' for frozen layer 'model.4.cv2.bn.bias'. See ednet.engine.trainer for customization of frozen layers.
WARNING ⚠️ setting 'requires_grad=True' for frozen layer 'model.4.m.0.cv1.conv.weight'. See ednet.engine.trainer for customization of frozen layers.
WARNING ⚠️ setting 'requires_grad=True' for frozen layer 'model.4.m.0.cv1.bn.weight'. See ednet.engine.trainer for customization of frozen layers.
WARNING ⚠️ setting 'requires_grad=True' for frozen layer 'model.4.m.0.cv1.bn.bias'. See ednet.engine.trainer for customization of frozen layers.
WARNING ⚠️ setting 'requires_grad=True' for frozen layer 'model.4.m.0.cv2.conv.weight'. See ednet.engine.trainer for customization of frozen layers.
WARNING ⚠️ setting 'requires_grad=True' for frozen layer 'model.4.m.0.cv2.bn.weight'. See ednet.engine.trainer for customization of frozen layers.
WARNING ⚠️ setting 'requires_grad=True' for frozen layer 'model.4.m.0.cv2.bn.bias'. See ednet.engine.trainer for customization of frozen layers.
WARNING ⚠️ setting 'requires_grad=True' for frozen layer 'model.4.m.1.cv1.conv.weight'. See ednet.engine.trainer for customization of frozen layers.
WARNING ⚠️ setting 'requires_grad=True' for frozen layer 'model.4.m.1.cv1.bn.weight'. See ednet.engine.trainer for customization of frozen layers.
WARNING ⚠️ setting 'requires_grad=True' for frozen layer 'model.4.m.1.cv1.bn.bias'. See ednet.engine.trainer for customization of frozen layers.
WARNING ⚠️ setting 'requires_grad=True' for frozen layer 'model.4.m.1.cv2.conv.weight'. See ednet.engine.trainer for customization of frozen layers.
WARNING ⚠️ setting 'requires_grad=True' for frozen layer 'model.4.m.1.cv2.bn.weight'. See ednet.engine.trainer for customization of frozen layers.
WARNING ⚠️ setting 'requires_grad=True' for frozen layer 'model.4.m.1.cv2.bn.bias'. See ednet.engine.trainer for customization of frozen layers.
WARNING ⚠️ setting 'requires_grad=True' for frozen layer 'model.5.conv.weight'. See ednet.engine.trainer for customization of frozen layers.
WARNING ⚠️ setting 'requires_grad=True' for frozen layer 'model.5.bn.weight'. See ednet.engine.trainer for customization of frozen layers.
WARNING ⚠️ setting 'requires_grad=True' for frozen layer 'model.5.bn.bias'. See ednet.engine.trainer for customization of frozen layers.
WARNING ⚠️ setting 'requires_grad=True' for frozen layer 'model.6.cv1.conv.weight'. See ednet.engine.trainer for customization of frozen layers.
WARNING ⚠️ setting 'requires_grad=True' for frozen layer 'model.6.cv1.bn.weight'. See ednet.engine.trainer for customization of frozen layers.
WARNING ⚠️ setting 'requires_grad=True' for frozen layer 'model.6.cv1.bn.bias'. See ednet.engine.trainer for customization of frozen layers.
WARNING ⚠️ setting 'requires_grad=True' for frozen layer 'model.6.cv2.conv.weight'. See ednet.engine.trainer for customization of frozen layers.
WARNING ⚠️ setting 'requires_grad=True' for frozen layer 'model.6.cv2.bn.weight'. See ednet.engine.trainer for customization of frozen layers.
WARNING ⚠️ setting 'requires_grad=True' for frozen layer 'model.6.cv2.bn.bias'. See ednet.engine.trainer for customization of frozen layers.
WARNING ⚠️ setting 'requires_grad=True' for frozen layer 'model.6.m.0.mlp.0.conv.weight'. See ednet.engine.trainer for customization of frozen layers.
WARNING ⚠️ setting 'requires_grad=True' for frozen layer 'model.6.m.0.mlp.0.bn.weight'. See ednet.engine.trainer for customization of frozen layers.
WARNING ⚠️ setting 'requires_grad=True' for frozen layer 'model.6.m.0.mlp.0.bn.bias'. See ednet.engine.trainer for customization of frozen layers.
WARNING ⚠️ setting 'requires_grad=True' for frozen layer 'model.6.m.0.mlp.1.weight'. See ednet.engine.trainer for customization of frozen layers.
WARNING ⚠️ setting 'requires_grad=True' for frozen layer 'model.6.m.0.spatial_mixing.PConv3.weight'. See ednet.engine.trainer for customization of frozen layers.
WARNING ⚠️ setting 'requires_grad=True' for frozen layer 'model.6.m.0.attention.conv1.conv.weight'. See ednet.engine.trainer for customization of frozen layers.
WARNING ⚠️ setting 'requires_grad=True' for frozen layer 'model.6.m.0.attention.conv1.bn.weight'. See ednet.engine.trainer for customization of frozen layers.
WARNING ⚠️ setting 'requires_grad=True' for frozen layer 'model.6.m.0.attention.conv1.bn.bias'. See ednet.engine.trainer for customization of frozen layers.
WARNING ⚠️ setting 'requires_grad=True' for frozen layer 'model.6.m.0.attention.h_conv.conv.weight'. See ednet.engine.trainer for customization of frozen layers.
WARNING ⚠️ setting 'requires_grad=True' for frozen layer 'model.6.m.0.attention.h_conv.conv.bias'. See ednet.engine.trainer for customization of frozen layers.
WARNING ⚠️ setting 'requires_grad=True' for frozen layer 'model.6.m.0.attention.v_conv.conv.weight'. See ednet.engine.trainer for customization of frozen layers.
WARNING ⚠️ setting 'requires_grad=True' for frozen layer 'model.6.m.0.attention.v_conv.conv.bias'. See ednet.engine.trainer for customization of frozen layers.
WARNING ⚠️ setting 'requires_grad=True' for frozen layer 'model.6.m.0.attention.conv2.conv.weight'. See ednet.engine.trainer for customization of frozen layers.
WARNING ⚠️ setting 'requires_grad=True' for frozen layer 'model.6.m.0.attention.conv2.bn.weight'. See ednet.engine.trainer for customization of frozen layers.
WARNING ⚠️ setting 'requires_grad=True' for frozen layer 'model.6.m.0.attention.conv2.bn.bias'. See ednet.engine.trainer for customization of frozen layers.
WARNING ⚠️ setting 'requires_grad=True' for frozen layer 'model.6.m.1.mlp.0.conv.weight'. See ednet.engine.trainer for customization of frozen layers.
WARNING ⚠️ setting 'requires_grad=True' for frozen layer 'model.6.m.1.mlp.0.bn.weight'. See ednet.engine.trainer for customization of frozen layers.
WARNING ⚠️ setting 'requires_grad=True' for frozen layer 'model.6.m.1.mlp.0.bn.bias'. See ednet.engine.trainer for customization of frozen layers.
WARNING ⚠️ setting 'requires_grad=True' for frozen layer 'model.6.m.1.mlp.1.weight'. See ednet.engine.trainer for customization of frozen layers.
WARNING ⚠️ setting 'requires_grad=True' for frozen layer 'model.6.m.1.spatial_mixing.PConv3.weight'. See ednet.engine.trainer for customization of frozen layers.
WARNING ⚠️ setting 'requires_grad=True' for frozen layer 'model.6.m.1.attention.conv1.conv.weight'. See ednet.engine.trainer for customization of frozen layers.
WARNING ⚠️ setting 'requires_grad=True' for frozen layer 'model.6.m.1.attention.conv1.bn.weight'. See ednet.engine.trainer for customization of frozen layers.
WARNING ⚠️ setting 'requires_grad=True' for frozen layer 'model.6.m.1.attention.conv1.bn.bias'. See ednet.engine.trainer for customization of frozen layers.
WARNING ⚠️ setting 'requires_grad=True' for frozen layer 'model.6.m.1.attention.h_conv.conv.weight'. See ednet.engine.trainer for customization of frozen layers.
WARNING ⚠️ setting 'requires_grad=True' for frozen layer 'model.6.m.1.attention.h_conv.conv.bias'. See ednet.engine.trainer for customization of frozen layers.
WARNING ⚠️ setting 'requires_grad=True' for frozen layer 'model.6.m.1.attention.v_conv.conv.weight'. See ednet.engine.trainer for customization of frozen layers.
WARNING ⚠️ setting 'requires_grad=True' for frozen layer 'model.6.m.1.attention.v_conv.conv.bias'. See ednet.engine.trainer for customization of frozen layers.
WARNING ⚠️ setting 'requires_grad=True' for frozen layer 'model.6.m.1.attention.conv2.conv.weight'. See ednet.engine.trainer for customization of frozen layers.
WARNING ⚠️ setting 'requires_grad=True' for frozen layer 'model.6.m.1.attention.conv2.bn.weight'. See ednet.engine.trainer for customization of frozen layers.
WARNING ⚠️ setting 'requires_grad=True' for frozen layer 'model.6.m.1.attention.conv2.bn.bias'. See ednet.engine.trainer for customization of frozen layers.
WARNING ⚠️ setting 'requires_grad=True' for frozen layer 'model.7.conv.weight'. See ednet.engine.trainer for customization of frozen layers.
WARNING ⚠️ setting 'requires_grad=True' for frozen layer 'model.7.bn.weight'. See ednet.engine.trainer for customization of frozen layers.
WARNING ⚠️ setting 'requires_grad=True' for frozen layer 'model.7.bn.bias'. See ednet.engine.trainer for customization of frozen layers.
WARNING ⚠️ setting 'requires_grad=True' for frozen layer 'model.8.cv1.conv.weight'. See ednet.engine.trainer for customization of frozen layers.
WARNING ⚠️ setting 'requires_grad=True' for frozen layer 'model.8.cv1.bn.weight'. See ednet.engine.trainer for customization of frozen layers.
WARNING ⚠️ setting 'requires_grad=True' for frozen layer 'model.8.cv1.bn.bias'. See ednet.engine.trainer for customization of frozen layers.
WARNING ⚠️ setting 'requires_grad=True' for frozen layer 'model.8.cv2.conv.weight'. See ednet.engine.trainer for customization of frozen layers.
WARNING ⚠️ setting 'requires_grad=True' for frozen layer 'model.8.cv2.bn.weight'. See ednet.engine.trainer for customization of frozen layers.
WARNING ⚠️ setting 'requires_grad=True' for frozen layer 'model.8.cv2.bn.bias'. See ednet.engine.trainer for customization of frozen layers.
WARNING ⚠️ setting 'requires_grad=True' for frozen layer 'model.8.m.0.mlp.0.conv.weight'. See ednet.engine.trainer for customization of frozen layers.
WARNING ⚠️ setting 'requires_grad=True' for frozen layer 'model.8.m.0.mlp.0.bn.weight'. See ednet.engine.trainer for customization of frozen layers.
WARNING ⚠️ setting 'requires_grad=True' for frozen layer 'model.8.m.0.mlp.0.bn.bias'. See ednet.engine.trainer for customization of frozen layers.
WARNING ⚠️ setting 'requires_grad=True' for frozen layer 'model.8.m.0.mlp.1.weight'. See ednet.engine.trainer for customization of frozen layers.
WARNING ⚠️ setting 'requires_grad=True' for frozen layer 'model.8.m.0.spatial_mixing.PConv3.weight'. See ednet.engine.trainer for customization of frozen layers.
WARNING ⚠️ setting 'requires_grad=True' for frozen layer 'model.8.m.0.attention.conv1.conv.weight'. See ednet.engine.trainer for customization of frozen layers.
WARNING ⚠️ setting 'requires_grad=True' for frozen layer 'model.8.m.0.attention.conv1.bn.weight'. See ednet.engine.trainer for customization of frozen layers.
WARNING ⚠️ setting 'requires_grad=True' for frozen layer 'model.8.m.0.attention.conv1.bn.bias'. See ednet.engine.trainer for customization of frozen layers.
WARNING ⚠️ setting 'requires_grad=True' for frozen layer 'model.8.m.0.attention.h_conv.conv.weight'. See ednet.engine.trainer for customization of frozen layers.
WARNING ⚠️ setting 'requires_grad=True' for frozen layer 'model.8.m.0.attention.h_conv.conv.bias'. See ednet.engine.trainer for customization of frozen layers.
WARNING ⚠️ setting 'requires_grad=True' for frozen layer 'model.8.m.0.attention.v_conv.conv.weight'. See ednet.engine.trainer for customization of frozen layers.
WARNING ⚠️ setting 'requires_grad=True' for frozen layer 'model.8.m.0.attention.v_conv.conv.bias'. See ednet.engine.trainer for customization of frozen layers.
WARNING ⚠️ setting 'requires_grad=True' for frozen layer 'model.8.m.0.attention.conv2.conv.weight'. See ednet.engine.trainer for customization of frozen layers.
WARNING ⚠️ setting 'requires_grad=True' for frozen layer 'model.8.m.0.attention.conv2.bn.weight'. See ednet.engine.trainer for customization of frozen layers.
WARNING ⚠️ setting 'requires_grad=True' for frozen layer 'model.8.m.0.attention.conv2.bn.bias'. See ednet.engine.trainer for customization of frozen layers.
WARNING ⚠️ setting 'requires_grad=True' for frozen layer 'model.9.cv1.conv.weight'. See ednet.engine.trainer for customization of frozen layers.
WARNING ⚠️ setting 'requires_grad=True' for frozen layer 'model.9.cv1.bn.weight'. See ednet.engine.trainer for customization of frozen layers.
WARNING ⚠️ setting 'requires_grad=True' for frozen layer 'model.9.cv1.bn.bias'. See ednet.engine.trainer for customization of frozen layers.
WARNING ⚠️ setting 'requires_grad=True' for frozen layer 'model.9.cv2.conv.weight'. See ednet.engine.trainer for customization of frozen layers.
WARNING ⚠️ setting 'requires_grad=True' for frozen layer 'model.9.cv2.bn.weight'. See ednet.engine.trainer for customization of frozen layers.
WARNING ⚠️ setting 'requires_grad=True' for frozen layer 'model.9.cv2.bn.bias'. See ednet.engine.trainer for customization of frozen layers.
WARNING ⚠️ setting 'requires_grad=True' for frozen layer 'model.10.cv1.conv.weight'. See ednet.engine.trainer for customization of frozen layers.
WARNING ⚠️ setting 'requires_grad=True' for frozen layer 'model.10.cv1.bn.weight'. See ednet.engine.trainer for customization of frozen layers.
WARNING ⚠️ setting 'requires_grad=True' for frozen layer 'model.10.cv1.bn.bias'. See ednet.engine.trainer for customization of frozen layers.
WARNING ⚠️ setting 'requires_grad=True' for frozen layer 'model.10.cv2.conv.weight'. See ednet.engine.trainer for customization of frozen layers.
WARNING ⚠️ setting 'requires_grad=True' for frozen layer 'model.10.cv2.bn.weight'. See ednet.engine.trainer for customization of frozen layers.
WARNING ⚠️ setting 'requires_grad=True' for frozen layer 'model.10.cv2.bn.bias'. See ednet.engine.trainer for customization of frozen layers.
WARNING ⚠️ setting 'requires_grad=True' for frozen layer 'model.10.attn.qkv.conv.weight'. See ednet.engine.trainer for customization of frozen layers.
WARNING ⚠️ setting 'requires_grad=True' for frozen layer 'model.10.attn.qkv.bn.weight'. See ednet.engine.trainer for customization of frozen layers.
WARNING ⚠️ setting 'requires_grad=True' for frozen layer 'model.10.attn.qkv.bn.bias'. See ednet.engine.trainer for customization of frozen layers.
WARNING ⚠️ setting 'requires_grad=True' for frozen layer 'model.10.attn.proj.conv.weight'. See ednet.engine.trainer for customization of frozen layers.
WARNING ⚠️ setting 'requires_grad=True' for frozen layer 'model.10.attn.proj.bn.weight'. See ednet.engine.trainer for customization of frozen layers.
WARNING ⚠️ setting 'requires_grad=True' for frozen layer 'model.10.attn.proj.bn.bias'. See ednet.engine.trainer for customization of frozen layers.
WARNING ⚠️ setting 'requires_grad=True' for frozen layer 'model.10.attn.pe.conv.weight'. See ednet.engine.trainer for customization of frozen layers.
WARNING ⚠️ setting 'requires_grad=True' for frozen layer 'model.10.attn.pe.bn.weight'. See ednet.engine.trainer for customization of frozen layers.
WARNING ⚠️ setting 'requires_grad=True' for frozen layer 'model.10.attn.pe.bn.bias'. See ednet.engine.trainer for customization of frozen layers.
WARNING ⚠️ setting 'requires_grad=True' for frozen layer 'model.10.ffn.0.conv.weight'. See ednet.engine.trainer for customization of frozen layers.
WARNING ⚠️ setting 'requires_grad=True' for frozen layer 'model.10.ffn.0.bn.weight'. See ednet.engine.trainer for customization of frozen layers.
WARNING ⚠️ setting 'requires_grad=True' for frozen layer 'model.10.ffn.0.bn.bias'. See ednet.engine.trainer for customization of frozen layers.
WARNING ⚠️ setting 'requires_grad=True' for frozen layer 'model.10.ffn.1.conv.weight'. See ednet.engine.trainer for customization of frozen layers.
WARNING ⚠️ setting 'requires_grad=True' for frozen layer 'model.10.ffn.1.bn.weight'. See ednet.engine.trainer for customization of frozen layers.
WARNING ⚠️ setting 'requires_grad=True' for frozen layer 'model.10.ffn.1.bn.bias'. See ednet.engine.trainer for customization of frozen layers.
WARNING ⚠️ setting 'requires_grad=True' for frozen layer 'model.13.cv1.conv.weight'. See ednet.engine.trainer for customization of frozen layers.
WARNING ⚠️ setting 'requires_grad=True' for frozen layer 'model.13.cv1.bn.weight'. See ednet.engine.trainer for customization of frozen layers.
WARNING ⚠️ setting 'requires_grad=True' for frozen layer 'model.13.cv1.bn.bias'. See ednet.engine.trainer for customization of frozen layers.
WARNING ⚠️ setting 'requires_grad=True' for frozen layer 'model.13.cv2.conv.weight'. See ednet.engine.trainer for customization of frozen layers.
WARNING ⚠️ setting 'requires_grad=True' for frozen layer 'model.13.cv2.bn.weight'. See ednet.engine.trainer for customization of frozen layers.
WARNING ⚠️ setting 'requires_grad=True' for frozen layer 'model.13.cv2.bn.bias'. See ednet.engine.trainer for customization of frozen layers.
WARNING ⚠️ setting 'requires_grad=True' for frozen layer 'model.13.m.0.cv1.conv.weight'. See ednet.engine.trainer for customization of frozen layers.
WARNING ⚠️ setting 'requires_grad=True' for frozen layer 'model.13.m.0.cv1.bn.weight'. See ednet.engine.trainer for customization of frozen layers.
WARNING ⚠️ setting 'requires_grad=True' for frozen layer 'model.13.m.0.cv1.bn.bias'. See ednet.engine.trainer for customization of frozen layers.
WARNING ⚠️ setting 'requires_grad=True' for frozen layer 'model.13.m.0.cv2.conv.weight'. See ednet.engine.trainer for customization of frozen layers.
WARNING ⚠️ setting 'requires_grad=True' for frozen layer 'model.13.m.0.cv2.bn.weight'. See ednet.engine.trainer for customization of frozen layers.
WARNING ⚠️ setting 'requires_grad=True' for frozen layer 'model.13.m.0.cv2.bn.bias'. See ednet.engine.trainer for customization of frozen layers.
WARNING ⚠️ setting 'requires_grad=True' for frozen layer 'model.16.cv1.conv.base.weight'. See ednet.engine.trainer for customization of frozen layers.
WARNING ⚠️ setting 'requires_grad=True' for frozen layer 'model.16.cv1.bn.weight'. See ednet.engine.trainer for customization of frozen layers.
WARNING ⚠️ setting 'requires_grad=True' for frozen layer 'model.16.cv1.bn.bias'. See ednet.engine.trainer for customization of frozen layers.
WARNING ⚠️ setting 'requires_grad=True' for frozen layer 'model.16.cv2.conv.base.weight'. See ednet.engine.trainer for customization of frozen layers.
WARNING ⚠️ setting 'requires_grad=True' for frozen layer 'model.16.cv2.bn.weight'. See ednet.engine.trainer for customization of frozen layers.
WARNING ⚠️ setting 'requires_grad=True' for frozen layer 'model.16.cv2.bn.bias'. See ednet.engine.trainer for customization of frozen layers.
WARNING ⚠️ setting 'requires_grad=True' for frozen layer 'model.16.m.0.cv1.conv.base.weight'. See ednet.engine.trainer for customization of frozen layers.
WARNING ⚠️ setting 'requires_grad=True' for frozen layer 'model.16.m.0.cv1.bn.weight'. See ednet.engine.trainer for customization of frozen layers.
WARNING ⚠️ setting 'requires_grad=True' for frozen layer 'model.16.m.0.cv1.bn.bias'. See ednet.engine.trainer for customization of frozen layers.
WARNING ⚠️ setting 'requires_grad=True' for frozen layer 'model.16.m.0.cv2.conv.base.weight'. See ednet.engine.trainer for customization of frozen layers.
WARNING ⚠️ setting 'requires_grad=True' for frozen layer 'model.16.m.0.cv2.bn.weight'. See ednet.engine.trainer for customization of frozen layers.
WARNING ⚠️ setting 'requires_grad=True' for frozen layer 'model.16.m.0.cv2.bn.bias'. See ednet.engine.trainer for customization of frozen layers.
WARNING ⚠️ setting 'requires_grad=True' for frozen layer 'model.19.cv1.conv.weight'. See ednet.engine.trainer for customization of frozen layers.
WARNING ⚠️ setting 'requires_grad=True' for frozen layer 'model.19.cv1.bn.weight'. See ednet.engine.trainer for customization of frozen layers.
WARNING ⚠️ setting 'requires_grad=True' for frozen layer 'model.19.cv1.bn.bias'. See ednet.engine.trainer for customization of frozen layers.
WARNING ⚠️ setting 'requires_grad=True' for frozen layer 'model.19.cv2.conv.weight'. See ednet.engine.trainer for customization of frozen layers.
WARNING ⚠️ setting 'requires_grad=True' for frozen layer 'model.19.cv2.bn.weight'. See ednet.engine.trainer for customization of frozen layers.
WARNING ⚠️ setting 'requires_grad=True' for frozen layer 'model.19.cv2.bn.bias'. See ednet.engine.trainer for customization of frozen layers.
WARNING ⚠️ setting 'requires_grad=True' for frozen layer 'model.19.m.0.cv1.conv.weight'. See ednet.engine.trainer for customization of frozen layers.
WARNING ⚠️ setting 'requires_grad=True' for frozen layer 'model.19.m.0.cv1.bn.weight'. See ednet.engine.trainer for customization of frozen layers.
WARNING ⚠️ setting 'requires_grad=True' for frozen layer 'model.19.m.0.cv1.bn.bias'. See ednet.engine.trainer for customization of frozen layers.
WARNING ⚠️ setting 'requires_grad=True' for frozen layer 'model.19.m.0.cv2.conv.weight'. See ednet.engine.trainer for customization of frozen layers.
WARNING ⚠️ setting 'requires_grad=True' for frozen layer 'model.19.m.0.cv2.bn.weight'. See ednet.engine.trainer for customization of frozen layers.
WARNING ⚠️ setting 'requires_grad=True' for frozen layer 'model.19.m.0.cv2.bn.bias'. See ednet.engine.trainer for customization of frozen layers.
WARNING ⚠️ setting 'requires_grad=True' for frozen layer 'model.20.conv.weight'. See ednet.engine.trainer for customization of frozen layers.
WARNING ⚠️ setting 'requires_grad=True' for frozen layer 'model.20.bn.weight'. See ednet.engine.trainer for customization of frozen layers.
WARNING ⚠️ setting 'requires_grad=True' for frozen layer 'model.20.bn.bias'. See ednet.engine.trainer for customization of frozen layers.
WARNING ⚠️ setting 'requires_grad=True' for frozen layer 'model.22.cv1.conv.base.weight'. See ednet.engine.trainer for customization of frozen layers.
WARNING ⚠️ setting 'requires_grad=True' for frozen layer 'model.22.cv1.bn.weight'. See ednet.engine.trainer for customization of frozen layers.
WARNING ⚠️ setting 'requires_grad=True' for frozen layer 'model.22.cv1.bn.bias'. See ednet.engine.trainer for customization of frozen layers.
WARNING ⚠️ setting 'requires_grad=True' for frozen layer 'model.22.cv2.conv.base.weight'. See ednet.engine.trainer for customization of frozen layers.
WARNING ⚠️ setting 'requires_grad=True' for frozen layer 'model.22.cv2.bn.weight'. See ednet.engine.trainer for customization of frozen layers.
WARNING ⚠️ setting 'requires_grad=True' for frozen layer 'model.22.cv2.bn.bias'. See ednet.engine.trainer for customization of frozen layers.
WARNING ⚠️ setting 'requires_grad=True' for frozen layer 'model.22.m.0.cv1.conv.base.weight'. See ednet.engine.trainer for customization of frozen layers.
WARNING ⚠️ setting 'requires_grad=True' for frozen layer 'model.22.m.0.cv1.bn.weight'. See ednet.engine.trainer for customization of frozen layers.
WARNING ⚠️ setting 'requires_grad=True' for frozen layer 'model.22.m.0.cv1.bn.bias'. See ednet.engine.trainer for customization of frozen layers.
WARNING ⚠️ setting 'requires_grad=True' for frozen layer 'model.22.m.0.cv2.conv.base.weight'. See ednet.engine.trainer for customization of frozen layers.
WARNING ⚠️ setting 'requires_grad=True' for frozen layer 'model.22.m.0.cv2.bn.weight'. See ednet.engine.trainer for customization of frozen layers.
WARNING ⚠️ setting 'requires_grad=True' for frozen layer 'model.22.m.0.cv2.bn.bias'. See ednet.engine.trainer for customization of frozen layers.
WARNING ⚠️ setting 'requires_grad=True' for frozen layer 'model.23.conv.weight'. See ednet.engine.trainer for customization of frozen layers.
WARNING ⚠️ setting 'requires_grad=True' for frozen layer 'model.23.bn.weight'. See ednet.engine.trainer for customization of frozen layers.
WARNING ⚠️ setting 'requires_grad=True' for frozen layer 'model.23.bn.bias'. See ednet.engine.trainer for customization of frozen layers.
WARNING ⚠️ setting 'requires_grad=True' for frozen layer 'model.25.cv1.conv.base.weight'. See ednet.engine.trainer for customization of frozen layers.
WARNING ⚠️ setting 'requires_grad=True' for frozen layer 'model.25.cv1.bn.weight'. See ednet.engine.trainer for customization of frozen layers.
WARNING ⚠️ setting 'requires_grad=True' for frozen layer 'model.25.cv1.bn.bias'. See ednet.engine.trainer for customization of frozen layers.
WARNING ⚠️ setting 'requires_grad=True' for frozen layer 'model.25.cv2.conv.base.weight'. See ednet.engine.trainer for customization of frozen layers.
WARNING ⚠️ setting 'requires_grad=True' for frozen layer 'model.25.cv2.bn.weight'. See ednet.engine.trainer for customization of frozen layers.
WARNING ⚠️ setting 'requires_grad=True' for frozen layer 'model.25.cv2.bn.bias'. See ednet.engine.trainer for customization of frozen layers.
WARNING ⚠️ setting 'requires_grad=True' for frozen layer 'model.25.m.0.cv1.conv.base.weight'. See ednet.engine.trainer for customization of frozen layers.
WARNING ⚠️ setting 'requires_grad=True' for frozen layer 'model.25.m.0.cv1.bn.weight'. See ednet.engine.trainer for customization of frozen layers.
WARNING ⚠️ setting 'requires_grad=True' for frozen layer 'model.25.m.0.cv1.bn.bias'. See ednet.engine.trainer for customization of frozen layers.
WARNING ⚠️ setting 'requires_grad=True' for frozen layer 'model.25.m.0.cv2.conv.base.weight'. See ednet.engine.trainer for customization of frozen layers.
WARNING ⚠️ setting 'requires_grad=True' for frozen layer 'model.25.m.0.cv2.bn.weight'. See ednet.engine.trainer for customization of frozen layers.
WARNING ⚠️ setting 'requires_grad=True' for frozen layer 'model.25.m.0.cv2.bn.bias'. See ednet.engine.trainer for customization of frozen layers.
WARNING ⚠️ setting 'requires_grad=True' for frozen layer 'model.26.cv1.conv.weight'. See ednet.engine.trainer for customization of frozen layers.
WARNING ⚠️ setting 'requires_grad=True' for frozen layer 'model.26.cv1.bn.weight'. See ednet.engine.trainer for customization of frozen layers.
WARNING ⚠️ setting 'requires_grad=True' for frozen layer 'model.26.cv1.bn.bias'. See ednet.engine.trainer for customization of frozen layers.
WARNING ⚠️ setting 'requires_grad=True' for frozen layer 'model.26.cv2.conv.weight'. See ednet.engine.trainer for customization of frozen layers.
WARNING ⚠️ setting 'requires_grad=True' for frozen layer 'model.26.cv2.bn.weight'. See ednet.engine.trainer for customization of frozen layers.
WARNING ⚠️ setting 'requires_grad=True' for frozen layer 'model.26.cv2.bn.bias'. See ednet.engine.trainer for customization of frozen layers.
WARNING ⚠️ setting 'requires_grad=True' for frozen layer 'model.28.cv1.conv.weight'. See ednet.engine.trainer for customization of frozen layers.
WARNING ⚠️ setting 'requires_grad=True' for frozen layer 'model.28.cv1.bn.weight'. See ednet.engine.trainer for customization of frozen layers.
WARNING ⚠️ setting 'requires_grad=True' for frozen layer 'model.28.cv1.bn.bias'. See ednet.engine.trainer for customization of frozen layers.
WARNING ⚠️ setting 'requires_grad=True' for frozen layer 'model.28.cv2.conv.weight'. See ednet.engine.trainer for customization of frozen layers.
WARNING ⚠️ setting 'requires_grad=True' for frozen layer 'model.28.cv2.bn.weight'. See ednet.engine.trainer for customization of frozen layers.
WARNING ⚠️ setting 'requires_grad=True' for frozen layer 'model.28.cv2.bn.bias'. See ednet.engine.trainer for customization of frozen layers.
WARNING ⚠️ setting 'requires_grad=True' for frozen layer 'model.28.m.0.cv1.0.conv.weight'. See ednet.engine.trainer for customization of frozen layers.
WARNING ⚠️ setting 'requires_grad=True' for frozen layer 'model.28.m.0.cv1.0.bn.weight'. See ednet.engine.trainer for customization of frozen layers.
WARNING ⚠️ setting 'requires_grad=True' for frozen layer 'model.28.m.0.cv1.0.bn.bias'. See ednet.engine.trainer for customization of frozen layers.
WARNING ⚠️ setting 'requires_grad=True' for frozen layer 'model.28.m.0.cv1.1.conv.weight'. See ednet.engine.trainer for customization of frozen layers.
WARNING ⚠️ setting 'requires_grad=True' for frozen layer 'model.28.m.0.cv1.1.bn.weight'. See ednet.engine.trainer for customization of frozen layers.
WARNING ⚠️ setting 'requires_grad=True' for frozen layer 'model.28.m.0.cv1.1.bn.bias'. See ednet.engine.trainer for customization of frozen layers.
WARNING ⚠️ setting 'requires_grad=True' for frozen layer 'model.28.m.0.cv1.2.conv.conv.weight'. See ednet.engine.trainer for customization of frozen layers.
WARNING ⚠️ setting 'requires_grad=True' for frozen layer 'model.28.m.0.cv1.2.conv.bn.weight'. See ednet.engine.trainer for customization of frozen layers.
WARNING ⚠️ setting 'requires_grad=True' for frozen layer 'model.28.m.0.cv1.2.conv.bn.bias'. See ednet.engine.trainer for customization of frozen layers.
WARNING ⚠️ setting 'requires_grad=True' for frozen layer 'model.28.m.0.cv1.2.conv1.conv.weight'. See ednet.engine.trainer for customization of frozen layers.
WARNING ⚠️ setting 'requires_grad=True' for frozen layer 'model.28.m.0.cv1.2.conv1.bn.weight'. See ednet.engine.trainer for customization of frozen layers.
WARNING ⚠️ setting 'requires_grad=True' for frozen layer 'model.28.m.0.cv1.2.conv1.bn.bias'. See ednet.engine.trainer for customization of frozen layers.
WARNING ⚠️ setting 'requires_grad=True' for frozen layer 'model.28.m.0.cv1.3.conv.weight'. See ednet.engine.trainer for customization of frozen layers.
WARNING ⚠️ setting 'requires_grad=True' for frozen layer 'model.28.m.0.cv1.3.bn.weight'. See ednet.engine.trainer for customization of frozen layers.
WARNING ⚠️ setting 'requires_grad=True' for frozen layer 'model.28.m.0.cv1.3.bn.bias'. See ednet.engine.trainer for customization of frozen layers.
WARNING ⚠️ setting 'requires_grad=True' for frozen layer 'model.28.m.0.cv1.4.conv.weight'. See ednet.engine.trainer for customization of frozen layers.
WARNING ⚠️ setting 'requires_grad=True' for frozen layer 'model.28.m.0.cv1.4.bn.weight'. See ednet.engine.trainer for customization of frozen layers.
WARNING ⚠️ setting 'requires_grad=True' for frozen layer 'model.28.m.0.cv1.4.bn.bias'. See ednet.engine.trainer for customization of frozen layers.
WARNING ⚠️ setting 'requires_grad=True' for frozen layer 'model.29.cv2.0.0.conv.base.weight'. See ednet.engine.trainer for customization of frozen layers.
WARNING ⚠️ setting 'requires_grad=True' for frozen layer 'model.29.cv2.0.0.bn.weight'. See ednet.engine.trainer for customization of frozen layers.
WARNING ⚠️ setting 'requires_grad=True' for frozen layer 'model.29.cv2.0.0.bn.bias'. See ednet.engine.trainer for customization of frozen layers.
WARNING ⚠️ setting 'requires_grad=True' for frozen layer 'model.29.cv2.0.1.conv.base.weight'. See ednet.engine.trainer for customization of frozen layers.
WARNING ⚠️ setting 'requires_grad=True' for frozen layer 'model.29.cv2.0.1.bn.weight'. See ednet.engine.trainer for customization of frozen layers.
WARNING ⚠️ setting 'requires_grad=True' for frozen layer 'model.29.cv2.0.1.bn.bias'. See ednet.engine.trainer for customization of frozen layers.
WARNING ⚠️ setting 'requires_grad=True' for frozen layer 'model.29.cv2.0.2.weight'. See ednet.engine.trainer for customization of frozen layers.
WARNING ⚠️ setting 'requires_grad=True' for frozen layer 'model.29.cv2.0.2.bias'. See ednet.engine.trainer for customization of frozen layers.
WARNING ⚠️ setting 'requires_grad=True' for frozen layer 'model.29.cv2.1.0.conv.base.weight'. See ednet.engine.trainer for customization of frozen layers.
WARNING ⚠️ setting 'requires_grad=True' for frozen layer 'model.29.cv2.1.0.bn.weight'. See ednet.engine.trainer for customization of frozen layers.
WARNING ⚠️ setting 'requires_grad=True' for frozen layer 'model.29.cv2.1.0.bn.bias'. See ednet.engine.trainer for customization of frozen layers.
WARNING ⚠️ setting 'requires_grad=True' for frozen layer 'model.29.cv2.1.1.conv.base.weight'. See ednet.engine.trainer for customization of frozen layers.
WARNING ⚠️ setting 'requires_grad=True' for frozen layer 'model.29.cv2.1.1.bn.weight'. See ednet.engine.trainer for customization of frozen layers.
WARNING ⚠️ setting 'requires_grad=True' for frozen layer 'model.29.cv2.1.1.bn.bias'. See ednet.engine.trainer for customization of frozen layers.
WARNING ⚠️ setting 'requires_grad=True' for frozen layer 'model.29.cv2.1.2.weight'. See ednet.engine.trainer for customization of frozen layers.
WARNING ⚠️ setting 'requires_grad=True' for frozen layer 'model.29.cv2.1.2.bias'. See ednet.engine.trainer for customization of frozen layers.
WARNING ⚠️ setting 'requires_grad=True' for frozen layer 'model.29.cv2.2.0.conv.base.weight'. See ednet.engine.trainer for customization of frozen layers.
WARNING ⚠️ setting 'requires_grad=True' for frozen layer 'model.29.cv2.2.0.bn.weight'. See ednet.engine.trainer for customization of frozen layers.
WARNING ⚠️ setting 'requires_grad=True' for frozen layer 'model.29.cv2.2.0.bn.bias'. See ednet.engine.trainer for customization of frozen layers.
WARNING ⚠️ setting 'requires_grad=True' for frozen layer 'model.29.cv2.2.1.conv.base.weight'. See ednet.engine.trainer for customization of frozen layers.
WARNING ⚠️ setting 'requires_grad=True' for frozen layer 'model.29.cv2.2.1.bn.weight'. See ednet.engine.trainer for customization of frozen layers.
WARNING ⚠️ setting 'requires_grad=True' for frozen layer 'model.29.cv2.2.1.bn.bias'. See ednet.engine.trainer for customization of frozen layers.
WARNING ⚠️ setting 'requires_grad=True' for frozen layer 'model.29.cv2.2.2.weight'. See ednet.engine.trainer for customization of frozen layers.
WARNING ⚠️ setting 'requires_grad=True' for frozen layer 'model.29.cv2.2.2.bias'. See ednet.engine.trainer for customization of frozen layers.
WARNING ⚠️ setting 'requires_grad=True' for frozen layer 'model.29.cv2.3.0.conv.base.weight'. See ednet.engine.trainer for customization of frozen layers.
WARNING ⚠️ setting 'requires_grad=True' for frozen layer 'model.29.cv2.3.0.bn.weight'. See ednet.engine.trainer for customization of frozen layers.
WARNING ⚠️ setting 'requires_grad=True' for frozen layer 'model.29.cv2.3.0.bn.bias'. See ednet.engine.trainer for customization of frozen layers.
WARNING ⚠️ setting 'requires_grad=True' for frozen layer 'model.29.cv2.3.1.conv.base.weight'. See ednet.engine.trainer for customization of frozen layers.
WARNING ⚠️ setting 'requires_grad=True' for frozen layer 'model.29.cv2.3.1.bn.weight'. See ednet.engine.trainer for customization of frozen layers.
WARNING ⚠️ setting 'requires_grad=True' for frozen layer 'model.29.cv2.3.1.bn.bias'. See ednet.engine.trainer for customization of frozen layers.
WARNING ⚠️ setting 'requires_grad=True' for frozen layer 'model.29.cv2.3.2.weight'. See ednet.engine.trainer for customization of frozen layers.
WARNING ⚠️ setting 'requires_grad=True' for frozen layer 'model.29.cv2.3.2.bias'. See ednet.engine.trainer for customization of frozen layers.
WARNING ⚠️ setting 'requires_grad=True' for frozen layer 'model.29.cv3.0.0.0.conv.weight'. See ednet.engine.trainer for customization of frozen layers.
WARNING ⚠️ setting 'requires_grad=True' for frozen layer 'model.29.cv3.0.0.0.bn.weight'. See ednet.engine.trainer for customization of frozen layers.
WARNING ⚠️ setting 'requires_grad=True' for frozen layer 'model.29.cv3.0.0.0.bn.bias'. See ednet.engine.trainer for customization of frozen layers.
WARNING ⚠️ setting 'requires_grad=True' for frozen layer 'model.29.cv3.0.0.1.conv.base.weight'. See ednet.engine.trainer for customization of frozen layers.
WARNING ⚠️ setting 'requires_grad=True' for frozen layer 'model.29.cv3.0.0.1.bn.weight'. See ednet.engine.trainer for customization of frozen layers.
WARNING ⚠️ setting 'requires_grad=True' for frozen layer 'model.29.cv3.0.0.1.bn.bias'. See ednet.engine.trainer for customization of frozen layers.
WARNING ⚠️ setting 'requires_grad=True' for frozen layer 'model.29.cv3.0.1.0.conv.weight'. See ednet.engine.trainer for customization of frozen layers.
WARNING ⚠️ setting 'requires_grad=True' for frozen layer 'model.29.cv3.0.1.0.bn.weight'. See ednet.engine.trainer for customization of frozen layers.
WARNING ⚠️ setting 'requires_grad=True' for frozen layer 'model.29.cv3.0.1.0.bn.bias'. See ednet.engine.trainer for customization of frozen layers.
WARNING ⚠️ setting 'requires_grad=True' for frozen layer 'model.29.cv3.0.1.1.conv.base.weight'. See ednet.engine.trainer for customization of frozen layers.
WARNING ⚠️ setting 'requires_grad=True' for frozen layer 'model.29.cv3.0.1.1.bn.weight'. See ednet.engine.trainer for customization of frozen layers.
WARNING ⚠️ setting 'requires_grad=True' for frozen layer 'model.29.cv3.0.1.1.bn.bias'. See ednet.engine.trainer for customization of frozen layers.
WARNING ⚠️ setting 'requires_grad=True' for frozen layer 'model.29.cv3.0.2.weight'. See ednet.engine.trainer for customization of frozen layers.
WARNING ⚠️ setting 'requires_grad=True' for frozen layer 'model.29.cv3.0.2.bias'. See ednet.engine.trainer for customization of frozen layers.
WARNING ⚠️ setting 'requires_grad=True' for frozen layer 'model.29.cv3.1.0.0.conv.weight'. See ednet.engine.trainer for customization of frozen layers.
WARNING ⚠️ setting 'requires_grad=True' for frozen layer 'model.29.cv3.1.0.0.bn.weight'. See ednet.engine.trainer for customization of frozen layers.
WARNING ⚠️ setting 'requires_grad=True' for frozen layer 'model.29.cv3.1.0.0.bn.bias'. See ednet.engine.trainer for customization of frozen layers.
WARNING ⚠️ setting 'requires_grad=True' for frozen layer 'model.29.cv3.1.0.1.conv.base.weight'. See ednet.engine.trainer for customization of frozen layers.
WARNING ⚠️ setting 'requires_grad=True' for frozen layer 'model.29.cv3.1.0.1.bn.weight'. See ednet.engine.trainer for customization of frozen layers.
WARNING ⚠️ setting 'requires_grad=True' for frozen layer 'model.29.cv3.1.0.1.bn.bias'. See ednet.engine.trainer for customization of frozen layers.
WARNING ⚠️ setting 'requires_grad=True' for frozen layer 'model.29.cv3.1.1.0.conv.weight'. See ednet.engine.trainer for customization of frozen layers.
WARNING ⚠️ setting 'requires_grad=True' for frozen layer 'model.29.cv3.1.1.0.bn.weight'. See ednet.engine.trainer for customization of frozen layers.
WARNING ⚠️ setting 'requires_grad=True' for frozen layer 'model.29.cv3.1.1.0.bn.bias'. See ednet.engine.trainer for customization of frozen layers.
WARNING ⚠️ setting 'requires_grad=True' for frozen layer 'model.29.cv3.1.1.1.conv.base.weight'. See ednet.engine.trainer for customization of frozen layers.
WARNING ⚠️ setting 'requires_grad=True' for frozen layer 'model.29.cv3.1.1.1.bn.weight'. See ednet.engine.trainer for customization of frozen layers.
WARNING ⚠️ setting 'requires_grad=True' for frozen layer 'model.29.cv3.1.1.1.bn.bias'. See ednet.engine.trainer for customization of frozen layers.
WARNING ⚠️ setting 'requires_grad=True' for frozen layer 'model.29.cv3.1.2.weight'. See ednet.engine.trainer for customization of frozen layers.
WARNING ⚠️ setting 'requires_grad=True' for frozen layer 'model.29.cv3.1.2.bias'. See ednet.engine.trainer for customization of frozen layers.
WARNING ⚠️ setting 'requires_grad=True' for frozen layer 'model.29.cv3.2.0.0.conv.weight'. See ednet.engine.trainer for customization of frozen layers.
WARNING ⚠️ setting 'requires_grad=True' for frozen layer 'model.29.cv3.2.0.0.bn.weight'. See ednet.engine.trainer for customization of frozen layers.
WARNING ⚠️ setting 'requires_grad=True' for frozen layer 'model.29.cv3.2.0.0.bn.bias'. See ednet.engine.trainer for customization of frozen layers.
WARNING ⚠️ setting 'requires_grad=True' for frozen layer 'model.29.cv3.2.0.1.conv.base.weight'. See ednet.engine.trainer for customization of frozen layers.
WARNING ⚠️ setting 'requires_grad=True' for frozen layer 'model.29.cv3.2.0.1.bn.weight'. See ednet.engine.trainer for customization of frozen layers.
WARNING ⚠️ setting 'requires_grad=True' for frozen layer 'model.29.cv3.2.0.1.bn.bias'. See ednet.engine.trainer for customization of frozen layers.
WARNING ⚠️ setting 'requires_grad=True' for frozen layer 'model.29.cv3.2.1.0.conv.weight'. See ednet.engine.trainer for customization of frozen layers.
WARNING ⚠️ setting 'requires_grad=True' for frozen layer 'model.29.cv3.2.1.0.bn.weight'. See ednet.engine.trainer for customization of frozen layers.
WARNING ⚠️ setting 'requires_grad=True' for frozen layer 'model.29.cv3.2.1.0.bn.bias'. See ednet.engine.trainer for customization of frozen layers.
WARNING ⚠️ setting 'requires_grad=True' for frozen layer 'model.29.cv3.2.1.1.conv.base.weight'. See ednet.engine.trainer for customization of frozen layers.
WARNING ⚠️ setting 'requires_grad=True' for frozen layer 'model.29.cv3.2.1.1.bn.weight'. See ednet.engine.trainer for customization of frozen layers.
WARNING ⚠️ setting 'requires_grad=True' for frozen layer 'model.29.cv3.2.1.1.bn.bias'. See ednet.engine.trainer for customization of frozen layers.
WARNING ⚠️ setting 'requires_grad=True' for frozen layer 'model.29.cv3.2.2.weight'. See ednet.engine.trainer for customization of frozen layers.
WARNING ⚠️ setting 'requires_grad=True' for frozen layer 'model.29.cv3.2.2.bias'. See ednet.engine.trainer for customization of frozen layers.
WARNING ⚠️ setting 'requires_grad=True' for frozen layer 'model.29.cv3.3.0.0.conv.weight'. See ednet.engine.trainer for customization of frozen layers.
WARNING ⚠️ setting 'requires_grad=True' for frozen layer 'model.29.cv3.3.0.0.bn.weight'. See ednet.engine.trainer for customization of frozen layers.
WARNING ⚠️ setting 'requires_grad=True' for frozen layer 'model.29.cv3.3.0.0.bn.bias'. See ednet.engine.trainer for customization of frozen layers.
WARNING ⚠️ setting 'requires_grad=True' for frozen layer 'model.29.cv3.3.0.1.conv.base.weight'. See ednet.engine.trainer for customization of frozen layers.
WARNING ⚠️ setting 'requires_grad=True' for frozen layer 'model.29.cv3.3.0.1.bn.weight'. See ednet.engine.trainer for customization of frozen layers.
WARNING ⚠️ setting 'requires_grad=True' for frozen layer 'model.29.cv3.3.0.1.bn.bias'. See ednet.engine.trainer for customization of frozen layers.
WARNING ⚠️ setting 'requires_grad=True' for frozen layer 'model.29.cv3.3.1.0.conv.weight'. See ednet.engine.trainer for customization of frozen layers.
WARNING ⚠️ setting 'requires_grad=True' for frozen layer 'model.29.cv3.3.1.0.bn.weight'. See ednet.engine.trainer for customization of frozen layers.
WARNING ⚠️ setting 'requires_grad=True' for frozen layer 'model.29.cv3.3.1.0.bn.bias'. See ednet.engine.trainer for customization of frozen layers.
WARNING ⚠️ setting 'requires_grad=True' for frozen layer 'model.29.cv3.3.1.1.conv.base.weight'. See ednet.engine.trainer for customization of frozen layers.
WARNING ⚠️ setting 'requires_grad=True' for frozen layer 'model.29.cv3.3.1.1.bn.weight'. See ednet.engine.trainer for customization of frozen layers.
WARNING ⚠️ setting 'requires_grad=True' for frozen layer 'model.29.cv3.3.1.1.bn.bias'. See ednet.engine.trainer for customization of frozen layers.
WARNING ⚠️ setting 'requires_grad=True' for frozen layer 'model.29.cv3.3.2.weight'. See ednet.engine.trainer for customization of frozen layers.
WARNING ⚠️ setting 'requires_grad=True' for frozen layer 'model.29.cv3.3.2.bias'. See ednet.engine.trainer for customization of frozen layers.
Freezing layer 'model.29.dfl.conv.weight'
WARNING ⚠️ setting 'requires_grad=True' for frozen layer 'model.29.one2one_cv2.0.0.conv.weight'. See ednet.engine.trainer for customization of frozen layers.
WARNING ⚠️ setting 'requires_grad=True' for frozen layer 'model.29.one2one_cv2.0.0.bn.weight'. See ednet.engine.trainer for customization of frozen layers.
WARNING ⚠️ setting 'requires_grad=True' for frozen layer 'model.29.one2one_cv2.0.0.bn.bias'. See ednet.engine.trainer for customization of frozen layers.
WARNING ⚠️ setting 'requires_grad=True' for frozen layer 'model.29.one2one_cv2.0.1.conv.weight'. See ednet.engine.trainer for customization of frozen layers.
WARNING ⚠️ setting 'requires_grad=True' for frozen layer 'model.29.one2one_cv2.0.1.bn.weight'. See ednet.engine.trainer for customization of frozen layers.
WARNING ⚠️ setting 'requires_grad=True' for frozen layer 'model.29.one2one_cv2.0.1.bn.bias'. See ednet.engine.trainer for customization of frozen layers.
WARNING ⚠️ setting 'requires_grad=True' for frozen layer 'model.29.one2one_cv2.0.2.weight'. See ednet.engine.trainer for customization of frozen layers.
WARNING ⚠️ setting 'requires_grad=True' for frozen layer 'model.29.one2one_cv2.0.2.bias'. See ednet.engine.trainer for customization of frozen layers.
WARNING ⚠️ setting 'requires_grad=True' for frozen layer 'model.29.one2one_cv2.1.0.conv.weight'. See ednet.engine.trainer for customization of frozen layers.
WARNING ⚠️ setting 'requires_grad=True' for frozen layer 'model.29.one2one_cv2.1.0.bn.weight'. See ednet.engine.trainer for customization of frozen layers.
WARNING ⚠️ setting 'requires_grad=True' for frozen layer 'model.29.one2one_cv2.1.0.bn.bias'. See ednet.engine.trainer for customization of frozen layers.
WARNING ⚠️ setting 'requires_grad=True' for frozen layer 'model.29.one2one_cv2.1.1.conv.weight'. See ednet.engine.trainer for customization of frozen layers.
WARNING ⚠️ setting 'requires_grad=True' for frozen layer 'model.29.one2one_cv2.1.1.bn.weight'. See ednet.engine.trainer for customization of frozen layers.
WARNING ⚠️ setting 'requires_grad=True' for frozen layer 'model.29.one2one_cv2.1.1.bn.bias'. See ednet.engine.trainer for customization of frozen layers.
WARNING ⚠️ setting 'requires_grad=True' for frozen layer 'model.29.one2one_cv2.1.2.weight'. See ednet.engine.trainer for customization of frozen layers.
WARNING ⚠️ setting 'requires_grad=True' for frozen layer 'model.29.one2one_cv2.1.2.bias'. See ednet.engine.trainer for customization of frozen layers.
WARNING ⚠️ setting 'requires_grad=True' for frozen layer 'model.29.one2one_cv2.2.0.conv.weight'. See ednet.engine.trainer for customization of frozen layers.
WARNING ⚠️ setting 'requires_grad=True' for frozen layer 'model.29.one2one_cv2.2.0.bn.weight'. See ednet.engine.trainer for customization of frozen layers.
WARNING ⚠️ setting 'requires_grad=True' for frozen layer 'model.29.one2one_cv2.2.0.bn.bias'. See ednet.engine.trainer for customization of frozen layers.
WARNING ⚠️ setting 'requires_grad=True' for frozen layer 'model.29.one2one_cv2.2.1.conv.weight'. See ednet.engine.trainer for customization of frozen layers.
WARNING ⚠️ setting 'requires_grad=True' for frozen layer 'model.29.one2one_cv2.2.1.bn.weight'. See ednet.engine.trainer for customization of frozen layers.
WARNING ⚠️ setting 'requires_grad=True' for frozen layer 'model.29.one2one_cv2.2.1.bn.bias'. See ednet.engine.trainer for customization of frozen layers.
WARNING ⚠️ setting 'requires_grad=True' for frozen layer 'model.29.one2one_cv2.2.2.weight'. See ednet.engine.trainer for customization of frozen layers.
WARNING ⚠️ setting 'requires_grad=True' for frozen layer 'model.29.one2one_cv2.2.2.bias'. See ednet.engine.trainer for customization of frozen layers.
WARNING ⚠️ setting 'requires_grad=True' for frozen layer 'model.29.one2one_cv2.3.0.conv.weight'. See ednet.engine.trainer for customization of frozen layers.
WARNING ⚠️ setting 'requires_grad=True' for frozen layer 'model.29.one2one_cv2.3.0.bn.weight'. See ednet.engine.trainer for customization of frozen layers.
WARNING ⚠️ setting 'requires_grad=True' for frozen layer 'model.29.one2one_cv2.3.0.bn.bias'. See ednet.engine.trainer for customization of frozen layers.
WARNING ⚠️ setting 'requires_grad=True' for frozen layer 'model.29.one2one_cv2.3.1.conv.weight'. See ednet.engine.trainer for customization of frozen layers.
WARNING ⚠️ setting 'requires_grad=True' for frozen layer 'model.29.one2one_cv2.3.1.bn.weight'. See ednet.engine.trainer for customization of frozen layers.
WARNING ⚠️ setting 'requires_grad=True' for frozen layer 'model.29.one2one_cv2.3.1.bn.bias'. See ednet.engine.trainer for customization of frozen layers.
WARNING ⚠️ setting 'requires_grad=True' for frozen layer 'model.29.one2one_cv2.3.2.weight'. See ednet.engine.trainer for customization of frozen layers.
WARNING ⚠️ setting 'requires_grad=True' for frozen layer 'model.29.one2one_cv2.3.2.bias'. See ednet.engine.trainer for customization of frozen layers.
WARNING ⚠️ setting 'requires_grad=True' for frozen layer 'model.29.one2one_cv3.0.0.0.conv.weight'. See ednet.engine.trainer for customization of frozen layers.
WARNING ⚠️ setting 'requires_grad=True' for frozen layer 'model.29.one2one_cv3.0.0.0.bn.weight'. See ednet.engine.trainer for customization of frozen layers.
WARNING ⚠️ setting 'requires_grad=True' for frozen layer 'model.29.one2one_cv3.0.0.0.bn.bias'. See ednet.engine.trainer for customization of frozen layers.
WARNING ⚠️ setting 'requires_grad=True' for frozen layer 'model.29.one2one_cv3.0.0.1.conv.weight'. See ednet.engine.trainer for customization of frozen layers.
WARNING ⚠️ setting 'requires_grad=True' for frozen layer 'model.29.one2one_cv3.0.0.1.bn.weight'. See ednet.engine.trainer for customization of frozen layers.
WARNING ⚠️ setting 'requires_grad=True' for frozen layer 'model.29.one2one_cv3.0.0.1.bn.bias'. See ednet.engine.trainer for customization of frozen layers.
WARNING ⚠️ setting 'requires_grad=True' for frozen layer 'model.29.one2one_cv3.0.1.0.conv.weight'. See ednet.engine.trainer for customization of frozen layers.
WARNING ⚠️ setting 'requires_grad=True' for frozen layer 'model.29.one2one_cv3.0.1.0.bn.weight'. See ednet.engine.trainer for customization of frozen layers.
WARNING ⚠️ setting 'requires_grad=True' for frozen layer 'model.29.one2one_cv3.0.1.0.bn.bias'. See ednet.engine.trainer for customization of frozen layers.
WARNING ⚠️ setting 'requires_grad=True' for frozen layer 'model.29.one2one_cv3.0.1.1.conv.weight'. See ednet.engine.trainer for customization of frozen layers.
WARNING ⚠️ setting 'requires_grad=True' for frozen layer 'model.29.one2one_cv3.0.1.1.bn.weight'. See ednet.engine.trainer for customization of frozen layers.
WARNING ⚠️ setting 'requires_grad=True' for frozen layer 'model.29.one2one_cv3.0.1.1.bn.bias'. See ednet.engine.trainer for customization of frozen layers.
WARNING ⚠️ setting 'requires_grad=True' for frozen layer 'model.29.one2one_cv3.0.2.weight'. See ednet.engine.trainer for customization of frozen layers.
WARNING ⚠️ setting 'requires_grad=True' for frozen layer 'model.29.one2one_cv3.0.2.bias'. See ednet.engine.trainer for customization of frozen layers.
WARNING ⚠️ setting 'requires_grad=True' for frozen layer 'model.29.one2one_cv3.1.0.0.conv.weight'. See ednet.engine.trainer for customization of frozen layers.
WARNING ⚠️ setting 'requires_grad=True' for frozen layer 'model.29.one2one_cv3.1.0.0.bn.weight'. See ednet.engine.trainer for customization of frozen layers.
WARNING ⚠️ setting 'requires_grad=True' for frozen layer 'model.29.one2one_cv3.1.0.0.bn.bias'. See ednet.engine.trainer for customization of frozen layers.
WARNING ⚠️ setting 'requires_grad=True' for frozen layer 'model.29.one2one_cv3.1.0.1.conv.weight'. See ednet.engine.trainer for customization of frozen layers.
WARNING ⚠️ setting 'requires_grad=True' for frozen layer 'model.29.one2one_cv3.1.0.1.bn.weight'. See ednet.engine.trainer for customization of frozen layers.
WARNING ⚠️ setting 'requires_grad=True' for frozen layer 'model.29.one2one_cv3.1.0.1.bn.bias'. See ednet.engine.trainer for customization of frozen layers.
WARNING ⚠️ setting 'requires_grad=True' for frozen layer 'model.29.one2one_cv3.1.1.0.conv.weight'. See ednet.engine.trainer for customization of frozen layers.
WARNING ⚠️ setting 'requires_grad=True' for frozen layer 'model.29.one2one_cv3.1.1.0.bn.weight'. See ednet.engine.trainer for customization of frozen layers.
WARNING ⚠️ setting 'requires_grad=True' for frozen layer 'model.29.one2one_cv3.1.1.0.bn.bias'. See ednet.engine.trainer for customization of frozen layers.
WARNING ⚠️ setting 'requires_grad=True' for frozen layer 'model.29.one2one_cv3.1.1.1.conv.weight'. See ednet.engine.trainer for customization of frozen layers.
WARNING ⚠️ setting 'requires_grad=True' for frozen layer 'model.29.one2one_cv3.1.1.1.bn.weight'. See ednet.engine.trainer for customization of frozen layers.
WARNING ⚠️ setting 'requires_grad=True' for frozen layer 'model.29.one2one_cv3.1.1.1.bn.bias'. See ednet.engine.trainer for customization of frozen layers.
WARNING ⚠️ setting 'requires_grad=True' for frozen layer 'model.29.one2one_cv3.1.2.weight'. See ednet.engine.trainer for customization of frozen layers.
WARNING ⚠️ setting 'requires_grad=True' for frozen layer 'model.29.one2one_cv3.1.2.bias'. See ednet.engine.trainer for customization of frozen layers.
WARNING ⚠️ setting 'requires_grad=True' for frozen layer 'model.29.one2one_cv3.2.0.0.conv.weight'. See ednet.engine.trainer for customization of frozen layers.
WARNING ⚠️ setting 'requires_grad=True' for frozen layer 'model.29.one2one_cv3.2.0.0.bn.weight'. See ednet.engine.trainer for customization of frozen layers.
WARNING ⚠️ setting 'requires_grad=True' for frozen layer 'model.29.one2one_cv3.2.0.0.bn.bias'. See ednet.engine.trainer for customization of frozen layers.
WARNING ⚠️ setting 'requires_grad=True' for frozen layer 'model.29.one2one_cv3.2.0.1.conv.weight'. See ednet.engine.trainer for customization of frozen layers.
WARNING ⚠️ setting 'requires_grad=True' for frozen layer 'model.29.one2one_cv3.2.0.1.bn.weight'. See ednet.engine.trainer for customization of frozen layers.
WARNING ⚠️ setting 'requires_grad=True' for frozen layer 'model.29.one2one_cv3.2.0.1.bn.bias'. See ednet.engine.trainer for customization of frozen layers.
WARNING ⚠️ setting 'requires_grad=True' for frozen layer 'model.29.one2one_cv3.2.1.0.conv.weight'. See ednet.engine.trainer for customization of frozen layers.
WARNING ⚠️ setting 'requires_grad=True' for frozen layer 'model.29.one2one_cv3.2.1.0.bn.weight'. See ednet.engine.trainer for customization of frozen layers.
WARNING ⚠️ setting 'requires_grad=True' for frozen layer 'model.29.one2one_cv3.2.1.0.bn.bias'. See ednet.engine.trainer for customization of frozen layers.
WARNING ⚠️ setting 'requires_grad=True' for frozen layer 'model.29.one2one_cv3.2.1.1.conv.weight'. See ednet.engine.trainer for customization of frozen layers.
WARNING ⚠️ setting 'requires_grad=True' for frozen layer 'model.29.one2one_cv3.2.1.1.bn.weight'. See ednet.engine.trainer for customization of frozen layers.
WARNING ⚠️ setting 'requires_grad=True' for frozen layer 'model.29.one2one_cv3.2.1.1.bn.bias'. See ednet.engine.trainer for customization of frozen layers.
WARNING ⚠️ setting 'requires_grad=True' for frozen layer 'model.29.one2one_cv3.2.2.weight'. See ednet.engine.trainer for customization of frozen layers.
WARNING ⚠️ setting 'requires_grad=True' for frozen layer 'model.29.one2one_cv3.2.2.bias'. See ednet.engine.trainer for customization of frozen layers.
WARNING ⚠️ setting 'requires_grad=True' for frozen layer 'model.29.one2one_cv3.3.0.0.conv.weight'. See ednet.engine.trainer for customization of frozen layers.
WARNING ⚠️ setting 'requires_grad=True' for frozen layer 'model.29.one2one_cv3.3.0.0.bn.weight'. See ednet.engine.trainer for customization of frozen layers.
WARNING ⚠️ setting 'requires_grad=True' for frozen layer 'model.29.one2one_cv3.3.0.0.bn.bias'. See ednet.engine.trainer for customization of frozen layers.
WARNING ⚠️ setting 'requires_grad=True' for frozen layer 'model.29.one2one_cv3.3.0.1.conv.weight'. See ednet.engine.trainer for customization of frozen layers.
WARNING ⚠️ setting 'requires_grad=True' for frozen layer 'model.29.one2one_cv3.3.0.1.bn.weight'. See ednet.engine.trainer for customization of frozen layers.
WARNING ⚠️ setting 'requires_grad=True' for frozen layer 'model.29.one2one_cv3.3.0.1.bn.bias'. See ednet.engine.trainer for customization of frozen layers.
WARNING ⚠️ setting 'requires_grad=True' for frozen layer 'model.29.one2one_cv3.3.1.0.conv.weight'. See ednet.engine.trainer for customization of frozen layers.
WARNING ⚠️ setting 'requires_grad=True' for frozen layer 'model.29.one2one_cv3.3.1.0.bn.weight'. See ednet.engine.trainer for customization of frozen layers.
WARNING ⚠️ setting 'requires_grad=True' for frozen layer 'model.29.one2one_cv3.3.1.0.bn.bias'. See ednet.engine.trainer for customization of frozen layers.
WARNING ⚠️ setting 'requires_grad=True' for frozen layer 'model.29.one2one_cv3.3.1.1.conv.weight'. See ednet.engine.trainer for customization of frozen layers.
WARNING ⚠️ setting 'requires_grad=True' for frozen layer 'model.29.one2one_cv3.3.1.1.bn.weight'. See ednet.engine.trainer for customization of frozen layers.
WARNING ⚠️ setting 'requires_grad=True' for frozen layer 'model.29.one2one_cv3.3.1.1.bn.bias'. See ednet.engine.trainer for customization of frozen layers.
WARNING ⚠️ setting 'requires_grad=True' for frozen layer 'model.29.one2one_cv3.3.2.weight'. See ednet.engine.trainer for customization of frozen layers.
WARNING ⚠️ setting 'requires_grad=True' for frozen layer 'model.29.one2one_cv3.3.2.bias'. See ednet.engine.trainer for customization of frozen layers.
[34m[1mAMP: [0mrunning Automatic Mixed Precision (AMP) checks with YOLOv8n...
[34m[1mAMP: [0mchecks passed ✅
Plotting labels to /home/ddwilde/scriptie/runs/dota_saab/stage3-saab3/labels.jpg... 
[34m[1moptimizer:[0m 'optimizer=auto' found, ignoring 'lr0=0.01' and 'momentum=0.937' and determining best 'optimizer', 'lr0' and 'momentum' automatically... 
[34m[1moptimizer:[0m AdamW(lr=0.000526, momentum=0.9) with parameter groups 117 weight(decay=0.0), 202 weight(decay=0.0005), 139 bias(decay=0.0)
Memory replay enabled from /home/ddwilde/scriptie/datasets/memory/stage3/images with batch size 4 (50.0% of primary batch).
Skipping fusion for LoRA-wrapped layer Conv
Skipping fusion for LoRA-wrapped layer Conv
Skipping fusion for LoRA-wrapped layer Conv
Skipping fusion for LoRA-wrapped layer Conv
Skipping fusion for LoRA-wrapped layer Conv
Skipping fusion for LoRA-wrapped layer Conv
Skipping fusion for LoRA-wrapped layer Conv
Skipping fusion for LoRA-wrapped layer Conv
Skipping fusion for LoRA-wrapped layer Conv
Skipping fusion for LoRA-wrapped layer Conv
Skipping fusion for LoRA-wrapped layer Conv
Skipping fusion for LoRA-wrapped layer Conv
Skipping fusion for LoRA-wrapped layer Conv
Skipping fusion for LoRA-wrapped layer Conv
Skipping fusion for LoRA-wrapped layer Conv
Skipping fusion for LoRA-wrapped layer Conv
Skipping fusion for LoRA-wrapped layer Conv
Skipping fusion for LoRA-wrapped layer Conv
Skipping fusion for LoRA-wrapped layer Conv
Skipping fusion for LoRA-wrapped layer Conv
Skipping fusion for LoRA-wrapped layer Conv
Skipping fusion for LoRA-wrapped layer Conv
Skipping fusion for LoRA-wrapped layer Conv
Skipping fusion for LoRA-wrapped layer Conv
Skipping fusion for LoRA-wrapped layer Conv
Skipping fusion for LoRA-wrapped layer Conv
Skipping fusion for LoRA-wrapped layer Conv
Skipping fusion for LoRA-wrapped layer Conv
[34m[1mTensorBoard: [0mmodel graph visualization added ✅
Image sizes 640 train, 640 val
Using 8 dataloader workers
Logging results to [1m/home/ddwilde/scriptie/runs/dota_saab/stage3-saab3[0m
Starting training for 50 epochs...

      Epoch    GPU_mem   box_loss   cls_loss   dfl_loss  Instances       Size
                   all        367      16047      0.484     0.0588     0.0848     0.0452
Replay buffer size after epoch 1: 1920 embeddings across 15 classes.
Saved 1920 replay embeddings to /home/ddwilde/scriptie/runs/dota_saab/stage3-saab3/replay/buffer.pt

      Epoch    GPU_mem   box_loss   cls_loss   dfl_loss  Instances       Size
                   all        367      16047      0.726     0.0898      0.124     0.0677
Replay buffer size after epoch 2: 1920 embeddings across 15 classes.
Saved 1920 replay embeddings to /home/ddwilde/scriptie/runs/dota_saab/stage3-saab3/replay/buffer.pt

      Epoch    GPU_mem   box_loss   cls_loss   dfl_loss  Instances       Size
                   all        367      16047      0.599      0.101      0.107     0.0584
Replay buffer size after epoch 3: 1920 embeddings across 15 classes.
Saved 1920 replay embeddings to /home/ddwilde/scriptie/runs/dota_saab/stage3-saab3/replay/buffer.pt

      Epoch    GPU_mem   box_loss   cls_loss   dfl_loss  Instances       Size
                   all        367      16047      0.507      0.102      0.107     0.0616
Replay buffer size after epoch 4: 1920 embeddings across 15 classes.
Saved 1920 replay embeddings to /home/ddwilde/scriptie/runs/dota_saab/stage3-saab3/replay/buffer.pt

      Epoch    GPU_mem   box_loss   cls_loss   dfl_loss  Instances       Size
                   all        367      16047      0.442      0.096      0.114     0.0669
Replay buffer size after epoch 5: 1920 embeddings across 15 classes.
Saved 1920 replay embeddings to /home/ddwilde/scriptie/runs/dota_saab/stage3-saab3/replay/buffer.pt

      Epoch    GPU_mem   box_loss   cls_loss   dfl_loss  Instances       Size
                   all        367      16047      0.461      0.121      0.126     0.0725
Replay buffer size after epoch 6: 1920 embeddings across 15 classes.
Saved 1920 replay embeddings to /home/ddwilde/scriptie/runs/dota_saab/stage3-saab3/replay/buffer.pt

      Epoch    GPU_mem   box_loss   cls_loss   dfl_loss  Instances       Size
                   all        367      16047       0.42      0.128      0.138     0.0801
Replay buffer size after epoch 7: 1920 embeddings across 15 classes.
Saved 1920 replay embeddings to /home/ddwilde/scriptie/runs/dota_saab/stage3-saab3/replay/buffer.pt

      Epoch    GPU_mem   box_loss   cls_loss   dfl_loss  Instances       Size
                   all        367      16047      0.408      0.123      0.129     0.0715
Replay buffer size after epoch 8: 1920 embeddings across 15 classes.
Saved 1920 replay embeddings to /home/ddwilde/scriptie/runs/dota_saab/stage3-saab3/replay/buffer.pt

      Epoch    GPU_mem   box_loss   cls_loss   dfl_loss  Instances       Size
                   all        367      16047      0.341      0.173      0.145     0.0811
Replay buffer size after epoch 9: 1920 embeddings across 15 classes.
Saved 1920 replay embeddings to /home/ddwilde/scriptie/runs/dota_saab/stage3-saab3/replay/buffer.pt

      Epoch    GPU_mem   box_loss   cls_loss   dfl_loss  Instances       Size
                   all        367      16047      0.363      0.138      0.125     0.0719
Replay buffer size after epoch 10: 1920 embeddings across 15 classes.
Saved 1920 replay embeddings to /home/ddwilde/scriptie/runs/dota_saab/stage3-saab3/replay/buffer.pt

      Epoch    GPU_mem   box_loss   cls_loss   dfl_loss  Instances       Size
                   all        367      16047      0.316      0.157      0.123     0.0647
Replay buffer size after epoch 11: 1920 embeddings across 15 classes.
Saved 1920 replay embeddings to /home/ddwilde/scriptie/runs/dota_saab/stage3-saab3/replay/buffer.pt

      Epoch    GPU_mem   box_loss   cls_loss   dfl_loss  Instances       Size
                   all        367      16047      0.356       0.19      0.151     0.0859
Replay buffer size after epoch 12: 1920 embeddings across 15 classes.
Saved 1920 replay embeddings to /home/ddwilde/scriptie/runs/dota_saab/stage3-saab3/replay/buffer.pt

      Epoch    GPU_mem   box_loss   cls_loss   dfl_loss  Instances       Size
                   all        367      16047      0.428      0.166      0.144     0.0786
Replay buffer size after epoch 13: 1920 embeddings across 15 classes.
Saved 1920 replay embeddings to /home/ddwilde/scriptie/runs/dota_saab/stage3-saab3/replay/buffer.pt

      Epoch    GPU_mem   box_loss   cls_loss   dfl_loss  Instances       Size
                   all        367      16047      0.336       0.17      0.137     0.0796
Replay buffer size after epoch 14: 1920 embeddings across 15 classes.
Saved 1920 replay embeddings to /home/ddwilde/scriptie/runs/dota_saab/stage3-saab3/replay/buffer.pt

      Epoch    GPU_mem   box_loss   cls_loss   dfl_loss  Instances       Size
                   all        367      16047      0.335      0.181      0.146     0.0845
Replay buffer size after epoch 15: 1920 embeddings across 15 classes.
Saved 1920 replay embeddings to /home/ddwilde/scriptie/runs/dota_saab/stage3-saab3/replay/buffer.pt

      Epoch    GPU_mem   box_loss   cls_loss   dfl_loss  Instances       Size
                   all        367      16047       0.43      0.171      0.149     0.0876
Replay buffer size after epoch 16: 1920 embeddings across 15 classes.
Saved 1920 replay embeddings to /home/ddwilde/scriptie/runs/dota_saab/stage3-saab3/replay/buffer.pt

      Epoch    GPU_mem   box_loss   cls_loss   dfl_loss  Instances       Size
                   all        367      16047      0.378      0.182      0.144     0.0792
Replay buffer size after epoch 17: 1920 embeddings across 15 classes.
Saved 1920 replay embeddings to /home/ddwilde/scriptie/runs/dota_saab/stage3-saab3/replay/buffer.pt

      Epoch    GPU_mem   box_loss   cls_loss   dfl_loss  Instances       Size
                   all        367      16047      0.399      0.168      0.126     0.0723
Replay buffer size after epoch 18: 1920 embeddings across 15 classes.
Saved 1920 replay embeddings to /home/ddwilde/scriptie/runs/dota_saab/stage3-saab3/replay/buffer.pt

      Epoch    GPU_mem   box_loss   cls_loss   dfl_loss  Instances       Size
                   all        367      16047      0.363      0.183      0.155     0.0845
Replay buffer size after epoch 19: 1920 embeddings across 15 classes.
Saved 1920 replay embeddings to /home/ddwilde/scriptie/runs/dota_saab/stage3-saab3/replay/buffer.pt

      Epoch    GPU_mem   box_loss   cls_loss   dfl_loss  Instances       Size
                   all        367      16047      0.447      0.207       0.18      0.107
Replay buffer size after epoch 20: 1920 embeddings across 15 classes.
Saved 1920 replay embeddings to /home/ddwilde/scriptie/runs/dota_saab/stage3-saab3/replay/buffer.pt

      Epoch    GPU_mem   box_loss   cls_loss   dfl_loss  Instances       Size
                   all        367      16047      0.443      0.219      0.171      0.101
Replay buffer size after epoch 21: 1920 embeddings across 15 classes.
Saved 1920 replay embeddings to /home/ddwilde/scriptie/runs/dota_saab/stage3-saab3/replay/buffer.pt

      Epoch    GPU_mem   box_loss   cls_loss   dfl_loss  Instances       Size
                   all        367      16047      0.427      0.206      0.172      0.104
Replay buffer size after epoch 22: 1920 embeddings across 15 classes.
Saved 1920 replay embeddings to /home/ddwilde/scriptie/runs/dota_saab/stage3-saab3/replay/buffer.pt

      Epoch    GPU_mem   box_loss   cls_loss   dfl_loss  Instances       Size
                   all        367      16047       0.36      0.186      0.156     0.0899
Replay buffer size after epoch 23: 1920 embeddings across 15 classes.
Saved 1920 replay embeddings to /home/ddwilde/scriptie/runs/dota_saab/stage3-saab3/replay/buffer.pt

      Epoch    GPU_mem   box_loss   cls_loss   dfl_loss  Instances       Size
                   all        367      16047      0.464      0.217      0.178      0.104
Replay buffer size after epoch 24: 1920 embeddings across 15 classes.
Saved 1920 replay embeddings to /home/ddwilde/scriptie/runs/dota_saab/stage3-saab3/replay/buffer.pt

      Epoch    GPU_mem   box_loss   cls_loss   dfl_loss  Instances       Size
                   all        367      16047      0.534      0.213      0.183      0.105
Replay buffer size after epoch 25: 1920 embeddings across 15 classes.
Saved 1920 replay embeddings to /home/ddwilde/scriptie/runs/dota_saab/stage3-saab3/replay/buffer.pt

      Epoch    GPU_mem   box_loss   cls_loss   dfl_loss  Instances       Size
                   all        367      16047      0.469      0.178       0.15     0.0843
Replay buffer size after epoch 26: 1920 embeddings across 15 classes.
Saved 1920 replay embeddings to /home/ddwilde/scriptie/runs/dota_saab/stage3-saab3/replay/buffer.pt

      Epoch    GPU_mem   box_loss   cls_loss   dfl_loss  Instances       Size
                   all        367      16047      0.459      0.212      0.168     0.0963
Replay buffer size after epoch 27: 1920 embeddings across 15 classes.
Saved 1920 replay embeddings to /home/ddwilde/scriptie/runs/dota_saab/stage3-saab3/replay/buffer.pt

      Epoch    GPU_mem   box_loss   cls_loss   dfl_loss  Instances       Size
                   all        367      16047      0.384      0.205       0.16     0.0909
Replay buffer size after epoch 28: 1920 embeddings across 15 classes.
Saved 1920 replay embeddings to /home/ddwilde/scriptie/runs/dota_saab/stage3-saab3/replay/buffer.pt

      Epoch    GPU_mem   box_loss   cls_loss   dfl_loss  Instances       Size
                   all        367      16047      0.369      0.196      0.168     0.0993
Replay buffer size after epoch 29: 1920 embeddings across 15 classes.
Saved 1920 replay embeddings to /home/ddwilde/scriptie/runs/dota_saab/stage3-saab3/replay/buffer.pt

      Epoch    GPU_mem   box_loss   cls_loss   dfl_loss  Instances       Size
                   all        367      16047      0.401      0.201       0.16     0.0924
Replay buffer size after epoch 30: 1920 embeddings across 15 classes.
Saved 1920 replay embeddings to /home/ddwilde/scriptie/runs/dota_saab/stage3-saab3/replay/buffer.pt

      Epoch    GPU_mem   box_loss   cls_loss   dfl_loss  Instances       Size
                   all        367      16047      0.405      0.208      0.173     0.0997
Replay buffer size after epoch 31: 1920 embeddings across 15 classes.
Saved 1920 replay embeddings to /home/ddwilde/scriptie/runs/dota_saab/stage3-saab3/replay/buffer.pt

      Epoch    GPU_mem   box_loss   cls_loss   dfl_loss  Instances       Size
                   all        367      16047      0.413       0.19      0.156     0.0886
Replay buffer size after epoch 32: 1920 embeddings across 15 classes.
Saved 1920 replay embeddings to /home/ddwilde/scriptie/runs/dota_saab/stage3-saab3/replay/buffer.pt

      Epoch    GPU_mem   box_loss   cls_loss   dfl_loss  Instances       Size
                   all        367      16047        0.4      0.195      0.149     0.0819
Replay buffer size after epoch 33: 1920 embeddings across 15 classes.
Saved 1920 replay embeddings to /home/ddwilde/scriptie/runs/dota_saab/stage3-saab3/replay/buffer.pt

      Epoch    GPU_mem   box_loss   cls_loss   dfl_loss  Instances       Size
                   all        367      16047      0.448      0.196       0.16     0.0913
Replay buffer size after epoch 34: 1920 embeddings across 15 classes.
Saved 1920 replay embeddings to /home/ddwilde/scriptie/runs/dota_saab/stage3-saab3/replay/buffer.pt

      Epoch    GPU_mem   box_loss   cls_loss   dfl_loss  Instances       Size
                   all        367      16047      0.399      0.201      0.163     0.0948
Replay buffer size after epoch 35: 1920 embeddings across 15 classes.
Saved 1920 replay embeddings to /home/ddwilde/scriptie/runs/dota_saab/stage3-saab3/replay/buffer.pt

      Epoch    GPU_mem   box_loss   cls_loss   dfl_loss  Instances       Size
                   all        367      16047      0.392       0.19      0.155     0.0899
Replay buffer size after epoch 36: 1920 embeddings across 15 classes.
Saved 1920 replay embeddings to /home/ddwilde/scriptie/runs/dota_saab/stage3-saab3/replay/buffer.pt

      Epoch    GPU_mem   box_loss   cls_loss   dfl_loss  Instances       Size
                   all        367      16047      0.426      0.202      0.159      0.092
Replay buffer size after epoch 37: 1920 embeddings across 15 classes.
Saved 1920 replay embeddings to /home/ddwilde/scriptie/runs/dota_saab/stage3-saab3/replay/buffer.pt

      Epoch    GPU_mem   box_loss   cls_loss   dfl_loss  Instances       Size
                   all        367      16047       0.46       0.21       0.18      0.104
Replay buffer size after epoch 38: 1920 embeddings across 15 classes.
Saved 1920 replay embeddings to /home/ddwilde/scriptie/runs/dota_saab/stage3-saab3/replay/buffer.pt

      Epoch    GPU_mem   box_loss   cls_loss   dfl_loss  Instances       Size
                   all        367      16047      0.465      0.182      0.147     0.0841
Replay buffer size after epoch 39: 1920 embeddings across 15 classes.
Saved 1920 replay embeddings to /home/ddwilde/scriptie/runs/dota_saab/stage3-saab3/replay/buffer.pt

      Epoch    GPU_mem   box_loss   cls_loss   dfl_loss  Instances       Size
                   all        367      16047      0.417      0.205      0.169     0.0969
Replay buffer size after epoch 40: 1920 embeddings across 15 classes.
Saved 1920 replay embeddings to /home/ddwilde/scriptie/runs/dota_saab/stage3-saab3/replay/buffer.pt
Closing dataloader mosaic

      Epoch    GPU_mem   box_loss   cls_loss   dfl_loss  Instances       Size
                   all        367      16047       0.46      0.245      0.211      0.126
Replay buffer size after epoch 41: 1920 embeddings across 15 classes.
Saved 1920 replay embeddings to /home/ddwilde/scriptie/runs/dota_saab/stage3-saab3/replay/buffer.pt

      Epoch    GPU_mem   box_loss   cls_loss   dfl_loss  Instances       Size
                   all        367      16047      0.447      0.235      0.198      0.119
Replay buffer size after epoch 42: 1920 embeddings across 15 classes.
Saved 1920 replay embeddings to /home/ddwilde/scriptie/runs/dota_saab/stage3-saab3/replay/buffer.pt

      Epoch    GPU_mem   box_loss   cls_loss   dfl_loss  Instances       Size
                   all        367      16047      0.421      0.222      0.186      0.111
Replay buffer size after epoch 43: 1920 embeddings across 15 classes.
Saved 1920 replay embeddings to /home/ddwilde/scriptie/runs/dota_saab/stage3-saab3/replay/buffer.pt

      Epoch    GPU_mem   box_loss   cls_loss   dfl_loss  Instances       Size
                   all        367      16047      0.407      0.216      0.181      0.106
Replay buffer size after epoch 44: 1920 embeddings across 15 classes.
Saved 1920 replay embeddings to /home/ddwilde/scriptie/runs/dota_saab/stage3-saab3/replay/buffer.pt

      Epoch    GPU_mem   box_loss   cls_loss   dfl_loss  Instances       Size
                   all        367      16047      0.424      0.225      0.182      0.109
Replay buffer size after epoch 45: 1920 embeddings across 15 classes.
Saved 1920 replay embeddings to /home/ddwilde/scriptie/runs/dota_saab/stage3-saab3/replay/buffer.pt

      Epoch    GPU_mem   box_loss   cls_loss   dfl_loss  Instances       Size
                   all        367      16047      0.402      0.206      0.174      0.103
Replay buffer size after epoch 46: 1920 embeddings across 15 classes.
Saved 1920 replay embeddings to /home/ddwilde/scriptie/runs/dota_saab/stage3-saab3/replay/buffer.pt

      Epoch    GPU_mem   box_loss   cls_loss   dfl_loss  Instances       Size
                   all        367      16047      0.385      0.213      0.179      0.107
Replay buffer size after epoch 47: 1920 embeddings across 15 classes.
Saved 1920 replay embeddings to /home/ddwilde/scriptie/runs/dota_saab/stage3-saab3/replay/buffer.pt

      Epoch    GPU_mem   box_loss   cls_loss   dfl_loss  Instances       Size
                   all        367      16047      0.399       0.21      0.181      0.108
Replay buffer size after epoch 48: 1920 embeddings across 15 classes.
Saved 1920 replay embeddings to /home/ddwilde/scriptie/runs/dota_saab/stage3-saab3/replay/buffer.pt

      Epoch    GPU_mem   box_loss   cls_loss   dfl_loss  Instances       Size
                   all        367      16047      0.392      0.191      0.167      0.099
Replay buffer size after epoch 49: 1920 embeddings across 15 classes.
Saved 1920 replay embeddings to /home/ddwilde/scriptie/runs/dota_saab/stage3-saab3/replay/buffer.pt

      Epoch    GPU_mem   box_loss   cls_loss   dfl_loss  Instances       Size
                   all        367      16047      0.383      0.188      0.164     0.0975
Replay buffer size after epoch 50: 1920 embeddings across 15 classes.
Saved 1920 replay embeddings to /home/ddwilde/scriptie/runs/dota_saab/stage3-saab3/replay/buffer.pt

50 epochs completed in 1.548 hours.
Optimizer stripped from /home/ddwilde/scriptie/runs/dota_saab/stage3-saab3/weights/last.pt, 19.5MB
Optimizer stripped from /home/ddwilde/scriptie/runs/dota_saab/stage3-saab3/weights/best.pt, 19.5MB

Validating /home/ddwilde/scriptie/runs/dota_saab/stage3-saab3/weights/best.pt...
EDNet 1.0 ✅ Python-3.10.4 ✅ torch-2.8.0+cu128 ✅CUDA:0 (NVIDIA A100-SXM4-40GB, 40441MiB)
Skipping layer fusion for LoRA-enabled model during weight loading.
                   all        367      16047       0.46      0.245      0.211      0.126
                 plane         28       1450      0.497       0.52      0.395       0.22
                  ship         38       2811      0.314       0.56      0.213      0.109
          storage-tank         34       1146      0.257      0.165      0.136     0.0678
      baseball-diamond         46        185      0.461      0.211      0.206      0.106
          tennis-court         75        639      0.594      0.563      0.581      0.453
      basketball-court         28        110      0.422      0.336      0.292      0.178
    ground-track-field         58        119      0.555      0.185      0.193      0.119
                harbor         40        586      0.187      0.604      0.241      0.128
                bridge         42        217          1          0    0.00246   0.000842
         large-vehicle         83       3527      0.784      0.097      0.351      0.231
         small-vehicle         99       4549      0.345      0.035      0.118       0.07
            helicopter          7         42      0.415     0.0476     0.0858     0.0446
            roundabout         49        142       0.29    0.00612     0.0107    0.00365
     soccer-ball-field         52        127      0.388      0.283      0.242      0.125
         swimming-pool         34        397      0.388      0.068      0.102     0.0401
Speed: 0.2ms preprocess, 2.9ms inference, 0.0ms loss, 0.1ms postprocess per image
Results saved to [1m/home/ddwilde/scriptie/runs/dota_saab/stage3-saab3[0m
Training finished. Results saved in: /home/ddwilde/scriptie/runs/dota_saab/stage3-saab3
