EDNet 1.0 ✅ Python-3.10.4 ✅ torch-2.8.0+cu128 ✅CUDA:0 (NVIDIA A100-SXM4-40GB, 40441MiB)
[34m[1mengine/trainer: [0mtask=detect, mode=train, model=/home/ddwilde/scriptie/pretrained/small.pt, data=/home/ddwilde/scriptie/yaml/DOTA-stage1.yaml, epochs=30, time=None, patience=100, batch=4, imgsz=640, save=True, save_period=-1, cache=False, device=None, workers=8, project=/home/ddwilde/scriptie/runs/dota_saab, name=stage1-saab, exist_ok=False, pretrained=True, optimizer=auto, verbose=True, seed=0, deterministic=True, single_cls=False, rect=False, cos_lr=False, close_mosaic=10, resume=False, amp=True, fraction=1.0, profile=False, freeze=None, multi_scale=False, lora={'enable': True, 'freeze_backbone': True}, continual={'enable': False, 'batches': [], 'adapter_strategy': 'last', 'save_history': True}, replay={'enable': True, 'buffer_per_class': 128, 'sample_per_batch': 32, 'loss_weight': 1.0, 'tiny_max_pixels': 320}, overlap_mask=True, mask_ratio=4, dropout=0.0, val=True, split=val, save_json=False, save_hybrid=False, conf=None, iou=0.7, max_det=300, half=False, dnn=False, plots=True, source=None, vid_stride=1, stream_buffer=False, visualize=False, augment=False, agnostic_nms=False, classes=None, retina_masks=False, embed=None, show=False, save_frames=False, save_txt=False, save_conf=False, save_crop=False, show_labels=True, show_conf=True, show_boxes=True, line_width=None, format=torchscript, keras=False, optimize=False, int8=False, dynamic=False, simplify=False, opset=None, workspace=4, nms=False, lr0=0.01, lrf=0.01, momentum=0.937, weight_decay=0.0005, warmup_epochs=3.0, warmup_momentum=0.8, warmup_bias_lr=0.1, box=7.5, cls=0.5, dfl=1.5, pose=12.0, kobj=1.0, label_smoothing=0.0, nbs=64, hsv_h=0.015, hsv_s=0.7, hsv_v=0.4, degrees=0.0, translate=0.1, scale=0.5, shear=0.0, perspective=0.0, flipud=0.0, fliplr=0.5, bgr=0.0, mosaic=1.0, mixup=0.0, copy_paste=0.0, auto_augment=randaugment, erasing=0.4, crop_fraction=1.0, cfg=None, tracker=botsort.yaml, save_dir=/home/ddwilde/scriptie/runs/dota_saab/stage1-saab
Overriding model.yaml nc=10 with nc=15

                   from  n    params  module                                       arguments                     
  0                  -1  1       928  ednet.nn.modules.conv.Conv                   [3, 32, 3, 2]                 
  1                  -1  1     18560  ednet.nn.modules.conv.Conv                   [32, 64, 3, 2]                
  2                  -1  1     29056  ednet.nn.modules.block.C2f                   [64, 64, 1, True]             
  3                  -1  1     73984  ednet.nn.modules.conv.Conv                   [64, 128, 3, 2]               
  4                  -1  2    197632  ednet.nn.modules.block.C2f                   [128, 128, 2, True]           
  5                  -1  1    295424  ednet.nn.modules.conv.Conv                   [128, 256, 3, 2]              
  6                  -1  2    420864  ednet.nn.modules.block.C2f_FCA               [256, 256, 2, True]           
  7                  -1  1   1180672  ednet.nn.modules.conv.Conv                   [256, 512, 3, 2]              
  8                  -1  1   1095680  ednet.nn.modules.block.C2f_FCA               [512, 512, 1, True]           
  9                  -1  1    656896  ednet.nn.modules.block.SPPF                  [512, 512, 5]                 
 10                  -1  1    990976  ednet.nn.modules.block.PSA                   [512, 512]                    
 11                  -1  1         0  torch.nn.modules.upsampling.Upsample         [None, 2, 'nearest']          
 12             [-1, 6]  1         0  ednet.nn.modules.conv.Concat                 [1]                           
 13                  -1  1    591360  ednet.nn.modules.block.C2f                   [768, 256, 1]                 
 14                  -1  1         0  torch.nn.modules.upsampling.Upsample         [None, 2, 'nearest']          
 15             [-1, 4]  1         0  ednet.nn.modules.conv.Concat                 [1]                           
 16                  -1  1    148224  ednet.nn.modules.block.C2f                   [384, 128, 1]                 
 17                  -1  1         0  torch.nn.modules.upsampling.Upsample         [None, 2, 'nearest']          
 18             [-1, 2]  1         0  ednet.nn.modules.conv.Concat                 [1]                           
 19                  -1  1     37248  ednet.nn.modules.block.C2f                   [192, 64, 1]                  
 20                  -1  1     36992  ednet.nn.modules.conv.Conv                   [64, 64, 3, 2]                
 21            [-1, 16]  1         0  ednet.nn.modules.conv.Concat                 [1]                           
 22                  -1  1    123648  ednet.nn.modules.block.C2f                   [192, 128, 1]                 
 23                  -1  1    147712  ednet.nn.modules.conv.Conv                   [128, 128, 3, 2]              
 24            [-1, 13]  1         0  ednet.nn.modules.conv.Concat                 [1]                           
 25                  -1  1    493056  ednet.nn.modules.block.C2f                   [384, 256, 1]                 
 26                  -1  1     68864  ednet.nn.modules.block.SCDown                [256, 256, 3, 2]              
 27             [-1, 9]  1         0  ednet.nn.modules.conv.Concat                 [1]                           
 28                  -1  1   1089536  ednet.nn.modules.block.C2fCIB                [768, 512, 1, True, True]     
 29    [19, 22, 25, 28]  1   1628424  ednet.nn.modules.head.v10Detect              [15, [64, 128, 256, 512]]     
ednet-s summary: 510 layers, 9,325,736 parameters, 9,325,720 gradients

Transferred 737/753 items from pretrained weights
LoRA enabled: 28 adapters (rank=8, alpha=16.0, freeze_backbone=True)
Replay feature tapper initialized for layers: ['P3', 'P4']
[34m[1mTensorBoard: [0mStart with 'tensorboard --logdir /home/ddwilde/scriptie/runs/dota_saab/stage1-saab', view at http://localhost:6006/
WARNING ⚠️ setting 'requires_grad=True' for frozen layer 'model.0.conv.weight'. See ednet.engine.trainer for customization of frozen layers.
WARNING ⚠️ setting 'requires_grad=True' for frozen layer 'model.0.bn.weight'. See ednet.engine.trainer for customization of frozen layers.
WARNING ⚠️ setting 'requires_grad=True' for frozen layer 'model.0.bn.bias'. See ednet.engine.trainer for customization of frozen layers.
WARNING ⚠️ setting 'requires_grad=True' for frozen layer 'model.1.conv.weight'. See ednet.engine.trainer for customization of frozen layers.
WARNING ⚠️ setting 'requires_grad=True' for frozen layer 'model.1.bn.weight'. See ednet.engine.trainer for customization of frozen layers.
WARNING ⚠️ setting 'requires_grad=True' for frozen layer 'model.1.bn.bias'. See ednet.engine.trainer for customization of frozen layers.
WARNING ⚠️ setting 'requires_grad=True' for frozen layer 'model.2.cv1.conv.weight'. See ednet.engine.trainer for customization of frozen layers.
WARNING ⚠️ setting 'requires_grad=True' for frozen layer 'model.2.cv1.bn.weight'. See ednet.engine.trainer for customization of frozen layers.
WARNING ⚠️ setting 'requires_grad=True' for frozen layer 'model.2.cv1.bn.bias'. See ednet.engine.trainer for customization of frozen layers.
WARNING ⚠️ setting 'requires_grad=True' for frozen layer 'model.2.cv2.conv.weight'. See ednet.engine.trainer for customization of frozen layers.
WARNING ⚠️ setting 'requires_grad=True' for frozen layer 'model.2.cv2.bn.weight'. See ednet.engine.trainer for customization of frozen layers.
WARNING ⚠️ setting 'requires_grad=True' for frozen layer 'model.2.cv2.bn.bias'. See ednet.engine.trainer for customization of frozen layers.
WARNING ⚠️ setting 'requires_grad=True' for frozen layer 'model.2.m.0.cv1.conv.weight'. See ednet.engine.trainer for customization of frozen layers.
WARNING ⚠️ setting 'requires_grad=True' for frozen layer 'model.2.m.0.cv1.bn.weight'. See ednet.engine.trainer for customization of frozen layers.
WARNING ⚠️ setting 'requires_grad=True' for frozen layer 'model.2.m.0.cv1.bn.bias'. See ednet.engine.trainer for customization of frozen layers.
WARNING ⚠️ setting 'requires_grad=True' for frozen layer 'model.2.m.0.cv2.conv.weight'. See ednet.engine.trainer for customization of frozen layers.
WARNING ⚠️ setting 'requires_grad=True' for frozen layer 'model.2.m.0.cv2.bn.weight'. See ednet.engine.trainer for customization of frozen layers.
WARNING ⚠️ setting 'requires_grad=True' for frozen layer 'model.2.m.0.cv2.bn.bias'. See ednet.engine.trainer for customization of frozen layers.
WARNING ⚠️ setting 'requires_grad=True' for frozen layer 'model.3.conv.weight'. See ednet.engine.trainer for customization of frozen layers.
WARNING ⚠️ setting 'requires_grad=True' for frozen layer 'model.3.bn.weight'. See ednet.engine.trainer for customization of frozen layers.
WARNING ⚠️ setting 'requires_grad=True' for frozen layer 'model.3.bn.bias'. See ednet.engine.trainer for customization of frozen layers.
WARNING ⚠️ setting 'requires_grad=True' for frozen layer 'model.4.cv1.conv.weight'. See ednet.engine.trainer for customization of frozen layers.
WARNING ⚠️ setting 'requires_grad=True' for frozen layer 'model.4.cv1.bn.weight'. See ednet.engine.trainer for customization of frozen layers.
WARNING ⚠️ setting 'requires_grad=True' for frozen layer 'model.4.cv1.bn.bias'. See ednet.engine.trainer for customization of frozen layers.
WARNING ⚠️ setting 'requires_grad=True' for frozen layer 'model.4.cv2.conv.weight'. See ednet.engine.trainer for customization of frozen layers.
WARNING ⚠️ setting 'requires_grad=True' for frozen layer 'model.4.cv2.bn.weight'. See ednet.engine.trainer for customization of frozen layers.
WARNING ⚠️ setting 'requires_grad=True' for frozen layer 'model.4.cv2.bn.bias'. See ednet.engine.trainer for customization of frozen layers.
WARNING ⚠️ setting 'requires_grad=True' for frozen layer 'model.4.m.0.cv1.conv.weight'. See ednet.engine.trainer for customization of frozen layers.
WARNING ⚠️ setting 'requires_grad=True' for frozen layer 'model.4.m.0.cv1.bn.weight'. See ednet.engine.trainer for customization of frozen layers.
WARNING ⚠️ setting 'requires_grad=True' for frozen layer 'model.4.m.0.cv1.bn.bias'. See ednet.engine.trainer for customization of frozen layers.
WARNING ⚠️ setting 'requires_grad=True' for frozen layer 'model.4.m.0.cv2.conv.weight'. See ednet.engine.trainer for customization of frozen layers.
WARNING ⚠️ setting 'requires_grad=True' for frozen layer 'model.4.m.0.cv2.bn.weight'. See ednet.engine.trainer for customization of frozen layers.
WARNING ⚠️ setting 'requires_grad=True' for frozen layer 'model.4.m.0.cv2.bn.bias'. See ednet.engine.trainer for customization of frozen layers.
WARNING ⚠️ setting 'requires_grad=True' for frozen layer 'model.4.m.1.cv1.conv.weight'. See ednet.engine.trainer for customization of frozen layers.
WARNING ⚠️ setting 'requires_grad=True' for frozen layer 'model.4.m.1.cv1.bn.weight'. See ednet.engine.trainer for customization of frozen layers.
WARNING ⚠️ setting 'requires_grad=True' for frozen layer 'model.4.m.1.cv1.bn.bias'. See ednet.engine.trainer for customization of frozen layers.
WARNING ⚠️ setting 'requires_grad=True' for frozen layer 'model.4.m.1.cv2.conv.weight'. See ednet.engine.trainer for customization of frozen layers.
WARNING ⚠️ setting 'requires_grad=True' for frozen layer 'model.4.m.1.cv2.bn.weight'. See ednet.engine.trainer for customization of frozen layers.
WARNING ⚠️ setting 'requires_grad=True' for frozen layer 'model.4.m.1.cv2.bn.bias'. See ednet.engine.trainer for customization of frozen layers.
WARNING ⚠️ setting 'requires_grad=True' for frozen layer 'model.5.conv.weight'. See ednet.engine.trainer for customization of frozen layers.
WARNING ⚠️ setting 'requires_grad=True' for frozen layer 'model.5.bn.weight'. See ednet.engine.trainer for customization of frozen layers.
WARNING ⚠️ setting 'requires_grad=True' for frozen layer 'model.5.bn.bias'. See ednet.engine.trainer for customization of frozen layers.
WARNING ⚠️ setting 'requires_grad=True' for frozen layer 'model.6.cv1.conv.weight'. See ednet.engine.trainer for customization of frozen layers.
WARNING ⚠️ setting 'requires_grad=True' for frozen layer 'model.6.cv1.bn.weight'. See ednet.engine.trainer for customization of frozen layers.
WARNING ⚠️ setting 'requires_grad=True' for frozen layer 'model.6.cv1.bn.bias'. See ednet.engine.trainer for customization of frozen layers.
WARNING ⚠️ setting 'requires_grad=True' for frozen layer 'model.6.cv2.conv.weight'. See ednet.engine.trainer for customization of frozen layers.
WARNING ⚠️ setting 'requires_grad=True' for frozen layer 'model.6.cv2.bn.weight'. See ednet.engine.trainer for customization of frozen layers.
WARNING ⚠️ setting 'requires_grad=True' for frozen layer 'model.6.cv2.bn.bias'. See ednet.engine.trainer for customization of frozen layers.
WARNING ⚠️ setting 'requires_grad=True' for frozen layer 'model.6.m.0.mlp.0.conv.weight'. See ednet.engine.trainer for customization of frozen layers.
WARNING ⚠️ setting 'requires_grad=True' for frozen layer 'model.6.m.0.mlp.0.bn.weight'. See ednet.engine.trainer for customization of frozen layers.
WARNING ⚠️ setting 'requires_grad=True' for frozen layer 'model.6.m.0.mlp.0.bn.bias'. See ednet.engine.trainer for customization of frozen layers.
WARNING ⚠️ setting 'requires_grad=True' for frozen layer 'model.6.m.0.mlp.1.weight'. See ednet.engine.trainer for customization of frozen layers.
WARNING ⚠️ setting 'requires_grad=True' for frozen layer 'model.6.m.0.spatial_mixing.PConv3.weight'. See ednet.engine.trainer for customization of frozen layers.
WARNING ⚠️ setting 'requires_grad=True' for frozen layer 'model.6.m.0.attention.conv1.conv.weight'. See ednet.engine.trainer for customization of frozen layers.
WARNING ⚠️ setting 'requires_grad=True' for frozen layer 'model.6.m.0.attention.conv1.bn.weight'. See ednet.engine.trainer for customization of frozen layers.
WARNING ⚠️ setting 'requires_grad=True' for frozen layer 'model.6.m.0.attention.conv1.bn.bias'. See ednet.engine.trainer for customization of frozen layers.
WARNING ⚠️ setting 'requires_grad=True' for frozen layer 'model.6.m.0.attention.h_conv.conv.weight'. See ednet.engine.trainer for customization of frozen layers.
WARNING ⚠️ setting 'requires_grad=True' for frozen layer 'model.6.m.0.attention.h_conv.conv.bias'. See ednet.engine.trainer for customization of frozen layers.
WARNING ⚠️ setting 'requires_grad=True' for frozen layer 'model.6.m.0.attention.v_conv.conv.weight'. See ednet.engine.trainer for customization of frozen layers.
WARNING ⚠️ setting 'requires_grad=True' for frozen layer 'model.6.m.0.attention.v_conv.conv.bias'. See ednet.engine.trainer for customization of frozen layers.
WARNING ⚠️ setting 'requires_grad=True' for frozen layer 'model.6.m.0.attention.conv2.conv.weight'. See ednet.engine.trainer for customization of frozen layers.
WARNING ⚠️ setting 'requires_grad=True' for frozen layer 'model.6.m.0.attention.conv2.bn.weight'. See ednet.engine.trainer for customization of frozen layers.
WARNING ⚠️ setting 'requires_grad=True' for frozen layer 'model.6.m.0.attention.conv2.bn.bias'. See ednet.engine.trainer for customization of frozen layers.
WARNING ⚠️ setting 'requires_grad=True' for frozen layer 'model.6.m.1.mlp.0.conv.weight'. See ednet.engine.trainer for customization of frozen layers.
WARNING ⚠️ setting 'requires_grad=True' for frozen layer 'model.6.m.1.mlp.0.bn.weight'. See ednet.engine.trainer for customization of frozen layers.
WARNING ⚠️ setting 'requires_grad=True' for frozen layer 'model.6.m.1.mlp.0.bn.bias'. See ednet.engine.trainer for customization of frozen layers.
WARNING ⚠️ setting 'requires_grad=True' for frozen layer 'model.6.m.1.mlp.1.weight'. See ednet.engine.trainer for customization of frozen layers.
WARNING ⚠️ setting 'requires_grad=True' for frozen layer 'model.6.m.1.spatial_mixing.PConv3.weight'. See ednet.engine.trainer for customization of frozen layers.
WARNING ⚠️ setting 'requires_grad=True' for frozen layer 'model.6.m.1.attention.conv1.conv.weight'. See ednet.engine.trainer for customization of frozen layers.
WARNING ⚠️ setting 'requires_grad=True' for frozen layer 'model.6.m.1.attention.conv1.bn.weight'. See ednet.engine.trainer for customization of frozen layers.
WARNING ⚠️ setting 'requires_grad=True' for frozen layer 'model.6.m.1.attention.conv1.bn.bias'. See ednet.engine.trainer for customization of frozen layers.
WARNING ⚠️ setting 'requires_grad=True' for frozen layer 'model.6.m.1.attention.h_conv.conv.weight'. See ednet.engine.trainer for customization of frozen layers.
WARNING ⚠️ setting 'requires_grad=True' for frozen layer 'model.6.m.1.attention.h_conv.conv.bias'. See ednet.engine.trainer for customization of frozen layers.
WARNING ⚠️ setting 'requires_grad=True' for frozen layer 'model.6.m.1.attention.v_conv.conv.weight'. See ednet.engine.trainer for customization of frozen layers.
WARNING ⚠️ setting 'requires_grad=True' for frozen layer 'model.6.m.1.attention.v_conv.conv.bias'. See ednet.engine.trainer for customization of frozen layers.
WARNING ⚠️ setting 'requires_grad=True' for frozen layer 'model.6.m.1.attention.conv2.conv.weight'. See ednet.engine.trainer for customization of frozen layers.
WARNING ⚠️ setting 'requires_grad=True' for frozen layer 'model.6.m.1.attention.conv2.bn.weight'. See ednet.engine.trainer for customization of frozen layers.
WARNING ⚠️ setting 'requires_grad=True' for frozen layer 'model.6.m.1.attention.conv2.bn.bias'. See ednet.engine.trainer for customization of frozen layers.
WARNING ⚠️ setting 'requires_grad=True' for frozen layer 'model.7.conv.weight'. See ednet.engine.trainer for customization of frozen layers.
WARNING ⚠️ setting 'requires_grad=True' for frozen layer 'model.7.bn.weight'. See ednet.engine.trainer for customization of frozen layers.
WARNING ⚠️ setting 'requires_grad=True' for frozen layer 'model.7.bn.bias'. See ednet.engine.trainer for customization of frozen layers.
WARNING ⚠️ setting 'requires_grad=True' for frozen layer 'model.8.cv1.conv.weight'. See ednet.engine.trainer for customization of frozen layers.
WARNING ⚠️ setting 'requires_grad=True' for frozen layer 'model.8.cv1.bn.weight'. See ednet.engine.trainer for customization of frozen layers.
WARNING ⚠️ setting 'requires_grad=True' for frozen layer 'model.8.cv1.bn.bias'. See ednet.engine.trainer for customization of frozen layers.
WARNING ⚠️ setting 'requires_grad=True' for frozen layer 'model.8.cv2.conv.weight'. See ednet.engine.trainer for customization of frozen layers.
WARNING ⚠️ setting 'requires_grad=True' for frozen layer 'model.8.cv2.bn.weight'. See ednet.engine.trainer for customization of frozen layers.
WARNING ⚠️ setting 'requires_grad=True' for frozen layer 'model.8.cv2.bn.bias'. See ednet.engine.trainer for customization of frozen layers.
WARNING ⚠️ setting 'requires_grad=True' for frozen layer 'model.8.m.0.mlp.0.conv.weight'. See ednet.engine.trainer for customization of frozen layers.
WARNING ⚠️ setting 'requires_grad=True' for frozen layer 'model.8.m.0.mlp.0.bn.weight'. See ednet.engine.trainer for customization of frozen layers.
WARNING ⚠️ setting 'requires_grad=True' for frozen layer 'model.8.m.0.mlp.0.bn.bias'. See ednet.engine.trainer for customization of frozen layers.
WARNING ⚠️ setting 'requires_grad=True' for frozen layer 'model.8.m.0.mlp.1.weight'. See ednet.engine.trainer for customization of frozen layers.
WARNING ⚠️ setting 'requires_grad=True' for frozen layer 'model.8.m.0.spatial_mixing.PConv3.weight'. See ednet.engine.trainer for customization of frozen layers.
WARNING ⚠️ setting 'requires_grad=True' for frozen layer 'model.8.m.0.attention.conv1.conv.weight'. See ednet.engine.trainer for customization of frozen layers.
WARNING ⚠️ setting 'requires_grad=True' for frozen layer 'model.8.m.0.attention.conv1.bn.weight'. See ednet.engine.trainer for customization of frozen layers.
WARNING ⚠️ setting 'requires_grad=True' for frozen layer 'model.8.m.0.attention.conv1.bn.bias'. See ednet.engine.trainer for customization of frozen layers.
WARNING ⚠️ setting 'requires_grad=True' for frozen layer 'model.8.m.0.attention.h_conv.conv.weight'. See ednet.engine.trainer for customization of frozen layers.
WARNING ⚠️ setting 'requires_grad=True' for frozen layer 'model.8.m.0.attention.h_conv.conv.bias'. See ednet.engine.trainer for customization of frozen layers.
WARNING ⚠️ setting 'requires_grad=True' for frozen layer 'model.8.m.0.attention.v_conv.conv.weight'. See ednet.engine.trainer for customization of frozen layers.
WARNING ⚠️ setting 'requires_grad=True' for frozen layer 'model.8.m.0.attention.v_conv.conv.bias'. See ednet.engine.trainer for customization of frozen layers.
WARNING ⚠️ setting 'requires_grad=True' for frozen layer 'model.8.m.0.attention.conv2.conv.weight'. See ednet.engine.trainer for customization of frozen layers.
WARNING ⚠️ setting 'requires_grad=True' for frozen layer 'model.8.m.0.attention.conv2.bn.weight'. See ednet.engine.trainer for customization of frozen layers.
WARNING ⚠️ setting 'requires_grad=True' for frozen layer 'model.8.m.0.attention.conv2.bn.bias'. See ednet.engine.trainer for customization of frozen layers.
WARNING ⚠️ setting 'requires_grad=True' for frozen layer 'model.9.cv1.conv.weight'. See ednet.engine.trainer for customization of frozen layers.
WARNING ⚠️ setting 'requires_grad=True' for frozen layer 'model.9.cv1.bn.weight'. See ednet.engine.trainer for customization of frozen layers.
WARNING ⚠️ setting 'requires_grad=True' for frozen layer 'model.9.cv1.bn.bias'. See ednet.engine.trainer for customization of frozen layers.
WARNING ⚠️ setting 'requires_grad=True' for frozen layer 'model.9.cv2.conv.weight'. See ednet.engine.trainer for customization of frozen layers.
WARNING ⚠️ setting 'requires_grad=True' for frozen layer 'model.9.cv2.bn.weight'. See ednet.engine.trainer for customization of frozen layers.
WARNING ⚠️ setting 'requires_grad=True' for frozen layer 'model.9.cv2.bn.bias'. See ednet.engine.trainer for customization of frozen layers.
WARNING ⚠️ setting 'requires_grad=True' for frozen layer 'model.10.cv1.conv.weight'. See ednet.engine.trainer for customization of frozen layers.
WARNING ⚠️ setting 'requires_grad=True' for frozen layer 'model.10.cv1.bn.weight'. See ednet.engine.trainer for customization of frozen layers.
WARNING ⚠️ setting 'requires_grad=True' for frozen layer 'model.10.cv1.bn.bias'. See ednet.engine.trainer for customization of frozen layers.
WARNING ⚠️ setting 'requires_grad=True' for frozen layer 'model.10.cv2.conv.weight'. See ednet.engine.trainer for customization of frozen layers.
WARNING ⚠️ setting 'requires_grad=True' for frozen layer 'model.10.cv2.bn.weight'. See ednet.engine.trainer for customization of frozen layers.
WARNING ⚠️ setting 'requires_grad=True' for frozen layer 'model.10.cv2.bn.bias'. See ednet.engine.trainer for customization of frozen layers.
WARNING ⚠️ setting 'requires_grad=True' for frozen layer 'model.10.attn.qkv.conv.weight'. See ednet.engine.trainer for customization of frozen layers.
WARNING ⚠️ setting 'requires_grad=True' for frozen layer 'model.10.attn.qkv.bn.weight'. See ednet.engine.trainer for customization of frozen layers.
WARNING ⚠️ setting 'requires_grad=True' for frozen layer 'model.10.attn.qkv.bn.bias'. See ednet.engine.trainer for customization of frozen layers.
WARNING ⚠️ setting 'requires_grad=True' for frozen layer 'model.10.attn.proj.conv.weight'. See ednet.engine.trainer for customization of frozen layers.
WARNING ⚠️ setting 'requires_grad=True' for frozen layer 'model.10.attn.proj.bn.weight'. See ednet.engine.trainer for customization of frozen layers.
WARNING ⚠️ setting 'requires_grad=True' for frozen layer 'model.10.attn.proj.bn.bias'. See ednet.engine.trainer for customization of frozen layers.
WARNING ⚠️ setting 'requires_grad=True' for frozen layer 'model.10.attn.pe.conv.weight'. See ednet.engine.trainer for customization of frozen layers.
WARNING ⚠️ setting 'requires_grad=True' for frozen layer 'model.10.attn.pe.bn.weight'. See ednet.engine.trainer for customization of frozen layers.
WARNING ⚠️ setting 'requires_grad=True' for frozen layer 'model.10.attn.pe.bn.bias'. See ednet.engine.trainer for customization of frozen layers.
WARNING ⚠️ setting 'requires_grad=True' for frozen layer 'model.10.ffn.0.conv.weight'. See ednet.engine.trainer for customization of frozen layers.
WARNING ⚠️ setting 'requires_grad=True' for frozen layer 'model.10.ffn.0.bn.weight'. See ednet.engine.trainer for customization of frozen layers.
WARNING ⚠️ setting 'requires_grad=True' for frozen layer 'model.10.ffn.0.bn.bias'. See ednet.engine.trainer for customization of frozen layers.
WARNING ⚠️ setting 'requires_grad=True' for frozen layer 'model.10.ffn.1.conv.weight'. See ednet.engine.trainer for customization of frozen layers.
WARNING ⚠️ setting 'requires_grad=True' for frozen layer 'model.10.ffn.1.bn.weight'. See ednet.engine.trainer for customization of frozen layers.
WARNING ⚠️ setting 'requires_grad=True' for frozen layer 'model.10.ffn.1.bn.bias'. See ednet.engine.trainer for customization of frozen layers.
WARNING ⚠️ setting 'requires_grad=True' for frozen layer 'model.13.cv1.conv.weight'. See ednet.engine.trainer for customization of frozen layers.
WARNING ⚠️ setting 'requires_grad=True' for frozen layer 'model.13.cv1.bn.weight'. See ednet.engine.trainer for customization of frozen layers.
WARNING ⚠️ setting 'requires_grad=True' for frozen layer 'model.13.cv1.bn.bias'. See ednet.engine.trainer for customization of frozen layers.
WARNING ⚠️ setting 'requires_grad=True' for frozen layer 'model.13.cv2.conv.weight'. See ednet.engine.trainer for customization of frozen layers.
WARNING ⚠️ setting 'requires_grad=True' for frozen layer 'model.13.cv2.bn.weight'. See ednet.engine.trainer for customization of frozen layers.
WARNING ⚠️ setting 'requires_grad=True' for frozen layer 'model.13.cv2.bn.bias'. See ednet.engine.trainer for customization of frozen layers.
WARNING ⚠️ setting 'requires_grad=True' for frozen layer 'model.13.m.0.cv1.conv.weight'. See ednet.engine.trainer for customization of frozen layers.
WARNING ⚠️ setting 'requires_grad=True' for frozen layer 'model.13.m.0.cv1.bn.weight'. See ednet.engine.trainer for customization of frozen layers.
WARNING ⚠️ setting 'requires_grad=True' for frozen layer 'model.13.m.0.cv1.bn.bias'. See ednet.engine.trainer for customization of frozen layers.
WARNING ⚠️ setting 'requires_grad=True' for frozen layer 'model.13.m.0.cv2.conv.weight'. See ednet.engine.trainer for customization of frozen layers.
WARNING ⚠️ setting 'requires_grad=True' for frozen layer 'model.13.m.0.cv2.bn.weight'. See ednet.engine.trainer for customization of frozen layers.
WARNING ⚠️ setting 'requires_grad=True' for frozen layer 'model.13.m.0.cv2.bn.bias'. See ednet.engine.trainer for customization of frozen layers.
WARNING ⚠️ setting 'requires_grad=True' for frozen layer 'model.16.cv1.conv.base.weight'. See ednet.engine.trainer for customization of frozen layers.
WARNING ⚠️ setting 'requires_grad=True' for frozen layer 'model.16.cv1.bn.weight'. See ednet.engine.trainer for customization of frozen layers.
WARNING ⚠️ setting 'requires_grad=True' for frozen layer 'model.16.cv1.bn.bias'. See ednet.engine.trainer for customization of frozen layers.
WARNING ⚠️ setting 'requires_grad=True' for frozen layer 'model.16.cv2.conv.base.weight'. See ednet.engine.trainer for customization of frozen layers.
WARNING ⚠️ setting 'requires_grad=True' for frozen layer 'model.16.cv2.bn.weight'. See ednet.engine.trainer for customization of frozen layers.
WARNING ⚠️ setting 'requires_grad=True' for frozen layer 'model.16.cv2.bn.bias'. See ednet.engine.trainer for customization of frozen layers.
WARNING ⚠️ setting 'requires_grad=True' for frozen layer 'model.16.m.0.cv1.conv.base.weight'. See ednet.engine.trainer for customization of frozen layers.
WARNING ⚠️ setting 'requires_grad=True' for frozen layer 'model.16.m.0.cv1.bn.weight'. See ednet.engine.trainer for customization of frozen layers.
WARNING ⚠️ setting 'requires_grad=True' for frozen layer 'model.16.m.0.cv1.bn.bias'. See ednet.engine.trainer for customization of frozen layers.
WARNING ⚠️ setting 'requires_grad=True' for frozen layer 'model.16.m.0.cv2.conv.base.weight'. See ednet.engine.trainer for customization of frozen layers.
WARNING ⚠️ setting 'requires_grad=True' for frozen layer 'model.16.m.0.cv2.bn.weight'. See ednet.engine.trainer for customization of frozen layers.
WARNING ⚠️ setting 'requires_grad=True' for frozen layer 'model.16.m.0.cv2.bn.bias'. See ednet.engine.trainer for customization of frozen layers.
WARNING ⚠️ setting 'requires_grad=True' for frozen layer 'model.19.cv1.conv.weight'. See ednet.engine.trainer for customization of frozen layers.
WARNING ⚠️ setting 'requires_grad=True' for frozen layer 'model.19.cv1.bn.weight'. See ednet.engine.trainer for customization of frozen layers.
WARNING ⚠️ setting 'requires_grad=True' for frozen layer 'model.19.cv1.bn.bias'. See ednet.engine.trainer for customization of frozen layers.
WARNING ⚠️ setting 'requires_grad=True' for frozen layer 'model.19.cv2.conv.weight'. See ednet.engine.trainer for customization of frozen layers.
WARNING ⚠️ setting 'requires_grad=True' for frozen layer 'model.19.cv2.bn.weight'. See ednet.engine.trainer for customization of frozen layers.
WARNING ⚠️ setting 'requires_grad=True' for frozen layer 'model.19.cv2.bn.bias'. See ednet.engine.trainer for customization of frozen layers.
WARNING ⚠️ setting 'requires_grad=True' for frozen layer 'model.19.m.0.cv1.conv.weight'. See ednet.engine.trainer for customization of frozen layers.
WARNING ⚠️ setting 'requires_grad=True' for frozen layer 'model.19.m.0.cv1.bn.weight'. See ednet.engine.trainer for customization of frozen layers.
WARNING ⚠️ setting 'requires_grad=True' for frozen layer 'model.19.m.0.cv1.bn.bias'. See ednet.engine.trainer for customization of frozen layers.
WARNING ⚠️ setting 'requires_grad=True' for frozen layer 'model.19.m.0.cv2.conv.weight'. See ednet.engine.trainer for customization of frozen layers.
WARNING ⚠️ setting 'requires_grad=True' for frozen layer 'model.19.m.0.cv2.bn.weight'. See ednet.engine.trainer for customization of frozen layers.
WARNING ⚠️ setting 'requires_grad=True' for frozen layer 'model.19.m.0.cv2.bn.bias'. See ednet.engine.trainer for customization of frozen layers.
WARNING ⚠️ setting 'requires_grad=True' for frozen layer 'model.20.conv.weight'. See ednet.engine.trainer for customization of frozen layers.
WARNING ⚠️ setting 'requires_grad=True' for frozen layer 'model.20.bn.weight'. See ednet.engine.trainer for customization of frozen layers.
WARNING ⚠️ setting 'requires_grad=True' for frozen layer 'model.20.bn.bias'. See ednet.engine.trainer for customization of frozen layers.
WARNING ⚠️ setting 'requires_grad=True' for frozen layer 'model.22.cv1.conv.base.weight'. See ednet.engine.trainer for customization of frozen layers.
WARNING ⚠️ setting 'requires_grad=True' for frozen layer 'model.22.cv1.bn.weight'. See ednet.engine.trainer for customization of frozen layers.
WARNING ⚠️ setting 'requires_grad=True' for frozen layer 'model.22.cv1.bn.bias'. See ednet.engine.trainer for customization of frozen layers.
WARNING ⚠️ setting 'requires_grad=True' for frozen layer 'model.22.cv2.conv.base.weight'. See ednet.engine.trainer for customization of frozen layers.
WARNING ⚠️ setting 'requires_grad=True' for frozen layer 'model.22.cv2.bn.weight'. See ednet.engine.trainer for customization of frozen layers.
WARNING ⚠️ setting 'requires_grad=True' for frozen layer 'model.22.cv2.bn.bias'. See ednet.engine.trainer for customization of frozen layers.
WARNING ⚠️ setting 'requires_grad=True' for frozen layer 'model.22.m.0.cv1.conv.base.weight'. See ednet.engine.trainer for customization of frozen layers.
WARNING ⚠️ setting 'requires_grad=True' for frozen layer 'model.22.m.0.cv1.bn.weight'. See ednet.engine.trainer for customization of frozen layers.
WARNING ⚠️ setting 'requires_grad=True' for frozen layer 'model.22.m.0.cv1.bn.bias'. See ednet.engine.trainer for customization of frozen layers.
WARNING ⚠️ setting 'requires_grad=True' for frozen layer 'model.22.m.0.cv2.conv.base.weight'. See ednet.engine.trainer for customization of frozen layers.
WARNING ⚠️ setting 'requires_grad=True' for frozen layer 'model.22.m.0.cv2.bn.weight'. See ednet.engine.trainer for customization of frozen layers.
WARNING ⚠️ setting 'requires_grad=True' for frozen layer 'model.22.m.0.cv2.bn.bias'. See ednet.engine.trainer for customization of frozen layers.
WARNING ⚠️ setting 'requires_grad=True' for frozen layer 'model.23.conv.weight'. See ednet.engine.trainer for customization of frozen layers.
WARNING ⚠️ setting 'requires_grad=True' for frozen layer 'model.23.bn.weight'. See ednet.engine.trainer for customization of frozen layers.
WARNING ⚠️ setting 'requires_grad=True' for frozen layer 'model.23.bn.bias'. See ednet.engine.trainer for customization of frozen layers.
WARNING ⚠️ setting 'requires_grad=True' for frozen layer 'model.25.cv1.conv.base.weight'. See ednet.engine.trainer for customization of frozen layers.
WARNING ⚠️ setting 'requires_grad=True' for frozen layer 'model.25.cv1.bn.weight'. See ednet.engine.trainer for customization of frozen layers.
WARNING ⚠️ setting 'requires_grad=True' for frozen layer 'model.25.cv1.bn.bias'. See ednet.engine.trainer for customization of frozen layers.
WARNING ⚠️ setting 'requires_grad=True' for frozen layer 'model.25.cv2.conv.base.weight'. See ednet.engine.trainer for customization of frozen layers.
WARNING ⚠️ setting 'requires_grad=True' for frozen layer 'model.25.cv2.bn.weight'. See ednet.engine.trainer for customization of frozen layers.
WARNING ⚠️ setting 'requires_grad=True' for frozen layer 'model.25.cv2.bn.bias'. See ednet.engine.trainer for customization of frozen layers.
WARNING ⚠️ setting 'requires_grad=True' for frozen layer 'model.25.m.0.cv1.conv.base.weight'. See ednet.engine.trainer for customization of frozen layers.
WARNING ⚠️ setting 'requires_grad=True' for frozen layer 'model.25.m.0.cv1.bn.weight'. See ednet.engine.trainer for customization of frozen layers.
WARNING ⚠️ setting 'requires_grad=True' for frozen layer 'model.25.m.0.cv1.bn.bias'. See ednet.engine.trainer for customization of frozen layers.
WARNING ⚠️ setting 'requires_grad=True' for frozen layer 'model.25.m.0.cv2.conv.base.weight'. See ednet.engine.trainer for customization of frozen layers.
WARNING ⚠️ setting 'requires_grad=True' for frozen layer 'model.25.m.0.cv2.bn.weight'. See ednet.engine.trainer for customization of frozen layers.
WARNING ⚠️ setting 'requires_grad=True' for frozen layer 'model.25.m.0.cv2.bn.bias'. See ednet.engine.trainer for customization of frozen layers.
WARNING ⚠️ setting 'requires_grad=True' for frozen layer 'model.26.cv1.conv.weight'. See ednet.engine.trainer for customization of frozen layers.
WARNING ⚠️ setting 'requires_grad=True' for frozen layer 'model.26.cv1.bn.weight'. See ednet.engine.trainer for customization of frozen layers.
WARNING ⚠️ setting 'requires_grad=True' for frozen layer 'model.26.cv1.bn.bias'. See ednet.engine.trainer for customization of frozen layers.
WARNING ⚠️ setting 'requires_grad=True' for frozen layer 'model.26.cv2.conv.weight'. See ednet.engine.trainer for customization of frozen layers.
WARNING ⚠️ setting 'requires_grad=True' for frozen layer 'model.26.cv2.bn.weight'. See ednet.engine.trainer for customization of frozen layers.
WARNING ⚠️ setting 'requires_grad=True' for frozen layer 'model.26.cv2.bn.bias'. See ednet.engine.trainer for customization of frozen layers.
WARNING ⚠️ setting 'requires_grad=True' for frozen layer 'model.28.cv1.conv.weight'. See ednet.engine.trainer for customization of frozen layers.
WARNING ⚠️ setting 'requires_grad=True' for frozen layer 'model.28.cv1.bn.weight'. See ednet.engine.trainer for customization of frozen layers.
WARNING ⚠️ setting 'requires_grad=True' for frozen layer 'model.28.cv1.bn.bias'. See ednet.engine.trainer for customization of frozen layers.
WARNING ⚠️ setting 'requires_grad=True' for frozen layer 'model.28.cv2.conv.weight'. See ednet.engine.trainer for customization of frozen layers.
WARNING ⚠️ setting 'requires_grad=True' for frozen layer 'model.28.cv2.bn.weight'. See ednet.engine.trainer for customization of frozen layers.
WARNING ⚠️ setting 'requires_grad=True' for frozen layer 'model.28.cv2.bn.bias'. See ednet.engine.trainer for customization of frozen layers.
WARNING ⚠️ setting 'requires_grad=True' for frozen layer 'model.28.m.0.cv1.0.conv.weight'. See ednet.engine.trainer for customization of frozen layers.
WARNING ⚠️ setting 'requires_grad=True' for frozen layer 'model.28.m.0.cv1.0.bn.weight'. See ednet.engine.trainer for customization of frozen layers.
WARNING ⚠️ setting 'requires_grad=True' for frozen layer 'model.28.m.0.cv1.0.bn.bias'. See ednet.engine.trainer for customization of frozen layers.
WARNING ⚠️ setting 'requires_grad=True' for frozen layer 'model.28.m.0.cv1.1.conv.weight'. See ednet.engine.trainer for customization of frozen layers.
WARNING ⚠️ setting 'requires_grad=True' for frozen layer 'model.28.m.0.cv1.1.bn.weight'. See ednet.engine.trainer for customization of frozen layers.
WARNING ⚠️ setting 'requires_grad=True' for frozen layer 'model.28.m.0.cv1.1.bn.bias'. See ednet.engine.trainer for customization of frozen layers.
WARNING ⚠️ setting 'requires_grad=True' for frozen layer 'model.28.m.0.cv1.2.conv.conv.weight'. See ednet.engine.trainer for customization of frozen layers.
WARNING ⚠️ setting 'requires_grad=True' for frozen layer 'model.28.m.0.cv1.2.conv.bn.weight'. See ednet.engine.trainer for customization of frozen layers.
WARNING ⚠️ setting 'requires_grad=True' for frozen layer 'model.28.m.0.cv1.2.conv.bn.bias'. See ednet.engine.trainer for customization of frozen layers.
WARNING ⚠️ setting 'requires_grad=True' for frozen layer 'model.28.m.0.cv1.2.conv1.conv.weight'. See ednet.engine.trainer for customization of frozen layers.
WARNING ⚠️ setting 'requires_grad=True' for frozen layer 'model.28.m.0.cv1.2.conv1.bn.weight'. See ednet.engine.trainer for customization of frozen layers.
WARNING ⚠️ setting 'requires_grad=True' for frozen layer 'model.28.m.0.cv1.2.conv1.bn.bias'. See ednet.engine.trainer for customization of frozen layers.
WARNING ⚠️ setting 'requires_grad=True' for frozen layer 'model.28.m.0.cv1.3.conv.weight'. See ednet.engine.trainer for customization of frozen layers.
WARNING ⚠️ setting 'requires_grad=True' for frozen layer 'model.28.m.0.cv1.3.bn.weight'. See ednet.engine.trainer for customization of frozen layers.
WARNING ⚠️ setting 'requires_grad=True' for frozen layer 'model.28.m.0.cv1.3.bn.bias'. See ednet.engine.trainer for customization of frozen layers.
WARNING ⚠️ setting 'requires_grad=True' for frozen layer 'model.28.m.0.cv1.4.conv.weight'. See ednet.engine.trainer for customization of frozen layers.
WARNING ⚠️ setting 'requires_grad=True' for frozen layer 'model.28.m.0.cv1.4.bn.weight'. See ednet.engine.trainer for customization of frozen layers.
WARNING ⚠️ setting 'requires_grad=True' for frozen layer 'model.28.m.0.cv1.4.bn.bias'. See ednet.engine.trainer for customization of frozen layers.
WARNING ⚠️ setting 'requires_grad=True' for frozen layer 'model.29.cv2.0.0.conv.base.weight'. See ednet.engine.trainer for customization of frozen layers.
WARNING ⚠️ setting 'requires_grad=True' for frozen layer 'model.29.cv2.0.0.bn.weight'. See ednet.engine.trainer for customization of frozen layers.
WARNING ⚠️ setting 'requires_grad=True' for frozen layer 'model.29.cv2.0.0.bn.bias'. See ednet.engine.trainer for customization of frozen layers.
WARNING ⚠️ setting 'requires_grad=True' for frozen layer 'model.29.cv2.0.1.conv.base.weight'. See ednet.engine.trainer for customization of frozen layers.
WARNING ⚠️ setting 'requires_grad=True' for frozen layer 'model.29.cv2.0.1.bn.weight'. See ednet.engine.trainer for customization of frozen layers.
WARNING ⚠️ setting 'requires_grad=True' for frozen layer 'model.29.cv2.0.1.bn.bias'. See ednet.engine.trainer for customization of frozen layers.
WARNING ⚠️ setting 'requires_grad=True' for frozen layer 'model.29.cv2.0.2.weight'. See ednet.engine.trainer for customization of frozen layers.
WARNING ⚠️ setting 'requires_grad=True' for frozen layer 'model.29.cv2.0.2.bias'. See ednet.engine.trainer for customization of frozen layers.
WARNING ⚠️ setting 'requires_grad=True' for frozen layer 'model.29.cv2.1.0.conv.base.weight'. See ednet.engine.trainer for customization of frozen layers.
WARNING ⚠️ setting 'requires_grad=True' for frozen layer 'model.29.cv2.1.0.bn.weight'. See ednet.engine.trainer for customization of frozen layers.
WARNING ⚠️ setting 'requires_grad=True' for frozen layer 'model.29.cv2.1.0.bn.bias'. See ednet.engine.trainer for customization of frozen layers.
WARNING ⚠️ setting 'requires_grad=True' for frozen layer 'model.29.cv2.1.1.conv.base.weight'. See ednet.engine.trainer for customization of frozen layers.
WARNING ⚠️ setting 'requires_grad=True' for frozen layer 'model.29.cv2.1.1.bn.weight'. See ednet.engine.trainer for customization of frozen layers.
WARNING ⚠️ setting 'requires_grad=True' for frozen layer 'model.29.cv2.1.1.bn.bias'. See ednet.engine.trainer for customization of frozen layers.
WARNING ⚠️ setting 'requires_grad=True' for frozen layer 'model.29.cv2.1.2.weight'. See ednet.engine.trainer for customization of frozen layers.
WARNING ⚠️ setting 'requires_grad=True' for frozen layer 'model.29.cv2.1.2.bias'. See ednet.engine.trainer for customization of frozen layers.
WARNING ⚠️ setting 'requires_grad=True' for frozen layer 'model.29.cv2.2.0.conv.base.weight'. See ednet.engine.trainer for customization of frozen layers.
WARNING ⚠️ setting 'requires_grad=True' for frozen layer 'model.29.cv2.2.0.bn.weight'. See ednet.engine.trainer for customization of frozen layers.
WARNING ⚠️ setting 'requires_grad=True' for frozen layer 'model.29.cv2.2.0.bn.bias'. See ednet.engine.trainer for customization of frozen layers.
WARNING ⚠️ setting 'requires_grad=True' for frozen layer 'model.29.cv2.2.1.conv.base.weight'. See ednet.engine.trainer for customization of frozen layers.
WARNING ⚠️ setting 'requires_grad=True' for frozen layer 'model.29.cv2.2.1.bn.weight'. See ednet.engine.trainer for customization of frozen layers.
WARNING ⚠️ setting 'requires_grad=True' for frozen layer 'model.29.cv2.2.1.bn.bias'. See ednet.engine.trainer for customization of frozen layers.
WARNING ⚠️ setting 'requires_grad=True' for frozen layer 'model.29.cv2.2.2.weight'. See ednet.engine.trainer for customization of frozen layers.
WARNING ⚠️ setting 'requires_grad=True' for frozen layer 'model.29.cv2.2.2.bias'. See ednet.engine.trainer for customization of frozen layers.
WARNING ⚠️ setting 'requires_grad=True' for frozen layer 'model.29.cv2.3.0.conv.base.weight'. See ednet.engine.trainer for customization of frozen layers.
WARNING ⚠️ setting 'requires_grad=True' for frozen layer 'model.29.cv2.3.0.bn.weight'. See ednet.engine.trainer for customization of frozen layers.
WARNING ⚠️ setting 'requires_grad=True' for frozen layer 'model.29.cv2.3.0.bn.bias'. See ednet.engine.trainer for customization of frozen layers.
WARNING ⚠️ setting 'requires_grad=True' for frozen layer 'model.29.cv2.3.1.conv.base.weight'. See ednet.engine.trainer for customization of frozen layers.
WARNING ⚠️ setting 'requires_grad=True' for frozen layer 'model.29.cv2.3.1.bn.weight'. See ednet.engine.trainer for customization of frozen layers.
WARNING ⚠️ setting 'requires_grad=True' for frozen layer 'model.29.cv2.3.1.bn.bias'. See ednet.engine.trainer for customization of frozen layers.
WARNING ⚠️ setting 'requires_grad=True' for frozen layer 'model.29.cv2.3.2.weight'. See ednet.engine.trainer for customization of frozen layers.
WARNING ⚠️ setting 'requires_grad=True' for frozen layer 'model.29.cv2.3.2.bias'. See ednet.engine.trainer for customization of frozen layers.
WARNING ⚠️ setting 'requires_grad=True' for frozen layer 'model.29.cv3.0.0.0.conv.weight'. See ednet.engine.trainer for customization of frozen layers.
WARNING ⚠️ setting 'requires_grad=True' for frozen layer 'model.29.cv3.0.0.0.bn.weight'. See ednet.engine.trainer for customization of frozen layers.
WARNING ⚠️ setting 'requires_grad=True' for frozen layer 'model.29.cv3.0.0.0.bn.bias'. See ednet.engine.trainer for customization of frozen layers.
WARNING ⚠️ setting 'requires_grad=True' for frozen layer 'model.29.cv3.0.0.1.conv.base.weight'. See ednet.engine.trainer for customization of frozen layers.
WARNING ⚠️ setting 'requires_grad=True' for frozen layer 'model.29.cv3.0.0.1.bn.weight'. See ednet.engine.trainer for customization of frozen layers.
WARNING ⚠️ setting 'requires_grad=True' for frozen layer 'model.29.cv3.0.0.1.bn.bias'. See ednet.engine.trainer for customization of frozen layers.
WARNING ⚠️ setting 'requires_grad=True' for frozen layer 'model.29.cv3.0.1.0.conv.weight'. See ednet.engine.trainer for customization of frozen layers.
WARNING ⚠️ setting 'requires_grad=True' for frozen layer 'model.29.cv3.0.1.0.bn.weight'. See ednet.engine.trainer for customization of frozen layers.
WARNING ⚠️ setting 'requires_grad=True' for frozen layer 'model.29.cv3.0.1.0.bn.bias'. See ednet.engine.trainer for customization of frozen layers.
WARNING ⚠️ setting 'requires_grad=True' for frozen layer 'model.29.cv3.0.1.1.conv.base.weight'. See ednet.engine.trainer for customization of frozen layers.
WARNING ⚠️ setting 'requires_grad=True' for frozen layer 'model.29.cv3.0.1.1.bn.weight'. See ednet.engine.trainer for customization of frozen layers.
WARNING ⚠️ setting 'requires_grad=True' for frozen layer 'model.29.cv3.0.1.1.bn.bias'. See ednet.engine.trainer for customization of frozen layers.
WARNING ⚠️ setting 'requires_grad=True' for frozen layer 'model.29.cv3.0.2.weight'. See ednet.engine.trainer for customization of frozen layers.
WARNING ⚠️ setting 'requires_grad=True' for frozen layer 'model.29.cv3.0.2.bias'. See ednet.engine.trainer for customization of frozen layers.
WARNING ⚠️ setting 'requires_grad=True' for frozen layer 'model.29.cv3.1.0.0.conv.weight'. See ednet.engine.trainer for customization of frozen layers.
WARNING ⚠️ setting 'requires_grad=True' for frozen layer 'model.29.cv3.1.0.0.bn.weight'. See ednet.engine.trainer for customization of frozen layers.
WARNING ⚠️ setting 'requires_grad=True' for frozen layer 'model.29.cv3.1.0.0.bn.bias'. See ednet.engine.trainer for customization of frozen layers.
WARNING ⚠️ setting 'requires_grad=True' for frozen layer 'model.29.cv3.1.0.1.conv.base.weight'. See ednet.engine.trainer for customization of frozen layers.
WARNING ⚠️ setting 'requires_grad=True' for frozen layer 'model.29.cv3.1.0.1.bn.weight'. See ednet.engine.trainer for customization of frozen layers.
WARNING ⚠️ setting 'requires_grad=True' for frozen layer 'model.29.cv3.1.0.1.bn.bias'. See ednet.engine.trainer for customization of frozen layers.
WARNING ⚠️ setting 'requires_grad=True' for frozen layer 'model.29.cv3.1.1.0.conv.weight'. See ednet.engine.trainer for customization of frozen layers.
WARNING ⚠️ setting 'requires_grad=True' for frozen layer 'model.29.cv3.1.1.0.bn.weight'. See ednet.engine.trainer for customization of frozen layers.
WARNING ⚠️ setting 'requires_grad=True' for frozen layer 'model.29.cv3.1.1.0.bn.bias'. See ednet.engine.trainer for customization of frozen layers.
WARNING ⚠️ setting 'requires_grad=True' for frozen layer 'model.29.cv3.1.1.1.conv.base.weight'. See ednet.engine.trainer for customization of frozen layers.
WARNING ⚠️ setting 'requires_grad=True' for frozen layer 'model.29.cv3.1.1.1.bn.weight'. See ednet.engine.trainer for customization of frozen layers.
WARNING ⚠️ setting 'requires_grad=True' for frozen layer 'model.29.cv3.1.1.1.bn.bias'. See ednet.engine.trainer for customization of frozen layers.
WARNING ⚠️ setting 'requires_grad=True' for frozen layer 'model.29.cv3.1.2.weight'. See ednet.engine.trainer for customization of frozen layers.
WARNING ⚠️ setting 'requires_grad=True' for frozen layer 'model.29.cv3.1.2.bias'. See ednet.engine.trainer for customization of frozen layers.
WARNING ⚠️ setting 'requires_grad=True' for frozen layer 'model.29.cv3.2.0.0.conv.weight'. See ednet.engine.trainer for customization of frozen layers.
WARNING ⚠️ setting 'requires_grad=True' for frozen layer 'model.29.cv3.2.0.0.bn.weight'. See ednet.engine.trainer for customization of frozen layers.
WARNING ⚠️ setting 'requires_grad=True' for frozen layer 'model.29.cv3.2.0.0.bn.bias'. See ednet.engine.trainer for customization of frozen layers.
WARNING ⚠️ setting 'requires_grad=True' for frozen layer 'model.29.cv3.2.0.1.conv.base.weight'. See ednet.engine.trainer for customization of frozen layers.
WARNING ⚠️ setting 'requires_grad=True' for frozen layer 'model.29.cv3.2.0.1.bn.weight'. See ednet.engine.trainer for customization of frozen layers.
WARNING ⚠️ setting 'requires_grad=True' for frozen layer 'model.29.cv3.2.0.1.bn.bias'. See ednet.engine.trainer for customization of frozen layers.
WARNING ⚠️ setting 'requires_grad=True' for frozen layer 'model.29.cv3.2.1.0.conv.weight'. See ednet.engine.trainer for customization of frozen layers.
WARNING ⚠️ setting 'requires_grad=True' for frozen layer 'model.29.cv3.2.1.0.bn.weight'. See ednet.engine.trainer for customization of frozen layers.
WARNING ⚠️ setting 'requires_grad=True' for frozen layer 'model.29.cv3.2.1.0.bn.bias'. See ednet.engine.trainer for customization of frozen layers.
WARNING ⚠️ setting 'requires_grad=True' for frozen layer 'model.29.cv3.2.1.1.conv.base.weight'. See ednet.engine.trainer for customization of frozen layers.
WARNING ⚠️ setting 'requires_grad=True' for frozen layer 'model.29.cv3.2.1.1.bn.weight'. See ednet.engine.trainer for customization of frozen layers.
WARNING ⚠️ setting 'requires_grad=True' for frozen layer 'model.29.cv3.2.1.1.bn.bias'. See ednet.engine.trainer for customization of frozen layers.
WARNING ⚠️ setting 'requires_grad=True' for frozen layer 'model.29.cv3.2.2.weight'. See ednet.engine.trainer for customization of frozen layers.
WARNING ⚠️ setting 'requires_grad=True' for frozen layer 'model.29.cv3.2.2.bias'. See ednet.engine.trainer for customization of frozen layers.
WARNING ⚠️ setting 'requires_grad=True' for frozen layer 'model.29.cv3.3.0.0.conv.weight'. See ednet.engine.trainer for customization of frozen layers.
WARNING ⚠️ setting 'requires_grad=True' for frozen layer 'model.29.cv3.3.0.0.bn.weight'. See ednet.engine.trainer for customization of frozen layers.
WARNING ⚠️ setting 'requires_grad=True' for frozen layer 'model.29.cv3.3.0.0.bn.bias'. See ednet.engine.trainer for customization of frozen layers.
WARNING ⚠️ setting 'requires_grad=True' for frozen layer 'model.29.cv3.3.0.1.conv.base.weight'. See ednet.engine.trainer for customization of frozen layers.
WARNING ⚠️ setting 'requires_grad=True' for frozen layer 'model.29.cv3.3.0.1.bn.weight'. See ednet.engine.trainer for customization of frozen layers.
WARNING ⚠️ setting 'requires_grad=True' for frozen layer 'model.29.cv3.3.0.1.bn.bias'. See ednet.engine.trainer for customization of frozen layers.
WARNING ⚠️ setting 'requires_grad=True' for frozen layer 'model.29.cv3.3.1.0.conv.weight'. See ednet.engine.trainer for customization of frozen layers.
WARNING ⚠️ setting 'requires_grad=True' for frozen layer 'model.29.cv3.3.1.0.bn.weight'. See ednet.engine.trainer for customization of frozen layers.
WARNING ⚠️ setting 'requires_grad=True' for frozen layer 'model.29.cv3.3.1.0.bn.bias'. See ednet.engine.trainer for customization of frozen layers.
WARNING ⚠️ setting 'requires_grad=True' for frozen layer 'model.29.cv3.3.1.1.conv.base.weight'. See ednet.engine.trainer for customization of frozen layers.
WARNING ⚠️ setting 'requires_grad=True' for frozen layer 'model.29.cv3.3.1.1.bn.weight'. See ednet.engine.trainer for customization of frozen layers.
WARNING ⚠️ setting 'requires_grad=True' for frozen layer 'model.29.cv3.3.1.1.bn.bias'. See ednet.engine.trainer for customization of frozen layers.
WARNING ⚠️ setting 'requires_grad=True' for frozen layer 'model.29.cv3.3.2.weight'. See ednet.engine.trainer for customization of frozen layers.
WARNING ⚠️ setting 'requires_grad=True' for frozen layer 'model.29.cv3.3.2.bias'. See ednet.engine.trainer for customization of frozen layers.
Freezing layer 'model.29.dfl.conv.weight'
WARNING ⚠️ setting 'requires_grad=True' for frozen layer 'model.29.one2one_cv2.0.0.conv.weight'. See ednet.engine.trainer for customization of frozen layers.
WARNING ⚠️ setting 'requires_grad=True' for frozen layer 'model.29.one2one_cv2.0.0.bn.weight'. See ednet.engine.trainer for customization of frozen layers.
WARNING ⚠️ setting 'requires_grad=True' for frozen layer 'model.29.one2one_cv2.0.0.bn.bias'. See ednet.engine.trainer for customization of frozen layers.
WARNING ⚠️ setting 'requires_grad=True' for frozen layer 'model.29.one2one_cv2.0.1.conv.weight'. See ednet.engine.trainer for customization of frozen layers.
WARNING ⚠️ setting 'requires_grad=True' for frozen layer 'model.29.one2one_cv2.0.1.bn.weight'. See ednet.engine.trainer for customization of frozen layers.
WARNING ⚠️ setting 'requires_grad=True' for frozen layer 'model.29.one2one_cv2.0.1.bn.bias'. See ednet.engine.trainer for customization of frozen layers.
WARNING ⚠️ setting 'requires_grad=True' for frozen layer 'model.29.one2one_cv2.0.2.weight'. See ednet.engine.trainer for customization of frozen layers.
WARNING ⚠️ setting 'requires_grad=True' for frozen layer 'model.29.one2one_cv2.0.2.bias'. See ednet.engine.trainer for customization of frozen layers.
WARNING ⚠️ setting 'requires_grad=True' for frozen layer 'model.29.one2one_cv2.1.0.conv.weight'. See ednet.engine.trainer for customization of frozen layers.
WARNING ⚠️ setting 'requires_grad=True' for frozen layer 'model.29.one2one_cv2.1.0.bn.weight'. See ednet.engine.trainer for customization of frozen layers.
WARNING ⚠️ setting 'requires_grad=True' for frozen layer 'model.29.one2one_cv2.1.0.bn.bias'. See ednet.engine.trainer for customization of frozen layers.
WARNING ⚠️ setting 'requires_grad=True' for frozen layer 'model.29.one2one_cv2.1.1.conv.weight'. See ednet.engine.trainer for customization of frozen layers.
WARNING ⚠️ setting 'requires_grad=True' for frozen layer 'model.29.one2one_cv2.1.1.bn.weight'. See ednet.engine.trainer for customization of frozen layers.
WARNING ⚠️ setting 'requires_grad=True' for frozen layer 'model.29.one2one_cv2.1.1.bn.bias'. See ednet.engine.trainer for customization of frozen layers.
WARNING ⚠️ setting 'requires_grad=True' for frozen layer 'model.29.one2one_cv2.1.2.weight'. See ednet.engine.trainer for customization of frozen layers.
WARNING ⚠️ setting 'requires_grad=True' for frozen layer 'model.29.one2one_cv2.1.2.bias'. See ednet.engine.trainer for customization of frozen layers.
WARNING ⚠️ setting 'requires_grad=True' for frozen layer 'model.29.one2one_cv2.2.0.conv.weight'. See ednet.engine.trainer for customization of frozen layers.
WARNING ⚠️ setting 'requires_grad=True' for frozen layer 'model.29.one2one_cv2.2.0.bn.weight'. See ednet.engine.trainer for customization of frozen layers.
WARNING ⚠️ setting 'requires_grad=True' for frozen layer 'model.29.one2one_cv2.2.0.bn.bias'. See ednet.engine.trainer for customization of frozen layers.
WARNING ⚠️ setting 'requires_grad=True' for frozen layer 'model.29.one2one_cv2.2.1.conv.weight'. See ednet.engine.trainer for customization of frozen layers.
WARNING ⚠️ setting 'requires_grad=True' for frozen layer 'model.29.one2one_cv2.2.1.bn.weight'. See ednet.engine.trainer for customization of frozen layers.
WARNING ⚠️ setting 'requires_grad=True' for frozen layer 'model.29.one2one_cv2.2.1.bn.bias'. See ednet.engine.trainer for customization of frozen layers.
WARNING ⚠️ setting 'requires_grad=True' for frozen layer 'model.29.one2one_cv2.2.2.weight'. See ednet.engine.trainer for customization of frozen layers.
WARNING ⚠️ setting 'requires_grad=True' for frozen layer 'model.29.one2one_cv2.2.2.bias'. See ednet.engine.trainer for customization of frozen layers.
WARNING ⚠️ setting 'requires_grad=True' for frozen layer 'model.29.one2one_cv2.3.0.conv.weight'. See ednet.engine.trainer for customization of frozen layers.
WARNING ⚠️ setting 'requires_grad=True' for frozen layer 'model.29.one2one_cv2.3.0.bn.weight'. See ednet.engine.trainer for customization of frozen layers.
WARNING ⚠️ setting 'requires_grad=True' for frozen layer 'model.29.one2one_cv2.3.0.bn.bias'. See ednet.engine.trainer for customization of frozen layers.
WARNING ⚠️ setting 'requires_grad=True' for frozen layer 'model.29.one2one_cv2.3.1.conv.weight'. See ednet.engine.trainer for customization of frozen layers.
WARNING ⚠️ setting 'requires_grad=True' for frozen layer 'model.29.one2one_cv2.3.1.bn.weight'. See ednet.engine.trainer for customization of frozen layers.
WARNING ⚠️ setting 'requires_grad=True' for frozen layer 'model.29.one2one_cv2.3.1.bn.bias'. See ednet.engine.trainer for customization of frozen layers.
WARNING ⚠️ setting 'requires_grad=True' for frozen layer 'model.29.one2one_cv2.3.2.weight'. See ednet.engine.trainer for customization of frozen layers.
WARNING ⚠️ setting 'requires_grad=True' for frozen layer 'model.29.one2one_cv2.3.2.bias'. See ednet.engine.trainer for customization of frozen layers.
WARNING ⚠️ setting 'requires_grad=True' for frozen layer 'model.29.one2one_cv3.0.0.0.conv.weight'. See ednet.engine.trainer for customization of frozen layers.
WARNING ⚠️ setting 'requires_grad=True' for frozen layer 'model.29.one2one_cv3.0.0.0.bn.weight'. See ednet.engine.trainer for customization of frozen layers.
WARNING ⚠️ setting 'requires_grad=True' for frozen layer 'model.29.one2one_cv3.0.0.0.bn.bias'. See ednet.engine.trainer for customization of frozen layers.
WARNING ⚠️ setting 'requires_grad=True' for frozen layer 'model.29.one2one_cv3.0.0.1.conv.weight'. See ednet.engine.trainer for customization of frozen layers.
WARNING ⚠️ setting 'requires_grad=True' for frozen layer 'model.29.one2one_cv3.0.0.1.bn.weight'. See ednet.engine.trainer for customization of frozen layers.
WARNING ⚠️ setting 'requires_grad=True' for frozen layer 'model.29.one2one_cv3.0.0.1.bn.bias'. See ednet.engine.trainer for customization of frozen layers.
WARNING ⚠️ setting 'requires_grad=True' for frozen layer 'model.29.one2one_cv3.0.1.0.conv.weight'. See ednet.engine.trainer for customization of frozen layers.
WARNING ⚠️ setting 'requires_grad=True' for frozen layer 'model.29.one2one_cv3.0.1.0.bn.weight'. See ednet.engine.trainer for customization of frozen layers.
WARNING ⚠️ setting 'requires_grad=True' for frozen layer 'model.29.one2one_cv3.0.1.0.bn.bias'. See ednet.engine.trainer for customization of frozen layers.
WARNING ⚠️ setting 'requires_grad=True' for frozen layer 'model.29.one2one_cv3.0.1.1.conv.weight'. See ednet.engine.trainer for customization of frozen layers.
WARNING ⚠️ setting 'requires_grad=True' for frozen layer 'model.29.one2one_cv3.0.1.1.bn.weight'. See ednet.engine.trainer for customization of frozen layers.
WARNING ⚠️ setting 'requires_grad=True' for frozen layer 'model.29.one2one_cv3.0.1.1.bn.bias'. See ednet.engine.trainer for customization of frozen layers.
WARNING ⚠️ setting 'requires_grad=True' for frozen layer 'model.29.one2one_cv3.0.2.weight'. See ednet.engine.trainer for customization of frozen layers.
WARNING ⚠️ setting 'requires_grad=True' for frozen layer 'model.29.one2one_cv3.0.2.bias'. See ednet.engine.trainer for customization of frozen layers.
WARNING ⚠️ setting 'requires_grad=True' for frozen layer 'model.29.one2one_cv3.1.0.0.conv.weight'. See ednet.engine.trainer for customization of frozen layers.
WARNING ⚠️ setting 'requires_grad=True' for frozen layer 'model.29.one2one_cv3.1.0.0.bn.weight'. See ednet.engine.trainer for customization of frozen layers.
WARNING ⚠️ setting 'requires_grad=True' for frozen layer 'model.29.one2one_cv3.1.0.0.bn.bias'. See ednet.engine.trainer for customization of frozen layers.
WARNING ⚠️ setting 'requires_grad=True' for frozen layer 'model.29.one2one_cv3.1.0.1.conv.weight'. See ednet.engine.trainer for customization of frozen layers.
WARNING ⚠️ setting 'requires_grad=True' for frozen layer 'model.29.one2one_cv3.1.0.1.bn.weight'. See ednet.engine.trainer for customization of frozen layers.
WARNING ⚠️ setting 'requires_grad=True' for frozen layer 'model.29.one2one_cv3.1.0.1.bn.bias'. See ednet.engine.trainer for customization of frozen layers.
WARNING ⚠️ setting 'requires_grad=True' for frozen layer 'model.29.one2one_cv3.1.1.0.conv.weight'. See ednet.engine.trainer for customization of frozen layers.
WARNING ⚠️ setting 'requires_grad=True' for frozen layer 'model.29.one2one_cv3.1.1.0.bn.weight'. See ednet.engine.trainer for customization of frozen layers.
WARNING ⚠️ setting 'requires_grad=True' for frozen layer 'model.29.one2one_cv3.1.1.0.bn.bias'. See ednet.engine.trainer for customization of frozen layers.
WARNING ⚠️ setting 'requires_grad=True' for frozen layer 'model.29.one2one_cv3.1.1.1.conv.weight'. See ednet.engine.trainer for customization of frozen layers.
WARNING ⚠️ setting 'requires_grad=True' for frozen layer 'model.29.one2one_cv3.1.1.1.bn.weight'. See ednet.engine.trainer for customization of frozen layers.
WARNING ⚠️ setting 'requires_grad=True' for frozen layer 'model.29.one2one_cv3.1.1.1.bn.bias'. See ednet.engine.trainer for customization of frozen layers.
WARNING ⚠️ setting 'requires_grad=True' for frozen layer 'model.29.one2one_cv3.1.2.weight'. See ednet.engine.trainer for customization of frozen layers.
WARNING ⚠️ setting 'requires_grad=True' for frozen layer 'model.29.one2one_cv3.1.2.bias'. See ednet.engine.trainer for customization of frozen layers.
WARNING ⚠️ setting 'requires_grad=True' for frozen layer 'model.29.one2one_cv3.2.0.0.conv.weight'. See ednet.engine.trainer for customization of frozen layers.
WARNING ⚠️ setting 'requires_grad=True' for frozen layer 'model.29.one2one_cv3.2.0.0.bn.weight'. See ednet.engine.trainer for customization of frozen layers.
WARNING ⚠️ setting 'requires_grad=True' for frozen layer 'model.29.one2one_cv3.2.0.0.bn.bias'. See ednet.engine.trainer for customization of frozen layers.
WARNING ⚠️ setting 'requires_grad=True' for frozen layer 'model.29.one2one_cv3.2.0.1.conv.weight'. See ednet.engine.trainer for customization of frozen layers.
WARNING ⚠️ setting 'requires_grad=True' for frozen layer 'model.29.one2one_cv3.2.0.1.bn.weight'. See ednet.engine.trainer for customization of frozen layers.
WARNING ⚠️ setting 'requires_grad=True' for frozen layer 'model.29.one2one_cv3.2.0.1.bn.bias'. See ednet.engine.trainer for customization of frozen layers.
WARNING ⚠️ setting 'requires_grad=True' for frozen layer 'model.29.one2one_cv3.2.1.0.conv.weight'. See ednet.engine.trainer for customization of frozen layers.
WARNING ⚠️ setting 'requires_grad=True' for frozen layer 'model.29.one2one_cv3.2.1.0.bn.weight'. See ednet.engine.trainer for customization of frozen layers.
WARNING ⚠️ setting 'requires_grad=True' for frozen layer 'model.29.one2one_cv3.2.1.0.bn.bias'. See ednet.engine.trainer for customization of frozen layers.
WARNING ⚠️ setting 'requires_grad=True' for frozen layer 'model.29.one2one_cv3.2.1.1.conv.weight'. See ednet.engine.trainer for customization of frozen layers.
WARNING ⚠️ setting 'requires_grad=True' for frozen layer 'model.29.one2one_cv3.2.1.1.bn.weight'. See ednet.engine.trainer for customization of frozen layers.
WARNING ⚠️ setting 'requires_grad=True' for frozen layer 'model.29.one2one_cv3.2.1.1.bn.bias'. See ednet.engine.trainer for customization of frozen layers.
WARNING ⚠️ setting 'requires_grad=True' for frozen layer 'model.29.one2one_cv3.2.2.weight'. See ednet.engine.trainer for customization of frozen layers.
WARNING ⚠️ setting 'requires_grad=True' for frozen layer 'model.29.one2one_cv3.2.2.bias'. See ednet.engine.trainer for customization of frozen layers.
WARNING ⚠️ setting 'requires_grad=True' for frozen layer 'model.29.one2one_cv3.3.0.0.conv.weight'. See ednet.engine.trainer for customization of frozen layers.
WARNING ⚠️ setting 'requires_grad=True' for frozen layer 'model.29.one2one_cv3.3.0.0.bn.weight'. See ednet.engine.trainer for customization of frozen layers.
WARNING ⚠️ setting 'requires_grad=True' for frozen layer 'model.29.one2one_cv3.3.0.0.bn.bias'. See ednet.engine.trainer for customization of frozen layers.
WARNING ⚠️ setting 'requires_grad=True' for frozen layer 'model.29.one2one_cv3.3.0.1.conv.weight'. See ednet.engine.trainer for customization of frozen layers.
WARNING ⚠️ setting 'requires_grad=True' for frozen layer 'model.29.one2one_cv3.3.0.1.bn.weight'. See ednet.engine.trainer for customization of frozen layers.
WARNING ⚠️ setting 'requires_grad=True' for frozen layer 'model.29.one2one_cv3.3.0.1.bn.bias'. See ednet.engine.trainer for customization of frozen layers.
WARNING ⚠️ setting 'requires_grad=True' for frozen layer 'model.29.one2one_cv3.3.1.0.conv.weight'. See ednet.engine.trainer for customization of frozen layers.
WARNING ⚠️ setting 'requires_grad=True' for frozen layer 'model.29.one2one_cv3.3.1.0.bn.weight'. See ednet.engine.trainer for customization of frozen layers.
WARNING ⚠️ setting 'requires_grad=True' for frozen layer 'model.29.one2one_cv3.3.1.0.bn.bias'. See ednet.engine.trainer for customization of frozen layers.
WARNING ⚠️ setting 'requires_grad=True' for frozen layer 'model.29.one2one_cv3.3.1.1.conv.weight'. See ednet.engine.trainer for customization of frozen layers.
WARNING ⚠️ setting 'requires_grad=True' for frozen layer 'model.29.one2one_cv3.3.1.1.bn.weight'. See ednet.engine.trainer for customization of frozen layers.
WARNING ⚠️ setting 'requires_grad=True' for frozen layer 'model.29.one2one_cv3.3.1.1.bn.bias'. See ednet.engine.trainer for customization of frozen layers.
WARNING ⚠️ setting 'requires_grad=True' for frozen layer 'model.29.one2one_cv3.3.2.weight'. See ednet.engine.trainer for customization of frozen layers.
WARNING ⚠️ setting 'requires_grad=True' for frozen layer 'model.29.one2one_cv3.3.2.bias'. See ednet.engine.trainer for customization of frozen layers.
[34m[1mAMP: [0mrunning Automatic Mixed Precision (AMP) checks with YOLOv8n...
[34m[1mAMP: [0mchecks passed ✅
Plotting labels to /home/ddwilde/scriptie/runs/dota_saab/stage1-saab/labels.jpg... 
[34m[1moptimizer:[0m 'optimizer=auto' found, ignoring 'lr0=0.01' and 'momentum=0.937' and determining best 'optimizer', 'lr0' and 'momentum' automatically... 
[34m[1moptimizer:[0m AdamW(lr=0.000526, momentum=0.9) with parameter groups 117 weight(decay=0.0), 202 weight(decay=0.0005), 139 bias(decay=0.0)
Skipping fusion for LoRA-wrapped layer Conv
Skipping fusion for LoRA-wrapped layer Conv
Skipping fusion for LoRA-wrapped layer Conv
Skipping fusion for LoRA-wrapped layer Conv
Skipping fusion for LoRA-wrapped layer Conv
Skipping fusion for LoRA-wrapped layer Conv
Skipping fusion for LoRA-wrapped layer Conv
Skipping fusion for LoRA-wrapped layer Conv
Skipping fusion for LoRA-wrapped layer Conv
Skipping fusion for LoRA-wrapped layer Conv
Skipping fusion for LoRA-wrapped layer Conv
Skipping fusion for LoRA-wrapped layer Conv
Skipping fusion for LoRA-wrapped layer Conv
Skipping fusion for LoRA-wrapped layer Conv
Skipping fusion for LoRA-wrapped layer Conv
Skipping fusion for LoRA-wrapped layer Conv
Skipping fusion for LoRA-wrapped layer Conv
Skipping fusion for LoRA-wrapped layer Conv
Skipping fusion for LoRA-wrapped layer Conv
Skipping fusion for LoRA-wrapped layer Conv
Skipping fusion for LoRA-wrapped layer Conv
Skipping fusion for LoRA-wrapped layer Conv
Skipping fusion for LoRA-wrapped layer Conv
Skipping fusion for LoRA-wrapped layer Conv
Skipping fusion for LoRA-wrapped layer Conv
Skipping fusion for LoRA-wrapped layer Conv
Skipping fusion for LoRA-wrapped layer Conv
Skipping fusion for LoRA-wrapped layer Conv
[34m[1mTensorBoard: [0mmodel graph visualization added ✅
Image sizes 640 train, 640 val
Using 8 dataloader workers
Logging results to [1m/home/ddwilde/scriptie/runs/dota_saab/stage1-saab[0m
Starting training for 30 epochs...

      Epoch    GPU_mem   box_loss   cls_loss   dfl_loss  Instances       Size
                   all        367       8260      0.657      0.149      0.107     0.0464
Replay buffer size after epoch 1: 512 embeddings across 4 classes.
Saved 512 replay embeddings to /home/ddwilde/scriptie/runs/dota_saab/stage1-saab/replay/buffer.pt

      Epoch    GPU_mem   box_loss   cls_loss   dfl_loss  Instances       Size
                   all        367       8260      0.448      0.174      0.141      0.069
Replay buffer size after epoch 2: 512 embeddings across 4 classes.
Saved 512 replay embeddings to /home/ddwilde/scriptie/runs/dota_saab/stage1-saab/replay/buffer.pt

      Epoch    GPU_mem   box_loss   cls_loss   dfl_loss  Instances       Size
                   all        367       8260      0.214      0.205      0.175     0.0991
Replay buffer size after epoch 3: 512 embeddings across 4 classes.
Saved 512 replay embeddings to /home/ddwilde/scriptie/runs/dota_saab/stage1-saab/replay/buffer.pt

      Epoch    GPU_mem   box_loss   cls_loss   dfl_loss  Instances       Size
                   all        367       8260      0.241      0.233      0.205      0.115
Replay buffer size after epoch 4: 512 embeddings across 4 classes.
Saved 512 replay embeddings to /home/ddwilde/scriptie/runs/dota_saab/stage1-saab/replay/buffer.pt

      Epoch    GPU_mem   box_loss   cls_loss   dfl_loss  Instances       Size
                   all        367       8260       0.25      0.244      0.211      0.121
Replay buffer size after epoch 5: 512 embeddings across 4 classes.
Saved 512 replay embeddings to /home/ddwilde/scriptie/runs/dota_saab/stage1-saab/replay/buffer.pt

      Epoch    GPU_mem   box_loss   cls_loss   dfl_loss  Instances       Size
                   all        367       8260      0.286       0.26      0.245       0.14
Replay buffer size after epoch 6: 512 embeddings across 4 classes.
Saved 512 replay embeddings to /home/ddwilde/scriptie/runs/dota_saab/stage1-saab/replay/buffer.pt

      Epoch    GPU_mem   box_loss   cls_loss   dfl_loss  Instances       Size
                   all        367       8260      0.275      0.261      0.243      0.138
Replay buffer size after epoch 7: 512 embeddings across 4 classes.
Saved 512 replay embeddings to /home/ddwilde/scriptie/runs/dota_saab/stage1-saab/replay/buffer.pt

      Epoch    GPU_mem   box_loss   cls_loss   dfl_loss  Instances       Size
                   all        367       8260      0.307      0.271      0.265      0.149
Replay buffer size after epoch 8: 512 embeddings across 4 classes.
Saved 512 replay embeddings to /home/ddwilde/scriptie/runs/dota_saab/stage1-saab/replay/buffer.pt

      Epoch    GPU_mem   box_loss   cls_loss   dfl_loss  Instances       Size
                   all        367       8260      0.306      0.259      0.254      0.141
Replay buffer size after epoch 9: 512 embeddings across 4 classes.
Saved 512 replay embeddings to /home/ddwilde/scriptie/runs/dota_saab/stage1-saab/replay/buffer.pt

      Epoch    GPU_mem   box_loss   cls_loss   dfl_loss  Instances       Size
                   all        367       8260      0.326      0.271      0.278      0.163
Replay buffer size after epoch 10: 512 embeddings across 4 classes.
Saved 512 replay embeddings to /home/ddwilde/scriptie/runs/dota_saab/stage1-saab/replay/buffer.pt

      Epoch    GPU_mem   box_loss   cls_loss   dfl_loss  Instances       Size
                   all        367       8260      0.325      0.277      0.278      0.162
Replay buffer size after epoch 11: 512 embeddings across 4 classes.
Saved 512 replay embeddings to /home/ddwilde/scriptie/runs/dota_saab/stage1-saab/replay/buffer.pt

      Epoch    GPU_mem   box_loss   cls_loss   dfl_loss  Instances       Size
                   all        367       8260      0.324      0.276      0.282       0.16
Replay buffer size after epoch 12: 512 embeddings across 4 classes.
Saved 512 replay embeddings to /home/ddwilde/scriptie/runs/dota_saab/stage1-saab/replay/buffer.pt

      Epoch    GPU_mem   box_loss   cls_loss   dfl_loss  Instances       Size
                   all        367       8260      0.328      0.283      0.288      0.164
Replay buffer size after epoch 13: 512 embeddings across 4 classes.
Saved 512 replay embeddings to /home/ddwilde/scriptie/runs/dota_saab/stage1-saab/replay/buffer.pt

      Epoch    GPU_mem   box_loss   cls_loss   dfl_loss  Instances       Size
                   all        367       8260      0.314      0.278      0.277       0.16
Replay buffer size after epoch 14: 512 embeddings across 4 classes.
Saved 512 replay embeddings to /home/ddwilde/scriptie/runs/dota_saab/stage1-saab/replay/buffer.pt

      Epoch    GPU_mem   box_loss   cls_loss   dfl_loss  Instances       Size
                   all        367       8260      0.574      0.285      0.288       0.17
Replay buffer size after epoch 15: 512 embeddings across 4 classes.
Saved 512 replay embeddings to /home/ddwilde/scriptie/runs/dota_saab/stage1-saab/replay/buffer.pt

      Epoch    GPU_mem   box_loss   cls_loss   dfl_loss  Instances       Size
                   all        367       8260      0.592      0.288      0.294      0.178
Replay buffer size after epoch 16: 512 embeddings across 4 classes.
Saved 512 replay embeddings to /home/ddwilde/scriptie/runs/dota_saab/stage1-saab/replay/buffer.pt

      Epoch    GPU_mem   box_loss   cls_loss   dfl_loss  Instances       Size
                   all        367       8260      0.585      0.298      0.303       0.18
Replay buffer size after epoch 17: 512 embeddings across 4 classes.
Saved 512 replay embeddings to /home/ddwilde/scriptie/runs/dota_saab/stage1-saab/replay/buffer.pt

      Epoch    GPU_mem   box_loss   cls_loss   dfl_loss  Instances       Size
                   all        367       8260      0.574      0.292      0.289       0.17
Replay buffer size after epoch 18: 512 embeddings across 4 classes.
Saved 512 replay embeddings to /home/ddwilde/scriptie/runs/dota_saab/stage1-saab/replay/buffer.pt

      Epoch    GPU_mem   box_loss   cls_loss   dfl_loss  Instances       Size
                   all        367       8260      0.592      0.295        0.3      0.177
Replay buffer size after epoch 19: 512 embeddings across 4 classes.
Saved 512 replay embeddings to /home/ddwilde/scriptie/runs/dota_saab/stage1-saab/replay/buffer.pt

      Epoch    GPU_mem   box_loss   cls_loss   dfl_loss  Instances       Size
                   all        367       8260      0.836      0.294      0.298      0.179
Replay buffer size after epoch 20: 512 embeddings across 4 classes.
Saved 512 replay embeddings to /home/ddwilde/scriptie/runs/dota_saab/stage1-saab/replay/buffer.pt
Closing dataloader mosaic

      Epoch    GPU_mem   box_loss   cls_loss   dfl_loss  Instances       Size
                   all        367       8260      0.586       0.29      0.299      0.178
Replay buffer size after epoch 21: 512 embeddings across 4 classes.
Saved 512 replay embeddings to /home/ddwilde/scriptie/runs/dota_saab/stage1-saab/replay/buffer.pt

      Epoch    GPU_mem   box_loss   cls_loss   dfl_loss  Instances       Size
                   all        367       8260      0.826      0.286      0.291      0.176
Replay buffer size after epoch 22: 512 embeddings across 4 classes.
Saved 512 replay embeddings to /home/ddwilde/scriptie/runs/dota_saab/stage1-saab/replay/buffer.pt

      Epoch    GPU_mem   box_loss   cls_loss   dfl_loss  Instances       Size
                   all        367       8260      0.825      0.287      0.292      0.177
Replay buffer size after epoch 23: 512 embeddings across 4 classes.
Saved 512 replay embeddings to /home/ddwilde/scriptie/runs/dota_saab/stage1-saab/replay/buffer.pt

      Epoch    GPU_mem   box_loss   cls_loss   dfl_loss  Instances       Size
                   all        367       8260      0.834      0.287      0.293      0.177
Replay buffer size after epoch 24: 512 embeddings across 4 classes.
Saved 512 replay embeddings to /home/ddwilde/scriptie/runs/dota_saab/stage1-saab/replay/buffer.pt

      Epoch    GPU_mem   box_loss   cls_loss   dfl_loss  Instances       Size
                   all        367       8260      0.827      0.293      0.296      0.178
Replay buffer size after epoch 25: 512 embeddings across 4 classes.
Saved 512 replay embeddings to /home/ddwilde/scriptie/runs/dota_saab/stage1-saab/replay/buffer.pt

      Epoch    GPU_mem   box_loss   cls_loss   dfl_loss  Instances       Size
                   all        367       8260      0.831      0.295      0.297      0.181
Replay buffer size after epoch 26: 512 embeddings across 4 classes.
Saved 512 replay embeddings to /home/ddwilde/scriptie/runs/dota_saab/stage1-saab/replay/buffer.pt

      Epoch    GPU_mem   box_loss   cls_loss   dfl_loss  Instances       Size
                   all        367       8260      0.831       0.29        0.3      0.182
Replay buffer size after epoch 27: 512 embeddings across 4 classes.
Saved 512 replay embeddings to /home/ddwilde/scriptie/runs/dota_saab/stage1-saab/replay/buffer.pt

      Epoch    GPU_mem   box_loss   cls_loss   dfl_loss  Instances       Size
                   all        367       8260      0.833      0.288      0.301      0.179
Replay buffer size after epoch 28: 512 embeddings across 4 classes.
Saved 512 replay embeddings to /home/ddwilde/scriptie/runs/dota_saab/stage1-saab/replay/buffer.pt

      Epoch    GPU_mem   box_loss   cls_loss   dfl_loss  Instances       Size
                   all        367       8260      0.836      0.295      0.305      0.184
Replay buffer size after epoch 29: 512 embeddings across 4 classes.
Saved 512 replay embeddings to /home/ddwilde/scriptie/runs/dota_saab/stage1-saab/replay/buffer.pt

      Epoch    GPU_mem   box_loss   cls_loss   dfl_loss  Instances       Size
                   all        367       8260      0.837      0.296      0.308      0.186
Replay buffer size after epoch 30: 512 embeddings across 4 classes.
Saved 512 replay embeddings to /home/ddwilde/scriptie/runs/dota_saab/stage1-saab/replay/buffer.pt

30 epochs completed in 0.769 hours.
Optimizer stripped from /home/ddwilde/scriptie/runs/dota_saab/stage1-saab/weights/last.pt, 19.5MB
Optimizer stripped from /home/ddwilde/scriptie/runs/dota_saab/stage1-saab/weights/best.pt, 19.5MB

Validating /home/ddwilde/scriptie/runs/dota_saab/stage1-saab/weights/best.pt...
EDNet 1.0 ✅ Python-3.10.4 ✅ torch-2.8.0+cu128 ✅CUDA:0 (NVIDIA A100-SXM4-40GB, 40441MiB)
Skipping layer fusion for LoRA-enabled model during weight loading.
                   all        367       8260      0.837      0.296      0.308      0.186
         large-vehicle         83       3527      0.718      0.698      0.706      0.468
         small-vehicle         99       4549      0.631      0.488      0.497      0.266
            helicopter          7         42          1          0     0.0141     0.0024
            roundabout         49        142          1          0     0.0142    0.00695
Speed: 0.1ms preprocess, 3.8ms inference, 0.0ms loss, 0.1ms postprocess per image
Results saved to [1m/home/ddwilde/scriptie/runs/dota_saab/stage1-saab[0m
Training finished. Results saved in: /home/ddwilde/scriptie/runs/dota_saab/stage1-saab
EDNet 1.0 ✅ Python-3.10.4 ✅ torch-2.8.0+cu128 ✅CUDA:0 (NVIDIA A100-SXM4-40GB, 40441MiB)
[34m[1mengine/trainer: [0mtask=detect, mode=train, model=/home/ddwilde/scriptie/runs/dota_saab/stage1-saab/weights/best.pt, data=/home/ddwilde/scriptie/yaml/DOTA-stage2.yaml, epochs=30, time=None, patience=100, batch=4, imgsz=640, save=True, save_period=-1, cache=False, device=None, workers=8, project=/home/ddwilde/scriptie/runs/dota_saab, name=stage2-saab, exist_ok=False, pretrained=True, optimizer=auto, verbose=True, seed=0, deterministic=True, single_cls=False, rect=False, cos_lr=False, close_mosaic=10, resume=False, amp=True, fraction=1.0, profile=False, freeze=None, multi_scale=False, lora={'enable': True, 'freeze_backbone': True}, continual={'enable': False, 'batches': [], 'adapter_strategy': 'last', 'save_history': True}, replay={'enable': True, 'buffer_per_class': 128, 'sample_per_batch': 32, 'loss_weight': 1.0, 'init_buffer': '/home/ddwilde/scriptie/runs/dota_saab/stage1-saab/replay/buffer.pt', 'memory_dir': '/home/ddwilde/scriptie/datasets/memory/stage1', 'memory_ratio': 0.5, 'tiny_max_pixels': 320}, overlap_mask=True, mask_ratio=4, dropout=0.0, val=True, split=val, save_json=False, save_hybrid=False, conf=None, iou=0.7, max_det=300, half=False, dnn=False, plots=True, source=None, vid_stride=1, stream_buffer=False, visualize=False, augment=False, agnostic_nms=False, classes=None, retina_masks=False, embed=None, show=False, save_frames=False, save_txt=False, save_conf=False, save_crop=False, show_labels=True, show_conf=True, show_boxes=True, line_width=None, format=torchscript, keras=False, optimize=False, int8=False, dynamic=False, simplify=False, opset=None, workspace=4, nms=False, lr0=0.01, lrf=0.01, momentum=0.937, weight_decay=0.0005, warmup_epochs=3.0, warmup_momentum=0.8, warmup_bias_lr=0.1, box=7.5, cls=0.5, dfl=1.5, pose=12.0, kobj=1.0, label_smoothing=0.0, nbs=64, hsv_h=0.015, hsv_s=0.7, hsv_v=0.4, degrees=0.0, translate=0.1, scale=0.5, shear=0.0, perspective=0.0, flipud=0.0, fliplr=0.5, bgr=0.0, mosaic=1.0, mixup=0.0, copy_paste=0.0, auto_augment=randaugment, erasing=0.4, crop_fraction=1.0, cfg=None, tracker=botsort.yaml, save_dir=/home/ddwilde/scriptie/runs/dota_saab/stage2-saab

                   from  n    params  module                                       arguments                     
  0                  -1  1       928  ednet.nn.modules.conv.Conv                   [3, 32, 3, 2]                 
  1                  -1  1     18560  ednet.nn.modules.conv.Conv                   [32, 64, 3, 2]                
  2                  -1  1     29056  ednet.nn.modules.block.C2f                   [64, 64, 1, True]             
  3                  -1  1     73984  ednet.nn.modules.conv.Conv                   [64, 128, 3, 2]               
  4                  -1  2    197632  ednet.nn.modules.block.C2f                   [128, 128, 2, True]           
  5                  -1  1    295424  ednet.nn.modules.conv.Conv                   [128, 256, 3, 2]              
  6                  -1  2    420864  ednet.nn.modules.block.C2f_FCA               [256, 256, 2, True]           
  7                  -1  1   1180672  ednet.nn.modules.conv.Conv                   [256, 512, 3, 2]              
  8                  -1  1   1095680  ednet.nn.modules.block.C2f_FCA               [512, 512, 1, True]           
  9                  -1  1    656896  ednet.nn.modules.block.SPPF                  [512, 512, 5]                 
 10                  -1  1    990976  ednet.nn.modules.block.PSA                   [512, 512]                    
 11                  -1  1         0  torch.nn.modules.upsampling.Upsample         [None, 2, 'nearest']          
 12             [-1, 6]  1         0  ednet.nn.modules.conv.Concat                 [1]                           
 13                  -1  1    591360  ednet.nn.modules.block.C2f                   [768, 256, 1]                 
 14                  -1  1         0  torch.nn.modules.upsampling.Upsample         [None, 2, 'nearest']          
 15             [-1, 4]  1         0  ednet.nn.modules.conv.Concat                 [1]                           
 16                  -1  1    148224  ednet.nn.modules.block.C2f                   [384, 128, 1]                 
 17                  -1  1         0  torch.nn.modules.upsampling.Upsample         [None, 2, 'nearest']          
 18             [-1, 2]  1         0  ednet.nn.modules.conv.Concat                 [1]                           
 19                  -1  1     37248  ednet.nn.modules.block.C2f                   [192, 64, 1]                  
 20                  -1  1     36992  ednet.nn.modules.conv.Conv                   [64, 64, 3, 2]                
 21            [-1, 16]  1         0  ednet.nn.modules.conv.Concat                 [1]                           
 22                  -1  1    123648  ednet.nn.modules.block.C2f                   [192, 128, 1]                 
 23                  -1  1    147712  ednet.nn.modules.conv.Conv                   [128, 128, 3, 2]              
 24            [-1, 13]  1         0  ednet.nn.modules.conv.Concat                 [1]                           
 25                  -1  1    493056  ednet.nn.modules.block.C2f                   [384, 256, 1]                 
 26                  -1  1     68864  ednet.nn.modules.block.SCDown                [256, 256, 3, 2]              
 27             [-1, 9]  1         0  ednet.nn.modules.conv.Concat                 [1]                           
 28                  -1  1   1089536  ednet.nn.modules.block.C2fCIB                [768, 512, 1, True, True]     
 29    [19, 22, 25, 28]  1   1628424  ednet.nn.modules.head.v10Detect              [15, [64, 128, 256, 512]]     
ednet-s summary: 510 layers, 9,325,736 parameters, 9,325,720 gradients

Transferred 725/753 items from pretrained weights
LoRA enabled: 28 adapters (rank=8, alpha=16.0, freeze_backbone=True)
Replay feature tapper initialized for layers: ['P3', 'P4']
[34m[1mTensorBoard: [0mStart with 'tensorboard --logdir /home/ddwilde/scriptie/runs/dota_saab/stage2-saab', view at http://localhost:6006/
WARNING ⚠️ setting 'requires_grad=True' for frozen layer 'model.0.conv.weight'. See ednet.engine.trainer for customization of frozen layers.
WARNING ⚠️ setting 'requires_grad=True' for frozen layer 'model.0.bn.weight'. See ednet.engine.trainer for customization of frozen layers.
WARNING ⚠️ setting 'requires_grad=True' for frozen layer 'model.0.bn.bias'. See ednet.engine.trainer for customization of frozen layers.
WARNING ⚠️ setting 'requires_grad=True' for frozen layer 'model.1.conv.weight'. See ednet.engine.trainer for customization of frozen layers.
WARNING ⚠️ setting 'requires_grad=True' for frozen layer 'model.1.bn.weight'. See ednet.engine.trainer for customization of frozen layers.
WARNING ⚠️ setting 'requires_grad=True' for frozen layer 'model.1.bn.bias'. See ednet.engine.trainer for customization of frozen layers.
WARNING ⚠️ setting 'requires_grad=True' for frozen layer 'model.2.cv1.conv.weight'. See ednet.engine.trainer for customization of frozen layers.
WARNING ⚠️ setting 'requires_grad=True' for frozen layer 'model.2.cv1.bn.weight'. See ednet.engine.trainer for customization of frozen layers.
WARNING ⚠️ setting 'requires_grad=True' for frozen layer 'model.2.cv1.bn.bias'. See ednet.engine.trainer for customization of frozen layers.
WARNING ⚠️ setting 'requires_grad=True' for frozen layer 'model.2.cv2.conv.weight'. See ednet.engine.trainer for customization of frozen layers.
WARNING ⚠️ setting 'requires_grad=True' for frozen layer 'model.2.cv2.bn.weight'. See ednet.engine.trainer for customization of frozen layers.
WARNING ⚠️ setting 'requires_grad=True' for frozen layer 'model.2.cv2.bn.bias'. See ednet.engine.trainer for customization of frozen layers.
WARNING ⚠️ setting 'requires_grad=True' for frozen layer 'model.2.m.0.cv1.conv.weight'. See ednet.engine.trainer for customization of frozen layers.
WARNING ⚠️ setting 'requires_grad=True' for frozen layer 'model.2.m.0.cv1.bn.weight'. See ednet.engine.trainer for customization of frozen layers.
WARNING ⚠️ setting 'requires_grad=True' for frozen layer 'model.2.m.0.cv1.bn.bias'. See ednet.engine.trainer for customization of frozen layers.
WARNING ⚠️ setting 'requires_grad=True' for frozen layer 'model.2.m.0.cv2.conv.weight'. See ednet.engine.trainer for customization of frozen layers.
WARNING ⚠️ setting 'requires_grad=True' for frozen layer 'model.2.m.0.cv2.bn.weight'. See ednet.engine.trainer for customization of frozen layers.
WARNING ⚠️ setting 'requires_grad=True' for frozen layer 'model.2.m.0.cv2.bn.bias'. See ednet.engine.trainer for customization of frozen layers.
WARNING ⚠️ setting 'requires_grad=True' for frozen layer 'model.3.conv.weight'. See ednet.engine.trainer for customization of frozen layers.
WARNING ⚠️ setting 'requires_grad=True' for frozen layer 'model.3.bn.weight'. See ednet.engine.trainer for customization of frozen layers.
WARNING ⚠️ setting 'requires_grad=True' for frozen layer 'model.3.bn.bias'. See ednet.engine.trainer for customization of frozen layers.
WARNING ⚠️ setting 'requires_grad=True' for frozen layer 'model.4.cv1.conv.weight'. See ednet.engine.trainer for customization of frozen layers.
WARNING ⚠️ setting 'requires_grad=True' for frozen layer 'model.4.cv1.bn.weight'. See ednet.engine.trainer for customization of frozen layers.
WARNING ⚠️ setting 'requires_grad=True' for frozen layer 'model.4.cv1.bn.bias'. See ednet.engine.trainer for customization of frozen layers.
WARNING ⚠️ setting 'requires_grad=True' for frozen layer 'model.4.cv2.conv.weight'. See ednet.engine.trainer for customization of frozen layers.
WARNING ⚠️ setting 'requires_grad=True' for frozen layer 'model.4.cv2.bn.weight'. See ednet.engine.trainer for customization of frozen layers.
WARNING ⚠️ setting 'requires_grad=True' for frozen layer 'model.4.cv2.bn.bias'. See ednet.engine.trainer for customization of frozen layers.
WARNING ⚠️ setting 'requires_grad=True' for frozen layer 'model.4.m.0.cv1.conv.weight'. See ednet.engine.trainer for customization of frozen layers.
WARNING ⚠️ setting 'requires_grad=True' for frozen layer 'model.4.m.0.cv1.bn.weight'. See ednet.engine.trainer for customization of frozen layers.
WARNING ⚠️ setting 'requires_grad=True' for frozen layer 'model.4.m.0.cv1.bn.bias'. See ednet.engine.trainer for customization of frozen layers.
WARNING ⚠️ setting 'requires_grad=True' for frozen layer 'model.4.m.0.cv2.conv.weight'. See ednet.engine.trainer for customization of frozen layers.
WARNING ⚠️ setting 'requires_grad=True' for frozen layer 'model.4.m.0.cv2.bn.weight'. See ednet.engine.trainer for customization of frozen layers.
WARNING ⚠️ setting 'requires_grad=True' for frozen layer 'model.4.m.0.cv2.bn.bias'. See ednet.engine.trainer for customization of frozen layers.
WARNING ⚠️ setting 'requires_grad=True' for frozen layer 'model.4.m.1.cv1.conv.weight'. See ednet.engine.trainer for customization of frozen layers.
WARNING ⚠️ setting 'requires_grad=True' for frozen layer 'model.4.m.1.cv1.bn.weight'. See ednet.engine.trainer for customization of frozen layers.
WARNING ⚠️ setting 'requires_grad=True' for frozen layer 'model.4.m.1.cv1.bn.bias'. See ednet.engine.trainer for customization of frozen layers.
WARNING ⚠️ setting 'requires_grad=True' for frozen layer 'model.4.m.1.cv2.conv.weight'. See ednet.engine.trainer for customization of frozen layers.
WARNING ⚠️ setting 'requires_grad=True' for frozen layer 'model.4.m.1.cv2.bn.weight'. See ednet.engine.trainer for customization of frozen layers.
WARNING ⚠️ setting 'requires_grad=True' for frozen layer 'model.4.m.1.cv2.bn.bias'. See ednet.engine.trainer for customization of frozen layers.
WARNING ⚠️ setting 'requires_grad=True' for frozen layer 'model.5.conv.weight'. See ednet.engine.trainer for customization of frozen layers.
WARNING ⚠️ setting 'requires_grad=True' for frozen layer 'model.5.bn.weight'. See ednet.engine.trainer for customization of frozen layers.
WARNING ⚠️ setting 'requires_grad=True' for frozen layer 'model.5.bn.bias'. See ednet.engine.trainer for customization of frozen layers.
WARNING ⚠️ setting 'requires_grad=True' for frozen layer 'model.6.cv1.conv.weight'. See ednet.engine.trainer for customization of frozen layers.
WARNING ⚠️ setting 'requires_grad=True' for frozen layer 'model.6.cv1.bn.weight'. See ednet.engine.trainer for customization of frozen layers.
WARNING ⚠️ setting 'requires_grad=True' for frozen layer 'model.6.cv1.bn.bias'. See ednet.engine.trainer for customization of frozen layers.
WARNING ⚠️ setting 'requires_grad=True' for frozen layer 'model.6.cv2.conv.weight'. See ednet.engine.trainer for customization of frozen layers.
WARNING ⚠️ setting 'requires_grad=True' for frozen layer 'model.6.cv2.bn.weight'. See ednet.engine.trainer for customization of frozen layers.
WARNING ⚠️ setting 'requires_grad=True' for frozen layer 'model.6.cv2.bn.bias'. See ednet.engine.trainer for customization of frozen layers.
WARNING ⚠️ setting 'requires_grad=True' for frozen layer 'model.6.m.0.mlp.0.conv.weight'. See ednet.engine.trainer for customization of frozen layers.
WARNING ⚠️ setting 'requires_grad=True' for frozen layer 'model.6.m.0.mlp.0.bn.weight'. See ednet.engine.trainer for customization of frozen layers.
WARNING ⚠️ setting 'requires_grad=True' for frozen layer 'model.6.m.0.mlp.0.bn.bias'. See ednet.engine.trainer for customization of frozen layers.
WARNING ⚠️ setting 'requires_grad=True' for frozen layer 'model.6.m.0.mlp.1.weight'. See ednet.engine.trainer for customization of frozen layers.
WARNING ⚠️ setting 'requires_grad=True' for frozen layer 'model.6.m.0.spatial_mixing.PConv3.weight'. See ednet.engine.trainer for customization of frozen layers.
WARNING ⚠️ setting 'requires_grad=True' for frozen layer 'model.6.m.0.attention.conv1.conv.weight'. See ednet.engine.trainer for customization of frozen layers.
WARNING ⚠️ setting 'requires_grad=True' for frozen layer 'model.6.m.0.attention.conv1.bn.weight'. See ednet.engine.trainer for customization of frozen layers.
WARNING ⚠️ setting 'requires_grad=True' for frozen layer 'model.6.m.0.attention.conv1.bn.bias'. See ednet.engine.trainer for customization of frozen layers.
WARNING ⚠️ setting 'requires_grad=True' for frozen layer 'model.6.m.0.attention.h_conv.conv.weight'. See ednet.engine.trainer for customization of frozen layers.
WARNING ⚠️ setting 'requires_grad=True' for frozen layer 'model.6.m.0.attention.h_conv.conv.bias'. See ednet.engine.trainer for customization of frozen layers.
WARNING ⚠️ setting 'requires_grad=True' for frozen layer 'model.6.m.0.attention.v_conv.conv.weight'. See ednet.engine.trainer for customization of frozen layers.
WARNING ⚠️ setting 'requires_grad=True' for frozen layer 'model.6.m.0.attention.v_conv.conv.bias'. See ednet.engine.trainer for customization of frozen layers.
WARNING ⚠️ setting 'requires_grad=True' for frozen layer 'model.6.m.0.attention.conv2.conv.weight'. See ednet.engine.trainer for customization of frozen layers.
WARNING ⚠️ setting 'requires_grad=True' for frozen layer 'model.6.m.0.attention.conv2.bn.weight'. See ednet.engine.trainer for customization of frozen layers.
WARNING ⚠️ setting 'requires_grad=True' for frozen layer 'model.6.m.0.attention.conv2.bn.bias'. See ednet.engine.trainer for customization of frozen layers.
WARNING ⚠️ setting 'requires_grad=True' for frozen layer 'model.6.m.1.mlp.0.conv.weight'. See ednet.engine.trainer for customization of frozen layers.
WARNING ⚠️ setting 'requires_grad=True' for frozen layer 'model.6.m.1.mlp.0.bn.weight'. See ednet.engine.trainer for customization of frozen layers.
WARNING ⚠️ setting 'requires_grad=True' for frozen layer 'model.6.m.1.mlp.0.bn.bias'. See ednet.engine.trainer for customization of frozen layers.
WARNING ⚠️ setting 'requires_grad=True' for frozen layer 'model.6.m.1.mlp.1.weight'. See ednet.engine.trainer for customization of frozen layers.
WARNING ⚠️ setting 'requires_grad=True' for frozen layer 'model.6.m.1.spatial_mixing.PConv3.weight'. See ednet.engine.trainer for customization of frozen layers.
WARNING ⚠️ setting 'requires_grad=True' for frozen layer 'model.6.m.1.attention.conv1.conv.weight'. See ednet.engine.trainer for customization of frozen layers.
WARNING ⚠️ setting 'requires_grad=True' for frozen layer 'model.6.m.1.attention.conv1.bn.weight'. See ednet.engine.trainer for customization of frozen layers.
WARNING ⚠️ setting 'requires_grad=True' for frozen layer 'model.6.m.1.attention.conv1.bn.bias'. See ednet.engine.trainer for customization of frozen layers.
WARNING ⚠️ setting 'requires_grad=True' for frozen layer 'model.6.m.1.attention.h_conv.conv.weight'. See ednet.engine.trainer for customization of frozen layers.
WARNING ⚠️ setting 'requires_grad=True' for frozen layer 'model.6.m.1.attention.h_conv.conv.bias'. See ednet.engine.trainer for customization of frozen layers.
WARNING ⚠️ setting 'requires_grad=True' for frozen layer 'model.6.m.1.attention.v_conv.conv.weight'. See ednet.engine.trainer for customization of frozen layers.
WARNING ⚠️ setting 'requires_grad=True' for frozen layer 'model.6.m.1.attention.v_conv.conv.bias'. See ednet.engine.trainer for customization of frozen layers.
WARNING ⚠️ setting 'requires_grad=True' for frozen layer 'model.6.m.1.attention.conv2.conv.weight'. See ednet.engine.trainer for customization of frozen layers.
WARNING ⚠️ setting 'requires_grad=True' for frozen layer 'model.6.m.1.attention.conv2.bn.weight'. See ednet.engine.trainer for customization of frozen layers.
WARNING ⚠️ setting 'requires_grad=True' for frozen layer 'model.6.m.1.attention.conv2.bn.bias'. See ednet.engine.trainer for customization of frozen layers.
WARNING ⚠️ setting 'requires_grad=True' for frozen layer 'model.7.conv.weight'. See ednet.engine.trainer for customization of frozen layers.
WARNING ⚠️ setting 'requires_grad=True' for frozen layer 'model.7.bn.weight'. See ednet.engine.trainer for customization of frozen layers.
WARNING ⚠️ setting 'requires_grad=True' for frozen layer 'model.7.bn.bias'. See ednet.engine.trainer for customization of frozen layers.
WARNING ⚠️ setting 'requires_grad=True' for frozen layer 'model.8.cv1.conv.weight'. See ednet.engine.trainer for customization of frozen layers.
WARNING ⚠️ setting 'requires_grad=True' for frozen layer 'model.8.cv1.bn.weight'. See ednet.engine.trainer for customization of frozen layers.
WARNING ⚠️ setting 'requires_grad=True' for frozen layer 'model.8.cv1.bn.bias'. See ednet.engine.trainer for customization of frozen layers.
WARNING ⚠️ setting 'requires_grad=True' for frozen layer 'model.8.cv2.conv.weight'. See ednet.engine.trainer for customization of frozen layers.
WARNING ⚠️ setting 'requires_grad=True' for frozen layer 'model.8.cv2.bn.weight'. See ednet.engine.trainer for customization of frozen layers.
WARNING ⚠️ setting 'requires_grad=True' for frozen layer 'model.8.cv2.bn.bias'. See ednet.engine.trainer for customization of frozen layers.
WARNING ⚠️ setting 'requires_grad=True' for frozen layer 'model.8.m.0.mlp.0.conv.weight'. See ednet.engine.trainer for customization of frozen layers.
WARNING ⚠️ setting 'requires_grad=True' for frozen layer 'model.8.m.0.mlp.0.bn.weight'. See ednet.engine.trainer for customization of frozen layers.
WARNING ⚠️ setting 'requires_grad=True' for frozen layer 'model.8.m.0.mlp.0.bn.bias'. See ednet.engine.trainer for customization of frozen layers.
WARNING ⚠️ setting 'requires_grad=True' for frozen layer 'model.8.m.0.mlp.1.weight'. See ednet.engine.trainer for customization of frozen layers.
WARNING ⚠️ setting 'requires_grad=True' for frozen layer 'model.8.m.0.spatial_mixing.PConv3.weight'. See ednet.engine.trainer for customization of frozen layers.
WARNING ⚠️ setting 'requires_grad=True' for frozen layer 'model.8.m.0.attention.conv1.conv.weight'. See ednet.engine.trainer for customization of frozen layers.
WARNING ⚠️ setting 'requires_grad=True' for frozen layer 'model.8.m.0.attention.conv1.bn.weight'. See ednet.engine.trainer for customization of frozen layers.
WARNING ⚠️ setting 'requires_grad=True' for frozen layer 'model.8.m.0.attention.conv1.bn.bias'. See ednet.engine.trainer for customization of frozen layers.
WARNING ⚠️ setting 'requires_grad=True' for frozen layer 'model.8.m.0.attention.h_conv.conv.weight'. See ednet.engine.trainer for customization of frozen layers.
WARNING ⚠️ setting 'requires_grad=True' for frozen layer 'model.8.m.0.attention.h_conv.conv.bias'. See ednet.engine.trainer for customization of frozen layers.
WARNING ⚠️ setting 'requires_grad=True' for frozen layer 'model.8.m.0.attention.v_conv.conv.weight'. See ednet.engine.trainer for customization of frozen layers.
WARNING ⚠️ setting 'requires_grad=True' for frozen layer 'model.8.m.0.attention.v_conv.conv.bias'. See ednet.engine.trainer for customization of frozen layers.
WARNING ⚠️ setting 'requires_grad=True' for frozen layer 'model.8.m.0.attention.conv2.conv.weight'. See ednet.engine.trainer for customization of frozen layers.
WARNING ⚠️ setting 'requires_grad=True' for frozen layer 'model.8.m.0.attention.conv2.bn.weight'. See ednet.engine.trainer for customization of frozen layers.
WARNING ⚠️ setting 'requires_grad=True' for frozen layer 'model.8.m.0.attention.conv2.bn.bias'. See ednet.engine.trainer for customization of frozen layers.
WARNING ⚠️ setting 'requires_grad=True' for frozen layer 'model.9.cv1.conv.weight'. See ednet.engine.trainer for customization of frozen layers.
WARNING ⚠️ setting 'requires_grad=True' for frozen layer 'model.9.cv1.bn.weight'. See ednet.engine.trainer for customization of frozen layers.
WARNING ⚠️ setting 'requires_grad=True' for frozen layer 'model.9.cv1.bn.bias'. See ednet.engine.trainer for customization of frozen layers.
WARNING ⚠️ setting 'requires_grad=True' for frozen layer 'model.9.cv2.conv.weight'. See ednet.engine.trainer for customization of frozen layers.
WARNING ⚠️ setting 'requires_grad=True' for frozen layer 'model.9.cv2.bn.weight'. See ednet.engine.trainer for customization of frozen layers.
WARNING ⚠️ setting 'requires_grad=True' for frozen layer 'model.9.cv2.bn.bias'. See ednet.engine.trainer for customization of frozen layers.
WARNING ⚠️ setting 'requires_grad=True' for frozen layer 'model.10.cv1.conv.weight'. See ednet.engine.trainer for customization of frozen layers.
WARNING ⚠️ setting 'requires_grad=True' for frozen layer 'model.10.cv1.bn.weight'. See ednet.engine.trainer for customization of frozen layers.
WARNING ⚠️ setting 'requires_grad=True' for frozen layer 'model.10.cv1.bn.bias'. See ednet.engine.trainer for customization of frozen layers.
WARNING ⚠️ setting 'requires_grad=True' for frozen layer 'model.10.cv2.conv.weight'. See ednet.engine.trainer for customization of frozen layers.
WARNING ⚠️ setting 'requires_grad=True' for frozen layer 'model.10.cv2.bn.weight'. See ednet.engine.trainer for customization of frozen layers.
WARNING ⚠️ setting 'requires_grad=True' for frozen layer 'model.10.cv2.bn.bias'. See ednet.engine.trainer for customization of frozen layers.
WARNING ⚠️ setting 'requires_grad=True' for frozen layer 'model.10.attn.qkv.conv.weight'. See ednet.engine.trainer for customization of frozen layers.
WARNING ⚠️ setting 'requires_grad=True' for frozen layer 'model.10.attn.qkv.bn.weight'. See ednet.engine.trainer for customization of frozen layers.
WARNING ⚠️ setting 'requires_grad=True' for frozen layer 'model.10.attn.qkv.bn.bias'. See ednet.engine.trainer for customization of frozen layers.
WARNING ⚠️ setting 'requires_grad=True' for frozen layer 'model.10.attn.proj.conv.weight'. See ednet.engine.trainer for customization of frozen layers.
WARNING ⚠️ setting 'requires_grad=True' for frozen layer 'model.10.attn.proj.bn.weight'. See ednet.engine.trainer for customization of frozen layers.
WARNING ⚠️ setting 'requires_grad=True' for frozen layer 'model.10.attn.proj.bn.bias'. See ednet.engine.trainer for customization of frozen layers.
WARNING ⚠️ setting 'requires_grad=True' for frozen layer 'model.10.attn.pe.conv.weight'. See ednet.engine.trainer for customization of frozen layers.
WARNING ⚠️ setting 'requires_grad=True' for frozen layer 'model.10.attn.pe.bn.weight'. See ednet.engine.trainer for customization of frozen layers.
WARNING ⚠️ setting 'requires_grad=True' for frozen layer 'model.10.attn.pe.bn.bias'. See ednet.engine.trainer for customization of frozen layers.
WARNING ⚠️ setting 'requires_grad=True' for frozen layer 'model.10.ffn.0.conv.weight'. See ednet.engine.trainer for customization of frozen layers.
WARNING ⚠️ setting 'requires_grad=True' for frozen layer 'model.10.ffn.0.bn.weight'. See ednet.engine.trainer for customization of frozen layers.
WARNING ⚠️ setting 'requires_grad=True' for frozen layer 'model.10.ffn.0.bn.bias'. See ednet.engine.trainer for customization of frozen layers.
WARNING ⚠️ setting 'requires_grad=True' for frozen layer 'model.10.ffn.1.conv.weight'. See ednet.engine.trainer for customization of frozen layers.
WARNING ⚠️ setting 'requires_grad=True' for frozen layer 'model.10.ffn.1.bn.weight'. See ednet.engine.trainer for customization of frozen layers.
WARNING ⚠️ setting 'requires_grad=True' for frozen layer 'model.10.ffn.1.bn.bias'. See ednet.engine.trainer for customization of frozen layers.
WARNING ⚠️ setting 'requires_grad=True' for frozen layer 'model.13.cv1.conv.weight'. See ednet.engine.trainer for customization of frozen layers.
WARNING ⚠️ setting 'requires_grad=True' for frozen layer 'model.13.cv1.bn.weight'. See ednet.engine.trainer for customization of frozen layers.
WARNING ⚠️ setting 'requires_grad=True' for frozen layer 'model.13.cv1.bn.bias'. See ednet.engine.trainer for customization of frozen layers.
WARNING ⚠️ setting 'requires_grad=True' for frozen layer 'model.13.cv2.conv.weight'. See ednet.engine.trainer for customization of frozen layers.
WARNING ⚠️ setting 'requires_grad=True' for frozen layer 'model.13.cv2.bn.weight'. See ednet.engine.trainer for customization of frozen layers.
WARNING ⚠️ setting 'requires_grad=True' for frozen layer 'model.13.cv2.bn.bias'. See ednet.engine.trainer for customization of frozen layers.
WARNING ⚠️ setting 'requires_grad=True' for frozen layer 'model.13.m.0.cv1.conv.weight'. See ednet.engine.trainer for customization of frozen layers.
WARNING ⚠️ setting 'requires_grad=True' for frozen layer 'model.13.m.0.cv1.bn.weight'. See ednet.engine.trainer for customization of frozen layers.
WARNING ⚠️ setting 'requires_grad=True' for frozen layer 'model.13.m.0.cv1.bn.bias'. See ednet.engine.trainer for customization of frozen layers.
WARNING ⚠️ setting 'requires_grad=True' for frozen layer 'model.13.m.0.cv2.conv.weight'. See ednet.engine.trainer for customization of frozen layers.
WARNING ⚠️ setting 'requires_grad=True' for frozen layer 'model.13.m.0.cv2.bn.weight'. See ednet.engine.trainer for customization of frozen layers.
WARNING ⚠️ setting 'requires_grad=True' for frozen layer 'model.13.m.0.cv2.bn.bias'. See ednet.engine.trainer for customization of frozen layers.
WARNING ⚠️ setting 'requires_grad=True' for frozen layer 'model.16.cv1.conv.base.weight'. See ednet.engine.trainer for customization of frozen layers.
WARNING ⚠️ setting 'requires_grad=True' for frozen layer 'model.16.cv1.bn.weight'. See ednet.engine.trainer for customization of frozen layers.
WARNING ⚠️ setting 'requires_grad=True' for frozen layer 'model.16.cv1.bn.bias'. See ednet.engine.trainer for customization of frozen layers.
WARNING ⚠️ setting 'requires_grad=True' for frozen layer 'model.16.cv2.conv.base.weight'. See ednet.engine.trainer for customization of frozen layers.
WARNING ⚠️ setting 'requires_grad=True' for frozen layer 'model.16.cv2.bn.weight'. See ednet.engine.trainer for customization of frozen layers.
WARNING ⚠️ setting 'requires_grad=True' for frozen layer 'model.16.cv2.bn.bias'. See ednet.engine.trainer for customization of frozen layers.
WARNING ⚠️ setting 'requires_grad=True' for frozen layer 'model.16.m.0.cv1.conv.base.weight'. See ednet.engine.trainer for customization of frozen layers.
WARNING ⚠️ setting 'requires_grad=True' for frozen layer 'model.16.m.0.cv1.bn.weight'. See ednet.engine.trainer for customization of frozen layers.
WARNING ⚠️ setting 'requires_grad=True' for frozen layer 'model.16.m.0.cv1.bn.bias'. See ednet.engine.trainer for customization of frozen layers.
WARNING ⚠️ setting 'requires_grad=True' for frozen layer 'model.16.m.0.cv2.conv.base.weight'. See ednet.engine.trainer for customization of frozen layers.
WARNING ⚠️ setting 'requires_grad=True' for frozen layer 'model.16.m.0.cv2.bn.weight'. See ednet.engine.trainer for customization of frozen layers.
WARNING ⚠️ setting 'requires_grad=True' for frozen layer 'model.16.m.0.cv2.bn.bias'. See ednet.engine.trainer for customization of frozen layers.
WARNING ⚠️ setting 'requires_grad=True' for frozen layer 'model.19.cv1.conv.weight'. See ednet.engine.trainer for customization of frozen layers.
WARNING ⚠️ setting 'requires_grad=True' for frozen layer 'model.19.cv1.bn.weight'. See ednet.engine.trainer for customization of frozen layers.
WARNING ⚠️ setting 'requires_grad=True' for frozen layer 'model.19.cv1.bn.bias'. See ednet.engine.trainer for customization of frozen layers.
WARNING ⚠️ setting 'requires_grad=True' for frozen layer 'model.19.cv2.conv.weight'. See ednet.engine.trainer for customization of frozen layers.
WARNING ⚠️ setting 'requires_grad=True' for frozen layer 'model.19.cv2.bn.weight'. See ednet.engine.trainer for customization of frozen layers.
WARNING ⚠️ setting 'requires_grad=True' for frozen layer 'model.19.cv2.bn.bias'. See ednet.engine.trainer for customization of frozen layers.
WARNING ⚠️ setting 'requires_grad=True' for frozen layer 'model.19.m.0.cv1.conv.weight'. See ednet.engine.trainer for customization of frozen layers.
WARNING ⚠️ setting 'requires_grad=True' for frozen layer 'model.19.m.0.cv1.bn.weight'. See ednet.engine.trainer for customization of frozen layers.
WARNING ⚠️ setting 'requires_grad=True' for frozen layer 'model.19.m.0.cv1.bn.bias'. See ednet.engine.trainer for customization of frozen layers.
WARNING ⚠️ setting 'requires_grad=True' for frozen layer 'model.19.m.0.cv2.conv.weight'. See ednet.engine.trainer for customization of frozen layers.
WARNING ⚠️ setting 'requires_grad=True' for frozen layer 'model.19.m.0.cv2.bn.weight'. See ednet.engine.trainer for customization of frozen layers.
WARNING ⚠️ setting 'requires_grad=True' for frozen layer 'model.19.m.0.cv2.bn.bias'. See ednet.engine.trainer for customization of frozen layers.
WARNING ⚠️ setting 'requires_grad=True' for frozen layer 'model.20.conv.weight'. See ednet.engine.trainer for customization of frozen layers.
WARNING ⚠️ setting 'requires_grad=True' for frozen layer 'model.20.bn.weight'. See ednet.engine.trainer for customization of frozen layers.
WARNING ⚠️ setting 'requires_grad=True' for frozen layer 'model.20.bn.bias'. See ednet.engine.trainer for customization of frozen layers.
WARNING ⚠️ setting 'requires_grad=True' for frozen layer 'model.22.cv1.conv.base.weight'. See ednet.engine.trainer for customization of frozen layers.
WARNING ⚠️ setting 'requires_grad=True' for frozen layer 'model.22.cv1.bn.weight'. See ednet.engine.trainer for customization of frozen layers.
WARNING ⚠️ setting 'requires_grad=True' for frozen layer 'model.22.cv1.bn.bias'. See ednet.engine.trainer for customization of frozen layers.
WARNING ⚠️ setting 'requires_grad=True' for frozen layer 'model.22.cv2.conv.base.weight'. See ednet.engine.trainer for customization of frozen layers.
WARNING ⚠️ setting 'requires_grad=True' for frozen layer 'model.22.cv2.bn.weight'. See ednet.engine.trainer for customization of frozen layers.
WARNING ⚠️ setting 'requires_grad=True' for frozen layer 'model.22.cv2.bn.bias'. See ednet.engine.trainer for customization of frozen layers.
WARNING ⚠️ setting 'requires_grad=True' for frozen layer 'model.22.m.0.cv1.conv.base.weight'. See ednet.engine.trainer for customization of frozen layers.
WARNING ⚠️ setting 'requires_grad=True' for frozen layer 'model.22.m.0.cv1.bn.weight'. See ednet.engine.trainer for customization of frozen layers.
WARNING ⚠️ setting 'requires_grad=True' for frozen layer 'model.22.m.0.cv1.bn.bias'. See ednet.engine.trainer for customization of frozen layers.
WARNING ⚠️ setting 'requires_grad=True' for frozen layer 'model.22.m.0.cv2.conv.base.weight'. See ednet.engine.trainer for customization of frozen layers.
WARNING ⚠️ setting 'requires_grad=True' for frozen layer 'model.22.m.0.cv2.bn.weight'. See ednet.engine.trainer for customization of frozen layers.
WARNING ⚠️ setting 'requires_grad=True' for frozen layer 'model.22.m.0.cv2.bn.bias'. See ednet.engine.trainer for customization of frozen layers.
WARNING ⚠️ setting 'requires_grad=True' for frozen layer 'model.23.conv.weight'. See ednet.engine.trainer for customization of frozen layers.
WARNING ⚠️ setting 'requires_grad=True' for frozen layer 'model.23.bn.weight'. See ednet.engine.trainer for customization of frozen layers.
WARNING ⚠️ setting 'requires_grad=True' for frozen layer 'model.23.bn.bias'. See ednet.engine.trainer for customization of frozen layers.
WARNING ⚠️ setting 'requires_grad=True' for frozen layer 'model.25.cv1.conv.base.weight'. See ednet.engine.trainer for customization of frozen layers.
WARNING ⚠️ setting 'requires_grad=True' for frozen layer 'model.25.cv1.bn.weight'. See ednet.engine.trainer for customization of frozen layers.
WARNING ⚠️ setting 'requires_grad=True' for frozen layer 'model.25.cv1.bn.bias'. See ednet.engine.trainer for customization of frozen layers.
WARNING ⚠️ setting 'requires_grad=True' for frozen layer 'model.25.cv2.conv.base.weight'. See ednet.engine.trainer for customization of frozen layers.
WARNING ⚠️ setting 'requires_grad=True' for frozen layer 'model.25.cv2.bn.weight'. See ednet.engine.trainer for customization of frozen layers.
WARNING ⚠️ setting 'requires_grad=True' for frozen layer 'model.25.cv2.bn.bias'. See ednet.engine.trainer for customization of frozen layers.
WARNING ⚠️ setting 'requires_grad=True' for frozen layer 'model.25.m.0.cv1.conv.base.weight'. See ednet.engine.trainer for customization of frozen layers.
WARNING ⚠️ setting 'requires_grad=True' for frozen layer 'model.25.m.0.cv1.bn.weight'. See ednet.engine.trainer for customization of frozen layers.
WARNING ⚠️ setting 'requires_grad=True' for frozen layer 'model.25.m.0.cv1.bn.bias'. See ednet.engine.trainer for customization of frozen layers.
WARNING ⚠️ setting 'requires_grad=True' for frozen layer 'model.25.m.0.cv2.conv.base.weight'. See ednet.engine.trainer for customization of frozen layers.
WARNING ⚠️ setting 'requires_grad=True' for frozen layer 'model.25.m.0.cv2.bn.weight'. See ednet.engine.trainer for customization of frozen layers.
WARNING ⚠️ setting 'requires_grad=True' for frozen layer 'model.25.m.0.cv2.bn.bias'. See ednet.engine.trainer for customization of frozen layers.
WARNING ⚠️ setting 'requires_grad=True' for frozen layer 'model.26.cv1.conv.weight'. See ednet.engine.trainer for customization of frozen layers.
WARNING ⚠️ setting 'requires_grad=True' for frozen layer 'model.26.cv1.bn.weight'. See ednet.engine.trainer for customization of frozen layers.
WARNING ⚠️ setting 'requires_grad=True' for frozen layer 'model.26.cv1.bn.bias'. See ednet.engine.trainer for customization of frozen layers.
WARNING ⚠️ setting 'requires_grad=True' for frozen layer 'model.26.cv2.conv.weight'. See ednet.engine.trainer for customization of frozen layers.
WARNING ⚠️ setting 'requires_grad=True' for frozen layer 'model.26.cv2.bn.weight'. See ednet.engine.trainer for customization of frozen layers.
WARNING ⚠️ setting 'requires_grad=True' for frozen layer 'model.26.cv2.bn.bias'. See ednet.engine.trainer for customization of frozen layers.
WARNING ⚠️ setting 'requires_grad=True' for frozen layer 'model.28.cv1.conv.weight'. See ednet.engine.trainer for customization of frozen layers.
WARNING ⚠️ setting 'requires_grad=True' for frozen layer 'model.28.cv1.bn.weight'. See ednet.engine.trainer for customization of frozen layers.
WARNING ⚠️ setting 'requires_grad=True' for frozen layer 'model.28.cv1.bn.bias'. See ednet.engine.trainer for customization of frozen layers.
WARNING ⚠️ setting 'requires_grad=True' for frozen layer 'model.28.cv2.conv.weight'. See ednet.engine.trainer for customization of frozen layers.
WARNING ⚠️ setting 'requires_grad=True' for frozen layer 'model.28.cv2.bn.weight'. See ednet.engine.trainer for customization of frozen layers.
WARNING ⚠️ setting 'requires_grad=True' for frozen layer 'model.28.cv2.bn.bias'. See ednet.engine.trainer for customization of frozen layers.
WARNING ⚠️ setting 'requires_grad=True' for frozen layer 'model.28.m.0.cv1.0.conv.weight'. See ednet.engine.trainer for customization of frozen layers.
WARNING ⚠️ setting 'requires_grad=True' for frozen layer 'model.28.m.0.cv1.0.bn.weight'. See ednet.engine.trainer for customization of frozen layers.
WARNING ⚠️ setting 'requires_grad=True' for frozen layer 'model.28.m.0.cv1.0.bn.bias'. See ednet.engine.trainer for customization of frozen layers.
WARNING ⚠️ setting 'requires_grad=True' for frozen layer 'model.28.m.0.cv1.1.conv.weight'. See ednet.engine.trainer for customization of frozen layers.
WARNING ⚠️ setting 'requires_grad=True' for frozen layer 'model.28.m.0.cv1.1.bn.weight'. See ednet.engine.trainer for customization of frozen layers.
WARNING ⚠️ setting 'requires_grad=True' for frozen layer 'model.28.m.0.cv1.1.bn.bias'. See ednet.engine.trainer for customization of frozen layers.
WARNING ⚠️ setting 'requires_grad=True' for frozen layer 'model.28.m.0.cv1.2.conv.conv.weight'. See ednet.engine.trainer for customization of frozen layers.
WARNING ⚠️ setting 'requires_grad=True' for frozen layer 'model.28.m.0.cv1.2.conv.bn.weight'. See ednet.engine.trainer for customization of frozen layers.
WARNING ⚠️ setting 'requires_grad=True' for frozen layer 'model.28.m.0.cv1.2.conv.bn.bias'. See ednet.engine.trainer for customization of frozen layers.
WARNING ⚠️ setting 'requires_grad=True' for frozen layer 'model.28.m.0.cv1.2.conv1.conv.weight'. See ednet.engine.trainer for customization of frozen layers.
WARNING ⚠️ setting 'requires_grad=True' for frozen layer 'model.28.m.0.cv1.2.conv1.bn.weight'. See ednet.engine.trainer for customization of frozen layers.
WARNING ⚠️ setting 'requires_grad=True' for frozen layer 'model.28.m.0.cv1.2.conv1.bn.bias'. See ednet.engine.trainer for customization of frozen layers.
WARNING ⚠️ setting 'requires_grad=True' for frozen layer 'model.28.m.0.cv1.3.conv.weight'. See ednet.engine.trainer for customization of frozen layers.
WARNING ⚠️ setting 'requires_grad=True' for frozen layer 'model.28.m.0.cv1.3.bn.weight'. See ednet.engine.trainer for customization of frozen layers.
WARNING ⚠️ setting 'requires_grad=True' for frozen layer 'model.28.m.0.cv1.3.bn.bias'. See ednet.engine.trainer for customization of frozen layers.
WARNING ⚠️ setting 'requires_grad=True' for frozen layer 'model.28.m.0.cv1.4.conv.weight'. See ednet.engine.trainer for customization of frozen layers.
WARNING ⚠️ setting 'requires_grad=True' for frozen layer 'model.28.m.0.cv1.4.bn.weight'. See ednet.engine.trainer for customization of frozen layers.
WARNING ⚠️ setting 'requires_grad=True' for frozen layer 'model.28.m.0.cv1.4.bn.bias'. See ednet.engine.trainer for customization of frozen layers.
WARNING ⚠️ setting 'requires_grad=True' for frozen layer 'model.29.cv2.0.0.conv.base.weight'. See ednet.engine.trainer for customization of frozen layers.
WARNING ⚠️ setting 'requires_grad=True' for frozen layer 'model.29.cv2.0.0.bn.weight'. See ednet.engine.trainer for customization of frozen layers.
WARNING ⚠️ setting 'requires_grad=True' for frozen layer 'model.29.cv2.0.0.bn.bias'. See ednet.engine.trainer for customization of frozen layers.
WARNING ⚠️ setting 'requires_grad=True' for frozen layer 'model.29.cv2.0.1.conv.base.weight'. See ednet.engine.trainer for customization of frozen layers.
WARNING ⚠️ setting 'requires_grad=True' for frozen layer 'model.29.cv2.0.1.bn.weight'. See ednet.engine.trainer for customization of frozen layers.
WARNING ⚠️ setting 'requires_grad=True' for frozen layer 'model.29.cv2.0.1.bn.bias'. See ednet.engine.trainer for customization of frozen layers.
WARNING ⚠️ setting 'requires_grad=True' for frozen layer 'model.29.cv2.0.2.weight'. See ednet.engine.trainer for customization of frozen layers.
WARNING ⚠️ setting 'requires_grad=True' for frozen layer 'model.29.cv2.0.2.bias'. See ednet.engine.trainer for customization of frozen layers.
WARNING ⚠️ setting 'requires_grad=True' for frozen layer 'model.29.cv2.1.0.conv.base.weight'. See ednet.engine.trainer for customization of frozen layers.
WARNING ⚠️ setting 'requires_grad=True' for frozen layer 'model.29.cv2.1.0.bn.weight'. See ednet.engine.trainer for customization of frozen layers.
WARNING ⚠️ setting 'requires_grad=True' for frozen layer 'model.29.cv2.1.0.bn.bias'. See ednet.engine.trainer for customization of frozen layers.
WARNING ⚠️ setting 'requires_grad=True' for frozen layer 'model.29.cv2.1.1.conv.base.weight'. See ednet.engine.trainer for customization of frozen layers.
WARNING ⚠️ setting 'requires_grad=True' for frozen layer 'model.29.cv2.1.1.bn.weight'. See ednet.engine.trainer for customization of frozen layers.
WARNING ⚠️ setting 'requires_grad=True' for frozen layer 'model.29.cv2.1.1.bn.bias'. See ednet.engine.trainer for customization of frozen layers.
WARNING ⚠️ setting 'requires_grad=True' for frozen layer 'model.29.cv2.1.2.weight'. See ednet.engine.trainer for customization of frozen layers.
WARNING ⚠️ setting 'requires_grad=True' for frozen layer 'model.29.cv2.1.2.bias'. See ednet.engine.trainer for customization of frozen layers.
WARNING ⚠️ setting 'requires_grad=True' for frozen layer 'model.29.cv2.2.0.conv.base.weight'. See ednet.engine.trainer for customization of frozen layers.
WARNING ⚠️ setting 'requires_grad=True' for frozen layer 'model.29.cv2.2.0.bn.weight'. See ednet.engine.trainer for customization of frozen layers.
WARNING ⚠️ setting 'requires_grad=True' for frozen layer 'model.29.cv2.2.0.bn.bias'. See ednet.engine.trainer for customization of frozen layers.
WARNING ⚠️ setting 'requires_grad=True' for frozen layer 'model.29.cv2.2.1.conv.base.weight'. See ednet.engine.trainer for customization of frozen layers.
WARNING ⚠️ setting 'requires_grad=True' for frozen layer 'model.29.cv2.2.1.bn.weight'. See ednet.engine.trainer for customization of frozen layers.
WARNING ⚠️ setting 'requires_grad=True' for frozen layer 'model.29.cv2.2.1.bn.bias'. See ednet.engine.trainer for customization of frozen layers.
WARNING ⚠️ setting 'requires_grad=True' for frozen layer 'model.29.cv2.2.2.weight'. See ednet.engine.trainer for customization of frozen layers.
WARNING ⚠️ setting 'requires_grad=True' for frozen layer 'model.29.cv2.2.2.bias'. See ednet.engine.trainer for customization of frozen layers.
WARNING ⚠️ setting 'requires_grad=True' for frozen layer 'model.29.cv2.3.0.conv.base.weight'. See ednet.engine.trainer for customization of frozen layers.
WARNING ⚠️ setting 'requires_grad=True' for frozen layer 'model.29.cv2.3.0.bn.weight'. See ednet.engine.trainer for customization of frozen layers.
WARNING ⚠️ setting 'requires_grad=True' for frozen layer 'model.29.cv2.3.0.bn.bias'. See ednet.engine.trainer for customization of frozen layers.
WARNING ⚠️ setting 'requires_grad=True' for frozen layer 'model.29.cv2.3.1.conv.base.weight'. See ednet.engine.trainer for customization of frozen layers.
WARNING ⚠️ setting 'requires_grad=True' for frozen layer 'model.29.cv2.3.1.bn.weight'. See ednet.engine.trainer for customization of frozen layers.
WARNING ⚠️ setting 'requires_grad=True' for frozen layer 'model.29.cv2.3.1.bn.bias'. See ednet.engine.trainer for customization of frozen layers.
WARNING ⚠️ setting 'requires_grad=True' for frozen layer 'model.29.cv2.3.2.weight'. See ednet.engine.trainer for customization of frozen layers.
WARNING ⚠️ setting 'requires_grad=True' for frozen layer 'model.29.cv2.3.2.bias'. See ednet.engine.trainer for customization of frozen layers.
WARNING ⚠️ setting 'requires_grad=True' for frozen layer 'model.29.cv3.0.0.0.conv.weight'. See ednet.engine.trainer for customization of frozen layers.
WARNING ⚠️ setting 'requires_grad=True' for frozen layer 'model.29.cv3.0.0.0.bn.weight'. See ednet.engine.trainer for customization of frozen layers.
WARNING ⚠️ setting 'requires_grad=True' for frozen layer 'model.29.cv3.0.0.0.bn.bias'. See ednet.engine.trainer for customization of frozen layers.
WARNING ⚠️ setting 'requires_grad=True' for frozen layer 'model.29.cv3.0.0.1.conv.base.weight'. See ednet.engine.trainer for customization of frozen layers.
WARNING ⚠️ setting 'requires_grad=True' for frozen layer 'model.29.cv3.0.0.1.bn.weight'. See ednet.engine.trainer for customization of frozen layers.
WARNING ⚠️ setting 'requires_grad=True' for frozen layer 'model.29.cv3.0.0.1.bn.bias'. See ednet.engine.trainer for customization of frozen layers.
WARNING ⚠️ setting 'requires_grad=True' for frozen layer 'model.29.cv3.0.1.0.conv.weight'. See ednet.engine.trainer for customization of frozen layers.
WARNING ⚠️ setting 'requires_grad=True' for frozen layer 'model.29.cv3.0.1.0.bn.weight'. See ednet.engine.trainer for customization of frozen layers.
WARNING ⚠️ setting 'requires_grad=True' for frozen layer 'model.29.cv3.0.1.0.bn.bias'. See ednet.engine.trainer for customization of frozen layers.
WARNING ⚠️ setting 'requires_grad=True' for frozen layer 'model.29.cv3.0.1.1.conv.base.weight'. See ednet.engine.trainer for customization of frozen layers.
WARNING ⚠️ setting 'requires_grad=True' for frozen layer 'model.29.cv3.0.1.1.bn.weight'. See ednet.engine.trainer for customization of frozen layers.
WARNING ⚠️ setting 'requires_grad=True' for frozen layer 'model.29.cv3.0.1.1.bn.bias'. See ednet.engine.trainer for customization of frozen layers.
WARNING ⚠️ setting 'requires_grad=True' for frozen layer 'model.29.cv3.0.2.weight'. See ednet.engine.trainer for customization of frozen layers.
WARNING ⚠️ setting 'requires_grad=True' for frozen layer 'model.29.cv3.0.2.bias'. See ednet.engine.trainer for customization of frozen layers.
WARNING ⚠️ setting 'requires_grad=True' for frozen layer 'model.29.cv3.1.0.0.conv.weight'. See ednet.engine.trainer for customization of frozen layers.
WARNING ⚠️ setting 'requires_grad=True' for frozen layer 'model.29.cv3.1.0.0.bn.weight'. See ednet.engine.trainer for customization of frozen layers.
WARNING ⚠️ setting 'requires_grad=True' for frozen layer 'model.29.cv3.1.0.0.bn.bias'. See ednet.engine.trainer for customization of frozen layers.
WARNING ⚠️ setting 'requires_grad=True' for frozen layer 'model.29.cv3.1.0.1.conv.base.weight'. See ednet.engine.trainer for customization of frozen layers.
WARNING ⚠️ setting 'requires_grad=True' for frozen layer 'model.29.cv3.1.0.1.bn.weight'. See ednet.engine.trainer for customization of frozen layers.
WARNING ⚠️ setting 'requires_grad=True' for frozen layer 'model.29.cv3.1.0.1.bn.bias'. See ednet.engine.trainer for customization of frozen layers.
WARNING ⚠️ setting 'requires_grad=True' for frozen layer 'model.29.cv3.1.1.0.conv.weight'. See ednet.engine.trainer for customization of frozen layers.
WARNING ⚠️ setting 'requires_grad=True' for frozen layer 'model.29.cv3.1.1.0.bn.weight'. See ednet.engine.trainer for customization of frozen layers.
WARNING ⚠️ setting 'requires_grad=True' for frozen layer 'model.29.cv3.1.1.0.bn.bias'. See ednet.engine.trainer for customization of frozen layers.
WARNING ⚠️ setting 'requires_grad=True' for frozen layer 'model.29.cv3.1.1.1.conv.base.weight'. See ednet.engine.trainer for customization of frozen layers.
WARNING ⚠️ setting 'requires_grad=True' for frozen layer 'model.29.cv3.1.1.1.bn.weight'. See ednet.engine.trainer for customization of frozen layers.
WARNING ⚠️ setting 'requires_grad=True' for frozen layer 'model.29.cv3.1.1.1.bn.bias'. See ednet.engine.trainer for customization of frozen layers.
WARNING ⚠️ setting 'requires_grad=True' for frozen layer 'model.29.cv3.1.2.weight'. See ednet.engine.trainer for customization of frozen layers.
WARNING ⚠️ setting 'requires_grad=True' for frozen layer 'model.29.cv3.1.2.bias'. See ednet.engine.trainer for customization of frozen layers.
WARNING ⚠️ setting 'requires_grad=True' for frozen layer 'model.29.cv3.2.0.0.conv.weight'. See ednet.engine.trainer for customization of frozen layers.
WARNING ⚠️ setting 'requires_grad=True' for frozen layer 'model.29.cv3.2.0.0.bn.weight'. See ednet.engine.trainer for customization of frozen layers.
WARNING ⚠️ setting 'requires_grad=True' for frozen layer 'model.29.cv3.2.0.0.bn.bias'. See ednet.engine.trainer for customization of frozen layers.
WARNING ⚠️ setting 'requires_grad=True' for frozen layer 'model.29.cv3.2.0.1.conv.base.weight'. See ednet.engine.trainer for customization of frozen layers.
WARNING ⚠️ setting 'requires_grad=True' for frozen layer 'model.29.cv3.2.0.1.bn.weight'. See ednet.engine.trainer for customization of frozen layers.
WARNING ⚠️ setting 'requires_grad=True' for frozen layer 'model.29.cv3.2.0.1.bn.bias'. See ednet.engine.trainer for customization of frozen layers.
WARNING ⚠️ setting 'requires_grad=True' for frozen layer 'model.29.cv3.2.1.0.conv.weight'. See ednet.engine.trainer for customization of frozen layers.
WARNING ⚠️ setting 'requires_grad=True' for frozen layer 'model.29.cv3.2.1.0.bn.weight'. See ednet.engine.trainer for customization of frozen layers.
WARNING ⚠️ setting 'requires_grad=True' for frozen layer 'model.29.cv3.2.1.0.bn.bias'. See ednet.engine.trainer for customization of frozen layers.
WARNING ⚠️ setting 'requires_grad=True' for frozen layer 'model.29.cv3.2.1.1.conv.base.weight'. See ednet.engine.trainer for customization of frozen layers.
WARNING ⚠️ setting 'requires_grad=True' for frozen layer 'model.29.cv3.2.1.1.bn.weight'. See ednet.engine.trainer for customization of frozen layers.
WARNING ⚠️ setting 'requires_grad=True' for frozen layer 'model.29.cv3.2.1.1.bn.bias'. See ednet.engine.trainer for customization of frozen layers.
WARNING ⚠️ setting 'requires_grad=True' for frozen layer 'model.29.cv3.2.2.weight'. See ednet.engine.trainer for customization of frozen layers.
WARNING ⚠️ setting 'requires_grad=True' for frozen layer 'model.29.cv3.2.2.bias'. See ednet.engine.trainer for customization of frozen layers.
WARNING ⚠️ setting 'requires_grad=True' for frozen layer 'model.29.cv3.3.0.0.conv.weight'. See ednet.engine.trainer for customization of frozen layers.
WARNING ⚠️ setting 'requires_grad=True' for frozen layer 'model.29.cv3.3.0.0.bn.weight'. See ednet.engine.trainer for customization of frozen layers.
WARNING ⚠️ setting 'requires_grad=True' for frozen layer 'model.29.cv3.3.0.0.bn.bias'. See ednet.engine.trainer for customization of frozen layers.
WARNING ⚠️ setting 'requires_grad=True' for frozen layer 'model.29.cv3.3.0.1.conv.base.weight'. See ednet.engine.trainer for customization of frozen layers.
WARNING ⚠️ setting 'requires_grad=True' for frozen layer 'model.29.cv3.3.0.1.bn.weight'. See ednet.engine.trainer for customization of frozen layers.
WARNING ⚠️ setting 'requires_grad=True' for frozen layer 'model.29.cv3.3.0.1.bn.bias'. See ednet.engine.trainer for customization of frozen layers.
WARNING ⚠️ setting 'requires_grad=True' for frozen layer 'model.29.cv3.3.1.0.conv.weight'. See ednet.engine.trainer for customization of frozen layers.
WARNING ⚠️ setting 'requires_grad=True' for frozen layer 'model.29.cv3.3.1.0.bn.weight'. See ednet.engine.trainer for customization of frozen layers.
WARNING ⚠️ setting 'requires_grad=True' for frozen layer 'model.29.cv3.3.1.0.bn.bias'. See ednet.engine.trainer for customization of frozen layers.
WARNING ⚠️ setting 'requires_grad=True' for frozen layer 'model.29.cv3.3.1.1.conv.base.weight'. See ednet.engine.trainer for customization of frozen layers.
WARNING ⚠️ setting 'requires_grad=True' for frozen layer 'model.29.cv3.3.1.1.bn.weight'. See ednet.engine.trainer for customization of frozen layers.
WARNING ⚠️ setting 'requires_grad=True' for frozen layer 'model.29.cv3.3.1.1.bn.bias'. See ednet.engine.trainer for customization of frozen layers.
WARNING ⚠️ setting 'requires_grad=True' for frozen layer 'model.29.cv3.3.2.weight'. See ednet.engine.trainer for customization of frozen layers.
WARNING ⚠️ setting 'requires_grad=True' for frozen layer 'model.29.cv3.3.2.bias'. See ednet.engine.trainer for customization of frozen layers.
Freezing layer 'model.29.dfl.conv.weight'
WARNING ⚠️ setting 'requires_grad=True' for frozen layer 'model.29.one2one_cv2.0.0.conv.weight'. See ednet.engine.trainer for customization of frozen layers.
WARNING ⚠️ setting 'requires_grad=True' for frozen layer 'model.29.one2one_cv2.0.0.bn.weight'. See ednet.engine.trainer for customization of frozen layers.
WARNING ⚠️ setting 'requires_grad=True' for frozen layer 'model.29.one2one_cv2.0.0.bn.bias'. See ednet.engine.trainer for customization of frozen layers.
WARNING ⚠️ setting 'requires_grad=True' for frozen layer 'model.29.one2one_cv2.0.1.conv.weight'. See ednet.engine.trainer for customization of frozen layers.
WARNING ⚠️ setting 'requires_grad=True' for frozen layer 'model.29.one2one_cv2.0.1.bn.weight'. See ednet.engine.trainer for customization of frozen layers.
WARNING ⚠️ setting 'requires_grad=True' for frozen layer 'model.29.one2one_cv2.0.1.bn.bias'. See ednet.engine.trainer for customization of frozen layers.
WARNING ⚠️ setting 'requires_grad=True' for frozen layer 'model.29.one2one_cv2.0.2.weight'. See ednet.engine.trainer for customization of frozen layers.
WARNING ⚠️ setting 'requires_grad=True' for frozen layer 'model.29.one2one_cv2.0.2.bias'. See ednet.engine.trainer for customization of frozen layers.
WARNING ⚠️ setting 'requires_grad=True' for frozen layer 'model.29.one2one_cv2.1.0.conv.weight'. See ednet.engine.trainer for customization of frozen layers.
WARNING ⚠️ setting 'requires_grad=True' for frozen layer 'model.29.one2one_cv2.1.0.bn.weight'. See ednet.engine.trainer for customization of frozen layers.
WARNING ⚠️ setting 'requires_grad=True' for frozen layer 'model.29.one2one_cv2.1.0.bn.bias'. See ednet.engine.trainer for customization of frozen layers.
WARNING ⚠️ setting 'requires_grad=True' for frozen layer 'model.29.one2one_cv2.1.1.conv.weight'. See ednet.engine.trainer for customization of frozen layers.
WARNING ⚠️ setting 'requires_grad=True' for frozen layer 'model.29.one2one_cv2.1.1.bn.weight'. See ednet.engine.trainer for customization of frozen layers.
WARNING ⚠️ setting 'requires_grad=True' for frozen layer 'model.29.one2one_cv2.1.1.bn.bias'. See ednet.engine.trainer for customization of frozen layers.
WARNING ⚠️ setting 'requires_grad=True' for frozen layer 'model.29.one2one_cv2.1.2.weight'. See ednet.engine.trainer for customization of frozen layers.
WARNING ⚠️ setting 'requires_grad=True' for frozen layer 'model.29.one2one_cv2.1.2.bias'. See ednet.engine.trainer for customization of frozen layers.
WARNING ⚠️ setting 'requires_grad=True' for frozen layer 'model.29.one2one_cv2.2.0.conv.weight'. See ednet.engine.trainer for customization of frozen layers.
WARNING ⚠️ setting 'requires_grad=True' for frozen layer 'model.29.one2one_cv2.2.0.bn.weight'. See ednet.engine.trainer for customization of frozen layers.
WARNING ⚠️ setting 'requires_grad=True' for frozen layer 'model.29.one2one_cv2.2.0.bn.bias'. See ednet.engine.trainer for customization of frozen layers.
WARNING ⚠️ setting 'requires_grad=True' for frozen layer 'model.29.one2one_cv2.2.1.conv.weight'. See ednet.engine.trainer for customization of frozen layers.
WARNING ⚠️ setting 'requires_grad=True' for frozen layer 'model.29.one2one_cv2.2.1.bn.weight'. See ednet.engine.trainer for customization of frozen layers.
WARNING ⚠️ setting 'requires_grad=True' for frozen layer 'model.29.one2one_cv2.2.1.bn.bias'. See ednet.engine.trainer for customization of frozen layers.
WARNING ⚠️ setting 'requires_grad=True' for frozen layer 'model.29.one2one_cv2.2.2.weight'. See ednet.engine.trainer for customization of frozen layers.
WARNING ⚠️ setting 'requires_grad=True' for frozen layer 'model.29.one2one_cv2.2.2.bias'. See ednet.engine.trainer for customization of frozen layers.
WARNING ⚠️ setting 'requires_grad=True' for frozen layer 'model.29.one2one_cv2.3.0.conv.weight'. See ednet.engine.trainer for customization of frozen layers.
WARNING ⚠️ setting 'requires_grad=True' for frozen layer 'model.29.one2one_cv2.3.0.bn.weight'. See ednet.engine.trainer for customization of frozen layers.
WARNING ⚠️ setting 'requires_grad=True' for frozen layer 'model.29.one2one_cv2.3.0.bn.bias'. See ednet.engine.trainer for customization of frozen layers.
WARNING ⚠️ setting 'requires_grad=True' for frozen layer 'model.29.one2one_cv2.3.1.conv.weight'. See ednet.engine.trainer for customization of frozen layers.
WARNING ⚠️ setting 'requires_grad=True' for frozen layer 'model.29.one2one_cv2.3.1.bn.weight'. See ednet.engine.trainer for customization of frozen layers.
WARNING ⚠️ setting 'requires_grad=True' for frozen layer 'model.29.one2one_cv2.3.1.bn.bias'. See ednet.engine.trainer for customization of frozen layers.
WARNING ⚠️ setting 'requires_grad=True' for frozen layer 'model.29.one2one_cv2.3.2.weight'. See ednet.engine.trainer for customization of frozen layers.
WARNING ⚠️ setting 'requires_grad=True' for frozen layer 'model.29.one2one_cv2.3.2.bias'. See ednet.engine.trainer for customization of frozen layers.
WARNING ⚠️ setting 'requires_grad=True' for frozen layer 'model.29.one2one_cv3.0.0.0.conv.weight'. See ednet.engine.trainer for customization of frozen layers.
WARNING ⚠️ setting 'requires_grad=True' for frozen layer 'model.29.one2one_cv3.0.0.0.bn.weight'. See ednet.engine.trainer for customization of frozen layers.
WARNING ⚠️ setting 'requires_grad=True' for frozen layer 'model.29.one2one_cv3.0.0.0.bn.bias'. See ednet.engine.trainer for customization of frozen layers.
WARNING ⚠️ setting 'requires_grad=True' for frozen layer 'model.29.one2one_cv3.0.0.1.conv.weight'. See ednet.engine.trainer for customization of frozen layers.
WARNING ⚠️ setting 'requires_grad=True' for frozen layer 'model.29.one2one_cv3.0.0.1.bn.weight'. See ednet.engine.trainer for customization of frozen layers.
WARNING ⚠️ setting 'requires_grad=True' for frozen layer 'model.29.one2one_cv3.0.0.1.bn.bias'. See ednet.engine.trainer for customization of frozen layers.
WARNING ⚠️ setting 'requires_grad=True' for frozen layer 'model.29.one2one_cv3.0.1.0.conv.weight'. See ednet.engine.trainer for customization of frozen layers.
WARNING ⚠️ setting 'requires_grad=True' for frozen layer 'model.29.one2one_cv3.0.1.0.bn.weight'. See ednet.engine.trainer for customization of frozen layers.
WARNING ⚠️ setting 'requires_grad=True' for frozen layer 'model.29.one2one_cv3.0.1.0.bn.bias'. See ednet.engine.trainer for customization of frozen layers.
WARNING ⚠️ setting 'requires_grad=True' for frozen layer 'model.29.one2one_cv3.0.1.1.conv.weight'. See ednet.engine.trainer for customization of frozen layers.
WARNING ⚠️ setting 'requires_grad=True' for frozen layer 'model.29.one2one_cv3.0.1.1.bn.weight'. See ednet.engine.trainer for customization of frozen layers.
WARNING ⚠️ setting 'requires_grad=True' for frozen layer 'model.29.one2one_cv3.0.1.1.bn.bias'. See ednet.engine.trainer for customization of frozen layers.
WARNING ⚠️ setting 'requires_grad=True' for frozen layer 'model.29.one2one_cv3.0.2.weight'. See ednet.engine.trainer for customization of frozen layers.
WARNING ⚠️ setting 'requires_grad=True' for frozen layer 'model.29.one2one_cv3.0.2.bias'. See ednet.engine.trainer for customization of frozen layers.
WARNING ⚠️ setting 'requires_grad=True' for frozen layer 'model.29.one2one_cv3.1.0.0.conv.weight'. See ednet.engine.trainer for customization of frozen layers.
WARNING ⚠️ setting 'requires_grad=True' for frozen layer 'model.29.one2one_cv3.1.0.0.bn.weight'. See ednet.engine.trainer for customization of frozen layers.
WARNING ⚠️ setting 'requires_grad=True' for frozen layer 'model.29.one2one_cv3.1.0.0.bn.bias'. See ednet.engine.trainer for customization of frozen layers.
WARNING ⚠️ setting 'requires_grad=True' for frozen layer 'model.29.one2one_cv3.1.0.1.conv.weight'. See ednet.engine.trainer for customization of frozen layers.
WARNING ⚠️ setting 'requires_grad=True' for frozen layer 'model.29.one2one_cv3.1.0.1.bn.weight'. See ednet.engine.trainer for customization of frozen layers.
WARNING ⚠️ setting 'requires_grad=True' for frozen layer 'model.29.one2one_cv3.1.0.1.bn.bias'. See ednet.engine.trainer for customization of frozen layers.
WARNING ⚠️ setting 'requires_grad=True' for frozen layer 'model.29.one2one_cv3.1.1.0.conv.weight'. See ednet.engine.trainer for customization of frozen layers.
WARNING ⚠️ setting 'requires_grad=True' for frozen layer 'model.29.one2one_cv3.1.1.0.bn.weight'. See ednet.engine.trainer for customization of frozen layers.
WARNING ⚠️ setting 'requires_grad=True' for frozen layer 'model.29.one2one_cv3.1.1.0.bn.bias'. See ednet.engine.trainer for customization of frozen layers.
WARNING ⚠️ setting 'requires_grad=True' for frozen layer 'model.29.one2one_cv3.1.1.1.conv.weight'. See ednet.engine.trainer for customization of frozen layers.
WARNING ⚠️ setting 'requires_grad=True' for frozen layer 'model.29.one2one_cv3.1.1.1.bn.weight'. See ednet.engine.trainer for customization of frozen layers.
WARNING ⚠️ setting 'requires_grad=True' for frozen layer 'model.29.one2one_cv3.1.1.1.bn.bias'. See ednet.engine.trainer for customization of frozen layers.
WARNING ⚠️ setting 'requires_grad=True' for frozen layer 'model.29.one2one_cv3.1.2.weight'. See ednet.engine.trainer for customization of frozen layers.
WARNING ⚠️ setting 'requires_grad=True' for frozen layer 'model.29.one2one_cv3.1.2.bias'. See ednet.engine.trainer for customization of frozen layers.
WARNING ⚠️ setting 'requires_grad=True' for frozen layer 'model.29.one2one_cv3.2.0.0.conv.weight'. See ednet.engine.trainer for customization of frozen layers.
WARNING ⚠️ setting 'requires_grad=True' for frozen layer 'model.29.one2one_cv3.2.0.0.bn.weight'. See ednet.engine.trainer for customization of frozen layers.
WARNING ⚠️ setting 'requires_grad=True' for frozen layer 'model.29.one2one_cv3.2.0.0.bn.bias'. See ednet.engine.trainer for customization of frozen layers.
WARNING ⚠️ setting 'requires_grad=True' for frozen layer 'model.29.one2one_cv3.2.0.1.conv.weight'. See ednet.engine.trainer for customization of frozen layers.
WARNING ⚠️ setting 'requires_grad=True' for frozen layer 'model.29.one2one_cv3.2.0.1.bn.weight'. See ednet.engine.trainer for customization of frozen layers.
WARNING ⚠️ setting 'requires_grad=True' for frozen layer 'model.29.one2one_cv3.2.0.1.bn.bias'. See ednet.engine.trainer for customization of frozen layers.
WARNING ⚠️ setting 'requires_grad=True' for frozen layer 'model.29.one2one_cv3.2.1.0.conv.weight'. See ednet.engine.trainer for customization of frozen layers.
WARNING ⚠️ setting 'requires_grad=True' for frozen layer 'model.29.one2one_cv3.2.1.0.bn.weight'. See ednet.engine.trainer for customization of frozen layers.
WARNING ⚠️ setting 'requires_grad=True' for frozen layer 'model.29.one2one_cv3.2.1.0.bn.bias'. See ednet.engine.trainer for customization of frozen layers.
WARNING ⚠️ setting 'requires_grad=True' for frozen layer 'model.29.one2one_cv3.2.1.1.conv.weight'. See ednet.engine.trainer for customization of frozen layers.
WARNING ⚠️ setting 'requires_grad=True' for frozen layer 'model.29.one2one_cv3.2.1.1.bn.weight'. See ednet.engine.trainer for customization of frozen layers.
WARNING ⚠️ setting 'requires_grad=True' for frozen layer 'model.29.one2one_cv3.2.1.1.bn.bias'. See ednet.engine.trainer for customization of frozen layers.
WARNING ⚠️ setting 'requires_grad=True' for frozen layer 'model.29.one2one_cv3.2.2.weight'. See ednet.engine.trainer for customization of frozen layers.
WARNING ⚠️ setting 'requires_grad=True' for frozen layer 'model.29.one2one_cv3.2.2.bias'. See ednet.engine.trainer for customization of frozen layers.
WARNING ⚠️ setting 'requires_grad=True' for frozen layer 'model.29.one2one_cv3.3.0.0.conv.weight'. See ednet.engine.trainer for customization of frozen layers.
WARNING ⚠️ setting 'requires_grad=True' for frozen layer 'model.29.one2one_cv3.3.0.0.bn.weight'. See ednet.engine.trainer for customization of frozen layers.
WARNING ⚠️ setting 'requires_grad=True' for frozen layer 'model.29.one2one_cv3.3.0.0.bn.bias'. See ednet.engine.trainer for customization of frozen layers.
WARNING ⚠️ setting 'requires_grad=True' for frozen layer 'model.29.one2one_cv3.3.0.1.conv.weight'. See ednet.engine.trainer for customization of frozen layers.
WARNING ⚠️ setting 'requires_grad=True' for frozen layer 'model.29.one2one_cv3.3.0.1.bn.weight'. See ednet.engine.trainer for customization of frozen layers.
WARNING ⚠️ setting 'requires_grad=True' for frozen layer 'model.29.one2one_cv3.3.0.1.bn.bias'. See ednet.engine.trainer for customization of frozen layers.
WARNING ⚠️ setting 'requires_grad=True' for frozen layer 'model.29.one2one_cv3.3.1.0.conv.weight'. See ednet.engine.trainer for customization of frozen layers.
WARNING ⚠️ setting 'requires_grad=True' for frozen layer 'model.29.one2one_cv3.3.1.0.bn.weight'. See ednet.engine.trainer for customization of frozen layers.
WARNING ⚠️ setting 'requires_grad=True' for frozen layer 'model.29.one2one_cv3.3.1.0.bn.bias'. See ednet.engine.trainer for customization of frozen layers.
WARNING ⚠️ setting 'requires_grad=True' for frozen layer 'model.29.one2one_cv3.3.1.1.conv.weight'. See ednet.engine.trainer for customization of frozen layers.
WARNING ⚠️ setting 'requires_grad=True' for frozen layer 'model.29.one2one_cv3.3.1.1.bn.weight'. See ednet.engine.trainer for customization of frozen layers.
WARNING ⚠️ setting 'requires_grad=True' for frozen layer 'model.29.one2one_cv3.3.1.1.bn.bias'. See ednet.engine.trainer for customization of frozen layers.
WARNING ⚠️ setting 'requires_grad=True' for frozen layer 'model.29.one2one_cv3.3.2.weight'. See ednet.engine.trainer for customization of frozen layers.
WARNING ⚠️ setting 'requires_grad=True' for frozen layer 'model.29.one2one_cv3.3.2.bias'. See ednet.engine.trainer for customization of frozen layers.
[34m[1mAMP: [0mrunning Automatic Mixed Precision (AMP) checks with YOLOv8n...
[34m[1mAMP: [0mchecks passed ✅
Plotting labels to /home/ddwilde/scriptie/runs/dota_saab/stage2-saab/labels.jpg... 
[34m[1moptimizer:[0m 'optimizer=auto' found, ignoring 'lr0=0.01' and 'momentum=0.937' and determining best 'optimizer', 'lr0' and 'momentum' automatically... 
[34m[1moptimizer:[0m AdamW(lr=0.000526, momentum=0.9) with parameter groups 117 weight(decay=0.0), 202 weight(decay=0.0005), 139 bias(decay=0.0)
Memory replay enabled from /home/ddwilde/scriptie/datasets/memory/stage1/images with batch size 2 (50.0% of primary batch).
Skipping fusion for LoRA-wrapped layer Conv
Skipping fusion for LoRA-wrapped layer Conv
Skipping fusion for LoRA-wrapped layer Conv
Skipping fusion for LoRA-wrapped layer Conv
Skipping fusion for LoRA-wrapped layer Conv
Skipping fusion for LoRA-wrapped layer Conv
Skipping fusion for LoRA-wrapped layer Conv
Skipping fusion for LoRA-wrapped layer Conv
Skipping fusion for LoRA-wrapped layer Conv
Skipping fusion for LoRA-wrapped layer Conv
Skipping fusion for LoRA-wrapped layer Conv
Skipping fusion for LoRA-wrapped layer Conv
Skipping fusion for LoRA-wrapped layer Conv
Skipping fusion for LoRA-wrapped layer Conv
Skipping fusion for LoRA-wrapped layer Conv
Skipping fusion for LoRA-wrapped layer Conv
Skipping fusion for LoRA-wrapped layer Conv
Skipping fusion for LoRA-wrapped layer Conv
Skipping fusion for LoRA-wrapped layer Conv
Skipping fusion for LoRA-wrapped layer Conv
Skipping fusion for LoRA-wrapped layer Conv
Skipping fusion for LoRA-wrapped layer Conv
Skipping fusion for LoRA-wrapped layer Conv
Skipping fusion for LoRA-wrapped layer Conv
Skipping fusion for LoRA-wrapped layer Conv
Skipping fusion for LoRA-wrapped layer Conv
Skipping fusion for LoRA-wrapped layer Conv
Skipping fusion for LoRA-wrapped layer Conv
[34m[1mTensorBoard: [0mmodel graph visualization added ✅
Image sizes 640 train, 640 val
Using 8 dataloader workers
Logging results to [1m/home/ddwilde/scriptie/runs/dota_saab/stage2-saab[0m
Starting training for 30 epochs...

      Epoch    GPU_mem   box_loss   cls_loss   dfl_loss  Instances       Size
                   all        367       8985      0.202     0.0689     0.0694     0.0332
Replay buffer size after epoch 1: 1280 embeddings across 10 classes.
Saved 1280 replay embeddings to /home/ddwilde/scriptie/runs/dota_saab/stage2-saab/replay/buffer.pt

      Epoch    GPU_mem   box_loss   cls_loss   dfl_loss  Instances       Size
                   all        367       8985      0.316     0.0764     0.0837     0.0434
Replay buffer size after epoch 2: 1280 embeddings across 10 classes.
Saved 1280 replay embeddings to /home/ddwilde/scriptie/runs/dota_saab/stage2-saab/replay/buffer.pt

      Epoch    GPU_mem   box_loss   cls_loss   dfl_loss  Instances       Size
                   all        367       8985      0.323      0.107     0.0834     0.0463
Replay buffer size after epoch 3: 1280 embeddings across 10 classes.
Saved 1280 replay embeddings to /home/ddwilde/scriptie/runs/dota_saab/stage2-saab/replay/buffer.pt

      Epoch    GPU_mem   box_loss   cls_loss   dfl_loss  Instances       Size
                   all        367       8985      0.402      0.117     0.0805     0.0458
Replay buffer size after epoch 4: 1280 embeddings across 10 classes.
Saved 1280 replay embeddings to /home/ddwilde/scriptie/runs/dota_saab/stage2-saab/replay/buffer.pt

      Epoch    GPU_mem   box_loss   cls_loss   dfl_loss  Instances       Size
                   all        367       8985      0.436       0.13     0.0967     0.0531
Replay buffer size after epoch 5: 1280 embeddings across 10 classes.
Saved 1280 replay embeddings to /home/ddwilde/scriptie/runs/dota_saab/stage2-saab/replay/buffer.pt

      Epoch    GPU_mem   box_loss   cls_loss   dfl_loss  Instances       Size
                   all        367       8985      0.416      0.134     0.0884     0.0493
Replay buffer size after epoch 6: 1280 embeddings across 10 classes.
Saved 1280 replay embeddings to /home/ddwilde/scriptie/runs/dota_saab/stage2-saab/replay/buffer.pt

      Epoch    GPU_mem   box_loss   cls_loss   dfl_loss  Instances       Size
                   all        367       8985      0.434      0.097     0.0685     0.0412
Replay buffer size after epoch 7: 1280 embeddings across 10 classes.
Saved 1280 replay embeddings to /home/ddwilde/scriptie/runs/dota_saab/stage2-saab/replay/buffer.pt

      Epoch    GPU_mem   box_loss   cls_loss   dfl_loss  Instances       Size
                   all        367       8985      0.539      0.124      0.107     0.0618
Replay buffer size after epoch 8: 1280 embeddings across 10 classes.
Saved 1280 replay embeddings to /home/ddwilde/scriptie/runs/dota_saab/stage2-saab/replay/buffer.pt

      Epoch    GPU_mem   box_loss   cls_loss   dfl_loss  Instances       Size
                   all        367       8985      0.633      0.132      0.108     0.0633
Replay buffer size after epoch 9: 1280 embeddings across 10 classes.
Saved 1280 replay embeddings to /home/ddwilde/scriptie/runs/dota_saab/stage2-saab/replay/buffer.pt

      Epoch    GPU_mem   box_loss   cls_loss   dfl_loss  Instances       Size
                   all        367       8985      0.421      0.155     0.0886     0.0517
Replay buffer size after epoch 10: 1280 embeddings across 10 classes.
Saved 1280 replay embeddings to /home/ddwilde/scriptie/runs/dota_saab/stage2-saab/replay/buffer.pt

      Epoch    GPU_mem   box_loss   cls_loss   dfl_loss  Instances       Size
                   all        367       8985      0.448      0.148      0.113     0.0679
Replay buffer size after epoch 11: 1280 embeddings across 10 classes.
Saved 1280 replay embeddings to /home/ddwilde/scriptie/runs/dota_saab/stage2-saab/replay/buffer.pt

      Epoch    GPU_mem   box_loss   cls_loss   dfl_loss  Instances       Size
                   all        367       8985      0.462      0.125     0.0932     0.0553
Replay buffer size after epoch 12: 1280 embeddings across 10 classes.
Saved 1280 replay embeddings to /home/ddwilde/scriptie/runs/dota_saab/stage2-saab/replay/buffer.pt

      Epoch    GPU_mem   box_loss   cls_loss   dfl_loss  Instances       Size
                   all        367       8985      0.419      0.158      0.124     0.0719
Replay buffer size after epoch 13: 1280 embeddings across 10 classes.
Saved 1280 replay embeddings to /home/ddwilde/scriptie/runs/dota_saab/stage2-saab/replay/buffer.pt

      Epoch    GPU_mem   box_loss   cls_loss   dfl_loss  Instances       Size
                   all        367       8985       0.36       0.15      0.117      0.068
Replay buffer size after epoch 14: 1280 embeddings across 10 classes.
Saved 1280 replay embeddings to /home/ddwilde/scriptie/runs/dota_saab/stage2-saab/replay/buffer.pt

      Epoch    GPU_mem   box_loss   cls_loss   dfl_loss  Instances       Size
                   all        367       8985      0.357      0.143      0.103     0.0615
Replay buffer size after epoch 15: 1280 embeddings across 10 classes.
Saved 1280 replay embeddings to /home/ddwilde/scriptie/runs/dota_saab/stage2-saab/replay/buffer.pt

      Epoch    GPU_mem   box_loss   cls_loss   dfl_loss  Instances       Size
                   all        367       8985      0.366      0.162      0.117     0.0691
Replay buffer size after epoch 16: 1280 embeddings across 10 classes.
Saved 1280 replay embeddings to /home/ddwilde/scriptie/runs/dota_saab/stage2-saab/replay/buffer.pt

      Epoch    GPU_mem   box_loss   cls_loss   dfl_loss  Instances       Size
                   all        367       8985      0.386      0.184      0.113     0.0658
Replay buffer size after epoch 17: 1280 embeddings across 10 classes.
Saved 1280 replay embeddings to /home/ddwilde/scriptie/runs/dota_saab/stage2-saab/replay/buffer.pt

      Epoch    GPU_mem   box_loss   cls_loss   dfl_loss  Instances       Size
                   all        367       8985      0.403       0.17      0.115     0.0687
Replay buffer size after epoch 18: 1280 embeddings across 10 classes.
Saved 1280 replay embeddings to /home/ddwilde/scriptie/runs/dota_saab/stage2-saab/replay/buffer.pt

      Epoch    GPU_mem   box_loss   cls_loss   dfl_loss  Instances       Size
                   all        367       8985        0.4      0.138     0.0891     0.0535
Replay buffer size after epoch 19: 1280 embeddings across 10 classes.
Saved 1280 replay embeddings to /home/ddwilde/scriptie/runs/dota_saab/stage2-saab/replay/buffer.pt

      Epoch    GPU_mem   box_loss   cls_loss   dfl_loss  Instances       Size
                   all        367       8985      0.289      0.164      0.104      0.062
Replay buffer size after epoch 20: 1280 embeddings across 10 classes.
Saved 1280 replay embeddings to /home/ddwilde/scriptie/runs/dota_saab/stage2-saab/replay/buffer.pt
Closing dataloader mosaic

      Epoch    GPU_mem   box_loss   cls_loss   dfl_loss  Instances       Size
                   all        367       8985      0.299      0.185      0.123     0.0731
Replay buffer size after epoch 21: 1280 embeddings across 10 classes.
Saved 1280 replay embeddings to /home/ddwilde/scriptie/runs/dota_saab/stage2-saab/replay/buffer.pt

      Epoch    GPU_mem   box_loss   cls_loss   dfl_loss  Instances       Size
                   all        367       8985      0.299      0.164      0.103     0.0622
Replay buffer size after epoch 22: 1280 embeddings across 10 classes.
Saved 1280 replay embeddings to /home/ddwilde/scriptie/runs/dota_saab/stage2-saab/replay/buffer.pt

      Epoch    GPU_mem   box_loss   cls_loss   dfl_loss  Instances       Size
                   all        367       8985      0.316      0.146     0.0854     0.0522
Replay buffer size after epoch 23: 1280 embeddings across 10 classes.
Saved 1280 replay embeddings to /home/ddwilde/scriptie/runs/dota_saab/stage2-saab/replay/buffer.pt

      Epoch    GPU_mem   box_loss   cls_loss   dfl_loss  Instances       Size
                   all        367       8985      0.323       0.16      0.103     0.0598
Replay buffer size after epoch 24: 1280 embeddings across 10 classes.
Saved 1280 replay embeddings to /home/ddwilde/scriptie/runs/dota_saab/stage2-saab/replay/buffer.pt

      Epoch    GPU_mem   box_loss   cls_loss   dfl_loss  Instances       Size
                   all        367       8985      0.335      0.167      0.109     0.0631
Replay buffer size after epoch 25: 1280 embeddings across 10 classes.
Saved 1280 replay embeddings to /home/ddwilde/scriptie/runs/dota_saab/stage2-saab/replay/buffer.pt

      Epoch    GPU_mem   box_loss   cls_loss   dfl_loss  Instances       Size
                   all        367       8985      0.362      0.178      0.122     0.0715
Replay buffer size after epoch 26: 1280 embeddings across 10 classes.
Saved 1280 replay embeddings to /home/ddwilde/scriptie/runs/dota_saab/stage2-saab/replay/buffer.pt

      Epoch    GPU_mem   box_loss   cls_loss   dfl_loss  Instances       Size
                   all        367       8985       0.36      0.164      0.113      0.067
Replay buffer size after epoch 27: 1280 embeddings across 10 classes.
Saved 1280 replay embeddings to /home/ddwilde/scriptie/runs/dota_saab/stage2-saab/replay/buffer.pt

      Epoch    GPU_mem   box_loss   cls_loss   dfl_loss  Instances       Size
                   all        367       8985      0.208      0.158      0.107      0.064
Replay buffer size after epoch 28: 1280 embeddings across 10 classes.
Saved 1280 replay embeddings to /home/ddwilde/scriptie/runs/dota_saab/stage2-saab/replay/buffer.pt

      Epoch    GPU_mem   box_loss   cls_loss   dfl_loss  Instances       Size
                   all        367       8985       0.25      0.147      0.101     0.0604
Replay buffer size after epoch 29: 1280 embeddings across 10 classes.
Saved 1280 replay embeddings to /home/ddwilde/scriptie/runs/dota_saab/stage2-saab/replay/buffer.pt

      Epoch    GPU_mem   box_loss   cls_loss   dfl_loss  Instances       Size
                   all        367       8985       0.36      0.145      0.107     0.0646
Replay buffer size after epoch 30: 1280 embeddings across 10 classes.
Saved 1280 replay embeddings to /home/ddwilde/scriptie/runs/dota_saab/stage2-saab/replay/buffer.pt

30 epochs completed in 0.811 hours.
Optimizer stripped from /home/ddwilde/scriptie/runs/dota_saab/stage2-saab/weights/last.pt, 19.5MB
Optimizer stripped from /home/ddwilde/scriptie/runs/dota_saab/stage2-saab/weights/best.pt, 19.5MB

Validating /home/ddwilde/scriptie/runs/dota_saab/stage2-saab/weights/best.pt...
EDNet 1.0 ✅ Python-3.10.4 ✅ torch-2.8.0+cu128 ✅CUDA:0 (NVIDIA A100-SXM4-40GB, 40441MiB)
Skipping layer fusion for LoRA-enabled model during weight loading.
                   all        367       8985      0.299      0.185      0.123     0.0731
      baseball-diamond         13         37      0.164      0.027     0.0504     0.0261
          tennis-court         31        293      0.221      0.775       0.32      0.257
      basketball-court          7         16          1          0    0.00847    0.00479
    ground-track-field         18         56     0.0842     0.0893     0.0248     0.0118
         large-vehicle         83       3527      0.645      0.386      0.465      0.281
         small-vehicle         99       4549       0.34      0.152      0.158     0.0774
            helicopter          7         42     0.0913     0.0952     0.0378     0.0137
            roundabout         49        142      0.149     0.0423     0.0216    0.00988
     soccer-ball-field         22         75     0.0217       0.04    0.00744    0.00437
         swimming-pool         14        248      0.274      0.246      0.134     0.0444
Speed: 0.1ms preprocess, 3.9ms inference, 0.0ms loss, 0.1ms postprocess per image
Results saved to [1m/home/ddwilde/scriptie/runs/dota_saab/stage2-saab[0m
Training finished. Results saved in: /home/ddwilde/scriptie/runs/dota_saab/stage2-saab
EDNet 1.0 ✅ Python-3.10.4 ✅ torch-2.8.0+cu128 ✅CUDA:0 (NVIDIA A100-SXM4-40GB, 40441MiB)
[34m[1mengine/trainer: [0mtask=detect, mode=train, model=/home/ddwilde/scriptie/runs/dota_saab/stage2-saab/weights/best.pt, data=/home/ddwilde/scriptie/yaml/DOTA-stage3.yaml, epochs=30, time=None, patience=100, batch=4, imgsz=640, save=True, save_period=-1, cache=False, device=None, workers=8, project=/home/ddwilde/scriptie/runs/dota_saab, name=stage3-saab, exist_ok=False, pretrained=True, optimizer=auto, verbose=True, seed=0, deterministic=True, single_cls=False, rect=False, cos_lr=False, close_mosaic=10, resume=False, amp=True, fraction=1.0, profile=False, freeze=None, multi_scale=False, lora={'enable': True, 'freeze_backbone': True}, continual={'enable': False, 'batches': [], 'adapter_strategy': 'last', 'save_history': True}, replay={'enable': True, 'buffer_per_class': 128, 'sample_per_batch': 32, 'loss_weight': 1.0, 'init_buffer': '/home/ddwilde/scriptie/runs/dota_saab/stage2-saab/replay/buffer.pt', 'memory_dir': '/home/ddwilde/scriptie/datasets/memory/stage3', 'memory_ratio': 0.5, 'tiny_max_pixels': 320}, overlap_mask=True, mask_ratio=4, dropout=0.0, val=True, split=val, save_json=False, save_hybrid=False, conf=None, iou=0.7, max_det=300, half=False, dnn=False, plots=True, source=None, vid_stride=1, stream_buffer=False, visualize=False, augment=False, agnostic_nms=False, classes=None, retina_masks=False, embed=None, show=False, save_frames=False, save_txt=False, save_conf=False, save_crop=False, show_labels=True, show_conf=True, show_boxes=True, line_width=None, format=torchscript, keras=False, optimize=False, int8=False, dynamic=False, simplify=False, opset=None, workspace=4, nms=False, lr0=0.01, lrf=0.01, momentum=0.937, weight_decay=0.0005, warmup_epochs=3.0, warmup_momentum=0.8, warmup_bias_lr=0.1, box=7.5, cls=0.5, dfl=1.5, pose=12.0, kobj=1.0, label_smoothing=0.0, nbs=64, hsv_h=0.015, hsv_s=0.7, hsv_v=0.4, degrees=0.0, translate=0.1, scale=0.5, shear=0.0, perspective=0.0, flipud=0.0, fliplr=0.5, bgr=0.0, mosaic=1.0, mixup=0.0, copy_paste=0.0, auto_augment=randaugment, erasing=0.4, crop_fraction=1.0, cfg=None, tracker=botsort.yaml, save_dir=/home/ddwilde/scriptie/runs/dota_saab/stage3-saab

                   from  n    params  module                                       arguments                     
  0                  -1  1       928  ednet.nn.modules.conv.Conv                   [3, 32, 3, 2]                 
  1                  -1  1     18560  ednet.nn.modules.conv.Conv                   [32, 64, 3, 2]                
  2                  -1  1     29056  ednet.nn.modules.block.C2f                   [64, 64, 1, True]             
  3                  -1  1     73984  ednet.nn.modules.conv.Conv                   [64, 128, 3, 2]               
  4                  -1  2    197632  ednet.nn.modules.block.C2f                   [128, 128, 2, True]           
  5                  -1  1    295424  ednet.nn.modules.conv.Conv                   [128, 256, 3, 2]              
  6                  -1  2    420864  ednet.nn.modules.block.C2f_FCA               [256, 256, 2, True]           
  7                  -1  1   1180672  ednet.nn.modules.conv.Conv                   [256, 512, 3, 2]              
  8                  -1  1   1095680  ednet.nn.modules.block.C2f_FCA               [512, 512, 1, True]           
  9                  -1  1    656896  ednet.nn.modules.block.SPPF                  [512, 512, 5]                 
 10                  -1  1    990976  ednet.nn.modules.block.PSA                   [512, 512]                    
 11                  -1  1         0  torch.nn.modules.upsampling.Upsample         [None, 2, 'nearest']          
 12             [-1, 6]  1         0  ednet.nn.modules.conv.Concat                 [1]                           
 13                  -1  1    591360  ednet.nn.modules.block.C2f                   [768, 256, 1]                 
 14                  -1  1         0  torch.nn.modules.upsampling.Upsample         [None, 2, 'nearest']          
 15             [-1, 4]  1         0  ednet.nn.modules.conv.Concat                 [1]                           
 16                  -1  1    148224  ednet.nn.modules.block.C2f                   [384, 128, 1]                 
 17                  -1  1         0  torch.nn.modules.upsampling.Upsample         [None, 2, 'nearest']          
 18             [-1, 2]  1         0  ednet.nn.modules.conv.Concat                 [1]                           
 19                  -1  1     37248  ednet.nn.modules.block.C2f                   [192, 64, 1]                  
 20                  -1  1     36992  ednet.nn.modules.conv.Conv                   [64, 64, 3, 2]                
 21            [-1, 16]  1         0  ednet.nn.modules.conv.Concat                 [1]                           
 22                  -1  1    123648  ednet.nn.modules.block.C2f                   [192, 128, 1]                 
 23                  -1  1    147712  ednet.nn.modules.conv.Conv                   [128, 128, 3, 2]              
 24            [-1, 13]  1         0  ednet.nn.modules.conv.Concat                 [1]                           
 25                  -1  1    493056  ednet.nn.modules.block.C2f                   [384, 256, 1]                 
 26                  -1  1     68864  ednet.nn.modules.block.SCDown                [256, 256, 3, 2]              
 27             [-1, 9]  1         0  ednet.nn.modules.conv.Concat                 [1]                           
 28                  -1  1   1089536  ednet.nn.modules.block.C2fCIB                [768, 512, 1, True, True]     
 29    [19, 22, 25, 28]  1   1628424  ednet.nn.modules.head.v10Detect              [15, [64, 128, 256, 512]]     
ednet-s summary: 510 layers, 9,325,736 parameters, 9,325,720 gradients

Transferred 725/753 items from pretrained weights
LoRA enabled: 28 adapters (rank=8, alpha=16.0, freeze_backbone=True)
Replay feature tapper initialized for layers: ['P3', 'P4']
[34m[1mTensorBoard: [0mStart with 'tensorboard --logdir /home/ddwilde/scriptie/runs/dota_saab/stage3-saab', view at http://localhost:6006/
WARNING ⚠️ setting 'requires_grad=True' for frozen layer 'model.0.conv.weight'. See ednet.engine.trainer for customization of frozen layers.
WARNING ⚠️ setting 'requires_grad=True' for frozen layer 'model.0.bn.weight'. See ednet.engine.trainer for customization of frozen layers.
WARNING ⚠️ setting 'requires_grad=True' for frozen layer 'model.0.bn.bias'. See ednet.engine.trainer for customization of frozen layers.
WARNING ⚠️ setting 'requires_grad=True' for frozen layer 'model.1.conv.weight'. See ednet.engine.trainer for customization of frozen layers.
WARNING ⚠️ setting 'requires_grad=True' for frozen layer 'model.1.bn.weight'. See ednet.engine.trainer for customization of frozen layers.
WARNING ⚠️ setting 'requires_grad=True' for frozen layer 'model.1.bn.bias'. See ednet.engine.trainer for customization of frozen layers.
WARNING ⚠️ setting 'requires_grad=True' for frozen layer 'model.2.cv1.conv.weight'. See ednet.engine.trainer for customization of frozen layers.
WARNING ⚠️ setting 'requires_grad=True' for frozen layer 'model.2.cv1.bn.weight'. See ednet.engine.trainer for customization of frozen layers.
WARNING ⚠️ setting 'requires_grad=True' for frozen layer 'model.2.cv1.bn.bias'. See ednet.engine.trainer for customization of frozen layers.
WARNING ⚠️ setting 'requires_grad=True' for frozen layer 'model.2.cv2.conv.weight'. See ednet.engine.trainer for customization of frozen layers.
WARNING ⚠️ setting 'requires_grad=True' for frozen layer 'model.2.cv2.bn.weight'. See ednet.engine.trainer for customization of frozen layers.
WARNING ⚠️ setting 'requires_grad=True' for frozen layer 'model.2.cv2.bn.bias'. See ednet.engine.trainer for customization of frozen layers.
WARNING ⚠️ setting 'requires_grad=True' for frozen layer 'model.2.m.0.cv1.conv.weight'. See ednet.engine.trainer for customization of frozen layers.
WARNING ⚠️ setting 'requires_grad=True' for frozen layer 'model.2.m.0.cv1.bn.weight'. See ednet.engine.trainer for customization of frozen layers.
WARNING ⚠️ setting 'requires_grad=True' for frozen layer 'model.2.m.0.cv1.bn.bias'. See ednet.engine.trainer for customization of frozen layers.
WARNING ⚠️ setting 'requires_grad=True' for frozen layer 'model.2.m.0.cv2.conv.weight'. See ednet.engine.trainer for customization of frozen layers.
WARNING ⚠️ setting 'requires_grad=True' for frozen layer 'model.2.m.0.cv2.bn.weight'. See ednet.engine.trainer for customization of frozen layers.
WARNING ⚠️ setting 'requires_grad=True' for frozen layer 'model.2.m.0.cv2.bn.bias'. See ednet.engine.trainer for customization of frozen layers.
WARNING ⚠️ setting 'requires_grad=True' for frozen layer 'model.3.conv.weight'. See ednet.engine.trainer for customization of frozen layers.
WARNING ⚠️ setting 'requires_grad=True' for frozen layer 'model.3.bn.weight'. See ednet.engine.trainer for customization of frozen layers.
WARNING ⚠️ setting 'requires_grad=True' for frozen layer 'model.3.bn.bias'. See ednet.engine.trainer for customization of frozen layers.
WARNING ⚠️ setting 'requires_grad=True' for frozen layer 'model.4.cv1.conv.weight'. See ednet.engine.trainer for customization of frozen layers.
WARNING ⚠️ setting 'requires_grad=True' for frozen layer 'model.4.cv1.bn.weight'. See ednet.engine.trainer for customization of frozen layers.
WARNING ⚠️ setting 'requires_grad=True' for frozen layer 'model.4.cv1.bn.bias'. See ednet.engine.trainer for customization of frozen layers.
WARNING ⚠️ setting 'requires_grad=True' for frozen layer 'model.4.cv2.conv.weight'. See ednet.engine.trainer for customization of frozen layers.
WARNING ⚠️ setting 'requires_grad=True' for frozen layer 'model.4.cv2.bn.weight'. See ednet.engine.trainer for customization of frozen layers.
WARNING ⚠️ setting 'requires_grad=True' for frozen layer 'model.4.cv2.bn.bias'. See ednet.engine.trainer for customization of frozen layers.
WARNING ⚠️ setting 'requires_grad=True' for frozen layer 'model.4.m.0.cv1.conv.weight'. See ednet.engine.trainer for customization of frozen layers.
WARNING ⚠️ setting 'requires_grad=True' for frozen layer 'model.4.m.0.cv1.bn.weight'. See ednet.engine.trainer for customization of frozen layers.
WARNING ⚠️ setting 'requires_grad=True' for frozen layer 'model.4.m.0.cv1.bn.bias'. See ednet.engine.trainer for customization of frozen layers.
WARNING ⚠️ setting 'requires_grad=True' for frozen layer 'model.4.m.0.cv2.conv.weight'. See ednet.engine.trainer for customization of frozen layers.
WARNING ⚠️ setting 'requires_grad=True' for frozen layer 'model.4.m.0.cv2.bn.weight'. See ednet.engine.trainer for customization of frozen layers.
WARNING ⚠️ setting 'requires_grad=True' for frozen layer 'model.4.m.0.cv2.bn.bias'. See ednet.engine.trainer for customization of frozen layers.
WARNING ⚠️ setting 'requires_grad=True' for frozen layer 'model.4.m.1.cv1.conv.weight'. See ednet.engine.trainer for customization of frozen layers.
WARNING ⚠️ setting 'requires_grad=True' for frozen layer 'model.4.m.1.cv1.bn.weight'. See ednet.engine.trainer for customization of frozen layers.
WARNING ⚠️ setting 'requires_grad=True' for frozen layer 'model.4.m.1.cv1.bn.bias'. See ednet.engine.trainer for customization of frozen layers.
WARNING ⚠️ setting 'requires_grad=True' for frozen layer 'model.4.m.1.cv2.conv.weight'. See ednet.engine.trainer for customization of frozen layers.
WARNING ⚠️ setting 'requires_grad=True' for frozen layer 'model.4.m.1.cv2.bn.weight'. See ednet.engine.trainer for customization of frozen layers.
WARNING ⚠️ setting 'requires_grad=True' for frozen layer 'model.4.m.1.cv2.bn.bias'. See ednet.engine.trainer for customization of frozen layers.
WARNING ⚠️ setting 'requires_grad=True' for frozen layer 'model.5.conv.weight'. See ednet.engine.trainer for customization of frozen layers.
WARNING ⚠️ setting 'requires_grad=True' for frozen layer 'model.5.bn.weight'. See ednet.engine.trainer for customization of frozen layers.
WARNING ⚠️ setting 'requires_grad=True' for frozen layer 'model.5.bn.bias'. See ednet.engine.trainer for customization of frozen layers.
WARNING ⚠️ setting 'requires_grad=True' for frozen layer 'model.6.cv1.conv.weight'. See ednet.engine.trainer for customization of frozen layers.
WARNING ⚠️ setting 'requires_grad=True' for frozen layer 'model.6.cv1.bn.weight'. See ednet.engine.trainer for customization of frozen layers.
WARNING ⚠️ setting 'requires_grad=True' for frozen layer 'model.6.cv1.bn.bias'. See ednet.engine.trainer for customization of frozen layers.
WARNING ⚠️ setting 'requires_grad=True' for frozen layer 'model.6.cv2.conv.weight'. See ednet.engine.trainer for customization of frozen layers.
WARNING ⚠️ setting 'requires_grad=True' for frozen layer 'model.6.cv2.bn.weight'. See ednet.engine.trainer for customization of frozen layers.
WARNING ⚠️ setting 'requires_grad=True' for frozen layer 'model.6.cv2.bn.bias'. See ednet.engine.trainer for customization of frozen layers.
WARNING ⚠️ setting 'requires_grad=True' for frozen layer 'model.6.m.0.mlp.0.conv.weight'. See ednet.engine.trainer for customization of frozen layers.
WARNING ⚠️ setting 'requires_grad=True' for frozen layer 'model.6.m.0.mlp.0.bn.weight'. See ednet.engine.trainer for customization of frozen layers.
WARNING ⚠️ setting 'requires_grad=True' for frozen layer 'model.6.m.0.mlp.0.bn.bias'. See ednet.engine.trainer for customization of frozen layers.
WARNING ⚠️ setting 'requires_grad=True' for frozen layer 'model.6.m.0.mlp.1.weight'. See ednet.engine.trainer for customization of frozen layers.
WARNING ⚠️ setting 'requires_grad=True' for frozen layer 'model.6.m.0.spatial_mixing.PConv3.weight'. See ednet.engine.trainer for customization of frozen layers.
WARNING ⚠️ setting 'requires_grad=True' for frozen layer 'model.6.m.0.attention.conv1.conv.weight'. See ednet.engine.trainer for customization of frozen layers.
WARNING ⚠️ setting 'requires_grad=True' for frozen layer 'model.6.m.0.attention.conv1.bn.weight'. See ednet.engine.trainer for customization of frozen layers.
WARNING ⚠️ setting 'requires_grad=True' for frozen layer 'model.6.m.0.attention.conv1.bn.bias'. See ednet.engine.trainer for customization of frozen layers.
WARNING ⚠️ setting 'requires_grad=True' for frozen layer 'model.6.m.0.attention.h_conv.conv.weight'. See ednet.engine.trainer for customization of frozen layers.
WARNING ⚠️ setting 'requires_grad=True' for frozen layer 'model.6.m.0.attention.h_conv.conv.bias'. See ednet.engine.trainer for customization of frozen layers.
WARNING ⚠️ setting 'requires_grad=True' for frozen layer 'model.6.m.0.attention.v_conv.conv.weight'. See ednet.engine.trainer for customization of frozen layers.
WARNING ⚠️ setting 'requires_grad=True' for frozen layer 'model.6.m.0.attention.v_conv.conv.bias'. See ednet.engine.trainer for customization of frozen layers.
WARNING ⚠️ setting 'requires_grad=True' for frozen layer 'model.6.m.0.attention.conv2.conv.weight'. See ednet.engine.trainer for customization of frozen layers.
WARNING ⚠️ setting 'requires_grad=True' for frozen layer 'model.6.m.0.attention.conv2.bn.weight'. See ednet.engine.trainer for customization of frozen layers.
WARNING ⚠️ setting 'requires_grad=True' for frozen layer 'model.6.m.0.attention.conv2.bn.bias'. See ednet.engine.trainer for customization of frozen layers.
WARNING ⚠️ setting 'requires_grad=True' for frozen layer 'model.6.m.1.mlp.0.conv.weight'. See ednet.engine.trainer for customization of frozen layers.
WARNING ⚠️ setting 'requires_grad=True' for frozen layer 'model.6.m.1.mlp.0.bn.weight'. See ednet.engine.trainer for customization of frozen layers.
WARNING ⚠️ setting 'requires_grad=True' for frozen layer 'model.6.m.1.mlp.0.bn.bias'. See ednet.engine.trainer for customization of frozen layers.
WARNING ⚠️ setting 'requires_grad=True' for frozen layer 'model.6.m.1.mlp.1.weight'. See ednet.engine.trainer for customization of frozen layers.
WARNING ⚠️ setting 'requires_grad=True' for frozen layer 'model.6.m.1.spatial_mixing.PConv3.weight'. See ednet.engine.trainer for customization of frozen layers.
WARNING ⚠️ setting 'requires_grad=True' for frozen layer 'model.6.m.1.attention.conv1.conv.weight'. See ednet.engine.trainer for customization of frozen layers.
WARNING ⚠️ setting 'requires_grad=True' for frozen layer 'model.6.m.1.attention.conv1.bn.weight'. See ednet.engine.trainer for customization of frozen layers.
WARNING ⚠️ setting 'requires_grad=True' for frozen layer 'model.6.m.1.attention.conv1.bn.bias'. See ednet.engine.trainer for customization of frozen layers.
WARNING ⚠️ setting 'requires_grad=True' for frozen layer 'model.6.m.1.attention.h_conv.conv.weight'. See ednet.engine.trainer for customization of frozen layers.
WARNING ⚠️ setting 'requires_grad=True' for frozen layer 'model.6.m.1.attention.h_conv.conv.bias'. See ednet.engine.trainer for customization of frozen layers.
WARNING ⚠️ setting 'requires_grad=True' for frozen layer 'model.6.m.1.attention.v_conv.conv.weight'. See ednet.engine.trainer for customization of frozen layers.
WARNING ⚠️ setting 'requires_grad=True' for frozen layer 'model.6.m.1.attention.v_conv.conv.bias'. See ednet.engine.trainer for customization of frozen layers.
WARNING ⚠️ setting 'requires_grad=True' for frozen layer 'model.6.m.1.attention.conv2.conv.weight'. See ednet.engine.trainer for customization of frozen layers.
WARNING ⚠️ setting 'requires_grad=True' for frozen layer 'model.6.m.1.attention.conv2.bn.weight'. See ednet.engine.trainer for customization of frozen layers.
WARNING ⚠️ setting 'requires_grad=True' for frozen layer 'model.6.m.1.attention.conv2.bn.bias'. See ednet.engine.trainer for customization of frozen layers.
WARNING ⚠️ setting 'requires_grad=True' for frozen layer 'model.7.conv.weight'. See ednet.engine.trainer for customization of frozen layers.
WARNING ⚠️ setting 'requires_grad=True' for frozen layer 'model.7.bn.weight'. See ednet.engine.trainer for customization of frozen layers.
WARNING ⚠️ setting 'requires_grad=True' for frozen layer 'model.7.bn.bias'. See ednet.engine.trainer for customization of frozen layers.
WARNING ⚠️ setting 'requires_grad=True' for frozen layer 'model.8.cv1.conv.weight'. See ednet.engine.trainer for customization of frozen layers.
WARNING ⚠️ setting 'requires_grad=True' for frozen layer 'model.8.cv1.bn.weight'. See ednet.engine.trainer for customization of frozen layers.
WARNING ⚠️ setting 'requires_grad=True' for frozen layer 'model.8.cv1.bn.bias'. See ednet.engine.trainer for customization of frozen layers.
WARNING ⚠️ setting 'requires_grad=True' for frozen layer 'model.8.cv2.conv.weight'. See ednet.engine.trainer for customization of frozen layers.
WARNING ⚠️ setting 'requires_grad=True' for frozen layer 'model.8.cv2.bn.weight'. See ednet.engine.trainer for customization of frozen layers.
WARNING ⚠️ setting 'requires_grad=True' for frozen layer 'model.8.cv2.bn.bias'. See ednet.engine.trainer for customization of frozen layers.
WARNING ⚠️ setting 'requires_grad=True' for frozen layer 'model.8.m.0.mlp.0.conv.weight'. See ednet.engine.trainer for customization of frozen layers.
WARNING ⚠️ setting 'requires_grad=True' for frozen layer 'model.8.m.0.mlp.0.bn.weight'. See ednet.engine.trainer for customization of frozen layers.
WARNING ⚠️ setting 'requires_grad=True' for frozen layer 'model.8.m.0.mlp.0.bn.bias'. See ednet.engine.trainer for customization of frozen layers.
WARNING ⚠️ setting 'requires_grad=True' for frozen layer 'model.8.m.0.mlp.1.weight'. See ednet.engine.trainer for customization of frozen layers.
WARNING ⚠️ setting 'requires_grad=True' for frozen layer 'model.8.m.0.spatial_mixing.PConv3.weight'. See ednet.engine.trainer for customization of frozen layers.
WARNING ⚠️ setting 'requires_grad=True' for frozen layer 'model.8.m.0.attention.conv1.conv.weight'. See ednet.engine.trainer for customization of frozen layers.
WARNING ⚠️ setting 'requires_grad=True' for frozen layer 'model.8.m.0.attention.conv1.bn.weight'. See ednet.engine.trainer for customization of frozen layers.
WARNING ⚠️ setting 'requires_grad=True' for frozen layer 'model.8.m.0.attention.conv1.bn.bias'. See ednet.engine.trainer for customization of frozen layers.
WARNING ⚠️ setting 'requires_grad=True' for frozen layer 'model.8.m.0.attention.h_conv.conv.weight'. See ednet.engine.trainer for customization of frozen layers.
WARNING ⚠️ setting 'requires_grad=True' for frozen layer 'model.8.m.0.attention.h_conv.conv.bias'. See ednet.engine.trainer for customization of frozen layers.
WARNING ⚠️ setting 'requires_grad=True' for frozen layer 'model.8.m.0.attention.v_conv.conv.weight'. See ednet.engine.trainer for customization of frozen layers.
WARNING ⚠️ setting 'requires_grad=True' for frozen layer 'model.8.m.0.attention.v_conv.conv.bias'. See ednet.engine.trainer for customization of frozen layers.
WARNING ⚠️ setting 'requires_grad=True' for frozen layer 'model.8.m.0.attention.conv2.conv.weight'. See ednet.engine.trainer for customization of frozen layers.
WARNING ⚠️ setting 'requires_grad=True' for frozen layer 'model.8.m.0.attention.conv2.bn.weight'. See ednet.engine.trainer for customization of frozen layers.
WARNING ⚠️ setting 'requires_grad=True' for frozen layer 'model.8.m.0.attention.conv2.bn.bias'. See ednet.engine.trainer for customization of frozen layers.
WARNING ⚠️ setting 'requires_grad=True' for frozen layer 'model.9.cv1.conv.weight'. See ednet.engine.trainer for customization of frozen layers.
WARNING ⚠️ setting 'requires_grad=True' for frozen layer 'model.9.cv1.bn.weight'. See ednet.engine.trainer for customization of frozen layers.
WARNING ⚠️ setting 'requires_grad=True' for frozen layer 'model.9.cv1.bn.bias'. See ednet.engine.trainer for customization of frozen layers.
WARNING ⚠️ setting 'requires_grad=True' for frozen layer 'model.9.cv2.conv.weight'. See ednet.engine.trainer for customization of frozen layers.
WARNING ⚠️ setting 'requires_grad=True' for frozen layer 'model.9.cv2.bn.weight'. See ednet.engine.trainer for customization of frozen layers.
WARNING ⚠️ setting 'requires_grad=True' for frozen layer 'model.9.cv2.bn.bias'. See ednet.engine.trainer for customization of frozen layers.
WARNING ⚠️ setting 'requires_grad=True' for frozen layer 'model.10.cv1.conv.weight'. See ednet.engine.trainer for customization of frozen layers.
WARNING ⚠️ setting 'requires_grad=True' for frozen layer 'model.10.cv1.bn.weight'. See ednet.engine.trainer for customization of frozen layers.
WARNING ⚠️ setting 'requires_grad=True' for frozen layer 'model.10.cv1.bn.bias'. See ednet.engine.trainer for customization of frozen layers.
WARNING ⚠️ setting 'requires_grad=True' for frozen layer 'model.10.cv2.conv.weight'. See ednet.engine.trainer for customization of frozen layers.
WARNING ⚠️ setting 'requires_grad=True' for frozen layer 'model.10.cv2.bn.weight'. See ednet.engine.trainer for customization of frozen layers.
WARNING ⚠️ setting 'requires_grad=True' for frozen layer 'model.10.cv2.bn.bias'. See ednet.engine.trainer for customization of frozen layers.
WARNING ⚠️ setting 'requires_grad=True' for frozen layer 'model.10.attn.qkv.conv.weight'. See ednet.engine.trainer for customization of frozen layers.
WARNING ⚠️ setting 'requires_grad=True' for frozen layer 'model.10.attn.qkv.bn.weight'. See ednet.engine.trainer for customization of frozen layers.
WARNING ⚠️ setting 'requires_grad=True' for frozen layer 'model.10.attn.qkv.bn.bias'. See ednet.engine.trainer for customization of frozen layers.
WARNING ⚠️ setting 'requires_grad=True' for frozen layer 'model.10.attn.proj.conv.weight'. See ednet.engine.trainer for customization of frozen layers.
WARNING ⚠️ setting 'requires_grad=True' for frozen layer 'model.10.attn.proj.bn.weight'. See ednet.engine.trainer for customization of frozen layers.
WARNING ⚠️ setting 'requires_grad=True' for frozen layer 'model.10.attn.proj.bn.bias'. See ednet.engine.trainer for customization of frozen layers.
WARNING ⚠️ setting 'requires_grad=True' for frozen layer 'model.10.attn.pe.conv.weight'. See ednet.engine.trainer for customization of frozen layers.
WARNING ⚠️ setting 'requires_grad=True' for frozen layer 'model.10.attn.pe.bn.weight'. See ednet.engine.trainer for customization of frozen layers.
WARNING ⚠️ setting 'requires_grad=True' for frozen layer 'model.10.attn.pe.bn.bias'. See ednet.engine.trainer for customization of frozen layers.
WARNING ⚠️ setting 'requires_grad=True' for frozen layer 'model.10.ffn.0.conv.weight'. See ednet.engine.trainer for customization of frozen layers.
WARNING ⚠️ setting 'requires_grad=True' for frozen layer 'model.10.ffn.0.bn.weight'. See ednet.engine.trainer for customization of frozen layers.
WARNING ⚠️ setting 'requires_grad=True' for frozen layer 'model.10.ffn.0.bn.bias'. See ednet.engine.trainer for customization of frozen layers.
WARNING ⚠️ setting 'requires_grad=True' for frozen layer 'model.10.ffn.1.conv.weight'. See ednet.engine.trainer for customization of frozen layers.
WARNING ⚠️ setting 'requires_grad=True' for frozen layer 'model.10.ffn.1.bn.weight'. See ednet.engine.trainer for customization of frozen layers.
WARNING ⚠️ setting 'requires_grad=True' for frozen layer 'model.10.ffn.1.bn.bias'. See ednet.engine.trainer for customization of frozen layers.
WARNING ⚠️ setting 'requires_grad=True' for frozen layer 'model.13.cv1.conv.weight'. See ednet.engine.trainer for customization of frozen layers.
WARNING ⚠️ setting 'requires_grad=True' for frozen layer 'model.13.cv1.bn.weight'. See ednet.engine.trainer for customization of frozen layers.
WARNING ⚠️ setting 'requires_grad=True' for frozen layer 'model.13.cv1.bn.bias'. See ednet.engine.trainer for customization of frozen layers.
WARNING ⚠️ setting 'requires_grad=True' for frozen layer 'model.13.cv2.conv.weight'. See ednet.engine.trainer for customization of frozen layers.
WARNING ⚠️ setting 'requires_grad=True' for frozen layer 'model.13.cv2.bn.weight'. See ednet.engine.trainer for customization of frozen layers.
WARNING ⚠️ setting 'requires_grad=True' for frozen layer 'model.13.cv2.bn.bias'. See ednet.engine.trainer for customization of frozen layers.
WARNING ⚠️ setting 'requires_grad=True' for frozen layer 'model.13.m.0.cv1.conv.weight'. See ednet.engine.trainer for customization of frozen layers.
WARNING ⚠️ setting 'requires_grad=True' for frozen layer 'model.13.m.0.cv1.bn.weight'. See ednet.engine.trainer for customization of frozen layers.
WARNING ⚠️ setting 'requires_grad=True' for frozen layer 'model.13.m.0.cv1.bn.bias'. See ednet.engine.trainer for customization of frozen layers.
WARNING ⚠️ setting 'requires_grad=True' for frozen layer 'model.13.m.0.cv2.conv.weight'. See ednet.engine.trainer for customization of frozen layers.
WARNING ⚠️ setting 'requires_grad=True' for frozen layer 'model.13.m.0.cv2.bn.weight'. See ednet.engine.trainer for customization of frozen layers.
WARNING ⚠️ setting 'requires_grad=True' for frozen layer 'model.13.m.0.cv2.bn.bias'. See ednet.engine.trainer for customization of frozen layers.
WARNING ⚠️ setting 'requires_grad=True' for frozen layer 'model.16.cv1.conv.base.weight'. See ednet.engine.trainer for customization of frozen layers.
WARNING ⚠️ setting 'requires_grad=True' for frozen layer 'model.16.cv1.bn.weight'. See ednet.engine.trainer for customization of frozen layers.
WARNING ⚠️ setting 'requires_grad=True' for frozen layer 'model.16.cv1.bn.bias'. See ednet.engine.trainer for customization of frozen layers.
WARNING ⚠️ setting 'requires_grad=True' for frozen layer 'model.16.cv2.conv.base.weight'. See ednet.engine.trainer for customization of frozen layers.
WARNING ⚠️ setting 'requires_grad=True' for frozen layer 'model.16.cv2.bn.weight'. See ednet.engine.trainer for customization of frozen layers.
WARNING ⚠️ setting 'requires_grad=True' for frozen layer 'model.16.cv2.bn.bias'. See ednet.engine.trainer for customization of frozen layers.
WARNING ⚠️ setting 'requires_grad=True' for frozen layer 'model.16.m.0.cv1.conv.base.weight'. See ednet.engine.trainer for customization of frozen layers.
WARNING ⚠️ setting 'requires_grad=True' for frozen layer 'model.16.m.0.cv1.bn.weight'. See ednet.engine.trainer for customization of frozen layers.
WARNING ⚠️ setting 'requires_grad=True' for frozen layer 'model.16.m.0.cv1.bn.bias'. See ednet.engine.trainer for customization of frozen layers.
WARNING ⚠️ setting 'requires_grad=True' for frozen layer 'model.16.m.0.cv2.conv.base.weight'. See ednet.engine.trainer for customization of frozen layers.
WARNING ⚠️ setting 'requires_grad=True' for frozen layer 'model.16.m.0.cv2.bn.weight'. See ednet.engine.trainer for customization of frozen layers.
WARNING ⚠️ setting 'requires_grad=True' for frozen layer 'model.16.m.0.cv2.bn.bias'. See ednet.engine.trainer for customization of frozen layers.
WARNING ⚠️ setting 'requires_grad=True' for frozen layer 'model.19.cv1.conv.weight'. See ednet.engine.trainer for customization of frozen layers.
WARNING ⚠️ setting 'requires_grad=True' for frozen layer 'model.19.cv1.bn.weight'. See ednet.engine.trainer for customization of frozen layers.
WARNING ⚠️ setting 'requires_grad=True' for frozen layer 'model.19.cv1.bn.bias'. See ednet.engine.trainer for customization of frozen layers.
WARNING ⚠️ setting 'requires_grad=True' for frozen layer 'model.19.cv2.conv.weight'. See ednet.engine.trainer for customization of frozen layers.
WARNING ⚠️ setting 'requires_grad=True' for frozen layer 'model.19.cv2.bn.weight'. See ednet.engine.trainer for customization of frozen layers.
WARNING ⚠️ setting 'requires_grad=True' for frozen layer 'model.19.cv2.bn.bias'. See ednet.engine.trainer for customization of frozen layers.
WARNING ⚠️ setting 'requires_grad=True' for frozen layer 'model.19.m.0.cv1.conv.weight'. See ednet.engine.trainer for customization of frozen layers.
WARNING ⚠️ setting 'requires_grad=True' for frozen layer 'model.19.m.0.cv1.bn.weight'. See ednet.engine.trainer for customization of frozen layers.
WARNING ⚠️ setting 'requires_grad=True' for frozen layer 'model.19.m.0.cv1.bn.bias'. See ednet.engine.trainer for customization of frozen layers.
WARNING ⚠️ setting 'requires_grad=True' for frozen layer 'model.19.m.0.cv2.conv.weight'. See ednet.engine.trainer for customization of frozen layers.
WARNING ⚠️ setting 'requires_grad=True' for frozen layer 'model.19.m.0.cv2.bn.weight'. See ednet.engine.trainer for customization of frozen layers.
WARNING ⚠️ setting 'requires_grad=True' for frozen layer 'model.19.m.0.cv2.bn.bias'. See ednet.engine.trainer for customization of frozen layers.
WARNING ⚠️ setting 'requires_grad=True' for frozen layer 'model.20.conv.weight'. See ednet.engine.trainer for customization of frozen layers.
WARNING ⚠️ setting 'requires_grad=True' for frozen layer 'model.20.bn.weight'. See ednet.engine.trainer for customization of frozen layers.
WARNING ⚠️ setting 'requires_grad=True' for frozen layer 'model.20.bn.bias'. See ednet.engine.trainer for customization of frozen layers.
WARNING ⚠️ setting 'requires_grad=True' for frozen layer 'model.22.cv1.conv.base.weight'. See ednet.engine.trainer for customization of frozen layers.
WARNING ⚠️ setting 'requires_grad=True' for frozen layer 'model.22.cv1.bn.weight'. See ednet.engine.trainer for customization of frozen layers.
WARNING ⚠️ setting 'requires_grad=True' for frozen layer 'model.22.cv1.bn.bias'. See ednet.engine.trainer for customization of frozen layers.
WARNING ⚠️ setting 'requires_grad=True' for frozen layer 'model.22.cv2.conv.base.weight'. See ednet.engine.trainer for customization of frozen layers.
WARNING ⚠️ setting 'requires_grad=True' for frozen layer 'model.22.cv2.bn.weight'. See ednet.engine.trainer for customization of frozen layers.
WARNING ⚠️ setting 'requires_grad=True' for frozen layer 'model.22.cv2.bn.bias'. See ednet.engine.trainer for customization of frozen layers.
WARNING ⚠️ setting 'requires_grad=True' for frozen layer 'model.22.m.0.cv1.conv.base.weight'. See ednet.engine.trainer for customization of frozen layers.
WARNING ⚠️ setting 'requires_grad=True' for frozen layer 'model.22.m.0.cv1.bn.weight'. See ednet.engine.trainer for customization of frozen layers.
WARNING ⚠️ setting 'requires_grad=True' for frozen layer 'model.22.m.0.cv1.bn.bias'. See ednet.engine.trainer for customization of frozen layers.
WARNING ⚠️ setting 'requires_grad=True' for frozen layer 'model.22.m.0.cv2.conv.base.weight'. See ednet.engine.trainer for customization of frozen layers.
WARNING ⚠️ setting 'requires_grad=True' for frozen layer 'model.22.m.0.cv2.bn.weight'. See ednet.engine.trainer for customization of frozen layers.
WARNING ⚠️ setting 'requires_grad=True' for frozen layer 'model.22.m.0.cv2.bn.bias'. See ednet.engine.trainer for customization of frozen layers.
WARNING ⚠️ setting 'requires_grad=True' for frozen layer 'model.23.conv.weight'. See ednet.engine.trainer for customization of frozen layers.
WARNING ⚠️ setting 'requires_grad=True' for frozen layer 'model.23.bn.weight'. See ednet.engine.trainer for customization of frozen layers.
WARNING ⚠️ setting 'requires_grad=True' for frozen layer 'model.23.bn.bias'. See ednet.engine.trainer for customization of frozen layers.
WARNING ⚠️ setting 'requires_grad=True' for frozen layer 'model.25.cv1.conv.base.weight'. See ednet.engine.trainer for customization of frozen layers.
WARNING ⚠️ setting 'requires_grad=True' for frozen layer 'model.25.cv1.bn.weight'. See ednet.engine.trainer for customization of frozen layers.
WARNING ⚠️ setting 'requires_grad=True' for frozen layer 'model.25.cv1.bn.bias'. See ednet.engine.trainer for customization of frozen layers.
WARNING ⚠️ setting 'requires_grad=True' for frozen layer 'model.25.cv2.conv.base.weight'. See ednet.engine.trainer for customization of frozen layers.
WARNING ⚠️ setting 'requires_grad=True' for frozen layer 'model.25.cv2.bn.weight'. See ednet.engine.trainer for customization of frozen layers.
WARNING ⚠️ setting 'requires_grad=True' for frozen layer 'model.25.cv2.bn.bias'. See ednet.engine.trainer for customization of frozen layers.
WARNING ⚠️ setting 'requires_grad=True' for frozen layer 'model.25.m.0.cv1.conv.base.weight'. See ednet.engine.trainer for customization of frozen layers.
WARNING ⚠️ setting 'requires_grad=True' for frozen layer 'model.25.m.0.cv1.bn.weight'. See ednet.engine.trainer for customization of frozen layers.
WARNING ⚠️ setting 'requires_grad=True' for frozen layer 'model.25.m.0.cv1.bn.bias'. See ednet.engine.trainer for customization of frozen layers.
WARNING ⚠️ setting 'requires_grad=True' for frozen layer 'model.25.m.0.cv2.conv.base.weight'. See ednet.engine.trainer for customization of frozen layers.
WARNING ⚠️ setting 'requires_grad=True' for frozen layer 'model.25.m.0.cv2.bn.weight'. See ednet.engine.trainer for customization of frozen layers.
WARNING ⚠️ setting 'requires_grad=True' for frozen layer 'model.25.m.0.cv2.bn.bias'. See ednet.engine.trainer for customization of frozen layers.
WARNING ⚠️ setting 'requires_grad=True' for frozen layer 'model.26.cv1.conv.weight'. See ednet.engine.trainer for customization of frozen layers.
WARNING ⚠️ setting 'requires_grad=True' for frozen layer 'model.26.cv1.bn.weight'. See ednet.engine.trainer for customization of frozen layers.
WARNING ⚠️ setting 'requires_grad=True' for frozen layer 'model.26.cv1.bn.bias'. See ednet.engine.trainer for customization of frozen layers.
WARNING ⚠️ setting 'requires_grad=True' for frozen layer 'model.26.cv2.conv.weight'. See ednet.engine.trainer for customization of frozen layers.
WARNING ⚠️ setting 'requires_grad=True' for frozen layer 'model.26.cv2.bn.weight'. See ednet.engine.trainer for customization of frozen layers.
WARNING ⚠️ setting 'requires_grad=True' for frozen layer 'model.26.cv2.bn.bias'. See ednet.engine.trainer for customization of frozen layers.
WARNING ⚠️ setting 'requires_grad=True' for frozen layer 'model.28.cv1.conv.weight'. See ednet.engine.trainer for customization of frozen layers.
WARNING ⚠️ setting 'requires_grad=True' for frozen layer 'model.28.cv1.bn.weight'. See ednet.engine.trainer for customization of frozen layers.
WARNING ⚠️ setting 'requires_grad=True' for frozen layer 'model.28.cv1.bn.bias'. See ednet.engine.trainer for customization of frozen layers.
WARNING ⚠️ setting 'requires_grad=True' for frozen layer 'model.28.cv2.conv.weight'. See ednet.engine.trainer for customization of frozen layers.
WARNING ⚠️ setting 'requires_grad=True' for frozen layer 'model.28.cv2.bn.weight'. See ednet.engine.trainer for customization of frozen layers.
WARNING ⚠️ setting 'requires_grad=True' for frozen layer 'model.28.cv2.bn.bias'. See ednet.engine.trainer for customization of frozen layers.
WARNING ⚠️ setting 'requires_grad=True' for frozen layer 'model.28.m.0.cv1.0.conv.weight'. See ednet.engine.trainer for customization of frozen layers.
WARNING ⚠️ setting 'requires_grad=True' for frozen layer 'model.28.m.0.cv1.0.bn.weight'. See ednet.engine.trainer for customization of frozen layers.
WARNING ⚠️ setting 'requires_grad=True' for frozen layer 'model.28.m.0.cv1.0.bn.bias'. See ednet.engine.trainer for customization of frozen layers.
WARNING ⚠️ setting 'requires_grad=True' for frozen layer 'model.28.m.0.cv1.1.conv.weight'. See ednet.engine.trainer for customization of frozen layers.
WARNING ⚠️ setting 'requires_grad=True' for frozen layer 'model.28.m.0.cv1.1.bn.weight'. See ednet.engine.trainer for customization of frozen layers.
WARNING ⚠️ setting 'requires_grad=True' for frozen layer 'model.28.m.0.cv1.1.bn.bias'. See ednet.engine.trainer for customization of frozen layers.
WARNING ⚠️ setting 'requires_grad=True' for frozen layer 'model.28.m.0.cv1.2.conv.conv.weight'. See ednet.engine.trainer for customization of frozen layers.
WARNING ⚠️ setting 'requires_grad=True' for frozen layer 'model.28.m.0.cv1.2.conv.bn.weight'. See ednet.engine.trainer for customization of frozen layers.
WARNING ⚠️ setting 'requires_grad=True' for frozen layer 'model.28.m.0.cv1.2.conv.bn.bias'. See ednet.engine.trainer for customization of frozen layers.
WARNING ⚠️ setting 'requires_grad=True' for frozen layer 'model.28.m.0.cv1.2.conv1.conv.weight'. See ednet.engine.trainer for customization of frozen layers.
WARNING ⚠️ setting 'requires_grad=True' for frozen layer 'model.28.m.0.cv1.2.conv1.bn.weight'. See ednet.engine.trainer for customization of frozen layers.
WARNING ⚠️ setting 'requires_grad=True' for frozen layer 'model.28.m.0.cv1.2.conv1.bn.bias'. See ednet.engine.trainer for customization of frozen layers.
WARNING ⚠️ setting 'requires_grad=True' for frozen layer 'model.28.m.0.cv1.3.conv.weight'. See ednet.engine.trainer for customization of frozen layers.
WARNING ⚠️ setting 'requires_grad=True' for frozen layer 'model.28.m.0.cv1.3.bn.weight'. See ednet.engine.trainer for customization of frozen layers.
WARNING ⚠️ setting 'requires_grad=True' for frozen layer 'model.28.m.0.cv1.3.bn.bias'. See ednet.engine.trainer for customization of frozen layers.
WARNING ⚠️ setting 'requires_grad=True' for frozen layer 'model.28.m.0.cv1.4.conv.weight'. See ednet.engine.trainer for customization of frozen layers.
WARNING ⚠️ setting 'requires_grad=True' for frozen layer 'model.28.m.0.cv1.4.bn.weight'. See ednet.engine.trainer for customization of frozen layers.
WARNING ⚠️ setting 'requires_grad=True' for frozen layer 'model.28.m.0.cv1.4.bn.bias'. See ednet.engine.trainer for customization of frozen layers.
WARNING ⚠️ setting 'requires_grad=True' for frozen layer 'model.29.cv2.0.0.conv.base.weight'. See ednet.engine.trainer for customization of frozen layers.
WARNING ⚠️ setting 'requires_grad=True' for frozen layer 'model.29.cv2.0.0.bn.weight'. See ednet.engine.trainer for customization of frozen layers.
WARNING ⚠️ setting 'requires_grad=True' for frozen layer 'model.29.cv2.0.0.bn.bias'. See ednet.engine.trainer for customization of frozen layers.
WARNING ⚠️ setting 'requires_grad=True' for frozen layer 'model.29.cv2.0.1.conv.base.weight'. See ednet.engine.trainer for customization of frozen layers.
WARNING ⚠️ setting 'requires_grad=True' for frozen layer 'model.29.cv2.0.1.bn.weight'. See ednet.engine.trainer for customization of frozen layers.
WARNING ⚠️ setting 'requires_grad=True' for frozen layer 'model.29.cv2.0.1.bn.bias'. See ednet.engine.trainer for customization of frozen layers.
WARNING ⚠️ setting 'requires_grad=True' for frozen layer 'model.29.cv2.0.2.weight'. See ednet.engine.trainer for customization of frozen layers.
WARNING ⚠️ setting 'requires_grad=True' for frozen layer 'model.29.cv2.0.2.bias'. See ednet.engine.trainer for customization of frozen layers.
WARNING ⚠️ setting 'requires_grad=True' for frozen layer 'model.29.cv2.1.0.conv.base.weight'. See ednet.engine.trainer for customization of frozen layers.
WARNING ⚠️ setting 'requires_grad=True' for frozen layer 'model.29.cv2.1.0.bn.weight'. See ednet.engine.trainer for customization of frozen layers.
WARNING ⚠️ setting 'requires_grad=True' for frozen layer 'model.29.cv2.1.0.bn.bias'. See ednet.engine.trainer for customization of frozen layers.
WARNING ⚠️ setting 'requires_grad=True' for frozen layer 'model.29.cv2.1.1.conv.base.weight'. See ednet.engine.trainer for customization of frozen layers.
WARNING ⚠️ setting 'requires_grad=True' for frozen layer 'model.29.cv2.1.1.bn.weight'. See ednet.engine.trainer for customization of frozen layers.
WARNING ⚠️ setting 'requires_grad=True' for frozen layer 'model.29.cv2.1.1.bn.bias'. See ednet.engine.trainer for customization of frozen layers.
WARNING ⚠️ setting 'requires_grad=True' for frozen layer 'model.29.cv2.1.2.weight'. See ednet.engine.trainer for customization of frozen layers.
WARNING ⚠️ setting 'requires_grad=True' for frozen layer 'model.29.cv2.1.2.bias'. See ednet.engine.trainer for customization of frozen layers.
WARNING ⚠️ setting 'requires_grad=True' for frozen layer 'model.29.cv2.2.0.conv.base.weight'. See ednet.engine.trainer for customization of frozen layers.
WARNING ⚠️ setting 'requires_grad=True' for frozen layer 'model.29.cv2.2.0.bn.weight'. See ednet.engine.trainer for customization of frozen layers.
WARNING ⚠️ setting 'requires_grad=True' for frozen layer 'model.29.cv2.2.0.bn.bias'. See ednet.engine.trainer for customization of frozen layers.
WARNING ⚠️ setting 'requires_grad=True' for frozen layer 'model.29.cv2.2.1.conv.base.weight'. See ednet.engine.trainer for customization of frozen layers.
WARNING ⚠️ setting 'requires_grad=True' for frozen layer 'model.29.cv2.2.1.bn.weight'. See ednet.engine.trainer for customization of frozen layers.
WARNING ⚠️ setting 'requires_grad=True' for frozen layer 'model.29.cv2.2.1.bn.bias'. See ednet.engine.trainer for customization of frozen layers.
WARNING ⚠️ setting 'requires_grad=True' for frozen layer 'model.29.cv2.2.2.weight'. See ednet.engine.trainer for customization of frozen layers.
WARNING ⚠️ setting 'requires_grad=True' for frozen layer 'model.29.cv2.2.2.bias'. See ednet.engine.trainer for customization of frozen layers.
WARNING ⚠️ setting 'requires_grad=True' for frozen layer 'model.29.cv2.3.0.conv.base.weight'. See ednet.engine.trainer for customization of frozen layers.
WARNING ⚠️ setting 'requires_grad=True' for frozen layer 'model.29.cv2.3.0.bn.weight'. See ednet.engine.trainer for customization of frozen layers.
WARNING ⚠️ setting 'requires_grad=True' for frozen layer 'model.29.cv2.3.0.bn.bias'. See ednet.engine.trainer for customization of frozen layers.
WARNING ⚠️ setting 'requires_grad=True' for frozen layer 'model.29.cv2.3.1.conv.base.weight'. See ednet.engine.trainer for customization of frozen layers.
WARNING ⚠️ setting 'requires_grad=True' for frozen layer 'model.29.cv2.3.1.bn.weight'. See ednet.engine.trainer for customization of frozen layers.
WARNING ⚠️ setting 'requires_grad=True' for frozen layer 'model.29.cv2.3.1.bn.bias'. See ednet.engine.trainer for customization of frozen layers.
WARNING ⚠️ setting 'requires_grad=True' for frozen layer 'model.29.cv2.3.2.weight'. See ednet.engine.trainer for customization of frozen layers.
WARNING ⚠️ setting 'requires_grad=True' for frozen layer 'model.29.cv2.3.2.bias'. See ednet.engine.trainer for customization of frozen layers.
WARNING ⚠️ setting 'requires_grad=True' for frozen layer 'model.29.cv3.0.0.0.conv.weight'. See ednet.engine.trainer for customization of frozen layers.
WARNING ⚠️ setting 'requires_grad=True' for frozen layer 'model.29.cv3.0.0.0.bn.weight'. See ednet.engine.trainer for customization of frozen layers.
WARNING ⚠️ setting 'requires_grad=True' for frozen layer 'model.29.cv3.0.0.0.bn.bias'. See ednet.engine.trainer for customization of frozen layers.
WARNING ⚠️ setting 'requires_grad=True' for frozen layer 'model.29.cv3.0.0.1.conv.base.weight'. See ednet.engine.trainer for customization of frozen layers.
WARNING ⚠️ setting 'requires_grad=True' for frozen layer 'model.29.cv3.0.0.1.bn.weight'. See ednet.engine.trainer for customization of frozen layers.
WARNING ⚠️ setting 'requires_grad=True' for frozen layer 'model.29.cv3.0.0.1.bn.bias'. See ednet.engine.trainer for customization of frozen layers.
WARNING ⚠️ setting 'requires_grad=True' for frozen layer 'model.29.cv3.0.1.0.conv.weight'. See ednet.engine.trainer for customization of frozen layers.
WARNING ⚠️ setting 'requires_grad=True' for frozen layer 'model.29.cv3.0.1.0.bn.weight'. See ednet.engine.trainer for customization of frozen layers.
WARNING ⚠️ setting 'requires_grad=True' for frozen layer 'model.29.cv3.0.1.0.bn.bias'. See ednet.engine.trainer for customization of frozen layers.
WARNING ⚠️ setting 'requires_grad=True' for frozen layer 'model.29.cv3.0.1.1.conv.base.weight'. See ednet.engine.trainer for customization of frozen layers.
WARNING ⚠️ setting 'requires_grad=True' for frozen layer 'model.29.cv3.0.1.1.bn.weight'. See ednet.engine.trainer for customization of frozen layers.
WARNING ⚠️ setting 'requires_grad=True' for frozen layer 'model.29.cv3.0.1.1.bn.bias'. See ednet.engine.trainer for customization of frozen layers.
WARNING ⚠️ setting 'requires_grad=True' for frozen layer 'model.29.cv3.0.2.weight'. See ednet.engine.trainer for customization of frozen layers.
WARNING ⚠️ setting 'requires_grad=True' for frozen layer 'model.29.cv3.0.2.bias'. See ednet.engine.trainer for customization of frozen layers.
WARNING ⚠️ setting 'requires_grad=True' for frozen layer 'model.29.cv3.1.0.0.conv.weight'. See ednet.engine.trainer for customization of frozen layers.
WARNING ⚠️ setting 'requires_grad=True' for frozen layer 'model.29.cv3.1.0.0.bn.weight'. See ednet.engine.trainer for customization of frozen layers.
WARNING ⚠️ setting 'requires_grad=True' for frozen layer 'model.29.cv3.1.0.0.bn.bias'. See ednet.engine.trainer for customization of frozen layers.
WARNING ⚠️ setting 'requires_grad=True' for frozen layer 'model.29.cv3.1.0.1.conv.base.weight'. See ednet.engine.trainer for customization of frozen layers.
WARNING ⚠️ setting 'requires_grad=True' for frozen layer 'model.29.cv3.1.0.1.bn.weight'. See ednet.engine.trainer for customization of frozen layers.
WARNING ⚠️ setting 'requires_grad=True' for frozen layer 'model.29.cv3.1.0.1.bn.bias'. See ednet.engine.trainer for customization of frozen layers.
WARNING ⚠️ setting 'requires_grad=True' for frozen layer 'model.29.cv3.1.1.0.conv.weight'. See ednet.engine.trainer for customization of frozen layers.
WARNING ⚠️ setting 'requires_grad=True' for frozen layer 'model.29.cv3.1.1.0.bn.weight'. See ednet.engine.trainer for customization of frozen layers.
WARNING ⚠️ setting 'requires_grad=True' for frozen layer 'model.29.cv3.1.1.0.bn.bias'. See ednet.engine.trainer for customization of frozen layers.
WARNING ⚠️ setting 'requires_grad=True' for frozen layer 'model.29.cv3.1.1.1.conv.base.weight'. See ednet.engine.trainer for customization of frozen layers.
WARNING ⚠️ setting 'requires_grad=True' for frozen layer 'model.29.cv3.1.1.1.bn.weight'. See ednet.engine.trainer for customization of frozen layers.
WARNING ⚠️ setting 'requires_grad=True' for frozen layer 'model.29.cv3.1.1.1.bn.bias'. See ednet.engine.trainer for customization of frozen layers.
WARNING ⚠️ setting 'requires_grad=True' for frozen layer 'model.29.cv3.1.2.weight'. See ednet.engine.trainer for customization of frozen layers.
WARNING ⚠️ setting 'requires_grad=True' for frozen layer 'model.29.cv3.1.2.bias'. See ednet.engine.trainer for customization of frozen layers.
WARNING ⚠️ setting 'requires_grad=True' for frozen layer 'model.29.cv3.2.0.0.conv.weight'. See ednet.engine.trainer for customization of frozen layers.
WARNING ⚠️ setting 'requires_grad=True' for frozen layer 'model.29.cv3.2.0.0.bn.weight'. See ednet.engine.trainer for customization of frozen layers.
WARNING ⚠️ setting 'requires_grad=True' for frozen layer 'model.29.cv3.2.0.0.bn.bias'. See ednet.engine.trainer for customization of frozen layers.
WARNING ⚠️ setting 'requires_grad=True' for frozen layer 'model.29.cv3.2.0.1.conv.base.weight'. See ednet.engine.trainer for customization of frozen layers.
WARNING ⚠️ setting 'requires_grad=True' for frozen layer 'model.29.cv3.2.0.1.bn.weight'. See ednet.engine.trainer for customization of frozen layers.
WARNING ⚠️ setting 'requires_grad=True' for frozen layer 'model.29.cv3.2.0.1.bn.bias'. See ednet.engine.trainer for customization of frozen layers.
WARNING ⚠️ setting 'requires_grad=True' for frozen layer 'model.29.cv3.2.1.0.conv.weight'. See ednet.engine.trainer for customization of frozen layers.
WARNING ⚠️ setting 'requires_grad=True' for frozen layer 'model.29.cv3.2.1.0.bn.weight'. See ednet.engine.trainer for customization of frozen layers.
WARNING ⚠️ setting 'requires_grad=True' for frozen layer 'model.29.cv3.2.1.0.bn.bias'. See ednet.engine.trainer for customization of frozen layers.
WARNING ⚠️ setting 'requires_grad=True' for frozen layer 'model.29.cv3.2.1.1.conv.base.weight'. See ednet.engine.trainer for customization of frozen layers.
WARNING ⚠️ setting 'requires_grad=True' for frozen layer 'model.29.cv3.2.1.1.bn.weight'. See ednet.engine.trainer for customization of frozen layers.
WARNING ⚠️ setting 'requires_grad=True' for frozen layer 'model.29.cv3.2.1.1.bn.bias'. See ednet.engine.trainer for customization of frozen layers.
WARNING ⚠️ setting 'requires_grad=True' for frozen layer 'model.29.cv3.2.2.weight'. See ednet.engine.trainer for customization of frozen layers.
WARNING ⚠️ setting 'requires_grad=True' for frozen layer 'model.29.cv3.2.2.bias'. See ednet.engine.trainer for customization of frozen layers.
WARNING ⚠️ setting 'requires_grad=True' for frozen layer 'model.29.cv3.3.0.0.conv.weight'. See ednet.engine.trainer for customization of frozen layers.
WARNING ⚠️ setting 'requires_grad=True' for frozen layer 'model.29.cv3.3.0.0.bn.weight'. See ednet.engine.trainer for customization of frozen layers.
WARNING ⚠️ setting 'requires_grad=True' for frozen layer 'model.29.cv3.3.0.0.bn.bias'. See ednet.engine.trainer for customization of frozen layers.
WARNING ⚠️ setting 'requires_grad=True' for frozen layer 'model.29.cv3.3.0.1.conv.base.weight'. See ednet.engine.trainer for customization of frozen layers.
WARNING ⚠️ setting 'requires_grad=True' for frozen layer 'model.29.cv3.3.0.1.bn.weight'. See ednet.engine.trainer for customization of frozen layers.
WARNING ⚠️ setting 'requires_grad=True' for frozen layer 'model.29.cv3.3.0.1.bn.bias'. See ednet.engine.trainer for customization of frozen layers.
WARNING ⚠️ setting 'requires_grad=True' for frozen layer 'model.29.cv3.3.1.0.conv.weight'. See ednet.engine.trainer for customization of frozen layers.
WARNING ⚠️ setting 'requires_grad=True' for frozen layer 'model.29.cv3.3.1.0.bn.weight'. See ednet.engine.trainer for customization of frozen layers.
WARNING ⚠️ setting 'requires_grad=True' for frozen layer 'model.29.cv3.3.1.0.bn.bias'. See ednet.engine.trainer for customization of frozen layers.
WARNING ⚠️ setting 'requires_grad=True' for frozen layer 'model.29.cv3.3.1.1.conv.base.weight'. See ednet.engine.trainer for customization of frozen layers.
WARNING ⚠️ setting 'requires_grad=True' for frozen layer 'model.29.cv3.3.1.1.bn.weight'. See ednet.engine.trainer for customization of frozen layers.
WARNING ⚠️ setting 'requires_grad=True' for frozen layer 'model.29.cv3.3.1.1.bn.bias'. See ednet.engine.trainer for customization of frozen layers.
WARNING ⚠️ setting 'requires_grad=True' for frozen layer 'model.29.cv3.3.2.weight'. See ednet.engine.trainer for customization of frozen layers.
WARNING ⚠️ setting 'requires_grad=True' for frozen layer 'model.29.cv3.3.2.bias'. See ednet.engine.trainer for customization of frozen layers.
Freezing layer 'model.29.dfl.conv.weight'
WARNING ⚠️ setting 'requires_grad=True' for frozen layer 'model.29.one2one_cv2.0.0.conv.weight'. See ednet.engine.trainer for customization of frozen layers.
WARNING ⚠️ setting 'requires_grad=True' for frozen layer 'model.29.one2one_cv2.0.0.bn.weight'. See ednet.engine.trainer for customization of frozen layers.
WARNING ⚠️ setting 'requires_grad=True' for frozen layer 'model.29.one2one_cv2.0.0.bn.bias'. See ednet.engine.trainer for customization of frozen layers.
WARNING ⚠️ setting 'requires_grad=True' for frozen layer 'model.29.one2one_cv2.0.1.conv.weight'. See ednet.engine.trainer for customization of frozen layers.
WARNING ⚠️ setting 'requires_grad=True' for frozen layer 'model.29.one2one_cv2.0.1.bn.weight'. See ednet.engine.trainer for customization of frozen layers.
WARNING ⚠️ setting 'requires_grad=True' for frozen layer 'model.29.one2one_cv2.0.1.bn.bias'. See ednet.engine.trainer for customization of frozen layers.
WARNING ⚠️ setting 'requires_grad=True' for frozen layer 'model.29.one2one_cv2.0.2.weight'. See ednet.engine.trainer for customization of frozen layers.
WARNING ⚠️ setting 'requires_grad=True' for frozen layer 'model.29.one2one_cv2.0.2.bias'. See ednet.engine.trainer for customization of frozen layers.
WARNING ⚠️ setting 'requires_grad=True' for frozen layer 'model.29.one2one_cv2.1.0.conv.weight'. See ednet.engine.trainer for customization of frozen layers.
WARNING ⚠️ setting 'requires_grad=True' for frozen layer 'model.29.one2one_cv2.1.0.bn.weight'. See ednet.engine.trainer for customization of frozen layers.
WARNING ⚠️ setting 'requires_grad=True' for frozen layer 'model.29.one2one_cv2.1.0.bn.bias'. See ednet.engine.trainer for customization of frozen layers.
WARNING ⚠️ setting 'requires_grad=True' for frozen layer 'model.29.one2one_cv2.1.1.conv.weight'. See ednet.engine.trainer for customization of frozen layers.
WARNING ⚠️ setting 'requires_grad=True' for frozen layer 'model.29.one2one_cv2.1.1.bn.weight'. See ednet.engine.trainer for customization of frozen layers.
WARNING ⚠️ setting 'requires_grad=True' for frozen layer 'model.29.one2one_cv2.1.1.bn.bias'. See ednet.engine.trainer for customization of frozen layers.
WARNING ⚠️ setting 'requires_grad=True' for frozen layer 'model.29.one2one_cv2.1.2.weight'. See ednet.engine.trainer for customization of frozen layers.
WARNING ⚠️ setting 'requires_grad=True' for frozen layer 'model.29.one2one_cv2.1.2.bias'. See ednet.engine.trainer for customization of frozen layers.
WARNING ⚠️ setting 'requires_grad=True' for frozen layer 'model.29.one2one_cv2.2.0.conv.weight'. See ednet.engine.trainer for customization of frozen layers.
WARNING ⚠️ setting 'requires_grad=True' for frozen layer 'model.29.one2one_cv2.2.0.bn.weight'. See ednet.engine.trainer for customization of frozen layers.
WARNING ⚠️ setting 'requires_grad=True' for frozen layer 'model.29.one2one_cv2.2.0.bn.bias'. See ednet.engine.trainer for customization of frozen layers.
WARNING ⚠️ setting 'requires_grad=True' for frozen layer 'model.29.one2one_cv2.2.1.conv.weight'. See ednet.engine.trainer for customization of frozen layers.
WARNING ⚠️ setting 'requires_grad=True' for frozen layer 'model.29.one2one_cv2.2.1.bn.weight'. See ednet.engine.trainer for customization of frozen layers.
WARNING ⚠️ setting 'requires_grad=True' for frozen layer 'model.29.one2one_cv2.2.1.bn.bias'. See ednet.engine.trainer for customization of frozen layers.
WARNING ⚠️ setting 'requires_grad=True' for frozen layer 'model.29.one2one_cv2.2.2.weight'. See ednet.engine.trainer for customization of frozen layers.
WARNING ⚠️ setting 'requires_grad=True' for frozen layer 'model.29.one2one_cv2.2.2.bias'. See ednet.engine.trainer for customization of frozen layers.
WARNING ⚠️ setting 'requires_grad=True' for frozen layer 'model.29.one2one_cv2.3.0.conv.weight'. See ednet.engine.trainer for customization of frozen layers.
WARNING ⚠️ setting 'requires_grad=True' for frozen layer 'model.29.one2one_cv2.3.0.bn.weight'. See ednet.engine.trainer for customization of frozen layers.
WARNING ⚠️ setting 'requires_grad=True' for frozen layer 'model.29.one2one_cv2.3.0.bn.bias'. See ednet.engine.trainer for customization of frozen layers.
WARNING ⚠️ setting 'requires_grad=True' for frozen layer 'model.29.one2one_cv2.3.1.conv.weight'. See ednet.engine.trainer for customization of frozen layers.
WARNING ⚠️ setting 'requires_grad=True' for frozen layer 'model.29.one2one_cv2.3.1.bn.weight'. See ednet.engine.trainer for customization of frozen layers.
WARNING ⚠️ setting 'requires_grad=True' for frozen layer 'model.29.one2one_cv2.3.1.bn.bias'. See ednet.engine.trainer for customization of frozen layers.
WARNING ⚠️ setting 'requires_grad=True' for frozen layer 'model.29.one2one_cv2.3.2.weight'. See ednet.engine.trainer for customization of frozen layers.
WARNING ⚠️ setting 'requires_grad=True' for frozen layer 'model.29.one2one_cv2.3.2.bias'. See ednet.engine.trainer for customization of frozen layers.
WARNING ⚠️ setting 'requires_grad=True' for frozen layer 'model.29.one2one_cv3.0.0.0.conv.weight'. See ednet.engine.trainer for customization of frozen layers.
WARNING ⚠️ setting 'requires_grad=True' for frozen layer 'model.29.one2one_cv3.0.0.0.bn.weight'. See ednet.engine.trainer for customization of frozen layers.
WARNING ⚠️ setting 'requires_grad=True' for frozen layer 'model.29.one2one_cv3.0.0.0.bn.bias'. See ednet.engine.trainer for customization of frozen layers.
WARNING ⚠️ setting 'requires_grad=True' for frozen layer 'model.29.one2one_cv3.0.0.1.conv.weight'. See ednet.engine.trainer for customization of frozen layers.
WARNING ⚠️ setting 'requires_grad=True' for frozen layer 'model.29.one2one_cv3.0.0.1.bn.weight'. See ednet.engine.trainer for customization of frozen layers.
WARNING ⚠️ setting 'requires_grad=True' for frozen layer 'model.29.one2one_cv3.0.0.1.bn.bias'. See ednet.engine.trainer for customization of frozen layers.
WARNING ⚠️ setting 'requires_grad=True' for frozen layer 'model.29.one2one_cv3.0.1.0.conv.weight'. See ednet.engine.trainer for customization of frozen layers.
WARNING ⚠️ setting 'requires_grad=True' for frozen layer 'model.29.one2one_cv3.0.1.0.bn.weight'. See ednet.engine.trainer for customization of frozen layers.
WARNING ⚠️ setting 'requires_grad=True' for frozen layer 'model.29.one2one_cv3.0.1.0.bn.bias'. See ednet.engine.trainer for customization of frozen layers.
WARNING ⚠️ setting 'requires_grad=True' for frozen layer 'model.29.one2one_cv3.0.1.1.conv.weight'. See ednet.engine.trainer for customization of frozen layers.
WARNING ⚠️ setting 'requires_grad=True' for frozen layer 'model.29.one2one_cv3.0.1.1.bn.weight'. See ednet.engine.trainer for customization of frozen layers.
WARNING ⚠️ setting 'requires_grad=True' for frozen layer 'model.29.one2one_cv3.0.1.1.bn.bias'. See ednet.engine.trainer for customization of frozen layers.
WARNING ⚠️ setting 'requires_grad=True' for frozen layer 'model.29.one2one_cv3.0.2.weight'. See ednet.engine.trainer for customization of frozen layers.
WARNING ⚠️ setting 'requires_grad=True' for frozen layer 'model.29.one2one_cv3.0.2.bias'. See ednet.engine.trainer for customization of frozen layers.
WARNING ⚠️ setting 'requires_grad=True' for frozen layer 'model.29.one2one_cv3.1.0.0.conv.weight'. See ednet.engine.trainer for customization of frozen layers.
WARNING ⚠️ setting 'requires_grad=True' for frozen layer 'model.29.one2one_cv3.1.0.0.bn.weight'. See ednet.engine.trainer for customization of frozen layers.
WARNING ⚠️ setting 'requires_grad=True' for frozen layer 'model.29.one2one_cv3.1.0.0.bn.bias'. See ednet.engine.trainer for customization of frozen layers.
WARNING ⚠️ setting 'requires_grad=True' for frozen layer 'model.29.one2one_cv3.1.0.1.conv.weight'. See ednet.engine.trainer for customization of frozen layers.
WARNING ⚠️ setting 'requires_grad=True' for frozen layer 'model.29.one2one_cv3.1.0.1.bn.weight'. See ednet.engine.trainer for customization of frozen layers.
WARNING ⚠️ setting 'requires_grad=True' for frozen layer 'model.29.one2one_cv3.1.0.1.bn.bias'. See ednet.engine.trainer for customization of frozen layers.
WARNING ⚠️ setting 'requires_grad=True' for frozen layer 'model.29.one2one_cv3.1.1.0.conv.weight'. See ednet.engine.trainer for customization of frozen layers.
WARNING ⚠️ setting 'requires_grad=True' for frozen layer 'model.29.one2one_cv3.1.1.0.bn.weight'. See ednet.engine.trainer for customization of frozen layers.
WARNING ⚠️ setting 'requires_grad=True' for frozen layer 'model.29.one2one_cv3.1.1.0.bn.bias'. See ednet.engine.trainer for customization of frozen layers.
WARNING ⚠️ setting 'requires_grad=True' for frozen layer 'model.29.one2one_cv3.1.1.1.conv.weight'. See ednet.engine.trainer for customization of frozen layers.
WARNING ⚠️ setting 'requires_grad=True' for frozen layer 'model.29.one2one_cv3.1.1.1.bn.weight'. See ednet.engine.trainer for customization of frozen layers.
WARNING ⚠️ setting 'requires_grad=True' for frozen layer 'model.29.one2one_cv3.1.1.1.bn.bias'. See ednet.engine.trainer for customization of frozen layers.
WARNING ⚠️ setting 'requires_grad=True' for frozen layer 'model.29.one2one_cv3.1.2.weight'. See ednet.engine.trainer for customization of frozen layers.
WARNING ⚠️ setting 'requires_grad=True' for frozen layer 'model.29.one2one_cv3.1.2.bias'. See ednet.engine.trainer for customization of frozen layers.
WARNING ⚠️ setting 'requires_grad=True' for frozen layer 'model.29.one2one_cv3.2.0.0.conv.weight'. See ednet.engine.trainer for customization of frozen layers.
WARNING ⚠️ setting 'requires_grad=True' for frozen layer 'model.29.one2one_cv3.2.0.0.bn.weight'. See ednet.engine.trainer for customization of frozen layers.
WARNING ⚠️ setting 'requires_grad=True' for frozen layer 'model.29.one2one_cv3.2.0.0.bn.bias'. See ednet.engine.trainer for customization of frozen layers.
WARNING ⚠️ setting 'requires_grad=True' for frozen layer 'model.29.one2one_cv3.2.0.1.conv.weight'. See ednet.engine.trainer for customization of frozen layers.
WARNING ⚠️ setting 'requires_grad=True' for frozen layer 'model.29.one2one_cv3.2.0.1.bn.weight'. See ednet.engine.trainer for customization of frozen layers.
WARNING ⚠️ setting 'requires_grad=True' for frozen layer 'model.29.one2one_cv3.2.0.1.bn.bias'. See ednet.engine.trainer for customization of frozen layers.
WARNING ⚠️ setting 'requires_grad=True' for frozen layer 'model.29.one2one_cv3.2.1.0.conv.weight'. See ednet.engine.trainer for customization of frozen layers.
WARNING ⚠️ setting 'requires_grad=True' for frozen layer 'model.29.one2one_cv3.2.1.0.bn.weight'. See ednet.engine.trainer for customization of frozen layers.
WARNING ⚠️ setting 'requires_grad=True' for frozen layer 'model.29.one2one_cv3.2.1.0.bn.bias'. See ednet.engine.trainer for customization of frozen layers.
WARNING ⚠️ setting 'requires_grad=True' for frozen layer 'model.29.one2one_cv3.2.1.1.conv.weight'. See ednet.engine.trainer for customization of frozen layers.
WARNING ⚠️ setting 'requires_grad=True' for frozen layer 'model.29.one2one_cv3.2.1.1.bn.weight'. See ednet.engine.trainer for customization of frozen layers.
WARNING ⚠️ setting 'requires_grad=True' for frozen layer 'model.29.one2one_cv3.2.1.1.bn.bias'. See ednet.engine.trainer for customization of frozen layers.
WARNING ⚠️ setting 'requires_grad=True' for frozen layer 'model.29.one2one_cv3.2.2.weight'. See ednet.engine.trainer for customization of frozen layers.
WARNING ⚠️ setting 'requires_grad=True' for frozen layer 'model.29.one2one_cv3.2.2.bias'. See ednet.engine.trainer for customization of frozen layers.
WARNING ⚠️ setting 'requires_grad=True' for frozen layer 'model.29.one2one_cv3.3.0.0.conv.weight'. See ednet.engine.trainer for customization of frozen layers.
WARNING ⚠️ setting 'requires_grad=True' for frozen layer 'model.29.one2one_cv3.3.0.0.bn.weight'. See ednet.engine.trainer for customization of frozen layers.
WARNING ⚠️ setting 'requires_grad=True' for frozen layer 'model.29.one2one_cv3.3.0.0.bn.bias'. See ednet.engine.trainer for customization of frozen layers.
WARNING ⚠️ setting 'requires_grad=True' for frozen layer 'model.29.one2one_cv3.3.0.1.conv.weight'. See ednet.engine.trainer for customization of frozen layers.
WARNING ⚠️ setting 'requires_grad=True' for frozen layer 'model.29.one2one_cv3.3.0.1.bn.weight'. See ednet.engine.trainer for customization of frozen layers.
WARNING ⚠️ setting 'requires_grad=True' for frozen layer 'model.29.one2one_cv3.3.0.1.bn.bias'. See ednet.engine.trainer for customization of frozen layers.
WARNING ⚠️ setting 'requires_grad=True' for frozen layer 'model.29.one2one_cv3.3.1.0.conv.weight'. See ednet.engine.trainer for customization of frozen layers.
WARNING ⚠️ setting 'requires_grad=True' for frozen layer 'model.29.one2one_cv3.3.1.0.bn.weight'. See ednet.engine.trainer for customization of frozen layers.
WARNING ⚠️ setting 'requires_grad=True' for frozen layer 'model.29.one2one_cv3.3.1.0.bn.bias'. See ednet.engine.trainer for customization of frozen layers.
WARNING ⚠️ setting 'requires_grad=True' for frozen layer 'model.29.one2one_cv3.3.1.1.conv.weight'. See ednet.engine.trainer for customization of frozen layers.
WARNING ⚠️ setting 'requires_grad=True' for frozen layer 'model.29.one2one_cv3.3.1.1.bn.weight'. See ednet.engine.trainer for customization of frozen layers.
WARNING ⚠️ setting 'requires_grad=True' for frozen layer 'model.29.one2one_cv3.3.1.1.bn.bias'. See ednet.engine.trainer for customization of frozen layers.
WARNING ⚠️ setting 'requires_grad=True' for frozen layer 'model.29.one2one_cv3.3.2.weight'. See ednet.engine.trainer for customization of frozen layers.
WARNING ⚠️ setting 'requires_grad=True' for frozen layer 'model.29.one2one_cv3.3.2.bias'. See ednet.engine.trainer for customization of frozen layers.
[34m[1mAMP: [0mrunning Automatic Mixed Precision (AMP) checks with YOLOv8n...
[34m[1mAMP: [0mchecks passed ✅
Plotting labels to /home/ddwilde/scriptie/runs/dota_saab/stage3-saab/labels.jpg... 
[34m[1moptimizer:[0m 'optimizer=auto' found, ignoring 'lr0=0.01' and 'momentum=0.937' and determining best 'optimizer', 'lr0' and 'momentum' automatically... 
[34m[1moptimizer:[0m AdamW(lr=0.000526, momentum=0.9) with parameter groups 117 weight(decay=0.0), 202 weight(decay=0.0005), 139 bias(decay=0.0)
Memory replay enabled from /home/ddwilde/scriptie/datasets/memory/stage3/images with batch size 2 (50.0% of primary batch).
Skipping fusion for LoRA-wrapped layer Conv
Skipping fusion for LoRA-wrapped layer Conv
Skipping fusion for LoRA-wrapped layer Conv
Skipping fusion for LoRA-wrapped layer Conv
Skipping fusion for LoRA-wrapped layer Conv
Skipping fusion for LoRA-wrapped layer Conv
Skipping fusion for LoRA-wrapped layer Conv
Skipping fusion for LoRA-wrapped layer Conv
Skipping fusion for LoRA-wrapped layer Conv
Skipping fusion for LoRA-wrapped layer Conv
Skipping fusion for LoRA-wrapped layer Conv
Skipping fusion for LoRA-wrapped layer Conv
Skipping fusion for LoRA-wrapped layer Conv
Skipping fusion for LoRA-wrapped layer Conv
Skipping fusion for LoRA-wrapped layer Conv
Skipping fusion for LoRA-wrapped layer Conv
Skipping fusion for LoRA-wrapped layer Conv
Skipping fusion for LoRA-wrapped layer Conv
Skipping fusion for LoRA-wrapped layer Conv
Skipping fusion for LoRA-wrapped layer Conv
Skipping fusion for LoRA-wrapped layer Conv
Skipping fusion for LoRA-wrapped layer Conv
Skipping fusion for LoRA-wrapped layer Conv
Skipping fusion for LoRA-wrapped layer Conv
Skipping fusion for LoRA-wrapped layer Conv
Skipping fusion for LoRA-wrapped layer Conv
Skipping fusion for LoRA-wrapped layer Conv
Skipping fusion for LoRA-wrapped layer Conv
[34m[1mTensorBoard: [0mmodel graph visualization added ✅
Image sizes 640 train, 640 val
Using 8 dataloader workers
Logging results to [1m/home/ddwilde/scriptie/runs/dota_saab/stage3-saab[0m
Starting training for 30 epochs...

      Epoch    GPU_mem   box_loss   cls_loss   dfl_loss  Instances       Size
                   all        367      16047      0.425     0.0775        0.1     0.0557
Replay buffer size after epoch 1: 1920 embeddings across 15 classes.
Saved 1920 replay embeddings to /home/ddwilde/scriptie/runs/dota_saab/stage3-saab/replay/buffer.pt

      Epoch    GPU_mem   box_loss   cls_loss   dfl_loss  Instances       Size
                   all        367      16047      0.616     0.0785      0.107      0.061
Replay buffer size after epoch 2: 1920 embeddings across 15 classes.
Saved 1920 replay embeddings to /home/ddwilde/scriptie/runs/dota_saab/stage3-saab/replay/buffer.pt

      Epoch    GPU_mem   box_loss   cls_loss   dfl_loss  Instances       Size
                   all        367      16047     0.0598      0.178     0.0825     0.0435
Replay buffer size after epoch 3: 1920 embeddings across 15 classes.
Saved 1920 replay embeddings to /home/ddwilde/scriptie/runs/dota_saab/stage3-saab/replay/buffer.pt

      Epoch    GPU_mem   box_loss   cls_loss   dfl_loss  Instances       Size
                   all        367      16047      0.479     0.0885      0.106     0.0597
Replay buffer size after epoch 4: 1920 embeddings across 15 classes.
Saved 1920 replay embeddings to /home/ddwilde/scriptie/runs/dota_saab/stage3-saab/replay/buffer.pt

      Epoch    GPU_mem   box_loss   cls_loss   dfl_loss  Instances       Size
                   all        367      16047      0.472      0.103      0.111     0.0655
Replay buffer size after epoch 5: 1920 embeddings across 15 classes.
Saved 1920 replay embeddings to /home/ddwilde/scriptie/runs/dota_saab/stage3-saab/replay/buffer.pt

      Epoch    GPU_mem   box_loss   cls_loss   dfl_loss  Instances       Size
                   all        367      16047      0.376       0.11      0.115     0.0678
Replay buffer size after epoch 6: 1920 embeddings across 15 classes.
Saved 1920 replay embeddings to /home/ddwilde/scriptie/runs/dota_saab/stage3-saab/replay/buffer.pt

      Epoch    GPU_mem   box_loss   cls_loss   dfl_loss  Instances       Size
                   all        367      16047       0.47      0.127      0.127     0.0733
Replay buffer size after epoch 7: 1920 embeddings across 15 classes.
Saved 1920 replay embeddings to /home/ddwilde/scriptie/runs/dota_saab/stage3-saab/replay/buffer.pt

      Epoch    GPU_mem   box_loss   cls_loss   dfl_loss  Instances       Size
                   all        367      16047      0.477      0.127      0.132     0.0769
Replay buffer size after epoch 8: 1920 embeddings across 15 classes.
Saved 1920 replay embeddings to /home/ddwilde/scriptie/runs/dota_saab/stage3-saab/replay/buffer.pt

      Epoch    GPU_mem   box_loss   cls_loss   dfl_loss  Instances       Size
                   all        367      16047      0.287      0.127      0.118     0.0684
Replay buffer size after epoch 9: 1920 embeddings across 15 classes.
Saved 1920 replay embeddings to /home/ddwilde/scriptie/runs/dota_saab/stage3-saab/replay/buffer.pt

      Epoch    GPU_mem   box_loss   cls_loss   dfl_loss  Instances       Size
                   all        367      16047      0.348      0.142      0.128     0.0771
Replay buffer size after epoch 10: 1920 embeddings across 15 classes.
Saved 1920 replay embeddings to /home/ddwilde/scriptie/runs/dota_saab/stage3-saab/replay/buffer.pt

      Epoch    GPU_mem   box_loss   cls_loss   dfl_loss  Instances       Size
                   all        367      16047       0.36      0.153      0.138     0.0786
Replay buffer size after epoch 11: 1920 embeddings across 15 classes.
Saved 1920 replay embeddings to /home/ddwilde/scriptie/runs/dota_saab/stage3-saab/replay/buffer.pt

      Epoch    GPU_mem   box_loss   cls_loss   dfl_loss  Instances       Size
                   all        367      16047      0.285      0.167      0.147     0.0848
Replay buffer size after epoch 12: 1920 embeddings across 15 classes.
Saved 1920 replay embeddings to /home/ddwilde/scriptie/runs/dota_saab/stage3-saab/replay/buffer.pt

      Epoch    GPU_mem   box_loss   cls_loss   dfl_loss  Instances       Size
                   all        367      16047      0.321      0.149      0.135     0.0771
Replay buffer size after epoch 13: 1920 embeddings across 15 classes.
Saved 1920 replay embeddings to /home/ddwilde/scriptie/runs/dota_saab/stage3-saab/replay/buffer.pt

      Epoch    GPU_mem   box_loss   cls_loss   dfl_loss  Instances       Size
                   all        367      16047      0.314      0.143      0.126     0.0725
Replay buffer size after epoch 14: 1920 embeddings across 15 classes.
Saved 1920 replay embeddings to /home/ddwilde/scriptie/runs/dota_saab/stage3-saab/replay/buffer.pt

      Epoch    GPU_mem   box_loss   cls_loss   dfl_loss  Instances       Size
                   all        367      16047      0.312      0.148      0.123     0.0723
Replay buffer size after epoch 15: 1920 embeddings across 15 classes.
Saved 1920 replay embeddings to /home/ddwilde/scriptie/runs/dota_saab/stage3-saab/replay/buffer.pt

      Epoch    GPU_mem   box_loss   cls_loss   dfl_loss  Instances       Size
                   all        367      16047      0.352      0.161      0.141     0.0817
Replay buffer size after epoch 16: 1920 embeddings across 15 classes.
Saved 1920 replay embeddings to /home/ddwilde/scriptie/runs/dota_saab/stage3-saab/replay/buffer.pt

      Epoch    GPU_mem   box_loss   cls_loss   dfl_loss  Instances       Size
                   all        367      16047      0.348      0.153      0.124      0.068
Replay buffer size after epoch 17: 1920 embeddings across 15 classes.
Saved 1920 replay embeddings to /home/ddwilde/scriptie/runs/dota_saab/stage3-saab/replay/buffer.pt

      Epoch    GPU_mem   box_loss   cls_loss   dfl_loss  Instances       Size
                   all        367      16047      0.325      0.145      0.127     0.0742
Replay buffer size after epoch 18: 1920 embeddings across 15 classes.
Saved 1920 replay embeddings to /home/ddwilde/scriptie/runs/dota_saab/stage3-saab/replay/buffer.pt

      Epoch    GPU_mem   box_loss   cls_loss   dfl_loss  Instances       Size
                   all        367      16047      0.274      0.176      0.148     0.0865
Replay buffer size after epoch 19: 1920 embeddings across 15 classes.
Saved 1920 replay embeddings to /home/ddwilde/scriptie/runs/dota_saab/stage3-saab/replay/buffer.pt

      Epoch    GPU_mem   box_loss   cls_loss   dfl_loss  Instances       Size
                   all        367      16047      0.426      0.175      0.134     0.0768
Replay buffer size after epoch 20: 1920 embeddings across 15 classes.
Saved 1920 replay embeddings to /home/ddwilde/scriptie/runs/dota_saab/stage3-saab/replay/buffer.pt
Closing dataloader mosaic

      Epoch    GPU_mem   box_loss   cls_loss   dfl_loss  Instances       Size
                   all        367      16047      0.321      0.171      0.137     0.0788
Replay buffer size after epoch 21: 1920 embeddings across 15 classes.
Saved 1920 replay embeddings to /home/ddwilde/scriptie/runs/dota_saab/stage3-saab/replay/buffer.pt

      Epoch    GPU_mem   box_loss   cls_loss   dfl_loss  Instances       Size
                   all        367      16047      0.391      0.167      0.139     0.0796
Replay buffer size after epoch 22: 1920 embeddings across 15 classes.
Saved 1920 replay embeddings to /home/ddwilde/scriptie/runs/dota_saab/stage3-saab/replay/buffer.pt

      Epoch    GPU_mem   box_loss   cls_loss   dfl_loss  Instances       Size
                   all        367      16047      0.436      0.168      0.144     0.0849
Replay buffer size after epoch 23: 1920 embeddings across 15 classes.
Saved 1920 replay embeddings to /home/ddwilde/scriptie/runs/dota_saab/stage3-saab/replay/buffer.pt

      Epoch    GPU_mem   box_loss   cls_loss   dfl_loss  Instances       Size
                   all        367      16047       0.36      0.153      0.127     0.0737
Replay buffer size after epoch 24: 1920 embeddings across 15 classes.
Saved 1920 replay embeddings to /home/ddwilde/scriptie/runs/dota_saab/stage3-saab/replay/buffer.pt

      Epoch    GPU_mem   box_loss   cls_loss   dfl_loss  Instances       Size
                   all        367      16047      0.477      0.157      0.139     0.0833
Replay buffer size after epoch 25: 1920 embeddings across 15 classes.
Saved 1920 replay embeddings to /home/ddwilde/scriptie/runs/dota_saab/stage3-saab/replay/buffer.pt

      Epoch    GPU_mem   box_loss   cls_loss   dfl_loss  Instances       Size
                   all        367      16047      0.169      0.245       0.14     0.0834
Replay buffer size after epoch 26: 1920 embeddings across 15 classes.
Saved 1920 replay embeddings to /home/ddwilde/scriptie/runs/dota_saab/stage3-saab/replay/buffer.pt

      Epoch    GPU_mem   box_loss   cls_loss   dfl_loss  Instances       Size
                   all        367      16047      0.335      0.191       0.14     0.0839
Replay buffer size after epoch 27: 1920 embeddings across 15 classes.
Saved 1920 replay embeddings to /home/ddwilde/scriptie/runs/dota_saab/stage3-saab/replay/buffer.pt

      Epoch    GPU_mem   box_loss   cls_loss   dfl_loss  Instances       Size
                   all        367      16047      0.112      0.292      0.143     0.0846
Replay buffer size after epoch 28: 1920 embeddings across 15 classes.
Saved 1920 replay embeddings to /home/ddwilde/scriptie/runs/dota_saab/stage3-saab/replay/buffer.pt

      Epoch    GPU_mem   box_loss   cls_loss   dfl_loss  Instances       Size
                   all        367      16047      0.117      0.257      0.132     0.0771
Replay buffer size after epoch 29: 1920 embeddings across 15 classes.
Saved 1920 replay embeddings to /home/ddwilde/scriptie/runs/dota_saab/stage3-saab/replay/buffer.pt

      Epoch    GPU_mem   box_loss   cls_loss   dfl_loss  Instances       Size
                   all        367      16047      0.128      0.253      0.137     0.0801
Replay buffer size after epoch 30: 1920 embeddings across 15 classes.
Saved 1920 replay embeddings to /home/ddwilde/scriptie/runs/dota_saab/stage3-saab/replay/buffer.pt

30 epochs completed in 1.044 hours.
Optimizer stripped from /home/ddwilde/scriptie/runs/dota_saab/stage3-saab/weights/last.pt, 19.5MB
Optimizer stripped from /home/ddwilde/scriptie/runs/dota_saab/stage3-saab/weights/best.pt, 19.5MB

Validating /home/ddwilde/scriptie/runs/dota_saab/stage3-saab/weights/best.pt...
EDNet 1.0 ✅ Python-3.10.4 ✅ torch-2.8.0+cu128 ✅CUDA:0 (NVIDIA A100-SXM4-40GB, 40441MiB)
Skipping layer fusion for LoRA-enabled model during weight loading.
                   all        367      16047      0.274      0.176      0.148     0.0865
                 plane         28       1450      0.301       0.17      0.138     0.0697
                  ship         38       2811      0.252      0.532      0.242      0.107
          storage-tank         34       1146      0.541     0.0853      0.117     0.0558
      baseball-diamond         46        185      0.483      0.173      0.171     0.0826
          tennis-court         75        639      0.456      0.571      0.507       0.39
      basketball-court         28        110      0.141      0.209     0.0992     0.0652
    ground-track-field         58        119      0.279      0.151      0.123     0.0641
                harbor         40        586      0.173      0.198      0.114     0.0567
                bridge         42        217          0          0          0          0
         large-vehicle         83       3527      0.664      0.265      0.412      0.251
         small-vehicle         99       4549      0.285     0.0692      0.123     0.0684
            helicopter          7         42      0.026     0.0476    0.00622    0.00282
            roundabout         49        142          0          0      0.014    0.00729
     soccer-ball-field         52        127      0.213      0.142     0.0925     0.0475
         swimming-pool         34        397      0.291     0.0302     0.0634     0.0296
Speed: 0.1ms preprocess, 4.3ms inference, 0.0ms loss, 0.1ms postprocess per image
Results saved to [1m/home/ddwilde/scriptie/runs/dota_saab/stage3-saab[0m
Training finished. Results saved in: /home/ddwilde/scriptie/runs/dota_saab/stage3-saab
