EDNet 1.0 ✅ Python-3.10.4 ✅ torch-2.8.0+cu128 ✅CUDA:0 (NVIDIA A100-SXM4-40GB, 40441MiB)
[34m[1mengine/trainer: [0mtask=detect, mode=train, model=/home/ddwilde/scriptie/pretrained/small.pt, data=/home/ddwilde/scriptie/yaml/DOTA-stage1.yaml, epochs=5, time=None, patience=100, batch=8, imgsz=640, save=True, save_period=-1, cache=False, device=None, workers=8, project=/home/ddwilde/scriptie/runs/dota_saab, name=stage1-saab5, exist_ok=False, pretrained=True, optimizer=auto, verbose=True, seed=0, deterministic=True, single_cls=False, rect=False, cos_lr=False, close_mosaic=10, resume=False, amp=True, fraction=1.0, profile=False, freeze=None, multi_scale=False, lora={'enable': True, 'freeze_backbone': True}, continual={'enable': False, 'batches': [], 'adapter_strategy': 'last', 'save_history': True}, replay={'enable': True, 'buffer_per_class': 128, 'sample_per_batch': 32, 'loss_weight': 1.0, 'tiny_max_pixels': 320, 'debug': True}, overlap_mask=True, mask_ratio=4, dropout=0.0, val=True, split=val, save_json=False, save_hybrid=False, conf=None, iou=0.7, max_det=300, half=False, dnn=False, plots=True, source=None, vid_stride=1, stream_buffer=False, visualize=False, augment=False, agnostic_nms=False, classes=None, retina_masks=False, embed=None, show=False, save_frames=False, save_txt=False, save_conf=False, save_crop=False, show_labels=True, show_conf=True, show_boxes=True, line_width=None, format=torchscript, keras=False, optimize=False, int8=False, dynamic=False, simplify=False, opset=None, workspace=4, nms=False, lr0=0.01, lrf=0.01, momentum=0.937, weight_decay=0.0005, warmup_epochs=3.0, warmup_momentum=0.8, warmup_bias_lr=0.1, box=7.5, cls=0.5, dfl=1.5, pose=12.0, kobj=1.0, label_smoothing=0.0, nbs=64, hsv_h=0.015, hsv_s=0.7, hsv_v=0.4, degrees=0.0, translate=0.1, scale=0.5, shear=0.0, perspective=0.0, flipud=0.0, fliplr=0.5, bgr=0.0, mosaic=1.0, mixup=0.0, copy_paste=0.0, auto_augment=randaugment, erasing=0.4, crop_fraction=1.0, cfg=None, tracker=botsort.yaml, save_dir=/home/ddwilde/scriptie/runs/dota_saab/stage1-saab5
Overriding model.yaml nc=10 with nc=15

                   from  n    params  module                                       arguments                     
  0                  -1  1       928  ednet.nn.modules.conv.Conv                   [3, 32, 3, 2]                 
  1                  -1  1     18560  ednet.nn.modules.conv.Conv                   [32, 64, 3, 2]                
  2                  -1  1     29056  ednet.nn.modules.block.C2f                   [64, 64, 1, True]             
  3                  -1  1     73984  ednet.nn.modules.conv.Conv                   [64, 128, 3, 2]               
  4                  -1  2    197632  ednet.nn.modules.block.C2f                   [128, 128, 2, True]           
  5                  -1  1    295424  ednet.nn.modules.conv.Conv                   [128, 256, 3, 2]              
  6                  -1  2    420864  ednet.nn.modules.block.C2f_FCA               [256, 256, 2, True]           
  7                  -1  1   1180672  ednet.nn.modules.conv.Conv                   [256, 512, 3, 2]              
  8                  -1  1   1095680  ednet.nn.modules.block.C2f_FCA               [512, 512, 1, True]           
  9                  -1  1    656896  ednet.nn.modules.block.SPPF                  [512, 512, 5]                 
 10                  -1  1    990976  ednet.nn.modules.block.PSA                   [512, 512]                    
 11                  -1  1         0  torch.nn.modules.upsampling.Upsample         [None, 2, 'nearest']          
 12             [-1, 6]  1         0  ednet.nn.modules.conv.Concat                 [1]                           
 13                  -1  1    591360  ednet.nn.modules.block.C2f                   [768, 256, 1]                 
 14                  -1  1         0  torch.nn.modules.upsampling.Upsample         [None, 2, 'nearest']          
 15             [-1, 4]  1         0  ednet.nn.modules.conv.Concat                 [1]                           
 16                  -1  1    148224  ednet.nn.modules.block.C2f                   [384, 128, 1]                 
 17                  -1  1         0  torch.nn.modules.upsampling.Upsample         [None, 2, 'nearest']          
 18             [-1, 2]  1         0  ednet.nn.modules.conv.Concat                 [1]                           
 19                  -1  1     37248  ednet.nn.modules.block.C2f                   [192, 64, 1]                  
 20                  -1  1     36992  ednet.nn.modules.conv.Conv                   [64, 64, 3, 2]                
 21            [-1, 16]  1         0  ednet.nn.modules.conv.Concat                 [1]                           
 22                  -1  1    123648  ednet.nn.modules.block.C2f                   [192, 128, 1]                 
 23                  -1  1    147712  ednet.nn.modules.conv.Conv                   [128, 128, 3, 2]              
 24            [-1, 13]  1         0  ednet.nn.modules.conv.Concat                 [1]                           
 25                  -1  1    493056  ednet.nn.modules.block.C2f                   [384, 256, 1]                 
 26                  -1  1     68864  ednet.nn.modules.block.SCDown                [256, 256, 3, 2]              
 27             [-1, 9]  1         0  ednet.nn.modules.conv.Concat                 [1]                           
 28                  -1  1   1089536  ednet.nn.modules.block.C2fCIB                [768, 512, 1, True, True]     
 29    [19, 22, 25, 28]  1   1628424  ednet.nn.modules.head.v10Detect              [15, [64, 128, 256, 512]]     
ednet-s summary: 510 layers, 9,325,736 parameters, 9,325,720 gradients

Transferred 737/753 items from pretrained weights
LoRA enabled: 28 adapters (rank=8, alpha=16.0, freeze_backbone=True)
Replay feature tapper initialized for detection head levels: ['P3', 'P4']
[34m[1mTensorBoard: [0mStart with 'tensorboard --logdir /home/ddwilde/scriptie/runs/dota_saab/stage1-saab5', view at http://localhost:6006/
WARNING ⚠️ setting 'requires_grad=True' for frozen layer 'model.0.conv.weight'. See ednet.engine.trainer for customization of frozen layers.
WARNING ⚠️ setting 'requires_grad=True' for frozen layer 'model.0.bn.weight'. See ednet.engine.trainer for customization of frozen layers.
WARNING ⚠️ setting 'requires_grad=True' for frozen layer 'model.0.bn.bias'. See ednet.engine.trainer for customization of frozen layers.
WARNING ⚠️ setting 'requires_grad=True' for frozen layer 'model.1.conv.weight'. See ednet.engine.trainer for customization of frozen layers.
WARNING ⚠️ setting 'requires_grad=True' for frozen layer 'model.1.bn.weight'. See ednet.engine.trainer for customization of frozen layers.
WARNING ⚠️ setting 'requires_grad=True' for frozen layer 'model.1.bn.bias'. See ednet.engine.trainer for customization of frozen layers.
WARNING ⚠️ setting 'requires_grad=True' for frozen layer 'model.2.cv1.conv.weight'. See ednet.engine.trainer for customization of frozen layers.
WARNING ⚠️ setting 'requires_grad=True' for frozen layer 'model.2.cv1.bn.weight'. See ednet.engine.trainer for customization of frozen layers.
WARNING ⚠️ setting 'requires_grad=True' for frozen layer 'model.2.cv1.bn.bias'. See ednet.engine.trainer for customization of frozen layers.
WARNING ⚠️ setting 'requires_grad=True' for frozen layer 'model.2.cv2.conv.weight'. See ednet.engine.trainer for customization of frozen layers.
WARNING ⚠️ setting 'requires_grad=True' for frozen layer 'model.2.cv2.bn.weight'. See ednet.engine.trainer for customization of frozen layers.
WARNING ⚠️ setting 'requires_grad=True' for frozen layer 'model.2.cv2.bn.bias'. See ednet.engine.trainer for customization of frozen layers.
WARNING ⚠️ setting 'requires_grad=True' for frozen layer 'model.2.m.0.cv1.conv.weight'. See ednet.engine.trainer for customization of frozen layers.
WARNING ⚠️ setting 'requires_grad=True' for frozen layer 'model.2.m.0.cv1.bn.weight'. See ednet.engine.trainer for customization of frozen layers.
WARNING ⚠️ setting 'requires_grad=True' for frozen layer 'model.2.m.0.cv1.bn.bias'. See ednet.engine.trainer for customization of frozen layers.
WARNING ⚠️ setting 'requires_grad=True' for frozen layer 'model.2.m.0.cv2.conv.weight'. See ednet.engine.trainer for customization of frozen layers.
WARNING ⚠️ setting 'requires_grad=True' for frozen layer 'model.2.m.0.cv2.bn.weight'. See ednet.engine.trainer for customization of frozen layers.
WARNING ⚠️ setting 'requires_grad=True' for frozen layer 'model.2.m.0.cv2.bn.bias'. See ednet.engine.trainer for customization of frozen layers.
WARNING ⚠️ setting 'requires_grad=True' for frozen layer 'model.3.conv.weight'. See ednet.engine.trainer for customization of frozen layers.
WARNING ⚠️ setting 'requires_grad=True' for frozen layer 'model.3.bn.weight'. See ednet.engine.trainer for customization of frozen layers.
WARNING ⚠️ setting 'requires_grad=True' for frozen layer 'model.3.bn.bias'. See ednet.engine.trainer for customization of frozen layers.
WARNING ⚠️ setting 'requires_grad=True' for frozen layer 'model.4.cv1.conv.weight'. See ednet.engine.trainer for customization of frozen layers.
WARNING ⚠️ setting 'requires_grad=True' for frozen layer 'model.4.cv1.bn.weight'. See ednet.engine.trainer for customization of frozen layers.
WARNING ⚠️ setting 'requires_grad=True' for frozen layer 'model.4.cv1.bn.bias'. See ednet.engine.trainer for customization of frozen layers.
WARNING ⚠️ setting 'requires_grad=True' for frozen layer 'model.4.cv2.conv.weight'. See ednet.engine.trainer for customization of frozen layers.
WARNING ⚠️ setting 'requires_grad=True' for frozen layer 'model.4.cv2.bn.weight'. See ednet.engine.trainer for customization of frozen layers.
WARNING ⚠️ setting 'requires_grad=True' for frozen layer 'model.4.cv2.bn.bias'. See ednet.engine.trainer for customization of frozen layers.
WARNING ⚠️ setting 'requires_grad=True' for frozen layer 'model.4.m.0.cv1.conv.weight'. See ednet.engine.trainer for customization of frozen layers.
WARNING ⚠️ setting 'requires_grad=True' for frozen layer 'model.4.m.0.cv1.bn.weight'. See ednet.engine.trainer for customization of frozen layers.
WARNING ⚠️ setting 'requires_grad=True' for frozen layer 'model.4.m.0.cv1.bn.bias'. See ednet.engine.trainer for customization of frozen layers.
WARNING ⚠️ setting 'requires_grad=True' for frozen layer 'model.4.m.0.cv2.conv.weight'. See ednet.engine.trainer for customization of frozen layers.
WARNING ⚠️ setting 'requires_grad=True' for frozen layer 'model.4.m.0.cv2.bn.weight'. See ednet.engine.trainer for customization of frozen layers.
WARNING ⚠️ setting 'requires_grad=True' for frozen layer 'model.4.m.0.cv2.bn.bias'. See ednet.engine.trainer for customization of frozen layers.
WARNING ⚠️ setting 'requires_grad=True' for frozen layer 'model.4.m.1.cv1.conv.weight'. See ednet.engine.trainer for customization of frozen layers.
WARNING ⚠️ setting 'requires_grad=True' for frozen layer 'model.4.m.1.cv1.bn.weight'. See ednet.engine.trainer for customization of frozen layers.
WARNING ⚠️ setting 'requires_grad=True' for frozen layer 'model.4.m.1.cv1.bn.bias'. See ednet.engine.trainer for customization of frozen layers.
WARNING ⚠️ setting 'requires_grad=True' for frozen layer 'model.4.m.1.cv2.conv.weight'. See ednet.engine.trainer for customization of frozen layers.
WARNING ⚠️ setting 'requires_grad=True' for frozen layer 'model.4.m.1.cv2.bn.weight'. See ednet.engine.trainer for customization of frozen layers.
WARNING ⚠️ setting 'requires_grad=True' for frozen layer 'model.4.m.1.cv2.bn.bias'. See ednet.engine.trainer for customization of frozen layers.
WARNING ⚠️ setting 'requires_grad=True' for frozen layer 'model.5.conv.weight'. See ednet.engine.trainer for customization of frozen layers.
WARNING ⚠️ setting 'requires_grad=True' for frozen layer 'model.5.bn.weight'. See ednet.engine.trainer for customization of frozen layers.
WARNING ⚠️ setting 'requires_grad=True' for frozen layer 'model.5.bn.bias'. See ednet.engine.trainer for customization of frozen layers.
WARNING ⚠️ setting 'requires_grad=True' for frozen layer 'model.6.cv1.conv.weight'. See ednet.engine.trainer for customization of frozen layers.
WARNING ⚠️ setting 'requires_grad=True' for frozen layer 'model.6.cv1.bn.weight'. See ednet.engine.trainer for customization of frozen layers.
WARNING ⚠️ setting 'requires_grad=True' for frozen layer 'model.6.cv1.bn.bias'. See ednet.engine.trainer for customization of frozen layers.
WARNING ⚠️ setting 'requires_grad=True' for frozen layer 'model.6.cv2.conv.weight'. See ednet.engine.trainer for customization of frozen layers.
WARNING ⚠️ setting 'requires_grad=True' for frozen layer 'model.6.cv2.bn.weight'. See ednet.engine.trainer for customization of frozen layers.
WARNING ⚠️ setting 'requires_grad=True' for frozen layer 'model.6.cv2.bn.bias'. See ednet.engine.trainer for customization of frozen layers.
WARNING ⚠️ setting 'requires_grad=True' for frozen layer 'model.6.m.0.mlp.0.conv.weight'. See ednet.engine.trainer for customization of frozen layers.
WARNING ⚠️ setting 'requires_grad=True' for frozen layer 'model.6.m.0.mlp.0.bn.weight'. See ednet.engine.trainer for customization of frozen layers.
WARNING ⚠️ setting 'requires_grad=True' for frozen layer 'model.6.m.0.mlp.0.bn.bias'. See ednet.engine.trainer for customization of frozen layers.
WARNING ⚠️ setting 'requires_grad=True' for frozen layer 'model.6.m.0.mlp.1.weight'. See ednet.engine.trainer for customization of frozen layers.
WARNING ⚠️ setting 'requires_grad=True' for frozen layer 'model.6.m.0.spatial_mixing.PConv3.weight'. See ednet.engine.trainer for customization of frozen layers.
WARNING ⚠️ setting 'requires_grad=True' for frozen layer 'model.6.m.0.attention.conv1.conv.weight'. See ednet.engine.trainer for customization of frozen layers.
WARNING ⚠️ setting 'requires_grad=True' for frozen layer 'model.6.m.0.attention.conv1.bn.weight'. See ednet.engine.trainer for customization of frozen layers.
WARNING ⚠️ setting 'requires_grad=True' for frozen layer 'model.6.m.0.attention.conv1.bn.bias'. See ednet.engine.trainer for customization of frozen layers.
WARNING ⚠️ setting 'requires_grad=True' for frozen layer 'model.6.m.0.attention.h_conv.conv.weight'. See ednet.engine.trainer for customization of frozen layers.
WARNING ⚠️ setting 'requires_grad=True' for frozen layer 'model.6.m.0.attention.h_conv.conv.bias'. See ednet.engine.trainer for customization of frozen layers.
WARNING ⚠️ setting 'requires_grad=True' for frozen layer 'model.6.m.0.attention.v_conv.conv.weight'. See ednet.engine.trainer for customization of frozen layers.
WARNING ⚠️ setting 'requires_grad=True' for frozen layer 'model.6.m.0.attention.v_conv.conv.bias'. See ednet.engine.trainer for customization of frozen layers.
WARNING ⚠️ setting 'requires_grad=True' for frozen layer 'model.6.m.0.attention.conv2.conv.weight'. See ednet.engine.trainer for customization of frozen layers.
WARNING ⚠️ setting 'requires_grad=True' for frozen layer 'model.6.m.0.attention.conv2.bn.weight'. See ednet.engine.trainer for customization of frozen layers.
WARNING ⚠️ setting 'requires_grad=True' for frozen layer 'model.6.m.0.attention.conv2.bn.bias'. See ednet.engine.trainer for customization of frozen layers.
WARNING ⚠️ setting 'requires_grad=True' for frozen layer 'model.6.m.1.mlp.0.conv.weight'. See ednet.engine.trainer for customization of frozen layers.
WARNING ⚠️ setting 'requires_grad=True' for frozen layer 'model.6.m.1.mlp.0.bn.weight'. See ednet.engine.trainer for customization of frozen layers.
WARNING ⚠️ setting 'requires_grad=True' for frozen layer 'model.6.m.1.mlp.0.bn.bias'. See ednet.engine.trainer for customization of frozen layers.
WARNING ⚠️ setting 'requires_grad=True' for frozen layer 'model.6.m.1.mlp.1.weight'. See ednet.engine.trainer for customization of frozen layers.
WARNING ⚠️ setting 'requires_grad=True' for frozen layer 'model.6.m.1.spatial_mixing.PConv3.weight'. See ednet.engine.trainer for customization of frozen layers.
WARNING ⚠️ setting 'requires_grad=True' for frozen layer 'model.6.m.1.attention.conv1.conv.weight'. See ednet.engine.trainer for customization of frozen layers.
WARNING ⚠️ setting 'requires_grad=True' for frozen layer 'model.6.m.1.attention.conv1.bn.weight'. See ednet.engine.trainer for customization of frozen layers.
WARNING ⚠️ setting 'requires_grad=True' for frozen layer 'model.6.m.1.attention.conv1.bn.bias'. See ednet.engine.trainer for customization of frozen layers.
WARNING ⚠️ setting 'requires_grad=True' for frozen layer 'model.6.m.1.attention.h_conv.conv.weight'. See ednet.engine.trainer for customization of frozen layers.
WARNING ⚠️ setting 'requires_grad=True' for frozen layer 'model.6.m.1.attention.h_conv.conv.bias'. See ednet.engine.trainer for customization of frozen layers.
WARNING ⚠️ setting 'requires_grad=True' for frozen layer 'model.6.m.1.attention.v_conv.conv.weight'. See ednet.engine.trainer for customization of frozen layers.
WARNING ⚠️ setting 'requires_grad=True' for frozen layer 'model.6.m.1.attention.v_conv.conv.bias'. See ednet.engine.trainer for customization of frozen layers.
WARNING ⚠️ setting 'requires_grad=True' for frozen layer 'model.6.m.1.attention.conv2.conv.weight'. See ednet.engine.trainer for customization of frozen layers.
WARNING ⚠️ setting 'requires_grad=True' for frozen layer 'model.6.m.1.attention.conv2.bn.weight'. See ednet.engine.trainer for customization of frozen layers.
WARNING ⚠️ setting 'requires_grad=True' for frozen layer 'model.6.m.1.attention.conv2.bn.bias'. See ednet.engine.trainer for customization of frozen layers.
WARNING ⚠️ setting 'requires_grad=True' for frozen layer 'model.7.conv.weight'. See ednet.engine.trainer for customization of frozen layers.
WARNING ⚠️ setting 'requires_grad=True' for frozen layer 'model.7.bn.weight'. See ednet.engine.trainer for customization of frozen layers.
WARNING ⚠️ setting 'requires_grad=True' for frozen layer 'model.7.bn.bias'. See ednet.engine.trainer for customization of frozen layers.
WARNING ⚠️ setting 'requires_grad=True' for frozen layer 'model.8.cv1.conv.weight'. See ednet.engine.trainer for customization of frozen layers.
WARNING ⚠️ setting 'requires_grad=True' for frozen layer 'model.8.cv1.bn.weight'. See ednet.engine.trainer for customization of frozen layers.
WARNING ⚠️ setting 'requires_grad=True' for frozen layer 'model.8.cv1.bn.bias'. See ednet.engine.trainer for customization of frozen layers.
WARNING ⚠️ setting 'requires_grad=True' for frozen layer 'model.8.cv2.conv.weight'. See ednet.engine.trainer for customization of frozen layers.
WARNING ⚠️ setting 'requires_grad=True' for frozen layer 'model.8.cv2.bn.weight'. See ednet.engine.trainer for customization of frozen layers.
WARNING ⚠️ setting 'requires_grad=True' for frozen layer 'model.8.cv2.bn.bias'. See ednet.engine.trainer for customization of frozen layers.
WARNING ⚠️ setting 'requires_grad=True' for frozen layer 'model.8.m.0.mlp.0.conv.weight'. See ednet.engine.trainer for customization of frozen layers.
WARNING ⚠️ setting 'requires_grad=True' for frozen layer 'model.8.m.0.mlp.0.bn.weight'. See ednet.engine.trainer for customization of frozen layers.
WARNING ⚠️ setting 'requires_grad=True' for frozen layer 'model.8.m.0.mlp.0.bn.bias'. See ednet.engine.trainer for customization of frozen layers.
WARNING ⚠️ setting 'requires_grad=True' for frozen layer 'model.8.m.0.mlp.1.weight'. See ednet.engine.trainer for customization of frozen layers.
WARNING ⚠️ setting 'requires_grad=True' for frozen layer 'model.8.m.0.spatial_mixing.PConv3.weight'. See ednet.engine.trainer for customization of frozen layers.
WARNING ⚠️ setting 'requires_grad=True' for frozen layer 'model.8.m.0.attention.conv1.conv.weight'. See ednet.engine.trainer for customization of frozen layers.
WARNING ⚠️ setting 'requires_grad=True' for frozen layer 'model.8.m.0.attention.conv1.bn.weight'. See ednet.engine.trainer for customization of frozen layers.
WARNING ⚠️ setting 'requires_grad=True' for frozen layer 'model.8.m.0.attention.conv1.bn.bias'. See ednet.engine.trainer for customization of frozen layers.
WARNING ⚠️ setting 'requires_grad=True' for frozen layer 'model.8.m.0.attention.h_conv.conv.weight'. See ednet.engine.trainer for customization of frozen layers.
WARNING ⚠️ setting 'requires_grad=True' for frozen layer 'model.8.m.0.attention.h_conv.conv.bias'. See ednet.engine.trainer for customization of frozen layers.
WARNING ⚠️ setting 'requires_grad=True' for frozen layer 'model.8.m.0.attention.v_conv.conv.weight'. See ednet.engine.trainer for customization of frozen layers.
WARNING ⚠️ setting 'requires_grad=True' for frozen layer 'model.8.m.0.attention.v_conv.conv.bias'. See ednet.engine.trainer for customization of frozen layers.
WARNING ⚠️ setting 'requires_grad=True' for frozen layer 'model.8.m.0.attention.conv2.conv.weight'. See ednet.engine.trainer for customization of frozen layers.
WARNING ⚠️ setting 'requires_grad=True' for frozen layer 'model.8.m.0.attention.conv2.bn.weight'. See ednet.engine.trainer for customization of frozen layers.
WARNING ⚠️ setting 'requires_grad=True' for frozen layer 'model.8.m.0.attention.conv2.bn.bias'. See ednet.engine.trainer for customization of frozen layers.
WARNING ⚠️ setting 'requires_grad=True' for frozen layer 'model.9.cv1.conv.weight'. See ednet.engine.trainer for customization of frozen layers.
WARNING ⚠️ setting 'requires_grad=True' for frozen layer 'model.9.cv1.bn.weight'. See ednet.engine.trainer for customization of frozen layers.
WARNING ⚠️ setting 'requires_grad=True' for frozen layer 'model.9.cv1.bn.bias'. See ednet.engine.trainer for customization of frozen layers.
WARNING ⚠️ setting 'requires_grad=True' for frozen layer 'model.9.cv2.conv.weight'. See ednet.engine.trainer for customization of frozen layers.
WARNING ⚠️ setting 'requires_grad=True' for frozen layer 'model.9.cv2.bn.weight'. See ednet.engine.trainer for customization of frozen layers.
WARNING ⚠️ setting 'requires_grad=True' for frozen layer 'model.9.cv2.bn.bias'. See ednet.engine.trainer for customization of frozen layers.
WARNING ⚠️ setting 'requires_grad=True' for frozen layer 'model.10.cv1.conv.weight'. See ednet.engine.trainer for customization of frozen layers.
WARNING ⚠️ setting 'requires_grad=True' for frozen layer 'model.10.cv1.bn.weight'. See ednet.engine.trainer for customization of frozen layers.
WARNING ⚠️ setting 'requires_grad=True' for frozen layer 'model.10.cv1.bn.bias'. See ednet.engine.trainer for customization of frozen layers.
WARNING ⚠️ setting 'requires_grad=True' for frozen layer 'model.10.cv2.conv.weight'. See ednet.engine.trainer for customization of frozen layers.
WARNING ⚠️ setting 'requires_grad=True' for frozen layer 'model.10.cv2.bn.weight'. See ednet.engine.trainer for customization of frozen layers.
WARNING ⚠️ setting 'requires_grad=True' for frozen layer 'model.10.cv2.bn.bias'. See ednet.engine.trainer for customization of frozen layers.
WARNING ⚠️ setting 'requires_grad=True' for frozen layer 'model.10.attn.qkv.conv.weight'. See ednet.engine.trainer for customization of frozen layers.
WARNING ⚠️ setting 'requires_grad=True' for frozen layer 'model.10.attn.qkv.bn.weight'. See ednet.engine.trainer for customization of frozen layers.
WARNING ⚠️ setting 'requires_grad=True' for frozen layer 'model.10.attn.qkv.bn.bias'. See ednet.engine.trainer for customization of frozen layers.
WARNING ⚠️ setting 'requires_grad=True' for frozen layer 'model.10.attn.proj.conv.weight'. See ednet.engine.trainer for customization of frozen layers.
WARNING ⚠️ setting 'requires_grad=True' for frozen layer 'model.10.attn.proj.bn.weight'. See ednet.engine.trainer for customization of frozen layers.
WARNING ⚠️ setting 'requires_grad=True' for frozen layer 'model.10.attn.proj.bn.bias'. See ednet.engine.trainer for customization of frozen layers.
WARNING ⚠️ setting 'requires_grad=True' for frozen layer 'model.10.attn.pe.conv.weight'. See ednet.engine.trainer for customization of frozen layers.
WARNING ⚠️ setting 'requires_grad=True' for frozen layer 'model.10.attn.pe.bn.weight'. See ednet.engine.trainer for customization of frozen layers.
WARNING ⚠️ setting 'requires_grad=True' for frozen layer 'model.10.attn.pe.bn.bias'. See ednet.engine.trainer for customization of frozen layers.
WARNING ⚠️ setting 'requires_grad=True' for frozen layer 'model.10.ffn.0.conv.weight'. See ednet.engine.trainer for customization of frozen layers.
WARNING ⚠️ setting 'requires_grad=True' for frozen layer 'model.10.ffn.0.bn.weight'. See ednet.engine.trainer for customization of frozen layers.
WARNING ⚠️ setting 'requires_grad=True' for frozen layer 'model.10.ffn.0.bn.bias'. See ednet.engine.trainer for customization of frozen layers.
WARNING ⚠️ setting 'requires_grad=True' for frozen layer 'model.10.ffn.1.conv.weight'. See ednet.engine.trainer for customization of frozen layers.
WARNING ⚠️ setting 'requires_grad=True' for frozen layer 'model.10.ffn.1.bn.weight'. See ednet.engine.trainer for customization of frozen layers.
WARNING ⚠️ setting 'requires_grad=True' for frozen layer 'model.10.ffn.1.bn.bias'. See ednet.engine.trainer for customization of frozen layers.
WARNING ⚠️ setting 'requires_grad=True' for frozen layer 'model.13.cv1.conv.weight'. See ednet.engine.trainer for customization of frozen layers.
WARNING ⚠️ setting 'requires_grad=True' for frozen layer 'model.13.cv1.bn.weight'. See ednet.engine.trainer for customization of frozen layers.
WARNING ⚠️ setting 'requires_grad=True' for frozen layer 'model.13.cv1.bn.bias'. See ednet.engine.trainer for customization of frozen layers.
WARNING ⚠️ setting 'requires_grad=True' for frozen layer 'model.13.cv2.conv.weight'. See ednet.engine.trainer for customization of frozen layers.
WARNING ⚠️ setting 'requires_grad=True' for frozen layer 'model.13.cv2.bn.weight'. See ednet.engine.trainer for customization of frozen layers.
WARNING ⚠️ setting 'requires_grad=True' for frozen layer 'model.13.cv2.bn.bias'. See ednet.engine.trainer for customization of frozen layers.
WARNING ⚠️ setting 'requires_grad=True' for frozen layer 'model.13.m.0.cv1.conv.weight'. See ednet.engine.trainer for customization of frozen layers.
WARNING ⚠️ setting 'requires_grad=True' for frozen layer 'model.13.m.0.cv1.bn.weight'. See ednet.engine.trainer for customization of frozen layers.
WARNING ⚠️ setting 'requires_grad=True' for frozen layer 'model.13.m.0.cv1.bn.bias'. See ednet.engine.trainer for customization of frozen layers.
WARNING ⚠️ setting 'requires_grad=True' for frozen layer 'model.13.m.0.cv2.conv.weight'. See ednet.engine.trainer for customization of frozen layers.
WARNING ⚠️ setting 'requires_grad=True' for frozen layer 'model.13.m.0.cv2.bn.weight'. See ednet.engine.trainer for customization of frozen layers.
WARNING ⚠️ setting 'requires_grad=True' for frozen layer 'model.13.m.0.cv2.bn.bias'. See ednet.engine.trainer for customization of frozen layers.
WARNING ⚠️ setting 'requires_grad=True' for frozen layer 'model.16.cv1.conv.base.weight'. See ednet.engine.trainer for customization of frozen layers.
WARNING ⚠️ setting 'requires_grad=True' for frozen layer 'model.16.cv1.bn.weight'. See ednet.engine.trainer for customization of frozen layers.
WARNING ⚠️ setting 'requires_grad=True' for frozen layer 'model.16.cv1.bn.bias'. See ednet.engine.trainer for customization of frozen layers.
WARNING ⚠️ setting 'requires_grad=True' for frozen layer 'model.16.cv2.conv.base.weight'. See ednet.engine.trainer for customization of frozen layers.
WARNING ⚠️ setting 'requires_grad=True' for frozen layer 'model.16.cv2.bn.weight'. See ednet.engine.trainer for customization of frozen layers.
WARNING ⚠️ setting 'requires_grad=True' for frozen layer 'model.16.cv2.bn.bias'. See ednet.engine.trainer for customization of frozen layers.
WARNING ⚠️ setting 'requires_grad=True' for frozen layer 'model.16.m.0.cv1.conv.base.weight'. See ednet.engine.trainer for customization of frozen layers.
WARNING ⚠️ setting 'requires_grad=True' for frozen layer 'model.16.m.0.cv1.bn.weight'. See ednet.engine.trainer for customization of frozen layers.
WARNING ⚠️ setting 'requires_grad=True' for frozen layer 'model.16.m.0.cv1.bn.bias'. See ednet.engine.trainer for customization of frozen layers.
WARNING ⚠️ setting 'requires_grad=True' for frozen layer 'model.16.m.0.cv2.conv.base.weight'. See ednet.engine.trainer for customization of frozen layers.
WARNING ⚠️ setting 'requires_grad=True' for frozen layer 'model.16.m.0.cv2.bn.weight'. See ednet.engine.trainer for customization of frozen layers.
WARNING ⚠️ setting 'requires_grad=True' for frozen layer 'model.16.m.0.cv2.bn.bias'. See ednet.engine.trainer for customization of frozen layers.
WARNING ⚠️ setting 'requires_grad=True' for frozen layer 'model.19.cv1.conv.weight'. See ednet.engine.trainer for customization of frozen layers.
WARNING ⚠️ setting 'requires_grad=True' for frozen layer 'model.19.cv1.bn.weight'. See ednet.engine.trainer for customization of frozen layers.
WARNING ⚠️ setting 'requires_grad=True' for frozen layer 'model.19.cv1.bn.bias'. See ednet.engine.trainer for customization of frozen layers.
WARNING ⚠️ setting 'requires_grad=True' for frozen layer 'model.19.cv2.conv.weight'. See ednet.engine.trainer for customization of frozen layers.
WARNING ⚠️ setting 'requires_grad=True' for frozen layer 'model.19.cv2.bn.weight'. See ednet.engine.trainer for customization of frozen layers.
WARNING ⚠️ setting 'requires_grad=True' for frozen layer 'model.19.cv2.bn.bias'. See ednet.engine.trainer for customization of frozen layers.
WARNING ⚠️ setting 'requires_grad=True' for frozen layer 'model.19.m.0.cv1.conv.weight'. See ednet.engine.trainer for customization of frozen layers.
WARNING ⚠️ setting 'requires_grad=True' for frozen layer 'model.19.m.0.cv1.bn.weight'. See ednet.engine.trainer for customization of frozen layers.
WARNING ⚠️ setting 'requires_grad=True' for frozen layer 'model.19.m.0.cv1.bn.bias'. See ednet.engine.trainer for customization of frozen layers.
WARNING ⚠️ setting 'requires_grad=True' for frozen layer 'model.19.m.0.cv2.conv.weight'. See ednet.engine.trainer for customization of frozen layers.
WARNING ⚠️ setting 'requires_grad=True' for frozen layer 'model.19.m.0.cv2.bn.weight'. See ednet.engine.trainer for customization of frozen layers.
WARNING ⚠️ setting 'requires_grad=True' for frozen layer 'model.19.m.0.cv2.bn.bias'. See ednet.engine.trainer for customization of frozen layers.
WARNING ⚠️ setting 'requires_grad=True' for frozen layer 'model.20.conv.weight'. See ednet.engine.trainer for customization of frozen layers.
WARNING ⚠️ setting 'requires_grad=True' for frozen layer 'model.20.bn.weight'. See ednet.engine.trainer for customization of frozen layers.
WARNING ⚠️ setting 'requires_grad=True' for frozen layer 'model.20.bn.bias'. See ednet.engine.trainer for customization of frozen layers.
WARNING ⚠️ setting 'requires_grad=True' for frozen layer 'model.22.cv1.conv.base.weight'. See ednet.engine.trainer for customization of frozen layers.
WARNING ⚠️ setting 'requires_grad=True' for frozen layer 'model.22.cv1.bn.weight'. See ednet.engine.trainer for customization of frozen layers.
WARNING ⚠️ setting 'requires_grad=True' for frozen layer 'model.22.cv1.bn.bias'. See ednet.engine.trainer for customization of frozen layers.
WARNING ⚠️ setting 'requires_grad=True' for frozen layer 'model.22.cv2.conv.base.weight'. See ednet.engine.trainer for customization of frozen layers.
WARNING ⚠️ setting 'requires_grad=True' for frozen layer 'model.22.cv2.bn.weight'. See ednet.engine.trainer for customization of frozen layers.
WARNING ⚠️ setting 'requires_grad=True' for frozen layer 'model.22.cv2.bn.bias'. See ednet.engine.trainer for customization of frozen layers.
WARNING ⚠️ setting 'requires_grad=True' for frozen layer 'model.22.m.0.cv1.conv.base.weight'. See ednet.engine.trainer for customization of frozen layers.
WARNING ⚠️ setting 'requires_grad=True' for frozen layer 'model.22.m.0.cv1.bn.weight'. See ednet.engine.trainer for customization of frozen layers.
WARNING ⚠️ setting 'requires_grad=True' for frozen layer 'model.22.m.0.cv1.bn.bias'. See ednet.engine.trainer for customization of frozen layers.
WARNING ⚠️ setting 'requires_grad=True' for frozen layer 'model.22.m.0.cv2.conv.base.weight'. See ednet.engine.trainer for customization of frozen layers.
WARNING ⚠️ setting 'requires_grad=True' for frozen layer 'model.22.m.0.cv2.bn.weight'. See ednet.engine.trainer for customization of frozen layers.
WARNING ⚠️ setting 'requires_grad=True' for frozen layer 'model.22.m.0.cv2.bn.bias'. See ednet.engine.trainer for customization of frozen layers.
WARNING ⚠️ setting 'requires_grad=True' for frozen layer 'model.23.conv.weight'. See ednet.engine.trainer for customization of frozen layers.
WARNING ⚠️ setting 'requires_grad=True' for frozen layer 'model.23.bn.weight'. See ednet.engine.trainer for customization of frozen layers.
WARNING ⚠️ setting 'requires_grad=True' for frozen layer 'model.23.bn.bias'. See ednet.engine.trainer for customization of frozen layers.
WARNING ⚠️ setting 'requires_grad=True' for frozen layer 'model.25.cv1.conv.base.weight'. See ednet.engine.trainer for customization of frozen layers.
WARNING ⚠️ setting 'requires_grad=True' for frozen layer 'model.25.cv1.bn.weight'. See ednet.engine.trainer for customization of frozen layers.
WARNING ⚠️ setting 'requires_grad=True' for frozen layer 'model.25.cv1.bn.bias'. See ednet.engine.trainer for customization of frozen layers.
WARNING ⚠️ setting 'requires_grad=True' for frozen layer 'model.25.cv2.conv.base.weight'. See ednet.engine.trainer for customization of frozen layers.
WARNING ⚠️ setting 'requires_grad=True' for frozen layer 'model.25.cv2.bn.weight'. See ednet.engine.trainer for customization of frozen layers.
WARNING ⚠️ setting 'requires_grad=True' for frozen layer 'model.25.cv2.bn.bias'. See ednet.engine.trainer for customization of frozen layers.
WARNING ⚠️ setting 'requires_grad=True' for frozen layer 'model.25.m.0.cv1.conv.base.weight'. See ednet.engine.trainer for customization of frozen layers.
WARNING ⚠️ setting 'requires_grad=True' for frozen layer 'model.25.m.0.cv1.bn.weight'. See ednet.engine.trainer for customization of frozen layers.
WARNING ⚠️ setting 'requires_grad=True' for frozen layer 'model.25.m.0.cv1.bn.bias'. See ednet.engine.trainer for customization of frozen layers.
WARNING ⚠️ setting 'requires_grad=True' for frozen layer 'model.25.m.0.cv2.conv.base.weight'. See ednet.engine.trainer for customization of frozen layers.
WARNING ⚠️ setting 'requires_grad=True' for frozen layer 'model.25.m.0.cv2.bn.weight'. See ednet.engine.trainer for customization of frozen layers.
WARNING ⚠️ setting 'requires_grad=True' for frozen layer 'model.25.m.0.cv2.bn.bias'. See ednet.engine.trainer for customization of frozen layers.
WARNING ⚠️ setting 'requires_grad=True' for frozen layer 'model.26.cv1.conv.weight'. See ednet.engine.trainer for customization of frozen layers.
WARNING ⚠️ setting 'requires_grad=True' for frozen layer 'model.26.cv1.bn.weight'. See ednet.engine.trainer for customization of frozen layers.
WARNING ⚠️ setting 'requires_grad=True' for frozen layer 'model.26.cv1.bn.bias'. See ednet.engine.trainer for customization of frozen layers.
WARNING ⚠️ setting 'requires_grad=True' for frozen layer 'model.26.cv2.conv.weight'. See ednet.engine.trainer for customization of frozen layers.
WARNING ⚠️ setting 'requires_grad=True' for frozen layer 'model.26.cv2.bn.weight'. See ednet.engine.trainer for customization of frozen layers.
WARNING ⚠️ setting 'requires_grad=True' for frozen layer 'model.26.cv2.bn.bias'. See ednet.engine.trainer for customization of frozen layers.
WARNING ⚠️ setting 'requires_grad=True' for frozen layer 'model.28.cv1.conv.weight'. See ednet.engine.trainer for customization of frozen layers.
WARNING ⚠️ setting 'requires_grad=True' for frozen layer 'model.28.cv1.bn.weight'. See ednet.engine.trainer for customization of frozen layers.
WARNING ⚠️ setting 'requires_grad=True' for frozen layer 'model.28.cv1.bn.bias'. See ednet.engine.trainer for customization of frozen layers.
WARNING ⚠️ setting 'requires_grad=True' for frozen layer 'model.28.cv2.conv.weight'. See ednet.engine.trainer for customization of frozen layers.
WARNING ⚠️ setting 'requires_grad=True' for frozen layer 'model.28.cv2.bn.weight'. See ednet.engine.trainer for customization of frozen layers.
WARNING ⚠️ setting 'requires_grad=True' for frozen layer 'model.28.cv2.bn.bias'. See ednet.engine.trainer for customization of frozen layers.
WARNING ⚠️ setting 'requires_grad=True' for frozen layer 'model.28.m.0.cv1.0.conv.weight'. See ednet.engine.trainer for customization of frozen layers.
WARNING ⚠️ setting 'requires_grad=True' for frozen layer 'model.28.m.0.cv1.0.bn.weight'. See ednet.engine.trainer for customization of frozen layers.
WARNING ⚠️ setting 'requires_grad=True' for frozen layer 'model.28.m.0.cv1.0.bn.bias'. See ednet.engine.trainer for customization of frozen layers.
WARNING ⚠️ setting 'requires_grad=True' for frozen layer 'model.28.m.0.cv1.1.conv.weight'. See ednet.engine.trainer for customization of frozen layers.
WARNING ⚠️ setting 'requires_grad=True' for frozen layer 'model.28.m.0.cv1.1.bn.weight'. See ednet.engine.trainer for customization of frozen layers.
WARNING ⚠️ setting 'requires_grad=True' for frozen layer 'model.28.m.0.cv1.1.bn.bias'. See ednet.engine.trainer for customization of frozen layers.
WARNING ⚠️ setting 'requires_grad=True' for frozen layer 'model.28.m.0.cv1.2.conv.conv.weight'. See ednet.engine.trainer for customization of frozen layers.
WARNING ⚠️ setting 'requires_grad=True' for frozen layer 'model.28.m.0.cv1.2.conv.bn.weight'. See ednet.engine.trainer for customization of frozen layers.
WARNING ⚠️ setting 'requires_grad=True' for frozen layer 'model.28.m.0.cv1.2.conv.bn.bias'. See ednet.engine.trainer for customization of frozen layers.
WARNING ⚠️ setting 'requires_grad=True' for frozen layer 'model.28.m.0.cv1.2.conv1.conv.weight'. See ednet.engine.trainer for customization of frozen layers.
WARNING ⚠️ setting 'requires_grad=True' for frozen layer 'model.28.m.0.cv1.2.conv1.bn.weight'. See ednet.engine.trainer for customization of frozen layers.
WARNING ⚠️ setting 'requires_grad=True' for frozen layer 'model.28.m.0.cv1.2.conv1.bn.bias'. See ednet.engine.trainer for customization of frozen layers.
WARNING ⚠️ setting 'requires_grad=True' for frozen layer 'model.28.m.0.cv1.3.conv.weight'. See ednet.engine.trainer for customization of frozen layers.
WARNING ⚠️ setting 'requires_grad=True' for frozen layer 'model.28.m.0.cv1.3.bn.weight'. See ednet.engine.trainer for customization of frozen layers.
WARNING ⚠️ setting 'requires_grad=True' for frozen layer 'model.28.m.0.cv1.3.bn.bias'. See ednet.engine.trainer for customization of frozen layers.
WARNING ⚠️ setting 'requires_grad=True' for frozen layer 'model.28.m.0.cv1.4.conv.weight'. See ednet.engine.trainer for customization of frozen layers.
WARNING ⚠️ setting 'requires_grad=True' for frozen layer 'model.28.m.0.cv1.4.bn.weight'. See ednet.engine.trainer for customization of frozen layers.
WARNING ⚠️ setting 'requires_grad=True' for frozen layer 'model.28.m.0.cv1.4.bn.bias'. See ednet.engine.trainer for customization of frozen layers.
WARNING ⚠️ setting 'requires_grad=True' for frozen layer 'model.29.cv2.0.0.conv.base.weight'. See ednet.engine.trainer for customization of frozen layers.
WARNING ⚠️ setting 'requires_grad=True' for frozen layer 'model.29.cv2.0.0.bn.weight'. See ednet.engine.trainer for customization of frozen layers.
WARNING ⚠️ setting 'requires_grad=True' for frozen layer 'model.29.cv2.0.0.bn.bias'. See ednet.engine.trainer for customization of frozen layers.
WARNING ⚠️ setting 'requires_grad=True' for frozen layer 'model.29.cv2.0.1.conv.base.weight'. See ednet.engine.trainer for customization of frozen layers.
WARNING ⚠️ setting 'requires_grad=True' for frozen layer 'model.29.cv2.0.1.bn.weight'. See ednet.engine.trainer for customization of frozen layers.
WARNING ⚠️ setting 'requires_grad=True' for frozen layer 'model.29.cv2.0.1.bn.bias'. See ednet.engine.trainer for customization of frozen layers.
WARNING ⚠️ setting 'requires_grad=True' for frozen layer 'model.29.cv2.0.2.weight'. See ednet.engine.trainer for customization of frozen layers.
WARNING ⚠️ setting 'requires_grad=True' for frozen layer 'model.29.cv2.0.2.bias'. See ednet.engine.trainer for customization of frozen layers.
WARNING ⚠️ setting 'requires_grad=True' for frozen layer 'model.29.cv2.1.0.conv.base.weight'. See ednet.engine.trainer for customization of frozen layers.
WARNING ⚠️ setting 'requires_grad=True' for frozen layer 'model.29.cv2.1.0.bn.weight'. See ednet.engine.trainer for customization of frozen layers.
WARNING ⚠️ setting 'requires_grad=True' for frozen layer 'model.29.cv2.1.0.bn.bias'. See ednet.engine.trainer for customization of frozen layers.
WARNING ⚠️ setting 'requires_grad=True' for frozen layer 'model.29.cv2.1.1.conv.base.weight'. See ednet.engine.trainer for customization of frozen layers.
WARNING ⚠️ setting 'requires_grad=True' for frozen layer 'model.29.cv2.1.1.bn.weight'. See ednet.engine.trainer for customization of frozen layers.
WARNING ⚠️ setting 'requires_grad=True' for frozen layer 'model.29.cv2.1.1.bn.bias'. See ednet.engine.trainer for customization of frozen layers.
WARNING ⚠️ setting 'requires_grad=True' for frozen layer 'model.29.cv2.1.2.weight'. See ednet.engine.trainer for customization of frozen layers.
WARNING ⚠️ setting 'requires_grad=True' for frozen layer 'model.29.cv2.1.2.bias'. See ednet.engine.trainer for customization of frozen layers.
WARNING ⚠️ setting 'requires_grad=True' for frozen layer 'model.29.cv2.2.0.conv.base.weight'. See ednet.engine.trainer for customization of frozen layers.
WARNING ⚠️ setting 'requires_grad=True' for frozen layer 'model.29.cv2.2.0.bn.weight'. See ednet.engine.trainer for customization of frozen layers.
WARNING ⚠️ setting 'requires_grad=True' for frozen layer 'model.29.cv2.2.0.bn.bias'. See ednet.engine.trainer for customization of frozen layers.
WARNING ⚠️ setting 'requires_grad=True' for frozen layer 'model.29.cv2.2.1.conv.base.weight'. See ednet.engine.trainer for customization of frozen layers.
WARNING ⚠️ setting 'requires_grad=True' for frozen layer 'model.29.cv2.2.1.bn.weight'. See ednet.engine.trainer for customization of frozen layers.
WARNING ⚠️ setting 'requires_grad=True' for frozen layer 'model.29.cv2.2.1.bn.bias'. See ednet.engine.trainer for customization of frozen layers.
WARNING ⚠️ setting 'requires_grad=True' for frozen layer 'model.29.cv2.2.2.weight'. See ednet.engine.trainer for customization of frozen layers.
WARNING ⚠️ setting 'requires_grad=True' for frozen layer 'model.29.cv2.2.2.bias'. See ednet.engine.trainer for customization of frozen layers.
WARNING ⚠️ setting 'requires_grad=True' for frozen layer 'model.29.cv2.3.0.conv.base.weight'. See ednet.engine.trainer for customization of frozen layers.
WARNING ⚠️ setting 'requires_grad=True' for frozen layer 'model.29.cv2.3.0.bn.weight'. See ednet.engine.trainer for customization of frozen layers.
WARNING ⚠️ setting 'requires_grad=True' for frozen layer 'model.29.cv2.3.0.bn.bias'. See ednet.engine.trainer for customization of frozen layers.
WARNING ⚠️ setting 'requires_grad=True' for frozen layer 'model.29.cv2.3.1.conv.base.weight'. See ednet.engine.trainer for customization of frozen layers.
WARNING ⚠️ setting 'requires_grad=True' for frozen layer 'model.29.cv2.3.1.bn.weight'. See ednet.engine.trainer for customization of frozen layers.
WARNING ⚠️ setting 'requires_grad=True' for frozen layer 'model.29.cv2.3.1.bn.bias'. See ednet.engine.trainer for customization of frozen layers.
WARNING ⚠️ setting 'requires_grad=True' for frozen layer 'model.29.cv2.3.2.weight'. See ednet.engine.trainer for customization of frozen layers.
WARNING ⚠️ setting 'requires_grad=True' for frozen layer 'model.29.cv2.3.2.bias'. See ednet.engine.trainer for customization of frozen layers.
WARNING ⚠️ setting 'requires_grad=True' for frozen layer 'model.29.cv3.0.0.0.conv.weight'. See ednet.engine.trainer for customization of frozen layers.
WARNING ⚠️ setting 'requires_grad=True' for frozen layer 'model.29.cv3.0.0.0.bn.weight'. See ednet.engine.trainer for customization of frozen layers.
WARNING ⚠️ setting 'requires_grad=True' for frozen layer 'model.29.cv3.0.0.0.bn.bias'. See ednet.engine.trainer for customization of frozen layers.
WARNING ⚠️ setting 'requires_grad=True' for frozen layer 'model.29.cv3.0.0.1.conv.base.weight'. See ednet.engine.trainer for customization of frozen layers.
WARNING ⚠️ setting 'requires_grad=True' for frozen layer 'model.29.cv3.0.0.1.bn.weight'. See ednet.engine.trainer for customization of frozen layers.
WARNING ⚠️ setting 'requires_grad=True' for frozen layer 'model.29.cv3.0.0.1.bn.bias'. See ednet.engine.trainer for customization of frozen layers.
WARNING ⚠️ setting 'requires_grad=True' for frozen layer 'model.29.cv3.0.1.0.conv.weight'. See ednet.engine.trainer for customization of frozen layers.
WARNING ⚠️ setting 'requires_grad=True' for frozen layer 'model.29.cv3.0.1.0.bn.weight'. See ednet.engine.trainer for customization of frozen layers.
WARNING ⚠️ setting 'requires_grad=True' for frozen layer 'model.29.cv3.0.1.0.bn.bias'. See ednet.engine.trainer for customization of frozen layers.
WARNING ⚠️ setting 'requires_grad=True' for frozen layer 'model.29.cv3.0.1.1.conv.base.weight'. See ednet.engine.trainer for customization of frozen layers.
WARNING ⚠️ setting 'requires_grad=True' for frozen layer 'model.29.cv3.0.1.1.bn.weight'. See ednet.engine.trainer for customization of frozen layers.
WARNING ⚠️ setting 'requires_grad=True' for frozen layer 'model.29.cv3.0.1.1.bn.bias'. See ednet.engine.trainer for customization of frozen layers.
WARNING ⚠️ setting 'requires_grad=True' for frozen layer 'model.29.cv3.0.2.weight'. See ednet.engine.trainer for customization of frozen layers.
WARNING ⚠️ setting 'requires_grad=True' for frozen layer 'model.29.cv3.0.2.bias'. See ednet.engine.trainer for customization of frozen layers.
WARNING ⚠️ setting 'requires_grad=True' for frozen layer 'model.29.cv3.1.0.0.conv.weight'. See ednet.engine.trainer for customization of frozen layers.
WARNING ⚠️ setting 'requires_grad=True' for frozen layer 'model.29.cv3.1.0.0.bn.weight'. See ednet.engine.trainer for customization of frozen layers.
WARNING ⚠️ setting 'requires_grad=True' for frozen layer 'model.29.cv3.1.0.0.bn.bias'. See ednet.engine.trainer for customization of frozen layers.
WARNING ⚠️ setting 'requires_grad=True' for frozen layer 'model.29.cv3.1.0.1.conv.base.weight'. See ednet.engine.trainer for customization of frozen layers.
WARNING ⚠️ setting 'requires_grad=True' for frozen layer 'model.29.cv3.1.0.1.bn.weight'. See ednet.engine.trainer for customization of frozen layers.
WARNING ⚠️ setting 'requires_grad=True' for frozen layer 'model.29.cv3.1.0.1.bn.bias'. See ednet.engine.trainer for customization of frozen layers.
WARNING ⚠️ setting 'requires_grad=True' for frozen layer 'model.29.cv3.1.1.0.conv.weight'. See ednet.engine.trainer for customization of frozen layers.
WARNING ⚠️ setting 'requires_grad=True' for frozen layer 'model.29.cv3.1.1.0.bn.weight'. See ednet.engine.trainer for customization of frozen layers.
WARNING ⚠️ setting 'requires_grad=True' for frozen layer 'model.29.cv3.1.1.0.bn.bias'. See ednet.engine.trainer for customization of frozen layers.
WARNING ⚠️ setting 'requires_grad=True' for frozen layer 'model.29.cv3.1.1.1.conv.base.weight'. See ednet.engine.trainer for customization of frozen layers.
WARNING ⚠️ setting 'requires_grad=True' for frozen layer 'model.29.cv3.1.1.1.bn.weight'. See ednet.engine.trainer for customization of frozen layers.
WARNING ⚠️ setting 'requires_grad=True' for frozen layer 'model.29.cv3.1.1.1.bn.bias'. See ednet.engine.trainer for customization of frozen layers.
WARNING ⚠️ setting 'requires_grad=True' for frozen layer 'model.29.cv3.1.2.weight'. See ednet.engine.trainer for customization of frozen layers.
WARNING ⚠️ setting 'requires_grad=True' for frozen layer 'model.29.cv3.1.2.bias'. See ednet.engine.trainer for customization of frozen layers.
WARNING ⚠️ setting 'requires_grad=True' for frozen layer 'model.29.cv3.2.0.0.conv.weight'. See ednet.engine.trainer for customization of frozen layers.
WARNING ⚠️ setting 'requires_grad=True' for frozen layer 'model.29.cv3.2.0.0.bn.weight'. See ednet.engine.trainer for customization of frozen layers.
WARNING ⚠️ setting 'requires_grad=True' for frozen layer 'model.29.cv3.2.0.0.bn.bias'. See ednet.engine.trainer for customization of frozen layers.
WARNING ⚠️ setting 'requires_grad=True' for frozen layer 'model.29.cv3.2.0.1.conv.base.weight'. See ednet.engine.trainer for customization of frozen layers.
WARNING ⚠️ setting 'requires_grad=True' for frozen layer 'model.29.cv3.2.0.1.bn.weight'. See ednet.engine.trainer for customization of frozen layers.
WARNING ⚠️ setting 'requires_grad=True' for frozen layer 'model.29.cv3.2.0.1.bn.bias'. See ednet.engine.trainer for customization of frozen layers.
WARNING ⚠️ setting 'requires_grad=True' for frozen layer 'model.29.cv3.2.1.0.conv.weight'. See ednet.engine.trainer for customization of frozen layers.
WARNING ⚠️ setting 'requires_grad=True' for frozen layer 'model.29.cv3.2.1.0.bn.weight'. See ednet.engine.trainer for customization of frozen layers.
WARNING ⚠️ setting 'requires_grad=True' for frozen layer 'model.29.cv3.2.1.0.bn.bias'. See ednet.engine.trainer for customization of frozen layers.
WARNING ⚠️ setting 'requires_grad=True' for frozen layer 'model.29.cv3.2.1.1.conv.base.weight'. See ednet.engine.trainer for customization of frozen layers.
WARNING ⚠️ setting 'requires_grad=True' for frozen layer 'model.29.cv3.2.1.1.bn.weight'. See ednet.engine.trainer for customization of frozen layers.
WARNING ⚠️ setting 'requires_grad=True' for frozen layer 'model.29.cv3.2.1.1.bn.bias'. See ednet.engine.trainer for customization of frozen layers.
WARNING ⚠️ setting 'requires_grad=True' for frozen layer 'model.29.cv3.2.2.weight'. See ednet.engine.trainer for customization of frozen layers.
WARNING ⚠️ setting 'requires_grad=True' for frozen layer 'model.29.cv3.2.2.bias'. See ednet.engine.trainer for customization of frozen layers.
WARNING ⚠️ setting 'requires_grad=True' for frozen layer 'model.29.cv3.3.0.0.conv.weight'. See ednet.engine.trainer for customization of frozen layers.
WARNING ⚠️ setting 'requires_grad=True' for frozen layer 'model.29.cv3.3.0.0.bn.weight'. See ednet.engine.trainer for customization of frozen layers.
WARNING ⚠️ setting 'requires_grad=True' for frozen layer 'model.29.cv3.3.0.0.bn.bias'. See ednet.engine.trainer for customization of frozen layers.
WARNING ⚠️ setting 'requires_grad=True' for frozen layer 'model.29.cv3.3.0.1.conv.base.weight'. See ednet.engine.trainer for customization of frozen layers.
WARNING ⚠️ setting 'requires_grad=True' for frozen layer 'model.29.cv3.3.0.1.bn.weight'. See ednet.engine.trainer for customization of frozen layers.
WARNING ⚠️ setting 'requires_grad=True' for frozen layer 'model.29.cv3.3.0.1.bn.bias'. See ednet.engine.trainer for customization of frozen layers.
WARNING ⚠️ setting 'requires_grad=True' for frozen layer 'model.29.cv3.3.1.0.conv.weight'. See ednet.engine.trainer for customization of frozen layers.
WARNING ⚠️ setting 'requires_grad=True' for frozen layer 'model.29.cv3.3.1.0.bn.weight'. See ednet.engine.trainer for customization of frozen layers.
WARNING ⚠️ setting 'requires_grad=True' for frozen layer 'model.29.cv3.3.1.0.bn.bias'. See ednet.engine.trainer for customization of frozen layers.
WARNING ⚠️ setting 'requires_grad=True' for frozen layer 'model.29.cv3.3.1.1.conv.base.weight'. See ednet.engine.trainer for customization of frozen layers.
WARNING ⚠️ setting 'requires_grad=True' for frozen layer 'model.29.cv3.3.1.1.bn.weight'. See ednet.engine.trainer for customization of frozen layers.
WARNING ⚠️ setting 'requires_grad=True' for frozen layer 'model.29.cv3.3.1.1.bn.bias'. See ednet.engine.trainer for customization of frozen layers.
WARNING ⚠️ setting 'requires_grad=True' for frozen layer 'model.29.cv3.3.2.weight'. See ednet.engine.trainer for customization of frozen layers.
WARNING ⚠️ setting 'requires_grad=True' for frozen layer 'model.29.cv3.3.2.bias'. See ednet.engine.trainer for customization of frozen layers.
Freezing layer 'model.29.dfl.conv.weight'
WARNING ⚠️ setting 'requires_grad=True' for frozen layer 'model.29.one2one_cv2.0.0.conv.weight'. See ednet.engine.trainer for customization of frozen layers.
WARNING ⚠️ setting 'requires_grad=True' for frozen layer 'model.29.one2one_cv2.0.0.bn.weight'. See ednet.engine.trainer for customization of frozen layers.
WARNING ⚠️ setting 'requires_grad=True' for frozen layer 'model.29.one2one_cv2.0.0.bn.bias'. See ednet.engine.trainer for customization of frozen layers.
WARNING ⚠️ setting 'requires_grad=True' for frozen layer 'model.29.one2one_cv2.0.1.conv.weight'. See ednet.engine.trainer for customization of frozen layers.
WARNING ⚠️ setting 'requires_grad=True' for frozen layer 'model.29.one2one_cv2.0.1.bn.weight'. See ednet.engine.trainer for customization of frozen layers.
WARNING ⚠️ setting 'requires_grad=True' for frozen layer 'model.29.one2one_cv2.0.1.bn.bias'. See ednet.engine.trainer for customization of frozen layers.
WARNING ⚠️ setting 'requires_grad=True' for frozen layer 'model.29.one2one_cv2.0.2.weight'. See ednet.engine.trainer for customization of frozen layers.
WARNING ⚠️ setting 'requires_grad=True' for frozen layer 'model.29.one2one_cv2.0.2.bias'. See ednet.engine.trainer for customization of frozen layers.
WARNING ⚠️ setting 'requires_grad=True' for frozen layer 'model.29.one2one_cv2.1.0.conv.weight'. See ednet.engine.trainer for customization of frozen layers.
WARNING ⚠️ setting 'requires_grad=True' for frozen layer 'model.29.one2one_cv2.1.0.bn.weight'. See ednet.engine.trainer for customization of frozen layers.
WARNING ⚠️ setting 'requires_grad=True' for frozen layer 'model.29.one2one_cv2.1.0.bn.bias'. See ednet.engine.trainer for customization of frozen layers.
WARNING ⚠️ setting 'requires_grad=True' for frozen layer 'model.29.one2one_cv2.1.1.conv.weight'. See ednet.engine.trainer for customization of frozen layers.
WARNING ⚠️ setting 'requires_grad=True' for frozen layer 'model.29.one2one_cv2.1.1.bn.weight'. See ednet.engine.trainer for customization of frozen layers.
WARNING ⚠️ setting 'requires_grad=True' for frozen layer 'model.29.one2one_cv2.1.1.bn.bias'. See ednet.engine.trainer for customization of frozen layers.
WARNING ⚠️ setting 'requires_grad=True' for frozen layer 'model.29.one2one_cv2.1.2.weight'. See ednet.engine.trainer for customization of frozen layers.
WARNING ⚠️ setting 'requires_grad=True' for frozen layer 'model.29.one2one_cv2.1.2.bias'. See ednet.engine.trainer for customization of frozen layers.
WARNING ⚠️ setting 'requires_grad=True' for frozen layer 'model.29.one2one_cv2.2.0.conv.weight'. See ednet.engine.trainer for customization of frozen layers.
WARNING ⚠️ setting 'requires_grad=True' for frozen layer 'model.29.one2one_cv2.2.0.bn.weight'. See ednet.engine.trainer for customization of frozen layers.
WARNING ⚠️ setting 'requires_grad=True' for frozen layer 'model.29.one2one_cv2.2.0.bn.bias'. See ednet.engine.trainer for customization of frozen layers.
WARNING ⚠️ setting 'requires_grad=True' for frozen layer 'model.29.one2one_cv2.2.1.conv.weight'. See ednet.engine.trainer for customization of frozen layers.
WARNING ⚠️ setting 'requires_grad=True' for frozen layer 'model.29.one2one_cv2.2.1.bn.weight'. See ednet.engine.trainer for customization of frozen layers.
WARNING ⚠️ setting 'requires_grad=True' for frozen layer 'model.29.one2one_cv2.2.1.bn.bias'. See ednet.engine.trainer for customization of frozen layers.
WARNING ⚠️ setting 'requires_grad=True' for frozen layer 'model.29.one2one_cv2.2.2.weight'. See ednet.engine.trainer for customization of frozen layers.
WARNING ⚠️ setting 'requires_grad=True' for frozen layer 'model.29.one2one_cv2.2.2.bias'. See ednet.engine.trainer for customization of frozen layers.
WARNING ⚠️ setting 'requires_grad=True' for frozen layer 'model.29.one2one_cv2.3.0.conv.weight'. See ednet.engine.trainer for customization of frozen layers.
WARNING ⚠️ setting 'requires_grad=True' for frozen layer 'model.29.one2one_cv2.3.0.bn.weight'. See ednet.engine.trainer for customization of frozen layers.
WARNING ⚠️ setting 'requires_grad=True' for frozen layer 'model.29.one2one_cv2.3.0.bn.bias'. See ednet.engine.trainer for customization of frozen layers.
WARNING ⚠️ setting 'requires_grad=True' for frozen layer 'model.29.one2one_cv2.3.1.conv.weight'. See ednet.engine.trainer for customization of frozen layers.
WARNING ⚠️ setting 'requires_grad=True' for frozen layer 'model.29.one2one_cv2.3.1.bn.weight'. See ednet.engine.trainer for customization of frozen layers.
WARNING ⚠️ setting 'requires_grad=True' for frozen layer 'model.29.one2one_cv2.3.1.bn.bias'. See ednet.engine.trainer for customization of frozen layers.
WARNING ⚠️ setting 'requires_grad=True' for frozen layer 'model.29.one2one_cv2.3.2.weight'. See ednet.engine.trainer for customization of frozen layers.
WARNING ⚠️ setting 'requires_grad=True' for frozen layer 'model.29.one2one_cv2.3.2.bias'. See ednet.engine.trainer for customization of frozen layers.
WARNING ⚠️ setting 'requires_grad=True' for frozen layer 'model.29.one2one_cv3.0.0.0.conv.weight'. See ednet.engine.trainer for customization of frozen layers.
WARNING ⚠️ setting 'requires_grad=True' for frozen layer 'model.29.one2one_cv3.0.0.0.bn.weight'. See ednet.engine.trainer for customization of frozen layers.
WARNING ⚠️ setting 'requires_grad=True' for frozen layer 'model.29.one2one_cv3.0.0.0.bn.bias'. See ednet.engine.trainer for customization of frozen layers.
WARNING ⚠️ setting 'requires_grad=True' for frozen layer 'model.29.one2one_cv3.0.0.1.conv.weight'. See ednet.engine.trainer for customization of frozen layers.
WARNING ⚠️ setting 'requires_grad=True' for frozen layer 'model.29.one2one_cv3.0.0.1.bn.weight'. See ednet.engine.trainer for customization of frozen layers.
WARNING ⚠️ setting 'requires_grad=True' for frozen layer 'model.29.one2one_cv3.0.0.1.bn.bias'. See ednet.engine.trainer for customization of frozen layers.
WARNING ⚠️ setting 'requires_grad=True' for frozen layer 'model.29.one2one_cv3.0.1.0.conv.weight'. See ednet.engine.trainer for customization of frozen layers.
WARNING ⚠️ setting 'requires_grad=True' for frozen layer 'model.29.one2one_cv3.0.1.0.bn.weight'. See ednet.engine.trainer for customization of frozen layers.
WARNING ⚠️ setting 'requires_grad=True' for frozen layer 'model.29.one2one_cv3.0.1.0.bn.bias'. See ednet.engine.trainer for customization of frozen layers.
WARNING ⚠️ setting 'requires_grad=True' for frozen layer 'model.29.one2one_cv3.0.1.1.conv.weight'. See ednet.engine.trainer for customization of frozen layers.
WARNING ⚠️ setting 'requires_grad=True' for frozen layer 'model.29.one2one_cv3.0.1.1.bn.weight'. See ednet.engine.trainer for customization of frozen layers.
WARNING ⚠️ setting 'requires_grad=True' for frozen layer 'model.29.one2one_cv3.0.1.1.bn.bias'. See ednet.engine.trainer for customization of frozen layers.
WARNING ⚠️ setting 'requires_grad=True' for frozen layer 'model.29.one2one_cv3.0.2.weight'. See ednet.engine.trainer for customization of frozen layers.
WARNING ⚠️ setting 'requires_grad=True' for frozen layer 'model.29.one2one_cv3.0.2.bias'. See ednet.engine.trainer for customization of frozen layers.
WARNING ⚠️ setting 'requires_grad=True' for frozen layer 'model.29.one2one_cv3.1.0.0.conv.weight'. See ednet.engine.trainer for customization of frozen layers.
WARNING ⚠️ setting 'requires_grad=True' for frozen layer 'model.29.one2one_cv3.1.0.0.bn.weight'. See ednet.engine.trainer for customization of frozen layers.
WARNING ⚠️ setting 'requires_grad=True' for frozen layer 'model.29.one2one_cv3.1.0.0.bn.bias'. See ednet.engine.trainer for customization of frozen layers.
WARNING ⚠️ setting 'requires_grad=True' for frozen layer 'model.29.one2one_cv3.1.0.1.conv.weight'. See ednet.engine.trainer for customization of frozen layers.
WARNING ⚠️ setting 'requires_grad=True' for frozen layer 'model.29.one2one_cv3.1.0.1.bn.weight'. See ednet.engine.trainer for customization of frozen layers.
WARNING ⚠️ setting 'requires_grad=True' for frozen layer 'model.29.one2one_cv3.1.0.1.bn.bias'. See ednet.engine.trainer for customization of frozen layers.
WARNING ⚠️ setting 'requires_grad=True' for frozen layer 'model.29.one2one_cv3.1.1.0.conv.weight'. See ednet.engine.trainer for customization of frozen layers.
WARNING ⚠️ setting 'requires_grad=True' for frozen layer 'model.29.one2one_cv3.1.1.0.bn.weight'. See ednet.engine.trainer for customization of frozen layers.
WARNING ⚠️ setting 'requires_grad=True' for frozen layer 'model.29.one2one_cv3.1.1.0.bn.bias'. See ednet.engine.trainer for customization of frozen layers.
WARNING ⚠️ setting 'requires_grad=True' for frozen layer 'model.29.one2one_cv3.1.1.1.conv.weight'. See ednet.engine.trainer for customization of frozen layers.
WARNING ⚠️ setting 'requires_grad=True' for frozen layer 'model.29.one2one_cv3.1.1.1.bn.weight'. See ednet.engine.trainer for customization of frozen layers.
WARNING ⚠️ setting 'requires_grad=True' for frozen layer 'model.29.one2one_cv3.1.1.1.bn.bias'. See ednet.engine.trainer for customization of frozen layers.
WARNING ⚠️ setting 'requires_grad=True' for frozen layer 'model.29.one2one_cv3.1.2.weight'. See ednet.engine.trainer for customization of frozen layers.
WARNING ⚠️ setting 'requires_grad=True' for frozen layer 'model.29.one2one_cv3.1.2.bias'. See ednet.engine.trainer for customization of frozen layers.
WARNING ⚠️ setting 'requires_grad=True' for frozen layer 'model.29.one2one_cv3.2.0.0.conv.weight'. See ednet.engine.trainer for customization of frozen layers.
WARNING ⚠️ setting 'requires_grad=True' for frozen layer 'model.29.one2one_cv3.2.0.0.bn.weight'. See ednet.engine.trainer for customization of frozen layers.
WARNING ⚠️ setting 'requires_grad=True' for frozen layer 'model.29.one2one_cv3.2.0.0.bn.bias'. See ednet.engine.trainer for customization of frozen layers.
WARNING ⚠️ setting 'requires_grad=True' for frozen layer 'model.29.one2one_cv3.2.0.1.conv.weight'. See ednet.engine.trainer for customization of frozen layers.
WARNING ⚠️ setting 'requires_grad=True' for frozen layer 'model.29.one2one_cv3.2.0.1.bn.weight'. See ednet.engine.trainer for customization of frozen layers.
WARNING ⚠️ setting 'requires_grad=True' for frozen layer 'model.29.one2one_cv3.2.0.1.bn.bias'. See ednet.engine.trainer for customization of frozen layers.
WARNING ⚠️ setting 'requires_grad=True' for frozen layer 'model.29.one2one_cv3.2.1.0.conv.weight'. See ednet.engine.trainer for customization of frozen layers.
WARNING ⚠️ setting 'requires_grad=True' for frozen layer 'model.29.one2one_cv3.2.1.0.bn.weight'. See ednet.engine.trainer for customization of frozen layers.
WARNING ⚠️ setting 'requires_grad=True' for frozen layer 'model.29.one2one_cv3.2.1.0.bn.bias'. See ednet.engine.trainer for customization of frozen layers.
WARNING ⚠️ setting 'requires_grad=True' for frozen layer 'model.29.one2one_cv3.2.1.1.conv.weight'. See ednet.engine.trainer for customization of frozen layers.
WARNING ⚠️ setting 'requires_grad=True' for frozen layer 'model.29.one2one_cv3.2.1.1.bn.weight'. See ednet.engine.trainer for customization of frozen layers.
WARNING ⚠️ setting 'requires_grad=True' for frozen layer 'model.29.one2one_cv3.2.1.1.bn.bias'. See ednet.engine.trainer for customization of frozen layers.
WARNING ⚠️ setting 'requires_grad=True' for frozen layer 'model.29.one2one_cv3.2.2.weight'. See ednet.engine.trainer for customization of frozen layers.
WARNING ⚠️ setting 'requires_grad=True' for frozen layer 'model.29.one2one_cv3.2.2.bias'. See ednet.engine.trainer for customization of frozen layers.
WARNING ⚠️ setting 'requires_grad=True' for frozen layer 'model.29.one2one_cv3.3.0.0.conv.weight'. See ednet.engine.trainer for customization of frozen layers.
WARNING ⚠️ setting 'requires_grad=True' for frozen layer 'model.29.one2one_cv3.3.0.0.bn.weight'. See ednet.engine.trainer for customization of frozen layers.
WARNING ⚠️ setting 'requires_grad=True' for frozen layer 'model.29.one2one_cv3.3.0.0.bn.bias'. See ednet.engine.trainer for customization of frozen layers.
WARNING ⚠️ setting 'requires_grad=True' for frozen layer 'model.29.one2one_cv3.3.0.1.conv.weight'. See ednet.engine.trainer for customization of frozen layers.
WARNING ⚠️ setting 'requires_grad=True' for frozen layer 'model.29.one2one_cv3.3.0.1.bn.weight'. See ednet.engine.trainer for customization of frozen layers.
WARNING ⚠️ setting 'requires_grad=True' for frozen layer 'model.29.one2one_cv3.3.0.1.bn.bias'. See ednet.engine.trainer for customization of frozen layers.
WARNING ⚠️ setting 'requires_grad=True' for frozen layer 'model.29.one2one_cv3.3.1.0.conv.weight'. See ednet.engine.trainer for customization of frozen layers.
WARNING ⚠️ setting 'requires_grad=True' for frozen layer 'model.29.one2one_cv3.3.1.0.bn.weight'. See ednet.engine.trainer for customization of frozen layers.
WARNING ⚠️ setting 'requires_grad=True' for frozen layer 'model.29.one2one_cv3.3.1.0.bn.bias'. See ednet.engine.trainer for customization of frozen layers.
WARNING ⚠️ setting 'requires_grad=True' for frozen layer 'model.29.one2one_cv3.3.1.1.conv.weight'. See ednet.engine.trainer for customization of frozen layers.
WARNING ⚠️ setting 'requires_grad=True' for frozen layer 'model.29.one2one_cv3.3.1.1.bn.weight'. See ednet.engine.trainer for customization of frozen layers.
WARNING ⚠️ setting 'requires_grad=True' for frozen layer 'model.29.one2one_cv3.3.1.1.bn.bias'. See ednet.engine.trainer for customization of frozen layers.
WARNING ⚠️ setting 'requires_grad=True' for frozen layer 'model.29.one2one_cv3.3.2.weight'. See ednet.engine.trainer for customization of frozen layers.
WARNING ⚠️ setting 'requires_grad=True' for frozen layer 'model.29.one2one_cv3.3.2.bias'. See ednet.engine.trainer for customization of frozen layers.
[34m[1mAMP: [0mrunning Automatic Mixed Precision (AMP) checks with YOLOv8n...
[34m[1mAMP: [0mchecks passed ✅
Plotting labels to /home/ddwilde/scriptie/runs/dota_saab/stage1-saab5/labels.jpg... 
[34m[1moptimizer:[0m 'optimizer=auto' found, ignoring 'lr0=0.01' and 'momentum=0.937' and determining best 'optimizer', 'lr0' and 'momentum' automatically... 
[34m[1moptimizer:[0m AdamW(lr=0.000526, momentum=0.9) with parameter groups 117 weight(decay=0.0), 202 weight(decay=0.0005), 139 bias(decay=0.0)
Skipping fusion for LoRA-wrapped layer Conv
Skipping fusion for LoRA-wrapped layer Conv
Skipping fusion for LoRA-wrapped layer Conv
Skipping fusion for LoRA-wrapped layer Conv
Skipping fusion for LoRA-wrapped layer Conv
Skipping fusion for LoRA-wrapped layer Conv
Skipping fusion for LoRA-wrapped layer Conv
Skipping fusion for LoRA-wrapped layer Conv
Skipping fusion for LoRA-wrapped layer Conv
Skipping fusion for LoRA-wrapped layer Conv
Skipping fusion for LoRA-wrapped layer Conv
Skipping fusion for LoRA-wrapped layer Conv
Skipping fusion for LoRA-wrapped layer Conv
Skipping fusion for LoRA-wrapped layer Conv
Skipping fusion for LoRA-wrapped layer Conv
Skipping fusion for LoRA-wrapped layer Conv
Skipping fusion for LoRA-wrapped layer Conv
Skipping fusion for LoRA-wrapped layer Conv
Skipping fusion for LoRA-wrapped layer Conv
Skipping fusion for LoRA-wrapped layer Conv
Skipping fusion for LoRA-wrapped layer Conv
Skipping fusion for LoRA-wrapped layer Conv
Skipping fusion for LoRA-wrapped layer Conv
Skipping fusion for LoRA-wrapped layer Conv
Skipping fusion for LoRA-wrapped layer Conv
Skipping fusion for LoRA-wrapped layer Conv
Skipping fusion for LoRA-wrapped layer Conv
Skipping fusion for LoRA-wrapped layer Conv
[34m[1mTensorBoard: [0mmodel graph visualization added ✅
Image sizes 640 train, 640 val
Using 8 dataloader workers
Logging results to [1m/home/ddwilde/scriptie/runs/dota_saab/stage1-saab5[0m
Starting training for 5 epochs...

      Epoch    GPU_mem   box_loss   cls_loss   dfl_loss  Instances       Size
Replay tap positives before filter=2375 after=2365
Current items collected: 512
Replay tap P3: count=444 mean_norm=10.4933 max_norm=18.9668
Replay tap P4: count=68 mean_norm=6.5273 max_norm=8.2346
Replay tap positives before filter=906 after=906
Current items collected: 180
Replay tap P3: count=151 mean_norm=10.7227 max_norm=20.0954
Replay tap P4: count=29 mean_norm=6.4831 max_norm=7.9273
Replay tap positives before filter=588 after=588
Current items collected: 120
Replay tap P3: count=113 mean_norm=14.0951 max_norm=22.8439
Replay tap P4: count=7 mean_norm=6.5121 max_norm=7.8480
Replay tap positives before filter=617 after=617
Current items collected: 163
Replay tap P3: count=163 mean_norm=12.0235 max_norm=27.5465
Replay tap positives before filter=415 after=415
Current items collected: 89
Replay tap P3: count=87 mean_norm=14.7435 max_norm=21.6731
Replay tap P4: count=2 mean_norm=6.5855 max_norm=6.9089
Replay tap positives before filter=2882 after=2882
Current items collected: 582
Replay tap P3: count=574 mean_norm=11.8562 max_norm=22.2098
Replay tap P4: count=8 mean_norm=6.2430 max_norm=7.0943
Replay tap positives before filter=1114 after=1114
Current items collected: 170
Replay tap P3: count=162 mean_norm=13.3626 max_norm=30.6550
Replay tap P4: count=8 mean_norm=6.7400 max_norm=8.6513
Replay tap positives before filter=3976 after=3976
Current items collected: 880
Replay tap P3: count=829 mean_norm=11.1224 max_norm=23.5883
Replay tap P4: count=51 mean_norm=6.6727 max_norm=8.3206
Replay tap positives before filter=3737 after=3737
Current items collected: 695
Replay tap P3: count=642 mean_norm=12.2663 max_norm=23.3157
Replay tap P4: count=53 mean_norm=6.7289 max_norm=8.2647
Replay tap positives before filter=586 after=586
Current items collected: 109
Replay tap P3: count=106 mean_norm=13.6948 max_norm=23.4483
Replay tap P4: count=3 mean_norm=5.8851 max_norm=6.8479
Replay tap positives before filter=3358 after=3358
Current items collected: 732
Replay tap P3: count=714 mean_norm=12.3458 max_norm=24.7042
Replay tap P4: count=18 mean_norm=6.7723 max_norm=8.4261
Replay tap positives before filter=343 after=343
Current items collected: 72
Replay tap P3: count=68 mean_norm=11.5701 max_norm=18.7106
Replay tap P4: count=4 mean_norm=5.3656 max_norm=6.0506
Replay tap positives before filter=2807 after=2807
Current items collected: 554
Replay tap P3: count=521 mean_norm=13.7094 max_norm=23.2263
Replay tap P4: count=33 mean_norm=6.4228 max_norm=7.8875
Replay tap positives before filter=1725 after=1725
Current items collected: 311
Replay tap P3: count=305 mean_norm=12.2822 max_norm=31.9138
Replay tap P4: count=6 mean_norm=6.6637 max_norm=8.2557
Replay tap positives before filter=90 after=90
Current items collected: 25
Replay tap P3: count=24 mean_norm=5.8825 max_norm=11.3381
Replay tap P4: count=1 mean_norm=6.1824 max_norm=6.1824
Replay tap positives before filter=1819 after=1819
Current items collected: 394
Replay tap P3: count=375 mean_norm=12.1186 max_norm=21.7727
Replay tap P4: count=19 mean_norm=6.4987 max_norm=7.4598
Replay tap positives before filter=3165 after=3165
Current items collected: 690
Replay tap P3: count=633 mean_norm=11.5967 max_norm=37.5244
Replay tap P4: count=57 mean_norm=6.6006 max_norm=8.2950
Replay tap positives before filter=1009 after=1009
Current items collected: 234
Replay tap P3: count=204 mean_norm=13.1914 max_norm=21.2863
Replay tap P4: count=30 mean_norm=6.4814 max_norm=7.7980
Replay tap positives before filter=1256 after=1256
Current items collected: 231
Replay tap P3: count=223 mean_norm=11.4601 max_norm=21.5059
Replay tap P4: count=8 mean_norm=6.5966 max_norm=7.4448
Replay tap positives before filter=2996 after=2996
Current items collected: 527
Replay tap P3: count=517 mean_norm=14.7799 max_norm=36.4044
Replay tap P4: count=10 mean_norm=6.2637 max_norm=7.3376
Replay tap positives before filter=641 after=641
Current items collected: 95
Replay tap P3: count=87 mean_norm=12.5084 max_norm=22.0954
Replay tap P4: count=8 mean_norm=6.6466 max_norm=7.0600
Replay tap positives before filter=7386 after=7386
Current items collected: 1281
Replay tap P3: count=1215 mean_norm=10.5088 max_norm=22.3235
Replay tap P4: count=66 mean_norm=6.6622 max_norm=9.7233
Replay tap positives before filter=1763 after=1763
Current items collected: 270
Replay tap P3: count=269 mean_norm=11.2776 max_norm=21.6983
Replay tap P4: count=1 mean_norm=7.5092 max_norm=7.5092
Replay tap positives before filter=1867 after=1867
Current items collected: 368
Replay tap P3: count=363 mean_norm=13.3336 max_norm=22.2054
Replay tap P4: count=5 mean_norm=6.3120 max_norm=6.6944
Replay tap positives before filter=1212 after=1212
Current items collected: 270
Replay tap P3: count=242 mean_norm=9.3810 max_norm=17.7052
Replay tap P4: count=28 mean_norm=6.6969 max_norm=7.9914
Replay tap positives before filter=1610 after=1600
Current items collected: 244
Replay tap P3: count=242 mean_norm=13.2378 max_norm=23.7987
Replay tap P4: count=2 mean_norm=6.3620 max_norm=6.8036
Replay tap positives before filter=1405 after=1405
Current items collected: 332
Replay tap P3: count=314 mean_norm=11.5758 max_norm=24.2686
Replay tap P4: count=18 mean_norm=6.4342 max_norm=8.1488
Replay tap positives before filter=1991 after=1991
Current items collected: 339
Replay tap P3: count=330 mean_norm=11.8820 max_norm=21.6387
Replay tap P4: count=9 mean_norm=6.3487 max_norm=7.4312
Replay tap positives before filter=384 after=384
Current items collected: 65
Replay tap P3: count=65 mean_norm=12.0698 max_norm=18.7027
Replay tap positives before filter=1298 after=1298
Current items collected: 233
Replay tap P3: count=222 mean_norm=13.5609 max_norm=22.1786
Replay tap P4: count=11 mean_norm=6.4431 max_norm=6.9751
Replay tap positives before filter=1097 after=1097
Current items collected: 152
Replay tap P3: count=149 mean_norm=12.8955 max_norm=19.9371
Replay tap P4: count=3 mean_norm=7.0743 max_norm=7.1526
Replay tap positives before filter=539 after=539
Current items collected: 81
Replay tap P3: count=78 mean_norm=10.1446 max_norm=20.6411
Replay tap P4: count=3 mean_norm=6.5246 max_norm=6.9183
Replay tap positives before filter=1528 after=1528
Current items collected: 307
Replay tap P3: count=302 mean_norm=12.9673 max_norm=23.2589
Replay tap P4: count=5 mean_norm=6.2398 max_norm=6.5295
Replay tap positives before filter=2825 after=2815
Current items collected: 556
Replay tap P3: count=506 mean_norm=12.5650 max_norm=21.8349
Replay tap P4: count=50 mean_norm=6.3189 max_norm=8.0761
Replay tap positives before filter=724 after=724
Current items collected: 144
Replay tap P3: count=131 mean_norm=12.6923 max_norm=21.3056
Replay tap P4: count=13 mean_norm=6.2740 max_norm=7.3058
Replay tap positives before filter=1898 after=1898
Current items collected: 232
Replay tap P3: count=225 mean_norm=11.3319 max_norm=34.1175
Replay tap P4: count=7 mean_norm=6.9052 max_norm=7.4233
Replay tap positives before filter=2934 after=2934
Current items collected: 517
Replay tap P3: count=488 mean_norm=12.7525 max_norm=23.1131
Replay tap P4: count=29 mean_norm=6.6839 max_norm=8.5946
Replay tap positives before filter=2247 after=2247
Current items collected: 414
Replay tap P3: count=380 mean_norm=12.4565 max_norm=26.5568
Replay tap P4: count=34 mean_norm=6.5102 max_norm=8.1058
Replay tap positives before filter=757 after=757
Current items collected: 129
Replay tap P3: count=112 mean_norm=12.0785 max_norm=18.6017
Replay tap P4: count=17 mean_norm=6.6284 max_norm=8.3062
Replay tap positives before filter=1603 after=1603
Current items collected: 377
Replay tap P3: count=366 mean_norm=12.3206 max_norm=22.3486
Replay tap P4: count=11 mean_norm=7.2282 max_norm=7.8362
Replay tap positives before filter=1918 after=1908
Current items collected: 379
Replay tap P3: count=352 mean_norm=13.5418 max_norm=24.8795
Replay tap P4: count=27 mean_norm=6.6211 max_norm=7.9448
Replay tap positives before filter=2700 after=2700
Current items collected: 474
Replay tap P3: count=461 mean_norm=12.4189 max_norm=22.9090
Replay tap P4: count=13 mean_norm=6.5588 max_norm=8.3323
Replay tap positives before filter=1288 after=1288
Current items collected: 252
Replay tap P3: count=243 mean_norm=12.8786 max_norm=23.1871
Replay tap P4: count=9 mean_norm=5.8736 max_norm=6.7327
Replay tap positives before filter=1064 after=1064
Current items collected: 195
Replay tap P3: count=193 mean_norm=13.3893 max_norm=25.5895
Replay tap P4: count=2 mean_norm=6.1285 max_norm=6.2556
Replay tap positives before filter=1130 after=1130
Current items collected: 169
Replay tap P3: count=162 mean_norm=13.5814 max_norm=21.9588
Replay tap P4: count=7 mean_norm=6.4269 max_norm=7.4602
Replay tap positives before filter=4571 after=4571
Current items collected: 830
Replay tap P3: count=778 mean_norm=12.5197 max_norm=23.4785
Replay tap P4: count=52 mean_norm=6.5845 max_norm=8.1201
Replay tap positives before filter=3705 after=3705
Current items collected: 844
Replay tap P3: count=745 mean_norm=14.8943 max_norm=23.6170
Replay tap P4: count=99 mean_norm=6.7128 max_norm=9.4371
Replay tap positives before filter=1757 after=1757
Current items collected: 367
Replay tap P3: count=351 mean_norm=12.2168 max_norm=24.6911
Replay tap P4: count=16 mean_norm=6.3133 max_norm=7.5524
Replay tap positives before filter=1101 after=1101
Current items collected: 209
Replay tap P3: count=195 mean_norm=12.6518 max_norm=52.3403
Replay tap P4: count=14 mean_norm=6.9834 max_norm=8.6618
Replay tap positives before filter=1231 after=1231
Current items collected: 238
Replay tap P3: count=221 mean_norm=14.4565 max_norm=24.7635
Replay tap P4: count=17 mean_norm=5.5664 max_norm=7.2266
Replay tap positives before filter=1522 after=1522
Current items collected: 163
Replay tap P3: count=156 mean_norm=14.7707 max_norm=24.7462
Replay tap P4: count=7 mean_norm=7.0791 max_norm=8.0275
Replay tap positives before filter=3729 after=3729
Current items collected: 657
Replay tap P3: count=617 mean_norm=12.8106 max_norm=20.8520
Replay tap P4: count=40 mean_norm=6.8254 max_norm=10.5476
Replay tap positives before filter=2176 after=2176
Current items collected: 427
Replay tap P3: count=405 mean_norm=15.7154 max_norm=26.2716
Replay tap P4: count=22 mean_norm=6.6618 max_norm=8.1999
Replay tap positives before filter=4487 after=4487
Current items collected: 855
Replay tap P3: count=827 mean_norm=11.5429 max_norm=23.1870
Replay tap P4: count=28 mean_norm=6.7379 max_norm=8.2590
Replay tap positives before filter=1476 after=1476
Current items collected: 310
Replay tap P3: count=286 mean_norm=13.1151 max_norm=24.2897
Replay tap P4: count=24 mean_norm=6.6317 max_norm=8.0754
Replay tap positives before filter=3453 after=3453
Current items collected: 564
Replay tap P3: count=507 mean_norm=13.0263 max_norm=24.4570
Replay tap P4: count=57 mean_norm=6.7392 max_norm=8.7032
Replay tap positives before filter=1046 after=1046
Current items collected: 161
Replay tap P3: count=151 mean_norm=13.6905 max_norm=24.1866
Replay tap P4: count=10 mean_norm=6.3285 max_norm=7.2326
Replay tap positives before filter=3433 after=3433
Current items collected: 570
Replay tap P3: count=536 mean_norm=13.2844 max_norm=37.4447
Replay tap P4: count=34 mean_norm=6.4604 max_norm=7.7728
Replay tap positives before filter=4287 after=4287
Current items collected: 969
Replay tap P3: count=914 mean_norm=13.0307 max_norm=33.5423
Replay tap P4: count=55 mean_norm=6.5906 max_norm=9.3054
Replay tap positives before filter=2809 after=2809
Current items collected: 687
Replay tap P3: count=682 mean_norm=14.5453 max_norm=35.5207
Replay tap P4: count=5 mean_norm=6.7543 max_norm=8.5383
Replay tap positives before filter=1294 after=1294
Current items collected: 147
Replay tap P3: count=146 mean_norm=11.9928 max_norm=19.7994
Replay tap P4: count=1 mean_norm=5.9493 max_norm=5.9493
Replay tap positives before filter=1690 after=1690
Current items collected: 343
Replay tap P3: count=333 mean_norm=14.5512 max_norm=26.5398
Replay tap P4: count=10 mean_norm=7.3634 max_norm=9.2707
Replay tap positives before filter=1612 after=1612
Current items collected: 236
Replay tap P3: count=223 mean_norm=15.6554 max_norm=26.4985
Replay tap P4: count=13 mean_norm=6.4674 max_norm=8.1652
Replay tap positives before filter=1550 after=1550
Current items collected: 284
Replay tap P3: count=266 mean_norm=15.3522 max_norm=23.5643
Replay tap P4: count=18 mean_norm=6.3352 max_norm=7.9583
Replay tap positives before filter=2383 after=2383
Current items collected: 446
Replay tap P3: count=410 mean_norm=13.6800 max_norm=24.4416
Replay tap P4: count=36 mean_norm=6.9004 max_norm=9.1040
Replay tap positives before filter=5611 after=5611
Current items collected: 966
Replay tap P3: count=927 mean_norm=13.6272 max_norm=24.2989
Replay tap P4: count=39 mean_norm=6.8798 max_norm=8.4966
Replay tap positives before filter=2963 after=2953
Current items collected: 566
Replay tap P3: count=550 mean_norm=15.5954 max_norm=28.0349
Replay tap P4: count=16 mean_norm=6.4891 max_norm=8.6948
Replay tap positives before filter=1425 after=1425
Current items collected: 176
Replay tap P3: count=165 mean_norm=15.1957 max_norm=30.1494
Replay tap P4: count=11 mean_norm=6.4366 max_norm=7.3406
Replay tap positives before filter=1152 after=1152
Current items collected: 258
Replay tap P3: count=241 mean_norm=14.9213 max_norm=23.5705
Replay tap P4: count=17 mean_norm=6.6787 max_norm=7.9441
Replay tap positives before filter=4827 after=4827
Current items collected: 816
Replay tap P3: count=771 mean_norm=13.5080 max_norm=25.0785
Replay tap P4: count=45 mean_norm=6.7100 max_norm=9.9083
Replay tap positives before filter=1484 after=1484
Current items collected: 283
Replay tap P3: count=276 mean_norm=13.9907 max_norm=26.8992
Replay tap P4: count=7 mean_norm=6.1122 max_norm=7.0741
Replay tap positives before filter=1057 after=1057
Current items collected: 196
Replay tap P3: count=179 mean_norm=15.4144 max_norm=26.0387
Replay tap P4: count=17 mean_norm=6.6958 max_norm=9.1592
Replay tap positives before filter=2629 after=2629
Current items collected: 452
Replay tap P3: count=423 mean_norm=14.9765 max_norm=30.3698
Replay tap P4: count=29 mean_norm=6.8729 max_norm=8.8743
Replay tap positives before filter=1557 after=1557
Current items collected: 234
Replay tap P3: count=227 mean_norm=15.5918 max_norm=26.1566
Replay tap P4: count=7 mean_norm=6.7037 max_norm=7.1120
Replay tap positives before filter=937 after=937
Current items collected: 124
Replay tap P3: count=115 mean_norm=13.9560 max_norm=24.4959
Replay tap P4: count=9 mean_norm=6.6056 max_norm=7.3145
Replay tap positives before filter=2345 after=2345
Current items collected: 441
Replay tap P3: count=419 mean_norm=16.7287 max_norm=29.0031
Replay tap P4: count=22 mean_norm=6.9924 max_norm=9.1286
Replay tap positives before filter=1613 after=1613
Current items collected: 376
Replay tap P3: count=371 mean_norm=11.6193 max_norm=29.6551
Replay tap P4: count=5 mean_norm=6.5363 max_norm=6.8796
Replay tap positives before filter=2024 after=2024
Current items collected: 382
Replay tap P3: count=352 mean_norm=15.3687 max_norm=27.7518
Replay tap P4: count=30 mean_norm=6.5252 max_norm=8.0440
Replay tap positives before filter=3451 after=3451
Current items collected: 739
Replay tap P3: count=706 mean_norm=14.3513 max_norm=28.4291
Replay tap P4: count=33 mean_norm=6.8576 max_norm=8.0419
Replay tap positives before filter=1755 after=1755
Current items collected: 287
Replay tap P3: count=254 mean_norm=17.0276 max_norm=32.7336
Replay tap P4: count=33 mean_norm=7.1906 max_norm=10.6143
Replay tap positives before filter=2594 after=2594
Current items collected: 445
Replay tap P3: count=415 mean_norm=13.6102 max_norm=23.6503
Replay tap P4: count=30 mean_norm=7.2189 max_norm=9.0362
Replay tap positives before filter=1479 after=1479
Current items collected: 253
Replay tap P3: count=240 mean_norm=16.0706 max_norm=25.4364
Replay tap P4: count=13 mean_norm=6.8871 max_norm=8.7727
Replay tap positives before filter=2203 after=2203
Current items collected: 457
Replay tap P3: count=400 mean_norm=16.5664 max_norm=29.6230
Replay tap P4: count=57 mean_norm=6.8289 max_norm=10.1887
Replay tap positives before filter=872 after=872
Current items collected: 99
Replay tap P3: count=98 mean_norm=17.9877 max_norm=34.5027
Replay tap P4: count=1 mean_norm=7.0623 max_norm=7.0623
Replay tap positives before filter=2435 after=2435
Current items collected: 534
Replay tap P3: count=459 mean_norm=19.8558 max_norm=29.5819
Replay tap P4: count=75 mean_norm=7.1694 max_norm=12.3483
Replay tap positives before filter=2197 after=2197
Current items collected: 428
Replay tap P3: count=400 mean_norm=15.6576 max_norm=29.9437
Replay tap P4: count=28 mean_norm=7.2234 max_norm=9.7116
Replay tap positives before filter=2147 after=2147
Current items collected: 379
Replay tap P3: count=356 mean_norm=13.7749 max_norm=25.0076
Replay tap P4: count=23 mean_norm=6.6589 max_norm=8.8030
Replay tap positives before filter=6550 after=6550
Current items collected: 1370
Replay tap P3: count=1256 mean_norm=12.7837 max_norm=30.8553
Replay tap P4: count=114 mean_norm=7.1206 max_norm=11.9323
Replay tap positives before filter=731 after=731
Current items collected: 122
Replay tap P3: count=119 mean_norm=19.8117 max_norm=33.0218
Replay tap P4: count=3 mean_norm=6.5622 max_norm=7.5164
Replay tap positives before filter=1221 after=1221
Current items collected: 141
Replay tap P3: count=132 mean_norm=17.6582 max_norm=30.2250
Replay tap P4: count=9 mean_norm=6.9835 max_norm=7.7114
Replay tap positives before filter=383 after=383
Current items collected: 97
Replay tap P3: count=96 mean_norm=18.1889 max_norm=31.4597
Replay tap P4: count=1 mean_norm=4.2459 max_norm=4.2459
Replay tap positives before filter=1920 after=1920
Current items collected: 358
Replay tap P3: count=344 mean_norm=16.8878 max_norm=29.2223
Replay tap P4: count=14 mean_norm=7.3574 max_norm=9.5319
Replay tap positives before filter=1189 after=1189
Current items collected: 205
Replay tap P3: count=201 mean_norm=13.4580 max_norm=36.5876
Replay tap P4: count=4 mean_norm=6.6282 max_norm=6.9654
Replay tap positives before filter=4443 after=4443
Current items collected: 918
Replay tap P3: count=857 mean_norm=15.1245 max_norm=30.7601
Replay tap P4: count=61 mean_norm=7.0936 max_norm=9.1296
Replay tap positives before filter=1633 after=1633
Current items collected: 314
Replay tap P3: count=301 mean_norm=15.5902 max_norm=28.0810
Replay tap P4: count=13 mean_norm=7.0813 max_norm=9.3937
Replay tap positives before filter=432 after=432
Current items collected: 48
Replay tap P3: count=47 mean_norm=12.5237 max_norm=22.9140
Replay tap P4: count=1 mean_norm=4.9046 max_norm=4.9046
Replay tap positives before filter=1979 after=1979
Current items collected: 293
Replay tap P3: count=274 mean_norm=17.2190 max_norm=30.3853
Replay tap P4: count=19 mean_norm=6.9122 max_norm=9.2311
Replay tap positives before filter=550 after=550
Current items collected: 42
Replay tap P3: count=42 mean_norm=12.9563 max_norm=30.0104
Replay tap positives before filter=1761 after=1761
Current items collected: 328
Replay tap P3: count=326 mean_norm=15.3625 max_norm=36.2117
Replay tap P4: count=2 mean_norm=6.3176 max_norm=6.9864
Replay tap positives before filter=3999 after=3999
Current items collected: 751
Replay tap P3: count=651 mean_norm=16.6740 max_norm=33.2909
Replay tap P4: count=100 mean_norm=7.4775 max_norm=9.6887
Replay tap positives before filter=1838 after=1838
Current items collected: 298
Replay tap P3: count=272 mean_norm=17.8597 max_norm=31.5717
Replay tap P4: count=26 mean_norm=6.8432 max_norm=8.2094
Replay tap positives before filter=907 after=907
Current items collected: 192
Replay tap P3: count=184 mean_norm=15.3975 max_norm=27.9679
Replay tap P4: count=8 mean_norm=6.1377 max_norm=7.1775
Replay tap positives before filter=2318 after=2318
Current items collected: 339
Replay tap P3: count=315 mean_norm=18.2078 max_norm=33.6898
Replay tap P4: count=24 mean_norm=7.2802 max_norm=9.7987
Replay tap positives before filter=6852 after=6852
Current items collected: 1467
Replay tap P3: count=1451 mean_norm=15.2489 max_norm=26.6538
Replay tap P4: count=16 mean_norm=6.5200 max_norm=8.0345
Replay tap positives before filter=3269 after=3269
Current items collected: 488
Replay tap P3: count=460 mean_norm=18.2426 max_norm=36.8605
Replay tap P4: count=28 mean_norm=6.5619 max_norm=8.6563
Replay tap positives before filter=258 after=258
Current items collected: 37
Replay tap P3: count=34 mean_norm=15.2681 max_norm=29.8615
Replay tap P4: count=3 mean_norm=7.0949 max_norm=8.1874
Replay tap positives before filter=1224 after=1224
Current items collected: 242
Replay tap P3: count=218 mean_norm=19.6416 max_norm=36.9764
Replay tap P4: count=24 mean_norm=7.3085 max_norm=10.1243
Replay tap positives before filter=2542 after=2542
Current items collected: 440
Replay tap P3: count=434 mean_norm=19.6980 max_norm=38.6952
Replay tap P4: count=6 mean_norm=7.2267 max_norm=7.9334
Replay tap positives before filter=2305 after=2305
Current items collected: 571
Replay tap P3: count=569 mean_norm=16.8080 max_norm=40.0613
Replay tap P4: count=2 mean_norm=7.5161 max_norm=7.9147
Replay tap positives before filter=2571 after=2571
Current items collected: 336
Replay tap P3: count=326 mean_norm=20.3182 max_norm=41.3973
Replay tap P4: count=10 mean_norm=6.5551 max_norm=7.7805
Replay tap positives before filter=2617 after=2617
Current items collected: 497
Replay tap P3: count=456 mean_norm=15.7484 max_norm=37.9794
Replay tap P4: count=41 mean_norm=6.8746 max_norm=9.2896
Replay tap positives before filter=1449 after=1449
Current items collected: 293
Replay tap P3: count=266 mean_norm=21.7481 max_norm=39.5527
Replay tap P4: count=27 mean_norm=6.3048 max_norm=8.0788
Replay tap positives before filter=4843 after=4843
Current items collected: 905
Replay tap P3: count=841 mean_norm=16.9756 max_norm=37.5331
Replay tap P4: count=64 mean_norm=6.9683 max_norm=9.6195
Replay tap positives before filter=2856 after=2856
Current items collected: 413
Replay tap P3: count=384 mean_norm=20.8114 max_norm=44.3758
Replay tap P4: count=29 mean_norm=7.5163 max_norm=10.4715
Replay tap positives before filter=3934 after=3924
Current items collected: 742
Replay tap P3: count=694 mean_norm=19.9329 max_norm=42.3465
Replay tap P4: count=48 mean_norm=7.0585 max_norm=8.9362
Replay tap positives before filter=587 after=587
Current items collected: 125
Replay tap P3: count=122 mean_norm=27.4113 max_norm=53.1890
Replay tap P4: count=3 mean_norm=7.0394 max_norm=7.8140
Replay tap positives before filter=2485 after=2485
Current items collected: 415
Replay tap P3: count=413 mean_norm=21.9279 max_norm=43.5156
Replay tap P4: count=2 mean_norm=7.1460 max_norm=7.5864
Replay tap positives before filter=3597 after=3597
Current items collected: 725
Replay tap P3: count=694 mean_norm=18.7977 max_norm=37.1308
Replay tap P4: count=31 mean_norm=6.8770 max_norm=9.3182
Replay tap positives before filter=2107 after=2107
Current items collected: 169
Replay tap P3: count=162 mean_norm=13.8050 max_norm=43.0041
Replay tap P4: count=7 mean_norm=6.5315 max_norm=7.0394
Replay tap positives before filter=1682 after=1682
Current items collected: 344
Replay tap P3: count=312 mean_norm=17.9455 max_norm=40.0994
Replay tap P4: count=32 mean_norm=6.6032 max_norm=8.2155
Replay tap positives before filter=2125 after=2125
Current items collected: 363
Replay tap P3: count=337 mean_norm=19.5162 max_norm=44.8277
Replay tap P4: count=26 mean_norm=6.5524 max_norm=7.9022
Replay tap positives before filter=697 after=697
Current items collected: 169
Replay tap P3: count=167 mean_norm=18.2328 max_norm=44.1193
Replay tap P4: count=2 mean_norm=6.6542 max_norm=6.8375
Replay tap positives before filter=675 after=675
Current items collected: 78
Replay tap P3: count=78 mean_norm=24.3499 max_norm=42.4842
Replay tap positives before filter=2794 after=2794
Current items collected: 517
Replay tap P3: count=492 mean_norm=21.6638 max_norm=43.8945
Replay tap P4: count=25 mean_norm=6.7126 max_norm=8.0331
Replay tap positives before filter=1506 after=1506
Current items collected: 193
Replay tap P3: count=188 mean_norm=14.8227 max_norm=32.8118
Replay tap P4: count=5 mean_norm=5.9414 max_norm=7.3646
Replay tap positives before filter=2515 after=2515
Current items collected: 254
Replay tap P3: count=245 mean_norm=24.2512 max_norm=43.5472
Replay tap P4: count=9 mean_norm=6.6654 max_norm=8.9420
Replay tap positives before filter=1895 after=1895
Current items collected: 242
Replay tap P3: count=218 mean_norm=19.4095 max_norm=43.3643
Replay tap P4: count=24 mean_norm=7.0904 max_norm=10.3797
Replay tap positives before filter=2595 after=2595
Current items collected: 464
Replay tap P3: count=405 mean_norm=18.7992 max_norm=40.3196
Replay tap P4: count=59 mean_norm=6.6219 max_norm=9.4107
Replay tap positives before filter=5114 after=5114
Current items collected: 816
Replay tap P3: count=787 mean_norm=16.4752 max_norm=42.6677
Replay tap P4: count=29 mean_norm=7.0020 max_norm=8.2833
Replay tap positives before filter=952 after=952
Current items collected: 170
Replay tap P3: count=158 mean_norm=23.7169 max_norm=43.3316
Replay tap P4: count=12 mean_norm=6.9530 max_norm=8.4583
Replay tap positives before filter=1448 after=1448
Current items collected: 107
Replay tap P3: count=101 mean_norm=19.3923 max_norm=43.0508
Replay tap P4: count=6 mean_norm=6.9107 max_norm=7.4034
Replay tap positives before filter=101 after=101
Current items collected: 17
Replay tap P3: count=14 mean_norm=17.9266 max_norm=45.7121
Replay tap P4: count=3 mean_norm=7.5725 max_norm=8.8339
Replay tap positives before filter=773 after=773
Current items collected: 204
Replay tap P3: count=204 mean_norm=15.7887 max_norm=42.7281
Replay tap positives before filter=4591 after=4591
Current items collected: 745
Replay tap P3: count=684 mean_norm=13.1654 max_norm=40.9014
Replay tap P4: count=61 mean_norm=6.5096 max_norm=8.0978
Replay tap positives before filter=3643 after=3643
Current items collected: 516
Replay tap P3: count=487 mean_norm=21.6847 max_norm=53.0514
Replay tap P4: count=29 mean_norm=6.9286 max_norm=9.1085
Replay tap positives before filter=2611 after=2611
Current items collected: 295
Replay tap P3: count=285 mean_norm=23.9656 max_norm=47.9035
Replay tap P4: count=10 mean_norm=6.3056 max_norm=8.0520
Replay tap positives before filter=3212 after=3212
Current items collected: 734
Replay tap P3: count=717 mean_norm=23.0463 max_norm=41.1378
Replay tap P4: count=17 mean_norm=6.8987 max_norm=8.8834
Replay tap positives before filter=2482 after=2482
Current items collected: 330
Replay tap P3: count=309 mean_norm=23.6597 max_norm=49.3686
Replay tap P4: count=21 mean_norm=7.2156 max_norm=9.4263
Replay tap positives before filter=2602 after=2602
Current items collected: 244
Replay tap P3: count=230 mean_norm=26.4461 max_norm=53.1954
Replay tap P4: count=14 mean_norm=6.6496 max_norm=8.2978
Replay tap positives before filter=293 after=293
Current items collected: 59
Replay tap P3: count=59 mean_norm=30.7766 max_norm=61.1271
Replay tap positives before filter=3716 after=3716
Current items collected: 769
Replay tap P3: count=746 mean_norm=21.6405 max_norm=40.0801
Replay tap P4: count=23 mean_norm=7.2250 max_norm=9.1910
Replay tap positives before filter=2420 after=2420
Current items collected: 342
Replay tap P3: count=303 mean_norm=23.1403 max_norm=44.7519
Replay tap P4: count=39 mean_norm=6.0115 max_norm=8.0011
Replay tap positives before filter=3251 after=3251
Current items collected: 748
Replay tap P3: count=703 mean_norm=17.3657 max_norm=46.5563
Replay tap P4: count=45 mean_norm=6.8278 max_norm=8.4392
Replay tap positives before filter=1520 after=1520
Current items collected: 288
Replay tap P3: count=286 mean_norm=26.9428 max_norm=51.6681
Replay tap P4: count=2 mean_norm=5.8574 max_norm=6.0706
Replay tap positives before filter=684 after=684
Current items collected: 110
Replay tap P3: count=107 mean_norm=29.4606 max_norm=48.0634
Replay tap P4: count=3 mean_norm=5.5675 max_norm=6.2701
Replay tap positives before filter=2141 after=2141
Current items collected: 380
Replay tap P3: count=343 mean_norm=24.8830 max_norm=38.5489
Replay tap P4: count=37 mean_norm=6.8738 max_norm=8.1541
Replay tap positives before filter=1885 after=1885
Current items collected: 246
Replay tap P3: count=230 mean_norm=24.2591 max_norm=39.6171
Replay tap P4: count=16 mean_norm=6.9478 max_norm=9.8883
Replay tap positives before filter=653 after=653
Current items collected: 79
Replay tap P3: count=63 mean_norm=19.1369 max_norm=55.9033
Replay tap P4: count=16 mean_norm=5.7147 max_norm=11.0576
Replay tap positives before filter=1108 after=1108
Current items collected: 171
Replay tap P3: count=162 mean_norm=21.6041 max_norm=49.0338
Replay tap P4: count=9 mean_norm=7.0856 max_norm=8.2360
Replay tap positives before filter=2010 after=2010
Current items collected: 381
Replay tap P3: count=337 mean_norm=24.8858 max_norm=45.0255
Replay tap P4: count=44 mean_norm=6.5676 max_norm=7.9273
Replay tap positives before filter=2859 after=2859
Current items collected: 453
Replay tap P3: count=427 mean_norm=18.8540 max_norm=42.9066
Replay tap P4: count=26 mean_norm=6.0168 max_norm=7.5164
Replay tap positives before filter=1268 after=1268
Current items collected: 196
Replay tap P3: count=174 mean_norm=19.2494 max_norm=40.9952
Replay tap P4: count=22 mean_norm=6.4996 max_norm=7.4148
Replay tap positives before filter=2135 after=2135
Current items collected: 161
Replay tap P3: count=160 mean_norm=23.9577 max_norm=51.0719
Replay tap P4: count=1 mean_norm=5.0367 max_norm=5.0367
Replay tap positives before filter=619 after=619
Current items collected: 136
Replay tap P3: count=114 mean_norm=17.1665 max_norm=42.9749
Replay tap P4: count=22 mean_norm=6.4101 max_norm=7.6563
Replay tap positives before filter=3251 after=3251
Current items collected: 567
Replay tap P3: count=562 mean_norm=23.8734 max_norm=43.4628
Replay tap P4: count=5 mean_norm=6.8411 max_norm=7.3232
Replay tap positives before filter=1148 after=1138
Current items collected: 232
Replay tap P3: count=230 mean_norm=24.3918 max_norm=43.2232
Replay tap P4: count=2 mean_norm=5.7742 max_norm=6.5234
Replay tap positives before filter=75 after=75
Current items collected: 16
Replay tap P3: count=13 mean_norm=18.3464 max_norm=34.8000
Replay tap P4: count=3 mean_norm=6.1195 max_norm=6.5657
Replay tap positives before filter=3176 after=3176
Current items collected: 519
Replay tap P3: count=481 mean_norm=22.9485 max_norm=39.3184
Replay tap P4: count=38 mean_norm=6.4695 max_norm=8.0065
Replay tap positives before filter=1449 after=1449
Current items collected: 276
Replay tap P3: count=258 mean_norm=22.0450 max_norm=39.7814
Replay tap P4: count=18 mean_norm=6.8307 max_norm=8.6966
Replay tap positives before filter=2545 after=2535
Current items collected: 247
Replay tap P3: count=242 mean_norm=21.7137 max_norm=48.9535
Replay tap P4: count=5 mean_norm=6.4541 max_norm=8.3614
Replay tap positives before filter=1418 after=1418
Current items collected: 200
Replay tap P3: count=192 mean_norm=22.2683 max_norm=39.2407
Replay tap P4: count=8 mean_norm=5.7022 max_norm=6.9994
Replay tap positives before filter=2515 after=2515
Current items collected: 234
Replay tap P3: count=223 mean_norm=19.7577 max_norm=38.5639
Replay tap P4: count=11 mean_norm=6.8422 max_norm=7.8362
Replay tap positives before filter=1783 after=1783
Current items collected: 362
Replay tap P3: count=359 mean_norm=23.5614 max_norm=40.6187
Replay tap P4: count=3 mean_norm=5.4885 max_norm=6.3677
Replay tap positives before filter=1933 after=1933
Current items collected: 396
Replay tap P3: count=385 mean_norm=25.9564 max_norm=42.8926
Replay tap P4: count=11 mean_norm=6.0560 max_norm=7.7003
Replay tap positives before filter=1520 after=1520
Current items collected: 305
Replay tap P3: count=284 mean_norm=27.0727 max_norm=46.0451
Replay tap P4: count=21 mean_norm=6.9515 max_norm=9.9239
Replay tap positives before filter=4155 after=4155
Current items collected: 606
Replay tap P3: count=586 mean_norm=16.9431 max_norm=37.5194
Replay tap P4: count=20 mean_norm=6.4905 max_norm=8.3372
Replay tap positives before filter=4805 after=4805
Current items collected: 599
Replay tap P3: count=551 mean_norm=17.1625 max_norm=37.1095
Replay tap P4: count=48 mean_norm=6.6764 max_norm=8.5279
Replay tap positives before filter=944 after=944
Current items collected: 90
Replay tap P3: count=79 mean_norm=25.2570 max_norm=44.9562
Replay tap P4: count=11 mean_norm=6.2578 max_norm=7.1635
Replay tap positives before filter=832 after=832
Current items collected: 66
Replay tap P3: count=61 mean_norm=25.7558 max_norm=51.1394
Replay tap P4: count=5 mean_norm=6.0913 max_norm=7.2267
Replay tap positives before filter=716 after=716
Current items collected: 104
Replay tap P3: count=100 mean_norm=25.2153 max_norm=45.6561
Replay tap P4: count=4 mean_norm=6.0397 max_norm=7.1178
Replay tap positives before filter=876 after=876
Current items collected: 149
Replay tap P3: count=148 mean_norm=22.2373 max_norm=39.9247
Replay tap P4: count=1 mean_norm=5.2283 max_norm=5.2283
Replay tap positives before filter=1123 after=1123
Current items collected: 187
Replay tap P3: count=163 mean_norm=24.1854 max_norm=40.1576
Replay tap P4: count=24 mean_norm=7.0535 max_norm=8.1894
Replay tap positives before filter=776 after=776
Current items collected: 100
Replay tap P3: count=100 mean_norm=22.3065 max_norm=46.2208
Replay tap positives before filter=1158 after=1158
Current items collected: 126
Replay tap P3: count=122 mean_norm=19.6059 max_norm=39.9699
Replay tap P4: count=4 mean_norm=5.3810 max_norm=7.1911
Replay tap positives before filter=1613 after=1613
Current items collected: 136
Replay tap P3: count=132 mean_norm=25.4486 max_norm=43.6179
Replay tap P4: count=4 mean_norm=5.7647 max_norm=6.8974
Replay tap positives before filter=1297 after=1297
Current items collected: 240
Replay tap P3: count=225 mean_norm=23.2836 max_norm=41.6035
Replay tap P4: count=15 mean_norm=6.9387 max_norm=7.9544
Replay tap positives before filter=134 after=134
Current items collected: 33
Replay tap P3: count=33 mean_norm=26.5088 max_norm=42.7987
                   all        367       8260      0.617      0.144     0.0724     0.0304
Replay buffer size after epoch 1: 512 embeddings across 4 classes.
Saved 512 replay embeddings to /home/ddwilde/scriptie/runs/dota_saab/stage1-saab5/replay/buffer.pt

      Epoch    GPU_mem   box_loss   cls_loss   dfl_loss  Instances       Size
Replay tap positives before filter=1002 after=992
Current items collected: 162
Replay tap P3: count=153 mean_norm=25.2397 max_norm=43.1158
Replay tap P4: count=9 mean_norm=7.0016 max_norm=8.2219
Replay tap positives before filter=3346 after=3346
Current items collected: 584
Replay tap P3: count=571 mean_norm=22.6446 max_norm=35.9127
Replay tap P4: count=13 mean_norm=6.4575 max_norm=7.8717
Replay tap positives before filter=965 after=965
Current items collected: 145
Replay tap P3: count=137 mean_norm=23.7934 max_norm=47.9520
Replay tap P4: count=8 mean_norm=6.5338 max_norm=7.3323
Replay tap positives before filter=3549 after=3549
Current items collected: 544
Replay tap P3: count=518 mean_norm=20.8443 max_norm=39.6995
Replay tap P4: count=26 mean_norm=6.5777 max_norm=7.6755
Replay tap positives before filter=1721 after=1721
Current items collected: 149
Replay tap P3: count=145 mean_norm=19.7896 max_norm=39.5455
Replay tap P4: count=4 mean_norm=6.9802 max_norm=7.8393
Replay tap positives before filter=3091 after=3091
Current items collected: 415
Replay tap P3: count=395 mean_norm=19.5154 max_norm=39.1489
Replay tap P4: count=20 mean_norm=6.3819 max_norm=8.4135
Replay tap positives before filter=3436 after=3436
Current items collected: 371
Replay tap P3: count=333 mean_norm=17.5625 max_norm=34.7984
Replay tap P4: count=38 mean_norm=6.2103 max_norm=7.7789
Replay tap positives before filter=1210 after=1210
Current items collected: 182
Replay tap P3: count=171 mean_norm=25.3496 max_norm=42.5965
Replay tap P4: count=11 mean_norm=6.8465 max_norm=7.5165
Replay tap positives before filter=1786 after=1786
Current items collected: 278
Replay tap P3: count=251 mean_norm=20.1492 max_norm=38.0736
Replay tap P4: count=27 mean_norm=6.7930 max_norm=9.2831
Replay tap positives before filter=1183 after=1183
Current items collected: 245
Replay tap P3: count=222 mean_norm=28.1569 max_norm=40.4009
Replay tap P4: count=23 mean_norm=6.2423 max_norm=7.5023
Replay tap positives before filter=1146 after=1146
Current items collected: 248
Replay tap P3: count=213 mean_norm=24.5109 max_norm=48.1044
Replay tap P4: count=35 mean_norm=6.5061 max_norm=7.5547
Replay tap positives before filter=586 after=586
Current items collected: 103
Replay tap P3: count=101 mean_norm=23.3362 max_norm=46.6225
Replay tap P4: count=2 mean_norm=5.2315 max_norm=6.2009
Replay tap positives before filter=1994 after=1994
Current items collected: 213
Replay tap P3: count=205 mean_norm=18.1347 max_norm=39.4337
Replay tap P4: count=8 mean_norm=5.9090 max_norm=6.9335
Replay tap positives before filter=1406 after=1406
Current items collected: 157
Replay tap P3: count=139 mean_norm=27.5929 max_norm=43.7486
Replay tap P4: count=18 mean_norm=6.3663 max_norm=7.1216
Replay tap positives before filter=2033 after=2033
Current items collected: 372
Replay tap P3: count=358 mean_norm=17.3735 max_norm=35.2829
Replay tap P4: count=14 mean_norm=6.8658 max_norm=8.1826
Replay tap positives before filter=3214 after=3214
Current items collected: 337
Replay tap P3: count=332 mean_norm=23.2825 max_norm=37.1182
Replay tap P4: count=5 mean_norm=6.7245 max_norm=7.1741
Replay tap positives before filter=1951 after=1951
Current items collected: 345
Replay tap P3: count=314 mean_norm=25.3857 max_norm=40.4438
Replay tap P4: count=31 mean_norm=6.8763 max_norm=8.0400
Replay tap positives before filter=1559 after=1559
Current items collected: 287
Replay tap P3: count=260 mean_norm=26.2076 max_norm=44.3656
Replay tap P4: count=27 mean_norm=7.0661 max_norm=9.3957
Replay tap positives before filter=1139 after=1139
Current items collected: 185
Replay tap P3: count=173 mean_norm=23.3918 max_norm=40.6961
Replay tap P4: count=12 mean_norm=6.1815 max_norm=7.3178
Replay tap positives before filter=1713 after=1713
Current items collected: 268
Replay tap P3: count=238 mean_norm=21.8888 max_norm=43.4181
Replay tap P4: count=30 mean_norm=6.7219 max_norm=7.5158
Replay tap positives before filter=1385 after=1385
Current items collected: 290
Replay tap P3: count=264 mean_norm=21.9264 max_norm=35.8305
Replay tap P4: count=26 mean_norm=6.2534 max_norm=7.3004
Replay tap positives before filter=3538 after=3538
Current items collected: 406
Replay tap P3: count=357 mean_norm=21.4463 max_norm=35.9055
Replay tap P4: count=49 mean_norm=6.3442 max_norm=7.8363
Replay tap positives before filter=243 after=243
Current items collected: 48
Replay tap P3: count=42 mean_norm=17.7841 max_norm=42.7810
Replay tap P4: count=6 mean_norm=6.6946 max_norm=6.9980
Replay tap positives before filter=2470 after=2470
Current items collected: 274
Replay tap P3: count=256 mean_norm=22.8086 max_norm=40.1821
Replay tap P4: count=18 mean_norm=7.1059 max_norm=8.2080
Replay tap positives before filter=1258 after=1258
Current items collected: 151
Replay tap P3: count=144 mean_norm=25.4426 max_norm=45.4136
Replay tap P4: count=7 mean_norm=6.5201 max_norm=7.5164
Replay tap positives before filter=1485 after=1485
Current items collected: 218
Replay tap P3: count=196 mean_norm=26.3788 max_norm=44.8838
Replay tap P4: count=22 mean_norm=6.2778 max_norm=7.2930
Replay tap positives before filter=1779 after=1779
Current items collected: 234
Replay tap P3: count=221 mean_norm=25.8401 max_norm=42.7957
Replay tap P4: count=13 mean_norm=6.1966 max_norm=8.5453
Replay tap positives before filter=499 after=499
Current items collected: 101
Replay tap P3: count=88 mean_norm=20.3995 max_norm=45.5492
Replay tap P4: count=13 mean_norm=6.3232 max_norm=7.8263
Replay tap positives before filter=209 after=209
Current items collected: 30
Replay tap P3: count=30 mean_norm=23.8789 max_norm=40.4243
Replay tap positives before filter=2592 after=2592
Current items collected: 442
Replay tap P3: count=432 mean_norm=20.9133 max_norm=43.5643
Replay tap P4: count=10 mean_norm=7.7985 max_norm=9.3231
Replay tap positives before filter=1626 after=1626
Current items collected: 270
Replay tap P3: count=233 mean_norm=23.9132 max_norm=40.0503
Replay tap P4: count=37 mean_norm=6.7011 max_norm=7.8301
Replay tap positives before filter=5490 after=5490
Current items collected: 1322
Replay tap P3: count=1312 mean_norm=18.9587 max_norm=50.0570
Replay tap P4: count=10 mean_norm=6.3465 max_norm=7.7604
Replay tap positives before filter=2410 after=2410
Current items collected: 433
Replay tap P3: count=403 mean_norm=21.3549 max_norm=40.6655
Replay tap P4: count=30 mean_norm=6.2112 max_norm=8.2350
Replay tap positives before filter=780 after=780
Current items collected: 166
Replay tap P3: count=155 mean_norm=28.3991 max_norm=41.8605
Replay tap P4: count=11 mean_norm=6.6510 max_norm=7.3616
Replay tap positives before filter=2204 after=2204
Current items collected: 381
Replay tap P3: count=360 mean_norm=22.6457 max_norm=42.3523
Replay tap P4: count=21 mean_norm=5.7659 max_norm=8.0046
Replay tap positives before filter=1047 after=1047
Current items collected: 57
Replay tap P3: count=51 mean_norm=25.3693 max_norm=46.6034
Replay tap P4: count=6 mean_norm=7.8236 max_norm=8.4554
Replay tap positives before filter=915 after=915
Current items collected: 158
Replay tap P3: count=120 mean_norm=24.9059 max_norm=48.9135
Replay tap P4: count=38 mean_norm=6.2920 max_norm=8.4594
Replay tap positives before filter=420 after=420
Current items collected: 80
Replay tap P3: count=75 mean_norm=29.4371 max_norm=48.1674
Replay tap P4: count=5 mean_norm=6.6458 max_norm=8.1276
Replay tap positives before filter=1861 after=1861
Current items collected: 189
Replay tap P3: count=180 mean_norm=19.7146 max_norm=33.2345
Replay tap P4: count=9 mean_norm=6.6668 max_norm=7.3866
Replay tap positives before filter=1732 after=1732
Current items collected: 189
Replay tap P3: count=180 mean_norm=26.4764 max_norm=44.4981
Replay tap P4: count=9 mean_norm=6.8652 max_norm=8.3530
Replay tap positives before filter=1658 after=1658
Current items collected: 266
Replay tap P3: count=260 mean_norm=21.4080 max_norm=44.0659
Replay tap P4: count=6 mean_norm=6.9986 max_norm=8.1757
Replay tap positives before filter=2477 after=2477
Current items collected: 483
Replay tap P3: count=447 mean_norm=25.3069 max_norm=40.7149
Replay tap P4: count=36 mean_norm=6.8696 max_norm=8.4892
Replay tap positives before filter=1292 after=1292
Current items collected: 140
Replay tap P3: count=135 mean_norm=24.0775 max_norm=44.2824
Replay tap P4: count=5 mean_norm=7.3854 max_norm=8.4484
Replay tap positives before filter=1216 after=1216
Current items collected: 200
Replay tap P3: count=165 mean_norm=24.4410 max_norm=38.0892
Replay tap P4: count=35 mean_norm=6.6397 max_norm=8.8371
Replay tap positives before filter=1107 after=1107
Current items collected: 168
Replay tap P3: count=148 mean_norm=17.7771 max_norm=35.2614
Replay tap P4: count=20 mean_norm=6.4238 max_norm=7.8760
Replay tap positives before filter=1489 after=1489
Current items collected: 245
Replay tap P3: count=235 mean_norm=21.7162 max_norm=44.3069
Replay tap P4: count=10 mean_norm=6.4719 max_norm=7.2545
Replay tap positives before filter=895 after=895
Current items collected: 64
Replay tap P3: count=64 mean_norm=23.8523 max_norm=42.1237
Replay tap positives before filter=1469 after=1469
Current items collected: 185
Replay tap P3: count=183 mean_norm=22.4678 max_norm=39.4441
Replay tap P4: count=2 mean_norm=5.7306 max_norm=5.8021
Replay tap positives before filter=2150 after=2150
Current items collected: 370
Replay tap P3: count=336 mean_norm=20.0257 max_norm=38.7189
Replay tap P4: count=34 mean_norm=6.8310 max_norm=8.8807
Replay tap positives before filter=515 after=515
Current items collected: 112
Replay tap P3: count=105 mean_norm=22.1799 max_norm=35.4461
Replay tap P4: count=7 mean_norm=6.3636 max_norm=7.3582
Replay tap positives before filter=1498 after=1498
Current items collected: 304
Replay tap P3: count=280 mean_norm=18.2009 max_norm=37.1710
Replay tap P4: count=24 mean_norm=6.2503 max_norm=7.9193
Replay tap positives before filter=1073 after=1073
Current items collected: 169
Replay tap P3: count=152 mean_norm=29.0597 max_norm=44.7808
Replay tap P4: count=17 mean_norm=6.6270 max_norm=7.6065
Replay tap positives before filter=6058 after=6058
Current items collected: 1109
Replay tap P3: count=963 mean_norm=16.3744 max_norm=36.0438
Replay tap P4: count=146 mean_norm=6.5977 max_norm=8.2280
Replay tap positives before filter=2884 after=2884
Current items collected: 413
Replay tap P3: count=377 mean_norm=21.5734 max_norm=48.5331
Replay tap P4: count=36 mean_norm=6.8098 max_norm=8.1716
Replay tap positives before filter=2229 after=2229
Current items collected: 270
Replay tap P3: count=253 mean_norm=21.9380 max_norm=39.2263
Replay tap P4: count=17 mean_norm=6.8177 max_norm=8.3224
Replay tap positives before filter=187 after=187
Current items collected: 41
Replay tap P3: count=40 mean_norm=17.4607 max_norm=47.5570
Replay tap P4: count=1 mean_norm=5.0062 max_norm=5.0062
Replay tap positives before filter=3643 after=3643
Current items collected: 539
Replay tap P3: count=483 mean_norm=18.7478 max_norm=35.7310
Replay tap P4: count=56 mean_norm=6.8783 max_norm=8.3879
Replay tap positives before filter=4842 after=4842
Current items collected: 969
Replay tap P3: count=874 mean_norm=19.7429 max_norm=32.7200
Replay tap P4: count=95 mean_norm=6.5911 max_norm=8.3308
Replay tap positives before filter=2602 after=2602
Current items collected: 332
Replay tap P3: count=309 mean_norm=22.4872 max_norm=37.8184
Replay tap P4: count=23 mean_norm=6.6502 max_norm=7.7139
Replay tap positives before filter=4359 after=4359
Current items collected: 391
Replay tap P3: count=381 mean_norm=20.5606 max_norm=35.5903
Replay tap P4: count=10 mean_norm=6.9548 max_norm=7.8122
Replay tap positives before filter=1192 after=1192
Current items collected: 161
Replay tap P3: count=156 mean_norm=22.5961 max_norm=38.1856
Replay tap P4: count=5 mean_norm=6.3766 max_norm=7.4532
Replay tap positives before filter=1816 after=1816
Current items collected: 352
Replay tap P3: count=331 mean_norm=24.1244 max_norm=38.1264
Replay tap P4: count=21 mean_norm=7.0156 max_norm=8.0053
Replay tap positives before filter=687 after=687
Current items collected: 51
Replay tap P3: count=48 mean_norm=25.9422 max_norm=38.1452
Replay tap P4: count=3 mean_norm=7.1071 max_norm=8.0232
Replay tap positives before filter=1712 after=1712
Current items collected: 237
Replay tap P3: count=222 mean_norm=24.8317 max_norm=37.0174
Replay tap P4: count=15 mean_norm=7.1750 max_norm=8.8218
Replay tap positives before filter=1286 after=1286
Current items collected: 145
Replay tap P3: count=131 mean_norm=19.1183 max_norm=36.0100
Replay tap P4: count=14 mean_norm=6.7735 max_norm=7.8458
Replay tap positives before filter=213 after=213
Current items collected: 43
Replay tap P3: count=41 mean_norm=27.8887 max_norm=48.8926
Replay tap P4: count=2 mean_norm=6.3018 max_norm=6.5273
Replay tap positives before filter=3526 after=3526
Current items collected: 549
Replay tap P3: count=516 mean_norm=20.2884 max_norm=35.5464
Replay tap P4: count=33 mean_norm=6.8568 max_norm=8.4338
Replay tap positives before filter=2993 after=2993
Current items collected: 427
Replay tap P3: count=381 mean_norm=20.6976 max_norm=36.3820
Replay tap P4: count=46 mean_norm=6.6644 max_norm=8.6758
Replay tap positives before filter=1803 after=1803
Current items collected: 232
Replay tap P3: count=209 mean_norm=18.3849 max_norm=37.3270
Replay tap P4: count=23 mean_norm=6.8029 max_norm=7.6640
Replay tap positives before filter=2732 after=2732
Current items collected: 330
Replay tap P3: count=315 mean_norm=22.1119 max_norm=44.6019
Replay tap P4: count=15 mean_norm=7.0695 max_norm=8.7560
Replay tap positives before filter=226 after=226
Current items collected: 47
Replay tap P3: count=43 mean_norm=23.1415 max_norm=37.0019
Replay tap P4: count=4 mean_norm=6.3373 max_norm=6.6137
Replay tap positives before filter=944 after=944
Current items collected: 175
Replay tap P3: count=170 mean_norm=18.4215 max_norm=38.2200
Replay tap P4: count=5 mean_norm=6.9438 max_norm=7.7678
Replay tap positives before filter=1094 after=1094
Current items collected: 167
Replay tap P3: count=139 mean_norm=25.1712 max_norm=32.2168
Replay tap P4: count=28 mean_norm=6.6412 max_norm=7.9138
Replay tap positives before filter=2304 after=2304
Current items collected: 401
Replay tap P3: count=371 mean_norm=19.4996 max_norm=34.3358
Replay tap P4: count=30 mean_norm=7.1482 max_norm=7.9689
Replay tap positives before filter=414 after=414
Current items collected: 75
Replay tap P3: count=69 mean_norm=18.7426 max_norm=39.5072
Replay tap P4: count=6 mean_norm=5.7748 max_norm=7.3437
Replay tap positives before filter=3888 after=3888
Current items collected: 605
Replay tap P3: count=522 mean_norm=14.8484 max_norm=37.9283
Replay tap P4: count=83 mean_norm=6.8183 max_norm=7.7560
Replay tap positives before filter=3186 after=3186
Current items collected: 524
Replay tap P3: count=497 mean_norm=19.8650 max_norm=36.8464
Replay tap P4: count=27 mean_norm=7.0538 max_norm=7.8907
Replay tap positives before filter=1877 after=1877
Current items collected: 238
Replay tap P3: count=227 mean_norm=23.2965 max_norm=37.0106
Replay tap P4: count=11 mean_norm=6.5619 max_norm=10.2768
Replay tap positives before filter=897 after=897
Current items collected: 107
Replay tap P3: count=101 mean_norm=20.4677 max_norm=39.6897
Replay tap P4: count=6 mean_norm=6.9398 max_norm=8.0843
Replay tap positives before filter=244 after=244
Current items collected: 56
Replay tap P3: count=46 mean_norm=24.0547 max_norm=36.3244
Replay tap P4: count=10 mean_norm=3.7134 max_norm=4.2266
Replay tap positives before filter=3594 after=3594
Current items collected: 666
Replay tap P3: count=586 mean_norm=17.1170 max_norm=35.2765
Replay tap P4: count=80 mean_norm=6.6131 max_norm=7.6606
Replay tap positives before filter=603 after=603
Current items collected: 30
Replay tap P3: count=24 mean_norm=19.9999 max_norm=31.1840
Replay tap P4: count=6 mean_norm=7.1308 max_norm=7.6207
Replay tap positives before filter=926 after=926
Current items collected: 168
Replay tap P3: count=163 mean_norm=26.4230 max_norm=47.9476
Replay tap P4: count=5 mean_norm=5.8037 max_norm=6.5652
Replay tap positives before filter=1630 after=1630
Current items collected: 284
Replay tap P3: count=260 mean_norm=23.9598 max_norm=36.3703
Replay tap P4: count=24 mean_norm=7.0718 max_norm=8.0799
Replay tap positives before filter=813 after=813
Current items collected: 111
Replay tap P3: count=91 mean_norm=20.0662 max_norm=31.3727
Replay tap P4: count=20 mean_norm=7.0792 max_norm=8.0037
Replay tap positives before filter=3503 after=3503
Current items collected: 463
Replay tap P3: count=413 mean_norm=19.2108 max_norm=32.4929
Replay tap P4: count=50 mean_norm=6.7798 max_norm=7.5858
Replay tap positives before filter=503 after=503
Current items collected: 60
Replay tap P3: count=57 mean_norm=22.8472 max_norm=41.9581
Replay tap P4: count=3 mean_norm=6.1124 max_norm=6.8657
Replay tap positives before filter=284 after=284
Current items collected: 36
Replay tap P3: count=26 mean_norm=25.7818 max_norm=37.8562
Replay tap P4: count=10 mean_norm=5.3291 max_norm=7.4349
Replay tap positives before filter=2491 after=2491
Current items collected: 428
Replay tap P3: count=400 mean_norm=15.0254 max_norm=34.8097
Replay tap P4: count=28 mean_norm=6.8110 max_norm=7.8788
Replay tap positives before filter=1578 after=1578
Current items collected: 307
Replay tap P3: count=297 mean_norm=23.5931 max_norm=36.0295
Replay tap P4: count=10 mean_norm=7.0311 max_norm=7.6527
Replay tap positives before filter=2509 after=2509
Current items collected: 270
Replay tap P3: count=232 mean_norm=16.1621 max_norm=32.0636
Replay tap P4: count=38 mean_norm=6.8481 max_norm=8.3708
Replay tap positives before filter=4692 after=4692
Current items collected: 657
Replay tap P3: count=592 mean_norm=17.7714 max_norm=37.0301
Replay tap P4: count=65 mean_norm=6.6498 max_norm=7.6901
Replay tap positives before filter=3615 after=3615
Current items collected: 776
Replay tap P3: count=691 mean_norm=19.3122 max_norm=32.4187
Replay tap P4: count=85 mean_norm=6.7985 max_norm=8.1450
Replay tap positives before filter=3058 after=3058
Current items collected: 539
Replay tap P3: count=528 mean_norm=15.5707 max_norm=50.2365
Replay tap P4: count=11 mean_norm=6.8995 max_norm=7.5690
Replay tap positives before filter=753 after=753
Current items collected: 98
Replay tap P3: count=93 mean_norm=18.2749 max_norm=42.1945
Replay tap P4: count=5 mean_norm=6.9271 max_norm=7.7503
Replay tap positives before filter=2639 after=2639
Current items collected: 199
Replay tap P3: count=180 mean_norm=16.2357 max_norm=35.7864
Replay tap P4: count=19 mean_norm=6.9021 max_norm=8.1131
Replay tap positives before filter=5192 after=5192
Current items collected: 739
Replay tap P3: count=723 mean_norm=12.5508 max_norm=50.5823
Replay tap P4: count=16 mean_norm=6.6113 max_norm=7.7775
Replay tap positives before filter=384 after=384
Current items collected: 80
Replay tap P3: count=77 mean_norm=25.6818 max_norm=39.7032
Replay tap P4: count=3 mean_norm=5.9256 max_norm=6.7948
Replay tap positives before filter=2328 after=2328
Current items collected: 369
Replay tap P3: count=321 mean_norm=20.8995 max_norm=42.5450
Replay tap P4: count=48 mean_norm=6.8940 max_norm=8.0253
Replay tap positives before filter=4093 after=4093
Current items collected: 891
Replay tap P3: count=767 mean_norm=13.8918 max_norm=37.1864
Replay tap P4: count=124 mean_norm=6.8210 max_norm=7.9129
Replay tap positives before filter=2154 after=2154
Current items collected: 290
Replay tap P3: count=282 mean_norm=23.5396 max_norm=34.7509
Replay tap P4: count=8 mean_norm=6.8535 max_norm=7.2534
Replay tap positives before filter=2756 after=2756
Current items collected: 254
Replay tap P3: count=242 mean_norm=20.4240 max_norm=35.7518
Replay tap P4: count=12 mean_norm=6.8040 max_norm=8.0078
Replay tap positives before filter=965 after=965
Current items collected: 121
Replay tap P3: count=114 mean_norm=22.1085 max_norm=41.0476
Replay tap P4: count=7 mean_norm=6.7805 max_norm=7.1408
Replay tap positives before filter=5451 after=5451
Current items collected: 907
Replay tap P3: count=792 mean_norm=18.6226 max_norm=48.9567
Replay tap P4: count=115 mean_norm=6.8766 max_norm=7.8976
Replay tap positives before filter=2575 after=2575
Current items collected: 362
Replay tap P3: count=351 mean_norm=17.2448 max_norm=38.3042
Replay tap P4: count=11 mean_norm=6.8623 max_norm=7.3590
Replay tap positives before filter=2696 after=2696
Current items collected: 332
Replay tap P3: count=309 mean_norm=20.6616 max_norm=39.7178
Replay tap P4: count=23 mean_norm=6.4669 max_norm=7.0890
Replay tap positives before filter=1971 after=1971
Current items collected: 337
Replay tap P3: count=294 mean_norm=17.7937 max_norm=36.0800
Replay tap P4: count=43 mean_norm=6.8898 max_norm=8.1538
Replay tap positives before filter=4761 after=4761
Current items collected: 932
Replay tap P3: count=807 mean_norm=17.3105 max_norm=35.5624
Replay tap P4: count=125 mean_norm=6.8194 max_norm=7.9738
Replay tap positives before filter=3074 after=3074
Current items collected: 573
Replay tap P3: count=510 mean_norm=20.9220 max_norm=32.2175
Replay tap P4: count=63 mean_norm=7.3547 max_norm=10.9105
Replay tap positives before filter=1093 after=1093
Current items collected: 175
Replay tap P3: count=172 mean_norm=22.7375 max_norm=40.4316
Replay tap P4: count=3 mean_norm=6.5332 max_norm=6.8291
Replay tap positives before filter=2033 after=2033
Current items collected: 358
Replay tap P3: count=329 mean_norm=24.9084 max_norm=38.4924
Replay tap P4: count=29 mean_norm=7.3738 max_norm=8.2814
Replay tap positives before filter=2676 after=2676
Current items collected: 459
Replay tap P3: count=412 mean_norm=21.3136 max_norm=40.0075
Replay tap P4: count=47 mean_norm=6.9119 max_norm=8.0928
Replay tap positives before filter=3074 after=3074
Current items collected: 258
Replay tap P3: count=257 mean_norm=17.1951 max_norm=35.2489
Replay tap P4: count=1 mean_norm=7.4055 max_norm=7.4055
Replay tap positives before filter=1966 after=1966
Current items collected: 317
Replay tap P3: count=302 mean_norm=21.2528 max_norm=42.7187
Replay tap P4: count=15 mean_norm=6.8402 max_norm=8.3978
Replay tap positives before filter=2293 after=2293
Current items collected: 388
Replay tap P3: count=361 mean_norm=20.6464 max_norm=46.6418
Replay tap P4: count=27 mean_norm=6.9373 max_norm=8.1057
Replay tap positives before filter=2702 after=2702
Current items collected: 521
Replay tap P3: count=439 mean_norm=17.0186 max_norm=40.1578
Replay tap P4: count=82 mean_norm=7.1004 max_norm=8.1854
Replay tap positives before filter=2801 after=2801
Current items collected: 564
Replay tap P3: count=481 mean_norm=19.6147 max_norm=41.0216
Replay tap P4: count=83 mean_norm=6.9268 max_norm=8.1458
Replay tap positives before filter=1022 after=1022
Current items collected: 163
Replay tap P3: count=148 mean_norm=21.5932 max_norm=36.5155
Replay tap P4: count=15 mean_norm=6.6863 max_norm=7.5265
Replay tap positives before filter=1597 after=1597
Current items collected: 240
Replay tap P3: count=213 mean_norm=26.2741 max_norm=46.7032
Replay tap P4: count=27 mean_norm=7.1139 max_norm=7.9741
Replay tap positives before filter=2912 after=2912
Current items collected: 411
Replay tap P3: count=340 mean_norm=23.6997 max_norm=37.6210
Replay tap P4: count=71 mean_norm=7.0822 max_norm=7.9914
Replay tap positives before filter=2220 after=2220
Current items collected: 292
Replay tap P3: count=269 mean_norm=25.1790 max_norm=41.9585
Replay tap P4: count=23 mean_norm=6.7607 max_norm=7.8978
Replay tap positives before filter=1108 after=1108
Current items collected: 201
Replay tap P3: count=200 mean_norm=18.7660 max_norm=42.4071
Replay tap P4: count=1 mean_norm=6.9838 max_norm=6.9838
Replay tap positives before filter=1660 after=1660
Current items collected: 165
Replay tap P3: count=156 mean_norm=23.2082 max_norm=41.2788
Replay tap P4: count=9 mean_norm=6.4229 max_norm=7.0406
Replay tap positives before filter=4366 after=4356
Current items collected: 547
Replay tap P3: count=481 mean_norm=17.0889 max_norm=40.5869
Replay tap P4: count=66 mean_norm=6.9348 max_norm=8.1931
Replay tap positives before filter=2215 after=2215
Current items collected: 296
Replay tap P3: count=267 mean_norm=22.3974 max_norm=41.1010
Replay tap P4: count=29 mean_norm=7.0733 max_norm=7.9508
Replay tap positives before filter=586 after=586
Current items collected: 133
Replay tap P3: count=112 mean_norm=25.1249 max_norm=38.3765
Replay tap P4: count=21 mean_norm=7.3101 max_norm=8.0068
Replay tap positives before filter=461 after=461
Current items collected: 103
Replay tap P3: count=80 mean_norm=26.4012 max_norm=37.2612
Replay tap P4: count=23 mean_norm=7.2496 max_norm=7.9975
Replay tap positives before filter=2997 after=2997
Current items collected: 521
Replay tap P3: count=472 mean_norm=19.8229 max_norm=47.3238
Replay tap P4: count=49 mean_norm=6.9387 max_norm=8.2147
Replay tap positives before filter=1179 after=1179
Current items collected: 235
Replay tap P3: count=210 mean_norm=24.1274 max_norm=39.7237
Replay tap P4: count=25 mean_norm=6.6342 max_norm=7.5508
Replay tap positives before filter=1693 after=1693
Current items collected: 276
Replay tap P3: count=240 mean_norm=22.2973 max_norm=41.0220
Replay tap P4: count=36 mean_norm=7.0160 max_norm=8.3035
Replay tap positives before filter=1552 after=1552
Current items collected: 199
Replay tap P3: count=190 mean_norm=24.6097 max_norm=42.8920
Replay tap P4: count=9 mean_norm=6.8235 max_norm=7.7169
Replay tap positives before filter=410 after=410
Current items collected: 88
Replay tap P3: count=77 mean_norm=23.9386 max_norm=45.1612
Replay tap P4: count=11 mean_norm=6.4137 max_norm=7.2647
Replay tap positives before filter=3682 after=3682
Current items collected: 603
Replay tap P3: count=554 mean_norm=21.2075 max_norm=41.2566
Replay tap P4: count=49 mean_norm=6.7151 max_norm=7.9251
Replay tap positives before filter=1757 after=1757
Current items collected: 290
Replay tap P3: count=270 mean_norm=18.2986 max_norm=38.1852
Replay tap P4: count=20 mean_norm=6.9094 max_norm=8.1860
Replay tap positives before filter=1923 after=1923
Current items collected: 344
Replay tap P3: count=332 mean_norm=27.7135 max_norm=39.3891
Replay tap P4: count=12 mean_norm=7.0417 max_norm=8.7759
Replay tap positives before filter=1895 after=1895
Current items collected: 219
Replay tap P3: count=212 mean_norm=24.3653 max_norm=42.8540
Replay tap P4: count=7 mean_norm=6.8722 max_norm=7.9774
Replay tap positives before filter=1379 after=1379
Current items collected: 172
Replay tap P3: count=164 mean_norm=29.0268 max_norm=44.8538
Replay tap P4: count=8 mean_norm=6.6378 max_norm=7.4081
Replay tap positives before filter=2202 after=2202
Current items collected: 270
Replay tap P3: count=250 mean_norm=21.5026 max_norm=38.0140
Replay tap P4: count=20 mean_norm=6.8456 max_norm=7.7217
Replay tap positives before filter=1598 after=1598
Current items collected: 144
Replay tap P3: count=141 mean_norm=25.1455 max_norm=41.7457
Replay tap P4: count=3 mean_norm=6.6333 max_norm=7.8211
Replay tap positives before filter=4880 after=4880
Current items collected: 352
Replay tap P3: count=338 mean_norm=21.7799 max_norm=38.2211
Replay tap P4: count=14 mean_norm=7.0133 max_norm=7.6625
Replay tap positives before filter=184 after=184
Current items collected: 28
Replay tap P3: count=26 mean_norm=24.3612 max_norm=39.1775
Replay tap P4: count=2 mean_norm=6.2035 max_norm=7.6489
Replay tap positives before filter=1226 after=1226
Current items collected: 143
Replay tap P3: count=135 mean_norm=20.8713 max_norm=38.6688
Replay tap P4: count=8 mean_norm=6.6477 max_norm=7.7561
Replay tap positives before filter=603 after=603
Current items collected: 66
Replay tap P3: count=55 mean_norm=20.3612 max_norm=34.1423
Replay tap P4: count=11 mean_norm=7.1231 max_norm=7.6159
Replay tap positives before filter=1948 after=1948
Current items collected: 318
Replay tap P3: count=282 mean_norm=17.8016 max_norm=39.7468
Replay tap P4: count=36 mean_norm=6.8412 max_norm=7.4463
Replay tap positives before filter=1858 after=1858
Current items collected: 334
Replay tap P3: count=297 mean_norm=19.3474 max_norm=35.1314
Replay tap P4: count=37 mean_norm=6.7248 max_norm=7.4744
Replay tap positives before filter=438 after=428
Current items collected: 56
Replay tap P3: count=55 mean_norm=26.7593 max_norm=56.7014
Replay tap P4: count=1 mean_norm=6.0503 max_norm=6.0503
Replay tap positives before filter=1344 after=1344
Current items collected: 159
Replay tap P3: count=145 mean_norm=23.7668 max_norm=35.6096
Replay tap P4: count=14 mean_norm=7.3738 max_norm=7.8677
Replay tap positives before filter=716 after=716
Current items collected: 90
Replay tap P3: count=77 mean_norm=22.1780 max_norm=32.3518
Replay tap P4: count=13 mean_norm=6.3916 max_norm=6.7454
Replay tap positives before filter=4272 after=4272
Current items collected: 765
Replay tap P3: count=652 mean_norm=18.5557 max_norm=33.7969
Replay tap P4: count=113 mean_norm=7.0594 max_norm=8.2481
Replay tap positives before filter=504 after=504
Current items collected: 88
Replay tap P3: count=88 mean_norm=25.3242 max_norm=34.2062
Replay tap positives before filter=161 after=161
Current items collected: 31
Replay tap P3: count=28 mean_norm=22.1984 max_norm=33.6259
Replay tap P4: count=3 mean_norm=7.3064 max_norm=7.3837
Replay tap positives before filter=1832 after=1832
Current items collected: 285
Replay tap P3: count=269 mean_norm=18.9484 max_norm=33.2059
Replay tap P4: count=16 mean_norm=7.3601 max_norm=7.9254
Replay tap positives before filter=2064 after=2064
Current items collected: 265
Replay tap P3: count=261 mean_norm=20.0659 max_norm=36.7197
Replay tap P4: count=4 mean_norm=6.3742 max_norm=7.5365
Replay tap positives before filter=1563 after=1563
Current items collected: 261
Replay tap P3: count=251 mean_norm=21.9917 max_norm=33.4872
Replay tap P4: count=10 mean_norm=6.5553 max_norm=7.3976
Replay tap positives before filter=3097 after=3097
Current items collected: 347
Replay tap P3: count=329 mean_norm=18.7998 max_norm=29.4777
Replay tap P4: count=18 mean_norm=6.9374 max_norm=7.5824
Replay tap positives before filter=5816 after=5816
Current items collected: 739
Replay tap P3: count=681 mean_norm=17.7153 max_norm=31.9072
Replay tap P4: count=58 mean_norm=6.9239 max_norm=8.2626
Replay tap positives before filter=2703 after=2703
Current items collected: 401
Replay tap P3: count=361 mean_norm=19.9276 max_norm=32.4450
Replay tap P4: count=40 mean_norm=7.0035 max_norm=7.7043
Replay tap positives before filter=270 after=270
Current items collected: 64
Replay tap P3: count=54 mean_norm=21.4709 max_norm=27.9440
Replay tap P4: count=10 mean_norm=6.8868 max_norm=7.2392
Replay tap positives before filter=639 after=639
Current items collected: 127
Replay tap P3: count=103 mean_norm=20.7531 max_norm=35.5460
Replay tap P4: count=24 mean_norm=6.9265 max_norm=7.3029
Replay tap positives before filter=1074 after=1074
Current items collected: 74
Replay tap P3: count=71 mean_norm=19.0304 max_norm=31.6328
Replay tap P4: count=3 mean_norm=6.9575 max_norm=7.3512
Replay tap positives before filter=2357 after=2357
Current items collected: 375
Replay tap P3: count=336 mean_norm=18.4474 max_norm=28.2482
Replay tap P4: count=39 mean_norm=6.7068 max_norm=7.3470
Replay tap positives before filter=2481 after=2481
Current items collected: 390
Replay tap P3: count=355 mean_norm=13.1519 max_norm=26.7851
Replay tap P4: count=35 mean_norm=6.9238 max_norm=7.4895
Replay tap positives before filter=1480 after=1480
Current items collected: 267
Replay tap P3: count=250 mean_norm=17.7728 max_norm=28.7946
Replay tap P4: count=17 mean_norm=6.6875 max_norm=7.7379
Replay tap positives before filter=5221 after=5221
Current items collected: 691
Replay tap P3: count=660 mean_norm=14.6838 max_norm=28.5159
Replay tap P4: count=31 mean_norm=6.9967 max_norm=7.8292
Replay tap positives before filter=1844 after=1844
Current items collected: 359
Replay tap P3: count=315 mean_norm=20.0791 max_norm=32.7956
Replay tap P4: count=44 mean_norm=6.7861 max_norm=7.9690
Replay tap positives before filter=2036 after=2036
Current items collected: 304
Replay tap P3: count=289 mean_norm=20.3786 max_norm=29.2189
Replay tap P4: count=15 mean_norm=6.7592 max_norm=7.3807
Replay tap positives before filter=468 after=468
Current items collected: 61
Replay tap P3: count=55 mean_norm=17.1138 max_norm=29.1823
Replay tap P4: count=6 mean_norm=6.3060 max_norm=7.1780
Replay tap positives before filter=1606 after=1606
Current items collected: 256
Replay tap P3: count=232 mean_norm=15.9165 max_norm=31.0392
Replay tap P4: count=24 mean_norm=7.0242 max_norm=8.6920
Replay tap positives before filter=1300 after=1300
Current items collected: 205
Replay tap P3: count=191 mean_norm=19.2606 max_norm=30.7369
Replay tap P4: count=14 mean_norm=6.7570 max_norm=7.7049
Replay tap positives before filter=2085 after=2085
Current items collected: 359
Replay tap P3: count=343 mean_norm=19.1024 max_norm=30.6359
Replay tap P4: count=16 mean_norm=6.6481 max_norm=7.6059
Replay tap positives before filter=3475 after=3475
Current items collected: 616
Replay tap P3: count=601 mean_norm=18.9555 max_norm=29.1210
Replay tap P4: count=15 mean_norm=6.6697 max_norm=7.3620
Replay tap positives before filter=1608 after=1608
Current items collected: 283
Replay tap P3: count=268 mean_norm=20.4018 max_norm=30.7613
Replay tap P4: count=15 mean_norm=7.2745 max_norm=8.7431
Replay tap positives before filter=1802 after=1802
Current items collected: 318
Replay tap P3: count=306 mean_norm=22.3419 max_norm=29.3154
Replay tap P4: count=12 mean_norm=6.4439 max_norm=7.6693
Replay tap positives before filter=529 after=529
Current items collected: 67
Replay tap P3: count=66 mean_norm=20.4529 max_norm=29.8490
Replay tap P4: count=1 mean_norm=7.1509 max_norm=7.1509
Replay tap positives before filter=665 after=665
Current items collected: 94
Replay tap P3: count=79 mean_norm=21.2947 max_norm=27.5454
Replay tap P4: count=15 mean_norm=7.1618 max_norm=7.6719
Replay tap positives before filter=848 after=848
Current items collected: 165
Replay tap P3: count=141 mean_norm=24.6364 max_norm=37.7885
Replay tap P4: count=24 mean_norm=6.8197 max_norm=7.2940
Replay tap positives before filter=160 after=160
Current items collected: 34
Replay tap P3: count=28 mean_norm=20.4353 max_norm=29.1290
Replay tap P4: count=6 mean_norm=6.6666 max_norm=7.2229
                   all        367       8260      0.201      0.175      0.147     0.0818
Replay buffer size after epoch 2: 512 embeddings across 4 classes.
Saved 512 replay embeddings to /home/ddwilde/scriptie/runs/dota_saab/stage1-saab5/replay/buffer.pt

      Epoch    GPU_mem   box_loss   cls_loss   dfl_loss  Instances       Size
Replay tap positives before filter=2384 after=2384
Current items collected: 480
Replay tap P3: count=432 mean_norm=16.4003 max_norm=28.5389
Replay tap P4: count=48 mean_norm=6.9134 max_norm=7.4716
Replay tap positives before filter=2818 after=2818
Current items collected: 405
Replay tap P3: count=380 mean_norm=19.1425 max_norm=31.0103
Replay tap P4: count=25 mean_norm=6.8505 max_norm=7.3298
Replay tap positives before filter=1943 after=1943
Current items collected: 321
Replay tap P3: count=302 mean_norm=19.4237 max_norm=28.6100
Replay tap P4: count=19 mean_norm=6.4672 max_norm=7.3056
Replay tap positives before filter=2985 after=2985
Current items collected: 373
Replay tap P3: count=340 mean_norm=19.3511 max_norm=31.0165
Replay tap P4: count=33 mean_norm=6.5642 max_norm=7.6394
Replay tap positives before filter=3325 after=3325
Current items collected: 359
Replay tap P3: count=325 mean_norm=19.6878 max_norm=29.7695
Replay tap P4: count=34 mean_norm=6.6781 max_norm=7.2414
Replay tap positives before filter=1494 after=1494
Current items collected: 149
Replay tap P3: count=141 mean_norm=20.3979 max_norm=30.2950
Replay tap P4: count=8 mean_norm=6.2945 max_norm=7.1960
Replay tap positives before filter=2245 after=2245
Current items collected: 304
Replay tap P3: count=287 mean_norm=24.4696 max_norm=39.6529
Replay tap P4: count=17 mean_norm=6.9524 max_norm=7.3341
Replay tap positives before filter=1833 after=1833
Current items collected: 231
Replay tap P3: count=226 mean_norm=20.6035 max_norm=35.4874
Replay tap P4: count=5 mean_norm=6.8308 max_norm=7.1268
Replay tap positives before filter=1352 after=1352
Current items collected: 105
Replay tap P3: count=99 mean_norm=20.4143 max_norm=33.4447
Replay tap P4: count=6 mean_norm=6.7807 max_norm=7.5593
Replay tap positives before filter=626 after=626
Current items collected: 154
Replay tap P3: count=137 mean_norm=19.4631 max_norm=40.4596
Replay tap P4: count=17 mean_norm=6.7371 max_norm=7.2130
Replay tap positives before filter=5681 after=5681
Current items collected: 838
Replay tap P3: count=786 mean_norm=19.0879 max_norm=32.9751
Replay tap P4: count=52 mean_norm=6.8863 max_norm=7.8958
Replay tap positives before filter=1294 after=1294
Current items collected: 177
Replay tap P3: count=159 mean_norm=22.9418 max_norm=35.6727
Replay tap P4: count=18 mean_norm=6.7661 max_norm=7.6437
Replay tap positives before filter=2544 after=2544
Current items collected: 433
Replay tap P3: count=379 mean_norm=18.7800 max_norm=27.9431
Replay tap P4: count=54 mean_norm=6.9563 max_norm=7.4900
Replay tap positives before filter=1896 after=1896
Current items collected: 97
Replay tap P3: count=96 mean_norm=18.4681 max_norm=40.0610
Replay tap P4: count=1 mean_norm=6.7362 max_norm=6.7362
Replay tap positives before filter=806 after=806
Current items collected: 69
Replay tap P3: count=66 mean_norm=24.6452 max_norm=39.7985
Replay tap P4: count=3 mean_norm=7.1643 max_norm=7.3353
Replay tap positives before filter=5256 after=5256
Current items collected: 985
Replay tap P3: count=899 mean_norm=19.7421 max_norm=30.7518
Replay tap P4: count=86 mean_norm=6.8461 max_norm=7.6247
Replay tap positives before filter=1213 after=1213
Current items collected: 100
Replay tap P3: count=87 mean_norm=22.1600 max_norm=36.2638
Replay tap P4: count=13 mean_norm=6.3128 max_norm=7.5666
Replay tap positives before filter=2325 after=2325
Current items collected: 420
Replay tap P3: count=389 mean_norm=22.0721 max_norm=47.9296
Replay tap P4: count=31 mean_norm=6.7826 max_norm=7.3311
Replay tap positives before filter=5410 after=5410
Current items collected: 423
Replay tap P3: count=405 mean_norm=18.5974 max_norm=34.8819
Replay tap P4: count=18 mean_norm=6.6636 max_norm=7.7037
Replay tap positives before filter=2613 after=2613
Current items collected: 255
Replay tap P3: count=238 mean_norm=19.5658 max_norm=34.9963
Replay tap P4: count=17 mean_norm=6.9783 max_norm=7.4185
Replay tap positives before filter=1376 after=1376
Current items collected: 157
Replay tap P3: count=157 mean_norm=22.2187 max_norm=55.9985
Replay tap positives before filter=607 after=607
Current items collected: 49
Replay tap P3: count=47 mean_norm=27.4318 max_norm=34.2027
Replay tap P4: count=2 mean_norm=6.9086 max_norm=7.1717
Replay tap positives before filter=1038 after=1038
Current items collected: 126
Replay tap P3: count=122 mean_norm=24.2027 max_norm=60.6893
Replay tap P4: count=4 mean_norm=6.3556 max_norm=7.2108
Replay tap positives before filter=1864 after=1864
Current items collected: 272
Replay tap P3: count=248 mean_norm=21.1775 max_norm=49.3827
Replay tap P4: count=24 mean_norm=6.8462 max_norm=7.8544
Replay tap positives before filter=323 after=323
Current items collected: 74
Replay tap P3: count=61 mean_norm=17.2486 max_norm=37.9676
Replay tap P4: count=13 mean_norm=6.2386 max_norm=7.4149
Replay tap positives before filter=3356 after=3356
Current items collected: 462
Replay tap P3: count=427 mean_norm=20.4569 max_norm=34.2937
Replay tap P4: count=35 mean_norm=6.3570 max_norm=7.4894
Replay tap positives before filter=4355 after=4355
Current items collected: 861
Replay tap P3: count=734 mean_norm=17.6888 max_norm=38.2119
Replay tap P4: count=127 mean_norm=6.6657 max_norm=7.9818
Replay tap positives before filter=2165 after=2165
Current items collected: 226
Replay tap P3: count=219 mean_norm=20.6849 max_norm=37.9754
Replay tap P4: count=7 mean_norm=5.6854 max_norm=7.0045
Replay tap positives before filter=1147 after=1147
Current items collected: 154
Replay tap P3: count=149 mean_norm=24.6258 max_norm=39.9649
Replay tap P4: count=5 mean_norm=6.0286 max_norm=6.6003
Replay tap positives before filter=322 after=322
Current items collected: 57
Replay tap P3: count=52 mean_norm=28.8316 max_norm=40.3493
Replay tap P4: count=5 mean_norm=6.8350 max_norm=7.0677
Replay tap positives before filter=275 after=275
Current items collected: 53
Replay tap P3: count=50 mean_norm=22.5823 max_norm=41.3206
Replay tap P4: count=3 mean_norm=6.7438 max_norm=6.9399
Replay tap positives before filter=1627 after=1627
Current items collected: 225
Replay tap P3: count=216 mean_norm=21.6918 max_norm=64.9983
Replay tap P4: count=9 mean_norm=5.8092 max_norm=7.0904
Replay tap positives before filter=655 after=655
Current items collected: 125
Replay tap P3: count=118 mean_norm=21.0681 max_norm=39.9627
Replay tap P4: count=7 mean_norm=6.3621 max_norm=7.3134
Replay tap positives before filter=2806 after=2806
Current items collected: 472
Replay tap P3: count=402 mean_norm=23.2012 max_norm=54.6532
Replay tap P4: count=70 mean_norm=6.6665 max_norm=7.5245
Replay tap positives before filter=2052 after=2052
Current items collected: 201
Replay tap P3: count=197 mean_norm=26.9779 max_norm=37.8309
Replay tap P4: count=4 mean_norm=6.8222 max_norm=7.2735
Replay tap positives before filter=2804 after=2804
Current items collected: 404
Replay tap P3: count=394 mean_norm=20.6009 max_norm=35.4294
Replay tap P4: count=10 mean_norm=6.6627 max_norm=7.3668
Replay tap positives before filter=1449 after=1449
Current items collected: 128
Replay tap P3: count=117 mean_norm=26.4047 max_norm=54.7255
Replay tap P4: count=11 mean_norm=6.4818 max_norm=7.0303
Replay tap positives before filter=507 after=507
Current items collected: 38
Replay tap P3: count=34 mean_norm=24.9983 max_norm=35.7070
Replay tap P4: count=4 mean_norm=7.0817 max_norm=7.4810
Replay tap positives before filter=1987 after=1987
Current items collected: 322
Replay tap P3: count=319 mean_norm=23.3443 max_norm=39.3167
Replay tap P4: count=3 mean_norm=6.7301 max_norm=7.2622
Replay tap positives before filter=5781 after=5781
Current items collected: 1258
Replay tap P3: count=1044 mean_norm=14.5773 max_norm=38.3599
Replay tap P4: count=214 mean_norm=6.9243 max_norm=8.1213
Replay tap positives before filter=2158 after=2158
Current items collected: 295
Replay tap P3: count=276 mean_norm=20.7184 max_norm=36.6759
Replay tap P4: count=19 mean_norm=6.6743 max_norm=7.4142
Replay tap positives before filter=1597 after=1597
Current items collected: 205
Replay tap P3: count=201 mean_norm=24.1462 max_norm=39.3007
Replay tap P4: count=4 mean_norm=6.5515 max_norm=7.1583
Replay tap positives before filter=1325 after=1325
Current items collected: 265
Replay tap P3: count=243 mean_norm=21.0189 max_norm=49.1455
Replay tap P4: count=22 mean_norm=6.7413 max_norm=7.3449
Replay tap positives before filter=987 after=987
Current items collected: 84
Replay tap P3: count=83 mean_norm=28.8583 max_norm=36.2449
Replay tap P4: count=1 mean_norm=7.1659 max_norm=7.1659
Replay tap positives before filter=965 after=965
Current items collected: 131
Replay tap P3: count=115 mean_norm=23.0439 max_norm=36.5473
Replay tap P4: count=16 mean_norm=5.7975 max_norm=7.3849
Replay tap positives before filter=3122 after=3122
Current items collected: 670
Replay tap P3: count=575 mean_norm=23.4155 max_norm=33.5474
Replay tap P4: count=95 mean_norm=6.8871 max_norm=7.5599
Replay tap positives before filter=157 after=157
Current items collected: 35
Replay tap P3: count=33 mean_norm=25.3745 max_norm=41.6741
Replay tap P4: count=2 mean_norm=6.2406 max_norm=6.6753
Replay tap positives before filter=3643 after=3643
Current items collected: 761
Replay tap P3: count=647 mean_norm=19.9573 max_norm=45.8459
Replay tap P4: count=114 mean_norm=6.9785 max_norm=8.8443
Replay tap positives before filter=937 after=937
Current items collected: 61
Replay tap P3: count=56 mean_norm=18.3266 max_norm=32.5407
Replay tap P4: count=5 mean_norm=6.1830 max_norm=7.0207
Replay tap positives before filter=1938 after=1928
Current items collected: 399
Replay tap P3: count=350 mean_norm=23.4318 max_norm=37.8722
Replay tap P4: count=49 mean_norm=6.8750 max_norm=7.7104
Replay tap positives before filter=2565 after=2565
Current items collected: 467
Replay tap P3: count=437 mean_norm=21.1782 max_norm=34.5353
Replay tap P4: count=30 mean_norm=6.9102 max_norm=7.5725
Replay tap positives before filter=1641 after=1641
Current items collected: 225
Replay tap P3: count=220 mean_norm=23.4042 max_norm=39.7429
Replay tap P4: count=5 mean_norm=6.8383 max_norm=7.5302
Replay tap positives before filter=1171 after=1171
Current items collected: 170
Replay tap P3: count=153 mean_norm=24.1260 max_norm=37.4381
Replay tap P4: count=17 mean_norm=7.8643 max_norm=12.1697
Replay tap positives before filter=1066 after=1066
Current items collected: 185
Replay tap P3: count=174 mean_norm=24.5917 max_norm=38.8875
Replay tap P4: count=11 mean_norm=6.6972 max_norm=7.2837
Replay tap positives before filter=1863 after=1863
Current items collected: 320
Replay tap P3: count=313 mean_norm=21.4069 max_norm=36.2641
Replay tap P4: count=7 mean_norm=6.8822 max_norm=7.2808
Replay tap positives before filter=3005 after=3005
Current items collected: 522
Replay tap P3: count=510 mean_norm=22.8111 max_norm=31.8274
Replay tap P4: count=12 mean_norm=5.7776 max_norm=7.6258
Replay tap positives before filter=1291 after=1291
Current items collected: 230
Replay tap P3: count=214 mean_norm=20.3337 max_norm=34.9541
Replay tap P4: count=16 mean_norm=6.9092 max_norm=7.3496
Replay tap positives before filter=2129 after=2129
Current items collected: 393
Replay tap P3: count=354 mean_norm=24.3430 max_norm=44.6211
Replay tap P4: count=39 mean_norm=6.4671 max_norm=7.1067
Replay tap positives before filter=1608 after=1598
Current items collected: 247
Replay tap P3: count=229 mean_norm=21.6332 max_norm=37.6280
Replay tap P4: count=18 mean_norm=6.5036 max_norm=7.2617
Replay tap positives before filter=2145 after=2145
Current items collected: 290
Replay tap P3: count=261 mean_norm=22.5661 max_norm=34.9548
Replay tap P4: count=29 mean_norm=6.6319 max_norm=7.5099
Replay tap positives before filter=2210 after=2210
Current items collected: 339
Replay tap P3: count=325 mean_norm=25.5645 max_norm=37.5657
Replay tap P4: count=14 mean_norm=6.8058 max_norm=7.1148
Replay tap positives before filter=2036 after=2036
Current items collected: 375
Replay tap P3: count=327 mean_norm=23.3890 max_norm=35.2130
Replay tap P4: count=48 mean_norm=6.8785 max_norm=7.7523
Replay tap positives before filter=1789 after=1789
Current items collected: 338
Replay tap P3: count=316 mean_norm=23.5010 max_norm=36.2558
Replay tap P4: count=22 mean_norm=6.7601 max_norm=7.3646
Replay tap positives before filter=2118 after=2118
Current items collected: 260
Replay tap P3: count=244 mean_norm=23.5422 max_norm=35.7650
Replay tap P4: count=16 mean_norm=6.9062 max_norm=7.5881
Replay tap positives before filter=777 after=777
Current items collected: 88
Replay tap P3: count=87 mean_norm=25.8452 max_norm=37.2486
Replay tap P4: count=1 mean_norm=6.9254 max_norm=6.9254
Replay tap positives before filter=3404 after=3404
Current items collected: 572
Replay tap P3: count=530 mean_norm=21.5918 max_norm=33.8271
Replay tap P4: count=42 mean_norm=6.5740 max_norm=7.2365
Replay tap positives before filter=1176 after=1176
Current items collected: 157
Replay tap P3: count=132 mean_norm=23.5752 max_norm=37.1801
Replay tap P4: count=25 mean_norm=6.5949 max_norm=8.0313
Replay tap positives before filter=1041 after=1041
Current items collected: 80
Replay tap P3: count=78 mean_norm=24.4968 max_norm=34.9400
Replay tap P4: count=2 mean_norm=5.9158 max_norm=6.0576
Replay tap positives before filter=3045 after=3045
Current items collected: 520
Replay tap P3: count=487 mean_norm=20.3320 max_norm=48.5111
Replay tap P4: count=33 mean_norm=6.6862 max_norm=7.5035
Replay tap positives before filter=4881 after=4881
Current items collected: 743
Replay tap P3: count=726 mean_norm=20.4389 max_norm=32.4243
Replay tap P4: count=17 mean_norm=6.7246 max_norm=7.0836
Replay tap positives before filter=508 after=508
Current items collected: 71
Replay tap P3: count=64 mean_norm=25.9458 max_norm=37.2759
Replay tap P4: count=7 mean_norm=6.7732 max_norm=6.8599
Replay tap positives before filter=1527 after=1527
Current items collected: 322
Replay tap P3: count=283 mean_norm=22.9500 max_norm=38.3220
Replay tap P4: count=39 mean_norm=6.8431 max_norm=7.2174
Replay tap positives before filter=2882 after=2882
Current items collected: 454
Replay tap P3: count=429 mean_norm=19.9240 max_norm=39.1839
Replay tap P4: count=25 mean_norm=6.7740 max_norm=7.1856
Replay tap positives before filter=750 after=750
Current items collected: 146
Replay tap P3: count=141 mean_norm=19.2253 max_norm=40.1774
Replay tap P4: count=5 mean_norm=6.1234 max_norm=6.3868
Replay tap positives before filter=3780 after=3780
Current items collected: 718
Replay tap P3: count=670 mean_norm=20.5215 max_norm=36.6879
Replay tap P4: count=48 mean_norm=6.9528 max_norm=7.7843
Replay tap positives before filter=2572 after=2572
Current items collected: 358
Replay tap P3: count=343 mean_norm=26.0566 max_norm=39.7936
Replay tap P4: count=15 mean_norm=6.4079 max_norm=7.1106
Replay tap positives before filter=633 after=633
Current items collected: 152
Replay tap P3: count=134 mean_norm=25.2295 max_norm=42.0804
Replay tap P4: count=18 mean_norm=7.5288 max_norm=9.4625
Replay tap positives before filter=1700 after=1700
Current items collected: 187
Replay tap P3: count=182 mean_norm=24.8377 max_norm=45.3750
Replay tap P4: count=5 mean_norm=6.8771 max_norm=7.0401
Replay tap positives before filter=266 after=266
Current items collected: 30
Replay tap P3: count=27 mean_norm=27.7153 max_norm=46.2604
Replay tap P4: count=3 mean_norm=6.7783 max_norm=7.0507
Replay tap positives before filter=548 after=548
Current items collected: 121
Replay tap P3: count=110 mean_norm=20.7879 max_norm=45.8096
Replay tap P4: count=11 mean_norm=6.9137 max_norm=7.2311
Replay tap positives before filter=1608 after=1608
Current items collected: 214
Replay tap P3: count=207 mean_norm=22.2350 max_norm=37.2323
Replay tap P4: count=7 mean_norm=6.6325 max_norm=6.9253
Replay tap positives before filter=3022 after=3022
Current items collected: 616
Replay tap P3: count=570 mean_norm=26.2291 max_norm=36.1709
Replay tap P4: count=46 mean_norm=6.7221 max_norm=7.7035
Replay tap positives before filter=4618 after=4618
Current items collected: 859
Replay tap P3: count=838 mean_norm=22.2205 max_norm=59.0741
Replay tap P4: count=21 mean_norm=6.5593 max_norm=7.7916
Replay tap positives before filter=1048 after=1048
Current items collected: 55
Replay tap P3: count=54 mean_norm=25.6858 max_norm=34.5349
Replay tap P4: count=1 mean_norm=5.1872 max_norm=5.1872
Replay tap positives before filter=555 after=555
Current items collected: 53
Replay tap P3: count=51 mean_norm=29.1726 max_norm=40.8407
Replay tap P4: count=2 mean_norm=6.9711 max_norm=6.9787
Replay tap positives before filter=1397 after=1397
Current items collected: 263
Replay tap P3: count=246 mean_norm=25.2242 max_norm=45.6170
Replay tap P4: count=17 mean_norm=6.8061 max_norm=7.1486
Replay tap positives before filter=3323 after=3323
Current items collected: 475
Replay tap P3: count=454 mean_norm=21.6962 max_norm=33.5729
Replay tap P4: count=21 mean_norm=6.6149 max_norm=7.3214
Replay tap positives before filter=2163 after=2163
Current items collected: 362
Replay tap P3: count=326 mean_norm=24.4235 max_norm=39.3296
Replay tap P4: count=36 mean_norm=6.4538 max_norm=7.3568
Replay tap positives before filter=2137 after=2137
Current items collected: 367
Replay tap P3: count=333 mean_norm=23.6802 max_norm=38.6353
Replay tap P4: count=34 mean_norm=6.7131 max_norm=8.2880
Replay tap positives before filter=3457 after=3457
Current items collected: 579
Replay tap P3: count=565 mean_norm=24.5202 max_norm=32.9696
Replay tap P4: count=14 mean_norm=6.3126 max_norm=7.0221
Replay tap positives before filter=2167 after=2167
Current items collected: 373
Replay tap P3: count=344 mean_norm=23.4375 max_norm=53.7321
Replay tap P4: count=29 mean_norm=6.7056 max_norm=7.0922
Replay tap positives before filter=565 after=565
Current items collected: 90
Replay tap P3: count=88 mean_norm=22.8409 max_norm=43.1325
Replay tap P4: count=2 mean_norm=7.1512 max_norm=7.7106
Replay tap positives before filter=2791 after=2791
Current items collected: 494
Replay tap P3: count=439 mean_norm=18.4698 max_norm=39.3470
Replay tap P4: count=55 mean_norm=6.4776 max_norm=7.0399
Replay tap positives before filter=1472 after=1472
Current items collected: 146
Replay tap P3: count=136 mean_norm=23.5355 max_norm=44.8747
Replay tap P4: count=10 mean_norm=6.4060 max_norm=7.3751
Replay tap positives before filter=686 after=686
Current items collected: 91
Replay tap P3: count=91 mean_norm=26.7160 max_norm=44.4763
Replay tap positives before filter=3246 after=3246
Current items collected: 713
Replay tap P3: count=615 mean_norm=19.2117 max_norm=40.8565
Replay tap P4: count=98 mean_norm=6.7415 max_norm=7.4781
Replay tap positives before filter=842 after=842
Current items collected: 64
Replay tap P3: count=59 mean_norm=22.4162 max_norm=41.8908
Replay tap P4: count=5 mean_norm=6.1893 max_norm=7.5713
Replay tap positives before filter=1069 after=1069
Current items collected: 197
Replay tap P3: count=184 mean_norm=24.3000 max_norm=39.3595
Replay tap P4: count=13 mean_norm=7.1598 max_norm=11.2473
Replay tap positives before filter=1572 after=1572
Current items collected: 316
Replay tap P3: count=284 mean_norm=26.1986 max_norm=50.0248
Replay tap P4: count=32 mean_norm=6.5427 max_norm=7.4478
Replay tap positives before filter=1691 after=1691
Current items collected: 299
Replay tap P3: count=283 mean_norm=24.7605 max_norm=40.1956
Replay tap P4: count=16 mean_norm=5.8052 max_norm=7.1963
Replay tap positives before filter=1588 after=1588
Current items collected: 225
Replay tap P3: count=225 mean_norm=23.8082 max_norm=38.8315
Replay tap positives before filter=1908 after=1908
Current items collected: 275
Replay tap P3: count=248 mean_norm=25.5757 max_norm=41.4961
Replay tap P4: count=27 mean_norm=6.6040 max_norm=7.3103
Replay tap positives before filter=813 after=813
Current items collected: 160
Replay tap P3: count=156 mean_norm=28.8836 max_norm=40.0504
Replay tap P4: count=4 mean_norm=6.4248 max_norm=7.2314
Replay tap positives before filter=2771 after=2771
Current items collected: 488
Replay tap P3: count=427 mean_norm=24.8541 max_norm=36.8013
Replay tap P4: count=61 mean_norm=6.8097 max_norm=7.6811
Replay tap positives before filter=593 after=593
Current items collected: 101
Replay tap P3: count=85 mean_norm=24.7740 max_norm=41.6958
Replay tap P4: count=16 mean_norm=6.5380 max_norm=7.4532
Replay tap positives before filter=3493 after=3493
Current items collected: 484
Replay tap P3: count=449 mean_norm=24.0832 max_norm=33.9346
Replay tap P4: count=35 mean_norm=7.0506 max_norm=10.3345
Replay tap positives before filter=2172 after=2172
Current items collected: 410
Replay tap P3: count=375 mean_norm=22.2178 max_norm=35.1257
Replay tap P4: count=35 mean_norm=6.6272 max_norm=7.7984
Replay tap positives before filter=1338 after=1338
Current items collected: 225
Replay tap P3: count=207 mean_norm=24.6660 max_norm=39.8465
Replay tap P4: count=18 mean_norm=6.3511 max_norm=6.7491
Replay tap positives before filter=1359 after=1359
Current items collected: 150
Replay tap P3: count=142 mean_norm=24.6997 max_norm=36.4124
Replay tap P4: count=8 mean_norm=6.2735 max_norm=7.3101
Replay tap positives before filter=1555 after=1555
Current items collected: 329
Replay tap P3: count=299 mean_norm=21.8792 max_norm=34.6987
Replay tap P4: count=30 mean_norm=6.8229 max_norm=7.4361
Replay tap positives before filter=1179 after=1179
Current items collected: 219
Replay tap P3: count=194 mean_norm=22.7862 max_norm=38.4980
Replay tap P4: count=25 mean_norm=6.4416 max_norm=6.9777
Replay tap positives before filter=3877 after=3877
Current items collected: 654
Replay tap P3: count=572 mean_norm=23.0066 max_norm=32.1489
Replay tap P4: count=82 mean_norm=6.6276 max_norm=7.7393
Replay tap positives before filter=1284 after=1284
Current items collected: 115
Replay tap P3: count=114 mean_norm=26.2754 max_norm=36.5288
Replay tap P4: count=1 mean_norm=7.1846 max_norm=7.1846
Replay tap positives before filter=115 after=115
Current items collected: 19
Replay tap P3: count=16 mean_norm=16.3375 max_norm=32.0721
Replay tap P4: count=3 mean_norm=6.7611 max_norm=6.8842
Replay tap positives before filter=2783 after=2783
Current items collected: 368
Replay tap P3: count=328 mean_norm=20.2529 max_norm=32.5893
Replay tap P4: count=40 mean_norm=6.5328 max_norm=7.1446
Replay tap positives before filter=5104 after=5104
Current items collected: 687
Replay tap P3: count=646 mean_norm=18.9764 max_norm=30.0066
Replay tap P4: count=41 mean_norm=6.6490 max_norm=7.5860
Replay tap positives before filter=1174 after=1174
Current items collected: 233
Replay tap P3: count=221 mean_norm=27.6115 max_norm=43.7059
Replay tap P4: count=12 mean_norm=6.6106 max_norm=7.3977
Replay tap positives before filter=2645 after=2645
Current items collected: 406
Replay tap P3: count=383 mean_norm=19.8412 max_norm=35.6040
Replay tap P4: count=23 mean_norm=6.5646 max_norm=8.1390
Replay tap positives before filter=2300 after=2300
Current items collected: 342
Replay tap P3: count=310 mean_norm=21.3225 max_norm=35.8283
Replay tap P4: count=32 mean_norm=6.6133 max_norm=7.4456
Replay tap positives before filter=1386 after=1386
Current items collected: 149
Replay tap P3: count=137 mean_norm=21.8787 max_norm=33.3318
Replay tap P4: count=12 mean_norm=6.9670 max_norm=7.4106
Replay tap positives before filter=336 after=336
Current items collected: 48
Replay tap P3: count=43 mean_norm=21.0568 max_norm=42.1104
Replay tap P4: count=5 mean_norm=6.4048 max_norm=6.8298
Replay tap positives before filter=1210 after=1210
Current items collected: 240
Replay tap P3: count=222 mean_norm=22.9268 max_norm=42.2714
Replay tap P4: count=18 mean_norm=6.6752 max_norm=7.5241
Replay tap positives before filter=2572 after=2572
Current items collected: 522
Replay tap P3: count=469 mean_norm=21.3471 max_norm=33.4818
Replay tap P4: count=53 mean_norm=6.7505 max_norm=7.2365
Replay tap positives before filter=3434 after=3434
Current items collected: 472
Replay tap P3: count=442 mean_norm=19.1283 max_norm=30.2248
Replay tap P4: count=30 mean_norm=6.6998 max_norm=7.4367
Replay tap positives before filter=1877 after=1877
Current items collected: 261
Replay tap P3: count=240 mean_norm=21.9054 max_norm=35.4216
Replay tap P4: count=21 mean_norm=6.3165 max_norm=7.1238
Replay tap positives before filter=1137 after=1137
Current items collected: 188
Replay tap P3: count=188 mean_norm=23.3452 max_norm=41.3783
Replay tap positives before filter=2010 after=2010
Current items collected: 275
Replay tap P3: count=242 mean_norm=22.3398 max_norm=35.3752
Replay tap P4: count=33 mean_norm=6.6938 max_norm=9.5694
Replay tap positives before filter=3972 after=3972
Current items collected: 583
Replay tap P3: count=533 mean_norm=20.5991 max_norm=39.4098
Replay tap P4: count=50 mean_norm=7.0071 max_norm=8.0502
Replay tap positives before filter=2795 after=2795
Current items collected: 345
Replay tap P3: count=332 mean_norm=20.2594 max_norm=47.2710
Replay tap P4: count=13 mean_norm=6.4553 max_norm=7.0562
Replay tap positives before filter=369 after=369
Current items collected: 38
Replay tap P3: count=28 mean_norm=22.0134 max_norm=36.2270
Replay tap P4: count=10 mean_norm=8.8828 max_norm=11.5874
Replay tap positives before filter=2625 after=2625
Current items collected: 395
Replay tap P3: count=350 mean_norm=18.3142 max_norm=31.4439
Replay tap P4: count=45 mean_norm=6.5464 max_norm=7.2813
Replay tap positives before filter=2153 after=2153
Current items collected: 304
Replay tap P3: count=281 mean_norm=20.9574 max_norm=44.8435
Replay tap P4: count=23 mean_norm=6.1425 max_norm=7.1030
Replay tap positives before filter=1706 after=1706
Current items collected: 224
Replay tap P3: count=195 mean_norm=22.3567 max_norm=38.9220
Replay tap P4: count=29 mean_norm=6.6722 max_norm=7.1412
Replay tap positives before filter=405 after=405
Current items collected: 15
Replay tap P3: count=15 mean_norm=21.3217 max_norm=28.6229
Replay tap positives before filter=2663 after=2663
Current items collected: 492
Replay tap P3: count=452 mean_norm=20.9316 max_norm=36.9095
Replay tap P4: count=40 mean_norm=6.5156 max_norm=7.0875
Replay tap positives before filter=3302 after=3292
Current items collected: 434
Replay tap P3: count=401 mean_norm=21.9383 max_norm=31.9542
Replay tap P4: count=33 mean_norm=6.9444 max_norm=7.8336
Replay tap positives before filter=2483 after=2483
Current items collected: 448
Replay tap P3: count=428 mean_norm=22.1616 max_norm=48.2094
Replay tap P4: count=20 mean_norm=6.6156 max_norm=7.1507
Replay tap positives before filter=1595 after=1595
Current items collected: 216
Replay tap P3: count=208 mean_norm=26.6141 max_norm=38.7210
Replay tap P4: count=8 mean_norm=6.8302 max_norm=7.3548
Replay tap positives before filter=3116 after=3116
Current items collected: 267
Replay tap P3: count=260 mean_norm=16.6847 max_norm=40.6022
Replay tap P4: count=7 mean_norm=6.8503 max_norm=7.7265
Replay tap positives before filter=2673 after=2663
Current items collected: 277
Replay tap P3: count=267 mean_norm=17.4194 max_norm=33.6838
Replay tap P4: count=10 mean_norm=6.7040 max_norm=7.4696
Replay tap positives before filter=2683 after=2683
Current items collected: 439
Replay tap P3: count=425 mean_norm=22.6084 max_norm=34.8262
Replay tap P4: count=14 mean_norm=6.6699 max_norm=7.2967
Replay tap positives before filter=987 after=987
Current items collected: 34
Replay tap P3: count=34 mean_norm=24.0090 max_norm=32.3033
Replay tap positives before filter=2425 after=2425
Current items collected: 305
Replay tap P3: count=303 mean_norm=23.4937 max_norm=51.7381
Replay tap P4: count=2 mean_norm=7.0172 max_norm=7.1626
Replay tap positives before filter=4798 after=4798
Current items collected: 658
Replay tap P3: count=632 mean_norm=19.1512 max_norm=29.7838
Replay tap P4: count=26 mean_norm=6.9614 max_norm=7.4157
Replay tap positives before filter=2265 after=2265
Current items collected: 426
Replay tap P3: count=393 mean_norm=20.7358 max_norm=38.2748
Replay tap P4: count=33 mean_norm=6.7619 max_norm=7.3795
Replay tap positives before filter=1376 after=1376
Current items collected: 143
Replay tap P3: count=123 mean_norm=17.2674 max_norm=31.9804
Replay tap P4: count=20 mean_norm=6.2686 max_norm=8.1948
Replay tap positives before filter=3871 after=3871
Current items collected: 765
Replay tap P3: count=680 mean_norm=22.7472 max_norm=34.5571
Replay tap P4: count=85 mean_norm=6.8831 max_norm=7.4517
Replay tap positives before filter=1216 after=1216
Current items collected: 189
Replay tap P3: count=169 mean_norm=22.1470 max_norm=32.5730
Replay tap P4: count=20 mean_norm=7.0293 max_norm=7.6493
Replay tap positives before filter=4924 after=4924
Current items collected: 670
Replay tap P3: count=630 mean_norm=19.8513 max_norm=32.5852
Replay tap P4: count=40 mean_norm=6.9224 max_norm=7.3796
Replay tap positives before filter=1186 after=1186
Current items collected: 68
Replay tap P3: count=62 mean_norm=23.9638 max_norm=37.3298
Replay tap P4: count=6 mean_norm=6.2128 max_norm=6.9571
Replay tap positives before filter=1179 after=1179
Current items collected: 276
Replay tap P3: count=224 mean_norm=20.4229 max_norm=32.5249
Replay tap P4: count=52 mean_norm=7.0098 max_norm=9.1262
Replay tap positives before filter=3875 after=3865
Current items collected: 511
Replay tap P3: count=474 mean_norm=21.4475 max_norm=32.2703
Replay tap P4: count=37 mean_norm=6.3233 max_norm=7.4889
Replay tap positives before filter=1440 after=1440
Current items collected: 151
Replay tap P3: count=138 mean_norm=22.4164 max_norm=41.1325
Replay tap P4: count=13 mean_norm=6.5611 max_norm=8.6464
Replay tap positives before filter=672 after=672
Current items collected: 35
Replay tap P3: count=32 mean_norm=27.5647 max_norm=37.8287
Replay tap P4: count=3 mean_norm=7.0099 max_norm=7.1781
Replay tap positives before filter=2675 after=2675
Current items collected: 319
Replay tap P3: count=303 mean_norm=24.0298 max_norm=36.7967
Replay tap P4: count=16 mean_norm=7.0056 max_norm=7.4128
Replay tap positives before filter=2064 after=2064
Current items collected: 384
Replay tap P3: count=337 mean_norm=25.8878 max_norm=36.9212
Replay tap P4: count=47 mean_norm=6.9049 max_norm=7.3883
Replay tap positives before filter=2645 after=2645
Current items collected: 323
Replay tap P3: count=288 mean_norm=22.6456 max_norm=32.8760
Replay tap P4: count=35 mean_norm=6.7902 max_norm=7.5774
Replay tap positives before filter=1546 after=1546
Current items collected: 196
Replay tap P3: count=181 mean_norm=25.5532 max_norm=36.6911
Replay tap P4: count=15 mean_norm=6.9695 max_norm=7.4456
Replay tap positives before filter=520 after=520
Current items collected: 73
Replay tap P3: count=65 mean_norm=23.2750 max_norm=42.6008
Replay tap P4: count=8 mean_norm=6.4998 max_norm=7.2765
Replay tap positives before filter=959 after=959
Current items collected: 62
Replay tap P3: count=61 mean_norm=22.3797 max_norm=33.7436
Replay tap P4: count=1 mean_norm=6.4022 max_norm=6.4022
Replay tap positives before filter=2224 after=2224
Current items collected: 420
Replay tap P3: count=387 mean_norm=22.5391 max_norm=35.9468
Replay tap P4: count=33 mean_norm=6.9380 max_norm=7.6057
Replay tap positives before filter=2130 after=2130
Current items collected: 250
Replay tap P3: count=228 mean_norm=25.7442 max_norm=36.3610
Replay tap P4: count=22 mean_norm=6.9585 max_norm=8.6816
Replay tap positives before filter=3207 after=3207
Current items collected: 367
Replay tap P3: count=341 mean_norm=23.1367 max_norm=54.1537
Replay tap P4: count=26 mean_norm=6.8681 max_norm=7.5156
Replay tap positives before filter=393 after=393
Current items collected: 71
Replay tap P3: count=65 mean_norm=23.6311 max_norm=66.4846
Replay tap P4: count=6 mean_norm=6.9405 max_norm=7.1823
Replay tap positives before filter=3985 after=3985
Current items collected: 581
Replay tap P3: count=574 mean_norm=21.6789 max_norm=35.5400
Replay tap P4: count=7 mean_norm=6.6263 max_norm=7.3005
Replay tap positives before filter=3131 after=3131
Current items collected: 482
Replay tap P3: count=462 mean_norm=23.7639 max_norm=33.9724
Replay tap P4: count=20 mean_norm=7.0923 max_norm=7.8623
Replay tap positives before filter=2834 after=2834
Current items collected: 587
Replay tap P3: count=533 mean_norm=22.9896 max_norm=35.5239
Replay tap P4: count=54 mean_norm=6.7548 max_norm=7.2595
Replay tap positives before filter=1400 after=1400
Current items collected: 150
Replay tap P3: count=122 mean_norm=20.0477 max_norm=33.4470
Replay tap P4: count=28 mean_norm=7.1221 max_norm=7.6252
Replay tap positives before filter=952 after=952
Current items collected: 170
Replay tap P3: count=166 mean_norm=22.3936 max_norm=37.3914
Replay tap P4: count=4 mean_norm=7.2475 max_norm=7.3966
Replay tap positives before filter=1321 after=1321
Current items collected: 212
Replay tap P3: count=186 mean_norm=22.1356 max_norm=38.0086
Replay tap P4: count=26 mean_norm=6.9518 max_norm=7.7494
Replay tap positives before filter=1407 after=1407
Current items collected: 159
Replay tap P3: count=145 mean_norm=21.6202 max_norm=41.9848
Replay tap P4: count=14 mean_norm=7.0274 max_norm=7.5921
Replay tap positives before filter=816 after=816
Current items collected: 150
Replay tap P3: count=132 mean_norm=24.3577 max_norm=35.9939
Replay tap P4: count=18 mean_norm=6.8746 max_norm=7.2765
Replay tap positives before filter=4192 after=4192
Current items collected: 507
Replay tap P3: count=477 mean_norm=21.7816 max_norm=32.6807
Replay tap P4: count=30 mean_norm=6.9015 max_norm=7.5942
Replay tap positives before filter=1243 after=1243
Current items collected: 139
Replay tap P3: count=132 mean_norm=24.5245 max_norm=41.9952
Replay tap P4: count=7 mean_norm=6.6986 max_norm=7.1197
Replay tap positives before filter=3481 after=3481
Current items collected: 560
Replay tap P3: count=533 mean_norm=20.6734 max_norm=32.6623
Replay tap P4: count=27 mean_norm=7.1775 max_norm=7.7923
Replay tap positives before filter=760 after=760
Current items collected: 111
Replay tap P3: count=99 mean_norm=27.3138 max_norm=38.3722
Replay tap P4: count=12 mean_norm=6.7668 max_norm=7.2056
Replay tap positives before filter=402 after=402
Current items collected: 81
Replay tap P3: count=72 mean_norm=23.5395 max_norm=32.9357
Replay tap P4: count=9 mean_norm=7.2449 max_norm=7.5735
                   all        367       8260       0.47      0.208      0.184      0.101
Replay buffer size after epoch 3: 512 embeddings across 4 classes.
Saved 512 replay embeddings to /home/ddwilde/scriptie/runs/dota_saab/stage1-saab5/replay/buffer.pt

      Epoch    GPU_mem   box_loss   cls_loss   dfl_loss  Instances       Size
Replay tap positives before filter=1340 after=1340
Current items collected: 125
Replay tap P3: count=118 mean_norm=22.1658 max_norm=34.3645
Replay tap P4: count=7 mean_norm=6.4553 max_norm=7.5465
Replay tap positives before filter=2126 after=2126
Current items collected: 340
Replay tap P3: count=327 mean_norm=22.6301 max_norm=34.7093
Replay tap P4: count=13 mean_norm=6.8264 max_norm=7.1477
Replay tap positives before filter=1335 after=1335
Current items collected: 249
Replay tap P3: count=231 mean_norm=24.4246 max_norm=36.2646
Replay tap P4: count=18 mean_norm=6.8781 max_norm=7.4161
Replay tap positives before filter=366 after=366
Current items collected: 62
Replay tap P3: count=48 mean_norm=16.6562 max_norm=31.3078
Replay tap P4: count=14 mean_norm=6.1822 max_norm=7.3680
Replay tap positives before filter=270 after=270
Current items collected: 160
Replay tap P3: count=156 mean_norm=28.9047 max_norm=49.8625
Replay tap P4: count=4 mean_norm=6.6479 max_norm=7.0398
Replay tap positives before filter=2189 after=2179
Current items collected: 331
Replay tap P3: count=299 mean_norm=23.6835 max_norm=32.4159
Replay tap P4: count=32 mean_norm=6.8854 max_norm=7.6728
Replay tap positives before filter=2110 after=2110
Current items collected: 139
Replay tap P3: count=125 mean_norm=20.4366 max_norm=33.4154
Replay tap P4: count=14 mean_norm=7.1084 max_norm=7.5854
Replay tap positives before filter=1027 after=1027
Current items collected: 168
Replay tap P3: count=163 mean_norm=23.2390 max_norm=33.6646
Replay tap P4: count=5 mean_norm=6.8037 max_norm=6.9243
Replay tap positives before filter=212 after=212
Current items collected: 29
Replay tap P3: count=28 mean_norm=12.6035 max_norm=25.6962
Replay tap P4: count=1 mean_norm=7.1375 max_norm=7.1375
Replay tap positives before filter=3536 after=3536
Current items collected: 539
Replay tap P3: count=472 mean_norm=20.2621 max_norm=33.4202
Replay tap P4: count=67 mean_norm=7.1924 max_norm=7.6432
Replay tap positives before filter=1101 after=1101
Current items collected: 217
Replay tap P3: count=204 mean_norm=25.4410 max_norm=44.2877
Replay tap P4: count=13 mean_norm=7.0992 max_norm=7.4678
Replay tap positives before filter=1476 after=1466
Current items collected: 138
Replay tap P3: count=127 mean_norm=21.6283 max_norm=32.2508
Replay tap P4: count=11 mean_norm=6.7448 max_norm=7.4988
Replay tap positives before filter=1182 after=1182
Current items collected: 120
Replay tap P3: count=119 mean_norm=24.4458 max_norm=33.4644
Replay tap P4: count=1 mean_norm=6.6170 max_norm=6.6170
Replay tap positives before filter=3395 after=3395
Current items collected: 194
Replay tap P3: count=190 mean_norm=22.1296 max_norm=35.2833
Replay tap P4: count=4 mean_norm=7.2014 max_norm=7.2806
Replay tap positives before filter=4022 after=4022
Current items collected: 577
Replay tap P3: count=513 mean_norm=17.4661 max_norm=31.6658
Replay tap P4: count=64 mean_norm=7.0794 max_norm=8.0280
Replay tap positives before filter=955 after=955
Current items collected: 136
Replay tap P3: count=123 mean_norm=16.3806 max_norm=34.0950
Replay tap P4: count=13 mean_norm=6.9259 max_norm=7.7262
Replay tap positives before filter=420 after=420
Current items collected: 80
Replay tap P3: count=73 mean_norm=10.8947 max_norm=34.7146
Replay tap P4: count=7 mean_norm=6.9086 max_norm=7.6886
Replay tap positives before filter=945 after=945
Current items collected: 134
Replay tap P3: count=124 mean_norm=23.0387 max_norm=30.1741
Replay tap P4: count=10 mean_norm=6.6303 max_norm=7.0732
Replay tap positives before filter=2648 after=2648
Current items collected: 287
Replay tap P3: count=271 mean_norm=22.2161 max_norm=34.0113
Replay tap P4: count=16 mean_norm=7.3416 max_norm=8.7398
Replay tap positives before filter=638 after=638
Current items collected: 36
Replay tap P3: count=35 mean_norm=23.0031 max_norm=30.5667
Replay tap P4: count=1 mean_norm=6.0810 max_norm=6.0810
Replay tap positives before filter=2036 after=2036
Current items collected: 494
Replay tap P3: count=477 mean_norm=24.9382 max_norm=38.6860
Replay tap P4: count=17 mean_norm=6.8596 max_norm=7.3853
Replay tap positives before filter=4106 after=4106
Current items collected: 385
Replay tap P3: count=378 mean_norm=20.0808 max_norm=28.7000
Replay tap P4: count=7 mean_norm=6.9059 max_norm=7.6272
Replay tap positives before filter=238 after=238
Current items collected: 53
Replay tap P3: count=44 mean_norm=16.8988 max_norm=27.0473
Replay tap P4: count=9 mean_norm=7.2591 max_norm=7.9545
Replay tap positives before filter=699 after=699
Current items collected: 67
Replay tap P3: count=66 mean_norm=21.1699 max_norm=30.8460
Replay tap P4: count=1 mean_norm=6.9588 max_norm=6.9588
Replay tap positives before filter=2184 after=2184
Current items collected: 324
Replay tap P3: count=294 mean_norm=18.2428 max_norm=35.2720
Replay tap P4: count=30 mean_norm=7.0762 max_norm=7.7029
Replay tap positives before filter=3531 after=3531
Current items collected: 582
Replay tap P3: count=532 mean_norm=20.5178 max_norm=31.2483
Replay tap P4: count=50 mean_norm=7.5493 max_norm=10.0024
Replay tap positives before filter=737 after=737
Current items collected: 70
Replay tap P3: count=66 mean_norm=20.0206 max_norm=26.7355
Replay tap P4: count=4 mean_norm=6.7723 max_norm=7.3339
Replay tap positives before filter=663 after=663
Current items collected: 80
Replay tap P3: count=71 mean_norm=24.0015 max_norm=31.8948
Replay tap P4: count=9 mean_norm=6.5979 max_norm=7.2062
Replay tap positives before filter=2871 after=2871
Current items collected: 431
Replay tap P3: count=410 mean_norm=22.2905 max_norm=39.8749
Replay tap P4: count=21 mean_norm=6.9112 max_norm=7.2808
Replay tap positives before filter=983 after=983
Current items collected: 138
Replay tap P3: count=132 mean_norm=22.6883 max_norm=40.5670
Replay tap P4: count=6 mean_norm=7.0842 max_norm=7.4366
Replay tap positives before filter=1538 after=1538
Current items collected: 222
Replay tap P3: count=199 mean_norm=21.2733 max_norm=47.2649
Replay tap P4: count=23 mean_norm=6.7708 max_norm=7.4141
Replay tap positives before filter=4490 after=4490
Current items collected: 929
Replay tap P3: count=814 mean_norm=17.0968 max_norm=27.2857
Replay tap P4: count=115 mean_norm=7.0952 max_norm=7.9929
Replay tap positives before filter=805 after=805
Current items collected: 146
Replay tap P3: count=127 mean_norm=21.8685 max_norm=32.9080
Replay tap P4: count=19 mean_norm=6.7670 max_norm=7.4961
Replay tap positives before filter=2184 after=2184
Current items collected: 353
Replay tap P3: count=345 mean_norm=21.2200 max_norm=36.8239
Replay tap P4: count=8 mean_norm=7.0242 max_norm=7.4119
Replay tap positives before filter=1740 after=1740
Current items collected: 188
Replay tap P3: count=183 mean_norm=19.9589 max_norm=31.1821
Replay tap P4: count=5 mean_norm=6.8474 max_norm=7.3456
Replay tap positives before filter=3036 after=3036
Current items collected: 352
Replay tap P3: count=345 mean_norm=22.0450 max_norm=35.4302
Replay tap P4: count=7 mean_norm=6.6887 max_norm=7.1600
Replay tap positives before filter=906 after=906
Current items collected: 73
Replay tap P3: count=72 mean_norm=23.7840 max_norm=36.6439
Replay tap P4: count=1 mean_norm=6.9496 max_norm=6.9496
Replay tap positives before filter=2163 after=2163
Current items collected: 319
Replay tap P3: count=286 mean_norm=21.7515 max_norm=40.7373
Replay tap P4: count=33 mean_norm=6.7252 max_norm=7.6791
Replay tap positives before filter=2942 after=2942
Current items collected: 497
Replay tap P3: count=465 mean_norm=15.7372 max_norm=33.1421
Replay tap P4: count=32 mean_norm=6.9843 max_norm=8.3875
Replay tap positives before filter=2417 after=2417
Current items collected: 283
Replay tap P3: count=277 mean_norm=17.1599 max_norm=27.4229
Replay tap P4: count=6 mean_norm=6.2436 max_norm=7.6893
Replay tap positives before filter=936 after=936
Current items collected: 208
Replay tap P3: count=173 mean_norm=20.3119 max_norm=33.0551
Replay tap P4: count=35 mean_norm=6.8631 max_norm=7.2996
Replay tap positives before filter=1412 after=1412
Current items collected: 229
Replay tap P3: count=217 mean_norm=23.7784 max_norm=49.0051
Replay tap P4: count=12 mean_norm=7.2479 max_norm=7.8309
Replay tap positives before filter=1634 after=1634
Current items collected: 216
Replay tap P3: count=206 mean_norm=22.3807 max_norm=30.0859
Replay tap P4: count=10 mean_norm=6.6145 max_norm=7.0367
Replay tap positives before filter=3655 after=3655
Current items collected: 174
Replay tap P3: count=174 mean_norm=17.3384 max_norm=37.3093
Replay tap positives before filter=757 after=757
Current items collected: 145
Replay tap P3: count=145 mean_norm=19.0772 max_norm=32.6089
Replay tap positives before filter=3909 after=3909
Current items collected: 749
Replay tap P3: count=700 mean_norm=21.8519 max_norm=45.6026
Replay tap P4: count=49 mean_norm=6.9533 max_norm=7.8317
Replay tap positives before filter=321 after=321
Current items collected: 45
Replay tap P3: count=44 mean_norm=16.5765 max_norm=54.2143
Replay tap P4: count=1 mean_norm=6.7801 max_norm=6.7801
Replay tap positives before filter=2943 after=2943
Current items collected: 426
Replay tap P3: count=395 mean_norm=18.8064 max_norm=30.2807
Replay tap P4: count=31 mean_norm=7.0588 max_norm=7.4780
Replay tap positives before filter=1097 after=1097
Current items collected: 171
Replay tap P3: count=166 mean_norm=22.9297 max_norm=35.4837
Replay tap P4: count=5 mean_norm=6.5561 max_norm=7.3339
Replay tap positives before filter=1689 after=1689
Current items collected: 310
Replay tap P3: count=298 mean_norm=24.4991 max_norm=57.3985
Replay tap P4: count=12 mean_norm=7.2173 max_norm=7.6288
Replay tap positives before filter=1907 after=1907
Current items collected: 145
Replay tap P3: count=139 mean_norm=22.7747 max_norm=32.8485
Replay tap P4: count=6 mean_norm=6.7958 max_norm=7.5854
Replay tap positives before filter=363 after=363
Current items collected: 25
Replay tap P3: count=25 mean_norm=15.0675 max_norm=26.8516
Replay tap positives before filter=522 after=522
Current items collected: 110
Replay tap P3: count=98 mean_norm=22.7037 max_norm=30.1221
Replay tap P4: count=12 mean_norm=7.1903 max_norm=7.5501
Replay tap positives before filter=4259 after=4259
Current items collected: 738
Replay tap P3: count=668 mean_norm=18.8514 max_norm=36.2861
Replay tap P4: count=70 mean_norm=7.0040 max_norm=7.8274
Replay tap positives before filter=1329 after=1329
Current items collected: 126
Replay tap P3: count=120 mean_norm=22.1766 max_norm=49.4325
Replay tap P4: count=6 mean_norm=6.8003 max_norm=7.3316
Replay tap positives before filter=1436 after=1436
Current items collected: 219
Replay tap P3: count=187 mean_norm=25.2642 max_norm=34.8058
Replay tap P4: count=32 mean_norm=7.1035 max_norm=8.4229
Replay tap positives before filter=1792 after=1792
Current items collected: 356
Replay tap P3: count=329 mean_norm=21.5318 max_norm=30.0460
Replay tap P4: count=27 mean_norm=6.7917 max_norm=7.4621
Replay tap positives before filter=3045 after=3045
Current items collected: 396
Replay tap P3: count=383 mean_norm=19.4899 max_norm=32.6964
Replay tap P4: count=13 mean_norm=6.9516 max_norm=7.3075
Replay tap positives before filter=1160 after=1160
Current items collected: 112
Replay tap P3: count=109 mean_norm=22.7582 max_norm=32.4599
Replay tap P4: count=3 mean_norm=7.0298 max_norm=7.3512
Replay tap positives before filter=1813 after=1813
Current items collected: 356
Replay tap P3: count=321 mean_norm=23.8485 max_norm=31.3825
Replay tap P4: count=35 mean_norm=7.0626 max_norm=7.7088
Replay tap positives before filter=1669 after=1669
Current items collected: 316
Replay tap P3: count=269 mean_norm=21.4260 max_norm=54.2613
Replay tap P4: count=47 mean_norm=6.8726 max_norm=7.3557
Replay tap positives before filter=2407 after=2407
Current items collected: 383
Replay tap P3: count=363 mean_norm=22.0418 max_norm=32.1301
Replay tap P4: count=20 mean_norm=7.3846 max_norm=7.8458
Replay tap positives before filter=1466 after=1466
Current items collected: 315
Replay tap P3: count=305 mean_norm=16.6731 max_norm=31.2980
Replay tap P4: count=10 mean_norm=7.1442 max_norm=7.6937
Replay tap positives before filter=3936 after=3936
Current items collected: 743
Replay tap P3: count=649 mean_norm=15.9807 max_norm=29.6404
Replay tap P4: count=94 mean_norm=6.9779 max_norm=8.0615
Replay tap positives before filter=374 after=374
Current items collected: 72
Replay tap P3: count=67 mean_norm=18.0857 max_norm=29.6881
Replay tap P4: count=5 mean_norm=7.1468 max_norm=7.7060
Replay tap positives before filter=752 after=752
Current items collected: 84
Replay tap P3: count=83 mean_norm=23.8292 max_norm=33.7831
Replay tap P4: count=1 mean_norm=6.5393 max_norm=6.5393
Replay tap positives before filter=2609 after=2609
Current items collected: 333
Replay tap P3: count=311 mean_norm=20.9279 max_norm=32.2491
Replay tap P4: count=22 mean_norm=6.8234 max_norm=7.5304
Replay tap positives before filter=1388 after=1388
Current items collected: 282
Replay tap P3: count=265 mean_norm=25.0050 max_norm=50.6903
Replay tap P4: count=17 mean_norm=6.6698 max_norm=7.4958
Replay tap positives before filter=1197 after=1197
Current items collected: 245
Replay tap P3: count=193 mean_norm=24.1135 max_norm=49.7164
Replay tap P4: count=52 mean_norm=7.2273 max_norm=9.2042
Replay tap positives before filter=3963 after=3963
Current items collected: 599
Replay tap P3: count=565 mean_norm=18.9281 max_norm=33.5549
Replay tap P4: count=34 mean_norm=7.1965 max_norm=7.9569
Replay tap positives before filter=2579 after=2579
Current items collected: 360
Replay tap P3: count=339 mean_norm=20.3889 max_norm=42.8390
Replay tap P4: count=21 mean_norm=7.2978 max_norm=7.9221
Replay tap positives before filter=2367 after=2367
Current items collected: 354
Replay tap P3: count=335 mean_norm=17.2454 max_norm=32.6303
Replay tap P4: count=19 mean_norm=6.9731 max_norm=7.6232
Replay tap positives before filter=1522 after=1522
Current items collected: 288
Replay tap P3: count=282 mean_norm=19.3771 max_norm=31.0623
Replay tap P4: count=6 mean_norm=7.0403 max_norm=7.8720
Replay tap positives before filter=2507 after=2507
Current items collected: 282
Replay tap P3: count=258 mean_norm=21.5210 max_norm=31.7980
Replay tap P4: count=24 mean_norm=6.8798 max_norm=7.4220
Replay tap positives before filter=1443 after=1443
Current items collected: 94
Replay tap P3: count=91 mean_norm=19.3970 max_norm=35.7809
Replay tap P4: count=3 mean_norm=7.1246 max_norm=7.3849
Replay tap positives before filter=1727 after=1727
Current items collected: 295
Replay tap P3: count=283 mean_norm=21.9973 max_norm=35.4644
Replay tap P4: count=12 mean_norm=7.0380 max_norm=7.6827
Replay tap positives before filter=467 after=467
Current items collected: 37
Replay tap P3: count=37 mean_norm=21.3062 max_norm=34.2653
Replay tap positives before filter=1910 after=1910
Current items collected: 317
Replay tap P3: count=296 mean_norm=26.8722 max_norm=61.9822
Replay tap P4: count=21 mean_norm=6.9694 max_norm=7.6216
Replay tap positives before filter=2261 after=2261
Current items collected: 365
Replay tap P3: count=335 mean_norm=22.8681 max_norm=35.8917
Replay tap P4: count=30 mean_norm=8.4452 max_norm=13.9150
Replay tap positives before filter=2173 after=2173
Current items collected: 407
Replay tap P3: count=353 mean_norm=19.4062 max_norm=32.2821
Replay tap P4: count=54 mean_norm=7.5136 max_norm=11.4421
Replay tap positives before filter=720 after=720
Current items collected: 133
Replay tap P3: count=115 mean_norm=24.1261 max_norm=36.9064
Replay tap P4: count=18 mean_norm=7.4328 max_norm=8.2764
Replay tap positives before filter=656 after=656
Current items collected: 71
Replay tap P3: count=66 mean_norm=22.4231 max_norm=35.4050
Replay tap P4: count=5 mean_norm=7.5538 max_norm=7.6659
Replay tap positives before filter=504 after=504
Current items collected: 101
Replay tap P3: count=89 mean_norm=24.1335 max_norm=32.0020
Replay tap P4: count=12 mean_norm=7.4820 max_norm=8.0303
Replay tap positives before filter=1192 after=1192
Current items collected: 206
Replay tap P3: count=197 mean_norm=22.2161 max_norm=31.7105
Replay tap P4: count=9 mean_norm=7.4344 max_norm=7.9507
Replay tap positives before filter=1041 after=1041
Current items collected: 165
Replay tap P3: count=155 mean_norm=23.5756 max_norm=37.2389
Replay tap P4: count=10 mean_norm=7.5952 max_norm=8.3508
Replay tap positives before filter=5574 after=5574
Current items collected: 959
Replay tap P3: count=899 mean_norm=18.2408 max_norm=43.8668
Replay tap P4: count=60 mean_norm=7.1678 max_norm=8.1679
Replay tap positives before filter=977 after=977
Current items collected: 189
Replay tap P3: count=169 mean_norm=22.2169 max_norm=42.7837
Replay tap P4: count=20 mean_norm=6.9781 max_norm=7.8465
Replay tap positives before filter=1424 after=1414
Current items collected: 518
Replay tap P3: count=504 mean_norm=23.7106 max_norm=39.6205
Replay tap P4: count=14 mean_norm=6.8099 max_norm=7.1613
Replay tap positives before filter=1692 after=1692
Current items collected: 313
Replay tap P3: count=307 mean_norm=24.7766 max_norm=33.7052
Replay tap P4: count=6 mean_norm=7.5957 max_norm=8.2422
Replay tap positives before filter=1904 after=1904
Current items collected: 327
Replay tap P3: count=289 mean_norm=25.2853 max_norm=43.0039
Replay tap P4: count=38 mean_norm=7.3110 max_norm=7.8511
Replay tap positives before filter=2149 after=2149
Current items collected: 323
Replay tap P3: count=289 mean_norm=19.9841 max_norm=33.2079
Replay tap P4: count=34 mean_norm=7.2361 max_norm=7.7591
Replay tap positives before filter=2382 after=2382
Current items collected: 279
Replay tap P3: count=276 mean_norm=25.6855 max_norm=43.7190
Replay tap P4: count=3 mean_norm=7.6162 max_norm=8.1254
Replay tap positives before filter=1296 after=1296
Current items collected: 201
Replay tap P3: count=187 mean_norm=22.4042 max_norm=33.7400
Replay tap P4: count=14 mean_norm=6.8865 max_norm=7.4037
Replay tap positives before filter=703 after=703
Current items collected: 91
Replay tap P3: count=89 mean_norm=25.5404 max_norm=40.2017
Replay tap P4: count=2 mean_norm=6.9474 max_norm=7.1668
Replay tap positives before filter=2448 after=2448
Current items collected: 342
Replay tap P3: count=339 mean_norm=22.4854 max_norm=33.2190
Replay tap P4: count=3 mean_norm=7.5074 max_norm=7.7163
Replay tap positives before filter=2000 after=2000
Current items collected: 550
Replay tap P3: count=529 mean_norm=21.3928 max_norm=36.1428
Replay tap P4: count=21 mean_norm=7.0540 max_norm=8.1027
Replay tap positives before filter=1702 after=1702
Current items collected: 181
Replay tap P3: count=158 mean_norm=25.0080 max_norm=34.9412
Replay tap P4: count=23 mean_norm=7.1605 max_norm=8.1158
Replay tap positives before filter=506 after=506
Current items collected: 98
Replay tap P3: count=88 mean_norm=28.4091 max_norm=48.9292
Replay tap P4: count=10 mean_norm=7.2614 max_norm=7.6421
Replay tap positives before filter=1367 after=1367
Current items collected: 168
Replay tap P3: count=155 mean_norm=23.9858 max_norm=42.3438
Replay tap P4: count=13 mean_norm=7.6063 max_norm=8.0140
Replay tap positives before filter=1487 after=1487
Current items collected: 118
Replay tap P3: count=107 mean_norm=22.0930 max_norm=33.6594
Replay tap P4: count=11 mean_norm=7.9034 max_norm=10.0817
Replay tap positives before filter=237 after=237
Current items collected: 40
Replay tap P3: count=35 mean_norm=25.1921 max_norm=36.8739
Replay tap P4: count=5 mean_norm=6.8721 max_norm=7.7317
Replay tap positives before filter=1678 after=1678
Current items collected: 290
Replay tap P3: count=263 mean_norm=27.8894 max_norm=42.3589
Replay tap P4: count=27 mean_norm=7.4437 max_norm=9.0511
Replay tap positives before filter=3072 after=3072
Current items collected: 655
Replay tap P3: count=638 mean_norm=25.8708 max_norm=51.5402
Replay tap P4: count=17 mean_norm=8.4339 max_norm=10.8325
Replay tap positives before filter=3734 after=3734
Current items collected: 639
Replay tap P3: count=573 mean_norm=18.4588 max_norm=36.6594
Replay tap P4: count=66 mean_norm=7.3724 max_norm=8.2518
Replay tap positives before filter=1741 after=1741
Current items collected: 365
Replay tap P3: count=334 mean_norm=26.2398 max_norm=38.8325
Replay tap P4: count=31 mean_norm=7.2274 max_norm=8.0066
Replay tap positives before filter=1890 after=1890
Current items collected: 186
Replay tap P3: count=176 mean_norm=24.8731 max_norm=37.7917
Replay tap P4: count=10 mean_norm=6.9068 max_norm=7.9477
Replay tap positives before filter=2183 after=2183
Current items collected: 281
Replay tap P3: count=250 mean_norm=21.4400 max_norm=29.7583
Replay tap P4: count=31 mean_norm=7.0872 max_norm=7.5355
Replay tap positives before filter=1724 after=1724
Current items collected: 361
Replay tap P3: count=317 mean_norm=24.0431 max_norm=42.0684
Replay tap P4: count=44 mean_norm=7.4465 max_norm=9.3227
Replay tap positives before filter=1012 after=1002
Current items collected: 151
Replay tap P3: count=132 mean_norm=24.6635 max_norm=36.6964
Replay tap P4: count=19 mean_norm=7.3595 max_norm=8.5220
Replay tap positives before filter=1922 after=1922
Current items collected: 350
Replay tap P3: count=309 mean_norm=21.2168 max_norm=33.4976
Replay tap P4: count=41 mean_norm=7.5073 max_norm=10.0386
Replay tap positives before filter=3018 after=3018
Current items collected: 509
Replay tap P3: count=469 mean_norm=22.3466 max_norm=41.7915
Replay tap P4: count=40 mean_norm=7.4751 max_norm=9.9338
Replay tap positives before filter=3918 after=3918
Current items collected: 609
Replay tap P3: count=523 mean_norm=21.7028 max_norm=35.4476
Replay tap P4: count=86 mean_norm=7.5128 max_norm=8.1787
Replay tap positives before filter=2627 after=2617
Current items collected: 356
Replay tap P3: count=341 mean_norm=25.0766 max_norm=39.2593
Replay tap P4: count=15 mean_norm=6.8918 max_norm=8.0211
Replay tap positives before filter=1934 after=1934
Current items collected: 171
Replay tap P3: count=167 mean_norm=25.8904 max_norm=35.3925
Replay tap P4: count=4 mean_norm=6.5710 max_norm=7.1790
Replay tap positives before filter=1856 after=1856
Current items collected: 343
Replay tap P3: count=294 mean_norm=24.6663 max_norm=36.4061
Replay tap P4: count=49 mean_norm=7.4727 max_norm=9.5115
Replay tap positives before filter=2138 after=2138
Current items collected: 419
Replay tap P3: count=386 mean_norm=23.0891 max_norm=35.9655
Replay tap P4: count=33 mean_norm=7.8560 max_norm=10.3357
Replay tap positives before filter=1315 after=1315
Current items collected: 206
Replay tap P3: count=185 mean_norm=26.9266 max_norm=37.8784
Replay tap P4: count=21 mean_norm=6.9303 max_norm=7.7502
Replay tap positives before filter=320 after=320
Current items collected: 49
Replay tap P3: count=44 mean_norm=15.8287 max_norm=30.1629
Replay tap P4: count=5 mean_norm=7.4799 max_norm=7.8383
Replay tap positives before filter=470 after=460
Current items collected: 38
Replay tap P3: count=37 mean_norm=14.6306 max_norm=31.1814
Replay tap P4: count=1 mean_norm=6.1518 max_norm=6.1518
Replay tap positives before filter=735 after=735
Current items collected: 151
Replay tap P3: count=129 mean_norm=27.7459 max_norm=41.0513
Replay tap P4: count=22 mean_norm=8.9273 max_norm=12.4759
Replay tap positives before filter=692 after=692
Current items collected: 67
Replay tap P3: count=66 mean_norm=24.7244 max_norm=37.1913
Replay tap P4: count=1 mean_norm=4.8830 max_norm=4.8830
Replay tap positives before filter=1340 after=1340
Current items collected: 205
Replay tap P3: count=185 mean_norm=20.5878 max_norm=37.9322
Replay tap P4: count=20 mean_norm=7.7879 max_norm=14.3274
Replay tap positives before filter=6035 after=6035
Current items collected: 970
Replay tap P3: count=939 mean_norm=19.0798 max_norm=33.7388
Replay tap P4: count=31 mean_norm=7.3611 max_norm=9.1887
Replay tap positives before filter=707 after=707
Current items collected: 143
Replay tap P3: count=131 mean_norm=26.2440 max_norm=40.0713
Replay tap P4: count=12 mean_norm=7.0467 max_norm=8.2539
Replay tap positives before filter=457 after=447
Current items collected: 69
Replay tap P3: count=63 mean_norm=26.0615 max_norm=37.9529
Replay tap P4: count=6 mean_norm=7.3905 max_norm=7.7814
Replay tap positives before filter=894 after=894
Current items collected: 81
Replay tap P3: count=74 mean_norm=24.5351 max_norm=37.1488
Replay tap P4: count=7 mean_norm=6.7887 max_norm=7.6370
Replay tap positives before filter=1986 after=1986
Current items collected: 163
Replay tap P3: count=156 mean_norm=26.1210 max_norm=39.9671
Replay tap P4: count=7 mean_norm=8.6848 max_norm=13.1316
Replay tap positives before filter=2357 after=2357
Current items collected: 420
Replay tap P3: count=376 mean_norm=22.3054 max_norm=37.5396
Replay tap P4: count=44 mean_norm=7.2646 max_norm=8.0040
Replay tap positives before filter=1832 after=1832
Current items collected: 128
Replay tap P3: count=126 mean_norm=29.1160 max_norm=39.7058
Replay tap P4: count=2 mean_norm=5.8225 max_norm=6.9755
Replay tap positives before filter=1297 after=1297
Current items collected: 194
Replay tap P3: count=189 mean_norm=24.4243 max_norm=40.4908
Replay tap P4: count=5 mean_norm=7.7775 max_norm=8.0405
Replay tap positives before filter=2768 after=2768
Current items collected: 434
Replay tap P3: count=398 mean_norm=21.8489 max_norm=35.2293
Replay tap P4: count=36 mean_norm=8.5940 max_norm=14.3162
Replay tap positives before filter=1755 after=1755
Current items collected: 258
Replay tap P3: count=255 mean_norm=21.3604 max_norm=35.9851
Replay tap P4: count=3 mean_norm=6.5495 max_norm=7.3053
Replay tap positives before filter=1221 after=1221
Current items collected: 123
Replay tap P3: count=119 mean_norm=26.7194 max_norm=40.8267
Replay tap P4: count=4 mean_norm=6.8491 max_norm=7.2046
Replay tap positives before filter=1174 after=1174
Current items collected: 222
Replay tap P3: count=198 mean_norm=22.3831 max_norm=33.3119
Replay tap P4: count=24 mean_norm=7.2479 max_norm=10.7223
Replay tap positives before filter=4904 after=4904
Current items collected: 771
Replay tap P3: count=683 mean_norm=22.2489 max_norm=33.3773
Replay tap P4: count=88 mean_norm=7.5563 max_norm=13.5397
Replay tap positives before filter=1501 after=1501
Current items collected: 179
Replay tap P3: count=168 mean_norm=21.3164 max_norm=38.9601
Replay tap P4: count=11 mean_norm=7.5485 max_norm=11.1354
Replay tap positives before filter=2184 after=2174
Current items collected: 284
Replay tap P3: count=265 mean_norm=25.8494 max_norm=39.8091
Replay tap P4: count=19 mean_norm=7.2905 max_norm=7.7555
Replay tap positives before filter=1866 after=1866
Current items collected: 282
Replay tap P3: count=259 mean_norm=22.5864 max_norm=35.9609
Replay tap P4: count=23 mean_norm=7.4891 max_norm=10.0460
Replay tap positives before filter=1738 after=1738
Current items collected: 280
Replay tap P3: count=277 mean_norm=22.4416 max_norm=37.9971
Replay tap P4: count=3 mean_norm=7.3621 max_norm=8.9042
Replay tap positives before filter=4326 after=4316
Current items collected: 817
Replay tap P3: count=719 mean_norm=22.9880 max_norm=33.2054
Replay tap P4: count=98 mean_norm=7.5657 max_norm=11.4949
Replay tap positives before filter=1497 after=1497
Current items collected: 162
Replay tap P3: count=153 mean_norm=25.4773 max_norm=41.7089
Replay tap P4: count=9 mean_norm=7.3408 max_norm=8.3117
Replay tap positives before filter=818 after=818
Current items collected: 103
Replay tap P3: count=95 mean_norm=28.0824 max_norm=38.8483
Replay tap P4: count=8 mean_norm=6.9096 max_norm=7.3284
Replay tap positives before filter=4163 after=4163
Current items collected: 833
Replay tap P3: count=767 mean_norm=20.4413 max_norm=33.5699
Replay tap P4: count=66 mean_norm=7.5017 max_norm=11.3271
Replay tap positives before filter=633 after=633
Current items collected: 110
Replay tap P3: count=100 mean_norm=19.3472 max_norm=34.4335
Replay tap P4: count=10 mean_norm=7.5084 max_norm=7.7950
Replay tap positives before filter=1790 after=1790
Current items collected: 167
Replay tap P3: count=154 mean_norm=26.7858 max_norm=39.8612
Replay tap P4: count=13 mean_norm=6.8983 max_norm=9.2157
Replay tap positives before filter=887 after=887
Current items collected: 88
Replay tap P3: count=83 mean_norm=20.0420 max_norm=35.2770
Replay tap P4: count=5 mean_norm=7.0043 max_norm=7.2287
Replay tap positives before filter=4006 after=4006
Current items collected: 457
Replay tap P3: count=430 mean_norm=20.9687 max_norm=33.9037
Replay tap P4: count=27 mean_norm=6.8246 max_norm=10.0361
Replay tap positives before filter=2937 after=2937
Current items collected: 301
Replay tap P3: count=282 mean_norm=21.9968 max_norm=39.4312
Replay tap P4: count=19 mean_norm=6.9103 max_norm=7.6852
Replay tap positives before filter=2596 after=2596
Current items collected: 269
Replay tap P3: count=254 mean_norm=23.5274 max_norm=36.3697
Replay tap P4: count=15 mean_norm=7.3068 max_norm=10.6597
Replay tap positives before filter=211 after=211
Current items collected: 15
Replay tap P3: count=13 mean_norm=12.8364 max_norm=24.4210
Replay tap P4: count=2 mean_norm=6.4874 max_norm=6.8748
Replay tap positives before filter=3805 after=3805
Current items collected: 548
Replay tap P3: count=506 mean_norm=22.0682 max_norm=33.2169
Replay tap P4: count=42 mean_norm=7.2219 max_norm=10.3065
Replay tap positives before filter=4837 after=4837
Current items collected: 954
Replay tap P3: count=806 mean_norm=22.5766 max_norm=30.2741
Replay tap P4: count=148 mean_norm=7.1281 max_norm=8.1195
Replay tap positives before filter=2581 after=2581
Current items collected: 380
Replay tap P3: count=317 mean_norm=22.2114 max_norm=41.0309
Replay tap P4: count=63 mean_norm=7.9042 max_norm=16.6502
Replay tap positives before filter=1363 after=1363
Current items collected: 73
Replay tap P3: count=71 mean_norm=19.6578 max_norm=36.3127
Replay tap P4: count=2 mean_norm=7.1270 max_norm=7.3532
Replay tap positives before filter=1070 after=1070
Current items collected: 155
Replay tap P3: count=147 mean_norm=22.5629 max_norm=37.1232
Replay tap P4: count=8 mean_norm=7.2442 max_norm=7.7685
Replay tap positives before filter=3324 after=3314
Current items collected: 500
Replay tap P3: count=460 mean_norm=24.2537 max_norm=36.5118
Replay tap P4: count=40 mean_norm=7.1475 max_norm=10.6504
Replay tap positives before filter=1320 after=1320
Current items collected: 81
Replay tap P3: count=80 mean_norm=24.2392 max_norm=37.2454
Replay tap P4: count=1 mean_norm=7.3338 max_norm=7.3338
Replay tap positives before filter=680 after=680
Current items collected: 105
Replay tap P3: count=105 mean_norm=18.8461 max_norm=33.6466
Replay tap positives before filter=5199 after=5199
Current items collected: 735
Replay tap P3: count=712 mean_norm=22.3461 max_norm=41.7668
Replay tap P4: count=23 mean_norm=9.9491 max_norm=15.0602
Replay tap positives before filter=1326 after=1326
Current items collected: 261
Replay tap P3: count=240 mean_norm=21.1732 max_norm=36.1862
Replay tap P4: count=21 mean_norm=7.3847 max_norm=10.7214
Replay tap positives before filter=1940 after=1940
Current items collected: 282
Replay tap P3: count=275 mean_norm=22.1394 max_norm=34.2123
Replay tap P4: count=7 mean_norm=7.2590 max_norm=7.6652
Replay tap positives before filter=1254 after=1254
Current items collected: 195
Replay tap P3: count=172 mean_norm=27.6605 max_norm=42.3101
Replay tap P4: count=23 mean_norm=6.7898 max_norm=7.2109
Replay tap positives before filter=2470 after=2470
Current items collected: 373
Replay tap P3: count=337 mean_norm=19.6618 max_norm=36.0732
Replay tap P4: count=36 mean_norm=6.9354 max_norm=8.6359
Replay tap positives before filter=2465 after=2465
Current items collected: 461
Replay tap P3: count=408 mean_norm=23.7216 max_norm=38.8663
Replay tap P4: count=53 mean_norm=7.0623 max_norm=8.4392
Replay tap positives before filter=1799 after=1799
Current items collected: 278
Replay tap P3: count=262 mean_norm=25.2485 max_norm=35.8280
Replay tap P4: count=16 mean_norm=6.7405 max_norm=7.7748
Replay tap positives before filter=935 after=935
Current items collected: 155
Replay tap P3: count=134 mean_norm=24.6879 max_norm=34.0234
Replay tap P4: count=21 mean_norm=6.9701 max_norm=8.5367
Replay tap positives before filter=1328 after=1328
Current items collected: 176
Replay tap P3: count=168 mean_norm=24.2437 max_norm=37.6536
Replay tap P4: count=8 mean_norm=6.6290 max_norm=7.4348
Replay tap positives before filter=2641 after=2641
Current items collected: 466
Replay tap P3: count=405 mean_norm=22.6222 max_norm=35.8608
Replay tap P4: count=61 mean_norm=6.9555 max_norm=9.2413
Replay tap positives before filter=2401 after=2401
Current items collected: 309
Replay tap P3: count=261 mean_norm=24.3808 max_norm=35.4618
Replay tap P4: count=48 mean_norm=7.8097 max_norm=15.6277
Replay tap positives before filter=1641 after=1641
Current items collected: 120
Replay tap P3: count=113 mean_norm=24.5791 max_norm=39.0237
Replay tap P4: count=7 mean_norm=6.5878 max_norm=10.4678
Replay tap positives before filter=2475 after=2475
Current items collected: 390
Replay tap P3: count=358 mean_norm=17.0712 max_norm=36.5727
Replay tap P4: count=32 mean_norm=8.8214 max_norm=17.1179
Replay tap positives before filter=2485 after=2485
Current items collected: 378
Replay tap P3: count=365 mean_norm=23.9301 max_norm=35.4609
Replay tap P4: count=13 mean_norm=6.9911 max_norm=7.7688
Replay tap positives before filter=1978 after=1978
Current items collected: 298
Replay tap P3: count=283 mean_norm=22.3964 max_norm=35.4943
Replay tap P4: count=15 mean_norm=7.4864 max_norm=11.9944
Replay tap positives before filter=893 after=893
Current items collected: 133
Replay tap P3: count=120 mean_norm=24.6446 max_norm=36.6670
Replay tap P4: count=13 mean_norm=6.9562 max_norm=7.6933
Replay tap positives before filter=3229 after=3229
Current items collected: 370
Replay tap P3: count=345 mean_norm=22.3836 max_norm=36.1038
Replay tap P4: count=25 mean_norm=6.9039 max_norm=9.4554
Replay tap positives before filter=3985 after=3985
Current items collected: 565
Replay tap P3: count=540 mean_norm=21.2143 max_norm=34.5897
Replay tap P4: count=25 mean_norm=6.8333 max_norm=8.5018
Replay tap positives before filter=193 after=193
Current items collected: 28
Replay tap P3: count=28 mean_norm=24.4879 max_norm=35.9544
                   all        367       8260      0.239      0.237      0.213      0.124
Replay buffer size after epoch 4: 512 embeddings across 4 classes.
Saved 512 replay embeddings to /home/ddwilde/scriptie/runs/dota_saab/stage1-saab5/replay/buffer.pt

      Epoch    GPU_mem   box_loss   cls_loss   dfl_loss  Instances       Size
Replay tap positives before filter=3351 after=3351
Current items collected: 478
Replay tap P3: count=450 mean_norm=22.8729 max_norm=33.6729
Replay tap P4: count=28 mean_norm=6.6987 max_norm=7.1675
Replay tap positives before filter=2525 after=2525
Current items collected: 250
Replay tap P3: count=241 mean_norm=21.5842 max_norm=34.8484
Replay tap P4: count=9 mean_norm=7.1569 max_norm=7.4385
Replay tap positives before filter=1271 after=1271
Current items collected: 242
Replay tap P3: count=215 mean_norm=26.0742 max_norm=37.2285
Replay tap P4: count=27 mean_norm=6.7714 max_norm=7.7070
Replay tap positives before filter=3645 after=3645
Current items collected: 456
Replay tap P3: count=444 mean_norm=22.7047 max_norm=46.0391
Replay tap P4: count=12 mean_norm=7.1426 max_norm=9.3152
Replay tap positives before filter=1285 after=1285
Current items collected: 199
Replay tap P3: count=186 mean_norm=24.5812 max_norm=35.1110
Replay tap P4: count=13 mean_norm=7.1362 max_norm=8.0278
Replay tap positives before filter=684 after=684
Current items collected: 68
Replay tap P3: count=62 mean_norm=22.5912 max_norm=34.9507
Replay tap P4: count=6 mean_norm=7.0131 max_norm=7.7696
Replay tap positives before filter=2035 after=2035
Current items collected: 129
Replay tap P3: count=129 mean_norm=16.9999 max_norm=33.0577
Replay tap positives before filter=150 after=150
Current items collected: 33
Replay tap P3: count=27 mean_norm=14.2962 max_norm=30.1458
Replay tap P4: count=6 mean_norm=6.1448 max_norm=7.3443
Replay tap positives before filter=4118 after=4118
Current items collected: 368
Replay tap P3: count=328 mean_norm=20.7323 max_norm=34.4710
Replay tap P4: count=40 mean_norm=6.5701 max_norm=7.7100
Replay tap positives before filter=2813 after=2813
Current items collected: 281
Replay tap P3: count=256 mean_norm=20.4633 max_norm=44.0043
Replay tap P4: count=25 mean_norm=8.2730 max_norm=17.8127
Replay tap positives before filter=2052 after=2052
Current items collected: 351
Replay tap P3: count=309 mean_norm=21.5188 max_norm=37.1685
Replay tap P4: count=42 mean_norm=6.9745 max_norm=8.5193
Replay tap positives before filter=1664 after=1664
Current items collected: 173
Replay tap P3: count=168 mean_norm=23.7305 max_norm=36.0329
Replay tap P4: count=5 mean_norm=6.5571 max_norm=7.1620
Replay tap positives before filter=656 after=656
Current items collected: 45
Replay tap P3: count=45 mean_norm=28.0295 max_norm=37.5945
Replay tap positives before filter=333 after=333
Current items collected: 36
Replay tap P3: count=36 mean_norm=22.2117 max_norm=38.1352
Replay tap positives before filter=6486 after=6486
Current items collected: 1263
Replay tap P3: count=1118 mean_norm=20.5084 max_norm=37.8672
Replay tap P4: count=145 mean_norm=7.0803 max_norm=8.0276
Replay tap positives before filter=4676 after=4676
Current items collected: 583
Replay tap P3: count=550 mean_norm=20.8842 max_norm=35.8294
Replay tap P4: count=33 mean_norm=8.1391 max_norm=19.7329
Replay tap positives before filter=3130 after=3130
Current items collected: 400
Replay tap P3: count=376 mean_norm=24.4110 max_norm=34.7740
Replay tap P4: count=24 mean_norm=6.9362 max_norm=7.2142
Replay tap positives before filter=1198 after=1198
Current items collected: 183
Replay tap P3: count=161 mean_norm=26.8631 max_norm=43.4151
Replay tap P4: count=22 mean_norm=10.5933 max_norm=17.3430
Replay tap positives before filter=1526 after=1526
Current items collected: 253
Replay tap P3: count=220 mean_norm=23.9925 max_norm=42.8849
Replay tap P4: count=33 mean_norm=6.9433 max_norm=8.3151
Replay tap positives before filter=1094 after=1094
Current items collected: 176
Replay tap P3: count=165 mean_norm=25.9393 max_norm=39.3429
Replay tap P4: count=11 mean_norm=6.8981 max_norm=7.4532
Replay tap positives before filter=203 after=203
Current items collected: 32
Replay tap P3: count=28 mean_norm=33.4903 max_norm=49.5342
Replay tap P4: count=4 mean_norm=7.8928 max_norm=8.7200
Replay tap positives before filter=1924 after=1924
Current items collected: 347
Replay tap P3: count=311 mean_norm=25.0057 max_norm=41.1294
Replay tap P4: count=36 mean_norm=6.9234 max_norm=8.5823
Replay tap positives before filter=1018 after=1018
Current items collected: 199
Replay tap P3: count=196 mean_norm=23.5668 max_norm=40.1367
Replay tap P4: count=3 mean_norm=7.0057 max_norm=7.1333
Replay tap positives before filter=2026 after=2026
Current items collected: 258
Replay tap P3: count=219 mean_norm=19.3174 max_norm=37.3063
Replay tap P4: count=39 mean_norm=8.8011 max_norm=17.3563
Replay tap positives before filter=1014 after=1014
Current items collected: 145
Replay tap P3: count=129 mean_norm=19.2119 max_norm=37.2011
Replay tap P4: count=16 mean_norm=6.6044 max_norm=7.1575
Replay tap positives before filter=2132 after=2132
Current items collected: 409
Replay tap P3: count=324 mean_norm=16.1539 max_norm=38.5543
Replay tap P4: count=85 mean_norm=8.0268 max_norm=21.8891
Replay tap positives before filter=1996 after=1996
Current items collected: 272
Replay tap P3: count=255 mean_norm=23.1056 max_norm=38.4003
Replay tap P4: count=17 mean_norm=6.8686 max_norm=7.3589
Replay tap positives before filter=1535 after=1535
Current items collected: 185
Replay tap P3: count=161 mean_norm=24.7800 max_norm=37.3536
Replay tap P4: count=24 mean_norm=6.5991 max_norm=7.9625
Replay tap positives before filter=1152 after=1152
Current items collected: 186
Replay tap P3: count=173 mean_norm=24.3597 max_norm=50.0713
Replay tap P4: count=13 mean_norm=9.3092 max_norm=12.4260
Replay tap positives before filter=1883 after=1883
Current items collected: 378
Replay tap P3: count=341 mean_norm=23.1528 max_norm=40.4066
Replay tap P4: count=37 mean_norm=7.1834 max_norm=10.3928
Replay tap positives before filter=5512 after=5512
Current items collected: 730
Replay tap P3: count=696 mean_norm=20.1929 max_norm=32.3026
Replay tap P4: count=34 mean_norm=6.4983 max_norm=7.3042
Replay tap positives before filter=1704 after=1704
Current items collected: 156
Replay tap P3: count=146 mean_norm=22.3232 max_norm=34.9475
Replay tap P4: count=10 mean_norm=6.6478 max_norm=7.2115
Replay tap positives before filter=682 after=682
Current items collected: 20
Replay tap P3: count=20 mean_norm=20.6467 max_norm=41.1527
Replay tap positives before filter=1900 after=1900
Current items collected: 280
Replay tap P3: count=245 mean_norm=23.0179 max_norm=36.5470
Replay tap P4: count=35 mean_norm=6.6925 max_norm=8.6257
Replay tap positives before filter=1820 after=1820
Current items collected: 278
Replay tap P3: count=258 mean_norm=22.9690 max_norm=37.0048
Replay tap P4: count=20 mean_norm=6.5267 max_norm=7.1179
Replay tap positives before filter=2911 after=2911
Current items collected: 421
Replay tap P3: count=403 mean_norm=22.5260 max_norm=36.9406
Replay tap P4: count=18 mean_norm=6.9980 max_norm=7.6379
Replay tap positives before filter=716 after=716
Current items collected: 93
Replay tap P3: count=88 mean_norm=27.8742 max_norm=39.5777
Replay tap P4: count=5 mean_norm=6.9971 max_norm=7.1942
Replay tap positives before filter=2212 after=2212
Current items collected: 279
Replay tap P3: count=255 mean_norm=22.3476 max_norm=34.2807
Replay tap P4: count=24 mean_norm=7.2915 max_norm=9.7537
Replay tap positives before filter=1221 after=1221
Current items collected: 201
Replay tap P3: count=184 mean_norm=23.2494 max_norm=35.2619
Replay tap P4: count=17 mean_norm=7.1672 max_norm=11.6373
Replay tap positives before filter=3742 after=3742
Current items collected: 563
Replay tap P3: count=513 mean_norm=20.5633 max_norm=34.3188
Replay tap P4: count=50 mean_norm=8.1597 max_norm=17.3496
Replay tap positives before filter=2111 after=2111
Current items collected: 272
Replay tap P3: count=267 mean_norm=21.2928 max_norm=35.9193
Replay tap P4: count=5 mean_norm=6.5949 max_norm=7.3697
Replay tap positives before filter=1905 after=1905
Current items collected: 317
Replay tap P3: count=294 mean_norm=21.8356 max_norm=39.4639
Replay tap P4: count=23 mean_norm=6.9040 max_norm=7.3887
Replay tap positives before filter=3404 after=3404
Current items collected: 594
Replay tap P3: count=579 mean_norm=20.5808 max_norm=32.2110
Replay tap P4: count=15 mean_norm=7.1619 max_norm=14.1191
Replay tap positives before filter=2373 after=2373
Current items collected: 323
Replay tap P3: count=307 mean_norm=22.0698 max_norm=39.1612
Replay tap P4: count=16 mean_norm=6.5127 max_norm=7.2780
Replay tap positives before filter=832 after=832
Current items collected: 163
Replay tap P3: count=136 mean_norm=22.4826 max_norm=33.8955
Replay tap P4: count=27 mean_norm=8.8857 max_norm=17.5862
Replay tap positives before filter=3342 after=3342
Current items collected: 391
Replay tap P3: count=371 mean_norm=24.1412 max_norm=34.4480
Replay tap P4: count=20 mean_norm=6.9465 max_norm=7.6999
Replay tap positives before filter=3049 after=3049
Current items collected: 418
Replay tap P3: count=399 mean_norm=20.2530 max_norm=33.5258
Replay tap P4: count=19 mean_norm=6.7139 max_norm=7.1709
Replay tap positives before filter=375 after=375
Current items collected: 65
Replay tap P3: count=60 mean_norm=21.0936 max_norm=31.0438
Replay tap P4: count=5 mean_norm=6.3421 max_norm=6.7850
Replay tap positives before filter=1522 after=1522
Current items collected: 131
Replay tap P3: count=130 mean_norm=22.3090 max_norm=32.4556
Replay tap P4: count=1 mean_norm=7.2789 max_norm=7.2789
Replay tap positives before filter=4828 after=4828
Current items collected: 595
Replay tap P3: count=582 mean_norm=20.4997 max_norm=39.0568
Replay tap P4: count=13 mean_norm=6.6081 max_norm=6.9200
Replay tap positives before filter=3983 after=3983
Current items collected: 853
Replay tap P3: count=714 mean_norm=23.1701 max_norm=43.3564
Replay tap P4: count=139 mean_norm=6.7775 max_norm=7.5393
Replay tap positives before filter=1371 after=1371
Current items collected: 133
Replay tap P3: count=117 mean_norm=22.2302 max_norm=37.2075
Replay tap P4: count=16 mean_norm=6.4010 max_norm=6.8074
Replay tap positives before filter=380 after=380
Current items collected: 60
Replay tap P3: count=57 mean_norm=22.6361 max_norm=37.7252
Replay tap P4: count=3 mean_norm=6.8128 max_norm=7.4425
Replay tap positives before filter=1571 after=1571
Current items collected: 289
Replay tap P3: count=265 mean_norm=23.4263 max_norm=44.7867
Replay tap P4: count=24 mean_norm=6.7072 max_norm=8.0446
Replay tap positives before filter=2973 after=2973
Current items collected: 597
Replay tap P3: count=556 mean_norm=22.3063 max_norm=42.8068
Replay tap P4: count=41 mean_norm=7.0675 max_norm=9.2900
Replay tap positives before filter=676 after=676
Current items collected: 75
Replay tap P3: count=67 mean_norm=18.8880 max_norm=35.6866
Replay tap P4: count=8 mean_norm=6.5969 max_norm=7.2566
Replay tap positives before filter=7004 after=7004
Current items collected: 1290
Replay tap P3: count=1173 mean_norm=18.7129 max_norm=30.1794
Replay tap P4: count=117 mean_norm=7.2509 max_norm=8.8687
Replay tap positives before filter=3718 after=3718
Current items collected: 591
Replay tap P3: count=547 mean_norm=19.2860 max_norm=36.3007
Replay tap P4: count=44 mean_norm=6.8630 max_norm=8.6853
Replay tap positives before filter=2713 after=2713
Current items collected: 473
Replay tap P3: count=421 mean_norm=21.1186 max_norm=34.6312
Replay tap P4: count=52 mean_norm=7.0173 max_norm=10.0126
Replay tap positives before filter=1195 after=1195
Current items collected: 190
Replay tap P3: count=164 mean_norm=23.0371 max_norm=33.7109
Replay tap P4: count=26 mean_norm=6.9858 max_norm=8.9221
Replay tap positives before filter=3229 after=3229
Current items collected: 554
Replay tap P3: count=495 mean_norm=21.5299 max_norm=34.5523
Replay tap P4: count=59 mean_norm=7.5019 max_norm=14.3042
Replay tap positives before filter=740 after=740
Current items collected: 40
Replay tap P3: count=40 mean_norm=17.9588 max_norm=31.9605
Replay tap positives before filter=3012 after=3012
Current items collected: 480
Replay tap P3: count=443 mean_norm=21.3974 max_norm=40.0242
Replay tap P4: count=37 mean_norm=6.7159 max_norm=7.4500
Replay tap positives before filter=3109 after=3109
Current items collected: 406
Replay tap P3: count=392 mean_norm=20.5911 max_norm=34.0593
Replay tap P4: count=14 mean_norm=6.7896 max_norm=8.0431
Replay tap positives before filter=504 after=504
Current items collected: 106
Replay tap P3: count=96 mean_norm=20.8114 max_norm=33.0428
Replay tap P4: count=10 mean_norm=6.7843 max_norm=8.0885
Replay tap positives before filter=1715 after=1715
Current items collected: 201
Replay tap P3: count=194 mean_norm=24.5282 max_norm=36.1771
Replay tap P4: count=7 mean_norm=6.3470 max_norm=6.7370
Replay tap positives before filter=354 after=354
Current items collected: 68
Replay tap P3: count=47 mean_norm=19.7744 max_norm=45.7948
Replay tap P4: count=21 mean_norm=14.0292 max_norm=18.2896
Replay tap positives before filter=673 after=673
Current items collected: 113
Replay tap P3: count=108 mean_norm=25.1280 max_norm=37.4041
Replay tap P4: count=5 mean_norm=6.2719 max_norm=6.5625
Replay tap positives before filter=1563 after=1563
Current items collected: 157
Replay tap P3: count=153 mean_norm=21.3624 max_norm=36.4363
Replay tap P4: count=4 mean_norm=6.8040 max_norm=7.1130
Replay tap positives before filter=3075 after=3075
Current items collected: 532
Replay tap P3: count=504 mean_norm=21.7831 max_norm=32.6052
Replay tap P4: count=28 mean_norm=6.9414 max_norm=8.2079
Replay tap positives before filter=1842 after=1842
Current items collected: 348
Replay tap P3: count=320 mean_norm=23.4349 max_norm=41.1552
Replay tap P4: count=28 mean_norm=7.7014 max_norm=13.7626
Replay tap positives before filter=2624 after=2624
Current items collected: 346
Replay tap P3: count=325 mean_norm=23.1044 max_norm=42.4704
Replay tap P4: count=21 mean_norm=6.5664 max_norm=7.7469
Replay tap positives before filter=622 after=622
Current items collected: 63
Replay tap P3: count=62 mean_norm=25.4669 max_norm=37.9121
Replay tap P4: count=1 mean_norm=6.8225 max_norm=6.8225
Replay tap positives before filter=2852 after=2852
Current items collected: 302
Replay tap P3: count=290 mean_norm=19.2207 max_norm=32.9439
Replay tap P4: count=12 mean_norm=6.7593 max_norm=6.9716
Replay tap positives before filter=1884 after=1884
Current items collected: 370
Replay tap P3: count=322 mean_norm=22.5519 max_norm=35.4287
Replay tap P4: count=48 mean_norm=6.9128 max_norm=8.3457
Replay tap positives before filter=649 after=649
Current items collected: 24
Replay tap P3: count=24 mean_norm=21.0533 max_norm=25.5062
Replay tap positives before filter=2716 after=2716
Current items collected: 608
Replay tap P3: count=562 mean_norm=22.1074 max_norm=37.8536
Replay tap P4: count=46 mean_norm=6.9552 max_norm=7.9785
Replay tap positives before filter=3282 after=3282
Current items collected: 505
Replay tap P3: count=499 mean_norm=22.9377 max_norm=35.0978
Replay tap P4: count=6 mean_norm=6.8002 max_norm=7.1858
Replay tap positives before filter=1351 after=1351
Current items collected: 239
Replay tap P3: count=226 mean_norm=20.2871 max_norm=35.0265
Replay tap P4: count=13 mean_norm=6.9779 max_norm=8.0494
Replay tap positives before filter=3418 after=3418
Current items collected: 572
Replay tap P3: count=533 mean_norm=23.0481 max_norm=42.6481
Replay tap P4: count=39 mean_norm=9.6574 max_norm=23.1302
Replay tap positives before filter=3114 after=3114
Current items collected: 377
Replay tap P3: count=369 mean_norm=21.7867 max_norm=32.9077
Replay tap P4: count=8 mean_norm=6.8921 max_norm=7.2952
Replay tap positives before filter=1649 after=1639
Current items collected: 188
Replay tap P3: count=173 mean_norm=22.3178 max_norm=36.7422
Replay tap P4: count=15 mean_norm=6.6586 max_norm=6.9179
Replay tap positives before filter=1517 after=1517
Current items collected: 197
Replay tap P3: count=183 mean_norm=22.8226 max_norm=36.4500
Replay tap P4: count=14 mean_norm=7.0223 max_norm=7.5257
Replay tap positives before filter=2311 after=2311
Current items collected: 215
Replay tap P3: count=206 mean_norm=24.2579 max_norm=36.6416
Replay tap P4: count=9 mean_norm=15.9831 max_norm=23.6507
Replay tap positives before filter=4041 after=4041
Current items collected: 600
Replay tap P3: count=568 mean_norm=20.8152 max_norm=30.9221
Replay tap P4: count=32 mean_norm=6.5200 max_norm=7.9466
Replay tap positives before filter=455 after=455
Current items collected: 91
Replay tap P3: count=85 mean_norm=25.9217 max_norm=35.8825
Replay tap P4: count=6 mean_norm=7.8830 max_norm=10.5501
Replay tap positives before filter=2271 after=2271
Current items collected: 385
Replay tap P3: count=351 mean_norm=24.0080 max_norm=38.1764
Replay tap P4: count=34 mean_norm=6.8635 max_norm=7.8336
Replay tap positives before filter=2461 after=2461
Current items collected: 391
Replay tap P3: count=337 mean_norm=21.2055 max_norm=37.4003
Replay tap P4: count=54 mean_norm=8.5215 max_norm=19.8087
Replay tap positives before filter=1605 after=1605
Current items collected: 148
Replay tap P3: count=141 mean_norm=25.5014 max_norm=38.9125
Replay tap P4: count=7 mean_norm=6.5605 max_norm=7.4228
Replay tap positives before filter=1005 after=1005
Current items collected: 115
Replay tap P3: count=107 mean_norm=22.0792 max_norm=38.7867
Replay tap P4: count=8 mean_norm=6.7189 max_norm=7.3783
Replay tap positives before filter=1209 after=1209
Current items collected: 140
Replay tap P3: count=124 mean_norm=20.8349 max_norm=39.4580
Replay tap P4: count=16 mean_norm=6.7967 max_norm=7.1793
Replay tap positives before filter=160 after=160
Current items collected: 30
Replay tap P3: count=26 mean_norm=19.3710 max_norm=33.7029
Replay tap P4: count=4 mean_norm=6.7019 max_norm=7.0659
Replay tap positives before filter=2673 after=2673
Current items collected: 529
Replay tap P3: count=464 mean_norm=23.0227 max_norm=33.9611
Replay tap P4: count=65 mean_norm=6.8434 max_norm=8.2767
Replay tap positives before filter=4855 after=4855
Current items collected: 642
Replay tap P3: count=612 mean_norm=20.9927 max_norm=31.7088
Replay tap P4: count=30 mean_norm=7.0673 max_norm=12.5463
Replay tap positives before filter=460 after=460
Current items collected: 106
Replay tap P3: count=100 mean_norm=26.5982 max_norm=47.0680
Replay tap P4: count=6 mean_norm=6.7840 max_norm=6.9915
Replay tap positives before filter=1066 after=1066
Current items collected: 164
Replay tap P3: count=139 mean_norm=20.1996 max_norm=35.9986
Replay tap P4: count=25 mean_norm=6.8720 max_norm=7.2597
Replay tap positives before filter=2437 after=2437
Current items collected: 428
Replay tap P3: count=404 mean_norm=23.8736 max_norm=38.8490
Replay tap P4: count=24 mean_norm=6.7223 max_norm=7.2318
Replay tap positives before filter=1151 after=1151
Current items collected: 79
Replay tap P3: count=70 mean_norm=20.0011 max_norm=35.5903
Replay tap P4: count=9 mean_norm=6.4539 max_norm=7.0585
Replay tap positives before filter=4770 after=4770
Current items collected: 686
Replay tap P3: count=658 mean_norm=23.2255 max_norm=34.7020
Replay tap P4: count=28 mean_norm=6.7959 max_norm=7.1873
Replay tap positives before filter=402 after=402
Current items collected: 69
Replay tap P3: count=63 mean_norm=16.6544 max_norm=32.3394
Replay tap P4: count=6 mean_norm=6.7922 max_norm=6.9446
Replay tap positives before filter=2718 after=2718
Current items collected: 482
Replay tap P3: count=428 mean_norm=18.0078 max_norm=32.4050
Replay tap P4: count=54 mean_norm=7.0362 max_norm=7.4150
Replay tap positives before filter=1237 after=1237
Current items collected: 189
Replay tap P3: count=167 mean_norm=24.9630 max_norm=35.8488
Replay tap P4: count=22 mean_norm=12.7910 max_norm=30.4871
Replay tap positives before filter=2411 after=2411
Current items collected: 335
Replay tap P3: count=304 mean_norm=23.3089 max_norm=37.0267
Replay tap P4: count=31 mean_norm=8.0014 max_norm=12.2521
Replay tap positives before filter=424 after=424
Current items collected: 54
Replay tap P3: count=49 mean_norm=20.8235 max_norm=37.7075
Replay tap P4: count=5 mean_norm=6.5755 max_norm=6.9674
Replay tap positives before filter=4685 after=4685
Current items collected: 758
Replay tap P3: count=715 mean_norm=21.3572 max_norm=35.4875
Replay tap P4: count=43 mean_norm=7.3595 max_norm=13.9084
Replay tap positives before filter=499 after=499
Current items collected: 34
Replay tap P3: count=32 mean_norm=17.2089 max_norm=29.3439
Replay tap P4: count=2 mean_norm=7.0503 max_norm=7.0655
Replay tap positives before filter=1012 after=1012
Current items collected: 201
Replay tap P3: count=169 mean_norm=23.7282 max_norm=38.2570
Replay tap P4: count=32 mean_norm=6.5645 max_norm=7.0829
Replay tap positives before filter=1222 after=1222
Current items collected: 153
Replay tap P3: count=149 mean_norm=24.0088 max_norm=38.4550
Replay tap P4: count=4 mean_norm=7.0547 max_norm=7.7979
Replay tap positives before filter=518 after=518
Current items collected: 68
Replay tap P3: count=57 mean_norm=28.4405 max_norm=41.3450
Replay tap P4: count=11 mean_norm=10.7832 max_norm=14.9949
Replay tap positives before filter=3440 after=3440
Current items collected: 637
Replay tap P3: count=586 mean_norm=20.3399 max_norm=32.8708
Replay tap P4: count=51 mean_norm=7.1162 max_norm=11.8058
Replay tap positives before filter=1157 after=1157
Current items collected: 220
Replay tap P3: count=220 mean_norm=27.2427 max_norm=40.8192
Replay tap positives before filter=2624 after=2624
Current items collected: 435
Replay tap P3: count=394 mean_norm=21.2685 max_norm=35.3229
Replay tap P4: count=41 mean_norm=7.0710 max_norm=7.5865
Replay tap positives before filter=4243 after=4243
Current items collected: 889
Replay tap P3: count=813 mean_norm=21.2814 max_norm=32.6199
Replay tap P4: count=76 mean_norm=6.9343 max_norm=7.8604
Replay tap positives before filter=1325 after=1325
Current items collected: 89
Replay tap P3: count=86 mean_norm=26.0864 max_norm=44.3965
Replay tap P4: count=3 mean_norm=6.8902 max_norm=8.3770
Replay tap positives before filter=666 after=666
Current items collected: 122
Replay tap P3: count=110 mean_norm=22.6557 max_norm=38.2156
Replay tap P4: count=12 mean_norm=6.6928 max_norm=6.9534
Replay tap positives before filter=1447 after=1447
Current items collected: 122
Replay tap P3: count=108 mean_norm=18.8129 max_norm=38.2878
Replay tap P4: count=14 mean_norm=10.3854 max_norm=21.7640
Replay tap positives before filter=1460 after=1460
Current items collected: 130
Replay tap P3: count=125 mean_norm=24.6657 max_norm=39.4099
Replay tap P4: count=5 mean_norm=7.8667 max_norm=12.9328
Replay tap positives before filter=642 after=642
Current items collected: 80
Replay tap P3: count=72 mean_norm=24.7628 max_norm=42.4175
Replay tap P4: count=8 mean_norm=6.9496 max_norm=7.2041
Replay tap positives before filter=2943 after=2943
Current items collected: 341
Replay tap P3: count=330 mean_norm=22.8895 max_norm=37.2363
Replay tap P4: count=11 mean_norm=6.6670 max_norm=7.0435
Replay tap positives before filter=1869 after=1869
Current items collected: 302
Replay tap P3: count=287 mean_norm=22.0136 max_norm=33.9170
Replay tap P4: count=15 mean_norm=6.6812 max_norm=7.9172
Replay tap positives before filter=3646 after=3646
Current items collected: 619
Replay tap P3: count=595 mean_norm=22.2950 max_norm=33.5768
Replay tap P4: count=24 mean_norm=7.0373 max_norm=8.5963
Replay tap positives before filter=1004 after=1004
Current items collected: 97
Replay tap P3: count=91 mean_norm=17.9923 max_norm=32.1649
Replay tap P4: count=6 mean_norm=6.4525 max_norm=6.7085
Replay tap positives before filter=1346 after=1346
Current items collected: 74
Replay tap P3: count=67 mean_norm=21.7782 max_norm=31.5703
Replay tap P4: count=7 mean_norm=6.8859 max_norm=7.6438
Replay tap positives before filter=1057 after=1057
Current items collected: 224
Replay tap P3: count=200 mean_norm=23.0208 max_norm=38.2329
Replay tap P4: count=24 mean_norm=14.6551 max_norm=25.8917
Replay tap positives before filter=1917 after=1917
Current items collected: 257
Replay tap P3: count=249 mean_norm=20.0163 max_norm=33.2450
Replay tap P4: count=8 mean_norm=6.7900 max_norm=7.2114
Replay tap positives before filter=1016 after=1016
Current items collected: 103
Replay tap P3: count=97 mean_norm=21.9485 max_norm=35.6742
Replay tap P4: count=6 mean_norm=7.0099 max_norm=7.5337
Replay tap positives before filter=1459 after=1459
Current items collected: 296
Replay tap P3: count=287 mean_norm=20.4243 max_norm=33.7469
Replay tap P4: count=9 mean_norm=6.9250 max_norm=7.3577
Replay tap positives before filter=1248 after=1248
Current items collected: 260
Replay tap P3: count=232 mean_norm=26.4874 max_norm=42.0931
Replay tap P4: count=28 mean_norm=6.5754 max_norm=7.1798
Replay tap positives before filter=1860 after=1860
Current items collected: 338
Replay tap P3: count=293 mean_norm=24.3872 max_norm=36.4702
Replay tap P4: count=45 mean_norm=7.1516 max_norm=9.5241
Replay tap positives before filter=2451 after=2451
Current items collected: 336
Replay tap P3: count=331 mean_norm=20.5848 max_norm=36.4033
Replay tap P4: count=5 mean_norm=6.7193 max_norm=7.1589
Replay tap positives before filter=1428 after=1428
Current items collected: 222
Replay tap P3: count=216 mean_norm=23.3739 max_norm=36.3923
Replay tap P4: count=6 mean_norm=6.7667 max_norm=7.0869
Replay tap positives before filter=2505 after=2505
Current items collected: 392
Replay tap P3: count=371 mean_norm=22.6735 max_norm=37.2423
Replay tap P4: count=21 mean_norm=7.4416 max_norm=8.4782
Replay tap positives before filter=4293 after=4293
Current items collected: 801
Replay tap P3: count=720 mean_norm=21.2554 max_norm=36.3289
Replay tap P4: count=81 mean_norm=7.1371 max_norm=10.6244
Replay tap positives before filter=1709 after=1709
Current items collected: 214
Replay tap P3: count=185 mean_norm=20.6478 max_norm=41.4219
Replay tap P4: count=29 mean_norm=13.9442 max_norm=34.3993
Replay tap positives before filter=2078 after=2078
Current items collected: 280
Replay tap P3: count=269 mean_norm=20.3679 max_norm=33.6439
Replay tap P4: count=11 mean_norm=6.8591 max_norm=7.4568
Replay tap positives before filter=2747 after=2747
Current items collected: 535
Replay tap P3: count=496 mean_norm=21.6887 max_norm=36.3769
Replay tap P4: count=39 mean_norm=6.7796 max_norm=7.2985
Replay tap positives before filter=1934 after=1934
Current items collected: 345
Replay tap P3: count=314 mean_norm=25.0320 max_norm=38.8434
Replay tap P4: count=31 mean_norm=6.6717 max_norm=7.5633
Replay tap positives before filter=2611 after=2611
Current items collected: 457
Replay tap P3: count=431 mean_norm=22.6365 max_norm=32.2186
Replay tap P4: count=26 mean_norm=9.3872 max_norm=15.8960
Replay tap positives before filter=2201 after=2201
Current items collected: 301
Replay tap P3: count=276 mean_norm=23.5438 max_norm=35.0602
Replay tap P4: count=25 mean_norm=6.9436 max_norm=7.3397
Replay tap positives before filter=957 after=957
Current items collected: 166
Replay tap P3: count=161 mean_norm=27.0235 max_norm=36.8239
Replay tap P4: count=5 mean_norm=6.4220 max_norm=7.1516
Replay tap positives before filter=938 after=938
Current items collected: 133
Replay tap P3: count=123 mean_norm=22.6062 max_norm=43.1986
Replay tap P4: count=10 mean_norm=6.4374 max_norm=6.9468
Replay tap positives before filter=1393 after=1393
Current items collected: 200
Replay tap P3: count=179 mean_norm=21.5409 max_norm=36.8298
Replay tap P4: count=21 mean_norm=10.9291 max_norm=20.0348
Replay tap positives before filter=1706 after=1706
Current items collected: 159
Replay tap P3: count=144 mean_norm=23.0278 max_norm=37.0864
Replay tap P4: count=15 mean_norm=7.6316 max_norm=12.4082
Replay tap positives before filter=593 after=593
Current items collected: 122
Replay tap P3: count=108 mean_norm=26.6790 max_norm=37.5214
Replay tap P4: count=14 mean_norm=6.9191 max_norm=7.3731
Replay tap positives before filter=3767 after=3767
Current items collected: 506
Replay tap P3: count=452 mean_norm=21.6735 max_norm=32.7503
Replay tap P4: count=54 mean_norm=7.1326 max_norm=10.8122
Replay tap positives before filter=2173 after=2173
Current items collected: 263
Replay tap P3: count=238 mean_norm=23.7720 max_norm=38.4178
Replay tap P4: count=25 mean_norm=6.5174 max_norm=6.8437
Replay tap positives before filter=203 after=203
Current items collected: 47
Replay tap P3: count=40 mean_norm=26.0169 max_norm=33.6187
Replay tap P4: count=7 mean_norm=6.7737 max_norm=7.6544
Replay tap positives before filter=2665 after=2665
Current items collected: 427
Replay tap P3: count=403 mean_norm=24.2112 max_norm=38.5213
Replay tap P4: count=24 mean_norm=16.7428 max_norm=35.1495
Replay tap positives before filter=2610 after=2610
Current items collected: 493
Replay tap P3: count=434 mean_norm=22.9899 max_norm=34.6540
Replay tap P4: count=59 mean_norm=7.1625 max_norm=9.1325
Replay tap positives before filter=1775 after=1775
Current items collected: 207
Replay tap P3: count=204 mean_norm=27.2964 max_norm=42.4854
Replay tap P4: count=3 mean_norm=7.5490 max_norm=9.0002
Replay tap positives before filter=837 after=827
Current items collected: 127
Replay tap P3: count=113 mean_norm=22.7396 max_norm=38.8328
Replay tap P4: count=14 mean_norm=6.5968 max_norm=6.9261
Replay tap positives before filter=796 after=796
Current items collected: 142
Replay tap P3: count=124 mean_norm=23.3319 max_norm=39.9876
Replay tap P4: count=18 mean_norm=15.6124 max_norm=33.6331
Replay tap positives before filter=4556 after=4556
Current items collected: 830
Replay tap P3: count=745 mean_norm=21.0661 max_norm=32.6893
Replay tap P4: count=85 mean_norm=7.1109 max_norm=8.0179
Replay tap positives before filter=1069 after=1069
Current items collected: 125
Replay tap P3: count=112 mean_norm=24.1888 max_norm=38.2267
Replay tap P4: count=13 mean_norm=6.5920 max_norm=7.2001
Replay tap positives before filter=2138 after=2138
Current items collected: 344
Replay tap P3: count=313 mean_norm=23.8732 max_norm=43.9046
Replay tap P4: count=31 mean_norm=7.2290 max_norm=8.5761
Replay tap positives before filter=3300 after=3290
Current items collected: 527
Replay tap P3: count=515 mean_norm=20.9765 max_norm=35.3110
Replay tap P4: count=12 mean_norm=7.4067 max_norm=7.6791
Replay tap positives before filter=1878 after=1878
Current items collected: 268
Replay tap P3: count=234 mean_norm=23.9374 max_norm=36.6338
Replay tap P4: count=34 mean_norm=6.7280 max_norm=7.3677
Replay tap positives before filter=1387 after=1387
Current items collected: 168
Replay tap P3: count=162 mean_norm=22.5626 max_norm=37.4910
Replay tap P4: count=6 mean_norm=7.0166 max_norm=8.6523
Replay tap positives before filter=1023 after=1023
Current items collected: 120
Replay tap P3: count=113 mean_norm=28.6439 max_norm=40.7642
Replay tap P4: count=7 mean_norm=7.6376 max_norm=11.4989
Replay tap positives before filter=1114 after=1114
Current items collected: 205
Replay tap P3: count=182 mean_norm=21.7639 max_norm=34.6467
Replay tap P4: count=23 mean_norm=7.0954 max_norm=7.9832
Replay tap positives before filter=2494 after=2494
Current items collected: 426
Replay tap P3: count=418 mean_norm=20.5457 max_norm=38.8946
Replay tap P4: count=8 mean_norm=6.7475 max_norm=7.5584
Replay tap positives before filter=833 after=833
Current items collected: 64
Replay tap P3: count=61 mean_norm=18.0368 max_norm=30.0925
Replay tap P4: count=3 mean_norm=6.1295 max_norm=7.0524
Replay tap positives before filter=578 after=578
Current items collected: 104
Replay tap P3: count=99 mean_norm=25.6305 max_norm=36.6774
Replay tap P4: count=5 mean_norm=6.8046 max_norm=6.9493
Replay tap positives before filter=1294 after=1294
Current items collected: 243
Replay tap P3: count=231 mean_norm=22.4454 max_norm=38.7096
Replay tap P4: count=12 mean_norm=6.7218 max_norm=7.0426
Replay tap positives before filter=601 after=601
Current items collected: 107
Replay tap P3: count=105 mean_norm=22.4782 max_norm=37.4979
Replay tap P4: count=2 mean_norm=6.7428 max_norm=6.7483
Replay tap positives before filter=2142 after=2142
Current items collected: 392
Replay tap P3: count=365 mean_norm=24.7386 max_norm=38.0062
Replay tap P4: count=27 mean_norm=7.3045 max_norm=13.8142
Replay tap positives before filter=867 after=867
Current items collected: 129
Replay tap P3: count=126 mean_norm=28.1439 max_norm=41.4303
Replay tap P4: count=3 mean_norm=6.8358 max_norm=6.9007
Replay tap positives before filter=1092 after=1092
Current items collected: 228
Replay tap P3: count=202 mean_norm=23.2467 max_norm=37.8389
Replay tap P4: count=26 mean_norm=6.9556 max_norm=8.4705
Replay tap positives before filter=1398 after=1398
Current items collected: 150
Replay tap P3: count=143 mean_norm=21.6802 max_norm=41.1890
Replay tap P4: count=7 mean_norm=6.9217 max_norm=7.0178
Replay tap positives before filter=2836 after=2836
Current items collected: 447
Replay tap P3: count=415 mean_norm=23.5784 max_norm=35.7503
Replay tap P4: count=32 mean_norm=6.9988 max_norm=7.4535
Replay tap positives before filter=3453 after=3453
Current items collected: 589
Replay tap P3: count=563 mean_norm=23.1543 max_norm=36.2420
Replay tap P4: count=26 mean_norm=7.4737 max_norm=8.2994
Replay tap positives before filter=1787 after=1787
Current items collected: 342
Replay tap P3: count=326 mean_norm=24.2063 max_norm=39.7498
Replay tap P4: count=16 mean_norm=6.9408 max_norm=7.4233
Replay tap positives before filter=2029 after=2029
Current items collected: 445
Replay tap P3: count=414 mean_norm=22.8164 max_norm=34.7474
Replay tap P4: count=31 mean_norm=7.3422 max_norm=8.6533
Replay tap positives before filter=789 after=789
Current items collected: 101
Replay tap P3: count=99 mean_norm=26.1402 max_norm=37.7795
Replay tap P4: count=2 mean_norm=7.1626 max_norm=7.5554
Replay tap positives before filter=5291 after=5291
Current items collected: 1087
Replay tap P3: count=980 mean_norm=20.2949 max_norm=35.7260
Replay tap P4: count=107 mean_norm=7.2860 max_norm=9.8427
Replay tap positives before filter=324 after=324
Current items collected: 47
Replay tap P3: count=41 mean_norm=29.0864 max_norm=41.3026
Replay tap P4: count=6 mean_norm=6.7736 max_norm=6.9289
Replay tap positives before filter=309 after=309
Current items collected: 83
Replay tap P3: count=80 mean_norm=24.3882 max_norm=35.8281
Replay tap P4: count=3 mean_norm=6.9802 max_norm=7.0961
                   all        367       8260      0.264      0.247      0.232      0.138
Replay buffer size after epoch 5: 512 embeddings across 4 classes.
Saved 512 replay embeddings to /home/ddwilde/scriptie/runs/dota_saab/stage1-saab5/replay/buffer.pt

5 epochs completed in 0.096 hours.
Optimizer stripped from /home/ddwilde/scriptie/runs/dota_saab/stage1-saab5/weights/last.pt, 19.5MB
Optimizer stripped from /home/ddwilde/scriptie/runs/dota_saab/stage1-saab5/weights/best.pt, 19.5MB

Validating /home/ddwilde/scriptie/runs/dota_saab/stage1-saab5/weights/best.pt...
EDNet 1.0 ✅ Python-3.10.4 ✅ torch-2.8.0+cu128 ✅CUDA:0 (NVIDIA A100-SXM4-40GB, 40441MiB)
Skipping layer fusion for LoRA-enabled model during weight loading.
                   all        367       8260      0.264      0.247      0.232      0.138
         large-vehicle         83       3527       0.56      0.607      0.561      0.361
         small-vehicle         99       4549      0.497       0.38      0.367      0.191
            helicopter          7         42          0          0          0          0
            roundabout         49        142          0          0          0          0
Speed: 0.1ms preprocess, 2.5ms inference, 0.0ms loss, 0.2ms postprocess per image
Results saved to [1m/home/ddwilde/scriptie/runs/dota_saab/stage1-saab5[0m
Training finished. Results saved in: /home/ddwilde/scriptie/runs/dota_saab/stage1-saab5
EDNet 1.0 ✅ Python-3.10.4 ✅ torch-2.8.0+cu128 ✅CUDA:0 (NVIDIA A100-SXM4-40GB, 40441MiB)
[34m[1mengine/trainer: [0mtask=detect, mode=train, model=/home/ddwilde/scriptie/runs/dota_saab/stage1-saab5/weights/best.pt, data=/home/ddwilde/scriptie/yaml/DOTA-stage2.yaml, epochs=5, time=None, patience=100, batch=8, imgsz=640, save=True, save_period=-1, cache=False, device=None, workers=8, project=/home/ddwilde/scriptie/runs/dota_saab, name=stage2-saab5, exist_ok=False, pretrained=True, optimizer=auto, verbose=True, seed=0, deterministic=True, single_cls=False, rect=False, cos_lr=False, close_mosaic=10, resume=False, amp=True, fraction=1.0, profile=False, freeze=None, multi_scale=False, lora={'enable': True, 'freeze_backbone': True}, continual={'enable': False, 'batches': [], 'adapter_strategy': 'last', 'save_history': True}, replay={'enable': True, 'buffer_per_class': 128, 'sample_per_batch': 32, 'loss_weight': 1.0, 'init_buffer': '/home/ddwilde/scriptie/runs/dota_saab/stage1-saab5/replay/buffer.pt', 'memory_dir': '/home/ddwilde/scriptie/datasets/memory/stage1', 'memory_ratio': 0.5, 'tiny_max_pixels': 320, 'debug': True}, overlap_mask=True, mask_ratio=4, dropout=0.0, val=True, split=val, save_json=False, save_hybrid=False, conf=None, iou=0.7, max_det=300, half=False, dnn=False, plots=True, source=None, vid_stride=1, stream_buffer=False, visualize=False, augment=False, agnostic_nms=False, classes=None, retina_masks=False, embed=None, show=False, save_frames=False, save_txt=False, save_conf=False, save_crop=False, show_labels=True, show_conf=True, show_boxes=True, line_width=None, format=torchscript, keras=False, optimize=False, int8=False, dynamic=False, simplify=False, opset=None, workspace=4, nms=False, lr0=0.01, lrf=0.01, momentum=0.937, weight_decay=0.0005, warmup_epochs=3.0, warmup_momentum=0.8, warmup_bias_lr=0.1, box=7.5, cls=0.5, dfl=1.5, pose=12.0, kobj=1.0, label_smoothing=0.0, nbs=64, hsv_h=0.015, hsv_s=0.7, hsv_v=0.4, degrees=0.0, translate=0.1, scale=0.5, shear=0.0, perspective=0.0, flipud=0.0, fliplr=0.5, bgr=0.0, mosaic=1.0, mixup=0.0, copy_paste=0.0, auto_augment=randaugment, erasing=0.4, crop_fraction=1.0, cfg=None, tracker=botsort.yaml, save_dir=/home/ddwilde/scriptie/runs/dota_saab/stage2-saab5

                   from  n    params  module                                       arguments                     
  0                  -1  1       928  ednet.nn.modules.conv.Conv                   [3, 32, 3, 2]                 
  1                  -1  1     18560  ednet.nn.modules.conv.Conv                   [32, 64, 3, 2]                
  2                  -1  1     29056  ednet.nn.modules.block.C2f                   [64, 64, 1, True]             
  3                  -1  1     73984  ednet.nn.modules.conv.Conv                   [64, 128, 3, 2]               
  4                  -1  2    197632  ednet.nn.modules.block.C2f                   [128, 128, 2, True]           
  5                  -1  1    295424  ednet.nn.modules.conv.Conv                   [128, 256, 3, 2]              
  6                  -1  2    420864  ednet.nn.modules.block.C2f_FCA               [256, 256, 2, True]           
  7                  -1  1   1180672  ednet.nn.modules.conv.Conv                   [256, 512, 3, 2]              
  8                  -1  1   1095680  ednet.nn.modules.block.C2f_FCA               [512, 512, 1, True]           
  9                  -1  1    656896  ednet.nn.modules.block.SPPF                  [512, 512, 5]                 
 10                  -1  1    990976  ednet.nn.modules.block.PSA                   [512, 512]                    
 11                  -1  1         0  torch.nn.modules.upsampling.Upsample         [None, 2, 'nearest']          
 12             [-1, 6]  1         0  ednet.nn.modules.conv.Concat                 [1]                           
 13                  -1  1    591360  ednet.nn.modules.block.C2f                   [768, 256, 1]                 
 14                  -1  1         0  torch.nn.modules.upsampling.Upsample         [None, 2, 'nearest']          
 15             [-1, 4]  1         0  ednet.nn.modules.conv.Concat                 [1]                           
 16                  -1  1    148224  ednet.nn.modules.block.C2f                   [384, 128, 1]                 
 17                  -1  1         0  torch.nn.modules.upsampling.Upsample         [None, 2, 'nearest']          
 18             [-1, 2]  1         0  ednet.nn.modules.conv.Concat                 [1]                           
 19                  -1  1     37248  ednet.nn.modules.block.C2f                   [192, 64, 1]                  
 20                  -1  1     36992  ednet.nn.modules.conv.Conv                   [64, 64, 3, 2]                
 21            [-1, 16]  1         0  ednet.nn.modules.conv.Concat                 [1]                           
 22                  -1  1    123648  ednet.nn.modules.block.C2f                   [192, 128, 1]                 
 23                  -1  1    147712  ednet.nn.modules.conv.Conv                   [128, 128, 3, 2]              
 24            [-1, 13]  1         0  ednet.nn.modules.conv.Concat                 [1]                           
 25                  -1  1    493056  ednet.nn.modules.block.C2f                   [384, 256, 1]                 
 26                  -1  1     68864  ednet.nn.modules.block.SCDown                [256, 256, 3, 2]              
 27             [-1, 9]  1         0  ednet.nn.modules.conv.Concat                 [1]                           
 28                  -1  1   1089536  ednet.nn.modules.block.C2fCIB                [768, 512, 1, True, True]     
 29    [19, 22, 25, 28]  1   1628424  ednet.nn.modules.head.v10Detect              [15, [64, 128, 256, 512]]     
ednet-s summary: 510 layers, 9,325,736 parameters, 9,325,720 gradients

Transferred 725/753 items from pretrained weights
LoRA enabled: 28 adapters (rank=8, alpha=16.0, freeze_backbone=True)
Replay feature tapper initialized for detection head levels: ['P3', 'P4']
[34m[1mTensorBoard: [0mStart with 'tensorboard --logdir /home/ddwilde/scriptie/runs/dota_saab/stage2-saab5', view at http://localhost:6006/
WARNING ⚠️ setting 'requires_grad=True' for frozen layer 'model.0.conv.weight'. See ednet.engine.trainer for customization of frozen layers.
WARNING ⚠️ setting 'requires_grad=True' for frozen layer 'model.0.bn.weight'. See ednet.engine.trainer for customization of frozen layers.
WARNING ⚠️ setting 'requires_grad=True' for frozen layer 'model.0.bn.bias'. See ednet.engine.trainer for customization of frozen layers.
WARNING ⚠️ setting 'requires_grad=True' for frozen layer 'model.1.conv.weight'. See ednet.engine.trainer for customization of frozen layers.
WARNING ⚠️ setting 'requires_grad=True' for frozen layer 'model.1.bn.weight'. See ednet.engine.trainer for customization of frozen layers.
WARNING ⚠️ setting 'requires_grad=True' for frozen layer 'model.1.bn.bias'. See ednet.engine.trainer for customization of frozen layers.
WARNING ⚠️ setting 'requires_grad=True' for frozen layer 'model.2.cv1.conv.weight'. See ednet.engine.trainer for customization of frozen layers.
WARNING ⚠️ setting 'requires_grad=True' for frozen layer 'model.2.cv1.bn.weight'. See ednet.engine.trainer for customization of frozen layers.
WARNING ⚠️ setting 'requires_grad=True' for frozen layer 'model.2.cv1.bn.bias'. See ednet.engine.trainer for customization of frozen layers.
WARNING ⚠️ setting 'requires_grad=True' for frozen layer 'model.2.cv2.conv.weight'. See ednet.engine.trainer for customization of frozen layers.
WARNING ⚠️ setting 'requires_grad=True' for frozen layer 'model.2.cv2.bn.weight'. See ednet.engine.trainer for customization of frozen layers.
WARNING ⚠️ setting 'requires_grad=True' for frozen layer 'model.2.cv2.bn.bias'. See ednet.engine.trainer for customization of frozen layers.
WARNING ⚠️ setting 'requires_grad=True' for frozen layer 'model.2.m.0.cv1.conv.weight'. See ednet.engine.trainer for customization of frozen layers.
WARNING ⚠️ setting 'requires_grad=True' for frozen layer 'model.2.m.0.cv1.bn.weight'. See ednet.engine.trainer for customization of frozen layers.
WARNING ⚠️ setting 'requires_grad=True' for frozen layer 'model.2.m.0.cv1.bn.bias'. See ednet.engine.trainer for customization of frozen layers.
WARNING ⚠️ setting 'requires_grad=True' for frozen layer 'model.2.m.0.cv2.conv.weight'. See ednet.engine.trainer for customization of frozen layers.
WARNING ⚠️ setting 'requires_grad=True' for frozen layer 'model.2.m.0.cv2.bn.weight'. See ednet.engine.trainer for customization of frozen layers.
WARNING ⚠️ setting 'requires_grad=True' for frozen layer 'model.2.m.0.cv2.bn.bias'. See ednet.engine.trainer for customization of frozen layers.
WARNING ⚠️ setting 'requires_grad=True' for frozen layer 'model.3.conv.weight'. See ednet.engine.trainer for customization of frozen layers.
WARNING ⚠️ setting 'requires_grad=True' for frozen layer 'model.3.bn.weight'. See ednet.engine.trainer for customization of frozen layers.
WARNING ⚠️ setting 'requires_grad=True' for frozen layer 'model.3.bn.bias'. See ednet.engine.trainer for customization of frozen layers.
WARNING ⚠️ setting 'requires_grad=True' for frozen layer 'model.4.cv1.conv.weight'. See ednet.engine.trainer for customization of frozen layers.
WARNING ⚠️ setting 'requires_grad=True' for frozen layer 'model.4.cv1.bn.weight'. See ednet.engine.trainer for customization of frozen layers.
WARNING ⚠️ setting 'requires_grad=True' for frozen layer 'model.4.cv1.bn.bias'. See ednet.engine.trainer for customization of frozen layers.
WARNING ⚠️ setting 'requires_grad=True' for frozen layer 'model.4.cv2.conv.weight'. See ednet.engine.trainer for customization of frozen layers.
WARNING ⚠️ setting 'requires_grad=True' for frozen layer 'model.4.cv2.bn.weight'. See ednet.engine.trainer for customization of frozen layers.
WARNING ⚠️ setting 'requires_grad=True' for frozen layer 'model.4.cv2.bn.bias'. See ednet.engine.trainer for customization of frozen layers.
WARNING ⚠️ setting 'requires_grad=True' for frozen layer 'model.4.m.0.cv1.conv.weight'. See ednet.engine.trainer for customization of frozen layers.
WARNING ⚠️ setting 'requires_grad=True' for frozen layer 'model.4.m.0.cv1.bn.weight'. See ednet.engine.trainer for customization of frozen layers.
WARNING ⚠️ setting 'requires_grad=True' for frozen layer 'model.4.m.0.cv1.bn.bias'. See ednet.engine.trainer for customization of frozen layers.
WARNING ⚠️ setting 'requires_grad=True' for frozen layer 'model.4.m.0.cv2.conv.weight'. See ednet.engine.trainer for customization of frozen layers.
WARNING ⚠️ setting 'requires_grad=True' for frozen layer 'model.4.m.0.cv2.bn.weight'. See ednet.engine.trainer for customization of frozen layers.
WARNING ⚠️ setting 'requires_grad=True' for frozen layer 'model.4.m.0.cv2.bn.bias'. See ednet.engine.trainer for customization of frozen layers.
WARNING ⚠️ setting 'requires_grad=True' for frozen layer 'model.4.m.1.cv1.conv.weight'. See ednet.engine.trainer for customization of frozen layers.
WARNING ⚠️ setting 'requires_grad=True' for frozen layer 'model.4.m.1.cv1.bn.weight'. See ednet.engine.trainer for customization of frozen layers.
WARNING ⚠️ setting 'requires_grad=True' for frozen layer 'model.4.m.1.cv1.bn.bias'. See ednet.engine.trainer for customization of frozen layers.
WARNING ⚠️ setting 'requires_grad=True' for frozen layer 'model.4.m.1.cv2.conv.weight'. See ednet.engine.trainer for customization of frozen layers.
WARNING ⚠️ setting 'requires_grad=True' for frozen layer 'model.4.m.1.cv2.bn.weight'. See ednet.engine.trainer for customization of frozen layers.
WARNING ⚠️ setting 'requires_grad=True' for frozen layer 'model.4.m.1.cv2.bn.bias'. See ednet.engine.trainer for customization of frozen layers.
WARNING ⚠️ setting 'requires_grad=True' for frozen layer 'model.5.conv.weight'. See ednet.engine.trainer for customization of frozen layers.
WARNING ⚠️ setting 'requires_grad=True' for frozen layer 'model.5.bn.weight'. See ednet.engine.trainer for customization of frozen layers.
WARNING ⚠️ setting 'requires_grad=True' for frozen layer 'model.5.bn.bias'. See ednet.engine.trainer for customization of frozen layers.
WARNING ⚠️ setting 'requires_grad=True' for frozen layer 'model.6.cv1.conv.weight'. See ednet.engine.trainer for customization of frozen layers.
WARNING ⚠️ setting 'requires_grad=True' for frozen layer 'model.6.cv1.bn.weight'. See ednet.engine.trainer for customization of frozen layers.
WARNING ⚠️ setting 'requires_grad=True' for frozen layer 'model.6.cv1.bn.bias'. See ednet.engine.trainer for customization of frozen layers.
WARNING ⚠️ setting 'requires_grad=True' for frozen layer 'model.6.cv2.conv.weight'. See ednet.engine.trainer for customization of frozen layers.
WARNING ⚠️ setting 'requires_grad=True' for frozen layer 'model.6.cv2.bn.weight'. See ednet.engine.trainer for customization of frozen layers.
WARNING ⚠️ setting 'requires_grad=True' for frozen layer 'model.6.cv2.bn.bias'. See ednet.engine.trainer for customization of frozen layers.
WARNING ⚠️ setting 'requires_grad=True' for frozen layer 'model.6.m.0.mlp.0.conv.weight'. See ednet.engine.trainer for customization of frozen layers.
WARNING ⚠️ setting 'requires_grad=True' for frozen layer 'model.6.m.0.mlp.0.bn.weight'. See ednet.engine.trainer for customization of frozen layers.
WARNING ⚠️ setting 'requires_grad=True' for frozen layer 'model.6.m.0.mlp.0.bn.bias'. See ednet.engine.trainer for customization of frozen layers.
WARNING ⚠️ setting 'requires_grad=True' for frozen layer 'model.6.m.0.mlp.1.weight'. See ednet.engine.trainer for customization of frozen layers.
WARNING ⚠️ setting 'requires_grad=True' for frozen layer 'model.6.m.0.spatial_mixing.PConv3.weight'. See ednet.engine.trainer for customization of frozen layers.
WARNING ⚠️ setting 'requires_grad=True' for frozen layer 'model.6.m.0.attention.conv1.conv.weight'. See ednet.engine.trainer for customization of frozen layers.
WARNING ⚠️ setting 'requires_grad=True' for frozen layer 'model.6.m.0.attention.conv1.bn.weight'. See ednet.engine.trainer for customization of frozen layers.
WARNING ⚠️ setting 'requires_grad=True' for frozen layer 'model.6.m.0.attention.conv1.bn.bias'. See ednet.engine.trainer for customization of frozen layers.
WARNING ⚠️ setting 'requires_grad=True' for frozen layer 'model.6.m.0.attention.h_conv.conv.weight'. See ednet.engine.trainer for customization of frozen layers.
WARNING ⚠️ setting 'requires_grad=True' for frozen layer 'model.6.m.0.attention.h_conv.conv.bias'. See ednet.engine.trainer for customization of frozen layers.
WARNING ⚠️ setting 'requires_grad=True' for frozen layer 'model.6.m.0.attention.v_conv.conv.weight'. See ednet.engine.trainer for customization of frozen layers.
WARNING ⚠️ setting 'requires_grad=True' for frozen layer 'model.6.m.0.attention.v_conv.conv.bias'. See ednet.engine.trainer for customization of frozen layers.
WARNING ⚠️ setting 'requires_grad=True' for frozen layer 'model.6.m.0.attention.conv2.conv.weight'. See ednet.engine.trainer for customization of frozen layers.
WARNING ⚠️ setting 'requires_grad=True' for frozen layer 'model.6.m.0.attention.conv2.bn.weight'. See ednet.engine.trainer for customization of frozen layers.
WARNING ⚠️ setting 'requires_grad=True' for frozen layer 'model.6.m.0.attention.conv2.bn.bias'. See ednet.engine.trainer for customization of frozen layers.
WARNING ⚠️ setting 'requires_grad=True' for frozen layer 'model.6.m.1.mlp.0.conv.weight'. See ednet.engine.trainer for customization of frozen layers.
WARNING ⚠️ setting 'requires_grad=True' for frozen layer 'model.6.m.1.mlp.0.bn.weight'. See ednet.engine.trainer for customization of frozen layers.
WARNING ⚠️ setting 'requires_grad=True' for frozen layer 'model.6.m.1.mlp.0.bn.bias'. See ednet.engine.trainer for customization of frozen layers.
WARNING ⚠️ setting 'requires_grad=True' for frozen layer 'model.6.m.1.mlp.1.weight'. See ednet.engine.trainer for customization of frozen layers.
WARNING ⚠️ setting 'requires_grad=True' for frozen layer 'model.6.m.1.spatial_mixing.PConv3.weight'. See ednet.engine.trainer for customization of frozen layers.
WARNING ⚠️ setting 'requires_grad=True' for frozen layer 'model.6.m.1.attention.conv1.conv.weight'. See ednet.engine.trainer for customization of frozen layers.
WARNING ⚠️ setting 'requires_grad=True' for frozen layer 'model.6.m.1.attention.conv1.bn.weight'. See ednet.engine.trainer for customization of frozen layers.
WARNING ⚠️ setting 'requires_grad=True' for frozen layer 'model.6.m.1.attention.conv1.bn.bias'. See ednet.engine.trainer for customization of frozen layers.
WARNING ⚠️ setting 'requires_grad=True' for frozen layer 'model.6.m.1.attention.h_conv.conv.weight'. See ednet.engine.trainer for customization of frozen layers.
WARNING ⚠️ setting 'requires_grad=True' for frozen layer 'model.6.m.1.attention.h_conv.conv.bias'. See ednet.engine.trainer for customization of frozen layers.
WARNING ⚠️ setting 'requires_grad=True' for frozen layer 'model.6.m.1.attention.v_conv.conv.weight'. See ednet.engine.trainer for customization of frozen layers.
WARNING ⚠️ setting 'requires_grad=True' for frozen layer 'model.6.m.1.attention.v_conv.conv.bias'. See ednet.engine.trainer for customization of frozen layers.
WARNING ⚠️ setting 'requires_grad=True' for frozen layer 'model.6.m.1.attention.conv2.conv.weight'. See ednet.engine.trainer for customization of frozen layers.
WARNING ⚠️ setting 'requires_grad=True' for frozen layer 'model.6.m.1.attention.conv2.bn.weight'. See ednet.engine.trainer for customization of frozen layers.
WARNING ⚠️ setting 'requires_grad=True' for frozen layer 'model.6.m.1.attention.conv2.bn.bias'. See ednet.engine.trainer for customization of frozen layers.
WARNING ⚠️ setting 'requires_grad=True' for frozen layer 'model.7.conv.weight'. See ednet.engine.trainer for customization of frozen layers.
WARNING ⚠️ setting 'requires_grad=True' for frozen layer 'model.7.bn.weight'. See ednet.engine.trainer for customization of frozen layers.
WARNING ⚠️ setting 'requires_grad=True' for frozen layer 'model.7.bn.bias'. See ednet.engine.trainer for customization of frozen layers.
WARNING ⚠️ setting 'requires_grad=True' for frozen layer 'model.8.cv1.conv.weight'. See ednet.engine.trainer for customization of frozen layers.
WARNING ⚠️ setting 'requires_grad=True' for frozen layer 'model.8.cv1.bn.weight'. See ednet.engine.trainer for customization of frozen layers.
WARNING ⚠️ setting 'requires_grad=True' for frozen layer 'model.8.cv1.bn.bias'. See ednet.engine.trainer for customization of frozen layers.
WARNING ⚠️ setting 'requires_grad=True' for frozen layer 'model.8.cv2.conv.weight'. See ednet.engine.trainer for customization of frozen layers.
WARNING ⚠️ setting 'requires_grad=True' for frozen layer 'model.8.cv2.bn.weight'. See ednet.engine.trainer for customization of frozen layers.
WARNING ⚠️ setting 'requires_grad=True' for frozen layer 'model.8.cv2.bn.bias'. See ednet.engine.trainer for customization of frozen layers.
WARNING ⚠️ setting 'requires_grad=True' for frozen layer 'model.8.m.0.mlp.0.conv.weight'. See ednet.engine.trainer for customization of frozen layers.
WARNING ⚠️ setting 'requires_grad=True' for frozen layer 'model.8.m.0.mlp.0.bn.weight'. See ednet.engine.trainer for customization of frozen layers.
WARNING ⚠️ setting 'requires_grad=True' for frozen layer 'model.8.m.0.mlp.0.bn.bias'. See ednet.engine.trainer for customization of frozen layers.
WARNING ⚠️ setting 'requires_grad=True' for frozen layer 'model.8.m.0.mlp.1.weight'. See ednet.engine.trainer for customization of frozen layers.
WARNING ⚠️ setting 'requires_grad=True' for frozen layer 'model.8.m.0.spatial_mixing.PConv3.weight'. See ednet.engine.trainer for customization of frozen layers.
WARNING ⚠️ setting 'requires_grad=True' for frozen layer 'model.8.m.0.attention.conv1.conv.weight'. See ednet.engine.trainer for customization of frozen layers.
WARNING ⚠️ setting 'requires_grad=True' for frozen layer 'model.8.m.0.attention.conv1.bn.weight'. See ednet.engine.trainer for customization of frozen layers.
WARNING ⚠️ setting 'requires_grad=True' for frozen layer 'model.8.m.0.attention.conv1.bn.bias'. See ednet.engine.trainer for customization of frozen layers.
WARNING ⚠️ setting 'requires_grad=True' for frozen layer 'model.8.m.0.attention.h_conv.conv.weight'. See ednet.engine.trainer for customization of frozen layers.
WARNING ⚠️ setting 'requires_grad=True' for frozen layer 'model.8.m.0.attention.h_conv.conv.bias'. See ednet.engine.trainer for customization of frozen layers.
WARNING ⚠️ setting 'requires_grad=True' for frozen layer 'model.8.m.0.attention.v_conv.conv.weight'. See ednet.engine.trainer for customization of frozen layers.
WARNING ⚠️ setting 'requires_grad=True' for frozen layer 'model.8.m.0.attention.v_conv.conv.bias'. See ednet.engine.trainer for customization of frozen layers.
WARNING ⚠️ setting 'requires_grad=True' for frozen layer 'model.8.m.0.attention.conv2.conv.weight'. See ednet.engine.trainer for customization of frozen layers.
WARNING ⚠️ setting 'requires_grad=True' for frozen layer 'model.8.m.0.attention.conv2.bn.weight'. See ednet.engine.trainer for customization of frozen layers.
WARNING ⚠️ setting 'requires_grad=True' for frozen layer 'model.8.m.0.attention.conv2.bn.bias'. See ednet.engine.trainer for customization of frozen layers.
WARNING ⚠️ setting 'requires_grad=True' for frozen layer 'model.9.cv1.conv.weight'. See ednet.engine.trainer for customization of frozen layers.
WARNING ⚠️ setting 'requires_grad=True' for frozen layer 'model.9.cv1.bn.weight'. See ednet.engine.trainer for customization of frozen layers.
WARNING ⚠️ setting 'requires_grad=True' for frozen layer 'model.9.cv1.bn.bias'. See ednet.engine.trainer for customization of frozen layers.
WARNING ⚠️ setting 'requires_grad=True' for frozen layer 'model.9.cv2.conv.weight'. See ednet.engine.trainer for customization of frozen layers.
WARNING ⚠️ setting 'requires_grad=True' for frozen layer 'model.9.cv2.bn.weight'. See ednet.engine.trainer for customization of frozen layers.
WARNING ⚠️ setting 'requires_grad=True' for frozen layer 'model.9.cv2.bn.bias'. See ednet.engine.trainer for customization of frozen layers.
WARNING ⚠️ setting 'requires_grad=True' for frozen layer 'model.10.cv1.conv.weight'. See ednet.engine.trainer for customization of frozen layers.
WARNING ⚠️ setting 'requires_grad=True' for frozen layer 'model.10.cv1.bn.weight'. See ednet.engine.trainer for customization of frozen layers.
WARNING ⚠️ setting 'requires_grad=True' for frozen layer 'model.10.cv1.bn.bias'. See ednet.engine.trainer for customization of frozen layers.
WARNING ⚠️ setting 'requires_grad=True' for frozen layer 'model.10.cv2.conv.weight'. See ednet.engine.trainer for customization of frozen layers.
WARNING ⚠️ setting 'requires_grad=True' for frozen layer 'model.10.cv2.bn.weight'. See ednet.engine.trainer for customization of frozen layers.
WARNING ⚠️ setting 'requires_grad=True' for frozen layer 'model.10.cv2.bn.bias'. See ednet.engine.trainer for customization of frozen layers.
WARNING ⚠️ setting 'requires_grad=True' for frozen layer 'model.10.attn.qkv.conv.weight'. See ednet.engine.trainer for customization of frozen layers.
WARNING ⚠️ setting 'requires_grad=True' for frozen layer 'model.10.attn.qkv.bn.weight'. See ednet.engine.trainer for customization of frozen layers.
WARNING ⚠️ setting 'requires_grad=True' for frozen layer 'model.10.attn.qkv.bn.bias'. See ednet.engine.trainer for customization of frozen layers.
WARNING ⚠️ setting 'requires_grad=True' for frozen layer 'model.10.attn.proj.conv.weight'. See ednet.engine.trainer for customization of frozen layers.
WARNING ⚠️ setting 'requires_grad=True' for frozen layer 'model.10.attn.proj.bn.weight'. See ednet.engine.trainer for customization of frozen layers.
WARNING ⚠️ setting 'requires_grad=True' for frozen layer 'model.10.attn.proj.bn.bias'. See ednet.engine.trainer for customization of frozen layers.
WARNING ⚠️ setting 'requires_grad=True' for frozen layer 'model.10.attn.pe.conv.weight'. See ednet.engine.trainer for customization of frozen layers.
WARNING ⚠️ setting 'requires_grad=True' for frozen layer 'model.10.attn.pe.bn.weight'. See ednet.engine.trainer for customization of frozen layers.
WARNING ⚠️ setting 'requires_grad=True' for frozen layer 'model.10.attn.pe.bn.bias'. See ednet.engine.trainer for customization of frozen layers.
WARNING ⚠️ setting 'requires_grad=True' for frozen layer 'model.10.ffn.0.conv.weight'. See ednet.engine.trainer for customization of frozen layers.
WARNING ⚠️ setting 'requires_grad=True' for frozen layer 'model.10.ffn.0.bn.weight'. See ednet.engine.trainer for customization of frozen layers.
WARNING ⚠️ setting 'requires_grad=True' for frozen layer 'model.10.ffn.0.bn.bias'. See ednet.engine.trainer for customization of frozen layers.
WARNING ⚠️ setting 'requires_grad=True' for frozen layer 'model.10.ffn.1.conv.weight'. See ednet.engine.trainer for customization of frozen layers.
WARNING ⚠️ setting 'requires_grad=True' for frozen layer 'model.10.ffn.1.bn.weight'. See ednet.engine.trainer for customization of frozen layers.
WARNING ⚠️ setting 'requires_grad=True' for frozen layer 'model.10.ffn.1.bn.bias'. See ednet.engine.trainer for customization of frozen layers.
WARNING ⚠️ setting 'requires_grad=True' for frozen layer 'model.13.cv1.conv.weight'. See ednet.engine.trainer for customization of frozen layers.
WARNING ⚠️ setting 'requires_grad=True' for frozen layer 'model.13.cv1.bn.weight'. See ednet.engine.trainer for customization of frozen layers.
WARNING ⚠️ setting 'requires_grad=True' for frozen layer 'model.13.cv1.bn.bias'. See ednet.engine.trainer for customization of frozen layers.
WARNING ⚠️ setting 'requires_grad=True' for frozen layer 'model.13.cv2.conv.weight'. See ednet.engine.trainer for customization of frozen layers.
WARNING ⚠️ setting 'requires_grad=True' for frozen layer 'model.13.cv2.bn.weight'. See ednet.engine.trainer for customization of frozen layers.
WARNING ⚠️ setting 'requires_grad=True' for frozen layer 'model.13.cv2.bn.bias'. See ednet.engine.trainer for customization of frozen layers.
WARNING ⚠️ setting 'requires_grad=True' for frozen layer 'model.13.m.0.cv1.conv.weight'. See ednet.engine.trainer for customization of frozen layers.
WARNING ⚠️ setting 'requires_grad=True' for frozen layer 'model.13.m.0.cv1.bn.weight'. See ednet.engine.trainer for customization of frozen layers.
WARNING ⚠️ setting 'requires_grad=True' for frozen layer 'model.13.m.0.cv1.bn.bias'. See ednet.engine.trainer for customization of frozen layers.
WARNING ⚠️ setting 'requires_grad=True' for frozen layer 'model.13.m.0.cv2.conv.weight'. See ednet.engine.trainer for customization of frozen layers.
WARNING ⚠️ setting 'requires_grad=True' for frozen layer 'model.13.m.0.cv2.bn.weight'. See ednet.engine.trainer for customization of frozen layers.
WARNING ⚠️ setting 'requires_grad=True' for frozen layer 'model.13.m.0.cv2.bn.bias'. See ednet.engine.trainer for customization of frozen layers.
WARNING ⚠️ setting 'requires_grad=True' for frozen layer 'model.16.cv1.conv.base.weight'. See ednet.engine.trainer for customization of frozen layers.
WARNING ⚠️ setting 'requires_grad=True' for frozen layer 'model.16.cv1.bn.weight'. See ednet.engine.trainer for customization of frozen layers.
WARNING ⚠️ setting 'requires_grad=True' for frozen layer 'model.16.cv1.bn.bias'. See ednet.engine.trainer for customization of frozen layers.
WARNING ⚠️ setting 'requires_grad=True' for frozen layer 'model.16.cv2.conv.base.weight'. See ednet.engine.trainer for customization of frozen layers.
WARNING ⚠️ setting 'requires_grad=True' for frozen layer 'model.16.cv2.bn.weight'. See ednet.engine.trainer for customization of frozen layers.
WARNING ⚠️ setting 'requires_grad=True' for frozen layer 'model.16.cv2.bn.bias'. See ednet.engine.trainer for customization of frozen layers.
WARNING ⚠️ setting 'requires_grad=True' for frozen layer 'model.16.m.0.cv1.conv.base.weight'. See ednet.engine.trainer for customization of frozen layers.
WARNING ⚠️ setting 'requires_grad=True' for frozen layer 'model.16.m.0.cv1.bn.weight'. See ednet.engine.trainer for customization of frozen layers.
WARNING ⚠️ setting 'requires_grad=True' for frozen layer 'model.16.m.0.cv1.bn.bias'. See ednet.engine.trainer for customization of frozen layers.
WARNING ⚠️ setting 'requires_grad=True' for frozen layer 'model.16.m.0.cv2.conv.base.weight'. See ednet.engine.trainer for customization of frozen layers.
WARNING ⚠️ setting 'requires_grad=True' for frozen layer 'model.16.m.0.cv2.bn.weight'. See ednet.engine.trainer for customization of frozen layers.
WARNING ⚠️ setting 'requires_grad=True' for frozen layer 'model.16.m.0.cv2.bn.bias'. See ednet.engine.trainer for customization of frozen layers.
WARNING ⚠️ setting 'requires_grad=True' for frozen layer 'model.19.cv1.conv.weight'. See ednet.engine.trainer for customization of frozen layers.
WARNING ⚠️ setting 'requires_grad=True' for frozen layer 'model.19.cv1.bn.weight'. See ednet.engine.trainer for customization of frozen layers.
WARNING ⚠️ setting 'requires_grad=True' for frozen layer 'model.19.cv1.bn.bias'. See ednet.engine.trainer for customization of frozen layers.
WARNING ⚠️ setting 'requires_grad=True' for frozen layer 'model.19.cv2.conv.weight'. See ednet.engine.trainer for customization of frozen layers.
WARNING ⚠️ setting 'requires_grad=True' for frozen layer 'model.19.cv2.bn.weight'. See ednet.engine.trainer for customization of frozen layers.
WARNING ⚠️ setting 'requires_grad=True' for frozen layer 'model.19.cv2.bn.bias'. See ednet.engine.trainer for customization of frozen layers.
WARNING ⚠️ setting 'requires_grad=True' for frozen layer 'model.19.m.0.cv1.conv.weight'. See ednet.engine.trainer for customization of frozen layers.
WARNING ⚠️ setting 'requires_grad=True' for frozen layer 'model.19.m.0.cv1.bn.weight'. See ednet.engine.trainer for customization of frozen layers.
WARNING ⚠️ setting 'requires_grad=True' for frozen layer 'model.19.m.0.cv1.bn.bias'. See ednet.engine.trainer for customization of frozen layers.
WARNING ⚠️ setting 'requires_grad=True' for frozen layer 'model.19.m.0.cv2.conv.weight'. See ednet.engine.trainer for customization of frozen layers.
WARNING ⚠️ setting 'requires_grad=True' for frozen layer 'model.19.m.0.cv2.bn.weight'. See ednet.engine.trainer for customization of frozen layers.
WARNING ⚠️ setting 'requires_grad=True' for frozen layer 'model.19.m.0.cv2.bn.bias'. See ednet.engine.trainer for customization of frozen layers.
WARNING ⚠️ setting 'requires_grad=True' for frozen layer 'model.20.conv.weight'. See ednet.engine.trainer for customization of frozen layers.
WARNING ⚠️ setting 'requires_grad=True' for frozen layer 'model.20.bn.weight'. See ednet.engine.trainer for customization of frozen layers.
WARNING ⚠️ setting 'requires_grad=True' for frozen layer 'model.20.bn.bias'. See ednet.engine.trainer for customization of frozen layers.
WARNING ⚠️ setting 'requires_grad=True' for frozen layer 'model.22.cv1.conv.base.weight'. See ednet.engine.trainer for customization of frozen layers.
WARNING ⚠️ setting 'requires_grad=True' for frozen layer 'model.22.cv1.bn.weight'. See ednet.engine.trainer for customization of frozen layers.
WARNING ⚠️ setting 'requires_grad=True' for frozen layer 'model.22.cv1.bn.bias'. See ednet.engine.trainer for customization of frozen layers.
WARNING ⚠️ setting 'requires_grad=True' for frozen layer 'model.22.cv2.conv.base.weight'. See ednet.engine.trainer for customization of frozen layers.
WARNING ⚠️ setting 'requires_grad=True' for frozen layer 'model.22.cv2.bn.weight'. See ednet.engine.trainer for customization of frozen layers.
WARNING ⚠️ setting 'requires_grad=True' for frozen layer 'model.22.cv2.bn.bias'. See ednet.engine.trainer for customization of frozen layers.
WARNING ⚠️ setting 'requires_grad=True' for frozen layer 'model.22.m.0.cv1.conv.base.weight'. See ednet.engine.trainer for customization of frozen layers.
WARNING ⚠️ setting 'requires_grad=True' for frozen layer 'model.22.m.0.cv1.bn.weight'. See ednet.engine.trainer for customization of frozen layers.
WARNING ⚠️ setting 'requires_grad=True' for frozen layer 'model.22.m.0.cv1.bn.bias'. See ednet.engine.trainer for customization of frozen layers.
WARNING ⚠️ setting 'requires_grad=True' for frozen layer 'model.22.m.0.cv2.conv.base.weight'. See ednet.engine.trainer for customization of frozen layers.
WARNING ⚠️ setting 'requires_grad=True' for frozen layer 'model.22.m.0.cv2.bn.weight'. See ednet.engine.trainer for customization of frozen layers.
WARNING ⚠️ setting 'requires_grad=True' for frozen layer 'model.22.m.0.cv2.bn.bias'. See ednet.engine.trainer for customization of frozen layers.
WARNING ⚠️ setting 'requires_grad=True' for frozen layer 'model.23.conv.weight'. See ednet.engine.trainer for customization of frozen layers.
WARNING ⚠️ setting 'requires_grad=True' for frozen layer 'model.23.bn.weight'. See ednet.engine.trainer for customization of frozen layers.
WARNING ⚠️ setting 'requires_grad=True' for frozen layer 'model.23.bn.bias'. See ednet.engine.trainer for customization of frozen layers.
WARNING ⚠️ setting 'requires_grad=True' for frozen layer 'model.25.cv1.conv.base.weight'. See ednet.engine.trainer for customization of frozen layers.
WARNING ⚠️ setting 'requires_grad=True' for frozen layer 'model.25.cv1.bn.weight'. See ednet.engine.trainer for customization of frozen layers.
WARNING ⚠️ setting 'requires_grad=True' for frozen layer 'model.25.cv1.bn.bias'. See ednet.engine.trainer for customization of frozen layers.
WARNING ⚠️ setting 'requires_grad=True' for frozen layer 'model.25.cv2.conv.base.weight'. See ednet.engine.trainer for customization of frozen layers.
WARNING ⚠️ setting 'requires_grad=True' for frozen layer 'model.25.cv2.bn.weight'. See ednet.engine.trainer for customization of frozen layers.
WARNING ⚠️ setting 'requires_grad=True' for frozen layer 'model.25.cv2.bn.bias'. See ednet.engine.trainer for customization of frozen layers.
WARNING ⚠️ setting 'requires_grad=True' for frozen layer 'model.25.m.0.cv1.conv.base.weight'. See ednet.engine.trainer for customization of frozen layers.
WARNING ⚠️ setting 'requires_grad=True' for frozen layer 'model.25.m.0.cv1.bn.weight'. See ednet.engine.trainer for customization of frozen layers.
WARNING ⚠️ setting 'requires_grad=True' for frozen layer 'model.25.m.0.cv1.bn.bias'. See ednet.engine.trainer for customization of frozen layers.
WARNING ⚠️ setting 'requires_grad=True' for frozen layer 'model.25.m.0.cv2.conv.base.weight'. See ednet.engine.trainer for customization of frozen layers.
WARNING ⚠️ setting 'requires_grad=True' for frozen layer 'model.25.m.0.cv2.bn.weight'. See ednet.engine.trainer for customization of frozen layers.
WARNING ⚠️ setting 'requires_grad=True' for frozen layer 'model.25.m.0.cv2.bn.bias'. See ednet.engine.trainer for customization of frozen layers.
WARNING ⚠️ setting 'requires_grad=True' for frozen layer 'model.26.cv1.conv.weight'. See ednet.engine.trainer for customization of frozen layers.
WARNING ⚠️ setting 'requires_grad=True' for frozen layer 'model.26.cv1.bn.weight'. See ednet.engine.trainer for customization of frozen layers.
WARNING ⚠️ setting 'requires_grad=True' for frozen layer 'model.26.cv1.bn.bias'. See ednet.engine.trainer for customization of frozen layers.
WARNING ⚠️ setting 'requires_grad=True' for frozen layer 'model.26.cv2.conv.weight'. See ednet.engine.trainer for customization of frozen layers.
WARNING ⚠️ setting 'requires_grad=True' for frozen layer 'model.26.cv2.bn.weight'. See ednet.engine.trainer for customization of frozen layers.
WARNING ⚠️ setting 'requires_grad=True' for frozen layer 'model.26.cv2.bn.bias'. See ednet.engine.trainer for customization of frozen layers.
WARNING ⚠️ setting 'requires_grad=True' for frozen layer 'model.28.cv1.conv.weight'. See ednet.engine.trainer for customization of frozen layers.
WARNING ⚠️ setting 'requires_grad=True' for frozen layer 'model.28.cv1.bn.weight'. See ednet.engine.trainer for customization of frozen layers.
WARNING ⚠️ setting 'requires_grad=True' for frozen layer 'model.28.cv1.bn.bias'. See ednet.engine.trainer for customization of frozen layers.
WARNING ⚠️ setting 'requires_grad=True' for frozen layer 'model.28.cv2.conv.weight'. See ednet.engine.trainer for customization of frozen layers.
WARNING ⚠️ setting 'requires_grad=True' for frozen layer 'model.28.cv2.bn.weight'. See ednet.engine.trainer for customization of frozen layers.
WARNING ⚠️ setting 'requires_grad=True' for frozen layer 'model.28.cv2.bn.bias'. See ednet.engine.trainer for customization of frozen layers.
WARNING ⚠️ setting 'requires_grad=True' for frozen layer 'model.28.m.0.cv1.0.conv.weight'. See ednet.engine.trainer for customization of frozen layers.
WARNING ⚠️ setting 'requires_grad=True' for frozen layer 'model.28.m.0.cv1.0.bn.weight'. See ednet.engine.trainer for customization of frozen layers.
WARNING ⚠️ setting 'requires_grad=True' for frozen layer 'model.28.m.0.cv1.0.bn.bias'. See ednet.engine.trainer for customization of frozen layers.
WARNING ⚠️ setting 'requires_grad=True' for frozen layer 'model.28.m.0.cv1.1.conv.weight'. See ednet.engine.trainer for customization of frozen layers.
WARNING ⚠️ setting 'requires_grad=True' for frozen layer 'model.28.m.0.cv1.1.bn.weight'. See ednet.engine.trainer for customization of frozen layers.
WARNING ⚠️ setting 'requires_grad=True' for frozen layer 'model.28.m.0.cv1.1.bn.bias'. See ednet.engine.trainer for customization of frozen layers.
WARNING ⚠️ setting 'requires_grad=True' for frozen layer 'model.28.m.0.cv1.2.conv.conv.weight'. See ednet.engine.trainer for customization of frozen layers.
WARNING ⚠️ setting 'requires_grad=True' for frozen layer 'model.28.m.0.cv1.2.conv.bn.weight'. See ednet.engine.trainer for customization of frozen layers.
WARNING ⚠️ setting 'requires_grad=True' for frozen layer 'model.28.m.0.cv1.2.conv.bn.bias'. See ednet.engine.trainer for customization of frozen layers.
WARNING ⚠️ setting 'requires_grad=True' for frozen layer 'model.28.m.0.cv1.2.conv1.conv.weight'. See ednet.engine.trainer for customization of frozen layers.
WARNING ⚠️ setting 'requires_grad=True' for frozen layer 'model.28.m.0.cv1.2.conv1.bn.weight'. See ednet.engine.trainer for customization of frozen layers.
WARNING ⚠️ setting 'requires_grad=True' for frozen layer 'model.28.m.0.cv1.2.conv1.bn.bias'. See ednet.engine.trainer for customization of frozen layers.
WARNING ⚠️ setting 'requires_grad=True' for frozen layer 'model.28.m.0.cv1.3.conv.weight'. See ednet.engine.trainer for customization of frozen layers.
WARNING ⚠️ setting 'requires_grad=True' for frozen layer 'model.28.m.0.cv1.3.bn.weight'. See ednet.engine.trainer for customization of frozen layers.
WARNING ⚠️ setting 'requires_grad=True' for frozen layer 'model.28.m.0.cv1.3.bn.bias'. See ednet.engine.trainer for customization of frozen layers.
WARNING ⚠️ setting 'requires_grad=True' for frozen layer 'model.28.m.0.cv1.4.conv.weight'. See ednet.engine.trainer for customization of frozen layers.
WARNING ⚠️ setting 'requires_grad=True' for frozen layer 'model.28.m.0.cv1.4.bn.weight'. See ednet.engine.trainer for customization of frozen layers.
WARNING ⚠️ setting 'requires_grad=True' for frozen layer 'model.28.m.0.cv1.4.bn.bias'. See ednet.engine.trainer for customization of frozen layers.
WARNING ⚠️ setting 'requires_grad=True' for frozen layer 'model.29.cv2.0.0.conv.base.weight'. See ednet.engine.trainer for customization of frozen layers.
WARNING ⚠️ setting 'requires_grad=True' for frozen layer 'model.29.cv2.0.0.bn.weight'. See ednet.engine.trainer for customization of frozen layers.
WARNING ⚠️ setting 'requires_grad=True' for frozen layer 'model.29.cv2.0.0.bn.bias'. See ednet.engine.trainer for customization of frozen layers.
WARNING ⚠️ setting 'requires_grad=True' for frozen layer 'model.29.cv2.0.1.conv.base.weight'. See ednet.engine.trainer for customization of frozen layers.
WARNING ⚠️ setting 'requires_grad=True' for frozen layer 'model.29.cv2.0.1.bn.weight'. See ednet.engine.trainer for customization of frozen layers.
WARNING ⚠️ setting 'requires_grad=True' for frozen layer 'model.29.cv2.0.1.bn.bias'. See ednet.engine.trainer for customization of frozen layers.
WARNING ⚠️ setting 'requires_grad=True' for frozen layer 'model.29.cv2.0.2.weight'. See ednet.engine.trainer for customization of frozen layers.
WARNING ⚠️ setting 'requires_grad=True' for frozen layer 'model.29.cv2.0.2.bias'. See ednet.engine.trainer for customization of frozen layers.
WARNING ⚠️ setting 'requires_grad=True' for frozen layer 'model.29.cv2.1.0.conv.base.weight'. See ednet.engine.trainer for customization of frozen layers.
WARNING ⚠️ setting 'requires_grad=True' for frozen layer 'model.29.cv2.1.0.bn.weight'. See ednet.engine.trainer for customization of frozen layers.
WARNING ⚠️ setting 'requires_grad=True' for frozen layer 'model.29.cv2.1.0.bn.bias'. See ednet.engine.trainer for customization of frozen layers.
WARNING ⚠️ setting 'requires_grad=True' for frozen layer 'model.29.cv2.1.1.conv.base.weight'. See ednet.engine.trainer for customization of frozen layers.
WARNING ⚠️ setting 'requires_grad=True' for frozen layer 'model.29.cv2.1.1.bn.weight'. See ednet.engine.trainer for customization of frozen layers.
WARNING ⚠️ setting 'requires_grad=True' for frozen layer 'model.29.cv2.1.1.bn.bias'. See ednet.engine.trainer for customization of frozen layers.
WARNING ⚠️ setting 'requires_grad=True' for frozen layer 'model.29.cv2.1.2.weight'. See ednet.engine.trainer for customization of frozen layers.
WARNING ⚠️ setting 'requires_grad=True' for frozen layer 'model.29.cv2.1.2.bias'. See ednet.engine.trainer for customization of frozen layers.
WARNING ⚠️ setting 'requires_grad=True' for frozen layer 'model.29.cv2.2.0.conv.base.weight'. See ednet.engine.trainer for customization of frozen layers.
WARNING ⚠️ setting 'requires_grad=True' for frozen layer 'model.29.cv2.2.0.bn.weight'. See ednet.engine.trainer for customization of frozen layers.
WARNING ⚠️ setting 'requires_grad=True' for frozen layer 'model.29.cv2.2.0.bn.bias'. See ednet.engine.trainer for customization of frozen layers.
WARNING ⚠️ setting 'requires_grad=True' for frozen layer 'model.29.cv2.2.1.conv.base.weight'. See ednet.engine.trainer for customization of frozen layers.
WARNING ⚠️ setting 'requires_grad=True' for frozen layer 'model.29.cv2.2.1.bn.weight'. See ednet.engine.trainer for customization of frozen layers.
WARNING ⚠️ setting 'requires_grad=True' for frozen layer 'model.29.cv2.2.1.bn.bias'. See ednet.engine.trainer for customization of frozen layers.
WARNING ⚠️ setting 'requires_grad=True' for frozen layer 'model.29.cv2.2.2.weight'. See ednet.engine.trainer for customization of frozen layers.
WARNING ⚠️ setting 'requires_grad=True' for frozen layer 'model.29.cv2.2.2.bias'. See ednet.engine.trainer for customization of frozen layers.
WARNING ⚠️ setting 'requires_grad=True' for frozen layer 'model.29.cv2.3.0.conv.base.weight'. See ednet.engine.trainer for customization of frozen layers.
WARNING ⚠️ setting 'requires_grad=True' for frozen layer 'model.29.cv2.3.0.bn.weight'. See ednet.engine.trainer for customization of frozen layers.
WARNING ⚠️ setting 'requires_grad=True' for frozen layer 'model.29.cv2.3.0.bn.bias'. See ednet.engine.trainer for customization of frozen layers.
WARNING ⚠️ setting 'requires_grad=True' for frozen layer 'model.29.cv2.3.1.conv.base.weight'. See ednet.engine.trainer for customization of frozen layers.
WARNING ⚠️ setting 'requires_grad=True' for frozen layer 'model.29.cv2.3.1.bn.weight'. See ednet.engine.trainer for customization of frozen layers.
WARNING ⚠️ setting 'requires_grad=True' for frozen layer 'model.29.cv2.3.1.bn.bias'. See ednet.engine.trainer for customization of frozen layers.
WARNING ⚠️ setting 'requires_grad=True' for frozen layer 'model.29.cv2.3.2.weight'. See ednet.engine.trainer for customization of frozen layers.
WARNING ⚠️ setting 'requires_grad=True' for frozen layer 'model.29.cv2.3.2.bias'. See ednet.engine.trainer for customization of frozen layers.
WARNING ⚠️ setting 'requires_grad=True' for frozen layer 'model.29.cv3.0.0.0.conv.weight'. See ednet.engine.trainer for customization of frozen layers.
WARNING ⚠️ setting 'requires_grad=True' for frozen layer 'model.29.cv3.0.0.0.bn.weight'. See ednet.engine.trainer for customization of frozen layers.
WARNING ⚠️ setting 'requires_grad=True' for frozen layer 'model.29.cv3.0.0.0.bn.bias'. See ednet.engine.trainer for customization of frozen layers.
WARNING ⚠️ setting 'requires_grad=True' for frozen layer 'model.29.cv3.0.0.1.conv.base.weight'. See ednet.engine.trainer for customization of frozen layers.
WARNING ⚠️ setting 'requires_grad=True' for frozen layer 'model.29.cv3.0.0.1.bn.weight'. See ednet.engine.trainer for customization of frozen layers.
WARNING ⚠️ setting 'requires_grad=True' for frozen layer 'model.29.cv3.0.0.1.bn.bias'. See ednet.engine.trainer for customization of frozen layers.
WARNING ⚠️ setting 'requires_grad=True' for frozen layer 'model.29.cv3.0.1.0.conv.weight'. See ednet.engine.trainer for customization of frozen layers.
WARNING ⚠️ setting 'requires_grad=True' for frozen layer 'model.29.cv3.0.1.0.bn.weight'. See ednet.engine.trainer for customization of frozen layers.
WARNING ⚠️ setting 'requires_grad=True' for frozen layer 'model.29.cv3.0.1.0.bn.bias'. See ednet.engine.trainer for customization of frozen layers.
WARNING ⚠️ setting 'requires_grad=True' for frozen layer 'model.29.cv3.0.1.1.conv.base.weight'. See ednet.engine.trainer for customization of frozen layers.
WARNING ⚠️ setting 'requires_grad=True' for frozen layer 'model.29.cv3.0.1.1.bn.weight'. See ednet.engine.trainer for customization of frozen layers.
WARNING ⚠️ setting 'requires_grad=True' for frozen layer 'model.29.cv3.0.1.1.bn.bias'. See ednet.engine.trainer for customization of frozen layers.
WARNING ⚠️ setting 'requires_grad=True' for frozen layer 'model.29.cv3.0.2.weight'. See ednet.engine.trainer for customization of frozen layers.
WARNING ⚠️ setting 'requires_grad=True' for frozen layer 'model.29.cv3.0.2.bias'. See ednet.engine.trainer for customization of frozen layers.
WARNING ⚠️ setting 'requires_grad=True' for frozen layer 'model.29.cv3.1.0.0.conv.weight'. See ednet.engine.trainer for customization of frozen layers.
WARNING ⚠️ setting 'requires_grad=True' for frozen layer 'model.29.cv3.1.0.0.bn.weight'. See ednet.engine.trainer for customization of frozen layers.
WARNING ⚠️ setting 'requires_grad=True' for frozen layer 'model.29.cv3.1.0.0.bn.bias'. See ednet.engine.trainer for customization of frozen layers.
WARNING ⚠️ setting 'requires_grad=True' for frozen layer 'model.29.cv3.1.0.1.conv.base.weight'. See ednet.engine.trainer for customization of frozen layers.
WARNING ⚠️ setting 'requires_grad=True' for frozen layer 'model.29.cv3.1.0.1.bn.weight'. See ednet.engine.trainer for customization of frozen layers.
WARNING ⚠️ setting 'requires_grad=True' for frozen layer 'model.29.cv3.1.0.1.bn.bias'. See ednet.engine.trainer for customization of frozen layers.
WARNING ⚠️ setting 'requires_grad=True' for frozen layer 'model.29.cv3.1.1.0.conv.weight'. See ednet.engine.trainer for customization of frozen layers.
WARNING ⚠️ setting 'requires_grad=True' for frozen layer 'model.29.cv3.1.1.0.bn.weight'. See ednet.engine.trainer for customization of frozen layers.
WARNING ⚠️ setting 'requires_grad=True' for frozen layer 'model.29.cv3.1.1.0.bn.bias'. See ednet.engine.trainer for customization of frozen layers.
WARNING ⚠️ setting 'requires_grad=True' for frozen layer 'model.29.cv3.1.1.1.conv.base.weight'. See ednet.engine.trainer for customization of frozen layers.
WARNING ⚠️ setting 'requires_grad=True' for frozen layer 'model.29.cv3.1.1.1.bn.weight'. See ednet.engine.trainer for customization of frozen layers.
WARNING ⚠️ setting 'requires_grad=True' for frozen layer 'model.29.cv3.1.1.1.bn.bias'. See ednet.engine.trainer for customization of frozen layers.
WARNING ⚠️ setting 'requires_grad=True' for frozen layer 'model.29.cv3.1.2.weight'. See ednet.engine.trainer for customization of frozen layers.
WARNING ⚠️ setting 'requires_grad=True' for frozen layer 'model.29.cv3.1.2.bias'. See ednet.engine.trainer for customization of frozen layers.
WARNING ⚠️ setting 'requires_grad=True' for frozen layer 'model.29.cv3.2.0.0.conv.weight'. See ednet.engine.trainer for customization of frozen layers.
WARNING ⚠️ setting 'requires_grad=True' for frozen layer 'model.29.cv3.2.0.0.bn.weight'. See ednet.engine.trainer for customization of frozen layers.
WARNING ⚠️ setting 'requires_grad=True' for frozen layer 'model.29.cv3.2.0.0.bn.bias'. See ednet.engine.trainer for customization of frozen layers.
WARNING ⚠️ setting 'requires_grad=True' for frozen layer 'model.29.cv3.2.0.1.conv.base.weight'. See ednet.engine.trainer for customization of frozen layers.
WARNING ⚠️ setting 'requires_grad=True' for frozen layer 'model.29.cv3.2.0.1.bn.weight'. See ednet.engine.trainer for customization of frozen layers.
WARNING ⚠️ setting 'requires_grad=True' for frozen layer 'model.29.cv3.2.0.1.bn.bias'. See ednet.engine.trainer for customization of frozen layers.
WARNING ⚠️ setting 'requires_grad=True' for frozen layer 'model.29.cv3.2.1.0.conv.weight'. See ednet.engine.trainer for customization of frozen layers.
WARNING ⚠️ setting 'requires_grad=True' for frozen layer 'model.29.cv3.2.1.0.bn.weight'. See ednet.engine.trainer for customization of frozen layers.
WARNING ⚠️ setting 'requires_grad=True' for frozen layer 'model.29.cv3.2.1.0.bn.bias'. See ednet.engine.trainer for customization of frozen layers.
WARNING ⚠️ setting 'requires_grad=True' for frozen layer 'model.29.cv3.2.1.1.conv.base.weight'. See ednet.engine.trainer for customization of frozen layers.
WARNING ⚠️ setting 'requires_grad=True' for frozen layer 'model.29.cv3.2.1.1.bn.weight'. See ednet.engine.trainer for customization of frozen layers.
WARNING ⚠️ setting 'requires_grad=True' for frozen layer 'model.29.cv3.2.1.1.bn.bias'. See ednet.engine.trainer for customization of frozen layers.
WARNING ⚠️ setting 'requires_grad=True' for frozen layer 'model.29.cv3.2.2.weight'. See ednet.engine.trainer for customization of frozen layers.
WARNING ⚠️ setting 'requires_grad=True' for frozen layer 'model.29.cv3.2.2.bias'. See ednet.engine.trainer for customization of frozen layers.
WARNING ⚠️ setting 'requires_grad=True' for frozen layer 'model.29.cv3.3.0.0.conv.weight'. See ednet.engine.trainer for customization of frozen layers.
WARNING ⚠️ setting 'requires_grad=True' for frozen layer 'model.29.cv3.3.0.0.bn.weight'. See ednet.engine.trainer for customization of frozen layers.
WARNING ⚠️ setting 'requires_grad=True' for frozen layer 'model.29.cv3.3.0.0.bn.bias'. See ednet.engine.trainer for customization of frozen layers.
WARNING ⚠️ setting 'requires_grad=True' for frozen layer 'model.29.cv3.3.0.1.conv.base.weight'. See ednet.engine.trainer for customization of frozen layers.
WARNING ⚠️ setting 'requires_grad=True' for frozen layer 'model.29.cv3.3.0.1.bn.weight'. See ednet.engine.trainer for customization of frozen layers.
WARNING ⚠️ setting 'requires_grad=True' for frozen layer 'model.29.cv3.3.0.1.bn.bias'. See ednet.engine.trainer for customization of frozen layers.
WARNING ⚠️ setting 'requires_grad=True' for frozen layer 'model.29.cv3.3.1.0.conv.weight'. See ednet.engine.trainer for customization of frozen layers.
WARNING ⚠️ setting 'requires_grad=True' for frozen layer 'model.29.cv3.3.1.0.bn.weight'. See ednet.engine.trainer for customization of frozen layers.
WARNING ⚠️ setting 'requires_grad=True' for frozen layer 'model.29.cv3.3.1.0.bn.bias'. See ednet.engine.trainer for customization of frozen layers.
WARNING ⚠️ setting 'requires_grad=True' for frozen layer 'model.29.cv3.3.1.1.conv.base.weight'. See ednet.engine.trainer for customization of frozen layers.
WARNING ⚠️ setting 'requires_grad=True' for frozen layer 'model.29.cv3.3.1.1.bn.weight'. See ednet.engine.trainer for customization of frozen layers.
WARNING ⚠️ setting 'requires_grad=True' for frozen layer 'model.29.cv3.3.1.1.bn.bias'. See ednet.engine.trainer for customization of frozen layers.
WARNING ⚠️ setting 'requires_grad=True' for frozen layer 'model.29.cv3.3.2.weight'. See ednet.engine.trainer for customization of frozen layers.
WARNING ⚠️ setting 'requires_grad=True' for frozen layer 'model.29.cv3.3.2.bias'. See ednet.engine.trainer for customization of frozen layers.
Freezing layer 'model.29.dfl.conv.weight'
WARNING ⚠️ setting 'requires_grad=True' for frozen layer 'model.29.one2one_cv2.0.0.conv.weight'. See ednet.engine.trainer for customization of frozen layers.
WARNING ⚠️ setting 'requires_grad=True' for frozen layer 'model.29.one2one_cv2.0.0.bn.weight'. See ednet.engine.trainer for customization of frozen layers.
WARNING ⚠️ setting 'requires_grad=True' for frozen layer 'model.29.one2one_cv2.0.0.bn.bias'. See ednet.engine.trainer for customization of frozen layers.
WARNING ⚠️ setting 'requires_grad=True' for frozen layer 'model.29.one2one_cv2.0.1.conv.weight'. See ednet.engine.trainer for customization of frozen layers.
WARNING ⚠️ setting 'requires_grad=True' for frozen layer 'model.29.one2one_cv2.0.1.bn.weight'. See ednet.engine.trainer for customization of frozen layers.
WARNING ⚠️ setting 'requires_grad=True' for frozen layer 'model.29.one2one_cv2.0.1.bn.bias'. See ednet.engine.trainer for customization of frozen layers.
WARNING ⚠️ setting 'requires_grad=True' for frozen layer 'model.29.one2one_cv2.0.2.weight'. See ednet.engine.trainer for customization of frozen layers.
WARNING ⚠️ setting 'requires_grad=True' for frozen layer 'model.29.one2one_cv2.0.2.bias'. See ednet.engine.trainer for customization of frozen layers.
WARNING ⚠️ setting 'requires_grad=True' for frozen layer 'model.29.one2one_cv2.1.0.conv.weight'. See ednet.engine.trainer for customization of frozen layers.
WARNING ⚠️ setting 'requires_grad=True' for frozen layer 'model.29.one2one_cv2.1.0.bn.weight'. See ednet.engine.trainer for customization of frozen layers.
WARNING ⚠️ setting 'requires_grad=True' for frozen layer 'model.29.one2one_cv2.1.0.bn.bias'. See ednet.engine.trainer for customization of frozen layers.
WARNING ⚠️ setting 'requires_grad=True' for frozen layer 'model.29.one2one_cv2.1.1.conv.weight'. See ednet.engine.trainer for customization of frozen layers.
WARNING ⚠️ setting 'requires_grad=True' for frozen layer 'model.29.one2one_cv2.1.1.bn.weight'. See ednet.engine.trainer for customization of frozen layers.
WARNING ⚠️ setting 'requires_grad=True' for frozen layer 'model.29.one2one_cv2.1.1.bn.bias'. See ednet.engine.trainer for customization of frozen layers.
WARNING ⚠️ setting 'requires_grad=True' for frozen layer 'model.29.one2one_cv2.1.2.weight'. See ednet.engine.trainer for customization of frozen layers.
WARNING ⚠️ setting 'requires_grad=True' for frozen layer 'model.29.one2one_cv2.1.2.bias'. See ednet.engine.trainer for customization of frozen layers.
WARNING ⚠️ setting 'requires_grad=True' for frozen layer 'model.29.one2one_cv2.2.0.conv.weight'. See ednet.engine.trainer for customization of frozen layers.
WARNING ⚠️ setting 'requires_grad=True' for frozen layer 'model.29.one2one_cv2.2.0.bn.weight'. See ednet.engine.trainer for customization of frozen layers.
WARNING ⚠️ setting 'requires_grad=True' for frozen layer 'model.29.one2one_cv2.2.0.bn.bias'. See ednet.engine.trainer for customization of frozen layers.
WARNING ⚠️ setting 'requires_grad=True' for frozen layer 'model.29.one2one_cv2.2.1.conv.weight'. See ednet.engine.trainer for customization of frozen layers.
WARNING ⚠️ setting 'requires_grad=True' for frozen layer 'model.29.one2one_cv2.2.1.bn.weight'. See ednet.engine.trainer for customization of frozen layers.
WARNING ⚠️ setting 'requires_grad=True' for frozen layer 'model.29.one2one_cv2.2.1.bn.bias'. See ednet.engine.trainer for customization of frozen layers.
WARNING ⚠️ setting 'requires_grad=True' for frozen layer 'model.29.one2one_cv2.2.2.weight'. See ednet.engine.trainer for customization of frozen layers.
WARNING ⚠️ setting 'requires_grad=True' for frozen layer 'model.29.one2one_cv2.2.2.bias'. See ednet.engine.trainer for customization of frozen layers.
WARNING ⚠️ setting 'requires_grad=True' for frozen layer 'model.29.one2one_cv2.3.0.conv.weight'. See ednet.engine.trainer for customization of frozen layers.
WARNING ⚠️ setting 'requires_grad=True' for frozen layer 'model.29.one2one_cv2.3.0.bn.weight'. See ednet.engine.trainer for customization of frozen layers.
WARNING ⚠️ setting 'requires_grad=True' for frozen layer 'model.29.one2one_cv2.3.0.bn.bias'. See ednet.engine.trainer for customization of frozen layers.
WARNING ⚠️ setting 'requires_grad=True' for frozen layer 'model.29.one2one_cv2.3.1.conv.weight'. See ednet.engine.trainer for customization of frozen layers.
WARNING ⚠️ setting 'requires_grad=True' for frozen layer 'model.29.one2one_cv2.3.1.bn.weight'. See ednet.engine.trainer for customization of frozen layers.
WARNING ⚠️ setting 'requires_grad=True' for frozen layer 'model.29.one2one_cv2.3.1.bn.bias'. See ednet.engine.trainer for customization of frozen layers.
WARNING ⚠️ setting 'requires_grad=True' for frozen layer 'model.29.one2one_cv2.3.2.weight'. See ednet.engine.trainer for customization of frozen layers.
WARNING ⚠️ setting 'requires_grad=True' for frozen layer 'model.29.one2one_cv2.3.2.bias'. See ednet.engine.trainer for customization of frozen layers.
WARNING ⚠️ setting 'requires_grad=True' for frozen layer 'model.29.one2one_cv3.0.0.0.conv.weight'. See ednet.engine.trainer for customization of frozen layers.
WARNING ⚠️ setting 'requires_grad=True' for frozen layer 'model.29.one2one_cv3.0.0.0.bn.weight'. See ednet.engine.trainer for customization of frozen layers.
WARNING ⚠️ setting 'requires_grad=True' for frozen layer 'model.29.one2one_cv3.0.0.0.bn.bias'. See ednet.engine.trainer for customization of frozen layers.
WARNING ⚠️ setting 'requires_grad=True' for frozen layer 'model.29.one2one_cv3.0.0.1.conv.weight'. See ednet.engine.trainer for customization of frozen layers.
WARNING ⚠️ setting 'requires_grad=True' for frozen layer 'model.29.one2one_cv3.0.0.1.bn.weight'. See ednet.engine.trainer for customization of frozen layers.
WARNING ⚠️ setting 'requires_grad=True' for frozen layer 'model.29.one2one_cv3.0.0.1.bn.bias'. See ednet.engine.trainer for customization of frozen layers.
WARNING ⚠️ setting 'requires_grad=True' for frozen layer 'model.29.one2one_cv3.0.1.0.conv.weight'. See ednet.engine.trainer for customization of frozen layers.
WARNING ⚠️ setting 'requires_grad=True' for frozen layer 'model.29.one2one_cv3.0.1.0.bn.weight'. See ednet.engine.trainer for customization of frozen layers.
WARNING ⚠️ setting 'requires_grad=True' for frozen layer 'model.29.one2one_cv3.0.1.0.bn.bias'. See ednet.engine.trainer for customization of frozen layers.
WARNING ⚠️ setting 'requires_grad=True' for frozen layer 'model.29.one2one_cv3.0.1.1.conv.weight'. See ednet.engine.trainer for customization of frozen layers.
WARNING ⚠️ setting 'requires_grad=True' for frozen layer 'model.29.one2one_cv3.0.1.1.bn.weight'. See ednet.engine.trainer for customization of frozen layers.
WARNING ⚠️ setting 'requires_grad=True' for frozen layer 'model.29.one2one_cv3.0.1.1.bn.bias'. See ednet.engine.trainer for customization of frozen layers.
WARNING ⚠️ setting 'requires_grad=True' for frozen layer 'model.29.one2one_cv3.0.2.weight'. See ednet.engine.trainer for customization of frozen layers.
WARNING ⚠️ setting 'requires_grad=True' for frozen layer 'model.29.one2one_cv3.0.2.bias'. See ednet.engine.trainer for customization of frozen layers.
WARNING ⚠️ setting 'requires_grad=True' for frozen layer 'model.29.one2one_cv3.1.0.0.conv.weight'. See ednet.engine.trainer for customization of frozen layers.
WARNING ⚠️ setting 'requires_grad=True' for frozen layer 'model.29.one2one_cv3.1.0.0.bn.weight'. See ednet.engine.trainer for customization of frozen layers.
WARNING ⚠️ setting 'requires_grad=True' for frozen layer 'model.29.one2one_cv3.1.0.0.bn.bias'. See ednet.engine.trainer for customization of frozen layers.
WARNING ⚠️ setting 'requires_grad=True' for frozen layer 'model.29.one2one_cv3.1.0.1.conv.weight'. See ednet.engine.trainer for customization of frozen layers.
WARNING ⚠️ setting 'requires_grad=True' for frozen layer 'model.29.one2one_cv3.1.0.1.bn.weight'. See ednet.engine.trainer for customization of frozen layers.
WARNING ⚠️ setting 'requires_grad=True' for frozen layer 'model.29.one2one_cv3.1.0.1.bn.bias'. See ednet.engine.trainer for customization of frozen layers.
WARNING ⚠️ setting 'requires_grad=True' for frozen layer 'model.29.one2one_cv3.1.1.0.conv.weight'. See ednet.engine.trainer for customization of frozen layers.
WARNING ⚠️ setting 'requires_grad=True' for frozen layer 'model.29.one2one_cv3.1.1.0.bn.weight'. See ednet.engine.trainer for customization of frozen layers.
WARNING ⚠️ setting 'requires_grad=True' for frozen layer 'model.29.one2one_cv3.1.1.0.bn.bias'. See ednet.engine.trainer for customization of frozen layers.
WARNING ⚠️ setting 'requires_grad=True' for frozen layer 'model.29.one2one_cv3.1.1.1.conv.weight'. See ednet.engine.trainer for customization of frozen layers.
WARNING ⚠️ setting 'requires_grad=True' for frozen layer 'model.29.one2one_cv3.1.1.1.bn.weight'. See ednet.engine.trainer for customization of frozen layers.
WARNING ⚠️ setting 'requires_grad=True' for frozen layer 'model.29.one2one_cv3.1.1.1.bn.bias'. See ednet.engine.trainer for customization of frozen layers.
WARNING ⚠️ setting 'requires_grad=True' for frozen layer 'model.29.one2one_cv3.1.2.weight'. See ednet.engine.trainer for customization of frozen layers.
WARNING ⚠️ setting 'requires_grad=True' for frozen layer 'model.29.one2one_cv3.1.2.bias'. See ednet.engine.trainer for customization of frozen layers.
WARNING ⚠️ setting 'requires_grad=True' for frozen layer 'model.29.one2one_cv3.2.0.0.conv.weight'. See ednet.engine.trainer for customization of frozen layers.
WARNING ⚠️ setting 'requires_grad=True' for frozen layer 'model.29.one2one_cv3.2.0.0.bn.weight'. See ednet.engine.trainer for customization of frozen layers.
WARNING ⚠️ setting 'requires_grad=True' for frozen layer 'model.29.one2one_cv3.2.0.0.bn.bias'. See ednet.engine.trainer for customization of frozen layers.
WARNING ⚠️ setting 'requires_grad=True' for frozen layer 'model.29.one2one_cv3.2.0.1.conv.weight'. See ednet.engine.trainer for customization of frozen layers.
WARNING ⚠️ setting 'requires_grad=True' for frozen layer 'model.29.one2one_cv3.2.0.1.bn.weight'. See ednet.engine.trainer for customization of frozen layers.
WARNING ⚠️ setting 'requires_grad=True' for frozen layer 'model.29.one2one_cv3.2.0.1.bn.bias'. See ednet.engine.trainer for customization of frozen layers.
WARNING ⚠️ setting 'requires_grad=True' for frozen layer 'model.29.one2one_cv3.2.1.0.conv.weight'. See ednet.engine.trainer for customization of frozen layers.
WARNING ⚠️ setting 'requires_grad=True' for frozen layer 'model.29.one2one_cv3.2.1.0.bn.weight'. See ednet.engine.trainer for customization of frozen layers.
WARNING ⚠️ setting 'requires_grad=True' for frozen layer 'model.29.one2one_cv3.2.1.0.bn.bias'. See ednet.engine.trainer for customization of frozen layers.
WARNING ⚠️ setting 'requires_grad=True' for frozen layer 'model.29.one2one_cv3.2.1.1.conv.weight'. See ednet.engine.trainer for customization of frozen layers.
WARNING ⚠️ setting 'requires_grad=True' for frozen layer 'model.29.one2one_cv3.2.1.1.bn.weight'. See ednet.engine.trainer for customization of frozen layers.
WARNING ⚠️ setting 'requires_grad=True' for frozen layer 'model.29.one2one_cv3.2.1.1.bn.bias'. See ednet.engine.trainer for customization of frozen layers.
WARNING ⚠️ setting 'requires_grad=True' for frozen layer 'model.29.one2one_cv3.2.2.weight'. See ednet.engine.trainer for customization of frozen layers.
WARNING ⚠️ setting 'requires_grad=True' for frozen layer 'model.29.one2one_cv3.2.2.bias'. See ednet.engine.trainer for customization of frozen layers.
WARNING ⚠️ setting 'requires_grad=True' for frozen layer 'model.29.one2one_cv3.3.0.0.conv.weight'. See ednet.engine.trainer for customization of frozen layers.
WARNING ⚠️ setting 'requires_grad=True' for frozen layer 'model.29.one2one_cv3.3.0.0.bn.weight'. See ednet.engine.trainer for customization of frozen layers.
WARNING ⚠️ setting 'requires_grad=True' for frozen layer 'model.29.one2one_cv3.3.0.0.bn.bias'. See ednet.engine.trainer for customization of frozen layers.
WARNING ⚠️ setting 'requires_grad=True' for frozen layer 'model.29.one2one_cv3.3.0.1.conv.weight'. See ednet.engine.trainer for customization of frozen layers.
WARNING ⚠️ setting 'requires_grad=True' for frozen layer 'model.29.one2one_cv3.3.0.1.bn.weight'. See ednet.engine.trainer for customization of frozen layers.
WARNING ⚠️ setting 'requires_grad=True' for frozen layer 'model.29.one2one_cv3.3.0.1.bn.bias'. See ednet.engine.trainer for customization of frozen layers.
WARNING ⚠️ setting 'requires_grad=True' for frozen layer 'model.29.one2one_cv3.3.1.0.conv.weight'. See ednet.engine.trainer for customization of frozen layers.
WARNING ⚠️ setting 'requires_grad=True' for frozen layer 'model.29.one2one_cv3.3.1.0.bn.weight'. See ednet.engine.trainer for customization of frozen layers.
WARNING ⚠️ setting 'requires_grad=True' for frozen layer 'model.29.one2one_cv3.3.1.0.bn.bias'. See ednet.engine.trainer for customization of frozen layers.
WARNING ⚠️ setting 'requires_grad=True' for frozen layer 'model.29.one2one_cv3.3.1.1.conv.weight'. See ednet.engine.trainer for customization of frozen layers.
WARNING ⚠️ setting 'requires_grad=True' for frozen layer 'model.29.one2one_cv3.3.1.1.bn.weight'. See ednet.engine.trainer for customization of frozen layers.
WARNING ⚠️ setting 'requires_grad=True' for frozen layer 'model.29.one2one_cv3.3.1.1.bn.bias'. See ednet.engine.trainer for customization of frozen layers.
WARNING ⚠️ setting 'requires_grad=True' for frozen layer 'model.29.one2one_cv3.3.2.weight'. See ednet.engine.trainer for customization of frozen layers.
WARNING ⚠️ setting 'requires_grad=True' for frozen layer 'model.29.one2one_cv3.3.2.bias'. See ednet.engine.trainer for customization of frozen layers.
[34m[1mAMP: [0mrunning Automatic Mixed Precision (AMP) checks with YOLOv8n...
[34m[1mAMP: [0mchecks passed ✅
Plotting labels to /home/ddwilde/scriptie/runs/dota_saab/stage2-saab5/labels.jpg... 
[34m[1moptimizer:[0m 'optimizer=auto' found, ignoring 'lr0=0.01' and 'momentum=0.937' and determining best 'optimizer', 'lr0' and 'momentum' automatically... 
[34m[1moptimizer:[0m AdamW(lr=0.000526, momentum=0.9) with parameter groups 117 weight(decay=0.0), 202 weight(decay=0.0005), 139 bias(decay=0.0)
Memory replay enabled from /home/ddwilde/scriptie/datasets/memory/stage1/images with batch size 4 (50.0% of primary batch).
Skipping fusion for LoRA-wrapped layer Conv
Skipping fusion for LoRA-wrapped layer Conv
Skipping fusion for LoRA-wrapped layer Conv
Skipping fusion for LoRA-wrapped layer Conv
Skipping fusion for LoRA-wrapped layer Conv
Skipping fusion for LoRA-wrapped layer Conv
Skipping fusion for LoRA-wrapped layer Conv
Skipping fusion for LoRA-wrapped layer Conv
Skipping fusion for LoRA-wrapped layer Conv
Skipping fusion for LoRA-wrapped layer Conv
Skipping fusion for LoRA-wrapped layer Conv
Skipping fusion for LoRA-wrapped layer Conv
Skipping fusion for LoRA-wrapped layer Conv
Skipping fusion for LoRA-wrapped layer Conv
Skipping fusion for LoRA-wrapped layer Conv
Skipping fusion for LoRA-wrapped layer Conv
Skipping fusion for LoRA-wrapped layer Conv
Skipping fusion for LoRA-wrapped layer Conv
Skipping fusion for LoRA-wrapped layer Conv
Skipping fusion for LoRA-wrapped layer Conv
Skipping fusion for LoRA-wrapped layer Conv
Skipping fusion for LoRA-wrapped layer Conv
Skipping fusion for LoRA-wrapped layer Conv
Skipping fusion for LoRA-wrapped layer Conv
Skipping fusion for LoRA-wrapped layer Conv
Skipping fusion for LoRA-wrapped layer Conv
Skipping fusion for LoRA-wrapped layer Conv
Skipping fusion for LoRA-wrapped layer Conv
[34m[1mTensorBoard: [0mmodel graph visualization added ✅
Image sizes 640 train, 640 val
Using 8 dataloader workers
Logging results to [1m/home/ddwilde/scriptie/runs/dota_saab/stage2-saab5[0m
Starting training for 5 epochs...

      Epoch    GPU_mem   box_loss   cls_loss   dfl_loss  Instances       Size
Replay tap positives before filter=3990 after=3990
Current items collected: 544
Replay tap P3: count=543 mean_norm=12.1644 max_norm=28.2313
Replay tap P4: count=1 mean_norm=5.3204 max_norm=5.3204
Replay tap positives before filter=793 after=793
Current items collected: 158
Replay tap P3: count=142 mean_norm=5.7176 max_norm=12.4273
Replay tap P4: count=16 mean_norm=5.3137 max_norm=13.3193
Replay tap positives before filter=847 after=847
Current items collected: 225
Replay tap P3: count=225 mean_norm=8.5767 max_norm=23.0837
Replay tap positives before filter=375 after=365
Current items collected: 254
Replay tap P3: count=253 mean_norm=5.0429 max_norm=12.2396
Replay tap P4: count=1 mean_norm=6.1020 max_norm=6.1020
Replay tap positives before filter=386 after=386
Current items collected: 193
Replay tap P3: count=190 mean_norm=6.0885 max_norm=13.0426
Replay tap P4: count=3 mean_norm=5.3511 max_norm=6.7533
Replay tap positives before filter=1048 after=1048
Current items collected: 206
Replay tap P3: count=201 mean_norm=8.1979 max_norm=19.8160
Replay tap P4: count=5 mean_norm=4.9788 max_norm=7.6869
Replay tap positives before filter=805 after=805
Current items collected: 333
Replay tap P3: count=331 mean_norm=5.4817 max_norm=14.1490
Replay tap P4: count=2 mean_norm=6.4791 max_norm=6.5033
Replay tap positives before filter=45 after=45
Current items collected: 4
Replay tap P3: count=3 mean_norm=4.5665 max_norm=6.9582
Replay tap P4: count=1 mean_norm=4.4013 max_norm=4.4013
Replay tap positives before filter=2599 after=2599
Current items collected: 364
Replay tap P3: count=351 mean_norm=8.3347 max_norm=22.2461
Replay tap P4: count=13 mean_norm=5.0770 max_norm=7.7743
Replay tap positives before filter=902 after=902
Current items collected: 199
Replay tap P3: count=176 mean_norm=6.2709 max_norm=16.6119
Replay tap P4: count=23 mean_norm=7.3003 max_norm=12.4739
Replay tap positives before filter=2956 after=2956
Current items collected: 890
Replay tap P3: count=813 mean_norm=8.1062 max_norm=26.7793
Replay tap P4: count=77 mean_norm=8.5796 max_norm=15.7485
Replay tap positives before filter=625 after=625
Current items collected: 144
Replay tap P3: count=119 mean_norm=5.0150 max_norm=9.9036
Replay tap P4: count=25 mean_norm=9.6796 max_norm=17.1070
Replay tap positives before filter=798 after=798
Current items collected: 144
Replay tap P3: count=137 mean_norm=6.0908 max_norm=21.4516
Replay tap P4: count=7 mean_norm=5.8182 max_norm=6.7267
Replay tap positives before filter=4602 after=4602
Current items collected: 713
Replay tap P3: count=709 mean_norm=9.2772 max_norm=25.8598
Replay tap P4: count=4 mean_norm=5.7859 max_norm=7.4277
Replay tap positives before filter=2602 after=2602
Current items collected: 483
Replay tap P3: count=461 mean_norm=7.5475 max_norm=17.5300
Replay tap P4: count=22 mean_norm=7.2099 max_norm=11.8667
Replay tap positives before filter=591 after=591
Current items collected: 113
Replay tap P3: count=100 mean_norm=5.5817 max_norm=13.2005
Replay tap P4: count=13 mean_norm=5.9243 max_norm=10.6475
Replay tap positives before filter=2875 after=2875
Current items collected: 418
Replay tap P3: count=399 mean_norm=11.7606 max_norm=30.5933
Replay tap P4: count=19 mean_norm=6.3263 max_norm=11.9666
Replay tap positives before filter=1456 after=1456
Current items collected: 318
Replay tap P3: count=307 mean_norm=8.4682 max_norm=19.9062
Replay tap P4: count=11 mean_norm=7.8592 max_norm=14.5418
Replay tap positives before filter=2872 after=2872
Current items collected: 630
Replay tap P3: count=558 mean_norm=7.7127 max_norm=26.0595
Replay tap P4: count=72 mean_norm=8.0904 max_norm=12.6089
Replay tap positives before filter=1366 after=1366
Current items collected: 317
Replay tap P3: count=308 mean_norm=8.4968 max_norm=25.9440
Replay tap P4: count=9 mean_norm=10.3707 max_norm=21.8268
Replay tap positives before filter=689 after=689
Current items collected: 187
Replay tap P3: count=149 mean_norm=6.1489 max_norm=19.7516
Replay tap P4: count=38 mean_norm=5.1207 max_norm=9.1601
Replay tap positives before filter=2501 after=2501
Current items collected: 544
Replay tap P3: count=497 mean_norm=8.1728 max_norm=21.3125
Replay tap P4: count=47 mean_norm=8.1218 max_norm=19.0683
Replay tap positives before filter=2360 after=2360
Current items collected: 450
Replay tap P3: count=431 mean_norm=9.3396 max_norm=23.0799
Replay tap P4: count=19 mean_norm=7.1359 max_norm=13.3120
Replay tap positives before filter=2683 after=2683
Current items collected: 632
Replay tap P3: count=572 mean_norm=6.8237 max_norm=18.5956
Replay tap P4: count=60 mean_norm=7.1875 max_norm=13.3477
Replay tap positives before filter=2346 after=2346
Current items collected: 546
Replay tap P3: count=535 mean_norm=8.0559 max_norm=27.3692
Replay tap P4: count=11 mean_norm=5.6962 max_norm=11.0197
Replay tap positives before filter=1393 after=1393
Current items collected: 205
Replay tap P3: count=188 mean_norm=7.3748 max_norm=21.4647
Replay tap P4: count=17 mean_norm=7.5874 max_norm=11.8058
Replay tap positives before filter=2082 after=2082
Current items collected: 346
Replay tap P3: count=330 mean_norm=7.2620 max_norm=17.3134
Replay tap P4: count=16 mean_norm=6.5181 max_norm=10.0280
Replay tap positives before filter=2189 after=2189
Current items collected: 435
Replay tap P3: count=429 mean_norm=10.2196 max_norm=25.1944
Replay tap P4: count=6 mean_norm=7.3419 max_norm=12.0721
Replay tap positives before filter=1712 after=1712
Current items collected: 379
Replay tap P3: count=350 mean_norm=8.5287 max_norm=28.4713
Replay tap P4: count=29 mean_norm=10.4406 max_norm=19.0662
Replay tap positives before filter=874 after=874
Current items collected: 130
Replay tap P3: count=123 mean_norm=10.0959 max_norm=24.9984
Replay tap P4: count=7 mean_norm=6.4248 max_norm=9.6195
Replay tap positives before filter=1039 after=1039
Current items collected: 659
Replay tap P3: count=631 mean_norm=5.8330 max_norm=25.3945
Replay tap P4: count=28 mean_norm=4.9180 max_norm=7.8171
Replay tap positives before filter=2543 after=2543
Current items collected: 394
Replay tap P3: count=345 mean_norm=8.4475 max_norm=18.2232
Replay tap P4: count=49 mean_norm=7.9277 max_norm=16.3766
Replay tap positives before filter=1181 after=1181
Current items collected: 219
Replay tap P3: count=217 mean_norm=8.1170 max_norm=20.3010
Replay tap P4: count=2 mean_norm=5.4256 max_norm=5.4533
Replay tap positives before filter=1852 after=1852
Current items collected: 310
Replay tap P3: count=281 mean_norm=8.5100 max_norm=29.0442
Replay tap P4: count=29 mean_norm=7.3934 max_norm=11.5251
Replay tap positives before filter=738 after=738
Current items collected: 170
Replay tap P3: count=164 mean_norm=6.7231 max_norm=24.5074
Replay tap P4: count=6 mean_norm=5.7725 max_norm=10.0384
Replay tap positives before filter=1914 after=1914
Current items collected: 502
Replay tap P3: count=478 mean_norm=9.0481 max_norm=31.5270
Replay tap P4: count=24 mean_norm=8.8227 max_norm=14.1942
Replay tap positives before filter=2095 after=2095
Current items collected: 433
Replay tap P3: count=416 mean_norm=8.0072 max_norm=26.4951
Replay tap P4: count=17 mean_norm=8.6093 max_norm=15.0064
Replay tap positives before filter=1082 after=1082
Current items collected: 199
Replay tap P3: count=175 mean_norm=5.9719 max_norm=17.5789
Replay tap P4: count=24 mean_norm=6.2422 max_norm=10.6738
Replay tap positives before filter=1400 after=1390
Current items collected: 410
Replay tap P3: count=373 mean_norm=6.4816 max_norm=20.8507
Replay tap P4: count=37 mean_norm=7.8050 max_norm=13.1604
Replay tap positives before filter=2072 after=2072
Current items collected: 435
Replay tap P3: count=406 mean_norm=8.5713 max_norm=23.8576
Replay tap P4: count=29 mean_norm=6.7292 max_norm=10.3883
Replay tap positives before filter=1886 after=1886
Current items collected: 427
Replay tap P3: count=413 mean_norm=10.5565 max_norm=35.8083
Replay tap P4: count=14 mean_norm=7.2283 max_norm=10.1635
Replay tap positives before filter=838 after=838
Current items collected: 137
Replay tap P3: count=126 mean_norm=6.6010 max_norm=22.4092
Replay tap P4: count=11 mean_norm=6.7001 max_norm=11.1039
Replay tap positives before filter=1126 after=1126
Current items collected: 334
Replay tap P3: count=326 mean_norm=8.4530 max_norm=24.7836
Replay tap P4: count=8 mean_norm=8.0062 max_norm=12.0229
Replay tap positives before filter=1012 after=1012
Current items collected: 249
Replay tap P3: count=213 mean_norm=5.9430 max_norm=19.4280
Replay tap P4: count=36 mean_norm=6.4972 max_norm=12.4083
Replay tap positives before filter=2220 after=2220
Current items collected: 364
Replay tap P3: count=336 mean_norm=9.0400 max_norm=27.8584
Replay tap P4: count=28 mean_norm=6.7434 max_norm=9.3526
Replay tap positives before filter=603 after=603
Current items collected: 121
Replay tap P3: count=118 mean_norm=8.5272 max_norm=25.7891
Replay tap P4: count=3 mean_norm=7.4090 max_norm=7.9162
Replay tap positives before filter=526 after=526
Current items collected: 166
Replay tap P3: count=165 mean_norm=4.8188 max_norm=10.3577
Replay tap P4: count=1 mean_norm=7.0171 max_norm=7.0171
Replay tap positives before filter=3156 after=3156
Current items collected: 641
Replay tap P3: count=613 mean_norm=6.9226 max_norm=23.2837
Replay tap P4: count=28 mean_norm=6.3929 max_norm=11.7476
Replay tap positives before filter=1419 after=1415
Current items collected: 270
Replay tap P3: count=244 mean_norm=7.8443 max_norm=23.4079
Replay tap P4: count=26 mean_norm=5.4712 max_norm=8.4135
Replay tap positives before filter=1996 after=1996
Current items collected: 319
Replay tap P3: count=291 mean_norm=8.0993 max_norm=27.0788
Replay tap P4: count=28 mean_norm=7.9524 max_norm=12.5792
Replay tap positives before filter=2906 after=2906
Current items collected: 556
Replay tap P3: count=533 mean_norm=9.1917 max_norm=27.1666
Replay tap P4: count=23 mean_norm=7.8709 max_norm=12.8159
Replay tap positives before filter=2344 after=2344
Current items collected: 394
Replay tap P3: count=379 mean_norm=8.4356 max_norm=28.6201
Replay tap P4: count=15 mean_norm=7.5068 max_norm=15.4262
Replay tap positives before filter=1900 after=1900
Current items collected: 380
Replay tap P3: count=379 mean_norm=7.7313 max_norm=25.5565
Replay tap P4: count=1 mean_norm=4.1541 max_norm=4.1541
Replay tap positives before filter=2282 after=2282
Current items collected: 303
Replay tap P3: count=297 mean_norm=11.3520 max_norm=32.3339
Replay tap P4: count=6 mean_norm=5.5215 max_norm=6.8704
Replay tap positives before filter=1136 after=1136
Current items collected: 249
Replay tap P3: count=217 mean_norm=4.5791 max_norm=9.3531
Replay tap P4: count=32 mean_norm=7.2055 max_norm=13.6442
Replay tap positives before filter=2208 after=2208
Current items collected: 597
Replay tap P3: count=560 mean_norm=7.3285 max_norm=28.1708
Replay tap P4: count=37 mean_norm=7.0810 max_norm=16.3000
Replay tap positives before filter=1613 after=1613
Current items collected: 389
Replay tap P3: count=371 mean_norm=6.8605 max_norm=23.6070
Replay tap P4: count=18 mean_norm=6.0227 max_norm=8.1524
Replay tap positives before filter=1198 after=1198
Current items collected: 152
Replay tap P3: count=148 mean_norm=8.9155 max_norm=21.8093
Replay tap P4: count=4 mean_norm=6.8969 max_norm=8.0806
Replay tap positives before filter=1482 after=1482
Current items collected: 294
Replay tap P3: count=289 mean_norm=7.8855 max_norm=27.5332
Replay tap P4: count=5 mean_norm=7.9621 max_norm=10.4001
Replay tap positives before filter=1997 after=1997
Current items collected: 336
Replay tap P3: count=305 mean_norm=8.8976 max_norm=29.5956
Replay tap P4: count=31 mean_norm=5.6695 max_norm=10.8157
Replay tap positives before filter=1085 after=1085
Current items collected: 281
Replay tap P3: count=251 mean_norm=7.1704 max_norm=21.7304
Replay tap P4: count=30 mean_norm=6.2177 max_norm=8.5887
Replay tap positives before filter=856 after=856
Current items collected: 202
Replay tap P3: count=198 mean_norm=10.6948 max_norm=23.6700
Replay tap P4: count=4 mean_norm=7.2434 max_norm=9.3037
Replay tap positives before filter=562 after=562
Current items collected: 227
Replay tap P3: count=217 mean_norm=4.6168 max_norm=13.0778
Replay tap P4: count=10 mean_norm=6.1259 max_norm=8.6343
Replay tap positives before filter=2305 after=2305
Current items collected: 496
Replay tap P3: count=476 mean_norm=9.0814 max_norm=22.8705
Replay tap P4: count=20 mean_norm=9.0457 max_norm=13.6370
Replay tap positives before filter=2711 after=2711
Current items collected: 441
Replay tap P3: count=435 mean_norm=10.7980 max_norm=30.9046
Replay tap P4: count=6 mean_norm=10.4777 max_norm=16.3925
Replay tap positives before filter=621 after=621
Current items collected: 149
Replay tap P3: count=143 mean_norm=5.5904 max_norm=26.2398
Replay tap P4: count=6 mean_norm=5.9897 max_norm=8.0156
Replay tap positives before filter=1467 after=1467
Current items collected: 348
Replay tap P3: count=338 mean_norm=8.8784 max_norm=39.2023
Replay tap P4: count=10 mean_norm=7.2026 max_norm=11.1884
Replay tap positives before filter=4283 after=4273
Current items collected: 856
Replay tap P3: count=771 mean_norm=10.3099 max_norm=33.7626
Replay tap P4: count=85 mean_norm=9.8686 max_norm=21.0853
Replay tap positives before filter=989 after=989
Current items collected: 208
Replay tap P3: count=205 mean_norm=5.2700 max_norm=19.6481
Replay tap P4: count=3 mean_norm=7.2180 max_norm=7.6981
Replay tap positives before filter=1920 after=1920
Current items collected: 214
Replay tap P3: count=209 mean_norm=11.6053 max_norm=23.8304
Replay tap P4: count=5 mean_norm=8.6490 max_norm=11.2541
Replay tap positives before filter=2050 after=2050
Current items collected: 367
Replay tap P3: count=355 mean_norm=11.1983 max_norm=34.7010
Replay tap P4: count=12 mean_norm=7.4234 max_norm=11.1742
Replay tap positives before filter=3664 after=3664
Current items collected: 646
Replay tap P3: count=587 mean_norm=7.7391 max_norm=34.9837
Replay tap P4: count=59 mean_norm=7.0124 max_norm=12.3756
Replay tap positives before filter=742 after=742
Current items collected: 125
Replay tap P3: count=114 mean_norm=4.7900 max_norm=9.0025
Replay tap P4: count=11 mean_norm=6.0981 max_norm=8.3855
Replay tap positives before filter=759 after=759
Current items collected: 161
Replay tap P3: count=154 mean_norm=7.8376 max_norm=19.1710
Replay tap P4: count=7 mean_norm=7.1076 max_norm=9.7033
Replay tap positives before filter=1121 after=1121
Current items collected: 246
Replay tap P3: count=225 mean_norm=9.9363 max_norm=26.9827
Replay tap P4: count=21 mean_norm=6.7031 max_norm=12.8721
Replay tap positives before filter=2620 after=2620
Current items collected: 334
Replay tap P3: count=304 mean_norm=12.4856 max_norm=31.3804
Replay tap P4: count=30 mean_norm=7.6389 max_norm=11.7567
Replay tap positives before filter=887 after=887
Current items collected: 200
Replay tap P3: count=168 mean_norm=4.9455 max_norm=15.1120
Replay tap P4: count=32 mean_norm=6.1849 max_norm=9.3019
Replay tap positives before filter=2501 after=2501
Current items collected: 373
Replay tap P3: count=353 mean_norm=13.6764 max_norm=30.2350
Replay tap P4: count=20 mean_norm=6.3405 max_norm=14.5379
Replay tap positives before filter=380 after=380
Current items collected: 162
Replay tap P3: count=148 mean_norm=4.8110 max_norm=13.8539
Replay tap P4: count=14 mean_norm=7.4588 max_norm=9.7718
Replay tap positives before filter=1841 after=1841
Current items collected: 291
Replay tap P3: count=279 mean_norm=11.8897 max_norm=42.7097
Replay tap P4: count=12 mean_norm=8.1097 max_norm=12.0888
Replay tap positives before filter=1406 after=1406
Current items collected: 145
Replay tap P3: count=130 mean_norm=15.9578 max_norm=32.2872
Replay tap P4: count=15 mean_norm=6.3070 max_norm=8.2609
Replay tap positives before filter=2040 after=2040
Current items collected: 309
Replay tap P3: count=298 mean_norm=12.9342 max_norm=32.3492
Replay tap P4: count=11 mean_norm=8.2413 max_norm=11.7587
Replay tap positives before filter=1027 after=1027
Current items collected: 269
Replay tap P3: count=240 mean_norm=8.0021 max_norm=34.8753
Replay tap P4: count=29 mean_norm=6.8003 max_norm=12.0133
Replay tap positives before filter=3181 after=3181
Current items collected: 544
Replay tap P3: count=515 mean_norm=11.3161 max_norm=24.5329
Replay tap P4: count=29 mean_norm=8.2032 max_norm=15.3494
Replay tap positives before filter=1549 after=1549
Current items collected: 288
Replay tap P3: count=275 mean_norm=8.9370 max_norm=32.9364
Replay tap P4: count=13 mean_norm=6.6725 max_norm=8.0440
Replay tap positives before filter=730 after=730
Current items collected: 244
Replay tap P3: count=240 mean_norm=8.8264 max_norm=35.7055
Replay tap P4: count=4 mean_norm=6.5521 max_norm=9.0738
Replay tap positives before filter=1470 after=1470
Current items collected: 298
Replay tap P3: count=284 mean_norm=9.4455 max_norm=22.4547
Replay tap P4: count=14 mean_norm=9.5991 max_norm=15.3303
Replay tap positives before filter=1290 after=1290
Current items collected: 296
Replay tap P3: count=290 mean_norm=5.9362 max_norm=20.4952
Replay tap P4: count=6 mean_norm=6.9637 max_norm=9.5968
Replay tap positives before filter=2521 after=2521
Current items collected: 357
Replay tap P3: count=340 mean_norm=13.0810 max_norm=37.3179
Replay tap P4: count=17 mean_norm=8.2423 max_norm=10.7083
Replay tap positives before filter=300 after=300
Current items collected: 123
Replay tap P3: count=123 mean_norm=6.0383 max_norm=15.0851
Replay tap positives before filter=698 after=688
Current items collected: 287
Replay tap P3: count=253 mean_norm=8.1584 max_norm=37.2002
Replay tap P4: count=34 mean_norm=5.8727 max_norm=11.4900
Replay tap positives before filter=3096 after=3096
Current items collected: 665
Replay tap P3: count=620 mean_norm=10.8839 max_norm=35.6292
Replay tap P4: count=45 mean_norm=9.1920 max_norm=17.7615
Replay tap positives before filter=1923 after=1923
Current items collected: 338
Replay tap P3: count=304 mean_norm=9.5727 max_norm=39.0515
Replay tap P4: count=34 mean_norm=7.2521 max_norm=12.3433
Replay tap positives before filter=563 after=558
Current items collected: 236
Replay tap P3: count=224 mean_norm=5.9248 max_norm=22.0461
Replay tap P4: count=12 mean_norm=5.2801 max_norm=6.9081
Replay tap positives before filter=1584 after=1584
Current items collected: 329
Replay tap P3: count=324 mean_norm=12.3348 max_norm=35.3178
Replay tap P4: count=5 mean_norm=7.0452 max_norm=10.4550
Replay tap positives before filter=1830 after=1830
Current items collected: 313
Replay tap P3: count=299 mean_norm=10.9937 max_norm=40.0938
Replay tap P4: count=14 mean_norm=6.7941 max_norm=10.9927
Replay tap positives before filter=1166 after=1166
Current items collected: 450
Replay tap P3: count=430 mean_norm=7.3403 max_norm=33.3126
Replay tap P4: count=20 mean_norm=5.5032 max_norm=12.2630
Replay tap positives before filter=1465 after=1465
Current items collected: 270
Replay tap P3: count=245 mean_norm=11.4544 max_norm=30.7131
Replay tap P4: count=25 mean_norm=8.9105 max_norm=20.8827
Replay tap positives before filter=828 after=828
Current items collected: 216
Replay tap P3: count=215 mean_norm=10.4894 max_norm=33.3979
Replay tap P4: count=1 mean_norm=7.7114 max_norm=7.7114
Replay tap positives before filter=1647 after=1647
Current items collected: 316
Replay tap P3: count=314 mean_norm=13.1729 max_norm=30.3162
Replay tap P4: count=2 mean_norm=5.1963 max_norm=5.2835
Replay tap positives before filter=1485 after=1485
Current items collected: 146
Replay tap P3: count=139 mean_norm=16.0953 max_norm=41.4634
Replay tap P4: count=7 mean_norm=6.8943 max_norm=10.1925
Replay tap positives before filter=3383 after=3383
Current items collected: 544
Replay tap P3: count=513 mean_norm=12.2481 max_norm=33.3636
Replay tap P4: count=31 mean_norm=7.4854 max_norm=12.1848
Replay tap positives before filter=2517 after=2517
Current items collected: 516
Replay tap P3: count=488 mean_norm=14.4250 max_norm=41.1238
Replay tap P4: count=28 mean_norm=8.0470 max_norm=11.7443
Replay tap positives before filter=1462 after=1462
Current items collected: 385
Replay tap P3: count=311 mean_norm=8.7770 max_norm=35.8972
Replay tap P4: count=74 mean_norm=5.9666 max_norm=13.7965
Replay tap positives before filter=1220 after=1220
Current items collected: 173
Replay tap P3: count=168 mean_norm=15.1350 max_norm=38.8485
Replay tap P4: count=5 mean_norm=6.5148 max_norm=8.4440
Replay tap positives before filter=1259 after=1259
Current items collected: 231
Replay tap P3: count=223 mean_norm=12.9087 max_norm=54.9502
Replay tap P4: count=8 mean_norm=8.0406 max_norm=9.4240
Replay tap positives before filter=880 after=880
Current items collected: 136
Replay tap P3: count=125 mean_norm=17.8018 max_norm=46.5606
Replay tap P4: count=11 mean_norm=6.6569 max_norm=8.0786
Replay tap positives before filter=2046 after=2036
Current items collected: 547
Replay tap P3: count=462 mean_norm=12.0112 max_norm=31.7662
Replay tap P4: count=85 mean_norm=8.8300 max_norm=17.8782
Replay tap positives before filter=1489 after=1489
Current items collected: 165
Replay tap P3: count=161 mean_norm=14.8560 max_norm=44.8657
Replay tap P4: count=4 mean_norm=6.0101 max_norm=8.0891
Replay tap positives before filter=750 after=750
Current items collected: 273
Replay tap P3: count=236 mean_norm=7.7349 max_norm=41.2071
Replay tap P4: count=37 mean_norm=6.4420 max_norm=9.2361
Replay tap positives before filter=2285 after=2285
Current items collected: 459
Replay tap P3: count=445 mean_norm=12.6701 max_norm=33.9999
Replay tap P4: count=14 mean_norm=8.0254 max_norm=14.0725
Replay tap positives before filter=2128 after=2128
Current items collected: 460
Replay tap P3: count=449 mean_norm=11.9528 max_norm=38.6092
Replay tap P4: count=11 mean_norm=8.0506 max_norm=13.0025
Replay tap positives before filter=571 after=571
Current items collected: 243
Replay tap P3: count=240 mean_norm=6.7983 max_norm=24.7508
Replay tap P4: count=3 mean_norm=5.9591 max_norm=6.5945
Replay tap positives before filter=2908 after=2908
Current items collected: 613
Replay tap P3: count=576 mean_norm=12.5783 max_norm=27.9136
Replay tap P4: count=37 mean_norm=9.1757 max_norm=16.5194
Replay tap positives before filter=964 after=964
Current items collected: 274
Replay tap P3: count=274 mean_norm=11.4507 max_norm=28.5334
Replay tap positives before filter=3813 after=3813
Current items collected: 689
Replay tap P3: count=629 mean_norm=12.8385 max_norm=39.4492
Replay tap P4: count=60 mean_norm=9.3099 max_norm=18.2635
Replay tap positives before filter=784 after=784
Current items collected: 168
Replay tap P3: count=157 mean_norm=9.0035 max_norm=35.1254
Replay tap P4: count=11 mean_norm=6.2062 max_norm=9.4002
Replay tap positives before filter=1377 after=1377
Current items collected: 292
Replay tap P3: count=291 mean_norm=11.0775 max_norm=42.8425
Replay tap P4: count=1 mean_norm=9.5932 max_norm=9.5932
Replay tap positives before filter=872 after=872
Current items collected: 173
Replay tap P3: count=173 mean_norm=15.4356 max_norm=35.8562
Replay tap positives before filter=3271 after=3271
Current items collected: 653
Replay tap P3: count=606 mean_norm=12.8726 max_norm=34.7740
Replay tap P4: count=47 mean_norm=10.0948 max_norm=21.1761
Replay tap positives before filter=1082 after=1082
Current items collected: 144
Replay tap P3: count=140 mean_norm=14.4873 max_norm=35.7611
Replay tap P4: count=4 mean_norm=6.8257 max_norm=10.5492
Replay tap positives before filter=2592 after=2592
Current items collected: 351
Replay tap P3: count=330 mean_norm=16.2693 max_norm=35.7980
Replay tap P4: count=21 mean_norm=7.7807 max_norm=11.3347
Replay tap positives before filter=2581 after=2581
Current items collected: 484
Replay tap P3: count=413 mean_norm=14.6203 max_norm=34.6829
Replay tap P4: count=71 mean_norm=6.8395 max_norm=17.7182
Replay tap positives before filter=1081 after=1081
Current items collected: 366
Replay tap P3: count=359 mean_norm=9.0806 max_norm=30.3037
Replay tap P4: count=7 mean_norm=6.3430 max_norm=9.6208
Replay tap positives before filter=923 after=923
Current items collected: 246
Replay tap P3: count=242 mean_norm=8.1874 max_norm=31.1601
Replay tap P4: count=4 mean_norm=7.6178 max_norm=8.6042
Replay tap positives before filter=1069 after=1069
Current items collected: 249
Replay tap P3: count=236 mean_norm=9.9713 max_norm=32.5567
Replay tap P4: count=13 mean_norm=8.1042 max_norm=13.2000
Replay tap positives before filter=3362 after=3362
Current items collected: 440
Replay tap P3: count=417 mean_norm=18.3033 max_norm=42.8640
Replay tap P4: count=23 mean_norm=8.8963 max_norm=13.9623
Replay tap positives before filter=1253 after=1243
Current items collected: 413
Replay tap P3: count=410 mean_norm=7.9369 max_norm=21.3767
Replay tap P4: count=3 mean_norm=5.9603 max_norm=8.3432
Replay tap positives before filter=1447 after=1447
Current items collected: 289
Replay tap P3: count=266 mean_norm=16.7587 max_norm=36.7157
Replay tap P4: count=23 mean_norm=7.0777 max_norm=11.2523
Replay tap positives before filter=1470 after=1470
Current items collected: 176
Replay tap P3: count=161 mean_norm=12.7539 max_norm=34.5910
Replay tap P4: count=15 mean_norm=7.7387 max_norm=10.5031
Replay tap positives before filter=1658 after=1658
Current items collected: 473
Replay tap P3: count=428 mean_norm=13.9884 max_norm=40.7579
Replay tap P4: count=45 mean_norm=6.9431 max_norm=10.2278
Replay tap positives before filter=1841 after=1841
Current items collected: 396
Replay tap P3: count=336 mean_norm=12.2848 max_norm=34.5743
Replay tap P4: count=60 mean_norm=8.6453 max_norm=20.3758
Replay tap positives before filter=1935 after=1935
Current items collected: 247
Replay tap P3: count=244 mean_norm=16.0816 max_norm=43.0911
Replay tap P4: count=3 mean_norm=6.4968 max_norm=8.0843
Replay tap positives before filter=1058 after=1058
Current items collected: 90
Replay tap P3: count=90 mean_norm=19.5991 max_norm=45.6669
Replay tap positives before filter=1060 after=1060
Current items collected: 325
Replay tap P3: count=321 mean_norm=10.2087 max_norm=35.8886
Replay tap P4: count=4 mean_norm=6.8326 max_norm=8.6570
Replay tap positives before filter=303 after=303
Current items collected: 43
Replay tap P3: count=39 mean_norm=10.2305 max_norm=30.5362
Replay tap P4: count=4 mean_norm=6.2956 max_norm=7.8384
Replay tap positives before filter=3131 after=3131
Current items collected: 512
Replay tap P3: count=496 mean_norm=16.0386 max_norm=37.3502
Replay tap P4: count=16 mean_norm=6.6354 max_norm=10.7950
Replay tap positives before filter=2121 after=2121
Current items collected: 279
Replay tap P3: count=261 mean_norm=13.5737 max_norm=37.7657
Replay tap P4: count=18 mean_norm=9.9190 max_norm=14.1724
Replay tap positives before filter=802 after=802
Current items collected: 223
Replay tap P3: count=216 mean_norm=12.0419 max_norm=36.2321
Replay tap P4: count=7 mean_norm=6.4616 max_norm=7.5015
Replay tap positives before filter=3134 after=3134
Current items collected: 624
Replay tap P3: count=585 mean_norm=11.7143 max_norm=37.1981
Replay tap P4: count=39 mean_norm=9.1979 max_norm=16.0295
Replay tap positives before filter=2522 after=2522
Current items collected: 439
Replay tap P3: count=425 mean_norm=9.0795 max_norm=22.5849
Replay tap P4: count=14 mean_norm=6.4745 max_norm=9.6779
Replay tap positives before filter=2619 after=2619
Current items collected: 532
Replay tap P3: count=468 mean_norm=16.0158 max_norm=46.1137
Replay tap P4: count=64 mean_norm=8.0224 max_norm=13.1513
Replay tap positives before filter=2081 after=2081
Current items collected: 375
Replay tap P3: count=350 mean_norm=9.9607 max_norm=34.2083
Replay tap P4: count=25 mean_norm=6.5842 max_norm=10.4622
Replay tap positives before filter=2466 after=2466
Current items collected: 491
Replay tap P3: count=448 mean_norm=10.9195 max_norm=44.2710
Replay tap P4: count=43 mean_norm=6.3368 max_norm=10.7027
Replay tap positives before filter=1686 after=1686
Current items collected: 383
Replay tap P3: count=369 mean_norm=9.4710 max_norm=31.3439
Replay tap P4: count=14 mean_norm=7.4154 max_norm=16.2767
Replay tap positives before filter=1082 after=1082
Current items collected: 206
Replay tap P3: count=199 mean_norm=9.8290 max_norm=34.7570
Replay tap P4: count=7 mean_norm=6.4305 max_norm=7.0196
Replay tap positives before filter=1998 after=1998
Current items collected: 501
Replay tap P3: count=455 mean_norm=11.1009 max_norm=28.5782
Replay tap P4: count=46 mean_norm=6.8568 max_norm=11.3774
Replay tap positives before filter=4775 after=4765
Current items collected: 622
Replay tap P3: count=579 mean_norm=13.9172 max_norm=32.9655
Replay tap P4: count=43 mean_norm=8.0020 max_norm=15.5734
Replay tap positives before filter=2175 after=2175
Current items collected: 358
Replay tap P3: count=293 mean_norm=12.5181 max_norm=34.7023
Replay tap P4: count=65 mean_norm=8.2200 max_norm=13.2348
Replay tap positives before filter=2815 after=2815
Current items collected: 687
Replay tap P3: count=627 mean_norm=13.9919 max_norm=37.6722
Replay tap P4: count=60 mean_norm=7.7928 max_norm=15.5902
Replay tap positives before filter=1955 after=1955
Current items collected: 352
Replay tap P3: count=323 mean_norm=11.0747 max_norm=35.0724
Replay tap P4: count=29 mean_norm=7.2602 max_norm=10.9782
Replay tap positives before filter=2628 after=2628
Current items collected: 391
Replay tap P3: count=286 mean_norm=12.4388 max_norm=48.8673
Replay tap P4: count=105 mean_norm=8.7550 max_norm=13.5710
Replay tap positives before filter=1893 after=1893
Current items collected: 381
Replay tap P3: count=359 mean_norm=10.9928 max_norm=27.8364
Replay tap P4: count=22 mean_norm=5.8185 max_norm=9.8655
Replay tap positives before filter=1082 after=1082
Current items collected: 262
Replay tap P3: count=248 mean_norm=11.7032 max_norm=26.3041
Replay tap P4: count=14 mean_norm=5.9210 max_norm=8.4027
Replay tap positives before filter=1515 after=1515
Current items collected: 308
Replay tap P3: count=303 mean_norm=11.4623 max_norm=31.5910
Replay tap P4: count=5 mean_norm=7.9979 max_norm=10.9606
Replay tap positives before filter=597 after=597
Current items collected: 219
Replay tap P3: count=218 mean_norm=13.7621 max_norm=39.5859
Replay tap P4: count=1 mean_norm=7.3177 max_norm=7.3177
Replay tap positives before filter=945 after=945
Current items collected: 271
Replay tap P3: count=261 mean_norm=9.3886 max_norm=23.1879
Replay tap P4: count=10 mean_norm=5.9793 max_norm=8.0018
Replay tap positives before filter=947 after=947
Current items collected: 309
Replay tap P3: count=292 mean_norm=14.3673 max_norm=39.1088
Replay tap P4: count=17 mean_norm=10.8247 max_norm=17.0191
Replay tap positives before filter=902 after=902
Current items collected: 257
Replay tap P3: count=253 mean_norm=8.7013 max_norm=36.7829
Replay tap P4: count=4 mean_norm=5.2939 max_norm=6.4560
Replay tap positives before filter=1308 after=1308
Current items collected: 143
Replay tap P3: count=135 mean_norm=8.7821 max_norm=33.8567
Replay tap P4: count=8 mean_norm=5.3403 max_norm=5.8271
Replay tap positives before filter=2182 after=2182
Current items collected: 451
Replay tap P3: count=445 mean_norm=13.2257 max_norm=34.3413
Replay tap P4: count=6 mean_norm=5.7410 max_norm=7.3466
Replay tap positives before filter=743 after=743
Current items collected: 310
Replay tap P3: count=267 mean_norm=9.6583 max_norm=17.5496
Replay tap P4: count=43 mean_norm=13.3444 max_norm=17.6959
Replay tap positives before filter=2984 after=2974
Current items collected: 448
Replay tap P3: count=409 mean_norm=12.5309 max_norm=35.3562
Replay tap P4: count=39 mean_norm=7.1908 max_norm=11.0394
Replay tap positives before filter=611 after=611
Current items collected: 239
Replay tap P3: count=224 mean_norm=10.6180 max_norm=20.9304
Replay tap P4: count=15 mean_norm=5.6172 max_norm=7.1146
Replay tap positives before filter=1193 after=1193
Current items collected: 254
Replay tap P3: count=251 mean_norm=12.8666 max_norm=34.0119
Replay tap P4: count=3 mean_norm=7.0240 max_norm=7.6575
Replay tap positives before filter=2946 after=2946
Current items collected: 589
Replay tap P3: count=584 mean_norm=11.2331 max_norm=27.4139
Replay tap P4: count=5 mean_norm=5.9317 max_norm=7.0238
Replay tap positives before filter=4147 after=4147
Current items collected: 847
Replay tap P3: count=779 mean_norm=11.8567 max_norm=26.0518
Replay tap P4: count=68 mean_norm=6.4525 max_norm=12.0483
Replay tap positives before filter=1205 after=1205
Current items collected: 443
Replay tap P3: count=360 mean_norm=11.4076 max_norm=24.5563
Replay tap P4: count=83 mean_norm=12.2538 max_norm=18.8716
Replay tap positives before filter=1316 after=1316
Current items collected: 270
Replay tap P3: count=254 mean_norm=13.9989 max_norm=36.8655
Replay tap P4: count=16 mean_norm=5.9365 max_norm=7.6966
Replay tap positives before filter=1515 after=1515
Current items collected: 323
Replay tap P3: count=298 mean_norm=14.1373 max_norm=27.1466
Replay tap P4: count=25 mean_norm=6.3093 max_norm=7.6203
Replay tap positives before filter=758 after=758
Current items collected: 170
Replay tap P3: count=160 mean_norm=13.6877 max_norm=34.9263
Replay tap P4: count=10 mean_norm=7.3831 max_norm=10.0340
Replay tap positives before filter=1990 after=1990
Current items collected: 370
Replay tap P3: count=342 mean_norm=10.9859 max_norm=30.9051
Replay tap P4: count=28 mean_norm=6.4244 max_norm=9.3475
Replay tap positives before filter=2558 after=2558
Current items collected: 452
Replay tap P3: count=423 mean_norm=13.0224 max_norm=31.1324
Replay tap P4: count=29 mean_norm=5.9505 max_norm=8.4400
Replay tap positives before filter=907 after=907
Current items collected: 231
Replay tap P3: count=231 mean_norm=10.4115 max_norm=31.6622
Replay tap positives before filter=1839 after=1839
Current items collected: 395
Replay tap P3: count=354 mean_norm=14.8710 max_norm=30.5845
Replay tap P4: count=41 mean_norm=6.3530 max_norm=11.0842
Replay tap positives before filter=2126 after=2126
Current items collected: 265
Replay tap P3: count=260 mean_norm=15.4760 max_norm=30.3772
Replay tap P4: count=5 mean_norm=5.8201 max_norm=7.9172
Replay tap positives before filter=511 after=511
Current items collected: 100
Replay tap P3: count=95 mean_norm=15.9358 max_norm=36.6101
Replay tap P4: count=5 mean_norm=6.6170 max_norm=10.9707
                   all        367       9837      0.258     0.0479     0.0366     0.0162
Replay buffer size after epoch 1: 1280 embeddings across 10 classes.
Saved 1280 replay embeddings to /home/ddwilde/scriptie/runs/dota_saab/stage2-saab5/replay/buffer.pt

      Epoch    GPU_mem   box_loss   cls_loss   dfl_loss  Instances       Size
Replay tap positives before filter=1477 after=1477
Current items collected: 310
Replay tap P3: count=299 mean_norm=15.7806 max_norm=31.1415
Replay tap P4: count=11 mean_norm=7.0022 max_norm=8.5324
Replay tap positives before filter=1969 after=1969
Current items collected: 411
Replay tap P3: count=383 mean_norm=12.0341 max_norm=39.0287
Replay tap P4: count=28 mean_norm=6.2903 max_norm=8.5015
Replay tap positives before filter=2316 after=2316
Current items collected: 332
Replay tap P3: count=310 mean_norm=11.6038 max_norm=30.7768
Replay tap P4: count=22 mean_norm=6.4182 max_norm=9.1765
Replay tap positives before filter=2594 after=2594
Current items collected: 383
Replay tap P3: count=374 mean_norm=14.8997 max_norm=36.5052
Replay tap P4: count=9 mean_norm=6.9494 max_norm=9.5928
Replay tap positives before filter=696 after=696
Current items collected: 138
Replay tap P3: count=132 mean_norm=12.4131 max_norm=29.3563
Replay tap P4: count=6 mean_norm=6.7122 max_norm=9.0138
Replay tap positives before filter=2917 after=2917
Current items collected: 549
Replay tap P3: count=528 mean_norm=13.9705 max_norm=38.3512
Replay tap P4: count=21 mean_norm=6.4572 max_norm=10.1401
Replay tap positives before filter=1326 after=1326
Current items collected: 261
Replay tap P3: count=249 mean_norm=14.5903 max_norm=28.2055
Replay tap P4: count=12 mean_norm=5.7875 max_norm=7.0452
Replay tap positives before filter=3599 after=3599
Current items collected: 515
Replay tap P3: count=497 mean_norm=15.4806 max_norm=35.8987
Replay tap P4: count=18 mean_norm=6.1684 max_norm=8.6522
Replay tap positives before filter=2207 after=2207
Current items collected: 418
Replay tap P3: count=410 mean_norm=17.4254 max_norm=35.3326
Replay tap P4: count=8 mean_norm=6.8274 max_norm=9.1459
Replay tap positives before filter=852 after=852
Current items collected: 187
Replay tap P3: count=173 mean_norm=9.3664 max_norm=24.3144
Replay tap P4: count=14 mean_norm=6.3319 max_norm=10.5888
Replay tap positives before filter=1231 after=1231
Current items collected: 158
Replay tap P3: count=149 mean_norm=14.5491 max_norm=30.0135
Replay tap P4: count=9 mean_norm=10.0306 max_norm=14.6737
Replay tap positives before filter=1724 after=1724
Current items collected: 271
Replay tap P3: count=265 mean_norm=17.7179 max_norm=36.1139
Replay tap P4: count=6 mean_norm=6.9478 max_norm=8.9615
Replay tap positives before filter=866 after=866
Current items collected: 263
Replay tap P3: count=243 mean_norm=13.3789 max_norm=31.1535
Replay tap P4: count=20 mean_norm=7.1658 max_norm=11.5337
Replay tap positives before filter=2330 after=2330
Current items collected: 359
Replay tap P3: count=333 mean_norm=12.8495 max_norm=30.9230
Replay tap P4: count=26 mean_norm=7.0475 max_norm=12.6383
Replay tap positives before filter=511 after=511
Current items collected: 242
Replay tap P3: count=238 mean_norm=21.1890 max_norm=32.9197
Replay tap P4: count=4 mean_norm=6.0200 max_norm=6.3423
Replay tap positives before filter=1960 after=1960
Current items collected: 235
Replay tap P3: count=219 mean_norm=11.6659 max_norm=31.3092
Replay tap P4: count=16 mean_norm=6.8399 max_norm=10.8753
Replay tap positives before filter=774 after=774
Current items collected: 279
Replay tap P3: count=271 mean_norm=21.4659 max_norm=33.9604
Replay tap P4: count=8 mean_norm=7.2301 max_norm=12.6295
Replay tap positives before filter=929 after=929
Current items collected: 158
Replay tap P3: count=151 mean_norm=18.3869 max_norm=37.9934
Replay tap P4: count=7 mean_norm=7.2064 max_norm=9.4138
Replay tap positives before filter=1264 after=1264
Current items collected: 335
Replay tap P3: count=319 mean_norm=22.2083 max_norm=41.0217
Replay tap P4: count=16 mean_norm=7.3771 max_norm=9.4880
Replay tap positives before filter=2415 after=2415
Current items collected: 370
Replay tap P3: count=358 mean_norm=20.3284 max_norm=38.5163
Replay tap P4: count=12 mean_norm=6.4006 max_norm=11.3240
Replay tap positives before filter=928 after=928
Current items collected: 228
Replay tap P3: count=216 mean_norm=23.2144 max_norm=47.6010
Replay tap P4: count=12 mean_norm=6.1529 max_norm=8.7102
Replay tap positives before filter=2435 after=2435
Current items collected: 623
Replay tap P3: count=564 mean_norm=17.2307 max_norm=40.7927
Replay tap P4: count=59 mean_norm=6.7084 max_norm=9.5677
Replay tap positives before filter=2438 after=2438
Current items collected: 302
Replay tap P3: count=287 mean_norm=18.9294 max_norm=47.0707
Replay tap P4: count=15 mean_norm=6.4130 max_norm=12.1100
Replay tap positives before filter=2685 after=2685
Current items collected: 451
Replay tap P3: count=437 mean_norm=18.6419 max_norm=39.1773
Replay tap P4: count=14 mean_norm=7.1226 max_norm=10.4859
Replay tap positives before filter=1204 after=1204
Current items collected: 301
Replay tap P3: count=299 mean_norm=23.7465 max_norm=42.4949
Replay tap P4: count=2 mean_norm=6.2858 max_norm=6.5275
Replay tap positives before filter=1413 after=1413
Current items collected: 173
Replay tap P3: count=160 mean_norm=12.6559 max_norm=36.7243
Replay tap P4: count=13 mean_norm=6.3266 max_norm=9.0177
Replay tap positives before filter=4587 after=4587
Current items collected: 666
Replay tap P3: count=656 mean_norm=16.9926 max_norm=42.1225
Replay tap P4: count=10 mean_norm=6.4186 max_norm=9.2969
Replay tap positives before filter=2383 after=2383
Current items collected: 467
Replay tap P3: count=423 mean_norm=16.0322 max_norm=35.7369
Replay tap P4: count=44 mean_norm=7.8345 max_norm=13.7610
Replay tap positives before filter=754 after=754
Current items collected: 120
Replay tap P3: count=113 mean_norm=17.4336 max_norm=37.3920
Replay tap P4: count=7 mean_norm=7.2200 max_norm=8.9998
Replay tap positives before filter=501 after=501
Current items collected: 226
Replay tap P3: count=204 mean_norm=21.3066 max_norm=56.2392
Replay tap P4: count=22 mean_norm=5.1831 max_norm=7.7433
Replay tap positives before filter=2189 after=2189
Current items collected: 347
Replay tap P3: count=325 mean_norm=13.0028 max_norm=43.3938
Replay tap P4: count=22 mean_norm=6.2460 max_norm=11.5302
Replay tap positives before filter=3144 after=3144
Current items collected: 332
Replay tap P3: count=324 mean_norm=20.1107 max_norm=42.0468
Replay tap P4: count=8 mean_norm=7.4640 max_norm=10.6734
Replay tap positives before filter=1061 after=1061
Current items collected: 238
Replay tap P3: count=232 mean_norm=23.1137 max_norm=48.0375
Replay tap P4: count=6 mean_norm=7.7140 max_norm=10.8903
Replay tap positives before filter=2071 after=2071
Current items collected: 390
Replay tap P3: count=382 mean_norm=17.8675 max_norm=37.0748
Replay tap P4: count=8 mean_norm=7.1823 max_norm=9.8546
Replay tap positives before filter=493 after=493
Current items collected: 203
Replay tap P3: count=194 mean_norm=23.3402 max_norm=46.4408
Replay tap P4: count=9 mean_norm=6.0076 max_norm=7.7240
Replay tap positives before filter=1346 after=1346
Current items collected: 305
Replay tap P3: count=291 mean_norm=19.9020 max_norm=49.0977
Replay tap P4: count=14 mean_norm=8.1799 max_norm=14.6019
Replay tap positives before filter=832 after=832
Current items collected: 307
Replay tap P3: count=283 mean_norm=22.9157 max_norm=59.5674
Replay tap P4: count=24 mean_norm=7.5825 max_norm=10.2163
Replay tap positives before filter=2734 after=2734
Current items collected: 596
Replay tap P3: count=556 mean_norm=13.1610 max_norm=36.7872
Replay tap P4: count=40 mean_norm=7.2675 max_norm=15.2596
Replay tap positives before filter=2071 after=2071
Current items collected: 247
Replay tap P3: count=236 mean_norm=18.7590 max_norm=52.0570
Replay tap P4: count=11 mean_norm=5.8977 max_norm=7.3734
Replay tap positives before filter=1865 after=1865
Current items collected: 527
Replay tap P3: count=481 mean_norm=14.4124 max_norm=39.6410
Replay tap P4: count=46 mean_norm=9.1104 max_norm=13.0973
Replay tap positives before filter=1087 after=1087
Current items collected: 324
Replay tap P3: count=289 mean_norm=20.2686 max_norm=57.9067
Replay tap P4: count=35 mean_norm=6.9401 max_norm=9.5370
Replay tap positives before filter=1987 after=1987
Current items collected: 151
Replay tap P3: count=140 mean_norm=9.6616 max_norm=28.4424
Replay tap P4: count=11 mean_norm=7.1040 max_norm=10.9796
Replay tap positives before filter=1011 after=1011
Current items collected: 336
Replay tap P3: count=298 mean_norm=19.0856 max_norm=53.4064
Replay tap P4: count=38 mean_norm=6.5764 max_norm=9.4429
Replay tap positives before filter=1684 after=1684
Current items collected: 426
Replay tap P3: count=405 mean_norm=16.4905 max_norm=45.4231
Replay tap P4: count=21 mean_norm=6.6710 max_norm=10.5152
Replay tap positives before filter=1818 after=1818
Current items collected: 346
Replay tap P3: count=336 mean_norm=20.2631 max_norm=49.1277
Replay tap P4: count=10 mean_norm=6.7342 max_norm=9.0193
Replay tap positives before filter=1543 after=1543
Current items collected: 430
Replay tap P3: count=405 mean_norm=13.2298 max_norm=61.9886
Replay tap P4: count=25 mean_norm=6.6692 max_norm=9.4544
Replay tap positives before filter=1633 after=1633
Current items collected: 157
Replay tap P3: count=149 mean_norm=18.1925 max_norm=43.9120
Replay tap P4: count=8 mean_norm=6.1814 max_norm=9.2758
Replay tap positives before filter=877 after=877
Current items collected: 373
Replay tap P3: count=335 mean_norm=15.7970 max_norm=38.1670
Replay tap P4: count=38 mean_norm=5.8642 max_norm=11.7642
Replay tap positives before filter=1923 after=1923
Current items collected: 203
Replay tap P3: count=199 mean_norm=16.6468 max_norm=45.9670
Replay tap P4: count=4 mean_norm=6.7658 max_norm=9.0214
Replay tap positives before filter=1069 after=1069
Current items collected: 225
Replay tap P3: count=181 mean_norm=12.9729 max_norm=32.3439
Replay tap P4: count=44 mean_norm=6.4982 max_norm=10.0294
Replay tap positives before filter=1005 after=1005
Current items collected: 228
Replay tap P3: count=221 mean_norm=17.6645 max_norm=34.3766
Replay tap P4: count=7 mean_norm=6.8637 max_norm=9.1495
Replay tap positives before filter=2297 after=2297
Current items collected: 439
Replay tap P3: count=416 mean_norm=21.0207 max_norm=51.6363
Replay tap P4: count=23 mean_norm=7.4964 max_norm=11.3972
Replay tap positives before filter=1378 after=1378
Current items collected: 202
Replay tap P3: count=172 mean_norm=22.5424 max_norm=54.9209
Replay tap P4: count=30 mean_norm=8.4430 max_norm=11.3075
Replay tap positives before filter=3034 after=3034
Current items collected: 569
Replay tap P3: count=547 mean_norm=16.3543 max_norm=48.6013
Replay tap P4: count=22 mean_norm=7.0831 max_norm=11.0653
Replay tap positives before filter=1898 after=1898
Current items collected: 322
Replay tap P3: count=300 mean_norm=20.7806 max_norm=47.9197
Replay tap P4: count=22 mean_norm=9.4917 max_norm=18.7951
Replay tap positives before filter=1829 after=1829
Current items collected: 510
Replay tap P3: count=477 mean_norm=18.4705 max_norm=38.8563
Replay tap P4: count=33 mean_norm=7.9670 max_norm=11.5239
Replay tap positives before filter=1477 after=1477
Current items collected: 264
Replay tap P3: count=226 mean_norm=16.6436 max_norm=45.0746
Replay tap P4: count=38 mean_norm=9.0663 max_norm=14.7745
Replay tap positives before filter=1195 after=1195
Current items collected: 437
Replay tap P3: count=429 mean_norm=19.0569 max_norm=40.1561
Replay tap P4: count=8 mean_norm=6.9818 max_norm=9.2925
Replay tap positives before filter=1730 after=1730
Current items collected: 479
Replay tap P3: count=447 mean_norm=19.6876 max_norm=45.9751
Replay tap P4: count=32 mean_norm=6.7232 max_norm=11.3399
Replay tap positives before filter=2790 after=2790
Current items collected: 441
Replay tap P3: count=415 mean_norm=12.8919 max_norm=36.0587
Replay tap P4: count=26 mean_norm=6.7160 max_norm=8.8323
Replay tap positives before filter=1892 after=1892
Current items collected: 402
Replay tap P3: count=382 mean_norm=18.9305 max_norm=52.2711
Replay tap P4: count=20 mean_norm=7.5042 max_norm=10.9747
Replay tap positives before filter=1227 after=1227
Current items collected: 401
Replay tap P3: count=359 mean_norm=16.3201 max_norm=47.3745
Replay tap P4: count=42 mean_norm=7.8773 max_norm=12.2967
Replay tap positives before filter=3509 after=3509
Current items collected: 653
Replay tap P3: count=626 mean_norm=14.8972 max_norm=47.8891
Replay tap P4: count=27 mean_norm=7.4229 max_norm=10.4826
Replay tap positives before filter=2715 after=2715
Current items collected: 533
Replay tap P3: count=492 mean_norm=18.9334 max_norm=42.7406
Replay tap P4: count=41 mean_norm=6.7995 max_norm=9.5784
Replay tap positives before filter=1147 after=1147
Current items collected: 482
Replay tap P3: count=471 mean_norm=19.9220 max_norm=48.5555
Replay tap P4: count=11 mean_norm=7.1547 max_norm=9.2674
Replay tap positives before filter=1752 after=1752
Current items collected: 452
Replay tap P3: count=440 mean_norm=22.4097 max_norm=43.7665
Replay tap P4: count=12 mean_norm=6.8004 max_norm=8.5694
Replay tap positives before filter=1974 after=1974
Current items collected: 448
Replay tap P3: count=414 mean_norm=19.1679 max_norm=42.7387
Replay tap P4: count=34 mean_norm=7.4298 max_norm=10.5707
Replay tap positives before filter=936 after=936
Current items collected: 352
Replay tap P3: count=336 mean_norm=11.0982 max_norm=35.0878
Replay tap P4: count=16 mean_norm=10.7947 max_norm=12.7660
Replay tap positives before filter=1320 after=1320
Current items collected: 257
Replay tap P3: count=248 mean_norm=9.7983 max_norm=46.5072
Replay tap P4: count=9 mean_norm=7.1411 max_norm=9.7010
Replay tap positives before filter=3433 after=3433
Current items collected: 765
Replay tap P3: count=730 mean_norm=15.1505 max_norm=41.2148
Replay tap P4: count=35 mean_norm=7.7759 max_norm=12.9545
Replay tap positives before filter=2636 after=2636
Current items collected: 681
Replay tap P3: count=630 mean_norm=15.0602 max_norm=46.9448
Replay tap P4: count=51 mean_norm=6.6824 max_norm=11.1492
Replay tap positives before filter=1825 after=1825
Current items collected: 433
Replay tap P3: count=408 mean_norm=17.7867 max_norm=44.4833
Replay tap P4: count=25 mean_norm=7.1426 max_norm=11.2602
Replay tap positives before filter=2110 after=2110
Current items collected: 469
Replay tap P3: count=455 mean_norm=21.0255 max_norm=41.5787
Replay tap P4: count=14 mean_norm=7.2799 max_norm=9.0634
Replay tap positives before filter=1405 after=1405
Current items collected: 270
Replay tap P3: count=240 mean_norm=9.4998 max_norm=25.8993
Replay tap P4: count=30 mean_norm=7.7993 max_norm=11.0016
Replay tap positives before filter=1384 after=1384
Current items collected: 377
Replay tap P3: count=357 mean_norm=17.8693 max_norm=39.6475
Replay tap P4: count=20 mean_norm=6.6717 max_norm=9.1506
Replay tap positives before filter=1821 after=1821
Current items collected: 323
Replay tap P3: count=241 mean_norm=12.0760 max_norm=21.2151
Replay tap P4: count=82 mean_norm=8.4262 max_norm=11.3208
Replay tap positives before filter=1709 after=1709
Current items collected: 310
Replay tap P3: count=282 mean_norm=15.8057 max_norm=53.5992
Replay tap P4: count=28 mean_norm=6.8337 max_norm=8.9520
Replay tap positives before filter=1767 after=1767
Current items collected: 508
Replay tap P3: count=454 mean_norm=20.2496 max_norm=49.2168
Replay tap P4: count=54 mean_norm=6.5374 max_norm=10.4123
Replay tap positives before filter=1342 after=1342
Current items collected: 292
Replay tap P3: count=273 mean_norm=19.6142 max_norm=48.3992
Replay tap P4: count=19 mean_norm=6.2446 max_norm=9.2576
Replay tap positives before filter=1654 after=1654
Current items collected: 236
Replay tap P3: count=223 mean_norm=16.3755 max_norm=50.8674
Replay tap P4: count=13 mean_norm=8.1239 max_norm=13.3508
Replay tap positives before filter=1779 after=1779
Current items collected: 600
Replay tap P3: count=579 mean_norm=19.9655 max_norm=46.5365
Replay tap P4: count=21 mean_norm=7.6379 max_norm=13.3459
Replay tap positives before filter=1327 after=1327
Current items collected: 381
Replay tap P3: count=347 mean_norm=18.3980 max_norm=41.2076
Replay tap P4: count=34 mean_norm=10.4203 max_norm=13.4838
Replay tap positives before filter=500 after=500
Current items collected: 303
Replay tap P3: count=299 mean_norm=23.1756 max_norm=38.6400
Replay tap P4: count=4 mean_norm=7.7638 max_norm=8.2165
Replay tap positives before filter=1434 after=1424
Current items collected: 495
Replay tap P3: count=462 mean_norm=18.8998 max_norm=39.3573
Replay tap P4: count=33 mean_norm=9.9942 max_norm=13.7509
Replay tap positives before filter=1675 after=1675
Current items collected: 358
Replay tap P3: count=343 mean_norm=19.1909 max_norm=44.5228
Replay tap P4: count=15 mean_norm=10.7263 max_norm=15.4629
Replay tap positives before filter=1924 after=1918
Current items collected: 386
Replay tap P3: count=337 mean_norm=19.9148 max_norm=49.4421
Replay tap P4: count=49 mean_norm=8.0867 max_norm=10.5413
Replay tap positives before filter=1384 after=1384
Current items collected: 242
Replay tap P3: count=238 mean_norm=25.1497 max_norm=49.2314
Replay tap P4: count=4 mean_norm=7.3530 max_norm=10.9301
Replay tap positives before filter=1675 after=1675
Current items collected: 283
Replay tap P3: count=274 mean_norm=16.5476 max_norm=52.0899
Replay tap P4: count=9 mean_norm=8.1906 max_norm=14.1985
Replay tap positives before filter=1944 after=1944
Current items collected: 389
Replay tap P3: count=361 mean_norm=19.3878 max_norm=46.6987
Replay tap P4: count=28 mean_norm=7.1480 max_norm=10.7825
Replay tap positives before filter=2750 after=2750
Current items collected: 667
Replay tap P3: count=635 mean_norm=17.9474 max_norm=37.7414
Replay tap P4: count=32 mean_norm=7.8401 max_norm=13.2189
Replay tap positives before filter=1999 after=1999
Current items collected: 400
Replay tap P3: count=375 mean_norm=14.0343 max_norm=45.8098
Replay tap P4: count=25 mean_norm=8.2557 max_norm=12.6865
Replay tap positives before filter=1339 after=1339
Current items collected: 400
Replay tap P3: count=358 mean_norm=14.0714 max_norm=34.9495
Replay tap P4: count=42 mean_norm=7.4498 max_norm=11.2301
Replay tap positives before filter=1683 after=1683
Current items collected: 154
Replay tap P3: count=148 mean_norm=11.2546 max_norm=24.9908
Replay tap P4: count=6 mean_norm=7.5023 max_norm=10.7084
Replay tap positives before filter=2899 after=2899
Current items collected: 442
Replay tap P3: count=423 mean_norm=10.8877 max_norm=29.6418
Replay tap P4: count=19 mean_norm=7.6589 max_norm=13.5139
Replay tap positives before filter=699 after=699
Current items collected: 152
Replay tap P3: count=140 mean_norm=23.5153 max_norm=49.8418
Replay tap P4: count=12 mean_norm=7.6262 max_norm=9.0165
Replay tap positives before filter=2908 after=2908
Current items collected: 522
Replay tap P3: count=469 mean_norm=11.4044 max_norm=43.1638
Replay tap P4: count=53 mean_norm=8.1266 max_norm=10.5282
Replay tap positives before filter=1021 after=1021
Current items collected: 357
Replay tap P3: count=334 mean_norm=17.9237 max_norm=44.9633
Replay tap P4: count=23 mean_norm=7.3182 max_norm=10.5376
Replay tap positives before filter=1623 after=1623
Current items collected: 331
Replay tap P3: count=329 mean_norm=24.6389 max_norm=42.0035
Replay tap P4: count=2 mean_norm=7.2801 max_norm=8.8369
Replay tap positives before filter=751 after=751
Current items collected: 224
Replay tap P3: count=219 mean_norm=17.1457 max_norm=42.4583
Replay tap P4: count=5 mean_norm=7.0139 max_norm=8.9744
Replay tap positives before filter=4307 after=4302
Current items collected: 889
Replay tap P3: count=808 mean_norm=13.6355 max_norm=38.0421
Replay tap P4: count=81 mean_norm=7.3992 max_norm=12.4878
Replay tap positives before filter=2495 after=2495
Current items collected: 559
Replay tap P3: count=529 mean_norm=18.1984 max_norm=33.6951
Replay tap P4: count=30 mean_norm=8.0565 max_norm=13.4190
Replay tap positives before filter=409 after=409
Current items collected: 136
Replay tap P3: count=85 mean_norm=8.1080 max_norm=24.4151
Replay tap P4: count=51 mean_norm=7.1756 max_norm=10.5531
Replay tap positives before filter=1777 after=1777
Current items collected: 196
Replay tap P3: count=181 mean_norm=14.3867 max_norm=43.1885
Replay tap P4: count=15 mean_norm=5.5724 max_norm=6.3088
Replay tap positives before filter=2809 after=2809
Current items collected: 514
Replay tap P3: count=470 mean_norm=19.0917 max_norm=42.2107
Replay tap P4: count=44 mean_norm=7.4277 max_norm=11.8084
Replay tap positives before filter=2115 after=2115
Current items collected: 346
Replay tap P3: count=343 mean_norm=13.2431 max_norm=31.6320
Replay tap P4: count=3 mean_norm=8.2057 max_norm=9.9924
Replay tap positives before filter=1397 after=1397
Current items collected: 394
Replay tap P3: count=373 mean_norm=17.8819 max_norm=38.5672
Replay tap P4: count=21 mean_norm=6.7079 max_norm=8.6220
Replay tap positives before filter=1011 after=1011
Current items collected: 504
Replay tap P3: count=500 mean_norm=17.5585 max_norm=41.9067
Replay tap P4: count=4 mean_norm=7.0883 max_norm=8.7062
Replay tap positives before filter=1981 after=1981
Current items collected: 277
Replay tap P3: count=261 mean_norm=14.2614 max_norm=35.9238
Replay tap P4: count=16 mean_norm=9.8652 max_norm=19.1962
Replay tap positives before filter=2414 after=2404
Current items collected: 390
Replay tap P3: count=371 mean_norm=8.2287 max_norm=29.5948
Replay tap P4: count=19 mean_norm=6.5009 max_norm=7.4207
Replay tap positives before filter=936 after=936
Current items collected: 309
Replay tap P3: count=293 mean_norm=15.0515 max_norm=39.4696
Replay tap P4: count=16 mean_norm=8.0957 max_norm=10.3777
Replay tap positives before filter=2128 after=2128
Current items collected: 465
Replay tap P3: count=412 mean_norm=19.5669 max_norm=44.2711
Replay tap P4: count=53 mean_norm=9.2245 max_norm=17.8576
Replay tap positives before filter=2969 after=2969
Current items collected: 504
Replay tap P3: count=481 mean_norm=12.7072 max_norm=44.1561
Replay tap P4: count=23 mean_norm=7.7751 max_norm=12.4868
Replay tap positives before filter=1798 after=1798
Current items collected: 546
Replay tap P3: count=491 mean_norm=18.4475 max_norm=42.6397
Replay tap P4: count=55 mean_norm=7.4601 max_norm=11.0278
Replay tap positives before filter=2719 after=2709
Current items collected: 574
Replay tap P3: count=534 mean_norm=15.3954 max_norm=40.0793
Replay tap P4: count=40 mean_norm=8.5078 max_norm=19.2771
Replay tap positives before filter=2390 after=2390
Current items collected: 439
Replay tap P3: count=413 mean_norm=13.1640 max_norm=48.2184
Replay tap P4: count=26 mean_norm=7.4335 max_norm=10.5553
Replay tap positives before filter=435 after=435
Current items collected: 110
Replay tap P3: count=67 mean_norm=10.6278 max_norm=28.6790
Replay tap P4: count=43 mean_norm=14.4830 max_norm=21.3703
Replay tap positives before filter=2277 after=2277
Current items collected: 657
Replay tap P3: count=600 mean_norm=16.3107 max_norm=41.7447
Replay tap P4: count=57 mean_norm=8.7915 max_norm=12.4146
Replay tap positives before filter=2604 after=2604
Current items collected: 547
Replay tap P3: count=539 mean_norm=17.3992 max_norm=47.7030
Replay tap P4: count=8 mean_norm=7.5278 max_norm=10.6548
Replay tap positives before filter=1285 after=1285
Current items collected: 244
Replay tap P3: count=236 mean_norm=13.2942 max_norm=48.8235
Replay tap P4: count=8 mean_norm=7.2633 max_norm=9.4228
Replay tap positives before filter=2255 after=2255
Current items collected: 433
Replay tap P3: count=413 mean_norm=19.2704 max_norm=44.2879
Replay tap P4: count=20 mean_norm=6.6845 max_norm=8.5635
Replay tap positives before filter=4042 after=4042
Current items collected: 982
Replay tap P3: count=971 mean_norm=18.6819 max_norm=39.7170
Replay tap P4: count=11 mean_norm=8.4118 max_norm=13.8312
Replay tap positives before filter=1260 after=1260
Current items collected: 407
Replay tap P3: count=362 mean_norm=19.9436 max_norm=47.1729
Replay tap P4: count=45 mean_norm=7.6365 max_norm=10.4754
Replay tap positives before filter=2926 after=2926
Current items collected: 615
Replay tap P3: count=568 mean_norm=11.3808 max_norm=46.5642
Replay tap P4: count=47 mean_norm=6.2323 max_norm=8.7866
Replay tap positives before filter=778 after=778
Current items collected: 305
Replay tap P3: count=279 mean_norm=19.6968 max_norm=52.9553
Replay tap P4: count=26 mean_norm=8.6838 max_norm=14.9146
Replay tap positives before filter=2315 after=2315
Current items collected: 435
Replay tap P3: count=398 mean_norm=18.6183 max_norm=43.7046
Replay tap P4: count=37 mean_norm=7.8167 max_norm=10.3521
Replay tap positives before filter=1155 after=1155
Current items collected: 516
Replay tap P3: count=469 mean_norm=16.3280 max_norm=43.8140
Replay tap P4: count=47 mean_norm=7.7088 max_norm=19.5693
Replay tap positives before filter=1789 after=1779
Current items collected: 370
Replay tap P3: count=341 mean_norm=19.4247 max_norm=45.0867
Replay tap P4: count=29 mean_norm=8.2147 max_norm=11.1707
Replay tap positives before filter=845 after=845
Current items collected: 223
Replay tap P3: count=208 mean_norm=16.8096 max_norm=41.3907
Replay tap P4: count=15 mean_norm=6.6279 max_norm=10.2218
Replay tap positives before filter=1913 after=1913
Current items collected: 357
Replay tap P3: count=328 mean_norm=18.6217 max_norm=50.7982
Replay tap P4: count=29 mean_norm=8.2377 max_norm=14.9039
Replay tap positives before filter=2657 after=2657
Current items collected: 633
Replay tap P3: count=569 mean_norm=17.0973 max_norm=40.4438
Replay tap P4: count=64 mean_norm=11.6183 max_norm=26.0900
Replay tap positives before filter=784 after=784
Current items collected: 298
Replay tap P3: count=297 mean_norm=18.7005 max_norm=43.8549
Replay tap P4: count=1 mean_norm=6.3809 max_norm=6.3809
Replay tap positives before filter=2087 after=2087
Current items collected: 337
Replay tap P3: count=329 mean_norm=17.1793 max_norm=47.0093
Replay tap P4: count=8 mean_norm=8.5661 max_norm=11.6275
Replay tap positives before filter=2167 after=2167
Current items collected: 540
Replay tap P3: count=514 mean_norm=17.5664 max_norm=41.0921
Replay tap P4: count=26 mean_norm=8.0653 max_norm=11.5462
Replay tap positives before filter=2039 after=2029
Current items collected: 449
Replay tap P3: count=381 mean_norm=11.5344 max_norm=33.9881
Replay tap P4: count=68 mean_norm=8.2662 max_norm=29.3574
Replay tap positives before filter=1365 after=1365
Current items collected: 293
Replay tap P3: count=263 mean_norm=17.1449 max_norm=41.8171
Replay tap P4: count=30 mean_norm=10.4832 max_norm=23.2260
Replay tap positives before filter=810 after=810
Current items collected: 167
Replay tap P3: count=156 mean_norm=17.6848 max_norm=44.8435
Replay tap P4: count=11 mean_norm=7.6990 max_norm=9.2199
Replay tap positives before filter=1396 after=1396
Current items collected: 480
Replay tap P3: count=464 mean_norm=15.3576 max_norm=40.5148
Replay tap P4: count=16 mean_norm=12.7164 max_norm=25.3570
Replay tap positives before filter=2018 after=2018
Current items collected: 643
Replay tap P3: count=562 mean_norm=14.7672 max_norm=41.9897
Replay tap P4: count=81 mean_norm=6.9933 max_norm=11.2469
Replay tap positives before filter=3026 after=3016
Current items collected: 655
Replay tap P3: count=615 mean_norm=16.1262 max_norm=45.6669
Replay tap P4: count=40 mean_norm=8.9973 max_norm=13.5835
Replay tap positives before filter=3064 after=3064
Current items collected: 431
Replay tap P3: count=376 mean_norm=13.8441 max_norm=26.1772
Replay tap P4: count=55 mean_norm=7.3699 max_norm=11.5826
Replay tap positives before filter=827 after=827
Current items collected: 280
Replay tap P3: count=268 mean_norm=23.2483 max_norm=44.3523
Replay tap P4: count=12 mean_norm=14.5746 max_norm=19.4925
Replay tap positives before filter=3060 after=3060
Current items collected: 453
Replay tap P3: count=428 mean_norm=16.3401 max_norm=38.4789
Replay tap P4: count=25 mean_norm=8.8212 max_norm=13.3055
Replay tap positives before filter=1635 after=1635
Current items collected: 169
Replay tap P3: count=164 mean_norm=10.3098 max_norm=31.9098
Replay tap P4: count=5 mean_norm=7.2138 max_norm=8.2606
Replay tap positives before filter=387 after=387
Current items collected: 77
Replay tap P3: count=76 mean_norm=25.4301 max_norm=44.6896
Replay tap P4: count=1 mean_norm=4.4633 max_norm=4.4633
Replay tap positives before filter=1956 after=1956
Current items collected: 306
Replay tap P3: count=297 mean_norm=16.5207 max_norm=39.9546
Replay tap P4: count=9 mean_norm=9.0371 max_norm=10.7739
Replay tap positives before filter=2775 after=2775
Current items collected: 516
Replay tap P3: count=481 mean_norm=16.3998 max_norm=46.5059
Replay tap P4: count=35 mean_norm=7.6230 max_norm=13.1242
Replay tap positives before filter=3543 after=3543
Current items collected: 524
Replay tap P3: count=465 mean_norm=14.2055 max_norm=30.9858
Replay tap P4: count=59 mean_norm=8.5171 max_norm=12.5986
Replay tap positives before filter=2459 after=2459
Current items collected: 342
Replay tap P3: count=299 mean_norm=16.2699 max_norm=29.4435
Replay tap P4: count=43 mean_norm=7.4619 max_norm=11.0491
Replay tap positives before filter=1066 after=1066
Current items collected: 192
Replay tap P3: count=180 mean_norm=19.0630 max_norm=36.1026
Replay tap P4: count=12 mean_norm=7.5023 max_norm=9.4131
Replay tap positives before filter=3499 after=3499
Current items collected: 820
Replay tap P3: count=764 mean_norm=19.4274 max_norm=36.3521
Replay tap P4: count=56 mean_norm=8.8250 max_norm=11.6759
Replay tap positives before filter=2068 after=2068
Current items collected: 392
Replay tap P3: count=368 mean_norm=19.3334 max_norm=54.9966
Replay tap P4: count=24 mean_norm=6.0689 max_norm=8.4739
Replay tap positives before filter=1496 after=1496
Current items collected: 350
Replay tap P3: count=344 mean_norm=22.9397 max_norm=42.2796
Replay tap P4: count=6 mean_norm=6.6449 max_norm=7.6348
Replay tap positives before filter=1905 after=1905
Current items collected: 432
Replay tap P3: count=407 mean_norm=16.7206 max_norm=36.1257
Replay tap P4: count=25 mean_norm=8.7084 max_norm=22.3893
Replay tap positives before filter=2248 after=2248
Current items collected: 469
Replay tap P3: count=429 mean_norm=19.3519 max_norm=42.8698
Replay tap P4: count=40 mean_norm=8.2934 max_norm=13.5480
Replay tap positives before filter=1659 after=1649
Current items collected: 369
Replay tap P3: count=329 mean_norm=16.9577 max_norm=36.5672
Replay tap P4: count=40 mean_norm=10.0163 max_norm=14.6685
Replay tap positives before filter=3679 after=3679
Current items collected: 625
Replay tap P3: count=564 mean_norm=19.1168 max_norm=39.1192
Replay tap P4: count=61 mean_norm=8.1194 max_norm=11.9254
Replay tap positives before filter=1557 after=1557
Current items collected: 334
Replay tap P3: count=320 mean_norm=20.9045 max_norm=40.8693
Replay tap P4: count=14 mean_norm=10.3797 max_norm=15.2374
Replay tap positives before filter=2275 after=2275
Current items collected: 642
Replay tap P3: count=619 mean_norm=18.7680 max_norm=36.4724
Replay tap P4: count=23 mean_norm=8.4975 max_norm=12.1451
Replay tap positives before filter=689 after=689
Current items collected: 362
Replay tap P3: count=349 mean_norm=19.8258 max_norm=39.0344
Replay tap P4: count=13 mean_norm=8.4210 max_norm=12.1770
Replay tap positives before filter=2218 after=2218
Current items collected: 436
Replay tap P3: count=380 mean_norm=9.7124 max_norm=35.0556
Replay tap P4: count=56 mean_norm=6.6592 max_norm=10.6634
Replay tap positives before filter=1876 after=1876
Current items collected: 434
Replay tap P3: count=428 mean_norm=17.7009 max_norm=40.2601
Replay tap P4: count=6 mean_norm=6.1910 max_norm=7.0991
Replay tap positives before filter=1697 after=1697
Current items collected: 164
Replay tap P3: count=154 mean_norm=15.4179 max_norm=39.6482
Replay tap P4: count=10 mean_norm=7.6719 max_norm=9.9313
Replay tap positives before filter=1659 after=1659
Current items collected: 281
Replay tap P3: count=276 mean_norm=15.1720 max_norm=36.1656
Replay tap P4: count=5 mean_norm=7.3937 max_norm=9.2449
Replay tap positives before filter=2089 after=2089
Current items collected: 368
Replay tap P3: count=337 mean_norm=15.8669 max_norm=36.1492
Replay tap P4: count=31 mean_norm=6.4416 max_norm=10.0173
Replay tap positives before filter=818 after=818
Current items collected: 299
Replay tap P3: count=268 mean_norm=20.2717 max_norm=47.6146
Replay tap P4: count=31 mean_norm=9.5876 max_norm=14.8269
Replay tap positives before filter=1039 after=1039
Current items collected: 257
Replay tap P3: count=229 mean_norm=19.2124 max_norm=46.1728
Replay tap P4: count=28 mean_norm=8.6921 max_norm=12.8678
Replay tap positives before filter=4570 after=4570
Current items collected: 670
Replay tap P3: count=663 mean_norm=18.8867 max_norm=42.4786
Replay tap P4: count=7 mean_norm=7.3765 max_norm=8.8336
Replay tap positives before filter=2102 after=2102
Current items collected: 568
Replay tap P3: count=519 mean_norm=19.9470 max_norm=43.9707
Replay tap P4: count=49 mean_norm=8.3379 max_norm=11.7394
Replay tap positives before filter=1415 after=1415
Current items collected: 315
Replay tap P3: count=285 mean_norm=17.3440 max_norm=41.7396
Replay tap P4: count=30 mean_norm=7.6539 max_norm=10.8135
Replay tap positives before filter=1941 after=1931
Current items collected: 472
Replay tap P3: count=449 mean_norm=19.3378 max_norm=40.9206
Replay tap P4: count=23 mean_norm=7.8713 max_norm=11.1206
Replay tap positives before filter=2140 after=2140
Current items collected: 459
Replay tap P3: count=437 mean_norm=16.4984 max_norm=43.1174
Replay tap P4: count=22 mean_norm=7.4180 max_norm=11.4921
Replay tap positives before filter=1806 after=1806
Current items collected: 407
Replay tap P3: count=395 mean_norm=21.8227 max_norm=45.3639
Replay tap P4: count=12 mean_norm=9.2706 max_norm=15.9844
Replay tap positives before filter=1626 after=1626
Current items collected: 342
Replay tap P3: count=324 mean_norm=15.7264 max_norm=40.9424
Replay tap P4: count=18 mean_norm=7.2575 max_norm=9.8518
Replay tap positives before filter=2312 after=2312
Current items collected: 220
Replay tap P3: count=190 mean_norm=11.5222 max_norm=26.1468
Replay tap P4: count=30 mean_norm=8.2721 max_norm=14.1864
Replay tap positives before filter=2283 after=2283
Current items collected: 422
Replay tap P3: count=389 mean_norm=21.8127 max_norm=45.4051
Replay tap P4: count=33 mean_norm=7.3554 max_norm=10.7263
Replay tap positives before filter=2884 after=2884
Current items collected: 659
Replay tap P3: count=586 mean_norm=16.0590 max_norm=41.5639
Replay tap P4: count=73 mean_norm=7.4041 max_norm=14.8666
Replay tap positives before filter=3337 after=3327
Current items collected: 579
Replay tap P3: count=535 mean_norm=14.4679 max_norm=38.2974
Replay tap P4: count=44 mean_norm=8.3036 max_norm=13.4697
                   all        367       9837      0.194      0.104     0.0736      0.038
Replay buffer size after epoch 2: 1280 embeddings across 10 classes.
Saved 1280 replay embeddings to /home/ddwilde/scriptie/runs/dota_saab/stage2-saab5/replay/buffer.pt

      Epoch    GPU_mem   box_loss   cls_loss   dfl_loss  Instances       Size
Replay tap positives before filter=3531 after=3531
Current items collected: 398
Replay tap P3: count=362 mean_norm=16.2200 max_norm=28.5220
Replay tap P4: count=36 mean_norm=9.3039 max_norm=11.3579
Replay tap positives before filter=2485 after=2485
Current items collected: 582
Replay tap P3: count=520 mean_norm=19.5626 max_norm=39.3106
Replay tap P4: count=62 mean_norm=8.6946 max_norm=14.0687
Replay tap positives before filter=1093 after=1093
Current items collected: 325
Replay tap P3: count=278 mean_norm=23.1506 max_norm=45.6943
Replay tap P4: count=47 mean_norm=10.1218 max_norm=18.1384
Replay tap positives before filter=1155 after=1155
Current items collected: 191
Replay tap P3: count=182 mean_norm=18.1038 max_norm=52.8740
Replay tap P4: count=9 mean_norm=7.0402 max_norm=8.5258
Replay tap positives before filter=1181 after=1181
Current items collected: 267
Replay tap P3: count=197 mean_norm=18.6185 max_norm=48.1306
Replay tap P4: count=70 mean_norm=9.1679 max_norm=13.8813
Replay tap positives before filter=330 after=330
Current items collected: 121
Replay tap P3: count=118 mean_norm=13.6166 max_norm=38.1107
Replay tap P4: count=3 mean_norm=6.6890 max_norm=8.1536
Replay tap positives before filter=1047 after=1047
Current items collected: 330
Replay tap P3: count=295 mean_norm=19.5303 max_norm=46.6880
Replay tap P4: count=35 mean_norm=9.4693 max_norm=19.5653
Replay tap positives before filter=4308 after=4308
Current items collected: 901
Replay tap P3: count=816 mean_norm=16.0089 max_norm=41.7418
Replay tap P4: count=85 mean_norm=6.6482 max_norm=9.0380
Replay tap positives before filter=411 after=411
Current items collected: 60
Replay tap P3: count=59 mean_norm=11.0874 max_norm=21.1288
Replay tap P4: count=1 mean_norm=6.0358 max_norm=6.0358
Replay tap positives before filter=2894 after=2894
Current items collected: 361
Replay tap P3: count=344 mean_norm=13.4161 max_norm=48.0335
Replay tap P4: count=17 mean_norm=6.9973 max_norm=11.8267
Replay tap positives before filter=3199 after=3199
Current items collected: 497
Replay tap P3: count=462 mean_norm=17.6038 max_norm=44.2091
Replay tap P4: count=35 mean_norm=6.6528 max_norm=9.3901
Replay tap positives before filter=756 after=756
Current items collected: 288
Replay tap P3: count=272 mean_norm=25.3786 max_norm=45.9276
Replay tap P4: count=16 mean_norm=13.6609 max_norm=19.9616
Replay tap positives before filter=865 after=865
Current items collected: 331
Replay tap P3: count=250 mean_norm=16.0847 max_norm=45.8768
Replay tap P4: count=81 mean_norm=9.4618 max_norm=13.0183
Replay tap positives before filter=1598 after=1598
Current items collected: 195
Replay tap P3: count=169 mean_norm=13.6144 max_norm=27.9465
Replay tap P4: count=26 mean_norm=7.6734 max_norm=11.7806
Replay tap positives before filter=645 after=645
Current items collected: 315
Replay tap P3: count=287 mean_norm=21.6470 max_norm=48.8870
Replay tap P4: count=28 mean_norm=7.8370 max_norm=10.5514
Replay tap positives before filter=2495 after=2495
Current items collected: 669
Replay tap P3: count=625 mean_norm=20.7910 max_norm=40.9132
Replay tap P4: count=44 mean_norm=11.4947 max_norm=16.3626
Replay tap positives before filter=2968 after=2968
Current items collected: 569
Replay tap P3: count=544 mean_norm=15.3901 max_norm=44.9675
Replay tap P4: count=25 mean_norm=6.6211 max_norm=9.8316
Replay tap positives before filter=1171 after=1171
Current items collected: 193
Replay tap P3: count=167 mean_norm=13.4633 max_norm=40.7156
Replay tap P4: count=26 mean_norm=7.3289 max_norm=14.7235
Replay tap positives before filter=3833 after=3833
Current items collected: 395
Replay tap P3: count=345 mean_norm=14.4224 max_norm=38.5675
Replay tap P4: count=50 mean_norm=8.5692 max_norm=18.3636
Replay tap positives before filter=3610 after=3610
Current items collected: 408
Replay tap P3: count=379 mean_norm=11.3105 max_norm=23.0909
Replay tap P4: count=29 mean_norm=7.7360 max_norm=13.9725
Replay tap positives before filter=957 after=957
Current items collected: 342
Replay tap P3: count=327 mean_norm=19.2878 max_norm=40.9300
Replay tap P4: count=15 mean_norm=7.1243 max_norm=9.3384
Replay tap positives before filter=2308 after=2308
Current items collected: 219
Replay tap P3: count=205 mean_norm=16.2429 max_norm=53.3912
Replay tap P4: count=14 mean_norm=9.4656 max_norm=14.7553
Replay tap positives before filter=1655 after=1645
Current items collected: 334
Replay tap P3: count=298 mean_norm=18.1915 max_norm=41.3591
Replay tap P4: count=36 mean_norm=12.3748 max_norm=18.0324
Replay tap positives before filter=2993 after=2993
Current items collected: 688
Replay tap P3: count=612 mean_norm=16.1437 max_norm=38.4990
Replay tap P4: count=76 mean_norm=7.7633 max_norm=14.4706
Replay tap positives before filter=2432 after=2432
Current items collected: 287
Replay tap P3: count=261 mean_norm=12.5441 max_norm=23.4683
Replay tap P4: count=26 mean_norm=9.2856 max_norm=17.9801
Replay tap positives before filter=1291 after=1281
Current items collected: 383
Replay tap P3: count=379 mean_norm=17.1362 max_norm=47.0259
Replay tap P4: count=4 mean_norm=6.6475 max_norm=9.0839
Replay tap positives before filter=3182 after=3182
Current items collected: 494
Replay tap P3: count=406 mean_norm=16.1779 max_norm=33.8972
Replay tap P4: count=88 mean_norm=9.0907 max_norm=16.4398
Replay tap positives before filter=1599 after=1589
Current items collected: 353
Replay tap P3: count=351 mean_norm=15.3050 max_norm=42.0899
Replay tap P4: count=2 mean_norm=8.9567 max_norm=10.0825
Replay tap positives before filter=599 after=599
Current items collected: 145
Replay tap P3: count=139 mean_norm=16.7981 max_norm=42.1718
Replay tap P4: count=6 mean_norm=7.2059 max_norm=8.2862
Replay tap positives before filter=1882 after=1882
Current items collected: 345
Replay tap P3: count=322 mean_norm=15.3814 max_norm=46.3594
Replay tap P4: count=23 mean_norm=5.9004 max_norm=8.3556
Replay tap positives before filter=2069 after=2059
Current items collected: 262
Replay tap P3: count=224 mean_norm=12.0676 max_norm=44.1635
Replay tap P4: count=38 mean_norm=9.2516 max_norm=14.4110
Replay tap positives before filter=2039 after=2039
Current items collected: 251
Replay tap P3: count=242 mean_norm=15.4871 max_norm=39.2691
Replay tap P4: count=9 mean_norm=6.4998 max_norm=7.6882
Replay tap positives before filter=4273 after=4273
Current items collected: 775
Replay tap P3: count=702 mean_norm=15.7221 max_norm=34.6397
Replay tap P4: count=73 mean_norm=8.2847 max_norm=14.0830
Replay tap positives before filter=710 after=710
Current items collected: 96
Replay tap P3: count=96 mean_norm=11.6837 max_norm=24.9571
Replay tap positives before filter=3930 after=3930
Current items collected: 452
Replay tap P3: count=408 mean_norm=16.7557 max_norm=38.7852
Replay tap P4: count=44 mean_norm=8.7717 max_norm=15.9193
Replay tap positives before filter=1453 after=1453
Current items collected: 593
Replay tap P3: count=553 mean_norm=19.3756 max_norm=40.9965
Replay tap P4: count=40 mean_norm=8.9511 max_norm=12.3920
Replay tap positives before filter=1628 after=1628
Current items collected: 432
Replay tap P3: count=389 mean_norm=19.5795 max_norm=36.6147
Replay tap P4: count=43 mean_norm=9.8814 max_norm=18.4448
Replay tap positives before filter=1298 after=1298
Current items collected: 329
Replay tap P3: count=319 mean_norm=10.8237 max_norm=30.0611
Replay tap P4: count=10 mean_norm=6.4734 max_norm=9.0065
Replay tap positives before filter=2382 after=2382
Current items collected: 535
Replay tap P3: count=500 mean_norm=11.3519 max_norm=27.5460
Replay tap P4: count=35 mean_norm=6.6504 max_norm=10.0459
Replay tap positives before filter=3208 after=3208
Current items collected: 590
Replay tap P3: count=514 mean_norm=17.3297 max_norm=34.3408
Replay tap P4: count=76 mean_norm=9.5022 max_norm=18.0985
Replay tap positives before filter=1895 after=1895
Current items collected: 294
Replay tap P3: count=273 mean_norm=14.2113 max_norm=31.7788
Replay tap P4: count=21 mean_norm=9.5547 max_norm=11.8897
Replay tap positives before filter=2128 after=2128
Current items collected: 601
Replay tap P3: count=590 mean_norm=16.5948 max_norm=34.2300
Replay tap P4: count=11 mean_norm=6.7769 max_norm=8.8328
Replay tap positives before filter=1765 after=1765
Current items collected: 224
Replay tap P3: count=198 mean_norm=13.6520 max_norm=24.0681
Replay tap P4: count=26 mean_norm=10.8661 max_norm=17.9973
Replay tap positives before filter=1267 after=1267
Current items collected: 318
Replay tap P3: count=275 mean_norm=16.2963 max_norm=41.6089
Replay tap P4: count=43 mean_norm=11.4147 max_norm=18.4825
Replay tap positives before filter=1741 after=1741
Current items collected: 267
Replay tap P3: count=253 mean_norm=15.0415 max_norm=35.9132
Replay tap P4: count=14 mean_norm=6.5924 max_norm=9.2733
Replay tap positives before filter=2187 after=2187
Current items collected: 430
Replay tap P3: count=370 mean_norm=18.7648 max_norm=38.1066
Replay tap P4: count=60 mean_norm=8.2749 max_norm=13.6142
Replay tap positives before filter=1578 after=1578
Current items collected: 497
Replay tap P3: count=481 mean_norm=18.6607 max_norm=39.0560
Replay tap P4: count=16 mean_norm=7.9221 max_norm=11.1915
Replay tap positives before filter=3921 after=3921
Current items collected: 651
Replay tap P3: count=591 mean_norm=21.3805 max_norm=37.2366
Replay tap P4: count=60 mean_norm=7.7564 max_norm=14.0493
Replay tap positives before filter=1364 after=1364
Current items collected: 199
Replay tap P3: count=186 mean_norm=13.4595 max_norm=30.7141
Replay tap P4: count=13 mean_norm=6.3218 max_norm=9.1310
Replay tap positives before filter=1829 after=1829
Current items collected: 235
Replay tap P3: count=221 mean_norm=9.9669 max_norm=23.9823
Replay tap P4: count=14 mean_norm=6.5340 max_norm=8.4746
Replay tap positives before filter=2440 after=2440
Current items collected: 498
Replay tap P3: count=494 mean_norm=17.3480 max_norm=37.6718
Replay tap P4: count=4 mean_norm=6.1725 max_norm=7.1833
Replay tap positives before filter=1961 after=1961
Current items collected: 286
Replay tap P3: count=271 mean_norm=16.1145 max_norm=38.9643
Replay tap P4: count=15 mean_norm=5.9734 max_norm=10.0503
Replay tap positives before filter=1168 after=1159
Current items collected: 173
Replay tap P3: count=150 mean_norm=12.4128 max_norm=28.3837
Replay tap P4: count=23 mean_norm=7.7836 max_norm=11.6127
Replay tap positives before filter=1975 after=1975
Current items collected: 328
Replay tap P3: count=294 mean_norm=17.5446 max_norm=37.0827
Replay tap P4: count=34 mean_norm=9.7748 max_norm=16.3914
Replay tap positives before filter=1974 after=1964
Current items collected: 332
Replay tap P3: count=307 mean_norm=14.8602 max_norm=32.9738
Replay tap P4: count=25 mean_norm=5.8045 max_norm=8.0272
Replay tap positives before filter=480 after=480
Current items collected: 245
Replay tap P3: count=245 mean_norm=18.0760 max_norm=41.7259
Replay tap positives before filter=1206 after=1206
Current items collected: 213
Replay tap P3: count=208 mean_norm=13.1872 max_norm=41.6068
Replay tap P4: count=5 mean_norm=7.3397 max_norm=9.8022
Replay tap positives before filter=677 after=677
Current items collected: 112
Replay tap P3: count=98 mean_norm=10.3353 max_norm=22.8923
Replay tap P4: count=14 mean_norm=6.9405 max_norm=9.4888
Replay tap positives before filter=3678 after=3678
Current items collected: 565
Replay tap P3: count=453 mean_norm=13.9246 max_norm=38.7598
Replay tap P4: count=112 mean_norm=10.9301 max_norm=27.4290
Replay tap positives before filter=1755 after=1755
Current items collected: 752
Replay tap P3: count=749 mean_norm=21.4405 max_norm=34.1877
Replay tap P4: count=3 mean_norm=5.4271 max_norm=6.4747
Replay tap positives before filter=1041 after=1041
Current items collected: 351
Replay tap P3: count=288 mean_norm=20.9511 max_norm=54.0009
Replay tap P4: count=63 mean_norm=9.7529 max_norm=22.5136
Replay tap positives before filter=2108 after=2108
Current items collected: 328
Replay tap P3: count=314 mean_norm=19.1109 max_norm=42.3083
Replay tap P4: count=14 mean_norm=9.5066 max_norm=16.2902
Replay tap positives before filter=1118 after=1118
Current items collected: 221
Replay tap P3: count=215 mean_norm=18.0286 max_norm=37.3986
Replay tap P4: count=6 mean_norm=10.8601 max_norm=21.1765
Replay tap positives before filter=1270 after=1270
Current items collected: 472
Replay tap P3: count=470 mean_norm=20.2862 max_norm=38.0433
Replay tap P4: count=2 mean_norm=5.1700 max_norm=5.2983
Replay tap positives before filter=2622 after=2622
Current items collected: 537
Replay tap P3: count=499 mean_norm=16.2181 max_norm=36.7367
Replay tap P4: count=38 mean_norm=7.6070 max_norm=11.2046
Replay tap positives before filter=3623 after=3623
Current items collected: 410
Replay tap P3: count=367 mean_norm=13.8878 max_norm=29.5149
Replay tap P4: count=43 mean_norm=6.3651 max_norm=8.7093
Replay tap positives before filter=2161 after=2161
Current items collected: 345
Replay tap P3: count=317 mean_norm=16.4652 max_norm=49.8993
Replay tap P4: count=28 mean_norm=5.4899 max_norm=7.9180
Replay tap positives before filter=2323 after=2323
Current items collected: 341
Replay tap P3: count=307 mean_norm=16.4619 max_norm=39.4853
Replay tap P4: count=34 mean_norm=8.7716 max_norm=12.7287
Replay tap positives before filter=1615 after=1615
Current items collected: 360
Replay tap P3: count=346 mean_norm=17.6815 max_norm=35.6381
Replay tap P4: count=14 mean_norm=6.8195 max_norm=13.8927
Replay tap positives before filter=3132 after=3112
Current items collected: 835
Replay tap P3: count=758 mean_norm=15.1231 max_norm=39.5602
Replay tap P4: count=77 mean_norm=9.4695 max_norm=16.6523
Replay tap positives before filter=2171 after=2171
Current items collected: 570
Replay tap P3: count=504 mean_norm=19.2091 max_norm=46.3361
Replay tap P4: count=66 mean_norm=9.2747 max_norm=13.9406
Replay tap positives before filter=5964 after=5964
Current items collected: 972
Replay tap P3: count=874 mean_norm=18.7844 max_norm=39.8248
Replay tap P4: count=98 mean_norm=8.3794 max_norm=15.7969
Replay tap positives before filter=2046 after=2046
Current items collected: 356
Replay tap P3: count=351 mean_norm=15.9236 max_norm=41.6567
Replay tap P4: count=5 mean_norm=6.8813 max_norm=8.3345
Replay tap positives before filter=1483 after=1483
Current items collected: 238
Replay tap P3: count=223 mean_norm=14.9422 max_norm=38.0255
Replay tap P4: count=15 mean_norm=8.2913 max_norm=12.4070
Replay tap positives before filter=2946 after=2946
Current items collected: 465
Replay tap P3: count=442 mean_norm=19.3088 max_norm=39.8810
Replay tap P4: count=23 mean_norm=6.6248 max_norm=10.4687
Replay tap positives before filter=912 after=912
Current items collected: 293
Replay tap P3: count=278 mean_norm=24.6180 max_norm=45.7621
Replay tap P4: count=15 mean_norm=6.9929 max_norm=9.7228
Replay tap positives before filter=1036 after=1036
Current items collected: 203
Replay tap P3: count=192 mean_norm=16.7384 max_norm=49.2713
Replay tap P4: count=11 mean_norm=7.3099 max_norm=9.3907
Replay tap positives before filter=1488 after=1488
Current items collected: 458
Replay tap P3: count=417 mean_norm=20.9399 max_norm=48.4061
Replay tap P4: count=41 mean_norm=9.8388 max_norm=18.3775
Replay tap positives before filter=1833 after=1833
Current items collected: 357
Replay tap P3: count=338 mean_norm=17.5585 max_norm=47.2196
Replay tap P4: count=19 mean_norm=7.9873 max_norm=18.7949
Replay tap positives before filter=2433 after=2433
Current items collected: 455
Replay tap P3: count=424 mean_norm=20.4539 max_norm=45.0500
Replay tap P4: count=31 mean_norm=19.2020 max_norm=31.1771
Replay tap positives before filter=2739 after=2739
Current items collected: 367
Replay tap P3: count=348 mean_norm=20.8377 max_norm=43.4407
Replay tap P4: count=19 mean_norm=7.6260 max_norm=11.3303
Replay tap positives before filter=2433 after=2433
Current items collected: 389
Replay tap P3: count=350 mean_norm=16.6530 max_norm=41.8739
Replay tap P4: count=39 mean_norm=7.8661 max_norm=12.7468
Replay tap positives before filter=2126 after=2126
Current items collected: 354
Replay tap P3: count=321 mean_norm=24.4482 max_norm=49.5396
Replay tap P4: count=33 mean_norm=9.7662 max_norm=19.9829
Replay tap positives before filter=2425 after=2425
Current items collected: 392
Replay tap P3: count=375 mean_norm=24.4719 max_norm=44.3874
Replay tap P4: count=17 mean_norm=12.6940 max_norm=18.1095
Replay tap positives before filter=653 after=653
Current items collected: 142
Replay tap P3: count=126 mean_norm=20.7871 max_norm=40.4458
Replay tap P4: count=16 mean_norm=6.3198 max_norm=9.4884
Replay tap positives before filter=1273 after=1263
Current items collected: 587
Replay tap P3: count=530 mean_norm=21.9668 max_norm=42.9601
Replay tap P4: count=57 mean_norm=11.2458 max_norm=17.8434
Replay tap positives before filter=2416 after=2416
Current items collected: 271
Replay tap P3: count=268 mean_norm=21.3716 max_norm=49.6056
Replay tap P4: count=3 mean_norm=9.6317 max_norm=12.1229
Replay tap positives before filter=3583 after=3583
Current items collected: 427
Replay tap P3: count=397 mean_norm=16.9941 max_norm=34.8100
Replay tap P4: count=30 mean_norm=7.1921 max_norm=9.8350
Replay tap positives before filter=1944 after=1934
Current items collected: 252
Replay tap P3: count=229 mean_norm=23.0589 max_norm=46.0451
Replay tap P4: count=23 mean_norm=8.6642 max_norm=12.4502
Replay tap positives before filter=2464 after=2464
Current items collected: 376
Replay tap P3: count=361 mean_norm=19.6532 max_norm=45.1908
Replay tap P4: count=15 mean_norm=6.6689 max_norm=10.9522
Replay tap positives before filter=1498 after=1498
Current items collected: 359
Replay tap P3: count=355 mean_norm=20.8953 max_norm=46.2279
Replay tap P4: count=4 mean_norm=6.1689 max_norm=8.9948
Replay tap positives before filter=1465 after=1465
Current items collected: 260
Replay tap P3: count=256 mean_norm=19.4498 max_norm=49.5414
Replay tap P4: count=4 mean_norm=6.0498 max_norm=6.8434
Replay tap positives before filter=1936 after=1936
Current items collected: 462
Replay tap P3: count=438 mean_norm=26.7497 max_norm=43.7868
Replay tap P4: count=24 mean_norm=27.7515 max_norm=35.3145
Replay tap positives before filter=1958 after=1958
Current items collected: 582
Replay tap P3: count=542 mean_norm=17.7871 max_norm=45.5143
Replay tap P4: count=40 mean_norm=8.6863 max_norm=12.7630
Replay tap positives before filter=1536 after=1536
Current items collected: 155
Replay tap P3: count=144 mean_norm=17.5636 max_norm=38.0624
Replay tap P4: count=11 mean_norm=8.6091 max_norm=11.6053
Replay tap positives before filter=740 after=740
Current items collected: 70
Replay tap P3: count=70 mean_norm=25.4578 max_norm=46.8309
Replay tap positives before filter=1183 after=1183
Current items collected: 188
Replay tap P3: count=181 mean_norm=15.9639 max_norm=52.0915
Replay tap P4: count=7 mean_norm=7.8935 max_norm=10.8981
Replay tap positives before filter=990 after=990
Current items collected: 199
Replay tap P3: count=180 mean_norm=19.6136 max_norm=40.1093
Replay tap P4: count=19 mean_norm=6.9998 max_norm=10.0633
Replay tap positives before filter=1713 after=1713
Current items collected: 358
Replay tap P3: count=308 mean_norm=14.9367 max_norm=47.9437
Replay tap P4: count=50 mean_norm=9.8500 max_norm=17.4186
Replay tap positives before filter=1079 after=1079
Current items collected: 447
Replay tap P3: count=436 mean_norm=25.0300 max_norm=45.2828
Replay tap P4: count=11 mean_norm=7.1895 max_norm=9.0934
Replay tap positives before filter=551 after=551
Current items collected: 311
Replay tap P3: count=308 mean_norm=22.7060 max_norm=44.0345
Replay tap P4: count=3 mean_norm=5.6689 max_norm=6.6829
Replay tap positives before filter=2562 after=2552
Current items collected: 602
Replay tap P3: count=542 mean_norm=13.9898 max_norm=51.3378
Replay tap P4: count=60 mean_norm=10.7378 max_norm=19.0592
Replay tap positives before filter=2213 after=2213
Current items collected: 394
Replay tap P3: count=385 mean_norm=15.0072 max_norm=49.5230
Replay tap P4: count=9 mean_norm=7.1210 max_norm=10.3920
Replay tap positives before filter=1722 after=1722
Current items collected: 592
Replay tap P3: count=575 mean_norm=21.7419 max_norm=42.5003
Replay tap P4: count=17 mean_norm=7.6307 max_norm=10.0344
Replay tap positives before filter=2024 after=2024
Current items collected: 301
Replay tap P3: count=292 mean_norm=16.1974 max_norm=47.4512
Replay tap P4: count=9 mean_norm=8.1243 max_norm=9.2185
Replay tap positives before filter=735 after=735
Current items collected: 55
Replay tap P3: count=53 mean_norm=11.6060 max_norm=25.1341
Replay tap P4: count=2 mean_norm=6.4177 max_norm=6.8757
Replay tap positives before filter=2653 after=2643
Current items collected: 539
Replay tap P3: count=452 mean_norm=19.9288 max_norm=50.4243
Replay tap P4: count=87 mean_norm=9.4105 max_norm=34.6419
Replay tap positives before filter=2045 after=2045
Current items collected: 267
Replay tap P3: count=262 mean_norm=24.9649 max_norm=50.2906
Replay tap P4: count=5 mean_norm=12.2183 max_norm=17.9992
Replay tap positives before filter=1651 after=1651
Current items collected: 386
Replay tap P3: count=348 mean_norm=15.3086 max_norm=39.3250
Replay tap P4: count=38 mean_norm=9.4795 max_norm=15.4632
Replay tap positives before filter=1584 after=1568
Current items collected: 571
Replay tap P3: count=555 mean_norm=17.2455 max_norm=40.8033
Replay tap P4: count=16 mean_norm=7.4785 max_norm=11.1697
Replay tap positives before filter=831 after=831
Current items collected: 348
Replay tap P3: count=341 mean_norm=21.9752 max_norm=48.0929
Replay tap P4: count=7 mean_norm=20.1607 max_norm=33.4197
Replay tap positives before filter=704 after=704
Current items collected: 446
Replay tap P3: count=423 mean_norm=21.5683 max_norm=43.4098
Replay tap P4: count=23 mean_norm=10.5558 max_norm=26.8252
Replay tap positives before filter=1876 after=1869
Current items collected: 316
Replay tap P3: count=268 mean_norm=14.0687 max_norm=48.7989
Replay tap P4: count=48 mean_norm=10.3195 max_norm=17.2521
Replay tap positives before filter=2399 after=2399
Current items collected: 188
Replay tap P3: count=178 mean_norm=13.6181 max_norm=29.2790
Replay tap P4: count=10 mean_norm=8.0368 max_norm=11.6929
Replay tap positives before filter=1288 after=1288
Current items collected: 357
Replay tap P3: count=343 mean_norm=22.9642 max_norm=49.1000
Replay tap P4: count=14 mean_norm=7.2099 max_norm=10.1918
Replay tap positives before filter=1137 after=1137
Current items collected: 600
Replay tap P3: count=589 mean_norm=23.8627 max_norm=38.2470
Replay tap P4: count=11 mean_norm=7.9749 max_norm=10.8775
Replay tap positives before filter=1339 after=1339
Current items collected: 279
Replay tap P3: count=268 mean_norm=17.5330 max_norm=48.5837
Replay tap P4: count=11 mean_norm=8.6654 max_norm=15.3343
Replay tap positives before filter=3646 after=3646
Current items collected: 913
Replay tap P3: count=843 mean_norm=18.3623 max_norm=41.3327
Replay tap P4: count=70 mean_norm=10.5133 max_norm=20.9208
Replay tap positives before filter=1920 after=1920
Current items collected: 429
Replay tap P3: count=393 mean_norm=14.8426 max_norm=26.2672
Replay tap P4: count=36 mean_norm=7.8937 max_norm=10.4806
Replay tap positives before filter=1119 after=1119
Current items collected: 328
Replay tap P3: count=312 mean_norm=27.4118 max_norm=46.4070
Replay tap P4: count=16 mean_norm=13.4516 max_norm=31.6541
Replay tap positives before filter=987 after=987
Current items collected: 255
Replay tap P3: count=244 mean_norm=19.6295 max_norm=48.4638
Replay tap P4: count=11 mean_norm=9.8739 max_norm=13.1732
Replay tap positives before filter=2804 after=2804
Current items collected: 597
Replay tap P3: count=547 mean_norm=20.6029 max_norm=45.1199
Replay tap P4: count=50 mean_norm=7.5577 max_norm=10.8856
Replay tap positives before filter=1403 after=1403
Current items collected: 389
Replay tap P3: count=352 mean_norm=17.8839 max_norm=45.9258
Replay tap P4: count=37 mean_norm=7.5850 max_norm=10.1089
Replay tap positives before filter=1787 after=1787
Current items collected: 472
Replay tap P3: count=446 mean_norm=25.1994 max_norm=44.6383
Replay tap P4: count=26 mean_norm=9.7952 max_norm=14.9665
Replay tap positives before filter=2740 after=2740
Current items collected: 439
Replay tap P3: count=410 mean_norm=20.3747 max_norm=46.9343
Replay tap P4: count=29 mean_norm=9.0990 max_norm=13.2521
Replay tap positives before filter=1407 after=1407
Current items collected: 383
Replay tap P3: count=339 mean_norm=12.3069 max_norm=42.5780
Replay tap P4: count=44 mean_norm=8.7023 max_norm=14.7782
Replay tap positives before filter=1363 after=1363
Current items collected: 305
Replay tap P3: count=304 mean_norm=20.4632 max_norm=49.8728
Replay tap P4: count=1 mean_norm=6.9186 max_norm=6.9186
Replay tap positives before filter=1736 after=1736
Current items collected: 314
Replay tap P3: count=282 mean_norm=21.3873 max_norm=49.3483
Replay tap P4: count=32 mean_norm=13.1879 max_norm=18.6603
Replay tap positives before filter=2410 after=2410
Current items collected: 407
Replay tap P3: count=404 mean_norm=22.6183 max_norm=42.2752
Replay tap P4: count=3 mean_norm=6.1445 max_norm=6.7275
Replay tap positives before filter=1021 after=1021
Current items collected: 247
Replay tap P3: count=243 mean_norm=18.3417 max_norm=36.1426
Replay tap P4: count=4 mean_norm=7.9032 max_norm=9.9944
Replay tap positives before filter=977 after=977
Current items collected: 381
Replay tap P3: count=370 mean_norm=22.2362 max_norm=43.7209
Replay tap P4: count=11 mean_norm=8.4950 max_norm=13.0741
Replay tap positives before filter=1689 after=1689
Current items collected: 277
Replay tap P3: count=263 mean_norm=18.0948 max_norm=46.8828
Replay tap P4: count=14 mean_norm=8.8676 max_norm=11.6828
Replay tap positives before filter=2512 after=2502
Current items collected: 432
Replay tap P3: count=391 mean_norm=17.1897 max_norm=41.9404
Replay tap P4: count=41 mean_norm=12.0757 max_norm=16.6552
Replay tap positives before filter=1434 after=1424
Current items collected: 245
Replay tap P3: count=227 mean_norm=17.9674 max_norm=44.3720
Replay tap P4: count=18 mean_norm=11.2281 max_norm=16.5017
Replay tap positives before filter=1827 after=1827
Current items collected: 298
Replay tap P3: count=279 mean_norm=19.1084 max_norm=47.5460
Replay tap P4: count=19 mean_norm=11.9693 max_norm=19.0091
Replay tap positives before filter=1927 after=1927
Current items collected: 313
Replay tap P3: count=301 mean_norm=27.3348 max_norm=47.7870
Replay tap P4: count=12 mean_norm=8.9653 max_norm=28.2892
Replay tap positives before filter=1276 after=1276
Current items collected: 285
Replay tap P3: count=261 mean_norm=24.2787 max_norm=47.1799
Replay tap P4: count=24 mean_norm=11.7757 max_norm=23.7428
Replay tap positives before filter=2724 after=2724
Current items collected: 725
Replay tap P3: count=705 mean_norm=17.1675 max_norm=43.0797
Replay tap P4: count=20 mean_norm=7.3941 max_norm=10.6991
Replay tap positives before filter=1521 after=1521
Current items collected: 422
Replay tap P3: count=414 mean_norm=23.7746 max_norm=45.4447
Replay tap P4: count=8 mean_norm=6.8485 max_norm=7.7599
Replay tap positives before filter=2808 after=2799
Current items collected: 680
Replay tap P3: count=656 mean_norm=20.1675 max_norm=43.4725
Replay tap P4: count=24 mean_norm=9.1768 max_norm=14.1624
Replay tap positives before filter=1836 after=1836
Current items collected: 259
Replay tap P3: count=253 mean_norm=19.1438 max_norm=49.0939
Replay tap P4: count=6 mean_norm=6.9368 max_norm=8.8532
Replay tap positives before filter=2456 after=2456
Current items collected: 497
Replay tap P3: count=485 mean_norm=22.0494 max_norm=43.8128
Replay tap P4: count=12 mean_norm=8.7215 max_norm=14.8744
Replay tap positives before filter=986 after=986
Current items collected: 165
Replay tap P3: count=156 mean_norm=19.2069 max_norm=43.9117
Replay tap P4: count=9 mean_norm=7.5347 max_norm=12.7751
Replay tap positives before filter=1678 after=1678
Current items collected: 270
Replay tap P3: count=256 mean_norm=21.2495 max_norm=48.5063
Replay tap P4: count=14 mean_norm=11.7777 max_norm=15.7823
Replay tap positives before filter=2354 after=2354
Current items collected: 426
Replay tap P3: count=418 mean_norm=27.0195 max_norm=45.4373
Replay tap P4: count=8 mean_norm=7.9070 max_norm=10.3452
Replay tap positives before filter=1601 after=1601
Current items collected: 388
Replay tap P3: count=374 mean_norm=20.1604 max_norm=45.2202
Replay tap P4: count=14 mean_norm=7.6763 max_norm=12.3593
Replay tap positives before filter=2400 after=2400
Current items collected: 517
Replay tap P3: count=468 mean_norm=19.0255 max_norm=51.6129
Replay tap P4: count=49 mean_norm=10.2477 max_norm=19.8662
Replay tap positives before filter=3743 after=3733
Current items collected: 836
Replay tap P3: count=813 mean_norm=17.6696 max_norm=45.4981
Replay tap P4: count=23 mean_norm=9.1942 max_norm=14.2465
Replay tap positives before filter=1413 after=1403
Current items collected: 394
Replay tap P3: count=348 mean_norm=19.9169 max_norm=48.0926
Replay tap P4: count=46 mean_norm=10.0113 max_norm=17.7572
Replay tap positives before filter=3040 after=3040
Current items collected: 471
Replay tap P3: count=424 mean_norm=18.4635 max_norm=45.1839
Replay tap P4: count=47 mean_norm=8.7007 max_norm=12.2228
Replay tap positives before filter=1225 after=1225
Current items collected: 332
Replay tap P3: count=303 mean_norm=23.8214 max_norm=48.1469
Replay tap P4: count=29 mean_norm=11.7714 max_norm=19.7331
Replay tap positives before filter=1661 after=1661
Current items collected: 292
Replay tap P3: count=268 mean_norm=17.1669 max_norm=39.3490
Replay tap P4: count=24 mean_norm=11.1912 max_norm=21.0459
Replay tap positives before filter=1210 after=1210
Current items collected: 389
Replay tap P3: count=379 mean_norm=19.3856 max_norm=44.2861
Replay tap P4: count=10 mean_norm=7.8255 max_norm=12.4956
Replay tap positives before filter=2175 after=2165
Current items collected: 632
Replay tap P3: count=590 mean_norm=22.3344 max_norm=44.1234
Replay tap P4: count=42 mean_norm=8.9855 max_norm=12.1944
Replay tap positives before filter=835 after=835
Current items collected: 356
Replay tap P3: count=346 mean_norm=24.4847 max_norm=48.9230
Replay tap P4: count=10 mean_norm=5.6492 max_norm=6.7929
Replay tap positives before filter=2638 after=2638
Current items collected: 721
Replay tap P3: count=652 mean_norm=18.1118 max_norm=44.2609
Replay tap P4: count=69 mean_norm=9.4996 max_norm=16.5940
Replay tap positives before filter=2004 after=2004
Current items collected: 444
Replay tap P3: count=430 mean_norm=21.3801 max_norm=48.9268
Replay tap P4: count=14 mean_norm=6.8252 max_norm=9.5385
Replay tap positives before filter=2461 after=2461
Current items collected: 654
Replay tap P3: count=639 mean_norm=23.2901 max_norm=42.0871
Replay tap P4: count=15 mean_norm=11.2792 max_norm=23.9411
Replay tap positives before filter=1649 after=1649
Current items collected: 329
Replay tap P3: count=314 mean_norm=22.5402 max_norm=46.2605
Replay tap P4: count=15 mean_norm=8.3131 max_norm=11.3631
Replay tap positives before filter=1095 after=1095
Current items collected: 237
Replay tap P3: count=227 mean_norm=18.7694 max_norm=46.1259
Replay tap P4: count=10 mean_norm=8.8704 max_norm=11.3208
Replay tap positives before filter=939 after=939
Current items collected: 303
Replay tap P3: count=289 mean_norm=23.2683 max_norm=46.5761
Replay tap P4: count=14 mean_norm=15.9293 max_norm=23.2451
Replay tap positives before filter=378 after=378
Current items collected: 190
Replay tap P3: count=169 mean_norm=25.7234 max_norm=45.8859
Replay tap P4: count=21 mean_norm=13.1317 max_norm=19.6630
Replay tap positives before filter=1380 after=1380
Current items collected: 336
Replay tap P3: count=306 mean_norm=20.6741 max_norm=46.1684
Replay tap P4: count=30 mean_norm=9.4441 max_norm=16.5949
Replay tap positives before filter=2706 after=2706
Current items collected: 604
Replay tap P3: count=540 mean_norm=21.2309 max_norm=47.1194
Replay tap P4: count=64 mean_norm=10.6017 max_norm=18.3536
Replay tap positives before filter=1171 after=1171
Current items collected: 462
Replay tap P3: count=428 mean_norm=17.6134 max_norm=46.7591
Replay tap P4: count=34 mean_norm=13.2041 max_norm=21.3700
Replay tap positives before filter=3991 after=3991
Current items collected: 1112
Replay tap P3: count=1030 mean_norm=21.8226 max_norm=41.8860
Replay tap P4: count=82 mean_norm=8.1830 max_norm=12.8548
Replay tap positives before filter=748 after=748
Current items collected: 161
Replay tap P3: count=160 mean_norm=20.0806 max_norm=37.9328
Replay tap P4: count=1 mean_norm=9.2985 max_norm=9.2985
Replay tap positives before filter=2438 after=2438
Current items collected: 617
Replay tap P3: count=588 mean_norm=21.1493 max_norm=45.5489
Replay tap P4: count=29 mean_norm=11.0921 max_norm=18.0925
Replay tap positives before filter=1960 after=1960
Current items collected: 418
Replay tap P3: count=411 mean_norm=16.8374 max_norm=45.6027
Replay tap P4: count=7 mean_norm=6.8779 max_norm=8.8174
Replay tap positives before filter=2846 after=2846
Current items collected: 515
Replay tap P3: count=479 mean_norm=19.9869 max_norm=47.1133
Replay tap P4: count=36 mean_norm=14.4673 max_norm=25.7012
Replay tap positives before filter=805 after=805
Current items collected: 301
Replay tap P3: count=278 mean_norm=22.3623 max_norm=51.0636
Replay tap P4: count=23 mean_norm=10.7466 max_norm=18.0447
Replay tap positives before filter=2223 after=2223
Current items collected: 453
Replay tap P3: count=448 mean_norm=21.1999 max_norm=44.8331
Replay tap P4: count=5 mean_norm=6.1512 max_norm=7.9350
Replay tap positives before filter=3747 after=3747
Current items collected: 585
Replay tap P3: count=551 mean_norm=18.8629 max_norm=48.2154
Replay tap P4: count=34 mean_norm=8.6745 max_norm=11.7666
Replay tap positives before filter=1060 after=1060
Current items collected: 224
Replay tap P3: count=211 mean_norm=13.4756 max_norm=40.9201
Replay tap P4: count=13 mean_norm=8.8458 max_norm=11.8627
Replay tap positives before filter=829 after=829
Current items collected: 302
Replay tap P3: count=280 mean_norm=25.9414 max_norm=43.7122
Replay tap P4: count=22 mean_norm=14.0391 max_norm=19.3460
Replay tap positives before filter=4309 after=4309
Current items collected: 615
Replay tap P3: count=546 mean_norm=20.1710 max_norm=50.1162
Replay tap P4: count=69 mean_norm=7.9846 max_norm=14.7200
Replay tap positives before filter=1236 after=1236
Current items collected: 292
Replay tap P3: count=277 mean_norm=17.4318 max_norm=42.4528
Replay tap P4: count=15 mean_norm=7.0532 max_norm=10.0287
                   all        367       9837      0.192     0.0919     0.0718     0.0409
Replay buffer size after epoch 3: 1280 embeddings across 10 classes.
Saved 1280 replay embeddings to /home/ddwilde/scriptie/runs/dota_saab/stage2-saab5/replay/buffer.pt

      Epoch    GPU_mem   box_loss   cls_loss   dfl_loss  Instances       Size
Replay tap positives before filter=2246 after=2246
Current items collected: 355
Replay tap P3: count=305 mean_norm=13.5049 max_norm=29.9655
Replay tap P4: count=50 mean_norm=7.9672 max_norm=12.7138
Replay tap positives before filter=1982 after=1982
Current items collected: 437
Replay tap P3: count=406 mean_norm=22.1649 max_norm=43.1824
Replay tap P4: count=31 mean_norm=8.4636 max_norm=13.8079
Replay tap positives before filter=2225 after=2225
Current items collected: 378
Replay tap P3: count=342 mean_norm=19.4037 max_norm=43.6508
Replay tap P4: count=36 mean_norm=14.3743 max_norm=26.3050
Replay tap positives before filter=755 after=755
Current items collected: 248
Replay tap P3: count=246 mean_norm=22.8738 max_norm=45.8367
Replay tap P4: count=2 mean_norm=6.6867 max_norm=8.3569
Replay tap positives before filter=1503 after=1503
Current items collected: 147
Replay tap P3: count=134 mean_norm=13.7043 max_norm=35.5454
Replay tap P4: count=13 mean_norm=7.1724 max_norm=10.8858
Replay tap positives before filter=2332 after=2332
Current items collected: 219
Replay tap P3: count=217 mean_norm=14.6467 max_norm=33.0021
Replay tap P4: count=2 mean_norm=6.7220 max_norm=7.9722
Replay tap positives before filter=2458 after=2458
Current items collected: 433
Replay tap P3: count=380 mean_norm=21.8712 max_norm=42.6541
Replay tap P4: count=53 mean_norm=8.2859 max_norm=11.6481
Replay tap positives before filter=3115 after=3115
Current items collected: 766
Replay tap P3: count=736 mean_norm=15.9065 max_norm=40.8124
Replay tap P4: count=30 mean_norm=7.8925 max_norm=14.9605
Replay tap positives before filter=1476 after=1476
Current items collected: 307
Replay tap P3: count=297 mean_norm=19.2340 max_norm=43.5392
Replay tap P4: count=10 mean_norm=7.0110 max_norm=9.5106
Replay tap positives before filter=1814 after=1814
Current items collected: 467
Replay tap P3: count=450 mean_norm=17.8410 max_norm=43.7600
Replay tap P4: count=17 mean_norm=7.3359 max_norm=10.4101
Replay tap positives before filter=1070 after=1060
Current items collected: 364
Replay tap P3: count=342 mean_norm=23.0554 max_norm=46.1560
Replay tap P4: count=22 mean_norm=15.7047 max_norm=19.3958
Replay tap positives before filter=1484 after=1484
Current items collected: 359
Replay tap P3: count=356 mean_norm=22.6798 max_norm=43.8681
Replay tap P4: count=3 mean_norm=6.8544 max_norm=9.6767
Replay tap positives before filter=1875 after=1875
Current items collected: 292
Replay tap P3: count=252 mean_norm=15.7683 max_norm=32.9820
Replay tap P4: count=40 mean_norm=18.2020 max_norm=30.0640
Replay tap positives before filter=1768 after=1758
Current items collected: 477
Replay tap P3: count=435 mean_norm=17.3572 max_norm=42.5544
Replay tap P4: count=42 mean_norm=8.1163 max_norm=12.6204
Replay tap positives before filter=2000 after=2000
Current items collected: 429
Replay tap P3: count=409 mean_norm=19.3713 max_norm=43.6771
Replay tap P4: count=20 mean_norm=8.0275 max_norm=12.3849
Replay tap positives before filter=951 after=951
Current items collected: 410
Replay tap P3: count=380 mean_norm=21.5203 max_norm=46.5729
Replay tap P4: count=30 mean_norm=13.0324 max_norm=22.5731
Replay tap positives before filter=2858 after=2858
Current items collected: 336
Replay tap P3: count=313 mean_norm=12.4960 max_norm=31.3528
Replay tap P4: count=23 mean_norm=7.0769 max_norm=10.4819
Replay tap positives before filter=2482 after=2482
Current items collected: 515
Replay tap P3: count=483 mean_norm=22.7622 max_norm=41.7757
Replay tap P4: count=32 mean_norm=7.0897 max_norm=9.8758
Replay tap positives before filter=1352 after=1352
Current items collected: 268
Replay tap P3: count=259 mean_norm=15.7631 max_norm=43.4319
Replay tap P4: count=9 mean_norm=7.0552 max_norm=9.8254
Replay tap positives before filter=2315 after=2305
Current items collected: 518
Replay tap P3: count=487 mean_norm=21.1306 max_norm=43.9496
Replay tap P4: count=31 mean_norm=8.9699 max_norm=16.1415
Replay tap positives before filter=3839 after=3839
Current items collected: 613
Replay tap P3: count=529 mean_norm=17.3411 max_norm=39.9288
Replay tap P4: count=84 mean_norm=12.0917 max_norm=21.8782
Replay tap positives before filter=3029 after=3029
Current items collected: 515
Replay tap P3: count=504 mean_norm=20.8916 max_norm=44.6959
Replay tap P4: count=11 mean_norm=6.4296 max_norm=8.3638
Replay tap positives before filter=2117 after=2117
Current items collected: 246
Replay tap P3: count=217 mean_norm=13.9708 max_norm=33.3364
Replay tap P4: count=29 mean_norm=8.7598 max_norm=12.1426
Replay tap positives before filter=870 after=870
Current items collected: 359
Replay tap P3: count=355 mean_norm=19.0980 max_norm=43.6836
Replay tap P4: count=4 mean_norm=6.6993 max_norm=8.8848
Replay tap positives before filter=923 after=923
Current items collected: 207
Replay tap P3: count=190 mean_norm=16.0593 max_norm=38.1998
Replay tap P4: count=17 mean_norm=8.0775 max_norm=11.3783
Replay tap positives before filter=887 after=887
Current items collected: 457
Replay tap P3: count=411 mean_norm=16.7258 max_norm=38.5082
Replay tap P4: count=46 mean_norm=14.5453 max_norm=23.6419
Replay tap positives before filter=1437 after=1437
Current items collected: 353
Replay tap P3: count=330 mean_norm=17.2552 max_norm=41.8776
Replay tap P4: count=23 mean_norm=15.2257 max_norm=30.1898
Replay tap positives before filter=2561 after=2561
Current items collected: 547
Replay tap P3: count=476 mean_norm=21.9800 max_norm=50.6564
Replay tap P4: count=71 mean_norm=8.3168 max_norm=12.2478
Replay tap positives before filter=933 after=933
Current items collected: 236
Replay tap P3: count=224 mean_norm=22.0122 max_norm=46.6847
Replay tap P4: count=12 mean_norm=9.1933 max_norm=13.7543
Replay tap positives before filter=3068 after=3068
Current items collected: 581
Replay tap P3: count=521 mean_norm=16.9139 max_norm=41.5315
Replay tap P4: count=60 mean_norm=11.2471 max_norm=26.9047
Replay tap positives before filter=1024 after=1024
Current items collected: 195
Replay tap P3: count=160 mean_norm=13.5988 max_norm=32.0314
Replay tap P4: count=35 mean_norm=14.1719 max_norm=25.6739
Replay tap positives before filter=3132 after=3132
Current items collected: 713
Replay tap P3: count=643 mean_norm=17.1281 max_norm=41.9553
Replay tap P4: count=70 mean_norm=6.9385 max_norm=10.7814
Replay tap positives before filter=3047 after=3047
Current items collected: 749
Replay tap P3: count=704 mean_norm=19.0344 max_norm=49.6895
Replay tap P4: count=45 mean_norm=12.2427 max_norm=29.2936
Replay tap positives before filter=2355 after=2355
Current items collected: 515
Replay tap P3: count=479 mean_norm=16.6838 max_norm=39.0179
Replay tap P4: count=36 mean_norm=11.0003 max_norm=22.6963
Replay tap positives before filter=2853 after=2853
Current items collected: 345
Replay tap P3: count=327 mean_norm=15.8490 max_norm=41.9541
Replay tap P4: count=18 mean_norm=7.6591 max_norm=10.1806
Replay tap positives before filter=1359 after=1349
Current items collected: 508
Replay tap P3: count=499 mean_norm=22.8602 max_norm=40.1811
Replay tap P4: count=9 mean_norm=7.8564 max_norm=10.7120
Replay tap positives before filter=2341 after=2341
Current items collected: 302
Replay tap P3: count=294 mean_norm=22.0260 max_norm=45.5086
Replay tap P4: count=8 mean_norm=7.0029 max_norm=9.8161
Replay tap positives before filter=1110 after=1110
Current items collected: 364
Replay tap P3: count=344 mean_norm=18.3072 max_norm=36.3286
Replay tap P4: count=20 mean_norm=7.8828 max_norm=12.4317
Replay tap positives before filter=923 after=923
Current items collected: 515
Replay tap P3: count=489 mean_norm=23.1284 max_norm=40.6794
Replay tap P4: count=26 mean_norm=11.9688 max_norm=24.3715
Replay tap positives before filter=2675 after=2675
Current items collected: 632
Replay tap P3: count=595 mean_norm=20.2272 max_norm=51.5908
Replay tap P4: count=37 mean_norm=6.5963 max_norm=10.6590
Replay tap positives before filter=1217 after=1217
Current items collected: 166
Replay tap P3: count=150 mean_norm=14.5642 max_norm=51.5034
Replay tap P4: count=16 mean_norm=7.5801 max_norm=9.5967
Replay tap positives before filter=1727 after=1727
Current items collected: 483
Replay tap P3: count=460 mean_norm=20.2952 max_norm=44.9828
Replay tap P4: count=23 mean_norm=16.3715 max_norm=31.5046
Replay tap positives before filter=1291 after=1291
Current items collected: 296
Replay tap P3: count=294 mean_norm=14.2841 max_norm=43.1895
Replay tap P4: count=2 mean_norm=6.5515 max_norm=7.9116
Replay tap positives before filter=1398 after=1398
Current items collected: 296
Replay tap P3: count=295 mean_norm=24.4363 max_norm=42.2192
Replay tap P4: count=1 mean_norm=7.3721 max_norm=7.3721
Replay tap positives before filter=1968 after=1968
Current items collected: 480
Replay tap P3: count=460 mean_norm=21.4886 max_norm=49.3495
Replay tap P4: count=20 mean_norm=14.0817 max_norm=23.6293
Replay tap positives before filter=2079 after=2079
Current items collected: 490
Replay tap P3: count=457 mean_norm=18.8469 max_norm=47.6965
Replay tap P4: count=33 mean_norm=9.0241 max_norm=18.6087
Replay tap positives before filter=1325 after=1325
Current items collected: 268
Replay tap P3: count=232 mean_norm=16.8766 max_norm=32.2440
Replay tap P4: count=36 mean_norm=8.5735 max_norm=14.1324
Replay tap positives before filter=836 after=836
Current items collected: 207
Replay tap P3: count=174 mean_norm=18.7398 max_norm=54.3216
Replay tap P4: count=33 mean_norm=8.8771 max_norm=13.0837
Replay tap positives before filter=2586 after=2586
Current items collected: 531
Replay tap P3: count=509 mean_norm=21.5051 max_norm=48.6821
Replay tap P4: count=22 mean_norm=8.5603 max_norm=12.9049
Replay tap positives before filter=991 after=991
Current items collected: 399
Replay tap P3: count=376 mean_norm=21.5500 max_norm=49.0118
Replay tap P4: count=23 mean_norm=14.9651 max_norm=20.9573
Replay tap positives before filter=3958 after=3958
Current items collected: 709
Replay tap P3: count=612 mean_norm=15.0451 max_norm=42.0680
Replay tap P4: count=97 mean_norm=6.8238 max_norm=10.1293
Replay tap positives before filter=2067 after=2067
Current items collected: 544
Replay tap P3: count=531 mean_norm=23.6835 max_norm=42.0813
Replay tap P4: count=13 mean_norm=6.1600 max_norm=8.2933
Replay tap positives before filter=2995 after=2995
Current items collected: 729
Replay tap P3: count=684 mean_norm=15.2329 max_norm=39.9255
Replay tap P4: count=45 mean_norm=14.3622 max_norm=24.1553
Replay tap positives before filter=928 after=928
Current items collected: 165
Replay tap P3: count=162 mean_norm=16.9883 max_norm=46.6864
Replay tap P4: count=3 mean_norm=6.8465 max_norm=7.9978
Replay tap positives before filter=292 after=292
Current items collected: 83
Replay tap P3: count=83 mean_norm=22.4332 max_norm=47.5222
Replay tap positives before filter=1048 after=1041
Current items collected: 301
Replay tap P3: count=288 mean_norm=16.2514 max_norm=40.9701
Replay tap P4: count=13 mean_norm=15.6143 max_norm=22.1374
Replay tap positives before filter=1740 after=1740
Current items collected: 595
Replay tap P3: count=569 mean_norm=20.2443 max_norm=47.1825
Replay tap P4: count=26 mean_norm=12.2501 max_norm=17.2144
Replay tap positives before filter=2742 after=2742
Current items collected: 672
Replay tap P3: count=589 mean_norm=19.8003 max_norm=47.6711
Replay tap P4: count=83 mean_norm=14.6947 max_norm=30.1867
Replay tap positives before filter=1262 after=1262
Current items collected: 394
Replay tap P3: count=370 mean_norm=9.8945 max_norm=27.2675
Replay tap P4: count=24 mean_norm=13.8499 max_norm=32.5605
Replay tap positives before filter=3223 after=3223
Current items collected: 496
Replay tap P3: count=491 mean_norm=20.2879 max_norm=46.1098
Replay tap P4: count=5 mean_norm=8.4004 max_norm=9.5783
Replay tap positives before filter=428 after=428
Current items collected: 181
Replay tap P3: count=173 mean_norm=15.4475 max_norm=48.2079
Replay tap P4: count=8 mean_norm=7.5448 max_norm=10.5267
Replay tap positives before filter=2375 after=2375
Current items collected: 195
Replay tap P3: count=192 mean_norm=13.7464 max_norm=32.1255
Replay tap P4: count=3 mean_norm=6.1072 max_norm=7.2831
Replay tap positives before filter=1420 after=1411
Current items collected: 196
Replay tap P3: count=182 mean_norm=21.8067 max_norm=46.9844
Replay tap P4: count=14 mean_norm=7.4897 max_norm=12.0674
Replay tap positives before filter=2323 after=2323
Current items collected: 444
Replay tap P3: count=399 mean_norm=19.8528 max_norm=38.4135
Replay tap P4: count=45 mean_norm=7.2244 max_norm=10.0262
Replay tap positives before filter=2203 after=2203
Current items collected: 387
Replay tap P3: count=362 mean_norm=20.5434 max_norm=43.3474
Replay tap P4: count=25 mean_norm=19.3983 max_norm=32.9099
Replay tap positives before filter=2268 after=2268
Current items collected: 623
Replay tap P3: count=599 mean_norm=19.8497 max_norm=39.5785
Replay tap P4: count=24 mean_norm=11.2414 max_norm=26.6109
Replay tap positives before filter=3171 after=3171
Current items collected: 797
Replay tap P3: count=768 mean_norm=19.3623 max_norm=43.2358
Replay tap P4: count=29 mean_norm=6.7763 max_norm=8.5956
Replay tap positives before filter=1885 after=1885
Current items collected: 277
Replay tap P3: count=254 mean_norm=18.5189 max_norm=38.1040
Replay tap P4: count=23 mean_norm=10.1422 max_norm=18.0558
Replay tap positives before filter=2565 after=2565
Current items collected: 468
Replay tap P3: count=409 mean_norm=21.5370 max_norm=46.7309
Replay tap P4: count=59 mean_norm=9.7021 max_norm=31.6693
Replay tap positives before filter=680 after=680
Current items collected: 264
Replay tap P3: count=255 mean_norm=27.9420 max_norm=42.9893
Replay tap P4: count=9 mean_norm=6.3747 max_norm=7.0036
Replay tap positives before filter=559 after=559
Current items collected: 172
Replay tap P3: count=164 mean_norm=20.8578 max_norm=43.0508
Replay tap P4: count=8 mean_norm=6.8410 max_norm=7.9919
Replay tap positives before filter=950 after=950
Current items collected: 114
Replay tap P3: count=86 mean_norm=22.7561 max_norm=45.7328
Replay tap P4: count=28 mean_norm=12.2516 max_norm=24.7856
Replay tap positives before filter=2396 after=2396
Current items collected: 313
Replay tap P3: count=275 mean_norm=13.9386 max_norm=39.0686
Replay tap P4: count=38 mean_norm=6.8574 max_norm=8.9020
Replay tap positives before filter=3637 after=3637
Current items collected: 474
Replay tap P3: count=466 mean_norm=15.0836 max_norm=40.5782
Replay tap P4: count=8 mean_norm=6.8611 max_norm=8.7075
Replay tap positives before filter=1462 after=1462
Current items collected: 259
Replay tap P3: count=246 mean_norm=19.5897 max_norm=45.1091
Replay tap P4: count=13 mean_norm=7.3268 max_norm=10.5685
Replay tap positives before filter=2393 after=2393
Current items collected: 286
Replay tap P3: count=270 mean_norm=19.2874 max_norm=46.1264
Replay tap P4: count=16 mean_norm=7.2655 max_norm=9.0895
Replay tap positives before filter=2756 after=2756
Current items collected: 649
Replay tap P3: count=628 mean_norm=20.2594 max_norm=51.4127
Replay tap P4: count=21 mean_norm=9.6902 max_norm=12.7967
Replay tap positives before filter=3645 after=3645
Current items collected: 663
Replay tap P3: count=580 mean_norm=20.6917 max_norm=44.9242
Replay tap P4: count=83 mean_norm=7.8321 max_norm=15.7146
Replay tap positives before filter=2764 after=2764
Current items collected: 489
Replay tap P3: count=466 mean_norm=21.4885 max_norm=47.0136
Replay tap P4: count=23 mean_norm=6.8751 max_norm=9.3702
Replay tap positives before filter=689 after=689
Current items collected: 313
Replay tap P3: count=313 mean_norm=26.8836 max_norm=47.2925
Replay tap positives before filter=1724 after=1724
Current items collected: 333
Replay tap P3: count=321 mean_norm=19.4270 max_norm=44.2369
Replay tap P4: count=12 mean_norm=19.1336 max_norm=27.9695
Replay tap positives before filter=2675 after=2675
Current items collected: 547
Replay tap P3: count=533 mean_norm=16.9733 max_norm=45.3845
Replay tap P4: count=14 mean_norm=6.4522 max_norm=8.1617
Replay tap positives before filter=3469 after=3459
Current items collected: 519
Replay tap P3: count=457 mean_norm=18.9360 max_norm=40.1451
Replay tap P4: count=62 mean_norm=14.9111 max_norm=25.6887
Replay tap positives before filter=1203 after=1203
Current items collected: 294
Replay tap P3: count=242 mean_norm=21.2975 max_norm=43.4455
Replay tap P4: count=52 mean_norm=14.5188 max_norm=32.4106
Replay tap positives before filter=1865 after=1865
Current items collected: 485
Replay tap P3: count=454 mean_norm=21.3915 max_norm=41.2696
Replay tap P4: count=31 mean_norm=22.0510 max_norm=31.8583
Replay tap positives before filter=4748 after=4748
Current items collected: 757
Replay tap P3: count=715 mean_norm=16.0635 max_norm=46.6553
Replay tap P4: count=42 mean_norm=7.3725 max_norm=10.7729
Replay tap positives before filter=2200 after=2200
Current items collected: 463
Replay tap P3: count=447 mean_norm=19.4825 max_norm=39.1218
Replay tap P4: count=16 mean_norm=13.6685 max_norm=35.1586
Replay tap positives before filter=998 after=998
Current items collected: 214
Replay tap P3: count=186 mean_norm=22.0647 max_norm=44.2123
Replay tap P4: count=28 mean_norm=6.9291 max_norm=9.6908
Replay tap positives before filter=1249 after=1249
Current items collected: 144
Replay tap P3: count=121 mean_norm=17.1134 max_norm=45.6783
Replay tap P4: count=23 mean_norm=11.4739 max_norm=16.3197
Replay tap positives before filter=2057 after=2057
Current items collected: 687
Replay tap P3: count=636 mean_norm=17.9916 max_norm=35.4340
Replay tap P4: count=51 mean_norm=15.3654 max_norm=25.7820
Replay tap positives before filter=214 after=214
Current items collected: 60
Replay tap P3: count=57 mean_norm=19.6714 max_norm=42.0292
Replay tap P4: count=3 mean_norm=6.3053 max_norm=7.5814
Replay tap positives before filter=1854 after=1854
Current items collected: 347
Replay tap P3: count=330 mean_norm=20.4384 max_norm=37.8609
Replay tap P4: count=17 mean_norm=6.7730 max_norm=8.5146
Replay tap positives before filter=2415 after=2415
Current items collected: 411
Replay tap P3: count=392 mean_norm=18.0324 max_norm=42.6818
Replay tap P4: count=19 mean_norm=21.2816 max_norm=38.9727
Replay tap positives before filter=3075 after=3075
Current items collected: 299
Replay tap P3: count=293 mean_norm=18.4473 max_norm=32.0037
Replay tap P4: count=6 mean_norm=16.1376 max_norm=23.1955
Replay tap positives before filter=1792 after=1792
Current items collected: 295
Replay tap P3: count=266 mean_norm=17.3386 max_norm=37.7625
Replay tap P4: count=29 mean_norm=6.9522 max_norm=9.1695
Replay tap positives before filter=2299 after=2299
Current items collected: 292
Replay tap P3: count=268 mean_norm=21.8989 max_norm=47.1310
Replay tap P4: count=24 mean_norm=17.4619 max_norm=37.0808
Replay tap positives before filter=629 after=619
Current items collected: 166
Replay tap P3: count=156 mean_norm=22.9123 max_norm=43.0198
Replay tap P4: count=10 mean_norm=14.2773 max_norm=21.1362
Replay tap positives before filter=1088 after=1088
Current items collected: 444
Replay tap P3: count=422 mean_norm=22.0037 max_norm=46.2532
Replay tap P4: count=22 mean_norm=8.4778 max_norm=11.4897
Replay tap positives before filter=2600 after=2600
Current items collected: 774
Replay tap P3: count=691 mean_norm=20.0678 max_norm=39.6250
Replay tap P4: count=83 mean_norm=12.5150 max_norm=27.5134
Replay tap positives before filter=1029 after=1029
Current items collected: 227
Replay tap P3: count=218 mean_norm=24.1009 max_norm=39.6873
Replay tap P4: count=9 mean_norm=14.7865 max_norm=23.9487
Replay tap positives before filter=1854 after=1854
Current items collected: 504
Replay tap P3: count=486 mean_norm=18.3799 max_norm=47.1804
Replay tap P4: count=18 mean_norm=6.0647 max_norm=7.9044
Replay tap positives before filter=727 after=727
Current items collected: 60
Replay tap P3: count=57 mean_norm=12.4571 max_norm=28.5253
Replay tap P4: count=3 mean_norm=5.8038 max_norm=6.4272
Replay tap positives before filter=1700 after=1700
Current items collected: 353
Replay tap P3: count=342 mean_norm=22.2680 max_norm=45.2289
Replay tap P4: count=11 mean_norm=7.0614 max_norm=9.4119
Replay tap positives before filter=1729 after=1729
Current items collected: 248
Replay tap P3: count=193 mean_norm=16.9354 max_norm=44.6170
Replay tap P4: count=55 mean_norm=10.0889 max_norm=15.5651
Replay tap positives before filter=1742 after=1742
Current items collected: 280
Replay tap P3: count=270 mean_norm=18.8826 max_norm=46.3611
Replay tap P4: count=10 mean_norm=19.5952 max_norm=29.7323
Replay tap positives before filter=1771 after=1771
Current items collected: 454
Replay tap P3: count=405 mean_norm=18.2492 max_norm=30.1104
Replay tap P4: count=49 mean_norm=15.2469 max_norm=24.3769
Replay tap positives before filter=1064 after=1064
Current items collected: 328
Replay tap P3: count=303 mean_norm=24.2125 max_norm=45.4297
Replay tap P4: count=25 mean_norm=15.8192 max_norm=30.0083
Replay tap positives before filter=1378 after=1378
Current items collected: 303
Replay tap P3: count=298 mean_norm=21.8869 max_norm=45.4108
Replay tap P4: count=5 mean_norm=6.2905 max_norm=7.1152
Replay tap positives before filter=1174 after=1174
Current items collected: 349
Replay tap P3: count=337 mean_norm=20.9765 max_norm=49.3025
Replay tap P4: count=12 mean_norm=13.2518 max_norm=26.2942
Replay tap positives before filter=2965 after=2965
Current items collected: 482
Replay tap P3: count=426 mean_norm=17.5743 max_norm=46.1708
Replay tap P4: count=56 mean_norm=7.1852 max_norm=13.3739
Replay tap positives before filter=1114 after=1114
Current items collected: 396
Replay tap P3: count=396 mean_norm=22.2500 max_norm=45.8419
Replay tap positives before filter=2058 after=2058
Current items collected: 279
Replay tap P3: count=244 mean_norm=16.0344 max_norm=38.4661
Replay tap P4: count=35 mean_norm=21.9919 max_norm=30.0281
Replay tap positives before filter=927 after=927
Current items collected: 189
Replay tap P3: count=184 mean_norm=20.4484 max_norm=49.6932
Replay tap P4: count=5 mean_norm=7.4865 max_norm=8.2641
Replay tap positives before filter=1911 after=1911
Current items collected: 380
Replay tap P3: count=367 mean_norm=23.8262 max_norm=39.9078
Replay tap P4: count=13 mean_norm=18.3708 max_norm=34.7489
Replay tap positives before filter=2406 after=2406
Current items collected: 333
Replay tap P3: count=273 mean_norm=15.7208 max_norm=36.1830
Replay tap P4: count=60 mean_norm=16.2210 max_norm=24.0343
Replay tap positives before filter=1250 after=1242
Current items collected: 218
Replay tap P3: count=210 mean_norm=26.0539 max_norm=38.0642
Replay tap P4: count=8 mean_norm=9.1492 max_norm=17.4930
Replay tap positives before filter=937 after=937
Current items collected: 243
Replay tap P3: count=230 mean_norm=24.5791 max_norm=44.2556
Replay tap P4: count=13 mean_norm=15.9024 max_norm=26.8049
Replay tap positives before filter=2175 after=2175
Current items collected: 333
Replay tap P3: count=288 mean_norm=14.9297 max_norm=28.4247
Replay tap P4: count=45 mean_norm=6.2818 max_norm=9.0811
Replay tap positives before filter=1936 after=1936
Current items collected: 405
Replay tap P3: count=395 mean_norm=23.5686 max_norm=45.3074
Replay tap P4: count=10 mean_norm=7.3050 max_norm=8.9499
Replay tap positives before filter=805 after=795
Current items collected: 318
Replay tap P3: count=304 mean_norm=18.3815 max_norm=36.5734
Replay tap P4: count=14 mean_norm=6.4957 max_norm=9.4541
Replay tap positives before filter=935 after=935
Current items collected: 189
Replay tap P3: count=172 mean_norm=19.3022 max_norm=40.8596
Replay tap P4: count=17 mean_norm=7.5181 max_norm=13.3762
Replay tap positives before filter=1558 after=1558
Current items collected: 375
Replay tap P3: count=369 mean_norm=18.3653 max_norm=38.7729
Replay tap P4: count=6 mean_norm=13.4803 max_norm=28.3028
Replay tap positives before filter=1308 after=1308
Current items collected: 165
Replay tap P3: count=158 mean_norm=18.7949 max_norm=41.7964
Replay tap P4: count=7 mean_norm=7.1680 max_norm=8.9341
Replay tap positives before filter=3670 after=3670
Current items collected: 908
Replay tap P3: count=812 mean_norm=20.4227 max_norm=40.8690
Replay tap P4: count=96 mean_norm=6.8497 max_norm=10.7251
Replay tap positives before filter=1814 after=1814
Current items collected: 311
Replay tap P3: count=288 mean_norm=22.4020 max_norm=42.4523
Replay tap P4: count=23 mean_norm=13.1252 max_norm=17.7007
Replay tap positives before filter=996 after=986
Current items collected: 415
Replay tap P3: count=414 mean_norm=23.0242 max_norm=41.2919
Replay tap P4: count=1 mean_norm=7.4810 max_norm=7.4810
Replay tap positives before filter=2511 after=2511
Current items collected: 166
Replay tap P3: count=157 mean_norm=13.1963 max_norm=34.0754
Replay tap P4: count=9 mean_norm=5.4194 max_norm=6.0255
Replay tap positives before filter=1985 after=1985
Current items collected: 414
Replay tap P3: count=388 mean_norm=21.4529 max_norm=41.4142
Replay tap P4: count=26 mean_norm=6.6634 max_norm=7.9660
Replay tap positives before filter=1424 after=1424
Current items collected: 444
Replay tap P3: count=439 mean_norm=24.1401 max_norm=44.2541
Replay tap P4: count=5 mean_norm=5.6660 max_norm=6.1151
Replay tap positives before filter=729 after=729
Current items collected: 174
Replay tap P3: count=160 mean_norm=16.5340 max_norm=43.5493
Replay tap P4: count=14 mean_norm=6.7688 max_norm=9.7138
Replay tap positives before filter=2321 after=2321
Current items collected: 489
Replay tap P3: count=430 mean_norm=22.9488 max_norm=43.6284
Replay tap P4: count=59 mean_norm=6.5063 max_norm=10.2840
Replay tap positives before filter=2884 after=2884
Current items collected: 399
Replay tap P3: count=366 mean_norm=23.4147 max_norm=44.0712
Replay tap P4: count=33 mean_norm=8.1490 max_norm=15.6303
Replay tap positives before filter=1563 after=1563
Current items collected: 338
Replay tap P3: count=317 mean_norm=23.4378 max_norm=44.3075
Replay tap P4: count=21 mean_norm=24.9281 max_norm=32.0872
Replay tap positives before filter=2959 after=2959
Current items collected: 661
Replay tap P3: count=611 mean_norm=18.8166 max_norm=44.3650
Replay tap P4: count=50 mean_norm=8.8143 max_norm=22.5343
Replay tap positives before filter=1915 after=1915
Current items collected: 245
Replay tap P3: count=229 mean_norm=22.8480 max_norm=44.3934
Replay tap P4: count=16 mean_norm=7.0072 max_norm=8.4969
Replay tap positives before filter=1660 after=1650
Current items collected: 378
Replay tap P3: count=358 mean_norm=24.0158 max_norm=43.2062
Replay tap P4: count=20 mean_norm=12.2984 max_norm=25.3254
Replay tap positives before filter=932 after=932
Current items collected: 147
Replay tap P3: count=121 mean_norm=9.9222 max_norm=23.6091
Replay tap P4: count=26 mean_norm=13.2703 max_norm=27.5592
Replay tap positives before filter=2354 after=2354
Current items collected: 225
Replay tap P3: count=216 mean_norm=17.5916 max_norm=32.2458
Replay tap P4: count=9 mean_norm=8.8824 max_norm=28.9870
Replay tap positives before filter=2402 after=2402
Current items collected: 375
Replay tap P3: count=359 mean_norm=21.9521 max_norm=46.9841
Replay tap P4: count=16 mean_norm=7.3298 max_norm=9.8790
Replay tap positives before filter=1861 after=1861
Current items collected: 483
Replay tap P3: count=451 mean_norm=20.7871 max_norm=48.4410
Replay tap P4: count=32 mean_norm=10.6871 max_norm=21.5224
Replay tap positives before filter=2164 after=2164
Current items collected: 327
Replay tap P3: count=323 mean_norm=22.9893 max_norm=44.5977
Replay tap P4: count=4 mean_norm=5.7797 max_norm=7.0238
Replay tap positives before filter=201 after=201
Current items collected: 49
Replay tap P3: count=46 mean_norm=14.3771 max_norm=32.3051
Replay tap P4: count=3 mean_norm=6.9067 max_norm=7.8317
Replay tap positives before filter=614 after=614
Current items collected: 220
Replay tap P3: count=212 mean_norm=19.1613 max_norm=43.7094
Replay tap P4: count=8 mean_norm=7.4944 max_norm=8.8703
Replay tap positives before filter=1357 after=1357
Current items collected: 316
Replay tap P3: count=294 mean_norm=18.1158 max_norm=41.4523
Replay tap P4: count=22 mean_norm=7.3550 max_norm=19.7003
Replay tap positives before filter=1819 after=1819
Current items collected: 517
Replay tap P3: count=485 mean_norm=24.6503 max_norm=46.3886
Replay tap P4: count=32 mean_norm=6.5406 max_norm=8.5830
Replay tap positives before filter=1538 after=1538
Current items collected: 306
Replay tap P3: count=292 mean_norm=22.8040 max_norm=48.2532
Replay tap P4: count=14 mean_norm=26.6167 max_norm=32.8074
Replay tap positives before filter=1461 after=1461
Current items collected: 266
Replay tap P3: count=248 mean_norm=17.6853 max_norm=45.3722
Replay tap P4: count=18 mean_norm=5.5931 max_norm=7.8777
Replay tap positives before filter=1313 after=1313
Current items collected: 415
Replay tap P3: count=389 mean_norm=21.8859 max_norm=44.4018
Replay tap P4: count=26 mean_norm=11.4323 max_norm=22.4927
Replay tap positives before filter=2752 after=2752
Current items collected: 693
Replay tap P3: count=676 mean_norm=22.3405 max_norm=41.2476
Replay tap P4: count=17 mean_norm=6.7415 max_norm=11.2262
Replay tap positives before filter=2531 after=2531
Current items collected: 520
Replay tap P3: count=459 mean_norm=15.3473 max_norm=35.8274
Replay tap P4: count=61 mean_norm=9.3873 max_norm=20.9931
Replay tap positives before filter=681 after=681
Current items collected: 147
Replay tap P3: count=143 mean_norm=23.8740 max_norm=38.1573
Replay tap P4: count=4 mean_norm=7.1166 max_norm=8.1604
Replay tap positives before filter=2057 after=2057
Current items collected: 431
Replay tap P3: count=420 mean_norm=17.4136 max_norm=47.4393
Replay tap P4: count=11 mean_norm=12.2147 max_norm=25.4444
Replay tap positives before filter=748 after=748
Current items collected: 227
Replay tap P3: count=213 mean_norm=17.7709 max_norm=38.8516
Replay tap P4: count=14 mean_norm=8.2532 max_norm=11.2005
Replay tap positives before filter=2351 after=2341
Current items collected: 456
Replay tap P3: count=398 mean_norm=14.7455 max_norm=37.9823
Replay tap P4: count=58 mean_norm=7.6191 max_norm=19.9292
Replay tap positives before filter=1922 after=1922
Current items collected: 135
Replay tap P3: count=126 mean_norm=16.6949 max_norm=33.6825
Replay tap P4: count=9 mean_norm=7.0193 max_norm=8.9322
Replay tap positives before filter=1557 after=1557
Current items collected: 239
Replay tap P3: count=216 mean_norm=18.0790 max_norm=45.7084
Replay tap P4: count=23 mean_norm=7.8076 max_norm=15.4191
Replay tap positives before filter=755 after=755
Current items collected: 239
Replay tap P3: count=211 mean_norm=19.3568 max_norm=48.5170
Replay tap P4: count=28 mean_norm=16.6166 max_norm=37.6109
Replay tap positives before filter=924 after=924
Current items collected: 348
Replay tap P3: count=308 mean_norm=18.6138 max_norm=41.1233
Replay tap P4: count=40 mean_norm=11.6579 max_norm=25.4159
Replay tap positives before filter=2529 after=2529
Current items collected: 465
Replay tap P3: count=381 mean_norm=16.5449 max_norm=45.2823
Replay tap P4: count=84 mean_norm=5.8911 max_norm=10.1576
Replay tap positives before filter=2634 after=2634
Current items collected: 304
Replay tap P3: count=291 mean_norm=17.6373 max_norm=41.7354
Replay tap P4: count=13 mean_norm=15.3817 max_norm=26.6231
Replay tap positives before filter=1279 after=1279
Current items collected: 490
Replay tap P3: count=439 mean_norm=18.2537 max_norm=38.7321
Replay tap P4: count=51 mean_norm=16.7298 max_norm=30.6126
Replay tap positives before filter=1232 after=1232
Current items collected: 369
Replay tap P3: count=361 mean_norm=21.8323 max_norm=41.3398
Replay tap P4: count=8 mean_norm=7.2481 max_norm=13.2463
Replay tap positives before filter=1074 after=1074
Current items collected: 229
Replay tap P3: count=222 mean_norm=24.9017 max_norm=47.3120
Replay tap P4: count=7 mean_norm=14.9683 max_norm=23.1606
Replay tap positives before filter=6612 after=6612
Current items collected: 783
Replay tap P3: count=727 mean_norm=17.4710 max_norm=49.7851
Replay tap P4: count=56 mean_norm=10.4704 max_norm=44.7729
Replay tap positives before filter=1075 after=1075
Current items collected: 241
Replay tap P3: count=237 mean_norm=25.8590 max_norm=43.9323
Replay tap P4: count=4 mean_norm=14.5224 max_norm=25.3647
Replay tap positives before filter=2013 after=2013
Current items collected: 317
Replay tap P3: count=296 mean_norm=19.7258 max_norm=41.7933
Replay tap P4: count=21 mean_norm=5.7815 max_norm=8.6060
Replay tap positives before filter=732 after=732
Current items collected: 64
Replay tap P3: count=56 mean_norm=9.8648 max_norm=22.7586
Replay tap P4: count=8 mean_norm=6.7343 max_norm=8.9484
Replay tap positives before filter=1509 after=1509
Current items collected: 313
Replay tap P3: count=301 mean_norm=21.9757 max_norm=43.8078
Replay tap P4: count=12 mean_norm=7.8442 max_norm=10.4947
Replay tap positives before filter=2671 after=2671
Current items collected: 615
Replay tap P3: count=558 mean_norm=19.1421 max_norm=40.9574
Replay tap P4: count=57 mean_norm=9.3234 max_norm=34.6049
Replay tap positives before filter=2193 after=2193
Current items collected: 451
Replay tap P3: count=427 mean_norm=18.4387 max_norm=44.8842
Replay tap P4: count=24 mean_norm=6.8256 max_norm=8.6062
Replay tap positives before filter=2122 after=2122
Current items collected: 369
Replay tap P3: count=346 mean_norm=16.4336 max_norm=44.5169
Replay tap P4: count=23 mean_norm=6.2579 max_norm=8.8405
Replay tap positives before filter=1450 after=1450
Current items collected: 348
Replay tap P3: count=335 mean_norm=19.9267 max_norm=41.0761
Replay tap P4: count=13 mean_norm=12.5496 max_norm=17.3787
Replay tap positives before filter=4156 after=4156
Current items collected: 644
Replay tap P3: count=638 mean_norm=19.7283 max_norm=39.5342
Replay tap P4: count=6 mean_norm=7.0620 max_norm=8.1247
Replay tap positives before filter=1209 after=1209
Current items collected: 365
Replay tap P3: count=352 mean_norm=19.5222 max_norm=46.9376
Replay tap P4: count=13 mean_norm=6.4534 max_norm=9.6867
Replay tap positives before filter=3384 after=3384
Current items collected: 606
Replay tap P3: count=524 mean_norm=17.1039 max_norm=30.0814
Replay tap P4: count=82 mean_norm=6.9274 max_norm=10.5482
Replay tap positives before filter=3365 after=3365
Current items collected: 475
Replay tap P3: count=459 mean_norm=21.2866 max_norm=42.9356
Replay tap P4: count=16 mean_norm=6.2754 max_norm=8.7181
Replay tap positives before filter=3141 after=3141
Current items collected: 766
Replay tap P3: count=699 mean_norm=22.8668 max_norm=37.6869
Replay tap P4: count=67 mean_norm=6.1545 max_norm=8.6450
                   all        367       9837      0.108      0.113     0.0884     0.0525
Replay buffer size after epoch 4: 1280 embeddings across 10 classes.
Saved 1280 replay embeddings to /home/ddwilde/scriptie/runs/dota_saab/stage2-saab5/replay/buffer.pt

      Epoch    GPU_mem   box_loss   cls_loss   dfl_loss  Instances       Size
Replay tap positives before filter=3028 after=3028
Current items collected: 819
Replay tap P3: count=789 mean_norm=20.3817 max_norm=41.7168
Replay tap P4: count=30 mean_norm=6.7208 max_norm=9.4094
Replay tap positives before filter=3142 after=3142
Current items collected: 670
Replay tap P3: count=657 mean_norm=21.0450 max_norm=44.5656
Replay tap P4: count=13 mean_norm=6.1746 max_norm=7.7406
Replay tap positives before filter=1220 after=1220
Current items collected: 511
Replay tap P3: count=494 mean_norm=20.5839 max_norm=44.0594
Replay tap P4: count=17 mean_norm=6.5646 max_norm=8.3417
Replay tap positives before filter=1438 after=1438
Current items collected: 443
Replay tap P3: count=415 mean_norm=21.8885 max_norm=38.4594
Replay tap P4: count=28 mean_norm=17.1765 max_norm=30.0380
Replay tap positives before filter=2910 after=2910
Current items collected: 834
Replay tap P3: count=770 mean_norm=16.1695 max_norm=43.0862
Replay tap P4: count=64 mean_norm=7.2723 max_norm=13.4860
Replay tap positives before filter=2349 after=2349
Current items collected: 333
Replay tap P3: count=321 mean_norm=26.0023 max_norm=47.6084
Replay tap P4: count=12 mean_norm=6.9586 max_norm=9.1838
Replay tap positives before filter=2540 after=2540
Current items collected: 484
Replay tap P3: count=462 mean_norm=25.8006 max_norm=46.2488
Replay tap P4: count=22 mean_norm=6.9518 max_norm=8.6320
Replay tap positives before filter=1809 after=1809
Current items collected: 746
Replay tap P3: count=716 mean_norm=24.8141 max_norm=42.0725
Replay tap P4: count=30 mean_norm=9.0321 max_norm=16.6408
Replay tap positives before filter=807 after=807
Current items collected: 199
Replay tap P3: count=198 mean_norm=24.4455 max_norm=43.2013
Replay tap P4: count=1 mean_norm=7.6368 max_norm=7.6368
Replay tap positives before filter=1631 after=1631
Current items collected: 298
Replay tap P3: count=266 mean_norm=20.7066 max_norm=41.3070
Replay tap P4: count=32 mean_norm=15.4623 max_norm=26.4229
Replay tap positives before filter=1957 after=1957
Current items collected: 408
Replay tap P3: count=392 mean_norm=21.5644 max_norm=48.5861
Replay tap P4: count=16 mean_norm=8.3211 max_norm=14.2071
Replay tap positives before filter=2286 after=2286
Current items collected: 457
Replay tap P3: count=445 mean_norm=24.1076 max_norm=43.4189
Replay tap P4: count=12 mean_norm=6.6464 max_norm=9.4169
Replay tap positives before filter=2338 after=2338
Current items collected: 632
Replay tap P3: count=585 mean_norm=16.7262 max_norm=48.8547
Replay tap P4: count=47 mean_norm=11.0278 max_norm=31.8772
Replay tap positives before filter=1519 after=1519
Current items collected: 183
Replay tap P3: count=176 mean_norm=21.8723 max_norm=47.6074
Replay tap P4: count=7 mean_norm=6.8984 max_norm=8.1241
Replay tap positives before filter=1615 after=1615
Current items collected: 495
Replay tap P3: count=470 mean_norm=20.1436 max_norm=41.2223
Replay tap P4: count=25 mean_norm=12.2666 max_norm=28.2425
Replay tap positives before filter=1647 after=1647
Current items collected: 323
Replay tap P3: count=312 mean_norm=19.1053 max_norm=41.2988
Replay tap P4: count=11 mean_norm=6.6715 max_norm=8.1813
Replay tap positives before filter=1369 after=1369
Current items collected: 307
Replay tap P3: count=275 mean_norm=16.9396 max_norm=51.0495
Replay tap P4: count=32 mean_norm=6.6161 max_norm=9.8329
Replay tap positives before filter=915 after=915
Current items collected: 396
Replay tap P3: count=385 mean_norm=24.8463 max_norm=46.2344
Replay tap P4: count=11 mean_norm=7.3493 max_norm=10.2294
Replay tap positives before filter=1110 after=1110
Current items collected: 436
Replay tap P3: count=429 mean_norm=22.1564 max_norm=41.9930
Replay tap P4: count=7 mean_norm=17.0295 max_norm=24.7507
Replay tap positives before filter=2516 after=2516
Current items collected: 609
Replay tap P3: count=593 mean_norm=19.4393 max_norm=40.7297
Replay tap P4: count=16 mean_norm=11.6553 max_norm=21.6976
Replay tap positives before filter=687 after=687
Current items collected: 230
Replay tap P3: count=217 mean_norm=15.0409 max_norm=34.5960
Replay tap P4: count=13 mean_norm=21.2281 max_norm=33.5639
Replay tap positives before filter=1025 after=1016
Current items collected: 332
Replay tap P3: count=302 mean_norm=22.7594 max_norm=44.1311
Replay tap P4: count=30 mean_norm=15.6471 max_norm=26.5103
Replay tap positives before filter=1562 after=1562
Current items collected: 303
Replay tap P3: count=282 mean_norm=15.9018 max_norm=49.3692
Replay tap P4: count=21 mean_norm=7.1368 max_norm=10.6090
Replay tap positives before filter=681 after=681
Current items collected: 96
Replay tap P3: count=84 mean_norm=13.4553 max_norm=32.8910
Replay tap P4: count=12 mean_norm=6.4860 max_norm=9.0183
Replay tap positives before filter=2383 after=2373
Current items collected: 352
Replay tap P3: count=306 mean_norm=21.6565 max_norm=39.1552
Replay tap P4: count=46 mean_norm=6.3011 max_norm=11.4168
Replay tap positives before filter=968 after=964
Current items collected: 302
Replay tap P3: count=279 mean_norm=17.9682 max_norm=54.8605
Replay tap P4: count=23 mean_norm=8.3551 max_norm=17.4392
Replay tap positives before filter=1259 after=1259
Current items collected: 268
Replay tap P3: count=227 mean_norm=16.4705 max_norm=42.6623
Replay tap P4: count=41 mean_norm=8.9742 max_norm=16.7141
Replay tap positives before filter=1157 after=1157
Current items collected: 306
Replay tap P3: count=283 mean_norm=19.5707 max_norm=42.0719
Replay tap P4: count=23 mean_norm=11.0908 max_norm=21.8528
Replay tap positives before filter=2125 after=2125
Current items collected: 670
Replay tap P3: count=611 mean_norm=17.8616 max_norm=42.0921
Replay tap P4: count=59 mean_norm=13.3163 max_norm=39.6131
Replay tap positives before filter=1678 after=1668
Current items collected: 281
Replay tap P3: count=246 mean_norm=18.3876 max_norm=55.3289
Replay tap P4: count=35 mean_norm=12.0738 max_norm=28.6528
Replay tap positives before filter=1406 after=1406
Current items collected: 213
Replay tap P3: count=194 mean_norm=16.3445 max_norm=42.4485
Replay tap P4: count=19 mean_norm=7.1735 max_norm=9.8428
Replay tap positives before filter=1487 after=1487
Current items collected: 312
Replay tap P3: count=287 mean_norm=20.6334 max_norm=42.4116
Replay tap P4: count=25 mean_norm=12.9470 max_norm=27.0423
Replay tap positives before filter=4193 after=4193
Current items collected: 727
Replay tap P3: count=662 mean_norm=16.9943 max_norm=43.3683
Replay tap P4: count=65 mean_norm=6.3373 max_norm=10.1511
Replay tap positives before filter=2278 after=2278
Current items collected: 564
Replay tap P3: count=521 mean_norm=19.0465 max_norm=47.1080
Replay tap P4: count=43 mean_norm=12.0364 max_norm=25.5747
Replay tap positives before filter=1476 after=1476
Current items collected: 95
Replay tap P3: count=81 mean_norm=17.7052 max_norm=42.5324
Replay tap P4: count=14 mean_norm=21.3523 max_norm=31.4860
Replay tap positives before filter=2044 after=2044
Current items collected: 483
Replay tap P3: count=473 mean_norm=26.9427 max_norm=46.3748
Replay tap P4: count=10 mean_norm=7.7277 max_norm=10.2322
Replay tap positives before filter=3401 after=3401
Current items collected: 556
Replay tap P3: count=514 mean_norm=16.8837 max_norm=44.1590
Replay tap P4: count=42 mean_norm=13.6869 max_norm=34.4446
Replay tap positives before filter=1042 after=1042
Current items collected: 164
Replay tap P3: count=142 mean_norm=17.5499 max_norm=39.4118
Replay tap P4: count=22 mean_norm=9.3683 max_norm=13.9481
Replay tap positives before filter=3360 after=3350
Current items collected: 424
Replay tap P3: count=416 mean_norm=19.5293 max_norm=43.0151
Replay tap P4: count=8 mean_norm=7.0631 max_norm=9.0081
Replay tap positives before filter=2376 after=2376
Current items collected: 484
Replay tap P3: count=471 mean_norm=22.7232 max_norm=48.0291
Replay tap P4: count=13 mean_norm=26.5040 max_norm=34.1852
Replay tap positives before filter=2670 after=2670
Current items collected: 538
Replay tap P3: count=534 mean_norm=22.9995 max_norm=46.1774
Replay tap P4: count=4 mean_norm=8.0258 max_norm=8.8442
Replay tap positives before filter=2652 after=2652
Current items collected: 282
Replay tap P3: count=269 mean_norm=24.6542 max_norm=52.4257
Replay tap P4: count=13 mean_norm=6.8854 max_norm=9.6425
Replay tap positives before filter=1226 after=1226
Current items collected: 345
Replay tap P3: count=293 mean_norm=19.1336 max_norm=51.7770
Replay tap P4: count=52 mean_norm=19.9792 max_norm=36.7618
Replay tap positives before filter=1619 after=1619
Current items collected: 329
Replay tap P3: count=322 mean_norm=20.9224 max_norm=48.0889
Replay tap P4: count=7 mean_norm=7.8863 max_norm=9.6308
Replay tap positives before filter=1734 after=1724
Current items collected: 395
Replay tap P3: count=359 mean_norm=18.8099 max_norm=52.1340
Replay tap P4: count=36 mean_norm=17.8239 max_norm=41.9271
Replay tap positives before filter=1908 after=1908
Current items collected: 253
Replay tap P3: count=241 mean_norm=20.3493 max_norm=55.7385
Replay tap P4: count=12 mean_norm=6.5089 max_norm=7.6967
Replay tap positives before filter=1136 after=1136
Current items collected: 140
Replay tap P3: count=134 mean_norm=19.4930 max_norm=38.6690
Replay tap P4: count=6 mean_norm=7.8022 max_norm=9.2651
Replay tap positives before filter=1432 after=1432
Current items collected: 360
Replay tap P3: count=324 mean_norm=26.5322 max_norm=52.4448
Replay tap P4: count=36 mean_norm=18.2873 max_norm=37.3605
Replay tap positives before filter=5309 after=5309
Current items collected: 606
Replay tap P3: count=570 mean_norm=21.8170 max_norm=47.7524
Replay tap P4: count=36 mean_norm=8.7281 max_norm=13.8843
Replay tap positives before filter=1514 after=1514
Current items collected: 379
Replay tap P3: count=355 mean_norm=16.0297 max_norm=46.1815
Replay tap P4: count=24 mean_norm=6.9441 max_norm=9.2047
Replay tap positives before filter=1080 after=1080
Current items collected: 570
Replay tap P3: count=539 mean_norm=20.3785 max_norm=46.3788
Replay tap P4: count=31 mean_norm=8.9138 max_norm=20.1747
Replay tap positives before filter=869 after=869
Current items collected: 242
Replay tap P3: count=238 mean_norm=27.3299 max_norm=48.5476
Replay tap P4: count=4 mean_norm=6.7387 max_norm=7.2397
Replay tap positives before filter=3161 after=3151
Current items collected: 802
Replay tap P3: count=719 mean_norm=17.9353 max_norm=52.7537
Replay tap P4: count=83 mean_norm=9.7129 max_norm=30.3604
Replay tap positives before filter=866 after=866
Current items collected: 175
Replay tap P3: count=167 mean_norm=21.9416 max_norm=51.4758
Replay tap P4: count=8 mean_norm=7.3875 max_norm=11.1506
Replay tap positives before filter=3346 after=3346
Current items collected: 392
Replay tap P3: count=388 mean_norm=23.5495 max_norm=46.8121
Replay tap P4: count=4 mean_norm=5.6459 max_norm=6.0534
Replay tap positives before filter=2243 after=2243
Current items collected: 258
Replay tap P3: count=249 mean_norm=20.7179 max_norm=40.9067
Replay tap P4: count=9 mean_norm=5.8660 max_norm=8.7889
Replay tap positives before filter=2246 after=2246
Current items collected: 576
Replay tap P3: count=553 mean_norm=22.4562 max_norm=42.8981
Replay tap P4: count=23 mean_norm=6.8562 max_norm=9.2887
Replay tap positives before filter=1408 after=1408
Current items collected: 495
Replay tap P3: count=468 mean_norm=23.3073 max_norm=41.7130
Replay tap P4: count=27 mean_norm=8.2915 max_norm=16.9615
Replay tap positives before filter=1038 after=1038
Current items collected: 487
Replay tap P3: count=454 mean_norm=21.5435 max_norm=41.6460
Replay tap P4: count=33 mean_norm=11.9685 max_norm=23.9241
Replay tap positives before filter=3758 after=3758
Current items collected: 688
Replay tap P3: count=683 mean_norm=21.1907 max_norm=43.6518
Replay tap P4: count=5 mean_norm=7.1701 max_norm=8.2998
Replay tap positives before filter=2739 after=2739
Current items collected: 431
Replay tap P3: count=410 mean_norm=14.0467 max_norm=43.1058
Replay tap P4: count=21 mean_norm=7.1236 max_norm=10.2449
Replay tap positives before filter=2264 after=2264
Current items collected: 259
Replay tap P3: count=232 mean_norm=21.3979 max_norm=39.3555
Replay tap P4: count=27 mean_norm=6.2727 max_norm=8.7049
Replay tap positives before filter=4717 after=4708
Current items collected: 835
Replay tap P3: count=733 mean_norm=20.3795 max_norm=49.3686
Replay tap P4: count=102 mean_norm=8.4005 max_norm=31.6816
Replay tap positives before filter=5493 after=5493
Current items collected: 742
Replay tap P3: count=685 mean_norm=18.2043 max_norm=44.7187
Replay tap P4: count=57 mean_norm=6.3134 max_norm=13.4923
Replay tap positives before filter=2377 after=2377
Current items collected: 545
Replay tap P3: count=515 mean_norm=19.0868 max_norm=54.0395
Replay tap P4: count=30 mean_norm=8.4492 max_norm=17.3830
Replay tap positives before filter=1802 after=1802
Current items collected: 343
Replay tap P3: count=304 mean_norm=22.1006 max_norm=48.6282
Replay tap P4: count=39 mean_norm=7.5280 max_norm=9.4879
Replay tap positives before filter=1232 after=1232
Current items collected: 585
Replay tap P3: count=570 mean_norm=14.8564 max_norm=42.3027
Replay tap P4: count=15 mean_norm=25.6986 max_norm=46.7821
Replay tap positives before filter=1530 after=1530
Current items collected: 398
Replay tap P3: count=366 mean_norm=21.1615 max_norm=43.8721
Replay tap P4: count=32 mean_norm=22.2115 max_norm=35.6250
Replay tap positives before filter=1065 after=1065
Current items collected: 196
Replay tap P3: count=178 mean_norm=16.8470 max_norm=35.0331
Replay tap P4: count=18 mean_norm=6.7093 max_norm=8.3728
Replay tap positives before filter=2148 after=2148
Current items collected: 307
Replay tap P3: count=294 mean_norm=20.6802 max_norm=47.4564
Replay tap P4: count=13 mean_norm=7.1341 max_norm=10.2240
Replay tap positives before filter=2835 after=2835
Current items collected: 358
Replay tap P3: count=351 mean_norm=13.9510 max_norm=38.8620
Replay tap P4: count=7 mean_norm=6.8292 max_norm=10.0118
Replay tap positives before filter=1741 after=1741
Current items collected: 653
Replay tap P3: count=622 mean_norm=21.9488 max_norm=46.5335
Replay tap P4: count=31 mean_norm=18.2919 max_norm=37.9082
Replay tap positives before filter=2362 after=2362
Current items collected: 300
Replay tap P3: count=259 mean_norm=19.1694 max_norm=47.5115
Replay tap P4: count=41 mean_norm=15.7113 max_norm=29.9063
Replay tap positives before filter=1411 after=1411
Current items collected: 245
Replay tap P3: count=229 mean_norm=22.2754 max_norm=46.2543
Replay tap P4: count=16 mean_norm=7.0202 max_norm=8.7234
Replay tap positives before filter=1844 after=1844
Current items collected: 640
Replay tap P3: count=608 mean_norm=21.8160 max_norm=45.9005
Replay tap P4: count=32 mean_norm=13.3500 max_norm=31.9312
Replay tap positives before filter=1274 after=1274
Current items collected: 221
Replay tap P3: count=207 mean_norm=16.7496 max_norm=38.6730
Replay tap P4: count=14 mean_norm=6.7079 max_norm=9.0115
Replay tap positives before filter=1383 after=1383
Current items collected: 471
Replay tap P3: count=430 mean_norm=19.7611 max_norm=37.3017
Replay tap P4: count=41 mean_norm=6.7432 max_norm=14.2701
Replay tap positives before filter=1511 after=1511
Current items collected: 217
Replay tap P3: count=168 mean_norm=14.8517 max_norm=39.6518
Replay tap P4: count=49 mean_norm=13.9015 max_norm=28.6803
Replay tap positives before filter=4113 after=4113
Current items collected: 441
Replay tap P3: count=415 mean_norm=16.7562 max_norm=42.1868
Replay tap P4: count=26 mean_norm=17.6378 max_norm=33.3721
Replay tap positives before filter=2653 after=2653
Current items collected: 389
Replay tap P3: count=386 mean_norm=23.1112 max_norm=47.3005
Replay tap P4: count=3 mean_norm=6.7423 max_norm=6.9980
Replay tap positives before filter=1864 after=1864
Current items collected: 270
Replay tap P3: count=260 mean_norm=25.4610 max_norm=46.2200
Replay tap P4: count=10 mean_norm=13.1151 max_norm=17.8672
Replay tap positives before filter=1611 after=1611
Current items collected: 314
Replay tap P3: count=272 mean_norm=15.2625 max_norm=30.4411
Replay tap P4: count=42 mean_norm=6.8314 max_norm=16.4019
Replay tap positives before filter=912 after=912
Current items collected: 632
Replay tap P3: count=621 mean_norm=19.4717 max_norm=44.5601
Replay tap P4: count=11 mean_norm=10.6287 max_norm=33.6495
Replay tap positives before filter=1385 after=1385
Current items collected: 234
Replay tap P3: count=214 mean_norm=23.0385 max_norm=49.4551
Replay tap P4: count=20 mean_norm=6.2113 max_norm=8.5376
Replay tap positives before filter=962 after=962
Current items collected: 277
Replay tap P3: count=270 mean_norm=18.8509 max_norm=46.3885
Replay tap P4: count=7 mean_norm=6.7418 max_norm=7.7746
Replay tap positives before filter=1218 after=1218
Current items collected: 427
Replay tap P3: count=386 mean_norm=21.7893 max_norm=44.2877
Replay tap P4: count=41 mean_norm=8.4532 max_norm=17.4863
Replay tap positives before filter=3452 after=3452
Current items collected: 603
Replay tap P3: count=497 mean_norm=21.9453 max_norm=50.1498
Replay tap P4: count=106 mean_norm=9.3614 max_norm=26.5234
Replay tap positives before filter=2482 after=2482
Current items collected: 218
Replay tap P3: count=194 mean_norm=21.7500 max_norm=40.5723
Replay tap P4: count=24 mean_norm=6.9904 max_norm=9.4318
Replay tap positives before filter=916 after=916
Current items collected: 300
Replay tap P3: count=293 mean_norm=21.2259 max_norm=48.1614
Replay tap P4: count=7 mean_norm=7.0950 max_norm=9.1785
Replay tap positives before filter=1500 after=1500
Current items collected: 444
Replay tap P3: count=400 mean_norm=17.9179 max_norm=49.4176
Replay tap P4: count=44 mean_norm=6.6462 max_norm=9.5163
Replay tap positives before filter=930 after=930
Current items collected: 330
Replay tap P3: count=315 mean_norm=21.1682 max_norm=44.2621
Replay tap P4: count=15 mean_norm=14.1560 max_norm=32.0177
Replay tap positives before filter=1455 after=1455
Current items collected: 193
Replay tap P3: count=188 mean_norm=20.7500 max_norm=49.4230
Replay tap P4: count=5 mean_norm=7.4742 max_norm=8.4343
Replay tap positives before filter=2430 after=2430
Current items collected: 566
Replay tap P3: count=528 mean_norm=21.9034 max_norm=48.3396
Replay tap P4: count=38 mean_norm=12.3195 max_norm=36.9836
Replay tap positives before filter=1276 after=1276
Current items collected: 225
Replay tap P3: count=213 mean_norm=22.2727 max_norm=38.2265
Replay tap P4: count=12 mean_norm=7.7266 max_norm=9.5645
Replay tap positives before filter=1779 after=1779
Current items collected: 343
Replay tap P3: count=310 mean_norm=19.9946 max_norm=46.2224
Replay tap P4: count=33 mean_norm=16.8102 max_norm=42.5796
Replay tap positives before filter=5867 after=5867
Current items collected: 951
Replay tap P3: count=909 mean_norm=18.9290 max_norm=42.2010
Replay tap P4: count=42 mean_norm=15.5988 max_norm=38.7362
Replay tap positives before filter=806 after=806
Current items collected: 204
Replay tap P3: count=202 mean_norm=27.7143 max_norm=46.8110
Replay tap P4: count=2 mean_norm=6.7839 max_norm=6.9568
Replay tap positives before filter=902 after=902
Current items collected: 172
Replay tap P3: count=145 mean_norm=17.2611 max_norm=41.1521
Replay tap P4: count=27 mean_norm=15.9183 max_norm=33.9005
Replay tap positives before filter=1414 after=1414
Current items collected: 470
Replay tap P3: count=461 mean_norm=22.2364 max_norm=41.8471
Replay tap P4: count=9 mean_norm=7.8631 max_norm=19.5993
Replay tap positives before filter=2834 after=2834
Current items collected: 381
Replay tap P3: count=342 mean_norm=18.3991 max_norm=44.7078
Replay tap P4: count=39 mean_norm=6.7763 max_norm=9.2286
Replay tap positives before filter=1385 after=1385
Current items collected: 274
Replay tap P3: count=260 mean_norm=19.2319 max_norm=46.2057
Replay tap P4: count=14 mean_norm=11.8232 max_norm=21.9683
Replay tap positives before filter=2681 after=2681
Current items collected: 463
Replay tap P3: count=457 mean_norm=19.6849 max_norm=42.2886
Replay tap P4: count=6 mean_norm=7.3891 max_norm=9.2312
Replay tap positives before filter=2204 after=2204
Current items collected: 257
Replay tap P3: count=255 mean_norm=21.4969 max_norm=36.5662
Replay tap P4: count=2 mean_norm=6.4720 max_norm=6.7749
Replay tap positives before filter=3510 after=3510
Current items collected: 321
Replay tap P3: count=271 mean_norm=14.7844 max_norm=46.2526
Replay tap P4: count=50 mean_norm=16.3321 max_norm=28.9249
Replay tap positives before filter=1113 after=1113
Current items collected: 334
Replay tap P3: count=325 mean_norm=27.2911 max_norm=46.6576
Replay tap P4: count=9 mean_norm=6.5732 max_norm=7.7949
Replay tap positives before filter=2189 after=2189
Current items collected: 321
Replay tap P3: count=304 mean_norm=19.5583 max_norm=45.6727
Replay tap P4: count=17 mean_norm=15.8888 max_norm=27.8257
Replay tap positives before filter=549 after=549
Current items collected: 404
Replay tap P3: count=403 mean_norm=16.8089 max_norm=51.3354
Replay tap P4: count=1 mean_norm=5.4225 max_norm=5.4225
Replay tap positives before filter=1082 after=1082
Current items collected: 266
Replay tap P3: count=246 mean_norm=21.8779 max_norm=47.0435
Replay tap P4: count=20 mean_norm=14.5537 max_norm=25.1918
Replay tap positives before filter=2685 after=2685
Current items collected: 706
Replay tap P3: count=668 mean_norm=23.5898 max_norm=45.6482
Replay tap P4: count=38 mean_norm=6.4951 max_norm=8.1826
Replay tap positives before filter=1297 after=1297
Current items collected: 280
Replay tap P3: count=246 mean_norm=15.2366 max_norm=36.8513
Replay tap P4: count=34 mean_norm=7.2123 max_norm=10.7917
Replay tap positives before filter=637 after=637
Current items collected: 202
Replay tap P3: count=202 mean_norm=22.6047 max_norm=41.4258
Replay tap positives before filter=1757 after=1757
Current items collected: 363
Replay tap P3: count=345 mean_norm=17.4306 max_norm=40.9194
Replay tap P4: count=18 mean_norm=10.5481 max_norm=31.0817
Replay tap positives before filter=2892 after=2892
Current items collected: 697
Replay tap P3: count=676 mean_norm=18.2091 max_norm=42.4793
Replay tap P4: count=21 mean_norm=7.8040 max_norm=9.5977
Replay tap positives before filter=1998 after=1988
Current items collected: 547
Replay tap P3: count=511 mean_norm=20.7916 max_norm=44.1756
Replay tap P4: count=36 mean_norm=11.0048 max_norm=23.2307
Replay tap positives before filter=1740 after=1740
Current items collected: 513
Replay tap P3: count=483 mean_norm=18.8618 max_norm=43.7746
Replay tap P4: count=30 mean_norm=8.4345 max_norm=16.7296
Replay tap positives before filter=1440 after=1440
Current items collected: 420
Replay tap P3: count=409 mean_norm=24.1937 max_norm=47.0428
Replay tap P4: count=11 mean_norm=26.9411 max_norm=44.9858
Replay tap positives before filter=451 after=451
Current items collected: 236
Replay tap P3: count=235 mean_norm=30.0940 max_norm=46.6610
Replay tap P4: count=1 mean_norm=5.6413 max_norm=5.6413
Replay tap positives before filter=2065 after=2065
Current items collected: 488
Replay tap P3: count=456 mean_norm=21.8966 max_norm=44.1149
Replay tap P4: count=32 mean_norm=7.2834 max_norm=10.7721
Replay tap positives before filter=1512 after=1512
Current items collected: 184
Replay tap P3: count=170 mean_norm=17.7179 max_norm=41.0968
Replay tap P4: count=14 mean_norm=16.2162 max_norm=24.7078
Replay tap positives before filter=2524 after=2514
Current items collected: 581
Replay tap P3: count=563 mean_norm=20.6465 max_norm=38.0717
Replay tap P4: count=18 mean_norm=6.9339 max_norm=9.1792
Replay tap positives before filter=3422 after=3422
Current items collected: 415
Replay tap P3: count=378 mean_norm=19.8593 max_norm=50.5417
Replay tap P4: count=37 mean_norm=10.1130 max_norm=18.3901
Replay tap positives before filter=1509 after=1509
Current items collected: 263
Replay tap P3: count=228 mean_norm=17.2927 max_norm=45.1333
Replay tap P4: count=35 mean_norm=8.3669 max_norm=15.9970
Replay tap positives before filter=921 after=921
Current items collected: 329
Replay tap P3: count=316 mean_norm=20.5896 max_norm=47.5219
Replay tap P4: count=13 mean_norm=11.3470 max_norm=17.3749
Replay tap positives before filter=1691 after=1691
Current items collected: 267
Replay tap P3: count=254 mean_norm=18.5409 max_norm=43.6063
Replay tap P4: count=13 mean_norm=6.6384 max_norm=7.8250
Replay tap positives before filter=3005 after=3005
Current items collected: 457
Replay tap P3: count=407 mean_norm=16.5154 max_norm=36.3563
Replay tap P4: count=50 mean_norm=10.1545 max_norm=43.2370
Replay tap positives before filter=2278 after=2278
Current items collected: 261
Replay tap P3: count=251 mean_norm=22.5984 max_norm=42.0131
Replay tap P4: count=10 mean_norm=6.5010 max_norm=8.4652
Replay tap positives before filter=3414 after=3414
Current items collected: 531
Replay tap P3: count=502 mean_norm=16.9698 max_norm=26.5714
Replay tap P4: count=29 mean_norm=7.9404 max_norm=11.3010
Replay tap positives before filter=1782 after=1782
Current items collected: 666
Replay tap P3: count=659 mean_norm=21.8533 max_norm=40.6370
Replay tap P4: count=7 mean_norm=7.1113 max_norm=9.6101
Replay tap positives before filter=1035 after=1035
Current items collected: 95
Replay tap P3: count=88 mean_norm=15.0354 max_norm=37.1831
Replay tap P4: count=7 mean_norm=6.5803 max_norm=8.1732
Replay tap positives before filter=828 after=828
Current items collected: 157
Replay tap P3: count=148 mean_norm=20.6616 max_norm=36.3486
Replay tap P4: count=9 mean_norm=6.7690 max_norm=8.2387
Replay tap positives before filter=989 after=989
Current items collected: 493
Replay tap P3: count=479 mean_norm=25.3810 max_norm=42.6715
Replay tap P4: count=14 mean_norm=12.7207 max_norm=25.4926
Replay tap positives before filter=1675 after=1665
Current items collected: 332
Replay tap P3: count=309 mean_norm=25.8227 max_norm=46.9007
Replay tap P4: count=23 mean_norm=11.3690 max_norm=26.2844
Replay tap positives before filter=3560 after=3560
Current items collected: 729
Replay tap P3: count=701 mean_norm=20.0418 max_norm=44.9372
Replay tap P4: count=28 mean_norm=7.7695 max_norm=11.3564
Replay tap positives before filter=4644 after=4634
Current items collected: 839
Replay tap P3: count=806 mean_norm=16.8655 max_norm=46.1406
Replay tap P4: count=33 mean_norm=10.7504 max_norm=20.5379
Replay tap positives before filter=1758 after=1758
Current items collected: 190
Replay tap P3: count=176 mean_norm=26.8760 max_norm=49.5421
Replay tap P4: count=14 mean_norm=14.9248 max_norm=18.8491
Replay tap positives before filter=3261 after=3261
Current items collected: 514
Replay tap P3: count=491 mean_norm=21.9279 max_norm=47.3568
Replay tap P4: count=23 mean_norm=7.2920 max_norm=9.6701
Replay tap positives before filter=458 after=458
Current items collected: 66
Replay tap P3: count=65 mean_norm=14.7260 max_norm=38.4323
Replay tap P4: count=1 mean_norm=5.1551 max_norm=5.1551
Replay tap positives before filter=390 after=390
Current items collected: 149
Replay tap P3: count=143 mean_norm=21.1213 max_norm=49.3237
Replay tap P4: count=6 mean_norm=5.8946 max_norm=7.2694
Replay tap positives before filter=996 after=996
Current items collected: 616
Replay tap P3: count=589 mean_norm=27.2085 max_norm=41.4661
Replay tap P4: count=27 mean_norm=11.3055 max_norm=15.5886
Replay tap positives before filter=2422 after=2422
Current items collected: 539
Replay tap P3: count=500 mean_norm=19.0966 max_norm=45.8738
Replay tap P4: count=39 mean_norm=20.9643 max_norm=47.1640
Replay tap positives before filter=961 after=961
Current items collected: 241
Replay tap P3: count=238 mean_norm=27.3513 max_norm=49.4310
Replay tap P4: count=3 mean_norm=8.0517 max_norm=9.3883
Replay tap positives before filter=415 after=415
Current items collected: 64
Replay tap P3: count=60 mean_norm=16.2657 max_norm=29.1775
Replay tap P4: count=4 mean_norm=5.8284 max_norm=8.1217
Replay tap positives before filter=1134 after=1134
Current items collected: 160
Replay tap P3: count=158 mean_norm=25.3272 max_norm=50.4884
Replay tap P4: count=2 mean_norm=7.1608 max_norm=7.9487
Replay tap positives before filter=1453 after=1453
Current items collected: 598
Replay tap P3: count=595 mean_norm=23.8198 max_norm=47.4780
Replay tap P4: count=3 mean_norm=5.9660 max_norm=6.2284
Replay tap positives before filter=1695 after=1695
Current items collected: 239
Replay tap P3: count=229 mean_norm=23.3130 max_norm=47.0532
Replay tap P4: count=10 mean_norm=6.1279 max_norm=7.9270
Replay tap positives before filter=860 after=860
Current items collected: 244
Replay tap P3: count=227 mean_norm=26.8574 max_norm=43.2878
Replay tap P4: count=17 mean_norm=6.3900 max_norm=8.0055
Replay tap positives before filter=3103 after=3103
Current items collected: 770
Replay tap P3: count=725 mean_norm=25.7433 max_norm=42.2422
Replay tap P4: count=45 mean_norm=8.7002 max_norm=28.6369
Replay tap positives before filter=2314 after=2314
Current items collected: 680
Replay tap P3: count=650 mean_norm=23.8038 max_norm=43.7060
Replay tap P4: count=30 mean_norm=8.6345 max_norm=17.8047
Replay tap positives before filter=5079 after=5079
Current items collected: 890
Replay tap P3: count=814 mean_norm=21.1817 max_norm=41.7027
Replay tap P4: count=76 mean_norm=7.2776 max_norm=11.4028
Replay tap positives before filter=1577 after=1577
Current items collected: 237
Replay tap P3: count=209 mean_norm=13.9080 max_norm=38.2938
Replay tap P4: count=28 mean_norm=7.0834 max_norm=8.2077
Replay tap positives before filter=1399 after=1399
Current items collected: 248
Replay tap P3: count=241 mean_norm=19.3683 max_norm=43.3633
Replay tap P4: count=7 mean_norm=6.4938 max_norm=8.8423
Replay tap positives before filter=3621 after=3621
Current items collected: 793
Replay tap P3: count=775 mean_norm=22.4581 max_norm=47.3714
Replay tap P4: count=18 mean_norm=6.8599 max_norm=8.9395
Replay tap positives before filter=1518 after=1518
Current items collected: 150
Replay tap P3: count=141 mean_norm=17.8343 max_norm=48.1792
Replay tap P4: count=9 mean_norm=7.5865 max_norm=9.7354
Replay tap positives before filter=1874 after=1874
Current items collected: 582
Replay tap P3: count=530 mean_norm=25.5310 max_norm=45.3067
Replay tap P4: count=52 mean_norm=12.6116 max_norm=26.5588
Replay tap positives before filter=1009 after=1009
Current items collected: 409
Replay tap P3: count=400 mean_norm=24.6038 max_norm=46.0275
Replay tap P4: count=9 mean_norm=7.8877 max_norm=9.0497
Replay tap positives before filter=1497 after=1497
Current items collected: 410
Replay tap P3: count=394 mean_norm=24.1559 max_norm=50.6834
Replay tap P4: count=16 mean_norm=23.2273 max_norm=41.6250
Replay tap positives before filter=2471 after=2471
Current items collected: 646
Replay tap P3: count=587 mean_norm=25.3144 max_norm=48.4027
Replay tap P4: count=59 mean_norm=5.4799 max_norm=7.9126
Replay tap positives before filter=1217 after=1217
Current items collected: 126
Replay tap P3: count=110 mean_norm=19.5191 max_norm=38.2320
Replay tap P4: count=16 mean_norm=7.2743 max_norm=9.1717
Replay tap positives before filter=1582 after=1582
Current items collected: 311
Replay tap P3: count=291 mean_norm=22.1874 max_norm=50.7025
Replay tap P4: count=20 mean_norm=6.6836 max_norm=13.0898
Replay tap positives before filter=2033 after=2023
Current items collected: 275
Replay tap P3: count=263 mean_norm=25.3032 max_norm=49.2121
Replay tap P4: count=12 mean_norm=7.2121 max_norm=9.0421
Replay tap positives before filter=1572 after=1572
Current items collected: 279
Replay tap P3: count=267 mean_norm=24.5276 max_norm=44.1294
Replay tap P4: count=12 mean_norm=6.0580 max_norm=7.3902
Replay tap positives before filter=1729 after=1729
Current items collected: 271
Replay tap P3: count=248 mean_norm=18.2372 max_norm=37.1170
Replay tap P4: count=23 mean_norm=6.5113 max_norm=8.7187
Replay tap positives before filter=1291 after=1291
Current items collected: 463
Replay tap P3: count=440 mean_norm=23.7648 max_norm=44.6564
Replay tap P4: count=23 mean_norm=6.9604 max_norm=9.6060
Replay tap positives before filter=2218 after=2218
Current items collected: 540
Replay tap P3: count=524 mean_norm=21.9996 max_norm=43.8306
Replay tap P4: count=16 mean_norm=16.7822 max_norm=34.2144
Replay tap positives before filter=1996 after=1996
Current items collected: 386
Replay tap P3: count=359 mean_norm=18.4197 max_norm=45.7837
Replay tap P4: count=27 mean_norm=14.8475 max_norm=33.5881
Replay tap positives before filter=2831 after=2831
Current items collected: 400
Replay tap P3: count=352 mean_norm=16.8582 max_norm=47.1521
Replay tap P4: count=48 mean_norm=6.5541 max_norm=9.0514
Replay tap positives before filter=1570 after=1570
Current items collected: 349
Replay tap P3: count=342 mean_norm=26.5079 max_norm=46.9018
Replay tap P4: count=7 mean_norm=7.6178 max_norm=8.7998
Replay tap positives before filter=1625 after=1615
Current items collected: 418
Replay tap P3: count=414 mean_norm=22.9673 max_norm=50.1742
Replay tap P4: count=4 mean_norm=5.8394 max_norm=6.7091
Replay tap positives before filter=1680 after=1680
Current items collected: 305
Replay tap P3: count=271 mean_norm=18.1134 max_norm=51.3183
Replay tap P4: count=34 mean_norm=7.2986 max_norm=9.8312
Replay tap positives before filter=1429 after=1429
Current items collected: 372
Replay tap P3: count=328 mean_norm=18.6858 max_norm=39.5270
Replay tap P4: count=44 mean_norm=14.3266 max_norm=26.8032
Replay tap positives before filter=1924 after=1924
Current items collected: 583
Replay tap P3: count=568 mean_norm=24.5588 max_norm=42.4431
Replay tap P4: count=15 mean_norm=6.3032 max_norm=8.2075
Replay tap positives before filter=2781 after=2781
Current items collected: 798
Replay tap P3: count=781 mean_norm=20.9104 max_norm=45.4163
Replay tap P4: count=17 mean_norm=6.6177 max_norm=7.6088
Replay tap positives before filter=3479 after=3479
Current items collected: 283
Replay tap P3: count=274 mean_norm=19.0728 max_norm=48.2873
Replay tap P4: count=9 mean_norm=7.8833 max_norm=8.9912
Replay tap positives before filter=2405 after=2405
Current items collected: 443
Replay tap P3: count=396 mean_norm=21.3848 max_norm=44.9479
Replay tap P4: count=47 mean_norm=6.8199 max_norm=10.2001
Replay tap positives before filter=1568 after=1568
Current items collected: 316
Replay tap P3: count=310 mean_norm=23.7838 max_norm=45.1027
Replay tap P4: count=6 mean_norm=7.6925 max_norm=8.8858
Replay tap positives before filter=1498 after=1498
Current items collected: 245
Replay tap P3: count=213 mean_norm=18.4752 max_norm=35.1291
Replay tap P4: count=32 mean_norm=7.0300 max_norm=18.2252
Replay tap positives before filter=1278 after=1278
Current items collected: 157
Replay tap P3: count=151 mean_norm=16.6678 max_norm=34.6774
Replay tap P4: count=6 mean_norm=7.4589 max_norm=9.9467
                   all        367       9837      0.124     0.0903     0.0777     0.0479
Replay buffer size after epoch 5: 1280 embeddings across 10 classes.
Saved 1280 replay embeddings to /home/ddwilde/scriptie/runs/dota_saab/stage2-saab5/replay/buffer.pt

5 epochs completed in 0.107 hours.
Optimizer stripped from /home/ddwilde/scriptie/runs/dota_saab/stage2-saab5/weights/last.pt, 19.5MB
Optimizer stripped from /home/ddwilde/scriptie/runs/dota_saab/stage2-saab5/weights/best.pt, 19.5MB

Validating /home/ddwilde/scriptie/runs/dota_saab/stage2-saab5/weights/best.pt...
EDNet 1.0 ✅ Python-3.10.4 ✅ torch-2.8.0+cu128 ✅CUDA:0 (NVIDIA A100-SXM4-40GB, 40441MiB)
Skipping layer fusion for LoRA-enabled model during weight loading.
                   all        367       9837      0.108      0.113     0.0884     0.0525
      baseball-diamond         46        185          0          0          0          0
          tennis-court         75        639      0.167      0.692      0.354      0.236
      basketball-court         28        110          0          0          0          0
    ground-track-field         58        119          0          0          0          0
         large-vehicle         83       3527      0.638      0.324      0.426       0.24
         small-vehicle         99       4549      0.272      0.113      0.103     0.0491
            helicopter          7         42          0          0   0.000681   6.81e-05
            roundabout         49        142          0          0          0          0
     soccer-ball-field         52        127          0          0          0          0
         swimming-pool         34        397          0          0          0          0
Speed: 0.1ms preprocess, 3.9ms inference, 0.0ms loss, 0.2ms postprocess per image
Results saved to [1m/home/ddwilde/scriptie/runs/dota_saab/stage2-saab5[0m
Training finished. Results saved in: /home/ddwilde/scriptie/runs/dota_saab/stage2-saab5
EDNet 1.0 ✅ Python-3.10.4 ✅ torch-2.8.0+cu128 ✅CUDA:0 (NVIDIA A100-SXM4-40GB, 40441MiB)
[34m[1mengine/trainer: [0mtask=detect, mode=train, model=/home/ddwilde/scriptie/runs/dota_saab/stage2-saab5/weights/best.pt, data=/home/ddwilde/scriptie/yaml/DOTA-stage3.yaml, epochs=5, time=None, patience=100, batch=8, imgsz=640, save=True, save_period=-1, cache=False, device=None, workers=8, project=/home/ddwilde/scriptie/runs/dota_saab, name=stage3-saab5, exist_ok=False, pretrained=True, optimizer=auto, verbose=True, seed=0, deterministic=True, single_cls=False, rect=False, cos_lr=False, close_mosaic=10, resume=False, amp=True, fraction=1.0, profile=False, freeze=None, multi_scale=False, lora={'enable': True, 'freeze_backbone': True}, continual={'enable': False, 'batches': [], 'adapter_strategy': 'last', 'save_history': True}, replay={'enable': True, 'buffer_per_class': 128, 'sample_per_batch': 32, 'loss_weight': 1.0, 'init_buffer': '/home/ddwilde/scriptie/runs/dota_saab/stage2-saab5/replay/buffer.pt', 'memory_dir': '/home/ddwilde/scriptie/datasets/memory/stage3', 'memory_ratio': 0.5, 'tiny_max_pixels': 320, 'debug': True}, overlap_mask=True, mask_ratio=4, dropout=0.0, val=True, split=val, save_json=False, save_hybrid=False, conf=None, iou=0.7, max_det=300, half=False, dnn=False, plots=True, source=None, vid_stride=1, stream_buffer=False, visualize=False, augment=False, agnostic_nms=False, classes=None, retina_masks=False, embed=None, show=False, save_frames=False, save_txt=False, save_conf=False, save_crop=False, show_labels=True, show_conf=True, show_boxes=True, line_width=None, format=torchscript, keras=False, optimize=False, int8=False, dynamic=False, simplify=False, opset=None, workspace=4, nms=False, lr0=0.01, lrf=0.01, momentum=0.937, weight_decay=0.0005, warmup_epochs=3.0, warmup_momentum=0.8, warmup_bias_lr=0.1, box=7.5, cls=0.5, dfl=1.5, pose=12.0, kobj=1.0, label_smoothing=0.0, nbs=64, hsv_h=0.015, hsv_s=0.7, hsv_v=0.4, degrees=0.0, translate=0.1, scale=0.5, shear=0.0, perspective=0.0, flipud=0.0, fliplr=0.5, bgr=0.0, mosaic=1.0, mixup=0.0, copy_paste=0.0, auto_augment=randaugment, erasing=0.4, crop_fraction=1.0, cfg=None, tracker=botsort.yaml, save_dir=/home/ddwilde/scriptie/runs/dota_saab/stage3-saab5

                   from  n    params  module                                       arguments                     
  0                  -1  1       928  ednet.nn.modules.conv.Conv                   [3, 32, 3, 2]                 
  1                  -1  1     18560  ednet.nn.modules.conv.Conv                   [32, 64, 3, 2]                
  2                  -1  1     29056  ednet.nn.modules.block.C2f                   [64, 64, 1, True]             
  3                  -1  1     73984  ednet.nn.modules.conv.Conv                   [64, 128, 3, 2]               
  4                  -1  2    197632  ednet.nn.modules.block.C2f                   [128, 128, 2, True]           
  5                  -1  1    295424  ednet.nn.modules.conv.Conv                   [128, 256, 3, 2]              
  6                  -1  2    420864  ednet.nn.modules.block.C2f_FCA               [256, 256, 2, True]           
  7                  -1  1   1180672  ednet.nn.modules.conv.Conv                   [256, 512, 3, 2]              
  8                  -1  1   1095680  ednet.nn.modules.block.C2f_FCA               [512, 512, 1, True]           
  9                  -1  1    656896  ednet.nn.modules.block.SPPF                  [512, 512, 5]                 
 10                  -1  1    990976  ednet.nn.modules.block.PSA                   [512, 512]                    
 11                  -1  1         0  torch.nn.modules.upsampling.Upsample         [None, 2, 'nearest']          
 12             [-1, 6]  1         0  ednet.nn.modules.conv.Concat                 [1]                           
 13                  -1  1    591360  ednet.nn.modules.block.C2f                   [768, 256, 1]                 
 14                  -1  1         0  torch.nn.modules.upsampling.Upsample         [None, 2, 'nearest']          
 15             [-1, 4]  1         0  ednet.nn.modules.conv.Concat                 [1]                           
 16                  -1  1    148224  ednet.nn.modules.block.C2f                   [384, 128, 1]                 
 17                  -1  1         0  torch.nn.modules.upsampling.Upsample         [None, 2, 'nearest']          
 18             [-1, 2]  1         0  ednet.nn.modules.conv.Concat                 [1]                           
 19                  -1  1     37248  ednet.nn.modules.block.C2f                   [192, 64, 1]                  
 20                  -1  1     36992  ednet.nn.modules.conv.Conv                   [64, 64, 3, 2]                
 21            [-1, 16]  1         0  ednet.nn.modules.conv.Concat                 [1]                           
 22                  -1  1    123648  ednet.nn.modules.block.C2f                   [192, 128, 1]                 
 23                  -1  1    147712  ednet.nn.modules.conv.Conv                   [128, 128, 3, 2]              
 24            [-1, 13]  1         0  ednet.nn.modules.conv.Concat                 [1]                           
 25                  -1  1    493056  ednet.nn.modules.block.C2f                   [384, 256, 1]                 
 26                  -1  1     68864  ednet.nn.modules.block.SCDown                [256, 256, 3, 2]              
 27             [-1, 9]  1         0  ednet.nn.modules.conv.Concat                 [1]                           
 28                  -1  1   1089536  ednet.nn.modules.block.C2fCIB                [768, 512, 1, True, True]     
 29    [19, 22, 25, 28]  1   1628424  ednet.nn.modules.head.v10Detect              [15, [64, 128, 256, 512]]     
ednet-s summary: 510 layers, 9,325,736 parameters, 9,325,720 gradients

Transferred 725/753 items from pretrained weights
LoRA enabled: 28 adapters (rank=8, alpha=16.0, freeze_backbone=True)
Replay feature tapper initialized for detection head levels: ['P3', 'P4']
[34m[1mTensorBoard: [0mStart with 'tensorboard --logdir /home/ddwilde/scriptie/runs/dota_saab/stage3-saab5', view at http://localhost:6006/
WARNING ⚠️ setting 'requires_grad=True' for frozen layer 'model.0.conv.weight'. See ednet.engine.trainer for customization of frozen layers.
WARNING ⚠️ setting 'requires_grad=True' for frozen layer 'model.0.bn.weight'. See ednet.engine.trainer for customization of frozen layers.
WARNING ⚠️ setting 'requires_grad=True' for frozen layer 'model.0.bn.bias'. See ednet.engine.trainer for customization of frozen layers.
WARNING ⚠️ setting 'requires_grad=True' for frozen layer 'model.1.conv.weight'. See ednet.engine.trainer for customization of frozen layers.
WARNING ⚠️ setting 'requires_grad=True' for frozen layer 'model.1.bn.weight'. See ednet.engine.trainer for customization of frozen layers.
WARNING ⚠️ setting 'requires_grad=True' for frozen layer 'model.1.bn.bias'. See ednet.engine.trainer for customization of frozen layers.
WARNING ⚠️ setting 'requires_grad=True' for frozen layer 'model.2.cv1.conv.weight'. See ednet.engine.trainer for customization of frozen layers.
WARNING ⚠️ setting 'requires_grad=True' for frozen layer 'model.2.cv1.bn.weight'. See ednet.engine.trainer for customization of frozen layers.
WARNING ⚠️ setting 'requires_grad=True' for frozen layer 'model.2.cv1.bn.bias'. See ednet.engine.trainer for customization of frozen layers.
WARNING ⚠️ setting 'requires_grad=True' for frozen layer 'model.2.cv2.conv.weight'. See ednet.engine.trainer for customization of frozen layers.
WARNING ⚠️ setting 'requires_grad=True' for frozen layer 'model.2.cv2.bn.weight'. See ednet.engine.trainer for customization of frozen layers.
WARNING ⚠️ setting 'requires_grad=True' for frozen layer 'model.2.cv2.bn.bias'. See ednet.engine.trainer for customization of frozen layers.
WARNING ⚠️ setting 'requires_grad=True' for frozen layer 'model.2.m.0.cv1.conv.weight'. See ednet.engine.trainer for customization of frozen layers.
WARNING ⚠️ setting 'requires_grad=True' for frozen layer 'model.2.m.0.cv1.bn.weight'. See ednet.engine.trainer for customization of frozen layers.
WARNING ⚠️ setting 'requires_grad=True' for frozen layer 'model.2.m.0.cv1.bn.bias'. See ednet.engine.trainer for customization of frozen layers.
WARNING ⚠️ setting 'requires_grad=True' for frozen layer 'model.2.m.0.cv2.conv.weight'. See ednet.engine.trainer for customization of frozen layers.
WARNING ⚠️ setting 'requires_grad=True' for frozen layer 'model.2.m.0.cv2.bn.weight'. See ednet.engine.trainer for customization of frozen layers.
WARNING ⚠️ setting 'requires_grad=True' for frozen layer 'model.2.m.0.cv2.bn.bias'. See ednet.engine.trainer for customization of frozen layers.
WARNING ⚠️ setting 'requires_grad=True' for frozen layer 'model.3.conv.weight'. See ednet.engine.trainer for customization of frozen layers.
WARNING ⚠️ setting 'requires_grad=True' for frozen layer 'model.3.bn.weight'. See ednet.engine.trainer for customization of frozen layers.
WARNING ⚠️ setting 'requires_grad=True' for frozen layer 'model.3.bn.bias'. See ednet.engine.trainer for customization of frozen layers.
WARNING ⚠️ setting 'requires_grad=True' for frozen layer 'model.4.cv1.conv.weight'. See ednet.engine.trainer for customization of frozen layers.
WARNING ⚠️ setting 'requires_grad=True' for frozen layer 'model.4.cv1.bn.weight'. See ednet.engine.trainer for customization of frozen layers.
WARNING ⚠️ setting 'requires_grad=True' for frozen layer 'model.4.cv1.bn.bias'. See ednet.engine.trainer for customization of frozen layers.
WARNING ⚠️ setting 'requires_grad=True' for frozen layer 'model.4.cv2.conv.weight'. See ednet.engine.trainer for customization of frozen layers.
WARNING ⚠️ setting 'requires_grad=True' for frozen layer 'model.4.cv2.bn.weight'. See ednet.engine.trainer for customization of frozen layers.
WARNING ⚠️ setting 'requires_grad=True' for frozen layer 'model.4.cv2.bn.bias'. See ednet.engine.trainer for customization of frozen layers.
WARNING ⚠️ setting 'requires_grad=True' for frozen layer 'model.4.m.0.cv1.conv.weight'. See ednet.engine.trainer for customization of frozen layers.
WARNING ⚠️ setting 'requires_grad=True' for frozen layer 'model.4.m.0.cv1.bn.weight'. See ednet.engine.trainer for customization of frozen layers.
WARNING ⚠️ setting 'requires_grad=True' for frozen layer 'model.4.m.0.cv1.bn.bias'. See ednet.engine.trainer for customization of frozen layers.
WARNING ⚠️ setting 'requires_grad=True' for frozen layer 'model.4.m.0.cv2.conv.weight'. See ednet.engine.trainer for customization of frozen layers.
WARNING ⚠️ setting 'requires_grad=True' for frozen layer 'model.4.m.0.cv2.bn.weight'. See ednet.engine.trainer for customization of frozen layers.
WARNING ⚠️ setting 'requires_grad=True' for frozen layer 'model.4.m.0.cv2.bn.bias'. See ednet.engine.trainer for customization of frozen layers.
WARNING ⚠️ setting 'requires_grad=True' for frozen layer 'model.4.m.1.cv1.conv.weight'. See ednet.engine.trainer for customization of frozen layers.
WARNING ⚠️ setting 'requires_grad=True' for frozen layer 'model.4.m.1.cv1.bn.weight'. See ednet.engine.trainer for customization of frozen layers.
WARNING ⚠️ setting 'requires_grad=True' for frozen layer 'model.4.m.1.cv1.bn.bias'. See ednet.engine.trainer for customization of frozen layers.
WARNING ⚠️ setting 'requires_grad=True' for frozen layer 'model.4.m.1.cv2.conv.weight'. See ednet.engine.trainer for customization of frozen layers.
WARNING ⚠️ setting 'requires_grad=True' for frozen layer 'model.4.m.1.cv2.bn.weight'. See ednet.engine.trainer for customization of frozen layers.
WARNING ⚠️ setting 'requires_grad=True' for frozen layer 'model.4.m.1.cv2.bn.bias'. See ednet.engine.trainer for customization of frozen layers.
WARNING ⚠️ setting 'requires_grad=True' for frozen layer 'model.5.conv.weight'. See ednet.engine.trainer for customization of frozen layers.
WARNING ⚠️ setting 'requires_grad=True' for frozen layer 'model.5.bn.weight'. See ednet.engine.trainer for customization of frozen layers.
WARNING ⚠️ setting 'requires_grad=True' for frozen layer 'model.5.bn.bias'. See ednet.engine.trainer for customization of frozen layers.
WARNING ⚠️ setting 'requires_grad=True' for frozen layer 'model.6.cv1.conv.weight'. See ednet.engine.trainer for customization of frozen layers.
WARNING ⚠️ setting 'requires_grad=True' for frozen layer 'model.6.cv1.bn.weight'. See ednet.engine.trainer for customization of frozen layers.
WARNING ⚠️ setting 'requires_grad=True' for frozen layer 'model.6.cv1.bn.bias'. See ednet.engine.trainer for customization of frozen layers.
WARNING ⚠️ setting 'requires_grad=True' for frozen layer 'model.6.cv2.conv.weight'. See ednet.engine.trainer for customization of frozen layers.
WARNING ⚠️ setting 'requires_grad=True' for frozen layer 'model.6.cv2.bn.weight'. See ednet.engine.trainer for customization of frozen layers.
WARNING ⚠️ setting 'requires_grad=True' for frozen layer 'model.6.cv2.bn.bias'. See ednet.engine.trainer for customization of frozen layers.
WARNING ⚠️ setting 'requires_grad=True' for frozen layer 'model.6.m.0.mlp.0.conv.weight'. See ednet.engine.trainer for customization of frozen layers.
WARNING ⚠️ setting 'requires_grad=True' for frozen layer 'model.6.m.0.mlp.0.bn.weight'. See ednet.engine.trainer for customization of frozen layers.
WARNING ⚠️ setting 'requires_grad=True' for frozen layer 'model.6.m.0.mlp.0.bn.bias'. See ednet.engine.trainer for customization of frozen layers.
WARNING ⚠️ setting 'requires_grad=True' for frozen layer 'model.6.m.0.mlp.1.weight'. See ednet.engine.trainer for customization of frozen layers.
WARNING ⚠️ setting 'requires_grad=True' for frozen layer 'model.6.m.0.spatial_mixing.PConv3.weight'. See ednet.engine.trainer for customization of frozen layers.
WARNING ⚠️ setting 'requires_grad=True' for frozen layer 'model.6.m.0.attention.conv1.conv.weight'. See ednet.engine.trainer for customization of frozen layers.
WARNING ⚠️ setting 'requires_grad=True' for frozen layer 'model.6.m.0.attention.conv1.bn.weight'. See ednet.engine.trainer for customization of frozen layers.
WARNING ⚠️ setting 'requires_grad=True' for frozen layer 'model.6.m.0.attention.conv1.bn.bias'. See ednet.engine.trainer for customization of frozen layers.
WARNING ⚠️ setting 'requires_grad=True' for frozen layer 'model.6.m.0.attention.h_conv.conv.weight'. See ednet.engine.trainer for customization of frozen layers.
WARNING ⚠️ setting 'requires_grad=True' for frozen layer 'model.6.m.0.attention.h_conv.conv.bias'. See ednet.engine.trainer for customization of frozen layers.
WARNING ⚠️ setting 'requires_grad=True' for frozen layer 'model.6.m.0.attention.v_conv.conv.weight'. See ednet.engine.trainer for customization of frozen layers.
WARNING ⚠️ setting 'requires_grad=True' for frozen layer 'model.6.m.0.attention.v_conv.conv.bias'. See ednet.engine.trainer for customization of frozen layers.
WARNING ⚠️ setting 'requires_grad=True' for frozen layer 'model.6.m.0.attention.conv2.conv.weight'. See ednet.engine.trainer for customization of frozen layers.
WARNING ⚠️ setting 'requires_grad=True' for frozen layer 'model.6.m.0.attention.conv2.bn.weight'. See ednet.engine.trainer for customization of frozen layers.
WARNING ⚠️ setting 'requires_grad=True' for frozen layer 'model.6.m.0.attention.conv2.bn.bias'. See ednet.engine.trainer for customization of frozen layers.
WARNING ⚠️ setting 'requires_grad=True' for frozen layer 'model.6.m.1.mlp.0.conv.weight'. See ednet.engine.trainer for customization of frozen layers.
WARNING ⚠️ setting 'requires_grad=True' for frozen layer 'model.6.m.1.mlp.0.bn.weight'. See ednet.engine.trainer for customization of frozen layers.
WARNING ⚠️ setting 'requires_grad=True' for frozen layer 'model.6.m.1.mlp.0.bn.bias'. See ednet.engine.trainer for customization of frozen layers.
WARNING ⚠️ setting 'requires_grad=True' for frozen layer 'model.6.m.1.mlp.1.weight'. See ednet.engine.trainer for customization of frozen layers.
WARNING ⚠️ setting 'requires_grad=True' for frozen layer 'model.6.m.1.spatial_mixing.PConv3.weight'. See ednet.engine.trainer for customization of frozen layers.
WARNING ⚠️ setting 'requires_grad=True' for frozen layer 'model.6.m.1.attention.conv1.conv.weight'. See ednet.engine.trainer for customization of frozen layers.
WARNING ⚠️ setting 'requires_grad=True' for frozen layer 'model.6.m.1.attention.conv1.bn.weight'. See ednet.engine.trainer for customization of frozen layers.
WARNING ⚠️ setting 'requires_grad=True' for frozen layer 'model.6.m.1.attention.conv1.bn.bias'. See ednet.engine.trainer for customization of frozen layers.
WARNING ⚠️ setting 'requires_grad=True' for frozen layer 'model.6.m.1.attention.h_conv.conv.weight'. See ednet.engine.trainer for customization of frozen layers.
WARNING ⚠️ setting 'requires_grad=True' for frozen layer 'model.6.m.1.attention.h_conv.conv.bias'. See ednet.engine.trainer for customization of frozen layers.
WARNING ⚠️ setting 'requires_grad=True' for frozen layer 'model.6.m.1.attention.v_conv.conv.weight'. See ednet.engine.trainer for customization of frozen layers.
WARNING ⚠️ setting 'requires_grad=True' for frozen layer 'model.6.m.1.attention.v_conv.conv.bias'. See ednet.engine.trainer for customization of frozen layers.
WARNING ⚠️ setting 'requires_grad=True' for frozen layer 'model.6.m.1.attention.conv2.conv.weight'. See ednet.engine.trainer for customization of frozen layers.
WARNING ⚠️ setting 'requires_grad=True' for frozen layer 'model.6.m.1.attention.conv2.bn.weight'. See ednet.engine.trainer for customization of frozen layers.
WARNING ⚠️ setting 'requires_grad=True' for frozen layer 'model.6.m.1.attention.conv2.bn.bias'. See ednet.engine.trainer for customization of frozen layers.
WARNING ⚠️ setting 'requires_grad=True' for frozen layer 'model.7.conv.weight'. See ednet.engine.trainer for customization of frozen layers.
WARNING ⚠️ setting 'requires_grad=True' for frozen layer 'model.7.bn.weight'. See ednet.engine.trainer for customization of frozen layers.
WARNING ⚠️ setting 'requires_grad=True' for frozen layer 'model.7.bn.bias'. See ednet.engine.trainer for customization of frozen layers.
WARNING ⚠️ setting 'requires_grad=True' for frozen layer 'model.8.cv1.conv.weight'. See ednet.engine.trainer for customization of frozen layers.
WARNING ⚠️ setting 'requires_grad=True' for frozen layer 'model.8.cv1.bn.weight'. See ednet.engine.trainer for customization of frozen layers.
WARNING ⚠️ setting 'requires_grad=True' for frozen layer 'model.8.cv1.bn.bias'. See ednet.engine.trainer for customization of frozen layers.
WARNING ⚠️ setting 'requires_grad=True' for frozen layer 'model.8.cv2.conv.weight'. See ednet.engine.trainer for customization of frozen layers.
WARNING ⚠️ setting 'requires_grad=True' for frozen layer 'model.8.cv2.bn.weight'. See ednet.engine.trainer for customization of frozen layers.
WARNING ⚠️ setting 'requires_grad=True' for frozen layer 'model.8.cv2.bn.bias'. See ednet.engine.trainer for customization of frozen layers.
WARNING ⚠️ setting 'requires_grad=True' for frozen layer 'model.8.m.0.mlp.0.conv.weight'. See ednet.engine.trainer for customization of frozen layers.
WARNING ⚠️ setting 'requires_grad=True' for frozen layer 'model.8.m.0.mlp.0.bn.weight'. See ednet.engine.trainer for customization of frozen layers.
WARNING ⚠️ setting 'requires_grad=True' for frozen layer 'model.8.m.0.mlp.0.bn.bias'. See ednet.engine.trainer for customization of frozen layers.
WARNING ⚠️ setting 'requires_grad=True' for frozen layer 'model.8.m.0.mlp.1.weight'. See ednet.engine.trainer for customization of frozen layers.
WARNING ⚠️ setting 'requires_grad=True' for frozen layer 'model.8.m.0.spatial_mixing.PConv3.weight'. See ednet.engine.trainer for customization of frozen layers.
WARNING ⚠️ setting 'requires_grad=True' for frozen layer 'model.8.m.0.attention.conv1.conv.weight'. See ednet.engine.trainer for customization of frozen layers.
WARNING ⚠️ setting 'requires_grad=True' for frozen layer 'model.8.m.0.attention.conv1.bn.weight'. See ednet.engine.trainer for customization of frozen layers.
WARNING ⚠️ setting 'requires_grad=True' for frozen layer 'model.8.m.0.attention.conv1.bn.bias'. See ednet.engine.trainer for customization of frozen layers.
WARNING ⚠️ setting 'requires_grad=True' for frozen layer 'model.8.m.0.attention.h_conv.conv.weight'. See ednet.engine.trainer for customization of frozen layers.
WARNING ⚠️ setting 'requires_grad=True' for frozen layer 'model.8.m.0.attention.h_conv.conv.bias'. See ednet.engine.trainer for customization of frozen layers.
WARNING ⚠️ setting 'requires_grad=True' for frozen layer 'model.8.m.0.attention.v_conv.conv.weight'. See ednet.engine.trainer for customization of frozen layers.
WARNING ⚠️ setting 'requires_grad=True' for frozen layer 'model.8.m.0.attention.v_conv.conv.bias'. See ednet.engine.trainer for customization of frozen layers.
WARNING ⚠️ setting 'requires_grad=True' for frozen layer 'model.8.m.0.attention.conv2.conv.weight'. See ednet.engine.trainer for customization of frozen layers.
WARNING ⚠️ setting 'requires_grad=True' for frozen layer 'model.8.m.0.attention.conv2.bn.weight'. See ednet.engine.trainer for customization of frozen layers.
WARNING ⚠️ setting 'requires_grad=True' for frozen layer 'model.8.m.0.attention.conv2.bn.bias'. See ednet.engine.trainer for customization of frozen layers.
WARNING ⚠️ setting 'requires_grad=True' for frozen layer 'model.9.cv1.conv.weight'. See ednet.engine.trainer for customization of frozen layers.
WARNING ⚠️ setting 'requires_grad=True' for frozen layer 'model.9.cv1.bn.weight'. See ednet.engine.trainer for customization of frozen layers.
WARNING ⚠️ setting 'requires_grad=True' for frozen layer 'model.9.cv1.bn.bias'. See ednet.engine.trainer for customization of frozen layers.
WARNING ⚠️ setting 'requires_grad=True' for frozen layer 'model.9.cv2.conv.weight'. See ednet.engine.trainer for customization of frozen layers.
WARNING ⚠️ setting 'requires_grad=True' for frozen layer 'model.9.cv2.bn.weight'. See ednet.engine.trainer for customization of frozen layers.
WARNING ⚠️ setting 'requires_grad=True' for frozen layer 'model.9.cv2.bn.bias'. See ednet.engine.trainer for customization of frozen layers.
WARNING ⚠️ setting 'requires_grad=True' for frozen layer 'model.10.cv1.conv.weight'. See ednet.engine.trainer for customization of frozen layers.
WARNING ⚠️ setting 'requires_grad=True' for frozen layer 'model.10.cv1.bn.weight'. See ednet.engine.trainer for customization of frozen layers.
WARNING ⚠️ setting 'requires_grad=True' for frozen layer 'model.10.cv1.bn.bias'. See ednet.engine.trainer for customization of frozen layers.
WARNING ⚠️ setting 'requires_grad=True' for frozen layer 'model.10.cv2.conv.weight'. See ednet.engine.trainer for customization of frozen layers.
WARNING ⚠️ setting 'requires_grad=True' for frozen layer 'model.10.cv2.bn.weight'. See ednet.engine.trainer for customization of frozen layers.
WARNING ⚠️ setting 'requires_grad=True' for frozen layer 'model.10.cv2.bn.bias'. See ednet.engine.trainer for customization of frozen layers.
WARNING ⚠️ setting 'requires_grad=True' for frozen layer 'model.10.attn.qkv.conv.weight'. See ednet.engine.trainer for customization of frozen layers.
WARNING ⚠️ setting 'requires_grad=True' for frozen layer 'model.10.attn.qkv.bn.weight'. See ednet.engine.trainer for customization of frozen layers.
WARNING ⚠️ setting 'requires_grad=True' for frozen layer 'model.10.attn.qkv.bn.bias'. See ednet.engine.trainer for customization of frozen layers.
WARNING ⚠️ setting 'requires_grad=True' for frozen layer 'model.10.attn.proj.conv.weight'. See ednet.engine.trainer for customization of frozen layers.
WARNING ⚠️ setting 'requires_grad=True' for frozen layer 'model.10.attn.proj.bn.weight'. See ednet.engine.trainer for customization of frozen layers.
WARNING ⚠️ setting 'requires_grad=True' for frozen layer 'model.10.attn.proj.bn.bias'. See ednet.engine.trainer for customization of frozen layers.
WARNING ⚠️ setting 'requires_grad=True' for frozen layer 'model.10.attn.pe.conv.weight'. See ednet.engine.trainer for customization of frozen layers.
WARNING ⚠️ setting 'requires_grad=True' for frozen layer 'model.10.attn.pe.bn.weight'. See ednet.engine.trainer for customization of frozen layers.
WARNING ⚠️ setting 'requires_grad=True' for frozen layer 'model.10.attn.pe.bn.bias'. See ednet.engine.trainer for customization of frozen layers.
WARNING ⚠️ setting 'requires_grad=True' for frozen layer 'model.10.ffn.0.conv.weight'. See ednet.engine.trainer for customization of frozen layers.
WARNING ⚠️ setting 'requires_grad=True' for frozen layer 'model.10.ffn.0.bn.weight'. See ednet.engine.trainer for customization of frozen layers.
WARNING ⚠️ setting 'requires_grad=True' for frozen layer 'model.10.ffn.0.bn.bias'. See ednet.engine.trainer for customization of frozen layers.
WARNING ⚠️ setting 'requires_grad=True' for frozen layer 'model.10.ffn.1.conv.weight'. See ednet.engine.trainer for customization of frozen layers.
WARNING ⚠️ setting 'requires_grad=True' for frozen layer 'model.10.ffn.1.bn.weight'. See ednet.engine.trainer for customization of frozen layers.
WARNING ⚠️ setting 'requires_grad=True' for frozen layer 'model.10.ffn.1.bn.bias'. See ednet.engine.trainer for customization of frozen layers.
WARNING ⚠️ setting 'requires_grad=True' for frozen layer 'model.13.cv1.conv.weight'. See ednet.engine.trainer for customization of frozen layers.
WARNING ⚠️ setting 'requires_grad=True' for frozen layer 'model.13.cv1.bn.weight'. See ednet.engine.trainer for customization of frozen layers.
WARNING ⚠️ setting 'requires_grad=True' for frozen layer 'model.13.cv1.bn.bias'. See ednet.engine.trainer for customization of frozen layers.
WARNING ⚠️ setting 'requires_grad=True' for frozen layer 'model.13.cv2.conv.weight'. See ednet.engine.trainer for customization of frozen layers.
WARNING ⚠️ setting 'requires_grad=True' for frozen layer 'model.13.cv2.bn.weight'. See ednet.engine.trainer for customization of frozen layers.
WARNING ⚠️ setting 'requires_grad=True' for frozen layer 'model.13.cv2.bn.bias'. See ednet.engine.trainer for customization of frozen layers.
WARNING ⚠️ setting 'requires_grad=True' for frozen layer 'model.13.m.0.cv1.conv.weight'. See ednet.engine.trainer for customization of frozen layers.
WARNING ⚠️ setting 'requires_grad=True' for frozen layer 'model.13.m.0.cv1.bn.weight'. See ednet.engine.trainer for customization of frozen layers.
WARNING ⚠️ setting 'requires_grad=True' for frozen layer 'model.13.m.0.cv1.bn.bias'. See ednet.engine.trainer for customization of frozen layers.
WARNING ⚠️ setting 'requires_grad=True' for frozen layer 'model.13.m.0.cv2.conv.weight'. See ednet.engine.trainer for customization of frozen layers.
WARNING ⚠️ setting 'requires_grad=True' for frozen layer 'model.13.m.0.cv2.bn.weight'. See ednet.engine.trainer for customization of frozen layers.
WARNING ⚠️ setting 'requires_grad=True' for frozen layer 'model.13.m.0.cv2.bn.bias'. See ednet.engine.trainer for customization of frozen layers.
WARNING ⚠️ setting 'requires_grad=True' for frozen layer 'model.16.cv1.conv.base.weight'. See ednet.engine.trainer for customization of frozen layers.
WARNING ⚠️ setting 'requires_grad=True' for frozen layer 'model.16.cv1.bn.weight'. See ednet.engine.trainer for customization of frozen layers.
WARNING ⚠️ setting 'requires_grad=True' for frozen layer 'model.16.cv1.bn.bias'. See ednet.engine.trainer for customization of frozen layers.
WARNING ⚠️ setting 'requires_grad=True' for frozen layer 'model.16.cv2.conv.base.weight'. See ednet.engine.trainer for customization of frozen layers.
WARNING ⚠️ setting 'requires_grad=True' for frozen layer 'model.16.cv2.bn.weight'. See ednet.engine.trainer for customization of frozen layers.
WARNING ⚠️ setting 'requires_grad=True' for frozen layer 'model.16.cv2.bn.bias'. See ednet.engine.trainer for customization of frozen layers.
WARNING ⚠️ setting 'requires_grad=True' for frozen layer 'model.16.m.0.cv1.conv.base.weight'. See ednet.engine.trainer for customization of frozen layers.
WARNING ⚠️ setting 'requires_grad=True' for frozen layer 'model.16.m.0.cv1.bn.weight'. See ednet.engine.trainer for customization of frozen layers.
WARNING ⚠️ setting 'requires_grad=True' for frozen layer 'model.16.m.0.cv1.bn.bias'. See ednet.engine.trainer for customization of frozen layers.
WARNING ⚠️ setting 'requires_grad=True' for frozen layer 'model.16.m.0.cv2.conv.base.weight'. See ednet.engine.trainer for customization of frozen layers.
WARNING ⚠️ setting 'requires_grad=True' for frozen layer 'model.16.m.0.cv2.bn.weight'. See ednet.engine.trainer for customization of frozen layers.
WARNING ⚠️ setting 'requires_grad=True' for frozen layer 'model.16.m.0.cv2.bn.bias'. See ednet.engine.trainer for customization of frozen layers.
WARNING ⚠️ setting 'requires_grad=True' for frozen layer 'model.19.cv1.conv.weight'. See ednet.engine.trainer for customization of frozen layers.
WARNING ⚠️ setting 'requires_grad=True' for frozen layer 'model.19.cv1.bn.weight'. See ednet.engine.trainer for customization of frozen layers.
WARNING ⚠️ setting 'requires_grad=True' for frozen layer 'model.19.cv1.bn.bias'. See ednet.engine.trainer for customization of frozen layers.
WARNING ⚠️ setting 'requires_grad=True' for frozen layer 'model.19.cv2.conv.weight'. See ednet.engine.trainer for customization of frozen layers.
WARNING ⚠️ setting 'requires_grad=True' for frozen layer 'model.19.cv2.bn.weight'. See ednet.engine.trainer for customization of frozen layers.
WARNING ⚠️ setting 'requires_grad=True' for frozen layer 'model.19.cv2.bn.bias'. See ednet.engine.trainer for customization of frozen layers.
WARNING ⚠️ setting 'requires_grad=True' for frozen layer 'model.19.m.0.cv1.conv.weight'. See ednet.engine.trainer for customization of frozen layers.
WARNING ⚠️ setting 'requires_grad=True' for frozen layer 'model.19.m.0.cv1.bn.weight'. See ednet.engine.trainer for customization of frozen layers.
WARNING ⚠️ setting 'requires_grad=True' for frozen layer 'model.19.m.0.cv1.bn.bias'. See ednet.engine.trainer for customization of frozen layers.
WARNING ⚠️ setting 'requires_grad=True' for frozen layer 'model.19.m.0.cv2.conv.weight'. See ednet.engine.trainer for customization of frozen layers.
WARNING ⚠️ setting 'requires_grad=True' for frozen layer 'model.19.m.0.cv2.bn.weight'. See ednet.engine.trainer for customization of frozen layers.
WARNING ⚠️ setting 'requires_grad=True' for frozen layer 'model.19.m.0.cv2.bn.bias'. See ednet.engine.trainer for customization of frozen layers.
WARNING ⚠️ setting 'requires_grad=True' for frozen layer 'model.20.conv.weight'. See ednet.engine.trainer for customization of frozen layers.
WARNING ⚠️ setting 'requires_grad=True' for frozen layer 'model.20.bn.weight'. See ednet.engine.trainer for customization of frozen layers.
WARNING ⚠️ setting 'requires_grad=True' for frozen layer 'model.20.bn.bias'. See ednet.engine.trainer for customization of frozen layers.
WARNING ⚠️ setting 'requires_grad=True' for frozen layer 'model.22.cv1.conv.base.weight'. See ednet.engine.trainer for customization of frozen layers.
WARNING ⚠️ setting 'requires_grad=True' for frozen layer 'model.22.cv1.bn.weight'. See ednet.engine.trainer for customization of frozen layers.
WARNING ⚠️ setting 'requires_grad=True' for frozen layer 'model.22.cv1.bn.bias'. See ednet.engine.trainer for customization of frozen layers.
WARNING ⚠️ setting 'requires_grad=True' for frozen layer 'model.22.cv2.conv.base.weight'. See ednet.engine.trainer for customization of frozen layers.
WARNING ⚠️ setting 'requires_grad=True' for frozen layer 'model.22.cv2.bn.weight'. See ednet.engine.trainer for customization of frozen layers.
WARNING ⚠️ setting 'requires_grad=True' for frozen layer 'model.22.cv2.bn.bias'. See ednet.engine.trainer for customization of frozen layers.
WARNING ⚠️ setting 'requires_grad=True' for frozen layer 'model.22.m.0.cv1.conv.base.weight'. See ednet.engine.trainer for customization of frozen layers.
WARNING ⚠️ setting 'requires_grad=True' for frozen layer 'model.22.m.0.cv1.bn.weight'. See ednet.engine.trainer for customization of frozen layers.
WARNING ⚠️ setting 'requires_grad=True' for frozen layer 'model.22.m.0.cv1.bn.bias'. See ednet.engine.trainer for customization of frozen layers.
WARNING ⚠️ setting 'requires_grad=True' for frozen layer 'model.22.m.0.cv2.conv.base.weight'. See ednet.engine.trainer for customization of frozen layers.
WARNING ⚠️ setting 'requires_grad=True' for frozen layer 'model.22.m.0.cv2.bn.weight'. See ednet.engine.trainer for customization of frozen layers.
WARNING ⚠️ setting 'requires_grad=True' for frozen layer 'model.22.m.0.cv2.bn.bias'. See ednet.engine.trainer for customization of frozen layers.
WARNING ⚠️ setting 'requires_grad=True' for frozen layer 'model.23.conv.weight'. See ednet.engine.trainer for customization of frozen layers.
WARNING ⚠️ setting 'requires_grad=True' for frozen layer 'model.23.bn.weight'. See ednet.engine.trainer for customization of frozen layers.
WARNING ⚠️ setting 'requires_grad=True' for frozen layer 'model.23.bn.bias'. See ednet.engine.trainer for customization of frozen layers.
WARNING ⚠️ setting 'requires_grad=True' for frozen layer 'model.25.cv1.conv.base.weight'. See ednet.engine.trainer for customization of frozen layers.
WARNING ⚠️ setting 'requires_grad=True' for frozen layer 'model.25.cv1.bn.weight'. See ednet.engine.trainer for customization of frozen layers.
WARNING ⚠️ setting 'requires_grad=True' for frozen layer 'model.25.cv1.bn.bias'. See ednet.engine.trainer for customization of frozen layers.
WARNING ⚠️ setting 'requires_grad=True' for frozen layer 'model.25.cv2.conv.base.weight'. See ednet.engine.trainer for customization of frozen layers.
WARNING ⚠️ setting 'requires_grad=True' for frozen layer 'model.25.cv2.bn.weight'. See ednet.engine.trainer for customization of frozen layers.
WARNING ⚠️ setting 'requires_grad=True' for frozen layer 'model.25.cv2.bn.bias'. See ednet.engine.trainer for customization of frozen layers.
WARNING ⚠️ setting 'requires_grad=True' for frozen layer 'model.25.m.0.cv1.conv.base.weight'. See ednet.engine.trainer for customization of frozen layers.
WARNING ⚠️ setting 'requires_grad=True' for frozen layer 'model.25.m.0.cv1.bn.weight'. See ednet.engine.trainer for customization of frozen layers.
WARNING ⚠️ setting 'requires_grad=True' for frozen layer 'model.25.m.0.cv1.bn.bias'. See ednet.engine.trainer for customization of frozen layers.
WARNING ⚠️ setting 'requires_grad=True' for frozen layer 'model.25.m.0.cv2.conv.base.weight'. See ednet.engine.trainer for customization of frozen layers.
WARNING ⚠️ setting 'requires_grad=True' for frozen layer 'model.25.m.0.cv2.bn.weight'. See ednet.engine.trainer for customization of frozen layers.
WARNING ⚠️ setting 'requires_grad=True' for frozen layer 'model.25.m.0.cv2.bn.bias'. See ednet.engine.trainer for customization of frozen layers.
WARNING ⚠️ setting 'requires_grad=True' for frozen layer 'model.26.cv1.conv.weight'. See ednet.engine.trainer for customization of frozen layers.
WARNING ⚠️ setting 'requires_grad=True' for frozen layer 'model.26.cv1.bn.weight'. See ednet.engine.trainer for customization of frozen layers.
WARNING ⚠️ setting 'requires_grad=True' for frozen layer 'model.26.cv1.bn.bias'. See ednet.engine.trainer for customization of frozen layers.
WARNING ⚠️ setting 'requires_grad=True' for frozen layer 'model.26.cv2.conv.weight'. See ednet.engine.trainer for customization of frozen layers.
WARNING ⚠️ setting 'requires_grad=True' for frozen layer 'model.26.cv2.bn.weight'. See ednet.engine.trainer for customization of frozen layers.
WARNING ⚠️ setting 'requires_grad=True' for frozen layer 'model.26.cv2.bn.bias'. See ednet.engine.trainer for customization of frozen layers.
WARNING ⚠️ setting 'requires_grad=True' for frozen layer 'model.28.cv1.conv.weight'. See ednet.engine.trainer for customization of frozen layers.
WARNING ⚠️ setting 'requires_grad=True' for frozen layer 'model.28.cv1.bn.weight'. See ednet.engine.trainer for customization of frozen layers.
WARNING ⚠️ setting 'requires_grad=True' for frozen layer 'model.28.cv1.bn.bias'. See ednet.engine.trainer for customization of frozen layers.
WARNING ⚠️ setting 'requires_grad=True' for frozen layer 'model.28.cv2.conv.weight'. See ednet.engine.trainer for customization of frozen layers.
WARNING ⚠️ setting 'requires_grad=True' for frozen layer 'model.28.cv2.bn.weight'. See ednet.engine.trainer for customization of frozen layers.
WARNING ⚠️ setting 'requires_grad=True' for frozen layer 'model.28.cv2.bn.bias'. See ednet.engine.trainer for customization of frozen layers.
WARNING ⚠️ setting 'requires_grad=True' for frozen layer 'model.28.m.0.cv1.0.conv.weight'. See ednet.engine.trainer for customization of frozen layers.
WARNING ⚠️ setting 'requires_grad=True' for frozen layer 'model.28.m.0.cv1.0.bn.weight'. See ednet.engine.trainer for customization of frozen layers.
WARNING ⚠️ setting 'requires_grad=True' for frozen layer 'model.28.m.0.cv1.0.bn.bias'. See ednet.engine.trainer for customization of frozen layers.
WARNING ⚠️ setting 'requires_grad=True' for frozen layer 'model.28.m.0.cv1.1.conv.weight'. See ednet.engine.trainer for customization of frozen layers.
WARNING ⚠️ setting 'requires_grad=True' for frozen layer 'model.28.m.0.cv1.1.bn.weight'. See ednet.engine.trainer for customization of frozen layers.
WARNING ⚠️ setting 'requires_grad=True' for frozen layer 'model.28.m.0.cv1.1.bn.bias'. See ednet.engine.trainer for customization of frozen layers.
WARNING ⚠️ setting 'requires_grad=True' for frozen layer 'model.28.m.0.cv1.2.conv.conv.weight'. See ednet.engine.trainer for customization of frozen layers.
WARNING ⚠️ setting 'requires_grad=True' for frozen layer 'model.28.m.0.cv1.2.conv.bn.weight'. See ednet.engine.trainer for customization of frozen layers.
WARNING ⚠️ setting 'requires_grad=True' for frozen layer 'model.28.m.0.cv1.2.conv.bn.bias'. See ednet.engine.trainer for customization of frozen layers.
WARNING ⚠️ setting 'requires_grad=True' for frozen layer 'model.28.m.0.cv1.2.conv1.conv.weight'. See ednet.engine.trainer for customization of frozen layers.
WARNING ⚠️ setting 'requires_grad=True' for frozen layer 'model.28.m.0.cv1.2.conv1.bn.weight'. See ednet.engine.trainer for customization of frozen layers.
WARNING ⚠️ setting 'requires_grad=True' for frozen layer 'model.28.m.0.cv1.2.conv1.bn.bias'. See ednet.engine.trainer for customization of frozen layers.
WARNING ⚠️ setting 'requires_grad=True' for frozen layer 'model.28.m.0.cv1.3.conv.weight'. See ednet.engine.trainer for customization of frozen layers.
WARNING ⚠️ setting 'requires_grad=True' for frozen layer 'model.28.m.0.cv1.3.bn.weight'. See ednet.engine.trainer for customization of frozen layers.
WARNING ⚠️ setting 'requires_grad=True' for frozen layer 'model.28.m.0.cv1.3.bn.bias'. See ednet.engine.trainer for customization of frozen layers.
WARNING ⚠️ setting 'requires_grad=True' for frozen layer 'model.28.m.0.cv1.4.conv.weight'. See ednet.engine.trainer for customization of frozen layers.
WARNING ⚠️ setting 'requires_grad=True' for frozen layer 'model.28.m.0.cv1.4.bn.weight'. See ednet.engine.trainer for customization of frozen layers.
WARNING ⚠️ setting 'requires_grad=True' for frozen layer 'model.28.m.0.cv1.4.bn.bias'. See ednet.engine.trainer for customization of frozen layers.
WARNING ⚠️ setting 'requires_grad=True' for frozen layer 'model.29.cv2.0.0.conv.base.weight'. See ednet.engine.trainer for customization of frozen layers.
WARNING ⚠️ setting 'requires_grad=True' for frozen layer 'model.29.cv2.0.0.bn.weight'. See ednet.engine.trainer for customization of frozen layers.
WARNING ⚠️ setting 'requires_grad=True' for frozen layer 'model.29.cv2.0.0.bn.bias'. See ednet.engine.trainer for customization of frozen layers.
WARNING ⚠️ setting 'requires_grad=True' for frozen layer 'model.29.cv2.0.1.conv.base.weight'. See ednet.engine.trainer for customization of frozen layers.
WARNING ⚠️ setting 'requires_grad=True' for frozen layer 'model.29.cv2.0.1.bn.weight'. See ednet.engine.trainer for customization of frozen layers.
WARNING ⚠️ setting 'requires_grad=True' for frozen layer 'model.29.cv2.0.1.bn.bias'. See ednet.engine.trainer for customization of frozen layers.
WARNING ⚠️ setting 'requires_grad=True' for frozen layer 'model.29.cv2.0.2.weight'. See ednet.engine.trainer for customization of frozen layers.
WARNING ⚠️ setting 'requires_grad=True' for frozen layer 'model.29.cv2.0.2.bias'. See ednet.engine.trainer for customization of frozen layers.
WARNING ⚠️ setting 'requires_grad=True' for frozen layer 'model.29.cv2.1.0.conv.base.weight'. See ednet.engine.trainer for customization of frozen layers.
WARNING ⚠️ setting 'requires_grad=True' for frozen layer 'model.29.cv2.1.0.bn.weight'. See ednet.engine.trainer for customization of frozen layers.
WARNING ⚠️ setting 'requires_grad=True' for frozen layer 'model.29.cv2.1.0.bn.bias'. See ednet.engine.trainer for customization of frozen layers.
WARNING ⚠️ setting 'requires_grad=True' for frozen layer 'model.29.cv2.1.1.conv.base.weight'. See ednet.engine.trainer for customization of frozen layers.
WARNING ⚠️ setting 'requires_grad=True' for frozen layer 'model.29.cv2.1.1.bn.weight'. See ednet.engine.trainer for customization of frozen layers.
WARNING ⚠️ setting 'requires_grad=True' for frozen layer 'model.29.cv2.1.1.bn.bias'. See ednet.engine.trainer for customization of frozen layers.
WARNING ⚠️ setting 'requires_grad=True' for frozen layer 'model.29.cv2.1.2.weight'. See ednet.engine.trainer for customization of frozen layers.
WARNING ⚠️ setting 'requires_grad=True' for frozen layer 'model.29.cv2.1.2.bias'. See ednet.engine.trainer for customization of frozen layers.
WARNING ⚠️ setting 'requires_grad=True' for frozen layer 'model.29.cv2.2.0.conv.base.weight'. See ednet.engine.trainer for customization of frozen layers.
WARNING ⚠️ setting 'requires_grad=True' for frozen layer 'model.29.cv2.2.0.bn.weight'. See ednet.engine.trainer for customization of frozen layers.
WARNING ⚠️ setting 'requires_grad=True' for frozen layer 'model.29.cv2.2.0.bn.bias'. See ednet.engine.trainer for customization of frozen layers.
WARNING ⚠️ setting 'requires_grad=True' for frozen layer 'model.29.cv2.2.1.conv.base.weight'. See ednet.engine.trainer for customization of frozen layers.
WARNING ⚠️ setting 'requires_grad=True' for frozen layer 'model.29.cv2.2.1.bn.weight'. See ednet.engine.trainer for customization of frozen layers.
WARNING ⚠️ setting 'requires_grad=True' for frozen layer 'model.29.cv2.2.1.bn.bias'. See ednet.engine.trainer for customization of frozen layers.
WARNING ⚠️ setting 'requires_grad=True' for frozen layer 'model.29.cv2.2.2.weight'. See ednet.engine.trainer for customization of frozen layers.
WARNING ⚠️ setting 'requires_grad=True' for frozen layer 'model.29.cv2.2.2.bias'. See ednet.engine.trainer for customization of frozen layers.
WARNING ⚠️ setting 'requires_grad=True' for frozen layer 'model.29.cv2.3.0.conv.base.weight'. See ednet.engine.trainer for customization of frozen layers.
WARNING ⚠️ setting 'requires_grad=True' for frozen layer 'model.29.cv2.3.0.bn.weight'. See ednet.engine.trainer for customization of frozen layers.
WARNING ⚠️ setting 'requires_grad=True' for frozen layer 'model.29.cv2.3.0.bn.bias'. See ednet.engine.trainer for customization of frozen layers.
WARNING ⚠️ setting 'requires_grad=True' for frozen layer 'model.29.cv2.3.1.conv.base.weight'. See ednet.engine.trainer for customization of frozen layers.
WARNING ⚠️ setting 'requires_grad=True' for frozen layer 'model.29.cv2.3.1.bn.weight'. See ednet.engine.trainer for customization of frozen layers.
WARNING ⚠️ setting 'requires_grad=True' for frozen layer 'model.29.cv2.3.1.bn.bias'. See ednet.engine.trainer for customization of frozen layers.
WARNING ⚠️ setting 'requires_grad=True' for frozen layer 'model.29.cv2.3.2.weight'. See ednet.engine.trainer for customization of frozen layers.
WARNING ⚠️ setting 'requires_grad=True' for frozen layer 'model.29.cv2.3.2.bias'. See ednet.engine.trainer for customization of frozen layers.
WARNING ⚠️ setting 'requires_grad=True' for frozen layer 'model.29.cv3.0.0.0.conv.weight'. See ednet.engine.trainer for customization of frozen layers.
WARNING ⚠️ setting 'requires_grad=True' for frozen layer 'model.29.cv3.0.0.0.bn.weight'. See ednet.engine.trainer for customization of frozen layers.
WARNING ⚠️ setting 'requires_grad=True' for frozen layer 'model.29.cv3.0.0.0.bn.bias'. See ednet.engine.trainer for customization of frozen layers.
WARNING ⚠️ setting 'requires_grad=True' for frozen layer 'model.29.cv3.0.0.1.conv.base.weight'. See ednet.engine.trainer for customization of frozen layers.
WARNING ⚠️ setting 'requires_grad=True' for frozen layer 'model.29.cv3.0.0.1.bn.weight'. See ednet.engine.trainer for customization of frozen layers.
WARNING ⚠️ setting 'requires_grad=True' for frozen layer 'model.29.cv3.0.0.1.bn.bias'. See ednet.engine.trainer for customization of frozen layers.
WARNING ⚠️ setting 'requires_grad=True' for frozen layer 'model.29.cv3.0.1.0.conv.weight'. See ednet.engine.trainer for customization of frozen layers.
WARNING ⚠️ setting 'requires_grad=True' for frozen layer 'model.29.cv3.0.1.0.bn.weight'. See ednet.engine.trainer for customization of frozen layers.
WARNING ⚠️ setting 'requires_grad=True' for frozen layer 'model.29.cv3.0.1.0.bn.bias'. See ednet.engine.trainer for customization of frozen layers.
WARNING ⚠️ setting 'requires_grad=True' for frozen layer 'model.29.cv3.0.1.1.conv.base.weight'. See ednet.engine.trainer for customization of frozen layers.
WARNING ⚠️ setting 'requires_grad=True' for frozen layer 'model.29.cv3.0.1.1.bn.weight'. See ednet.engine.trainer for customization of frozen layers.
WARNING ⚠️ setting 'requires_grad=True' for frozen layer 'model.29.cv3.0.1.1.bn.bias'. See ednet.engine.trainer for customization of frozen layers.
WARNING ⚠️ setting 'requires_grad=True' for frozen layer 'model.29.cv3.0.2.weight'. See ednet.engine.trainer for customization of frozen layers.
WARNING ⚠️ setting 'requires_grad=True' for frozen layer 'model.29.cv3.0.2.bias'. See ednet.engine.trainer for customization of frozen layers.
WARNING ⚠️ setting 'requires_grad=True' for frozen layer 'model.29.cv3.1.0.0.conv.weight'. See ednet.engine.trainer for customization of frozen layers.
WARNING ⚠️ setting 'requires_grad=True' for frozen layer 'model.29.cv3.1.0.0.bn.weight'. See ednet.engine.trainer for customization of frozen layers.
WARNING ⚠️ setting 'requires_grad=True' for frozen layer 'model.29.cv3.1.0.0.bn.bias'. See ednet.engine.trainer for customization of frozen layers.
WARNING ⚠️ setting 'requires_grad=True' for frozen layer 'model.29.cv3.1.0.1.conv.base.weight'. See ednet.engine.trainer for customization of frozen layers.
WARNING ⚠️ setting 'requires_grad=True' for frozen layer 'model.29.cv3.1.0.1.bn.weight'. See ednet.engine.trainer for customization of frozen layers.
WARNING ⚠️ setting 'requires_grad=True' for frozen layer 'model.29.cv3.1.0.1.bn.bias'. See ednet.engine.trainer for customization of frozen layers.
WARNING ⚠️ setting 'requires_grad=True' for frozen layer 'model.29.cv3.1.1.0.conv.weight'. See ednet.engine.trainer for customization of frozen layers.
WARNING ⚠️ setting 'requires_grad=True' for frozen layer 'model.29.cv3.1.1.0.bn.weight'. See ednet.engine.trainer for customization of frozen layers.
WARNING ⚠️ setting 'requires_grad=True' for frozen layer 'model.29.cv3.1.1.0.bn.bias'. See ednet.engine.trainer for customization of frozen layers.
WARNING ⚠️ setting 'requires_grad=True' for frozen layer 'model.29.cv3.1.1.1.conv.base.weight'. See ednet.engine.trainer for customization of frozen layers.
WARNING ⚠️ setting 'requires_grad=True' for frozen layer 'model.29.cv3.1.1.1.bn.weight'. See ednet.engine.trainer for customization of frozen layers.
WARNING ⚠️ setting 'requires_grad=True' for frozen layer 'model.29.cv3.1.1.1.bn.bias'. See ednet.engine.trainer for customization of frozen layers.
WARNING ⚠️ setting 'requires_grad=True' for frozen layer 'model.29.cv3.1.2.weight'. See ednet.engine.trainer for customization of frozen layers.
WARNING ⚠️ setting 'requires_grad=True' for frozen layer 'model.29.cv3.1.2.bias'. See ednet.engine.trainer for customization of frozen layers.
WARNING ⚠️ setting 'requires_grad=True' for frozen layer 'model.29.cv3.2.0.0.conv.weight'. See ednet.engine.trainer for customization of frozen layers.
WARNING ⚠️ setting 'requires_grad=True' for frozen layer 'model.29.cv3.2.0.0.bn.weight'. See ednet.engine.trainer for customization of frozen layers.
WARNING ⚠️ setting 'requires_grad=True' for frozen layer 'model.29.cv3.2.0.0.bn.bias'. See ednet.engine.trainer for customization of frozen layers.
WARNING ⚠️ setting 'requires_grad=True' for frozen layer 'model.29.cv3.2.0.1.conv.base.weight'. See ednet.engine.trainer for customization of frozen layers.
WARNING ⚠️ setting 'requires_grad=True' for frozen layer 'model.29.cv3.2.0.1.bn.weight'. See ednet.engine.trainer for customization of frozen layers.
WARNING ⚠️ setting 'requires_grad=True' for frozen layer 'model.29.cv3.2.0.1.bn.bias'. See ednet.engine.trainer for customization of frozen layers.
WARNING ⚠️ setting 'requires_grad=True' for frozen layer 'model.29.cv3.2.1.0.conv.weight'. See ednet.engine.trainer for customization of frozen layers.
WARNING ⚠️ setting 'requires_grad=True' for frozen layer 'model.29.cv3.2.1.0.bn.weight'. See ednet.engine.trainer for customization of frozen layers.
WARNING ⚠️ setting 'requires_grad=True' for frozen layer 'model.29.cv3.2.1.0.bn.bias'. See ednet.engine.trainer for customization of frozen layers.
WARNING ⚠️ setting 'requires_grad=True' for frozen layer 'model.29.cv3.2.1.1.conv.base.weight'. See ednet.engine.trainer for customization of frozen layers.
WARNING ⚠️ setting 'requires_grad=True' for frozen layer 'model.29.cv3.2.1.1.bn.weight'. See ednet.engine.trainer for customization of frozen layers.
WARNING ⚠️ setting 'requires_grad=True' for frozen layer 'model.29.cv3.2.1.1.bn.bias'. See ednet.engine.trainer for customization of frozen layers.
WARNING ⚠️ setting 'requires_grad=True' for frozen layer 'model.29.cv3.2.2.weight'. See ednet.engine.trainer for customization of frozen layers.
WARNING ⚠️ setting 'requires_grad=True' for frozen layer 'model.29.cv3.2.2.bias'. See ednet.engine.trainer for customization of frozen layers.
WARNING ⚠️ setting 'requires_grad=True' for frozen layer 'model.29.cv3.3.0.0.conv.weight'. See ednet.engine.trainer for customization of frozen layers.
WARNING ⚠️ setting 'requires_grad=True' for frozen layer 'model.29.cv3.3.0.0.bn.weight'. See ednet.engine.trainer for customization of frozen layers.
WARNING ⚠️ setting 'requires_grad=True' for frozen layer 'model.29.cv3.3.0.0.bn.bias'. See ednet.engine.trainer for customization of frozen layers.
WARNING ⚠️ setting 'requires_grad=True' for frozen layer 'model.29.cv3.3.0.1.conv.base.weight'. See ednet.engine.trainer for customization of frozen layers.
WARNING ⚠️ setting 'requires_grad=True' for frozen layer 'model.29.cv3.3.0.1.bn.weight'. See ednet.engine.trainer for customization of frozen layers.
WARNING ⚠️ setting 'requires_grad=True' for frozen layer 'model.29.cv3.3.0.1.bn.bias'. See ednet.engine.trainer for customization of frozen layers.
WARNING ⚠️ setting 'requires_grad=True' for frozen layer 'model.29.cv3.3.1.0.conv.weight'. See ednet.engine.trainer for customization of frozen layers.
WARNING ⚠️ setting 'requires_grad=True' for frozen layer 'model.29.cv3.3.1.0.bn.weight'. See ednet.engine.trainer for customization of frozen layers.
WARNING ⚠️ setting 'requires_grad=True' for frozen layer 'model.29.cv3.3.1.0.bn.bias'. See ednet.engine.trainer for customization of frozen layers.
WARNING ⚠️ setting 'requires_grad=True' for frozen layer 'model.29.cv3.3.1.1.conv.base.weight'. See ednet.engine.trainer for customization of frozen layers.
WARNING ⚠️ setting 'requires_grad=True' for frozen layer 'model.29.cv3.3.1.1.bn.weight'. See ednet.engine.trainer for customization of frozen layers.
WARNING ⚠️ setting 'requires_grad=True' for frozen layer 'model.29.cv3.3.1.1.bn.bias'. See ednet.engine.trainer for customization of frozen layers.
WARNING ⚠️ setting 'requires_grad=True' for frozen layer 'model.29.cv3.3.2.weight'. See ednet.engine.trainer for customization of frozen layers.
WARNING ⚠️ setting 'requires_grad=True' for frozen layer 'model.29.cv3.3.2.bias'. See ednet.engine.trainer for customization of frozen layers.
Freezing layer 'model.29.dfl.conv.weight'
WARNING ⚠️ setting 'requires_grad=True' for frozen layer 'model.29.one2one_cv2.0.0.conv.weight'. See ednet.engine.trainer for customization of frozen layers.
WARNING ⚠️ setting 'requires_grad=True' for frozen layer 'model.29.one2one_cv2.0.0.bn.weight'. See ednet.engine.trainer for customization of frozen layers.
WARNING ⚠️ setting 'requires_grad=True' for frozen layer 'model.29.one2one_cv2.0.0.bn.bias'. See ednet.engine.trainer for customization of frozen layers.
WARNING ⚠️ setting 'requires_grad=True' for frozen layer 'model.29.one2one_cv2.0.1.conv.weight'. See ednet.engine.trainer for customization of frozen layers.
WARNING ⚠️ setting 'requires_grad=True' for frozen layer 'model.29.one2one_cv2.0.1.bn.weight'. See ednet.engine.trainer for customization of frozen layers.
WARNING ⚠️ setting 'requires_grad=True' for frozen layer 'model.29.one2one_cv2.0.1.bn.bias'. See ednet.engine.trainer for customization of frozen layers.
WARNING ⚠️ setting 'requires_grad=True' for frozen layer 'model.29.one2one_cv2.0.2.weight'. See ednet.engine.trainer for customization of frozen layers.
WARNING ⚠️ setting 'requires_grad=True' for frozen layer 'model.29.one2one_cv2.0.2.bias'. See ednet.engine.trainer for customization of frozen layers.
WARNING ⚠️ setting 'requires_grad=True' for frozen layer 'model.29.one2one_cv2.1.0.conv.weight'. See ednet.engine.trainer for customization of frozen layers.
WARNING ⚠️ setting 'requires_grad=True' for frozen layer 'model.29.one2one_cv2.1.0.bn.weight'. See ednet.engine.trainer for customization of frozen layers.
WARNING ⚠️ setting 'requires_grad=True' for frozen layer 'model.29.one2one_cv2.1.0.bn.bias'. See ednet.engine.trainer for customization of frozen layers.
WARNING ⚠️ setting 'requires_grad=True' for frozen layer 'model.29.one2one_cv2.1.1.conv.weight'. See ednet.engine.trainer for customization of frozen layers.
WARNING ⚠️ setting 'requires_grad=True' for frozen layer 'model.29.one2one_cv2.1.1.bn.weight'. See ednet.engine.trainer for customization of frozen layers.
WARNING ⚠️ setting 'requires_grad=True' for frozen layer 'model.29.one2one_cv2.1.1.bn.bias'. See ednet.engine.trainer for customization of frozen layers.
WARNING ⚠️ setting 'requires_grad=True' for frozen layer 'model.29.one2one_cv2.1.2.weight'. See ednet.engine.trainer for customization of frozen layers.
WARNING ⚠️ setting 'requires_grad=True' for frozen layer 'model.29.one2one_cv2.1.2.bias'. See ednet.engine.trainer for customization of frozen layers.
WARNING ⚠️ setting 'requires_grad=True' for frozen layer 'model.29.one2one_cv2.2.0.conv.weight'. See ednet.engine.trainer for customization of frozen layers.
WARNING ⚠️ setting 'requires_grad=True' for frozen layer 'model.29.one2one_cv2.2.0.bn.weight'. See ednet.engine.trainer for customization of frozen layers.
WARNING ⚠️ setting 'requires_grad=True' for frozen layer 'model.29.one2one_cv2.2.0.bn.bias'. See ednet.engine.trainer for customization of frozen layers.
WARNING ⚠️ setting 'requires_grad=True' for frozen layer 'model.29.one2one_cv2.2.1.conv.weight'. See ednet.engine.trainer for customization of frozen layers.
WARNING ⚠️ setting 'requires_grad=True' for frozen layer 'model.29.one2one_cv2.2.1.bn.weight'. See ednet.engine.trainer for customization of frozen layers.
WARNING ⚠️ setting 'requires_grad=True' for frozen layer 'model.29.one2one_cv2.2.1.bn.bias'. See ednet.engine.trainer for customization of frozen layers.
WARNING ⚠️ setting 'requires_grad=True' for frozen layer 'model.29.one2one_cv2.2.2.weight'. See ednet.engine.trainer for customization of frozen layers.
WARNING ⚠️ setting 'requires_grad=True' for frozen layer 'model.29.one2one_cv2.2.2.bias'. See ednet.engine.trainer for customization of frozen layers.
WARNING ⚠️ setting 'requires_grad=True' for frozen layer 'model.29.one2one_cv2.3.0.conv.weight'. See ednet.engine.trainer for customization of frozen layers.
WARNING ⚠️ setting 'requires_grad=True' for frozen layer 'model.29.one2one_cv2.3.0.bn.weight'. See ednet.engine.trainer for customization of frozen layers.
WARNING ⚠️ setting 'requires_grad=True' for frozen layer 'model.29.one2one_cv2.3.0.bn.bias'. See ednet.engine.trainer for customization of frozen layers.
WARNING ⚠️ setting 'requires_grad=True' for frozen layer 'model.29.one2one_cv2.3.1.conv.weight'. See ednet.engine.trainer for customization of frozen layers.
WARNING ⚠️ setting 'requires_grad=True' for frozen layer 'model.29.one2one_cv2.3.1.bn.weight'. See ednet.engine.trainer for customization of frozen layers.
WARNING ⚠️ setting 'requires_grad=True' for frozen layer 'model.29.one2one_cv2.3.1.bn.bias'. See ednet.engine.trainer for customization of frozen layers.
WARNING ⚠️ setting 'requires_grad=True' for frozen layer 'model.29.one2one_cv2.3.2.weight'. See ednet.engine.trainer for customization of frozen layers.
WARNING ⚠️ setting 'requires_grad=True' for frozen layer 'model.29.one2one_cv2.3.2.bias'. See ednet.engine.trainer for customization of frozen layers.
WARNING ⚠️ setting 'requires_grad=True' for frozen layer 'model.29.one2one_cv3.0.0.0.conv.weight'. See ednet.engine.trainer for customization of frozen layers.
WARNING ⚠️ setting 'requires_grad=True' for frozen layer 'model.29.one2one_cv3.0.0.0.bn.weight'. See ednet.engine.trainer for customization of frozen layers.
WARNING ⚠️ setting 'requires_grad=True' for frozen layer 'model.29.one2one_cv3.0.0.0.bn.bias'. See ednet.engine.trainer for customization of frozen layers.
WARNING ⚠️ setting 'requires_grad=True' for frozen layer 'model.29.one2one_cv3.0.0.1.conv.weight'. See ednet.engine.trainer for customization of frozen layers.
WARNING ⚠️ setting 'requires_grad=True' for frozen layer 'model.29.one2one_cv3.0.0.1.bn.weight'. See ednet.engine.trainer for customization of frozen layers.
WARNING ⚠️ setting 'requires_grad=True' for frozen layer 'model.29.one2one_cv3.0.0.1.bn.bias'. See ednet.engine.trainer for customization of frozen layers.
WARNING ⚠️ setting 'requires_grad=True' for frozen layer 'model.29.one2one_cv3.0.1.0.conv.weight'. See ednet.engine.trainer for customization of frozen layers.
WARNING ⚠️ setting 'requires_grad=True' for frozen layer 'model.29.one2one_cv3.0.1.0.bn.weight'. See ednet.engine.trainer for customization of frozen layers.
WARNING ⚠️ setting 'requires_grad=True' for frozen layer 'model.29.one2one_cv3.0.1.0.bn.bias'. See ednet.engine.trainer for customization of frozen layers.
WARNING ⚠️ setting 'requires_grad=True' for frozen layer 'model.29.one2one_cv3.0.1.1.conv.weight'. See ednet.engine.trainer for customization of frozen layers.
WARNING ⚠️ setting 'requires_grad=True' for frozen layer 'model.29.one2one_cv3.0.1.1.bn.weight'. See ednet.engine.trainer for customization of frozen layers.
WARNING ⚠️ setting 'requires_grad=True' for frozen layer 'model.29.one2one_cv3.0.1.1.bn.bias'. See ednet.engine.trainer for customization of frozen layers.
WARNING ⚠️ setting 'requires_grad=True' for frozen layer 'model.29.one2one_cv3.0.2.weight'. See ednet.engine.trainer for customization of frozen layers.
WARNING ⚠️ setting 'requires_grad=True' for frozen layer 'model.29.one2one_cv3.0.2.bias'. See ednet.engine.trainer for customization of frozen layers.
WARNING ⚠️ setting 'requires_grad=True' for frozen layer 'model.29.one2one_cv3.1.0.0.conv.weight'. See ednet.engine.trainer for customization of frozen layers.
WARNING ⚠️ setting 'requires_grad=True' for frozen layer 'model.29.one2one_cv3.1.0.0.bn.weight'. See ednet.engine.trainer for customization of frozen layers.
WARNING ⚠️ setting 'requires_grad=True' for frozen layer 'model.29.one2one_cv3.1.0.0.bn.bias'. See ednet.engine.trainer for customization of frozen layers.
WARNING ⚠️ setting 'requires_grad=True' for frozen layer 'model.29.one2one_cv3.1.0.1.conv.weight'. See ednet.engine.trainer for customization of frozen layers.
WARNING ⚠️ setting 'requires_grad=True' for frozen layer 'model.29.one2one_cv3.1.0.1.bn.weight'. See ednet.engine.trainer for customization of frozen layers.
WARNING ⚠️ setting 'requires_grad=True' for frozen layer 'model.29.one2one_cv3.1.0.1.bn.bias'. See ednet.engine.trainer for customization of frozen layers.
WARNING ⚠️ setting 'requires_grad=True' for frozen layer 'model.29.one2one_cv3.1.1.0.conv.weight'. See ednet.engine.trainer for customization of frozen layers.
WARNING ⚠️ setting 'requires_grad=True' for frozen layer 'model.29.one2one_cv3.1.1.0.bn.weight'. See ednet.engine.trainer for customization of frozen layers.
WARNING ⚠️ setting 'requires_grad=True' for frozen layer 'model.29.one2one_cv3.1.1.0.bn.bias'. See ednet.engine.trainer for customization of frozen layers.
WARNING ⚠️ setting 'requires_grad=True' for frozen layer 'model.29.one2one_cv3.1.1.1.conv.weight'. See ednet.engine.trainer for customization of frozen layers.
WARNING ⚠️ setting 'requires_grad=True' for frozen layer 'model.29.one2one_cv3.1.1.1.bn.weight'. See ednet.engine.trainer for customization of frozen layers.
WARNING ⚠️ setting 'requires_grad=True' for frozen layer 'model.29.one2one_cv3.1.1.1.bn.bias'. See ednet.engine.trainer for customization of frozen layers.
WARNING ⚠️ setting 'requires_grad=True' for frozen layer 'model.29.one2one_cv3.1.2.weight'. See ednet.engine.trainer for customization of frozen layers.
WARNING ⚠️ setting 'requires_grad=True' for frozen layer 'model.29.one2one_cv3.1.2.bias'. See ednet.engine.trainer for customization of frozen layers.
WARNING ⚠️ setting 'requires_grad=True' for frozen layer 'model.29.one2one_cv3.2.0.0.conv.weight'. See ednet.engine.trainer for customization of frozen layers.
WARNING ⚠️ setting 'requires_grad=True' for frozen layer 'model.29.one2one_cv3.2.0.0.bn.weight'. See ednet.engine.trainer for customization of frozen layers.
WARNING ⚠️ setting 'requires_grad=True' for frozen layer 'model.29.one2one_cv3.2.0.0.bn.bias'. See ednet.engine.trainer for customization of frozen layers.
WARNING ⚠️ setting 'requires_grad=True' for frozen layer 'model.29.one2one_cv3.2.0.1.conv.weight'. See ednet.engine.trainer for customization of frozen layers.
WARNING ⚠️ setting 'requires_grad=True' for frozen layer 'model.29.one2one_cv3.2.0.1.bn.weight'. See ednet.engine.trainer for customization of frozen layers.
WARNING ⚠️ setting 'requires_grad=True' for frozen layer 'model.29.one2one_cv3.2.0.1.bn.bias'. See ednet.engine.trainer for customization of frozen layers.
WARNING ⚠️ setting 'requires_grad=True' for frozen layer 'model.29.one2one_cv3.2.1.0.conv.weight'. See ednet.engine.trainer for customization of frozen layers.
WARNING ⚠️ setting 'requires_grad=True' for frozen layer 'model.29.one2one_cv3.2.1.0.bn.weight'. See ednet.engine.trainer for customization of frozen layers.
WARNING ⚠️ setting 'requires_grad=True' for frozen layer 'model.29.one2one_cv3.2.1.0.bn.bias'. See ednet.engine.trainer for customization of frozen layers.
WARNING ⚠️ setting 'requires_grad=True' for frozen layer 'model.29.one2one_cv3.2.1.1.conv.weight'. See ednet.engine.trainer for customization of frozen layers.
WARNING ⚠️ setting 'requires_grad=True' for frozen layer 'model.29.one2one_cv3.2.1.1.bn.weight'. See ednet.engine.trainer for customization of frozen layers.
WARNING ⚠️ setting 'requires_grad=True' for frozen layer 'model.29.one2one_cv3.2.1.1.bn.bias'. See ednet.engine.trainer for customization of frozen layers.
WARNING ⚠️ setting 'requires_grad=True' for frozen layer 'model.29.one2one_cv3.2.2.weight'. See ednet.engine.trainer for customization of frozen layers.
WARNING ⚠️ setting 'requires_grad=True' for frozen layer 'model.29.one2one_cv3.2.2.bias'. See ednet.engine.trainer for customization of frozen layers.
WARNING ⚠️ setting 'requires_grad=True' for frozen layer 'model.29.one2one_cv3.3.0.0.conv.weight'. See ednet.engine.trainer for customization of frozen layers.
WARNING ⚠️ setting 'requires_grad=True' for frozen layer 'model.29.one2one_cv3.3.0.0.bn.weight'. See ednet.engine.trainer for customization of frozen layers.
WARNING ⚠️ setting 'requires_grad=True' for frozen layer 'model.29.one2one_cv3.3.0.0.bn.bias'. See ednet.engine.trainer for customization of frozen layers.
WARNING ⚠️ setting 'requires_grad=True' for frozen layer 'model.29.one2one_cv3.3.0.1.conv.weight'. See ednet.engine.trainer for customization of frozen layers.
WARNING ⚠️ setting 'requires_grad=True' for frozen layer 'model.29.one2one_cv3.3.0.1.bn.weight'. See ednet.engine.trainer for customization of frozen layers.
WARNING ⚠️ setting 'requires_grad=True' for frozen layer 'model.29.one2one_cv3.3.0.1.bn.bias'. See ednet.engine.trainer for customization of frozen layers.
WARNING ⚠️ setting 'requires_grad=True' for frozen layer 'model.29.one2one_cv3.3.1.0.conv.weight'. See ednet.engine.trainer for customization of frozen layers.
WARNING ⚠️ setting 'requires_grad=True' for frozen layer 'model.29.one2one_cv3.3.1.0.bn.weight'. See ednet.engine.trainer for customization of frozen layers.
WARNING ⚠️ setting 'requires_grad=True' for frozen layer 'model.29.one2one_cv3.3.1.0.bn.bias'. See ednet.engine.trainer for customization of frozen layers.
WARNING ⚠️ setting 'requires_grad=True' for frozen layer 'model.29.one2one_cv3.3.1.1.conv.weight'. See ednet.engine.trainer for customization of frozen layers.
WARNING ⚠️ setting 'requires_grad=True' for frozen layer 'model.29.one2one_cv3.3.1.1.bn.weight'. See ednet.engine.trainer for customization of frozen layers.
WARNING ⚠️ setting 'requires_grad=True' for frozen layer 'model.29.one2one_cv3.3.1.1.bn.bias'. See ednet.engine.trainer for customization of frozen layers.
WARNING ⚠️ setting 'requires_grad=True' for frozen layer 'model.29.one2one_cv3.3.2.weight'. See ednet.engine.trainer for customization of frozen layers.
WARNING ⚠️ setting 'requires_grad=True' for frozen layer 'model.29.one2one_cv3.3.2.bias'. See ednet.engine.trainer for customization of frozen layers.
[34m[1mAMP: [0mrunning Automatic Mixed Precision (AMP) checks with YOLOv8n...
[34m[1mAMP: [0mchecks passed ✅
Plotting labels to /home/ddwilde/scriptie/runs/dota_saab/stage3-saab5/labels.jpg... 
[34m[1moptimizer:[0m 'optimizer=auto' found, ignoring 'lr0=0.01' and 'momentum=0.937' and determining best 'optimizer', 'lr0' and 'momentum' automatically... 
[34m[1moptimizer:[0m AdamW(lr=0.000526, momentum=0.9) with parameter groups 117 weight(decay=0.0), 202 weight(decay=0.0005), 139 bias(decay=0.0)
Memory replay enabled from /home/ddwilde/scriptie/datasets/memory/stage3/images with batch size 4 (50.0% of primary batch).
Skipping fusion for LoRA-wrapped layer Conv
Skipping fusion for LoRA-wrapped layer Conv
Skipping fusion for LoRA-wrapped layer Conv
Skipping fusion for LoRA-wrapped layer Conv
Skipping fusion for LoRA-wrapped layer Conv
Skipping fusion for LoRA-wrapped layer Conv
Skipping fusion for LoRA-wrapped layer Conv
Skipping fusion for LoRA-wrapped layer Conv
Skipping fusion for LoRA-wrapped layer Conv
Skipping fusion for LoRA-wrapped layer Conv
Skipping fusion for LoRA-wrapped layer Conv
Skipping fusion for LoRA-wrapped layer Conv
Skipping fusion for LoRA-wrapped layer Conv
Skipping fusion for LoRA-wrapped layer Conv
Skipping fusion for LoRA-wrapped layer Conv
Skipping fusion for LoRA-wrapped layer Conv
Skipping fusion for LoRA-wrapped layer Conv
Skipping fusion for LoRA-wrapped layer Conv
Skipping fusion for LoRA-wrapped layer Conv
Skipping fusion for LoRA-wrapped layer Conv
Skipping fusion for LoRA-wrapped layer Conv
Skipping fusion for LoRA-wrapped layer Conv
Skipping fusion for LoRA-wrapped layer Conv
Skipping fusion for LoRA-wrapped layer Conv
Skipping fusion for LoRA-wrapped layer Conv
Skipping fusion for LoRA-wrapped layer Conv
Skipping fusion for LoRA-wrapped layer Conv
Skipping fusion for LoRA-wrapped layer Conv
[34m[1mTensorBoard: [0mmodel graph visualization added ✅
Image sizes 640 train, 640 val
Using 8 dataloader workers
Logging results to [1m/home/ddwilde/scriptie/runs/dota_saab/stage3-saab5[0m
Starting training for 5 epochs...

      Epoch    GPU_mem   box_loss   cls_loss   dfl_loss  Instances       Size
Replay tap positives before filter=2829 after=2829
Current items collected: 614
Replay tap P3: count=590 mean_norm=5.3575 max_norm=12.7455
Replay tap P4: count=24 mean_norm=5.5455 max_norm=7.4687
Replay tap positives before filter=2932 after=2932
Current items collected: 612
Replay tap P3: count=575 mean_norm=6.3694 max_norm=13.9849
Replay tap P4: count=37 mean_norm=6.1717 max_norm=9.4634
Replay tap positives before filter=2921 after=2921
Current items collected: 903
Replay tap P3: count=779 mean_norm=5.8467 max_norm=17.2399
Replay tap P4: count=124 mean_norm=7.0520 max_norm=15.2944
Replay tap positives before filter=4077 after=4077
Current items collected: 1122
Replay tap P3: count=1024 mean_norm=6.3067 max_norm=16.2632
Replay tap P4: count=98 mean_norm=7.1351 max_norm=13.8483
Replay tap positives before filter=708 after=708
Current items collected: 289
Replay tap P3: count=274 mean_norm=6.1952 max_norm=15.8043
Replay tap P4: count=15 mean_norm=5.0168 max_norm=6.4585
Replay tap positives before filter=5370 after=5370
Current items collected: 751
Replay tap P3: count=690 mean_norm=7.6590 max_norm=23.6840
Replay tap P4: count=61 mean_norm=6.2901 max_norm=11.2176
Replay tap positives before filter=3960 after=3960
Current items collected: 730
Replay tap P3: count=700 mean_norm=6.5805 max_norm=19.7080
Replay tap P4: count=30 mean_norm=6.0351 max_norm=9.9825
Replay tap positives before filter=3409 after=3399
Current items collected: 835
Replay tap P3: count=765 mean_norm=6.1807 max_norm=13.9658
Replay tap P4: count=70 mean_norm=7.8447 max_norm=14.3808
Replay tap positives before filter=1257 after=1257
Current items collected: 227
Replay tap P3: count=215 mean_norm=6.4862 max_norm=16.1554
Replay tap P4: count=12 mean_norm=5.5867 max_norm=8.1407
Replay tap positives before filter=1412 after=1412
Current items collected: 178
Replay tap P3: count=168 mean_norm=6.5362 max_norm=19.1866
Replay tap P4: count=10 mean_norm=4.9881 max_norm=7.6149
Replay tap positives before filter=2148 after=2148
Current items collected: 334
Replay tap P3: count=307 mean_norm=6.6652 max_norm=20.3738
Replay tap P4: count=27 mean_norm=8.1953 max_norm=15.8520
Replay tap positives before filter=2404 after=2404
Current items collected: 363
Replay tap P3: count=306 mean_norm=5.4295 max_norm=15.0652
Replay tap P4: count=57 mean_norm=6.3739 max_norm=9.3422
Replay tap positives before filter=2126 after=2126
Current items collected: 397
Replay tap P3: count=354 mean_norm=6.7466 max_norm=27.8123
Replay tap P4: count=43 mean_norm=6.9109 max_norm=10.5334
Replay tap positives before filter=3482 after=3474
Current items collected: 689
Replay tap P3: count=597 mean_norm=6.5324 max_norm=18.2207
Replay tap P4: count=92 mean_norm=6.1042 max_norm=15.8534
Replay tap positives before filter=4565 after=4565
Current items collected: 661
Replay tap P3: count=611 mean_norm=6.9724 max_norm=24.3066
Replay tap P4: count=50 mean_norm=6.2900 max_norm=10.3746
Replay tap positives before filter=5880 after=5880
Current items collected: 1392
Replay tap P3: count=1223 mean_norm=5.4996 max_norm=13.0769
Replay tap P4: count=169 mean_norm=7.4894 max_norm=16.9091
Replay tap positives before filter=1451 after=1421
Current items collected: 279
Replay tap P3: count=270 mean_norm=8.8873 max_norm=27.0932
Replay tap P4: count=9 mean_norm=5.5269 max_norm=7.8059
Replay tap positives before filter=2909 after=2909
Current items collected: 614
Replay tap P3: count=549 mean_norm=5.4090 max_norm=11.5687
Replay tap P4: count=65 mean_norm=7.9234 max_norm=12.4173
Replay tap positives before filter=6328 after=6328
Current items collected: 1231
Replay tap P3: count=1074 mean_norm=6.2511 max_norm=21.1521
Replay tap P4: count=157 mean_norm=7.1118 max_norm=15.8502
Replay tap positives before filter=3178 after=3178
Current items collected: 490
Replay tap P3: count=460 mean_norm=8.7401 max_norm=29.9695
Replay tap P4: count=30 mean_norm=7.0228 max_norm=12.5836
Replay tap positives before filter=3567 after=3567
Current items collected: 796
Replay tap P3: count=719 mean_norm=5.8541 max_norm=18.4256
Replay tap P4: count=77 mean_norm=6.4108 max_norm=11.1008
Replay tap positives before filter=3629 after=3629
Current items collected: 422
Replay tap P3: count=395 mean_norm=6.5684 max_norm=19.3444
Replay tap P4: count=27 mean_norm=6.7382 max_norm=10.1332
Replay tap positives before filter=2752 after=2752
Current items collected: 453
Replay tap P3: count=412 mean_norm=7.7205 max_norm=22.2620
Replay tap P4: count=41 mean_norm=6.7932 max_norm=10.9090
Replay tap positives before filter=3542 after=3532
Current items collected: 582
Replay tap P3: count=525 mean_norm=6.0979 max_norm=33.3342
Replay tap P4: count=57 mean_norm=6.1837 max_norm=11.8250
Replay tap positives before filter=4783 after=4783
Current items collected: 806
Replay tap P3: count=719 mean_norm=5.9419 max_norm=24.2741
Replay tap P4: count=87 mean_norm=6.3274 max_norm=12.2270
Replay tap positives before filter=1365 after=1365
Current items collected: 254
Replay tap P3: count=231 mean_norm=6.1798 max_norm=16.9332
Replay tap P4: count=23 mean_norm=7.0052 max_norm=10.7822
Replay tap positives before filter=5587 after=5587
Current items collected: 1129
Replay tap P3: count=975 mean_norm=5.4157 max_norm=20.1891
Replay tap P4: count=154 mean_norm=6.2314 max_norm=13.5551
Replay tap positives before filter=3348 after=3348
Current items collected: 516
Replay tap P3: count=486 mean_norm=7.3665 max_norm=25.1238
Replay tap P4: count=30 mean_norm=6.6913 max_norm=14.5152
Replay tap positives before filter=4038 after=4038
Current items collected: 737
Replay tap P3: count=687 mean_norm=6.2024 max_norm=21.2078
Replay tap P4: count=50 mean_norm=7.7179 max_norm=21.4958
Replay tap positives before filter=3750 after=3731
Current items collected: 737
Replay tap P3: count=659 mean_norm=6.0002 max_norm=29.7400
Replay tap P4: count=78 mean_norm=5.9227 max_norm=9.3049
Replay tap positives before filter=1116 after=1106
Current items collected: 281
Replay tap P3: count=263 mean_norm=6.7278 max_norm=19.1885
Replay tap P4: count=18 mean_norm=5.7021 max_norm=7.9091
Replay tap positives before filter=2104 after=2104
Current items collected: 511
Replay tap P3: count=470 mean_norm=5.5059 max_norm=26.7291
Replay tap P4: count=41 mean_norm=7.6991 max_norm=14.2634
Replay tap positives before filter=1291 after=1291
Current items collected: 305
Replay tap P3: count=302 mean_norm=5.1904 max_norm=22.5465
Replay tap P4: count=3 mean_norm=5.9793 max_norm=6.6059
Replay tap positives before filter=1011 after=1011
Current items collected: 117
Replay tap P3: count=109 mean_norm=4.9412 max_norm=9.4627
Replay tap P4: count=8 mean_norm=7.1603 max_norm=10.4765
Replay tap positives before filter=3560 after=3560
Current items collected: 732
Replay tap P3: count=620 mean_norm=5.2764 max_norm=20.2948
Replay tap P4: count=112 mean_norm=6.7834 max_norm=16.7112
Replay tap positives before filter=2042 after=2042
Current items collected: 290
Replay tap P3: count=274 mean_norm=7.2724 max_norm=31.1338
Replay tap P4: count=16 mean_norm=5.6822 max_norm=8.9522
Replay tap positives before filter=8612 after=8586
Current items collected: 1666
Replay tap P3: count=1430 mean_norm=5.5649 max_norm=13.0392
Replay tap P4: count=236 mean_norm=7.2700 max_norm=13.6411
Replay tap positives before filter=2201 after=2201
Current items collected: 237
Replay tap P3: count=218 mean_norm=5.8454 max_norm=14.7928
Replay tap P4: count=19 mean_norm=6.8665 max_norm=10.5489
Replay tap positives before filter=3789 after=3789
Current items collected: 828
Replay tap P3: count=728 mean_norm=5.7198 max_norm=17.7834
Replay tap P4: count=100 mean_norm=6.5075 max_norm=12.1252
Replay tap positives before filter=1706 after=1706
Current items collected: 375
Replay tap P3: count=348 mean_norm=4.8687 max_norm=11.6089
Replay tap P4: count=27 mean_norm=6.9063 max_norm=9.8734
Replay tap positives before filter=1347 after=1347
Current items collected: 198
Replay tap P3: count=180 mean_norm=5.8453 max_norm=20.6200
Replay tap P4: count=18 mean_norm=5.3244 max_norm=7.6882
Replay tap positives before filter=2490 after=2490
Current items collected: 329
Replay tap P3: count=319 mean_norm=7.0185 max_norm=21.0397
Replay tap P4: count=10 mean_norm=8.6057 max_norm=18.9558
Replay tap positives before filter=3816 after=3816
Current items collected: 582
Replay tap P3: count=545 mean_norm=5.7878 max_norm=27.9687
Replay tap P4: count=37 mean_norm=6.4968 max_norm=15.0820
Replay tap positives before filter=1867 after=1867
Current items collected: 334
Replay tap P3: count=297 mean_norm=5.0595 max_norm=11.2626
Replay tap P4: count=37 mean_norm=7.0933 max_norm=12.0569
Replay tap positives before filter=8606 after=8606
Current items collected: 1591
Replay tap P3: count=1349 mean_norm=7.5828 max_norm=22.6719
Replay tap P4: count=242 mean_norm=9.2252 max_norm=22.6787
Replay tap positives before filter=2531 after=2531
Current items collected: 557
Replay tap P3: count=539 mean_norm=4.8386 max_norm=24.4583
Replay tap P4: count=18 mean_norm=5.3969 max_norm=7.4192
Replay tap positives before filter=2589 after=2589
Current items collected: 413
Replay tap P3: count=352 mean_norm=5.1961 max_norm=13.0335
Replay tap P4: count=61 mean_norm=6.0212 max_norm=9.5902
Replay tap positives before filter=2123 after=2123
Current items collected: 298
Replay tap P3: count=250 mean_norm=4.7650 max_norm=9.4144
Replay tap P4: count=48 mean_norm=6.3007 max_norm=10.8264
Replay tap positives before filter=1235 after=1235
Current items collected: 265
Replay tap P3: count=196 mean_norm=4.7461 max_norm=13.3397
Replay tap P4: count=69 mean_norm=5.8690 max_norm=9.5915
Replay tap positives before filter=5126 after=5126
Current items collected: 794
Replay tap P3: count=707 mean_norm=6.0625 max_norm=20.2334
Replay tap P4: count=87 mean_norm=7.3961 max_norm=18.1120
Replay tap positives before filter=3151 after=3151
Current items collected: 625
Replay tap P3: count=593 mean_norm=6.6628 max_norm=19.7817
Replay tap P4: count=32 mean_norm=6.5336 max_norm=11.9961
Replay tap positives before filter=2042 after=2032
Current items collected: 420
Replay tap P3: count=390 mean_norm=6.7419 max_norm=26.5699
Replay tap P4: count=30 mean_norm=7.4663 max_norm=10.9479
Replay tap positives before filter=2930 after=2930
Current items collected: 265
Replay tap P3: count=252 mean_norm=6.5673 max_norm=23.6682
Replay tap P4: count=13 mean_norm=6.2282 max_norm=8.2574
Replay tap positives before filter=3086 after=3076
Current items collected: 482
Replay tap P3: count=414 mean_norm=6.1013 max_norm=16.3762
Replay tap P4: count=68 mean_norm=6.6437 max_norm=13.9074
Replay tap positives before filter=2651 after=2651
Current items collected: 489
Replay tap P3: count=431 mean_norm=5.5729 max_norm=14.7120
Replay tap P4: count=58 mean_norm=6.6837 max_norm=12.6720
Replay tap positives before filter=1835 after=1825
Current items collected: 443
Replay tap P3: count=386 mean_norm=5.7264 max_norm=16.8899
Replay tap P4: count=57 mean_norm=6.0484 max_norm=11.6103
Replay tap positives before filter=3091 after=3091
Current items collected: 545
Replay tap P3: count=443 mean_norm=9.7937 max_norm=24.6499
Replay tap P4: count=102 mean_norm=9.1828 max_norm=16.0117
Replay tap positives before filter=1613 after=1613
Current items collected: 400
Replay tap P3: count=368 mean_norm=6.5122 max_norm=18.5691
Replay tap P4: count=32 mean_norm=6.2858 max_norm=9.1000
Replay tap positives before filter=1699 after=1699
Current items collected: 207
Replay tap P3: count=190 mean_norm=7.5766 max_norm=18.4343
Replay tap P4: count=17 mean_norm=6.7481 max_norm=12.7825
Replay tap positives before filter=2168 after=2168
Current items collected: 501
Replay tap P3: count=466 mean_norm=4.7671 max_norm=17.7058
Replay tap P4: count=35 mean_norm=6.7951 max_norm=9.7257
Replay tap positives before filter=2637 after=2637
Current items collected: 313
Replay tap P3: count=301 mean_norm=4.9180 max_norm=16.1941
Replay tap P4: count=12 mean_norm=5.6438 max_norm=7.1381
Replay tap positives before filter=3903 after=3893
Current items collected: 510
Replay tap P3: count=469 mean_norm=5.7774 max_norm=21.2567
Replay tap P4: count=41 mean_norm=6.8955 max_norm=11.2918
Replay tap positives before filter=2635 after=2627
Current items collected: 288
Replay tap P3: count=255 mean_norm=5.1854 max_norm=12.9177
Replay tap P4: count=33 mean_norm=6.4449 max_norm=10.1833
Replay tap positives before filter=1701 after=1701
Current items collected: 473
Replay tap P3: count=429 mean_norm=5.0567 max_norm=19.2968
Replay tap P4: count=44 mean_norm=6.9348 max_norm=14.5719
Replay tap positives before filter=1573 after=1573
Current items collected: 435
Replay tap P3: count=398 mean_norm=5.6357 max_norm=22.9850
Replay tap P4: count=37 mean_norm=6.7360 max_norm=11.4211
Replay tap positives before filter=1628 after=1628
Current items collected: 216
Replay tap P3: count=191 mean_norm=5.6704 max_norm=15.4290
Replay tap P4: count=25 mean_norm=6.9799 max_norm=8.8353
Replay tap positives before filter=1934 after=1934
Current items collected: 511
Replay tap P3: count=480 mean_norm=6.3356 max_norm=26.8135
Replay tap P4: count=31 mean_norm=8.2157 max_norm=13.8984
Replay tap positives before filter=2282 after=2282
Current items collected: 592
Replay tap P3: count=558 mean_norm=5.9412 max_norm=18.1552
Replay tap P4: count=34 mean_norm=7.9130 max_norm=14.7107
Replay tap positives before filter=4521 after=4521
Current items collected: 805
Replay tap P3: count=701 mean_norm=4.5221 max_norm=26.0687
Replay tap P4: count=104 mean_norm=6.4728 max_norm=11.1404
Replay tap positives before filter=1716 after=1706
Current items collected: 409
Replay tap P3: count=399 mean_norm=5.0952 max_norm=17.6389
Replay tap P4: count=10 mean_norm=5.7133 max_norm=8.1460
Replay tap positives before filter=2001 after=2001
Current items collected: 202
Replay tap P3: count=169 mean_norm=6.4448 max_norm=24.6303
Replay tap P4: count=33 mean_norm=6.8513 max_norm=10.6454
Replay tap positives before filter=2090 after=2080
Current items collected: 317
Replay tap P3: count=284 mean_norm=7.0769 max_norm=19.6376
Replay tap P4: count=33 mean_norm=6.8772 max_norm=12.2076
Replay tap positives before filter=3378 after=3378
Current items collected: 570
Replay tap P3: count=514 mean_norm=8.6339 max_norm=23.6039
Replay tap P4: count=56 mean_norm=11.6429 max_norm=21.3937
Replay tap positives before filter=3250 after=3250
Current items collected: 626
Replay tap P3: count=583 mean_norm=5.3352 max_norm=17.4774
Replay tap P4: count=43 mean_norm=7.1743 max_norm=12.3305
Replay tap positives before filter=5762 after=5738
Current items collected: 358
Replay tap P3: count=271 mean_norm=6.0088 max_norm=18.8827
Replay tap P4: count=87 mean_norm=6.0637 max_norm=10.4225
Replay tap positives before filter=2033 after=2033
Current items collected: 172
Replay tap P3: count=152 mean_norm=5.8411 max_norm=14.8068
Replay tap P4: count=20 mean_norm=8.7506 max_norm=12.4255
Replay tap positives before filter=4263 after=4263
Current items collected: 862
Replay tap P3: count=768 mean_norm=6.4311 max_norm=22.0062
Replay tap P4: count=94 mean_norm=6.8795 max_norm=14.7864
Replay tap positives before filter=2509 after=2509
Current items collected: 226
Replay tap P3: count=185 mean_norm=4.4181 max_norm=12.4895
Replay tap P4: count=41 mean_norm=7.3028 max_norm=12.7154
Replay tap positives before filter=3413 after=3413
Current items collected: 741
Replay tap P3: count=678 mean_norm=5.4757 max_norm=21.2233
Replay tap P4: count=63 mean_norm=6.7786 max_norm=11.0962
Replay tap positives before filter=2705 after=2705
Current items collected: 451
Replay tap P3: count=420 mean_norm=4.9457 max_norm=15.5875
Replay tap P4: count=31 mean_norm=7.6199 max_norm=9.5922
Replay tap positives before filter=5587 after=5587
Current items collected: 992
Replay tap P3: count=861 mean_norm=6.7963 max_norm=20.2063
Replay tap P4: count=131 mean_norm=7.4503 max_norm=15.9144
Replay tap positives before filter=5218 after=5218
Current items collected: 670
Replay tap P3: count=609 mean_norm=5.1470 max_norm=21.3999
Replay tap P4: count=61 mean_norm=6.6771 max_norm=11.6874
Replay tap positives before filter=1643 after=1643
Current items collected: 473
Replay tap P3: count=439 mean_norm=8.3045 max_norm=25.3237
Replay tap P4: count=34 mean_norm=10.8123 max_norm=15.4880
Replay tap positives before filter=1642 after=1642
Current items collected: 242
Replay tap P3: count=209 mean_norm=4.8897 max_norm=21.0455
Replay tap P4: count=33 mean_norm=9.1993 max_norm=12.6163
Replay tap positives before filter=2271 after=2271
Current items collected: 312
Replay tap P3: count=279 mean_norm=5.3046 max_norm=17.0803
Replay tap P4: count=33 mean_norm=6.0196 max_norm=11.9981
Replay tap positives before filter=794 after=794
Current items collected: 218
Replay tap P3: count=217 mean_norm=6.3505 max_norm=25.1394
Replay tap P4: count=1 mean_norm=8.0160 max_norm=8.0160
Replay tap positives before filter=6259 after=6249
Current items collected: 1073
Replay tap P3: count=960 mean_norm=6.4309 max_norm=25.5937
Replay tap P4: count=113 mean_norm=7.0152 max_norm=12.6544
Replay tap positives before filter=1545 after=1545
Current items collected: 280
Replay tap P3: count=268 mean_norm=11.8117 max_norm=29.7100
Replay tap P4: count=12 mean_norm=5.5163 max_norm=7.1233
Replay tap positives before filter=3130 after=3120
Current items collected: 693
Replay tap P3: count=672 mean_norm=5.2936 max_norm=19.5828
Replay tap P4: count=21 mean_norm=5.4763 max_norm=9.9789
Replay tap positives before filter=3481 after=3481
Current items collected: 799
Replay tap P3: count=731 mean_norm=6.0168 max_norm=25.1654
Replay tap P4: count=68 mean_norm=7.2255 max_norm=13.7946
Replay tap positives before filter=1675 after=1675
Current items collected: 816
Replay tap P3: count=744 mean_norm=5.3792 max_norm=23.5741
Replay tap P4: count=72 mean_norm=6.6097 max_norm=12.9635
Replay tap positives before filter=1483 after=1473
Current items collected: 333
Replay tap P3: count=308 mean_norm=7.3534 max_norm=24.5928
Replay tap P4: count=25 mean_norm=8.0294 max_norm=11.9666
Replay tap positives before filter=5673 after=5673
Current items collected: 924
Replay tap P3: count=788 mean_norm=6.8242 max_norm=19.6869
Replay tap P4: count=136 mean_norm=7.6355 max_norm=17.7605
Replay tap positives before filter=1567 after=1567
Current items collected: 414
Replay tap P3: count=395 mean_norm=4.8907 max_norm=17.4150
Replay tap P4: count=19 mean_norm=6.6420 max_norm=11.2978
Replay tap positives before filter=1039 after=1039
Current items collected: 288
Replay tap P3: count=274 mean_norm=7.4342 max_norm=30.9293
Replay tap P4: count=14 mean_norm=5.9789 max_norm=8.2443
Replay tap positives before filter=4906 after=4896
Current items collected: 757
Replay tap P3: count=639 mean_norm=5.4818 max_norm=24.4082
Replay tap P4: count=118 mean_norm=5.7635 max_norm=9.1221
Replay tap positives before filter=1830 after=1830
Current items collected: 358
Replay tap P3: count=309 mean_norm=5.4602 max_norm=17.3181
Replay tap P4: count=49 mean_norm=8.6430 max_norm=12.3168
Replay tap positives before filter=3792 after=3792
Current items collected: 509
Replay tap P3: count=443 mean_norm=6.9139 max_norm=23.0112
Replay tap P4: count=66 mean_norm=8.7577 max_norm=16.7609
Replay tap positives before filter=2218 after=2218
Current items collected: 572
Replay tap P3: count=530 mean_norm=6.9486 max_norm=26.1757
Replay tap P4: count=42 mean_norm=8.6172 max_norm=15.6617
Replay tap positives before filter=2573 after=2573
Current items collected: 576
Replay tap P3: count=489 mean_norm=6.9201 max_norm=18.2138
Replay tap P4: count=87 mean_norm=8.7123 max_norm=14.3379
Replay tap positives before filter=4098 after=4098
Current items collected: 801
Replay tap P3: count=758 mean_norm=4.7237 max_norm=17.1521
Replay tap P4: count=43 mean_norm=6.4765 max_norm=9.3438
Replay tap positives before filter=2441 after=2441
Current items collected: 674
Replay tap P3: count=607 mean_norm=6.0746 max_norm=30.6322
Replay tap P4: count=67 mean_norm=7.1037 max_norm=9.7655
Replay tap positives before filter=3484 after=3484
Current items collected: 468
Replay tap P3: count=425 mean_norm=6.3526 max_norm=29.3407
Replay tap P4: count=43 mean_norm=6.4058 max_norm=11.8447
Replay tap positives before filter=2380 after=2380
Current items collected: 587
Replay tap P3: count=548 mean_norm=9.9264 max_norm=31.3705
Replay tap P4: count=39 mean_norm=7.7413 max_norm=14.9391
Replay tap positives before filter=2320 after=2320
Current items collected: 302
Replay tap P3: count=291 mean_norm=4.7787 max_norm=18.8086
Replay tap P4: count=11 mean_norm=7.8859 max_norm=10.1578
Replay tap positives before filter=5271 after=5271
Current items collected: 1116
Replay tap P3: count=1044 mean_norm=5.8186 max_norm=29.6916
Replay tap P4: count=72 mean_norm=5.9232 max_norm=9.0171
Replay tap positives before filter=1890 after=1890
Current items collected: 420
Replay tap P3: count=374 mean_norm=6.3372 max_norm=24.5593
Replay tap P4: count=46 mean_norm=6.3043 max_norm=10.3585
Replay tap positives before filter=2381 after=2381
Current items collected: 497
Replay tap P3: count=469 mean_norm=6.9047 max_norm=20.7248
Replay tap P4: count=28 mean_norm=7.8310 max_norm=14.0351
Replay tap positives before filter=3631 after=3631
Current items collected: 403
Replay tap P3: count=372 mean_norm=8.2739 max_norm=26.9004
Replay tap P4: count=31 mean_norm=7.1958 max_norm=11.5545
Replay tap positives before filter=1758 after=1758
Current items collected: 377
Replay tap P3: count=345 mean_norm=4.7651 max_norm=16.8540
Replay tap P4: count=32 mean_norm=6.3138 max_norm=10.0085
Replay tap positives before filter=1782 after=1782
Current items collected: 242
Replay tap P3: count=229 mean_norm=6.9809 max_norm=27.8105
Replay tap P4: count=13 mean_norm=7.0844 max_norm=14.3021
Replay tap positives before filter=667 after=657
Current items collected: 409
Replay tap P3: count=405 mean_norm=7.5480 max_norm=31.2745
Replay tap P4: count=4 mean_norm=8.8175 max_norm=11.3859
Replay tap positives before filter=3241 after=3241
Current items collected: 551
Replay tap P3: count=483 mean_norm=7.8943 max_norm=23.9475
Replay tap P4: count=68 mean_norm=9.2628 max_norm=20.7879
Replay tap positives before filter=2011 after=2011
Current items collected: 405
Replay tap P3: count=384 mean_norm=8.5151 max_norm=28.5086
Replay tap P4: count=21 mean_norm=6.3668 max_norm=9.9766
Replay tap positives before filter=1702 after=1692
Current items collected: 338
Replay tap P3: count=324 mean_norm=6.3117 max_norm=31.8671
Replay tap P4: count=14 mean_norm=9.3608 max_norm=12.1110
Replay tap positives before filter=1918 after=1908
Current items collected: 520
Replay tap P3: count=465 mean_norm=8.5307 max_norm=33.1342
Replay tap P4: count=55 mean_norm=6.0026 max_norm=9.3911
Replay tap positives before filter=4004 after=4004
Current items collected: 656
Replay tap P3: count=575 mean_norm=5.4277 max_norm=26.6196
Replay tap P4: count=81 mean_norm=6.5852 max_norm=13.2324
Replay tap positives before filter=1309 after=1309
Current items collected: 308
Replay tap P3: count=271 mean_norm=4.2280 max_norm=10.1237
Replay tap P4: count=37 mean_norm=8.2836 max_norm=13.2375
Replay tap positives before filter=3114 after=3114
Current items collected: 539
Replay tap P3: count=481 mean_norm=5.7685 max_norm=23.6171
Replay tap P4: count=58 mean_norm=6.7109 max_norm=11.2738
Replay tap positives before filter=6100 after=6090
Current items collected: 1033
Replay tap P3: count=897 mean_norm=4.7824 max_norm=27.5644
Replay tap P4: count=136 mean_norm=7.4792 max_norm=16.7713
Replay tap positives before filter=2349 after=2339
Current items collected: 535
Replay tap P3: count=495 mean_norm=6.9689 max_norm=40.0031
Replay tap P4: count=40 mean_norm=8.4235 max_norm=15.7643
Replay tap positives before filter=1980 after=1980
Current items collected: 352
Replay tap P3: count=318 mean_norm=9.3608 max_norm=31.3725
Replay tap P4: count=34 mean_norm=7.6172 max_norm=13.3670
Replay tap positives before filter=1274 after=1264
Current items collected: 432
Replay tap P3: count=406 mean_norm=5.4477 max_norm=21.4952
Replay tap P4: count=26 mean_norm=7.7760 max_norm=14.5112
Replay tap positives before filter=3812 after=3812
Current items collected: 455
Replay tap P3: count=414 mean_norm=5.8368 max_norm=21.8322
Replay tap P4: count=41 mean_norm=5.9614 max_norm=10.3446
Replay tap positives before filter=5559 after=5539
Current items collected: 924
Replay tap P3: count=834 mean_norm=7.3697 max_norm=41.1920
Replay tap P4: count=90 mean_norm=5.8244 max_norm=13.4383
Replay tap positives before filter=2189 after=2189
Current items collected: 512
Replay tap P3: count=435 mean_norm=9.6220 max_norm=33.7682
Replay tap P4: count=77 mean_norm=8.6714 max_norm=17.2232
Replay tap positives before filter=2271 after=2271
Current items collected: 556
Replay tap P3: count=492 mean_norm=6.3405 max_norm=36.4607
Replay tap P4: count=64 mean_norm=7.7603 max_norm=16.4912
Replay tap positives before filter=920 after=920
Current items collected: 244
Replay tap P3: count=233 mean_norm=13.8569 max_norm=34.1357
Replay tap P4: count=11 mean_norm=9.3387 max_norm=15.0290
Replay tap positives before filter=2970 after=2970
Current items collected: 640
Replay tap P3: count=578 mean_norm=7.1900 max_norm=44.1363
Replay tap P4: count=62 mean_norm=10.7473 max_norm=15.6181
Replay tap positives before filter=3681 after=3681
Current items collected: 697
Replay tap P3: count=639 mean_norm=7.5473 max_norm=36.1093
Replay tap P4: count=58 mean_norm=6.4657 max_norm=13.2699
Replay tap positives before filter=1326 after=1326
Current items collected: 324
Replay tap P3: count=273 mean_norm=6.4862 max_norm=19.9462
Replay tap P4: count=51 mean_norm=9.1657 max_norm=17.6633
Replay tap positives before filter=8020 after=8020
Current items collected: 1803
Replay tap P3: count=1599 mean_norm=5.7928 max_norm=43.5186
Replay tap P4: count=204 mean_norm=5.7592 max_norm=11.9803
Replay tap positives before filter=6353 after=6353
Current items collected: 1330
Replay tap P3: count=1228 mean_norm=4.9325 max_norm=43.4125
Replay tap P4: count=102 mean_norm=6.3365 max_norm=9.9103
Replay tap positives before filter=3568 after=3568
Current items collected: 682
Replay tap P3: count=631 mean_norm=4.6381 max_norm=19.3734
Replay tap P4: count=51 mean_norm=5.9502 max_norm=13.2548
Replay tap positives before filter=843 after=843
Current items collected: 353
Replay tap P3: count=302 mean_norm=7.9320 max_norm=37.8581
Replay tap P4: count=51 mean_norm=6.2355 max_norm=9.1015
Replay tap positives before filter=2303 after=2303
Current items collected: 370
Replay tap P3: count=339 mean_norm=7.8198 max_norm=24.9632
Replay tap P4: count=31 mean_norm=6.7483 max_norm=11.5684
Replay tap positives before filter=1972 after=1972
Current items collected: 424
Replay tap P3: count=363 mean_norm=5.5128 max_norm=25.3736
Replay tap P4: count=61 mean_norm=7.5464 max_norm=17.1381
Replay tap positives before filter=3160 after=3160
Current items collected: 686
Replay tap P3: count=657 mean_norm=17.7526 max_norm=42.9449
Replay tap P4: count=29 mean_norm=7.6425 max_norm=15.3484
Replay tap positives before filter=2005 after=2005
Current items collected: 571
Replay tap P3: count=529 mean_norm=6.8178 max_norm=36.1943
Replay tap P4: count=42 mean_norm=8.0284 max_norm=14.3176
Replay tap positives before filter=2411 after=2411
Current items collected: 601
Replay tap P3: count=570 mean_norm=10.8031 max_norm=43.6041
Replay tap P4: count=31 mean_norm=5.5937 max_norm=9.1168
Replay tap positives before filter=2930 after=2930
Current items collected: 652
Replay tap P3: count=615 mean_norm=6.3688 max_norm=28.3481
Replay tap P4: count=37 mean_norm=6.1675 max_norm=7.9326
Replay tap positives before filter=1058 after=1058
Current items collected: 299
Replay tap P3: count=287 mean_norm=8.6055 max_norm=30.0539
Replay tap P4: count=12 mean_norm=6.5312 max_norm=9.5308
Replay tap positives before filter=4201 after=4201
Current items collected: 421
Replay tap P3: count=395 mean_norm=5.1481 max_norm=18.1872
Replay tap P4: count=26 mean_norm=5.8232 max_norm=11.6028
Replay tap positives before filter=2452 after=2452
Current items collected: 436
Replay tap P3: count=403 mean_norm=9.7279 max_norm=38.1030
Replay tap P4: count=33 mean_norm=10.8240 max_norm=18.3833
Replay tap positives before filter=3484 after=3484
Current items collected: 832
Replay tap P3: count=778 mean_norm=6.0315 max_norm=44.3192
Replay tap P4: count=54 mean_norm=8.0496 max_norm=17.2758
Replay tap positives before filter=4012 after=4012
Current items collected: 939
Replay tap P3: count=911 mean_norm=9.1897 max_norm=39.4389
Replay tap P4: count=28 mean_norm=7.3307 max_norm=11.6168
Replay tap positives before filter=2305 after=2295
Current items collected: 481
Replay tap P3: count=434 mean_norm=9.8452 max_norm=41.4821
Replay tap P4: count=47 mean_norm=7.3171 max_norm=14.0138
Replay tap positives before filter=4453 after=4453
Current items collected: 893
Replay tap P3: count=793 mean_norm=4.3966 max_norm=16.3230
Replay tap P4: count=100 mean_norm=6.3758 max_norm=15.6884
Replay tap positives before filter=1570 after=1560
Current items collected: 548
Replay tap P3: count=510 mean_norm=8.6057 max_norm=44.7181
Replay tap P4: count=38 mean_norm=6.1922 max_norm=9.6358
Replay tap positives before filter=1428 after=1428
Current items collected: 598
Replay tap P3: count=546 mean_norm=9.1536 max_norm=35.0311
Replay tap P4: count=52 mean_norm=6.4235 max_norm=10.3024
Replay tap positives before filter=1626 after=1616
Current items collected: 325
Replay tap P3: count=276 mean_norm=3.7534 max_norm=11.6770
Replay tap P4: count=49 mean_norm=5.2315 max_norm=7.9187
Replay tap positives before filter=3178 after=3178
Current items collected: 558
Replay tap P3: count=476 mean_norm=5.7193 max_norm=42.5950
Replay tap P4: count=82 mean_norm=6.9298 max_norm=12.7038
Replay tap positives before filter=1953 after=1953
Current items collected: 445
Replay tap P3: count=402 mean_norm=6.2998 max_norm=31.7498
Replay tap P4: count=43 mean_norm=12.1125 max_norm=22.0226
Replay tap positives before filter=4216 after=4216
Current items collected: 971
Replay tap P3: count=916 mean_norm=5.7961 max_norm=33.2743
Replay tap P4: count=55 mean_norm=8.4854 max_norm=15.4108
Replay tap positives before filter=2449 after=2439
Current items collected: 727
Replay tap P3: count=654 mean_norm=5.7027 max_norm=32.7708
Replay tap P4: count=73 mean_norm=6.4649 max_norm=10.0477
Replay tap positives before filter=8717 after=8717
Current items collected: 1392
Replay tap P3: count=1268 mean_norm=6.7709 max_norm=42.5454
Replay tap P4: count=124 mean_norm=6.5118 max_norm=10.8004
Replay tap positives before filter=2095 after=2075
Current items collected: 489
Replay tap P3: count=470 mean_norm=8.7234 max_norm=34.8400
Replay tap P4: count=19 mean_norm=5.8399 max_norm=10.3018
Replay tap positives before filter=656 after=656
Current items collected: 265
Replay tap P3: count=233 mean_norm=9.3254 max_norm=28.7700
Replay tap P4: count=32 mean_norm=5.1593 max_norm=8.6865
Replay tap positives before filter=1898 after=1898
Current items collected: 412
Replay tap P3: count=343 mean_norm=4.9243 max_norm=19.8235
Replay tap P4: count=69 mean_norm=5.4553 max_norm=8.6830
Replay tap positives before filter=3053 after=3053
Current items collected: 887
Replay tap P3: count=791 mean_norm=8.2985 max_norm=36.5773
Replay tap P4: count=96 mean_norm=7.7811 max_norm=22.1913
Replay tap positives before filter=2989 after=2979
Current items collected: 900
Replay tap P3: count=856 mean_norm=5.0877 max_norm=23.7000
Replay tap P4: count=44 mean_norm=7.3144 max_norm=11.5152
Replay tap positives before filter=1359 after=1359
Current items collected: 189
Replay tap P3: count=164 mean_norm=6.9205 max_norm=18.1163
Replay tap P4: count=25 mean_norm=8.5641 max_norm=16.3360
Replay tap positives before filter=1265 after=1265
Current items collected: 431
Replay tap P3: count=394 mean_norm=8.5124 max_norm=24.1421
Replay tap P4: count=37 mean_norm=10.0959 max_norm=15.2814
Replay tap positives before filter=7191 after=7191
Current items collected: 1454
Replay tap P3: count=1289 mean_norm=6.0632 max_norm=33.6694
Replay tap P4: count=165 mean_norm=6.2690 max_norm=18.4560
Replay tap positives before filter=3006 after=3006
Current items collected: 617
Replay tap P3: count=586 mean_norm=8.8221 max_norm=33.5535
Replay tap P4: count=31 mean_norm=10.7949 max_norm=22.0233
Replay tap positives before filter=1445 after=1445
Current items collected: 494
Replay tap P3: count=478 mean_norm=9.3995 max_norm=29.5837
Replay tap P4: count=16 mean_norm=6.3933 max_norm=7.8712
Replay tap positives before filter=1269 after=1269
Current items collected: 440
Replay tap P3: count=402 mean_norm=5.5437 max_norm=26.6696
Replay tap P4: count=38 mean_norm=5.5550 max_norm=10.7617
Replay tap positives before filter=755 after=755
Current items collected: 241
Replay tap P3: count=206 mean_norm=6.8769 max_norm=27.5870
Replay tap P4: count=35 mean_norm=7.3620 max_norm=15.5675
Replay tap positives before filter=3589 after=3589
Current items collected: 590
Replay tap P3: count=533 mean_norm=4.6685 max_norm=14.1265
Replay tap P4: count=57 mean_norm=5.6848 max_norm=8.5573
Replay tap positives before filter=1441 after=1441
Current items collected: 383
Replay tap P3: count=352 mean_norm=4.9814 max_norm=12.5233
Replay tap P4: count=31 mean_norm=7.0019 max_norm=9.7809
Replay tap positives before filter=4724 after=4724
Current items collected: 989
Replay tap P3: count=887 mean_norm=6.0044 max_norm=31.5682
Replay tap P4: count=102 mean_norm=7.3041 max_norm=18.3713
Replay tap positives before filter=3236 after=3236
Current items collected: 792
Replay tap P3: count=743 mean_norm=9.4745 max_norm=28.7567
Replay tap P4: count=49 mean_norm=5.5548 max_norm=7.7714
Replay tap positives before filter=3531 after=3521
Current items collected: 585
Replay tap P3: count=540 mean_norm=4.6999 max_norm=20.4687
Replay tap P4: count=45 mean_norm=5.7433 max_norm=9.9828
Replay tap positives before filter=1939 after=1939
Current items collected: 437
Replay tap P3: count=367 mean_norm=6.7126 max_norm=28.6740
Replay tap P4: count=70 mean_norm=6.4478 max_norm=11.5245
Replay tap positives before filter=957 after=957
Current items collected: 387
Replay tap P3: count=379 mean_norm=5.4452 max_norm=19.9588
Replay tap P4: count=8 mean_norm=6.4630 max_norm=9.0898
Replay tap positives before filter=916 after=896
Current items collected: 313
Replay tap P3: count=287 mean_norm=5.7148 max_norm=22.1696
Replay tap P4: count=26 mean_norm=7.8696 max_norm=12.9026
Replay tap positives before filter=936 after=926
Current items collected: 614
Replay tap P3: count=600 mean_norm=5.3053 max_norm=29.9238
Replay tap P4: count=14 mean_norm=10.5411 max_norm=12.7606
                   all        367      24440      0.205     0.0316      0.036     0.0195
Replay buffer size after epoch 1: 1920 embeddings across 15 classes.
Saved 1920 replay embeddings to /home/ddwilde/scriptie/runs/dota_saab/stage3-saab5/replay/buffer.pt

      Epoch    GPU_mem   box_loss   cls_loss   dfl_loss  Instances       Size
Replay tap positives before filter=872 after=872
Current items collected: 329
Replay tap P3: count=316 mean_norm=8.7435 max_norm=27.4369
Replay tap P4: count=13 mean_norm=7.9400 max_norm=10.8132
Replay tap positives before filter=5693 after=5693
Current items collected: 1233
Replay tap P3: count=1073 mean_norm=5.7260 max_norm=32.3700
Replay tap P4: count=160 mean_norm=6.7405 max_norm=11.3865
Replay tap positives before filter=3912 after=3902
Current items collected: 916
Replay tap P3: count=814 mean_norm=6.8068 max_norm=32.5068
Replay tap P4: count=102 mean_norm=6.8723 max_norm=16.6338
Replay tap positives before filter=1632 after=1622
Current items collected: 474
Replay tap P3: count=450 mean_norm=8.8984 max_norm=38.2498
Replay tap P4: count=24 mean_norm=5.7668 max_norm=8.4937
Replay tap positives before filter=2361 after=2351
Current items collected: 750
Replay tap P3: count=702 mean_norm=5.7152 max_norm=35.8801
Replay tap P4: count=48 mean_norm=9.0735 max_norm=17.7840
Replay tap positives before filter=2543 after=2543
Current items collected: 840
Replay tap P3: count=757 mean_norm=8.7440 max_norm=31.6113
Replay tap P4: count=83 mean_norm=7.6387 max_norm=11.0357
Replay tap positives before filter=1729 after=1729
Current items collected: 682
Replay tap P3: count=567 mean_norm=6.3514 max_norm=29.2216
Replay tap P4: count=115 mean_norm=10.7973 max_norm=18.6724
Replay tap positives before filter=1643 after=1643
Current items collected: 420
Replay tap P3: count=390 mean_norm=7.6193 max_norm=29.0983
Replay tap P4: count=30 mean_norm=11.1707 max_norm=17.3779
Replay tap positives before filter=1540 after=1530
Current items collected: 393
Replay tap P3: count=337 mean_norm=5.1886 max_norm=13.1928
Replay tap P4: count=56 mean_norm=11.6543 max_norm=15.2908
Replay tap positives before filter=2214 after=2214
Current items collected: 609
Replay tap P3: count=571 mean_norm=6.3142 max_norm=31.9502
Replay tap P4: count=38 mean_norm=8.0429 max_norm=16.2207
Replay tap positives before filter=1493 after=1493
Current items collected: 564
Replay tap P3: count=503 mean_norm=10.5114 max_norm=34.6453
Replay tap P4: count=61 mean_norm=6.6823 max_norm=12.8744
Replay tap positives before filter=2978 after=2978
Current items collected: 950
Replay tap P3: count=918 mean_norm=5.7612 max_norm=28.8909
Replay tap P4: count=32 mean_norm=8.4433 max_norm=15.8083
Replay tap positives before filter=4185 after=4185
Current items collected: 594
Replay tap P3: count=498 mean_norm=4.6137 max_norm=19.5683
Replay tap P4: count=96 mean_norm=5.8236 max_norm=17.3352
Replay tap positives before filter=1374 after=1374
Current items collected: 259
Replay tap P3: count=241 mean_norm=9.2953 max_norm=32.5570
Replay tap P4: count=18 mean_norm=8.4990 max_norm=13.8443
Replay tap positives before filter=2477 after=2477
Current items collected: 643
Replay tap P3: count=578 mean_norm=5.4234 max_norm=24.5534
Replay tap P4: count=65 mean_norm=10.8876 max_norm=20.4011
Replay tap positives before filter=1231 after=1221
Current items collected: 518
Replay tap P3: count=506 mean_norm=10.9340 max_norm=36.3889
Replay tap P4: count=12 mean_norm=6.1211 max_norm=9.3300
Replay tap positives before filter=2877 after=2877
Current items collected: 496
Replay tap P3: count=487 mean_norm=7.9561 max_norm=37.3463
Replay tap P4: count=9 mean_norm=6.0279 max_norm=8.2650
Replay tap positives before filter=3139 after=3139
Current items collected: 828
Replay tap P3: count=750 mean_norm=5.1120 max_norm=29.6370
Replay tap P4: count=78 mean_norm=9.9951 max_norm=19.9651
Replay tap positives before filter=2626 after=2626
Current items collected: 721
Replay tap P3: count=676 mean_norm=7.6568 max_norm=30.5287
Replay tap P4: count=45 mean_norm=8.0913 max_norm=23.8465
Replay tap positives before filter=5710 after=5710
Current items collected: 1107
Replay tap P3: count=1017 mean_norm=4.7761 max_norm=12.8204
Replay tap P4: count=90 mean_norm=6.0169 max_norm=12.6671
Replay tap positives before filter=4415 after=4415
Current items collected: 970
Replay tap P3: count=829 mean_norm=4.1641 max_norm=14.9257
Replay tap P4: count=141 mean_norm=5.3434 max_norm=9.8317
Replay tap positives before filter=1500 after=1490
Current items collected: 407
Replay tap P3: count=383 mean_norm=10.3144 max_norm=39.7772
Replay tap P4: count=24 mean_norm=6.7665 max_norm=12.2700
Replay tap positives before filter=3454 after=3454
Current items collected: 534
Replay tap P3: count=491 mean_norm=5.3932 max_norm=23.9151
Replay tap P4: count=43 mean_norm=6.4826 max_norm=22.5575
Replay tap positives before filter=1750 after=1750
Current items collected: 480
Replay tap P3: count=446 mean_norm=11.2685 max_norm=34.4934
Replay tap P4: count=34 mean_norm=7.5231 max_norm=21.7377
Replay tap positives before filter=2982 after=2982
Current items collected: 807
Replay tap P3: count=777 mean_norm=9.5817 max_norm=40.6660
Replay tap P4: count=30 mean_norm=8.4179 max_norm=26.3015
Replay tap positives before filter=5457 after=5457
Current items collected: 1726
Replay tap P3: count=1574 mean_norm=6.2824 max_norm=36.0843
Replay tap P4: count=152 mean_norm=5.9739 max_norm=13.9714
Replay tap positives before filter=1677 after=1677
Current items collected: 463
Replay tap P3: count=446 mean_norm=8.3694 max_norm=36.5966
Replay tap P4: count=17 mean_norm=5.6934 max_norm=11.8195
Replay tap positives before filter=3205 after=3205
Current items collected: 875
Replay tap P3: count=837 mean_norm=10.1831 max_norm=37.3869
Replay tap P4: count=38 mean_norm=5.6101 max_norm=9.5532
Replay tap positives before filter=2399 after=2399
Current items collected: 711
Replay tap P3: count=662 mean_norm=7.4715 max_norm=46.6102
Replay tap P4: count=49 mean_norm=7.9687 max_norm=22.2061
Replay tap positives before filter=3204 after=3204
Current items collected: 884
Replay tap P3: count=793 mean_norm=6.5816 max_norm=34.4984
Replay tap P4: count=91 mean_norm=6.6845 max_norm=10.5192
Replay tap positives before filter=3069 after=3069
Current items collected: 478
Replay tap P3: count=458 mean_norm=6.0679 max_norm=24.5533
Replay tap P4: count=20 mean_norm=5.7932 max_norm=11.9168
Replay tap positives before filter=1687 after=1687
Current items collected: 324
Replay tap P3: count=313 mean_norm=10.7512 max_norm=42.7306
Replay tap P4: count=11 mean_norm=6.2043 max_norm=9.2243
Replay tap positives before filter=3454 after=3454
Current items collected: 985
Replay tap P3: count=913 mean_norm=5.0670 max_norm=19.8606
Replay tap P4: count=72 mean_norm=8.4255 max_norm=19.9390
Replay tap positives before filter=2591 after=2581
Current items collected: 667
Replay tap P3: count=640 mean_norm=7.7554 max_norm=42.8937
Replay tap P4: count=27 mean_norm=6.4481 max_norm=9.4525
Replay tap positives before filter=3248 after=3248
Current items collected: 726
Replay tap P3: count=665 mean_norm=6.5407 max_norm=43.9463
Replay tap P4: count=61 mean_norm=6.1231 max_norm=10.8152
Replay tap positives before filter=3276 after=3276
Current items collected: 663
Replay tap P3: count=613 mean_norm=8.2028 max_norm=35.8929
Replay tap P4: count=50 mean_norm=10.1223 max_norm=32.6194
Replay tap positives before filter=2081 after=2081
Current items collected: 575
Replay tap P3: count=516 mean_norm=4.6363 max_norm=23.0577
Replay tap P4: count=59 mean_norm=5.6494 max_norm=11.3063
Replay tap positives before filter=1867 after=1867
Current items collected: 460
Replay tap P3: count=432 mean_norm=9.3464 max_norm=35.7287
Replay tap P4: count=28 mean_norm=7.4874 max_norm=14.6182
Replay tap positives before filter=3443 after=3443
Current items collected: 621
Replay tap P3: count=526 mean_norm=8.1856 max_norm=37.6449
Replay tap P4: count=95 mean_norm=13.3935 max_norm=22.9095
Replay tap positives before filter=1317 after=1317
Current items collected: 476
Replay tap P3: count=430 mean_norm=8.0313 max_norm=39.8031
Replay tap P4: count=46 mean_norm=12.8714 max_norm=29.5455
Replay tap positives before filter=1475 after=1475
Current items collected: 608
Replay tap P3: count=555 mean_norm=6.7236 max_norm=54.4489
Replay tap P4: count=53 mean_norm=10.6224 max_norm=18.9072
Replay tap positives before filter=2656 after=2656
Current items collected: 636
Replay tap P3: count=590 mean_norm=7.9221 max_norm=42.8893
Replay tap P4: count=46 mean_norm=10.1983 max_norm=21.9486
Replay tap positives before filter=3408 after=3408
Current items collected: 685
Replay tap P3: count=618 mean_norm=6.3582 max_norm=35.2131
Replay tap P4: count=67 mean_norm=7.1753 max_norm=14.9299
Replay tap positives before filter=1751 after=1751
Current items collected: 547
Replay tap P3: count=505 mean_norm=5.7180 max_norm=31.2468
Replay tap P4: count=42 mean_norm=6.8383 max_norm=13.4069
Replay tap positives before filter=2300 after=2300
Current items collected: 574
Replay tap P3: count=530 mean_norm=9.8550 max_norm=44.2980
Replay tap P4: count=44 mean_norm=7.6489 max_norm=20.7416
Replay tap positives before filter=2292 after=2292
Current items collected: 771
Replay tap P3: count=702 mean_norm=9.3884 max_norm=37.8093
Replay tap P4: count=69 mean_norm=6.6076 max_norm=10.3517
Replay tap positives before filter=5363 after=5363
Current items collected: 803
Replay tap P3: count=738 mean_norm=4.6336 max_norm=26.1166
Replay tap P4: count=65 mean_norm=5.4636 max_norm=7.9089
Replay tap positives before filter=1397 after=1397
Current items collected: 596
Replay tap P3: count=565 mean_norm=10.5175 max_norm=37.0700
Replay tap P4: count=31 mean_norm=11.1744 max_norm=20.2246
Replay tap positives before filter=1110 after=1110
Current items collected: 435
Replay tap P3: count=414 mean_norm=6.2347 max_norm=30.8764
Replay tap P4: count=21 mean_norm=5.7904 max_norm=9.4184
Replay tap positives before filter=1997 after=1997
Current items collected: 477
Replay tap P3: count=450 mean_norm=7.5290 max_norm=20.2620
Replay tap P4: count=27 mean_norm=10.4422 max_norm=17.8388
Replay tap positives before filter=4920 after=4910
Current items collected: 879
Replay tap P3: count=755 mean_norm=8.9022 max_norm=44.4456
Replay tap P4: count=124 mean_norm=6.9888 max_norm=10.8729
Replay tap positives before filter=1205 after=1205
Current items collected: 431
Replay tap P3: count=410 mean_norm=7.8484 max_norm=42.0952
Replay tap P4: count=21 mean_norm=11.1688 max_norm=21.2245
Replay tap positives before filter=2347 after=2347
Current items collected: 1018
Replay tap P3: count=1007 mean_norm=9.7354 max_norm=29.4030
Replay tap P4: count=11 mean_norm=5.0644 max_norm=6.8320
Replay tap positives before filter=1284 after=1274
Current items collected: 548
Replay tap P3: count=538 mean_norm=12.6812 max_norm=32.4883
Replay tap P4: count=10 mean_norm=6.3693 max_norm=9.8906
Replay tap positives before filter=5185 after=5185
Current items collected: 1106
Replay tap P3: count=956 mean_norm=5.0366 max_norm=25.8547
Replay tap P4: count=150 mean_norm=7.4756 max_norm=27.6964
Replay tap positives before filter=2407 after=2407
Current items collected: 763
Replay tap P3: count=704 mean_norm=5.9637 max_norm=29.1344
Replay tap P4: count=59 mean_norm=6.4641 max_norm=9.9369
Replay tap positives before filter=2721 after=2711
Current items collected: 827
Replay tap P3: count=745 mean_norm=7.8361 max_norm=37.0448
Replay tap P4: count=82 mean_norm=11.1731 max_norm=23.3700
Replay tap positives before filter=675 after=675
Current items collected: 305
Replay tap P3: count=283 mean_norm=8.3442 max_norm=29.3403
Replay tap P4: count=22 mean_norm=10.4963 max_norm=16.8479
Replay tap positives before filter=1153 after=1153
Current items collected: 331
Replay tap P3: count=318 mean_norm=5.0946 max_norm=15.8103
Replay tap P4: count=13 mean_norm=6.6620 max_norm=8.2562
Replay tap positives before filter=1396 after=1396
Current items collected: 381
Replay tap P3: count=352 mean_norm=8.5283 max_norm=30.8796
Replay tap P4: count=29 mean_norm=13.7935 max_norm=32.9643
Replay tap positives before filter=2459 after=2459
Current items collected: 656
Replay tap P3: count=633 mean_norm=8.1780 max_norm=29.6138
Replay tap P4: count=23 mean_norm=6.2137 max_norm=8.3037
Replay tap positives before filter=2876 after=2876
Current items collected: 661
Replay tap P3: count=570 mean_norm=7.5027 max_norm=30.5921
Replay tap P4: count=91 mean_norm=6.8859 max_norm=9.1534
Replay tap positives before filter=7951 after=7951
Current items collected: 1882
Replay tap P3: count=1739 mean_norm=4.7737 max_norm=37.9759
Replay tap P4: count=143 mean_norm=6.0041 max_norm=11.0120
Replay tap positives before filter=2721 after=2701
Current items collected: 954
Replay tap P3: count=906 mean_norm=8.1816 max_norm=31.2555
Replay tap P4: count=48 mean_norm=6.3323 max_norm=9.3479
Replay tap positives before filter=2487 after=2487
Current items collected: 608
Replay tap P3: count=579 mean_norm=6.5643 max_norm=18.2067
Replay tap P4: count=29 mean_norm=12.5194 max_norm=30.6118
Replay tap positives before filter=2442 after=2442
Current items collected: 746
Replay tap P3: count=703 mean_norm=6.2591 max_norm=15.9307
Replay tap P4: count=43 mean_norm=7.8126 max_norm=11.1110
Replay tap positives before filter=2975 after=2975
Current items collected: 720
Replay tap P3: count=624 mean_norm=4.8474 max_norm=30.9767
Replay tap P4: count=96 mean_norm=10.3513 max_norm=36.6146
Replay tap positives before filter=1580 after=1580
Current items collected: 530
Replay tap P3: count=503 mean_norm=7.8102 max_norm=29.6596
Replay tap P4: count=27 mean_norm=7.1427 max_norm=14.2352
Replay tap positives before filter=3382 after=3382
Current items collected: 643
Replay tap P3: count=567 mean_norm=6.7533 max_norm=29.2450
Replay tap P4: count=76 mean_norm=6.5582 max_norm=12.9232
Replay tap positives before filter=1292 after=1292
Current items collected: 196
Replay tap P3: count=191 mean_norm=6.5422 max_norm=29.6554
Replay tap P4: count=5 mean_norm=5.8764 max_norm=7.2807
Replay tap positives before filter=5634 after=5634
Current items collected: 1148
Replay tap P3: count=957 mean_norm=6.5919 max_norm=33.7808
Replay tap P4: count=191 mean_norm=7.6653 max_norm=15.6224
Replay tap positives before filter=5163 after=5153
Current items collected: 973
Replay tap P3: count=857 mean_norm=7.1450 max_norm=29.2861
Replay tap P4: count=116 mean_norm=6.7460 max_norm=11.4659
Replay tap positives before filter=3658 after=3658
Current items collected: 716
Replay tap P3: count=699 mean_norm=7.9907 max_norm=30.1730
Replay tap P4: count=17 mean_norm=8.0873 max_norm=14.2400
Replay tap positives before filter=1779 after=1779
Current items collected: 703
Replay tap P3: count=679 mean_norm=8.8303 max_norm=29.2999
Replay tap P4: count=24 mean_norm=9.7403 max_norm=21.6661
Replay tap positives before filter=4376 after=4376
Current items collected: 1151
Replay tap P3: count=1059 mean_norm=6.0176 max_norm=28.2961
Replay tap P4: count=92 mean_norm=9.6446 max_norm=35.1348
Replay tap positives before filter=1681 after=1681
Current items collected: 705
Replay tap P3: count=662 mean_norm=9.5947 max_norm=34.5474
Replay tap P4: count=43 mean_norm=8.6524 max_norm=19.3307
Replay tap positives before filter=1939 after=1939
Current items collected: 699
Replay tap P3: count=667 mean_norm=12.6569 max_norm=31.9657
Replay tap P4: count=32 mean_norm=9.0222 max_norm=17.1923
Replay tap positives before filter=3692 after=3692
Current items collected: 840
Replay tap P3: count=727 mean_norm=6.7218 max_norm=35.1250
Replay tap P4: count=113 mean_norm=6.6375 max_norm=11.9382
Replay tap positives before filter=3047 after=3047
Current items collected: 831
Replay tap P3: count=739 mean_norm=6.4567 max_norm=26.5147
Replay tap P4: count=92 mean_norm=9.5292 max_norm=30.7317
Replay tap positives before filter=2574 after=2564
Current items collected: 703
Replay tap P3: count=643 mean_norm=9.2256 max_norm=33.5610
Replay tap P4: count=60 mean_norm=9.1404 max_norm=28.4342
Replay tap positives before filter=981 after=951
Current items collected: 304
Replay tap P3: count=276 mean_norm=5.3135 max_norm=13.8147
Replay tap P4: count=28 mean_norm=8.7266 max_norm=14.9665
Replay tap positives before filter=2938 after=2938
Current items collected: 862
Replay tap P3: count=837 mean_norm=10.2321 max_norm=34.0424
Replay tap P4: count=25 mean_norm=5.9678 max_norm=8.8694
Replay tap positives before filter=1182 after=1182
Current items collected: 797
Replay tap P3: count=794 mean_norm=11.9836 max_norm=32.7479
Replay tap P4: count=3 mean_norm=7.1465 max_norm=8.5954
Replay tap positives before filter=1603 after=1603
Current items collected: 562
Replay tap P3: count=553 mean_norm=8.3381 max_norm=32.1843
Replay tap P4: count=9 mean_norm=6.6483 max_norm=7.4472
Replay tap positives before filter=2255 after=2255
Current items collected: 743
Replay tap P3: count=677 mean_norm=10.9980 max_norm=35.3618
Replay tap P4: count=66 mean_norm=6.9485 max_norm=9.6713
Replay tap positives before filter=6570 after=6570
Current items collected: 1554
Replay tap P3: count=1400 mean_norm=7.1436 max_norm=37.7569
Replay tap P4: count=154 mean_norm=6.1923 max_norm=12.5773
Replay tap positives before filter=5751 after=5751
Current items collected: 828
Replay tap P3: count=777 mean_norm=5.4665 max_norm=29.7883
Replay tap P4: count=51 mean_norm=6.5048 max_norm=10.1272
Replay tap positives before filter=1619 after=1619
Current items collected: 613
Replay tap P3: count=582 mean_norm=13.2930 max_norm=40.7560
Replay tap P4: count=31 mean_norm=7.2428 max_norm=9.4442
Replay tap positives before filter=4143 after=4143
Current items collected: 1172
Replay tap P3: count=1138 mean_norm=7.1606 max_norm=21.0440
Replay tap P4: count=34 mean_norm=6.4323 max_norm=8.8917
Replay tap positives before filter=1411 after=1411
Current items collected: 446
Replay tap P3: count=421 mean_norm=11.5108 max_norm=32.7347
Replay tap P4: count=25 mean_norm=14.0931 max_norm=36.3223
Replay tap positives before filter=4060 after=4049
Current items collected: 625
Replay tap P3: count=524 mean_norm=6.3022 max_norm=23.3829
Replay tap P4: count=101 mean_norm=9.4966 max_norm=13.3293
Replay tap positives before filter=2611 after=2601
Current items collected: 599
Replay tap P3: count=555 mean_norm=6.7009 max_norm=31.2827
Replay tap P4: count=44 mean_norm=6.8012 max_norm=9.2603
Replay tap positives before filter=1042 after=1042
Current items collected: 490
Replay tap P3: count=474 mean_norm=9.6836 max_norm=38.1248
Replay tap P4: count=16 mean_norm=12.6895 max_norm=20.6844
Replay tap positives before filter=1754 after=1734
Current items collected: 448
Replay tap P3: count=419 mean_norm=12.1429 max_norm=48.7564
Replay tap P4: count=29 mean_norm=6.1441 max_norm=9.2997
Replay tap positives before filter=2999 after=2999
Current items collected: 773
Replay tap P3: count=724 mean_norm=12.2979 max_norm=41.9048
Replay tap P4: count=49 mean_norm=9.9303 max_norm=24.5643
Replay tap positives before filter=1725 after=1725
Current items collected: 620
Replay tap P3: count=555 mean_norm=9.3973 max_norm=35.8365
Replay tap P4: count=65 mean_norm=11.0010 max_norm=22.0797
Replay tap positives before filter=3413 after=3413
Current items collected: 649
Replay tap P3: count=600 mean_norm=5.0305 max_norm=16.1011
Replay tap P4: count=49 mean_norm=7.4677 max_norm=10.7775
Replay tap positives before filter=3416 after=3416
Current items collected: 703
Replay tap P3: count=603 mean_norm=10.2058 max_norm=28.3870
Replay tap P4: count=100 mean_norm=10.9721 max_norm=28.0509
Replay tap positives before filter=1062 after=1062
Current items collected: 238
Replay tap P3: count=235 mean_norm=10.3790 max_norm=27.7807
Replay tap P4: count=3 mean_norm=5.3746 max_norm=5.8647
Replay tap positives before filter=1832 after=1832
Current items collected: 646
Replay tap P3: count=607 mean_norm=11.4871 max_norm=28.6706
Replay tap P4: count=39 mean_norm=18.9625 max_norm=28.0971
Replay tap positives before filter=1813 after=1813
Current items collected: 576
Replay tap P3: count=551 mean_norm=12.9633 max_norm=33.1346
Replay tap P4: count=25 mean_norm=8.3476 max_norm=14.4492
Replay tap positives before filter=3880 after=3880
Current items collected: 715
Replay tap P3: count=615 mean_norm=9.1794 max_norm=41.9273
Replay tap P4: count=100 mean_norm=7.0469 max_norm=11.3905
Replay tap positives before filter=2101 after=2101
Current items collected: 546
Replay tap P3: count=517 mean_norm=6.9794 max_norm=36.6592
Replay tap P4: count=29 mean_norm=10.9613 max_norm=25.8368
Replay tap positives before filter=3291 after=3291
Current items collected: 820
Replay tap P3: count=780 mean_norm=10.9301 max_norm=35.5487
Replay tap P4: count=40 mean_norm=13.7618 max_norm=31.7721
Replay tap positives before filter=2572 after=2572
Current items collected: 659
Replay tap P3: count=627 mean_norm=10.4169 max_norm=42.0712
Replay tap P4: count=32 mean_norm=8.1594 max_norm=16.7127
Replay tap positives before filter=4087 after=4077
Current items collected: 729
Replay tap P3: count=661 mean_norm=9.8081 max_norm=41.4023
Replay tap P4: count=68 mean_norm=8.5521 max_norm=21.8820
Replay tap positives before filter=4003 after=3993
Current items collected: 738
Replay tap P3: count=641 mean_norm=7.6283 max_norm=35.9090
Replay tap P4: count=97 mean_norm=13.2746 max_norm=31.0189
Replay tap positives before filter=2396 after=2396
Current items collected: 701
Replay tap P3: count=627 mean_norm=12.1417 max_norm=39.8965
Replay tap P4: count=74 mean_norm=6.3392 max_norm=9.7701
Replay tap positives before filter=1734 after=1734
Current items collected: 524
Replay tap P3: count=494 mean_norm=12.7575 max_norm=29.5710
Replay tap P4: count=30 mean_norm=9.8130 max_norm=19.2405
Replay tap positives before filter=3768 after=3768
Current items collected: 1026
Replay tap P3: count=947 mean_norm=9.6582 max_norm=34.4028
Replay tap P4: count=79 mean_norm=7.3714 max_norm=12.4072
Replay tap positives before filter=3615 after=3615
Current items collected: 745
Replay tap P3: count=671 mean_norm=10.4130 max_norm=42.9073
Replay tap P4: count=74 mean_norm=9.2881 max_norm=13.5421
Replay tap positives before filter=4939 after=4939
Current items collected: 932
Replay tap P3: count=813 mean_norm=7.0456 max_norm=29.9774
Replay tap P4: count=119 mean_norm=7.6875 max_norm=12.8119
Replay tap positives before filter=1238 after=1238
Current items collected: 400
Replay tap P3: count=310 mean_norm=5.6579 max_norm=23.6744
Replay tap P4: count=90 mean_norm=8.0747 max_norm=11.3787
Replay tap positives before filter=2026 after=2026
Current items collected: 585
Replay tap P3: count=539 mean_norm=11.1558 max_norm=31.7677
Replay tap P4: count=46 mean_norm=8.4204 max_norm=11.2698
Replay tap positives before filter=1635 after=1615
Current items collected: 618
Replay tap P3: count=572 mean_norm=13.4470 max_norm=35.7328
Replay tap P4: count=46 mean_norm=10.0632 max_norm=21.3446
Replay tap positives before filter=2836 after=2836
Current items collected: 689
Replay tap P3: count=629 mean_norm=7.7154 max_norm=39.9114
Replay tap P4: count=60 mean_norm=7.0034 max_norm=13.4687
Replay tap positives before filter=2132 after=2132
Current items collected: 840
Replay tap P3: count=804 mean_norm=11.1352 max_norm=36.8383
Replay tap P4: count=36 mean_norm=20.3601 max_norm=31.5615
Replay tap positives before filter=4252 after=4252
Current items collected: 781
Replay tap P3: count=726 mean_norm=7.8894 max_norm=32.5589
Replay tap P4: count=55 mean_norm=8.1752 max_norm=13.5396
Replay tap positives before filter=2731 after=2731
Current items collected: 1028
Replay tap P3: count=958 mean_norm=10.7853 max_norm=38.1172
Replay tap P4: count=70 mean_norm=9.5464 max_norm=27.1851
Replay tap positives before filter=3035 after=3025
Current items collected: 1110
Replay tap P3: count=1029 mean_norm=10.3572 max_norm=32.9518
Replay tap P4: count=81 mean_norm=9.1866 max_norm=15.1380
Replay tap positives before filter=1332 after=1332
Current items collected: 498
Replay tap P3: count=467 mean_norm=9.2725 max_norm=42.7300
Replay tap P4: count=31 mean_norm=7.7979 max_norm=12.9566
Replay tap positives before filter=924 after=924
Current items collected: 272
Replay tap P3: count=266 mean_norm=5.9434 max_norm=16.6917
Replay tap P4: count=6 mean_norm=7.5551 max_norm=8.6837
Replay tap positives before filter=2319 after=2319
Current items collected: 547
Replay tap P3: count=490 mean_norm=7.5388 max_norm=39.7401
Replay tap P4: count=57 mean_norm=9.7354 max_norm=20.3639
Replay tap positives before filter=1460 after=1452
Current items collected: 439
Replay tap P3: count=414 mean_norm=12.2040 max_norm=37.7018
Replay tap P4: count=25 mean_norm=13.5305 max_norm=32.9874
Replay tap positives before filter=2028 after=2028
Current items collected: 525
Replay tap P3: count=423 mean_norm=9.3731 max_norm=40.6085
Replay tap P4: count=102 mean_norm=9.5160 max_norm=29.6015
Replay tap positives before filter=2991 after=2991
Current items collected: 663
Replay tap P3: count=580 mean_norm=9.2639 max_norm=31.1847
Replay tap P4: count=83 mean_norm=8.8823 max_norm=13.8869
Replay tap positives before filter=3359 after=3359
Current items collected: 593
Replay tap P3: count=507 mean_norm=14.3131 max_norm=40.9992
Replay tap P4: count=86 mean_norm=10.5504 max_norm=15.0176
Replay tap positives before filter=4550 after=4550
Current items collected: 945
Replay tap P3: count=861 mean_norm=7.3222 max_norm=38.4098
Replay tap P4: count=84 mean_norm=12.1333 max_norm=28.2584
Replay tap positives before filter=4901 after=4901
Current items collected: 1034
Replay tap P3: count=931 mean_norm=5.2766 max_norm=35.2510
Replay tap P4: count=103 mean_norm=6.6888 max_norm=11.3883
Replay tap positives before filter=2103 after=2103
Current items collected: 540
Replay tap P3: count=510 mean_norm=10.3825 max_norm=40.2519
Replay tap P4: count=30 mean_norm=7.1399 max_norm=10.7006
Replay tap positives before filter=2352 after=2342
Current items collected: 834
Replay tap P3: count=771 mean_norm=11.3030 max_norm=37.7547
Replay tap P4: count=63 mean_norm=13.4981 max_norm=25.0529
Replay tap positives before filter=2695 after=2695
Current items collected: 727
Replay tap P3: count=664 mean_norm=10.6872 max_norm=44.6254
Replay tap P4: count=63 mean_norm=9.0962 max_norm=14.9996
Replay tap positives before filter=910 after=910
Current items collected: 371
Replay tap P3: count=318 mean_norm=12.3131 max_norm=35.9615
Replay tap P4: count=53 mean_norm=11.0661 max_norm=25.6443
Replay tap positives before filter=1741 after=1721
Current items collected: 543
Replay tap P3: count=492 mean_norm=15.6740 max_norm=40.3774
Replay tap P4: count=51 mean_norm=6.8826 max_norm=11.8927
Replay tap positives before filter=3253 after=3253
Current items collected: 592
Replay tap P3: count=510 mean_norm=8.3615 max_norm=57.5020
Replay tap P4: count=82 mean_norm=10.0967 max_norm=19.8603
Replay tap positives before filter=2947 after=2947
Current items collected: 1077
Replay tap P3: count=984 mean_norm=14.2028 max_norm=45.6572
Replay tap P4: count=93 mean_norm=13.2806 max_norm=33.1823
Replay tap positives before filter=1964 after=1964
Current items collected: 526
Replay tap P3: count=452 mean_norm=5.8762 max_norm=33.5494
Replay tap P4: count=74 mean_norm=6.8599 max_norm=10.0037
Replay tap positives before filter=1029 after=1029
Current items collected: 406
Replay tap P3: count=390 mean_norm=12.8183 max_norm=36.1062
Replay tap P4: count=16 mean_norm=8.7119 max_norm=14.5151
Replay tap positives before filter=2030 after=2030
Current items collected: 871
Replay tap P3: count=836 mean_norm=12.1308 max_norm=30.9521
Replay tap P4: count=35 mean_norm=7.7741 max_norm=17.8071
Replay tap positives before filter=2316 after=2306
Current items collected: 497
Replay tap P3: count=460 mean_norm=9.7527 max_norm=42.1858
Replay tap P4: count=37 mean_norm=16.7318 max_norm=34.5109
Replay tap positives before filter=1751 after=1741
Current items collected: 470
Replay tap P3: count=414 mean_norm=9.1477 max_norm=46.8273
Replay tap P4: count=56 mean_norm=11.2159 max_norm=33.2476
Replay tap positives before filter=2295 after=2295
Current items collected: 576
Replay tap P3: count=514 mean_norm=10.4732 max_norm=37.9615
Replay tap P4: count=62 mean_norm=7.5150 max_norm=14.9506
Replay tap positives before filter=1892 after=1892
Current items collected: 461
Replay tap P3: count=395 mean_norm=8.3326 max_norm=42.0774
Replay tap P4: count=66 mean_norm=8.3771 max_norm=14.3196
Replay tap positives before filter=8808 after=8808
Current items collected: 1474
Replay tap P3: count=1287 mean_norm=6.2665 max_norm=52.3002
Replay tap P4: count=187 mean_norm=8.2663 max_norm=14.3682
Replay tap positives before filter=1680 after=1680
Current items collected: 487
Replay tap P3: count=374 mean_norm=9.6154 max_norm=37.0353
Replay tap P4: count=113 mean_norm=10.6543 max_norm=20.0706
Replay tap positives before filter=1299 after=1299
Current items collected: 620
Replay tap P3: count=507 mean_norm=8.4808 max_norm=43.7380
Replay tap P4: count=113 mean_norm=12.4968 max_norm=28.3770
Replay tap positives before filter=1187 after=1187
Current items collected: 207
Replay tap P3: count=193 mean_norm=11.3558 max_norm=43.9668
Replay tap P4: count=14 mean_norm=5.7463 max_norm=7.3028
Replay tap positives before filter=3475 after=3475
Current items collected: 725
Replay tap P3: count=681 mean_norm=12.4604 max_norm=40.2924
Replay tap P4: count=44 mean_norm=12.9194 max_norm=39.3369
Replay tap positives before filter=2210 after=2200
Current items collected: 522
Replay tap P3: count=491 mean_norm=10.0999 max_norm=40.4200
Replay tap P4: count=31 mean_norm=13.8428 max_norm=31.0687
Replay tap positives before filter=5782 after=5782
Current items collected: 971
Replay tap P3: count=853 mean_norm=10.5348 max_norm=60.6395
Replay tap P4: count=118 mean_norm=8.9515 max_norm=13.1410
Replay tap positives before filter=1653 after=1643
Current items collected: 376
Replay tap P3: count=363 mean_norm=6.5169 max_norm=41.9986
Replay tap P4: count=13 mean_norm=7.4340 max_norm=9.2250
Replay tap positives before filter=2701 after=2692
Current items collected: 637
Replay tap P3: count=591 mean_norm=11.4645 max_norm=39.4887
Replay tap P4: count=46 mean_norm=7.8301 max_norm=13.0541
Replay tap positives before filter=1107 after=1087
Current items collected: 354
Replay tap P3: count=341 mean_norm=6.8754 max_norm=26.2536
Replay tap P4: count=13 mean_norm=6.3955 max_norm=7.4095
Replay tap positives before filter=1860 after=1860
Current items collected: 487
Replay tap P3: count=450 mean_norm=10.8991 max_norm=39.8220
Replay tap P4: count=37 mean_norm=8.2832 max_norm=11.8896
Replay tap positives before filter=7574 after=7574
Current items collected: 1695
Replay tap P3: count=1550 mean_norm=7.4881 max_norm=29.7611
Replay tap P4: count=145 mean_norm=7.8809 max_norm=12.8065
Replay tap positives before filter=903 after=903
Current items collected: 302
Replay tap P3: count=296 mean_norm=14.3090 max_norm=49.0403
Replay tap P4: count=6 mean_norm=6.0218 max_norm=6.9734
Replay tap positives before filter=1632 after=1632
Current items collected: 469
Replay tap P3: count=458 mean_norm=12.3783 max_norm=53.0613
Replay tap P4: count=11 mean_norm=6.4973 max_norm=8.3962
Replay tap positives before filter=2806 after=2806
Current items collected: 626
Replay tap P3: count=558 mean_norm=9.5626 max_norm=29.4499
Replay tap P4: count=68 mean_norm=10.3258 max_norm=14.3213
Replay tap positives before filter=3221 after=3221
Current items collected: 667
Replay tap P3: count=540 mean_norm=7.2610 max_norm=38.8101
Replay tap P4: count=127 mean_norm=12.6355 max_norm=25.8738
Replay tap positives before filter=5517 after=5517
Current items collected: 1763
Replay tap P3: count=1622 mean_norm=10.2044 max_norm=33.7180
Replay tap P4: count=141 mean_norm=8.1041 max_norm=14.5443
Replay tap positives before filter=2028 after=1998
Current items collected: 595
Replay tap P3: count=556 mean_norm=6.8728 max_norm=37.4322
Replay tap P4: count=39 mean_norm=14.0232 max_norm=30.2999
Replay tap positives before filter=1456 after=1456
Current items collected: 525
Replay tap P3: count=514 mean_norm=12.7159 max_norm=40.6376
Replay tap P4: count=11 mean_norm=6.4260 max_norm=8.7045
Replay tap positives before filter=4668 after=4668
Current items collected: 1186
Replay tap P3: count=1053 mean_norm=10.1887 max_norm=39.7844
Replay tap P4: count=133 mean_norm=10.4724 max_norm=33.9998
Replay tap positives before filter=2886 after=2886
Current items collected: 1005
Replay tap P3: count=945 mean_norm=16.6280 max_norm=42.7251
Replay tap P4: count=60 mean_norm=11.0858 max_norm=36.8281
Replay tap positives before filter=1312 after=1312
Current items collected: 439
Replay tap P3: count=393 mean_norm=7.3694 max_norm=27.4787
Replay tap P4: count=46 mean_norm=8.9774 max_norm=24.0747
Replay tap positives before filter=3547 after=3547
Current items collected: 971
Replay tap P3: count=896 mean_norm=15.8542 max_norm=53.9587
Replay tap P4: count=75 mean_norm=10.6543 max_norm=15.2887
Replay tap positives before filter=1971 after=1971
Current items collected: 389
Replay tap P3: count=339 mean_norm=15.0243 max_norm=60.4471
Replay tap P4: count=50 mean_norm=17.0716 max_norm=31.3277
Replay tap positives before filter=4216 after=4216
Current items collected: 1068
Replay tap P3: count=969 mean_norm=8.0079 max_norm=48.1526
Replay tap P4: count=99 mean_norm=7.5836 max_norm=12.0160
Replay tap positives before filter=2907 after=2907
Current items collected: 866
Replay tap P3: count=771 mean_norm=11.5566 max_norm=44.9547
Replay tap P4: count=95 mean_norm=7.0087 max_norm=18.6043
Replay tap positives before filter=4554 after=4554
Current items collected: 978
Replay tap P3: count=910 mean_norm=12.7217 max_norm=57.6376
Replay tap P4: count=68 mean_norm=11.3151 max_norm=33.1684
Replay tap positives before filter=2480 after=2480
Current items collected: 703
Replay tap P3: count=675 mean_norm=13.0391 max_norm=45.0356
Replay tap P4: count=28 mean_norm=10.4520 max_norm=30.6435
Replay tap positives before filter=3012 after=3012
Current items collected: 630
Replay tap P3: count=550 mean_norm=7.2802 max_norm=32.0822
Replay tap P4: count=80 mean_norm=7.0536 max_norm=10.1604
Replay tap positives before filter=3342 after=3339
Current items collected: 1017
Replay tap P3: count=996 mean_norm=10.2658 max_norm=40.6796
Replay tap P4: count=21 mean_norm=10.3071 max_norm=23.4159
Replay tap positives before filter=1443 after=1443
Current items collected: 505
Replay tap P3: count=478 mean_norm=6.3241 max_norm=27.8068
Replay tap P4: count=27 mean_norm=7.3589 max_norm=12.2695
Replay tap positives before filter=5285 after=5285
Current items collected: 869
Replay tap P3: count=737 mean_norm=8.4763 max_norm=57.6954
Replay tap P4: count=132 mean_norm=11.3252 max_norm=15.0033
Replay tap positives before filter=1481 after=1481
Current items collected: 344
Replay tap P3: count=326 mean_norm=17.2651 max_norm=43.4444
Replay tap P4: count=18 mean_norm=10.3623 max_norm=19.4749
Replay tap positives before filter=1560 after=1560
Current items collected: 186
Replay tap P3: count=167 mean_norm=9.3387 max_norm=32.4352
Replay tap P4: count=19 mean_norm=10.9553 max_norm=13.2214
                   all        367      24440      0.348       0.05     0.0897     0.0445
Replay buffer size after epoch 2: 1920 embeddings across 15 classes.
Saved 1920 replay embeddings to /home/ddwilde/scriptie/runs/dota_saab/stage3-saab5/replay/buffer.pt

      Epoch    GPU_mem   box_loss   cls_loss   dfl_loss  Instances       Size
Replay tap positives before filter=2131 after=2131
Current items collected: 522
Replay tap P3: count=497 mean_norm=16.0494 max_norm=52.0181
Replay tap P4: count=25 mean_norm=10.3800 max_norm=16.6250
Replay tap positives before filter=3411 after=3411
Current items collected: 899
Replay tap P3: count=861 mean_norm=12.6506 max_norm=38.1120
Replay tap P4: count=38 mean_norm=6.5244 max_norm=13.9536
Replay tap positives before filter=2745 after=2745
Current items collected: 581
Replay tap P3: count=553 mean_norm=10.6770 max_norm=56.6727
Replay tap P4: count=28 mean_norm=8.9004 max_norm=14.2673
Replay tap positives before filter=2308 after=2308
Current items collected: 559
Replay tap P3: count=536 mean_norm=6.3292 max_norm=19.6338
Replay tap P4: count=23 mean_norm=6.8561 max_norm=9.3676
Replay tap positives before filter=1836 after=1836
Current items collected: 832
Replay tap P3: count=771 mean_norm=17.7091 max_norm=49.7306
Replay tap P4: count=61 mean_norm=7.3259 max_norm=18.2028
Replay tap positives before filter=2516 after=2516
Current items collected: 573
Replay tap P3: count=552 mean_norm=7.3804 max_norm=29.5225
Replay tap P4: count=21 mean_norm=6.8218 max_norm=11.4348
Replay tap positives before filter=1148 after=1128
Current items collected: 519
Replay tap P3: count=504 mean_norm=14.2537 max_norm=50.6829
Replay tap P4: count=15 mean_norm=6.5921 max_norm=9.0631
Replay tap positives before filter=1282 after=1282
Current items collected: 462
Replay tap P3: count=431 mean_norm=9.0214 max_norm=54.2748
Replay tap P4: count=31 mean_norm=6.5418 max_norm=9.4594
Replay tap positives before filter=2931 after=2931
Current items collected: 722
Replay tap P3: count=670 mean_norm=11.3256 max_norm=51.0700
Replay tap P4: count=52 mean_norm=13.5041 max_norm=31.8984
Replay tap positives before filter=6614 after=6614
Current items collected: 1208
Replay tap P3: count=1104 mean_norm=10.4244 max_norm=46.6852
Replay tap P4: count=104 mean_norm=11.3793 max_norm=37.0608
Replay tap positives before filter=4636 after=4636
Current items collected: 1466
Replay tap P3: count=1392 mean_norm=9.8384 max_norm=32.2299
Replay tap P4: count=74 mean_norm=14.2671 max_norm=42.3246
Replay tap positives before filter=1185 after=1175
Current items collected: 366
Replay tap P3: count=340 mean_norm=12.2963 max_norm=47.7336
Replay tap P4: count=26 mean_norm=17.3478 max_norm=37.2734
Replay tap positives before filter=1469 after=1459
Current items collected: 565
Replay tap P3: count=551 mean_norm=18.5956 max_norm=49.8407
Replay tap P4: count=14 mean_norm=8.8701 max_norm=14.3017
Replay tap positives before filter=1828 after=1828
Current items collected: 429
Replay tap P3: count=416 mean_norm=14.4333 max_norm=42.8730
Replay tap P4: count=13 mean_norm=6.7182 max_norm=8.6063
Replay tap positives before filter=1268 after=1268
Current items collected: 665
Replay tap P3: count=635 mean_norm=17.6014 max_norm=54.9124
Replay tap P4: count=30 mean_norm=22.7880 max_norm=47.5581
Replay tap positives before filter=1526 after=1526
Current items collected: 609
Replay tap P3: count=581 mean_norm=8.9962 max_norm=53.2573
Replay tap P4: count=28 mean_norm=9.1566 max_norm=20.9790
Replay tap positives before filter=2934 after=2934
Current items collected: 870
Replay tap P3: count=771 mean_norm=12.0209 max_norm=31.9354
Replay tap P4: count=99 mean_norm=12.3992 max_norm=24.1992
Replay tap positives before filter=2153 after=2153
Current items collected: 454
Replay tap P3: count=404 mean_norm=11.6302 max_norm=42.1676
Replay tap P4: count=50 mean_norm=6.1091 max_norm=8.8924
Replay tap positives before filter=2669 after=2669
Current items collected: 709
Replay tap P3: count=679 mean_norm=12.9243 max_norm=41.7178
Replay tap P4: count=30 mean_norm=14.1947 max_norm=34.7349
Replay tap positives before filter=2061 after=2051
Current items collected: 605
Replay tap P3: count=519 mean_norm=9.3058 max_norm=23.4092
Replay tap P4: count=86 mean_norm=16.5469 max_norm=38.4459
Replay tap positives before filter=2749 after=2749
Current items collected: 512
Replay tap P3: count=456 mean_norm=7.6607 max_norm=47.9709
Replay tap P4: count=56 mean_norm=6.5919 max_norm=9.5994
Replay tap positives before filter=2609 after=2609
Current items collected: 522
Replay tap P3: count=480 mean_norm=8.8684 max_norm=50.0231
Replay tap P4: count=42 mean_norm=17.0177 max_norm=47.7926
Replay tap positives before filter=3060 after=3060
Current items collected: 697
Replay tap P3: count=643 mean_norm=12.1417 max_norm=29.5665
Replay tap P4: count=54 mean_norm=8.7001 max_norm=13.1777
Replay tap positives before filter=2919 after=2919
Current items collected: 1055
Replay tap P3: count=960 mean_norm=11.2564 max_norm=47.2084
Replay tap P4: count=95 mean_norm=14.0476 max_norm=35.8435
Replay tap positives before filter=3981 after=3981
Current items collected: 1029
Replay tap P3: count=948 mean_norm=14.7416 max_norm=37.8827
Replay tap P4: count=81 mean_norm=18.1369 max_norm=35.5624
Replay tap positives before filter=3400 after=3400
Current items collected: 723
Replay tap P3: count=654 mean_norm=13.6705 max_norm=36.0227
Replay tap P4: count=69 mean_norm=14.5195 max_norm=35.6952
Replay tap positives before filter=4190 after=4190
Current items collected: 1240
Replay tap P3: count=1170 mean_norm=9.1951 max_norm=35.1595
Replay tap P4: count=70 mean_norm=9.6465 max_norm=34.3957
Replay tap positives before filter=875 after=875
Current items collected: 320
Replay tap P3: count=295 mean_norm=9.9566 max_norm=44.4407
Replay tap P4: count=25 mean_norm=8.3005 max_norm=24.0655
Replay tap positives before filter=3089 after=3089
Current items collected: 600
Replay tap P3: count=583 mean_norm=14.1653 max_norm=43.1764
Replay tap P4: count=17 mean_norm=6.4588 max_norm=9.1422
Replay tap positives before filter=1840 after=1840
Current items collected: 286
Replay tap P3: count=271 mean_norm=12.1881 max_norm=45.7828
Replay tap P4: count=15 mean_norm=6.8665 max_norm=10.0296
Replay tap positives before filter=2449 after=2429
Current items collected: 692
Replay tap P3: count=659 mean_norm=10.0322 max_norm=42.9106
Replay tap P4: count=33 mean_norm=11.0048 max_norm=16.0592
Replay tap positives before filter=1557 after=1557
Current items collected: 693
Replay tap P3: count=616 mean_norm=15.7301 max_norm=41.4852
Replay tap P4: count=77 mean_norm=13.1345 max_norm=32.8392
Replay tap positives before filter=2183 after=2183
Current items collected: 805
Replay tap P3: count=769 mean_norm=13.9173 max_norm=42.6530
Replay tap P4: count=36 mean_norm=13.8317 max_norm=23.3637
Replay tap positives before filter=8288 after=8268
Current items collected: 1422
Replay tap P3: count=1309 mean_norm=11.3764 max_norm=43.1399
Replay tap P4: count=113 mean_norm=8.4918 max_norm=12.3798
Replay tap positives before filter=2660 after=2650
Current items collected: 940
Replay tap P3: count=896 mean_norm=13.1689 max_norm=44.1356
Replay tap P4: count=44 mean_norm=12.5322 max_norm=19.0209
Replay tap positives before filter=2423 after=2423
Current items collected: 375
Replay tap P3: count=343 mean_norm=12.2136 max_norm=37.1652
Replay tap P4: count=32 mean_norm=12.7666 max_norm=34.6450
Replay tap positives before filter=1428 after=1428
Current items collected: 384
Replay tap P3: count=358 mean_norm=12.0753 max_norm=41.0890
Replay tap P4: count=26 mean_norm=8.7019 max_norm=20.0806
Replay tap positives before filter=2079 after=2079
Current items collected: 511
Replay tap P3: count=482 mean_norm=10.0866 max_norm=33.3476
Replay tap P4: count=29 mean_norm=14.1612 max_norm=36.0401
Replay tap positives before filter=1971 after=1971
Current items collected: 674
Replay tap P3: count=638 mean_norm=14.3748 max_norm=43.2186
Replay tap P4: count=36 mean_norm=6.7307 max_norm=10.5005
Replay tap positives before filter=3158 after=3158
Current items collected: 1153
Replay tap P3: count=1104 mean_norm=10.2569 max_norm=42.0872
Replay tap P4: count=49 mean_norm=21.3817 max_norm=41.7720
Replay tap positives before filter=6166 after=6166
Current items collected: 1544
Replay tap P3: count=1428 mean_norm=10.5732 max_norm=37.5280
Replay tap P4: count=116 mean_norm=8.2029 max_norm=15.3199
Replay tap positives before filter=2180 after=2180
Current items collected: 536
Replay tap P3: count=469 mean_norm=8.2770 max_norm=22.3087
Replay tap P4: count=67 mean_norm=12.2437 max_norm=30.2733
Replay tap positives before filter=2192 after=2192
Current items collected: 574
Replay tap P3: count=504 mean_norm=13.3004 max_norm=52.4702
Replay tap P4: count=70 mean_norm=9.3195 max_norm=21.4901
Replay tap positives before filter=3179 after=3179
Current items collected: 847
Replay tap P3: count=798 mean_norm=13.1026 max_norm=40.9280
Replay tap P4: count=49 mean_norm=8.4089 max_norm=17.7685
Replay tap positives before filter=2991 after=2991
Current items collected: 990
Replay tap P3: count=972 mean_norm=15.0681 max_norm=34.9262
Replay tap P4: count=18 mean_norm=8.7055 max_norm=13.7491
Replay tap positives before filter=2619 after=2619
Current items collected: 588
Replay tap P3: count=546 mean_norm=9.9714 max_norm=41.5255
Replay tap P4: count=42 mean_norm=8.0311 max_norm=22.2017
Replay tap positives before filter=1508 after=1508
Current items collected: 376
Replay tap P3: count=368 mean_norm=8.6491 max_norm=35.7019
Replay tap P4: count=8 mean_norm=6.2394 max_norm=6.8433
Replay tap positives before filter=2471 after=2471
Current items collected: 890
Replay tap P3: count=838 mean_norm=15.1756 max_norm=44.5666
Replay tap P4: count=52 mean_norm=8.4660 max_norm=24.1022
Replay tap positives before filter=4546 after=4546
Current items collected: 1176
Replay tap P3: count=1032 mean_norm=9.6716 max_norm=38.4304
Replay tap P4: count=144 mean_norm=11.2635 max_norm=20.5177
Replay tap positives before filter=3126 after=3126
Current items collected: 749
Replay tap P3: count=695 mean_norm=12.6131 max_norm=39.2084
Replay tap P4: count=54 mean_norm=6.1333 max_norm=9.5902
Replay tap positives before filter=1858 after=1858
Current items collected: 625
Replay tap P3: count=610 mean_norm=16.4578 max_norm=39.4753
Replay tap P4: count=15 mean_norm=6.1349 max_norm=8.5615
Replay tap positives before filter=2799 after=2799
Current items collected: 870
Replay tap P3: count=770 mean_norm=11.0691 max_norm=50.3568
Replay tap P4: count=100 mean_norm=9.5593 max_norm=17.5778
Replay tap positives before filter=2997 after=2997
Current items collected: 769
Replay tap P3: count=738 mean_norm=13.2996 max_norm=45.8479
Replay tap P4: count=31 mean_norm=19.3641 max_norm=52.2645
Replay tap positives before filter=2665 after=2665
Current items collected: 811
Replay tap P3: count=785 mean_norm=8.5474 max_norm=44.0803
Replay tap P4: count=26 mean_norm=7.1041 max_norm=14.5041
Replay tap positives before filter=2096 after=2096
Current items collected: 734
Replay tap P3: count=653 mean_norm=11.0871 max_norm=34.8879
Replay tap P4: count=81 mean_norm=12.4051 max_norm=19.7823
Replay tap positives before filter=3139 after=3139
Current items collected: 753
Replay tap P3: count=719 mean_norm=8.6032 max_norm=52.9702
Replay tap P4: count=34 mean_norm=7.3741 max_norm=13.6010
Replay tap positives before filter=1497 after=1497
Current items collected: 588
Replay tap P3: count=535 mean_norm=13.7375 max_norm=55.8048
Replay tap P4: count=53 mean_norm=9.9528 max_norm=15.1257
Replay tap positives before filter=2590 after=2562
Current items collected: 905
Replay tap P3: count=838 mean_norm=14.0386 max_norm=43.5101
Replay tap P4: count=67 mean_norm=7.1416 max_norm=10.6455
Replay tap positives before filter=1566 after=1566
Current items collected: 521
Replay tap P3: count=490 mean_norm=11.4778 max_norm=39.0231
Replay tap P4: count=31 mean_norm=6.9631 max_norm=11.5316
Replay tap positives before filter=2540 after=2540
Current items collected: 451
Replay tap P3: count=402 mean_norm=9.4608 max_norm=33.2079
Replay tap P4: count=49 mean_norm=11.7359 max_norm=19.9985
Replay tap positives before filter=6391 after=6391
Current items collected: 1227
Replay tap P3: count=1090 mean_norm=10.7740 max_norm=40.1578
Replay tap P4: count=137 mean_norm=11.6399 max_norm=27.0226
Replay tap positives before filter=1817 after=1817
Current items collected: 431
Replay tap P3: count=404 mean_norm=7.1990 max_norm=25.2100
Replay tap P4: count=27 mean_norm=9.4122 max_norm=15.7786
Replay tap positives before filter=2920 after=2920
Current items collected: 990
Replay tap P3: count=925 mean_norm=13.6053 max_norm=43.5478
Replay tap P4: count=65 mean_norm=12.2529 max_norm=21.7569
Replay tap positives before filter=1931 after=1931
Current items collected: 655
Replay tap P3: count=628 mean_norm=17.7831 max_norm=44.8377
Replay tap P4: count=27 mean_norm=13.4433 max_norm=36.2054
Replay tap positives before filter=3359 after=3349
Current items collected: 795
Replay tap P3: count=713 mean_norm=11.0094 max_norm=37.6285
Replay tap P4: count=82 mean_norm=13.3506 max_norm=32.8704
Replay tap positives before filter=5783 after=5783
Current items collected: 1298
Replay tap P3: count=1218 mean_norm=8.8755 max_norm=30.8890
Replay tap P4: count=80 mean_norm=11.7123 max_norm=33.4938
Replay tap positives before filter=1705 after=1695
Current items collected: 1085
Replay tap P3: count=1021 mean_norm=16.1784 max_norm=45.7686
Replay tap P4: count=64 mean_norm=12.2764 max_norm=22.8612
Replay tap positives before filter=2779 after=2779
Current items collected: 700
Replay tap P3: count=653 mean_norm=10.6745 max_norm=28.8156
Replay tap P4: count=47 mean_norm=10.1436 max_norm=32.6785
Replay tap positives before filter=3402 after=3402
Current items collected: 768
Replay tap P3: count=659 mean_norm=8.9468 max_norm=20.8353
Replay tap P4: count=109 mean_norm=13.0098 max_norm=19.2765
Replay tap positives before filter=808 after=808
Current items collected: 383
Replay tap P3: count=375 mean_norm=13.1754 max_norm=44.7239
Replay tap P4: count=8 mean_norm=7.2197 max_norm=8.6687
Replay tap positives before filter=3784 after=3784
Current items collected: 899
Replay tap P3: count=798 mean_norm=10.2896 max_norm=39.0337
Replay tap P4: count=101 mean_norm=10.5676 max_norm=22.0704
Replay tap positives before filter=3468 after=3468
Current items collected: 1551
Replay tap P3: count=1493 mean_norm=11.2364 max_norm=34.0738
Replay tap P4: count=58 mean_norm=13.2983 max_norm=34.8037
Replay tap positives before filter=4643 after=4643
Current items collected: 1087
Replay tap P3: count=975 mean_norm=11.3134 max_norm=45.3544
Replay tap P4: count=112 mean_norm=9.7019 max_norm=17.0310
Replay tap positives before filter=3357 after=3347
Current items collected: 919
Replay tap P3: count=846 mean_norm=14.0923 max_norm=48.4850
Replay tap P4: count=73 mean_norm=10.4573 max_norm=18.7436
Replay tap positives before filter=2439 after=2429
Current items collected: 1042
Replay tap P3: count=991 mean_norm=13.7297 max_norm=43.7173
Replay tap P4: count=51 mean_norm=7.6120 max_norm=10.5251
Replay tap positives before filter=4439 after=4439
Current items collected: 1072
Replay tap P3: count=987 mean_norm=15.4239 max_norm=36.6398
Replay tap P4: count=85 mean_norm=8.3149 max_norm=22.8073
Replay tap positives before filter=3318 after=3318
Current items collected: 815
Replay tap P3: count=747 mean_norm=14.2072 max_norm=42.2736
Replay tap P4: count=68 mean_norm=13.4419 max_norm=41.3158
Replay tap positives before filter=1111 after=1111
Current items collected: 536
Replay tap P3: count=521 mean_norm=15.0081 max_norm=34.3421
Replay tap P4: count=15 mean_norm=11.9388 max_norm=24.3528
Replay tap positives before filter=2426 after=2426
Current items collected: 620
Replay tap P3: count=566 mean_norm=13.5597 max_norm=45.7917
Replay tap P4: count=54 mean_norm=10.0848 max_norm=19.1094
Replay tap positives before filter=4675 after=4675
Current items collected: 890
Replay tap P3: count=810 mean_norm=12.3677 max_norm=42.9525
Replay tap P4: count=80 mean_norm=12.6150 max_norm=21.4786
Replay tap positives before filter=5306 after=5300
Current items collected: 1126
Replay tap P3: count=956 mean_norm=13.4094 max_norm=38.2917
Replay tap P4: count=170 mean_norm=12.6547 max_norm=32.4132
Replay tap positives before filter=4080 after=4080
Current items collected: 814
Replay tap P3: count=730 mean_norm=10.0182 max_norm=37.5385
Replay tap P4: count=84 mean_norm=13.5093 max_norm=26.8373
Replay tap positives before filter=1694 after=1694
Current items collected: 836
Replay tap P3: count=811 mean_norm=13.2324 max_norm=43.6324
Replay tap P4: count=25 mean_norm=13.6080 max_norm=23.2025
Replay tap positives before filter=2342 after=2342
Current items collected: 495
Replay tap P3: count=461 mean_norm=17.2738 max_norm=35.0011
Replay tap P4: count=34 mean_norm=7.0478 max_norm=14.4716
Replay tap positives before filter=2784 after=2776
Current items collected: 866
Replay tap P3: count=811 mean_norm=12.0426 max_norm=51.3452
Replay tap P4: count=55 mean_norm=8.3521 max_norm=21.0776
Replay tap positives before filter=1938 after=1934
Current items collected: 647
Replay tap P3: count=611 mean_norm=13.2799 max_norm=45.4229
Replay tap P4: count=36 mean_norm=14.2476 max_norm=26.2818
Replay tap positives before filter=3883 after=3883
Current items collected: 814
Replay tap P3: count=678 mean_norm=12.7044 max_norm=36.0969
Replay tap P4: count=136 mean_norm=13.4335 max_norm=17.0049
Replay tap positives before filter=1365 after=1365
Current items collected: 504
Replay tap P3: count=490 mean_norm=10.1614 max_norm=35.2489
Replay tap P4: count=14 mean_norm=6.5501 max_norm=12.0207
Replay tap positives before filter=3610 after=3610
Current items collected: 1032
Replay tap P3: count=945 mean_norm=14.1944 max_norm=37.9740
Replay tap P4: count=87 mean_norm=9.5497 max_norm=16.8931
Replay tap positives before filter=1333 after=1323
Current items collected: 385
Replay tap P3: count=342 mean_norm=11.5605 max_norm=37.3975
Replay tap P4: count=43 mean_norm=13.2592 max_norm=34.3922
Replay tap positives before filter=1552 after=1552
Current items collected: 637
Replay tap P3: count=568 mean_norm=15.2847 max_norm=42.8043
Replay tap P4: count=69 mean_norm=13.7102 max_norm=37.4611
Replay tap positives before filter=1267 after=1267
Current items collected: 657
Replay tap P3: count=619 mean_norm=18.8524 max_norm=37.3440
Replay tap P4: count=38 mean_norm=13.7534 max_norm=25.9373
Replay tap positives before filter=4507 after=4507
Current items collected: 882
Replay tap P3: count=758 mean_norm=11.9147 max_norm=28.7843
Replay tap P4: count=124 mean_norm=15.6646 max_norm=34.3154
Replay tap positives before filter=1726 after=1726
Current items collected: 308
Replay tap P3: count=287 mean_norm=12.1918 max_norm=29.3637
Replay tap P4: count=21 mean_norm=11.3173 max_norm=19.8234
Replay tap positives before filter=1610 after=1610
Current items collected: 645
Replay tap P3: count=623 mean_norm=14.7885 max_norm=44.4920
Replay tap P4: count=22 mean_norm=19.2319 max_norm=33.1227
Replay tap positives before filter=3562 after=3562
Current items collected: 1221
Replay tap P3: count=1117 mean_norm=14.7057 max_norm=39.8223
Replay tap P4: count=104 mean_norm=12.9351 max_norm=32.0322
Replay tap positives before filter=2851 after=2851
Current items collected: 809
Replay tap P3: count=766 mean_norm=16.2155 max_norm=42.1450
Replay tap P4: count=43 mean_norm=8.4201 max_norm=14.8925
Replay tap positives before filter=4154 after=4154
Current items collected: 953
Replay tap P3: count=825 mean_norm=9.8145 max_norm=31.4709
Replay tap P4: count=128 mean_norm=9.7193 max_norm=18.0074
Replay tap positives before filter=1898 after=1888
Current items collected: 625
Replay tap P3: count=587 mean_norm=15.4943 max_norm=38.8407
Replay tap P4: count=38 mean_norm=10.1290 max_norm=19.8204
Replay tap positives before filter=1763 after=1763
Current items collected: 538
Replay tap P3: count=519 mean_norm=15.7590 max_norm=36.9627
Replay tap P4: count=19 mean_norm=6.1165 max_norm=8.5845
Replay tap positives before filter=7462 after=7462
Current items collected: 1404
Replay tap P3: count=1251 mean_norm=14.7774 max_norm=35.9875
Replay tap P4: count=153 mean_norm=13.9552 max_norm=39.5517
Replay tap positives before filter=2094 after=2084
Current items collected: 430
Replay tap P3: count=390 mean_norm=8.6289 max_norm=23.5799
Replay tap P4: count=40 mean_norm=9.9604 max_norm=19.8426
Replay tap positives before filter=3413 after=3413
Current items collected: 664
Replay tap P3: count=634 mean_norm=16.2836 max_norm=43.8478
Replay tap P4: count=30 mean_norm=7.2626 max_norm=16.7516
Replay tap positives before filter=1724 after=1724
Current items collected: 741
Replay tap P3: count=698 mean_norm=16.8494 max_norm=38.5779
Replay tap P4: count=43 mean_norm=14.4802 max_norm=30.0937
Replay tap positives before filter=2884 after=2864
Current items collected: 689
Replay tap P3: count=601 mean_norm=12.0592 max_norm=38.9431
Replay tap P4: count=88 mean_norm=8.2126 max_norm=24.4094
Replay tap positives before filter=1997 after=1987
Current items collected: 718
Replay tap P3: count=676 mean_norm=15.1027 max_norm=44.5306
Replay tap P4: count=42 mean_norm=8.3286 max_norm=17.0678
Replay tap positives before filter=2216 after=2216
Current items collected: 839
Replay tap P3: count=776 mean_norm=10.3731 max_norm=34.0615
Replay tap P4: count=63 mean_norm=10.4674 max_norm=15.7644
Replay tap positives before filter=2837 after=2837
Current items collected: 562
Replay tap P3: count=515 mean_norm=11.2132 max_norm=32.1522
Replay tap P4: count=47 mean_norm=8.2933 max_norm=29.6717
Replay tap positives before filter=3312 after=3312
Current items collected: 889
Replay tap P3: count=778 mean_norm=14.6830 max_norm=36.7428
Replay tap P4: count=111 mean_norm=14.3790 max_norm=27.4970
Replay tap positives before filter=3957 after=3957
Current items collected: 1134
Replay tap P3: count=1023 mean_norm=15.2477 max_norm=34.3826
Replay tap P4: count=111 mean_norm=6.2301 max_norm=13.4209
Replay tap positives before filter=2622 after=2622
Current items collected: 631
Replay tap P3: count=591 mean_norm=13.9887 max_norm=34.1355
Replay tap P4: count=40 mean_norm=10.0832 max_norm=29.1198
Replay tap positives before filter=1107 after=1107
Current items collected: 469
Replay tap P3: count=455 mean_norm=17.2264 max_norm=38.6558
Replay tap P4: count=14 mean_norm=6.7563 max_norm=12.0462
Replay tap positives before filter=929 after=929
Current items collected: 344
Replay tap P3: count=339 mean_norm=18.8654 max_norm=38.6593
Replay tap P4: count=5 mean_norm=6.3058 max_norm=7.2644
Replay tap positives before filter=2562 after=2562
Current items collected: 750
Replay tap P3: count=708 mean_norm=13.5903 max_norm=45.2174
Replay tap P4: count=42 mean_norm=7.3717 max_norm=16.5928
Replay tap positives before filter=4151 after=4141
Current items collected: 1286
Replay tap P3: count=1219 mean_norm=11.1907 max_norm=37.4620
Replay tap P4: count=67 mean_norm=8.7898 max_norm=20.3665
Replay tap positives before filter=1929 after=1929
Current items collected: 545
Replay tap P3: count=473 mean_norm=15.7101 max_norm=37.1728
Replay tap P4: count=72 mean_norm=9.5097 max_norm=16.1727
Replay tap positives before filter=790 after=790
Current items collected: 353
Replay tap P3: count=325 mean_norm=16.3322 max_norm=40.3641
Replay tap P4: count=28 mean_norm=11.3359 max_norm=15.7777
Replay tap positives before filter=2170 after=2170
Current items collected: 518
Replay tap P3: count=442 mean_norm=19.8209 max_norm=34.9306
Replay tap P4: count=76 mean_norm=5.5959 max_norm=9.2104
Replay tap positives before filter=4646 after=4646
Current items collected: 1187
Replay tap P3: count=1053 mean_norm=16.1529 max_norm=35.2678
Replay tap P4: count=134 mean_norm=13.7938 max_norm=22.2843
Replay tap positives before filter=3081 after=3081
Current items collected: 1035
Replay tap P3: count=953 mean_norm=17.5783 max_norm=35.3684
Replay tap P4: count=82 mean_norm=11.9706 max_norm=39.2729
Replay tap positives before filter=2309 after=2309
Current items collected: 577
Replay tap P3: count=547 mean_norm=14.2917 max_norm=36.5439
Replay tap P4: count=30 mean_norm=6.8244 max_norm=13.6290
Replay tap positives before filter=2275 after=2275
Current items collected: 707
Replay tap P3: count=636 mean_norm=19.7001 max_norm=38.0963
Replay tap P4: count=71 mean_norm=12.0332 max_norm=25.9117
Replay tap positives before filter=2304 after=2304
Current items collected: 810
Replay tap P3: count=773 mean_norm=14.0836 max_norm=35.9184
Replay tap P4: count=37 mean_norm=8.7917 max_norm=15.3878
Replay tap positives before filter=3917 after=3917
Current items collected: 756
Replay tap P3: count=666 mean_norm=14.8550 max_norm=36.6321
Replay tap P4: count=90 mean_norm=11.6316 max_norm=17.8770
Replay tap positives before filter=1637 after=1637
Current items collected: 484
Replay tap P3: count=441 mean_norm=13.4048 max_norm=36.2477
Replay tap P4: count=43 mean_norm=10.7033 max_norm=34.0532
Replay tap positives before filter=3192 after=3192
Current items collected: 830
Replay tap P3: count=761 mean_norm=16.9872 max_norm=41.9504
Replay tap P4: count=69 mean_norm=10.5646 max_norm=19.1741
Replay tap positives before filter=1876 after=1866
Current items collected: 428
Replay tap P3: count=393 mean_norm=16.7842 max_norm=38.8954
Replay tap P4: count=35 mean_norm=6.7162 max_norm=8.5536
Replay tap positives before filter=1841 after=1841
Current items collected: 465
Replay tap P3: count=434 mean_norm=14.1013 max_norm=36.9357
Replay tap P4: count=31 mean_norm=6.8517 max_norm=12.1262
Replay tap positives before filter=4613 after=4603
Current items collected: 1128
Replay tap P3: count=952 mean_norm=10.2028 max_norm=33.6807
Replay tap P4: count=176 mean_norm=8.5753 max_norm=22.9200
Replay tap positives before filter=1950 after=1950
Current items collected: 440
Replay tap P3: count=382 mean_norm=10.0728 max_norm=35.4477
Replay tap P4: count=58 mean_norm=6.7110 max_norm=10.4837
Replay tap positives before filter=1348 after=1348
Current items collected: 405
Replay tap P3: count=372 mean_norm=15.6572 max_norm=36.9459
Replay tap P4: count=33 mean_norm=11.3447 max_norm=21.1301
Replay tap positives before filter=2723 after=2723
Current items collected: 691
Replay tap P3: count=645 mean_norm=14.7303 max_norm=36.8754
Replay tap P4: count=46 mean_norm=11.1875 max_norm=31.2676
Replay tap positives before filter=1875 after=1875
Current items collected: 600
Replay tap P3: count=531 mean_norm=12.2291 max_norm=32.3829
Replay tap P4: count=69 mean_norm=10.8226 max_norm=21.4069
Replay tap positives before filter=2074 after=2074
Current items collected: 856
Replay tap P3: count=794 mean_norm=13.1327 max_norm=44.6982
Replay tap P4: count=62 mean_norm=10.0720 max_norm=14.3590
Replay tap positives before filter=3000 after=2990
Current items collected: 723
Replay tap P3: count=655 mean_norm=10.6564 max_norm=35.9452
Replay tap P4: count=68 mean_norm=6.5499 max_norm=14.8174
Replay tap positives before filter=1375 after=1355
Current items collected: 427
Replay tap P3: count=345 mean_norm=15.1216 max_norm=36.5990
Replay tap P4: count=82 mean_norm=11.8549 max_norm=29.2441
Replay tap positives before filter=2331 after=2311
Current items collected: 607
Replay tap P3: count=535 mean_norm=14.5026 max_norm=35.1024
Replay tap P4: count=72 mean_norm=10.2264 max_norm=18.5712
Replay tap positives before filter=2080 after=2080
Current items collected: 749
Replay tap P3: count=696 mean_norm=13.6250 max_norm=37.9631
Replay tap P4: count=53 mean_norm=11.4925 max_norm=18.7797
Replay tap positives before filter=3203 after=3203
Current items collected: 964
Replay tap P3: count=858 mean_norm=15.1282 max_norm=37.0396
Replay tap P4: count=106 mean_norm=11.9418 max_norm=19.4513
Replay tap positives before filter=2960 after=2960
Current items collected: 561
Replay tap P3: count=494 mean_norm=12.9443 max_norm=38.6348
Replay tap P4: count=67 mean_norm=13.6961 max_norm=25.0734
Replay tap positives before filter=2591 after=2591
Current items collected: 800
Replay tap P3: count=639 mean_norm=15.0869 max_norm=35.1498
Replay tap P4: count=161 mean_norm=13.9419 max_norm=30.9549
Replay tap positives before filter=2150 after=2150
Current items collected: 595
Replay tap P3: count=581 mean_norm=17.2150 max_norm=35.9945
Replay tap P4: count=14 mean_norm=6.0439 max_norm=8.5449
Replay tap positives before filter=5790 after=5790
Current items collected: 1345
Replay tap P3: count=1241 mean_norm=11.9443 max_norm=38.3533
Replay tap P4: count=104 mean_norm=11.2532 max_norm=32.7765
Replay tap positives before filter=5009 after=5009
Current items collected: 1274
Replay tap P3: count=1120 mean_norm=14.7249 max_norm=39.6256
Replay tap P4: count=154 mean_norm=11.0697 max_norm=29.0143
Replay tap positives before filter=2690 after=2680
Current items collected: 659
Replay tap P3: count=614 mean_norm=11.8276 max_norm=26.9104
Replay tap P4: count=45 mean_norm=14.0559 max_norm=30.6948
Replay tap positives before filter=1381 after=1381
Current items collected: 581
Replay tap P3: count=549 mean_norm=18.5328 max_norm=35.9943
Replay tap P4: count=32 mean_norm=9.5209 max_norm=29.0089
Replay tap positives before filter=3466 after=3466
Current items collected: 735
Replay tap P3: count=685 mean_norm=13.5997 max_norm=33.4814
Replay tap P4: count=50 mean_norm=8.6805 max_norm=26.9346
Replay tap positives before filter=5252 after=5252
Current items collected: 1100
Replay tap P3: count=955 mean_norm=14.8022 max_norm=32.3703
Replay tap P4: count=145 mean_norm=8.3796 max_norm=21.8302
Replay tap positives before filter=4056 after=4056
Current items collected: 1017
Replay tap P3: count=876 mean_norm=12.8477 max_norm=31.3703
Replay tap P4: count=141 mean_norm=13.1983 max_norm=35.4951
Replay tap positives before filter=2465 after=2465
Current items collected: 462
Replay tap P3: count=441 mean_norm=15.3466 max_norm=41.1199
Replay tap P4: count=21 mean_norm=5.5579 max_norm=7.8224
Replay tap positives before filter=2873 after=2873
Current items collected: 619
Replay tap P3: count=580 mean_norm=13.4486 max_norm=39.0138
Replay tap P4: count=39 mean_norm=8.9431 max_norm=32.4631
Replay tap positives before filter=3483 after=3473
Current items collected: 859
Replay tap P3: count=782 mean_norm=14.4029 max_norm=43.8507
Replay tap P4: count=77 mean_norm=7.6785 max_norm=20.5013
Replay tap positives before filter=2702 after=2702
Current items collected: 690
Replay tap P3: count=645 mean_norm=17.0215 max_norm=32.0826
Replay tap P4: count=45 mean_norm=11.2965 max_norm=25.4570
Replay tap positives before filter=2500 after=2491
Current items collected: 695
Replay tap P3: count=658 mean_norm=18.0301 max_norm=32.6968
Replay tap P4: count=37 mean_norm=6.5017 max_norm=9.0173
Replay tap positives before filter=1746 after=1746
Current items collected: 510
Replay tap P3: count=482 mean_norm=16.4680 max_norm=31.8790
Replay tap P4: count=28 mean_norm=13.8879 max_norm=37.0245
Replay tap positives before filter=1316 after=1316
Current items collected: 297
Replay tap P3: count=275 mean_norm=14.0559 max_norm=35.9107
Replay tap P4: count=22 mean_norm=12.2079 max_norm=20.2886
Replay tap positives before filter=6040 after=6040
Current items collected: 1658
Replay tap P3: count=1530 mean_norm=13.9703 max_norm=37.9866
Replay tap P4: count=128 mean_norm=13.8500 max_norm=22.9471
Replay tap positives before filter=2426 after=2426
Current items collected: 480
Replay tap P3: count=457 mean_norm=18.0299 max_norm=36.3464
Replay tap P4: count=23 mean_norm=8.8630 max_norm=21.3719
Replay tap positives before filter=2315 after=2315
Current items collected: 419
Replay tap P3: count=382 mean_norm=14.2319 max_norm=32.4344
Replay tap P4: count=37 mean_norm=7.5718 max_norm=21.9654
Replay tap positives before filter=2132 after=2132
Current items collected: 841
Replay tap P3: count=771 mean_norm=20.1669 max_norm=38.5222
Replay tap P4: count=70 mean_norm=13.2797 max_norm=33.8747
Replay tap positives before filter=979 after=979
Current items collected: 360
Replay tap P3: count=328 mean_norm=11.0927 max_norm=35.9727
Replay tap P4: count=32 mean_norm=14.7103 max_norm=29.7662
Replay tap positives before filter=552 after=552
Current items collected: 256
Replay tap P3: count=254 mean_norm=14.1373 max_norm=37.6682
Replay tap P4: count=2 mean_norm=5.8153 max_norm=6.5739
Replay tap positives before filter=3388 after=3388
Current items collected: 827
Replay tap P3: count=748 mean_norm=14.6358 max_norm=37.1222
Replay tap P4: count=79 mean_norm=10.0831 max_norm=28.6513
Replay tap positives before filter=1286 after=1286
Current items collected: 345
Replay tap P3: count=314 mean_norm=13.1397 max_norm=32.5179
Replay tap P4: count=31 mean_norm=10.2396 max_norm=21.5981
