EDNet 1.0 ✅ Python-3.10.4 ✅ torch-2.8.0+cu128 ✅CUDA:0 (NVIDIA A100-SXM4-40GB, 40441MiB)
[34m[1mengine/trainer: [0mtask=detect, mode=train, model=/home/ddwilde/scriptie/pretrained/small.pt, data=/home/ddwilde/scriptie/yaml/DOTA.yaml, epochs=50, time=None, patience=100, batch=4, imgsz=640, save=True, save_period=-1, cache=False, device=None, workers=8, project=/home/ddwilde/scriptie/runs/dota_saab_upper, name=stage1-saab, exist_ok=False, pretrained=True, optimizer=auto, verbose=True, seed=0, deterministic=True, single_cls=False, rect=False, cos_lr=False, close_mosaic=10, resume=False, amp=True, fraction=1.0, profile=False, freeze=None, multi_scale=False, lora={'enable': True, 'freeze_backbone': True}, continual={'enable': False, 'batches': [], 'adapter_strategy': 'last', 'save_history': True}, replay={'enable': True, 'buffer_per_class': 128, 'sample_per_batch': 32, 'loss_weight': 1.0, 'tiny_max_pixels': 320, 'debug': True}, stage={'active_classes': [0, 1, 2, 3, 4, 5, 6, 7, 8, 9, 10, 11, 12, 13, 14]}, overlap_mask=True, mask_ratio=4, dropout=0.0, val=True, split=val, save_json=False, save_hybrid=False, conf=None, iou=0.7, max_det=300, half=False, dnn=False, plots=True, source=None, vid_stride=1, stream_buffer=False, visualize=False, augment=False, agnostic_nms=False, classes=None, retina_masks=False, embed=None, show=False, save_frames=False, save_txt=False, save_conf=False, save_crop=False, show_labels=True, show_conf=True, show_boxes=True, line_width=None, format=torchscript, keras=False, optimize=False, int8=False, dynamic=False, simplify=False, opset=None, workspace=4, nms=False, lr0=0.01, lrf=0.01, momentum=0.937, weight_decay=0.0005, warmup_epochs=3.0, warmup_momentum=0.8, warmup_bias_lr=0.1, box=7.5, cls=0.5, dfl=1.5, pose=12.0, kobj=1.0, label_smoothing=0.0, nbs=64, hsv_h=0.015, hsv_s=0.7, hsv_v=0.4, degrees=0.0, translate=0.1, scale=0.5, shear=0.0, perspective=0.0, flipud=0.0, fliplr=0.5, bgr=0.0, mosaic=1.0, mixup=0.0, copy_paste=0.0, auto_augment=randaugment, erasing=0.4, crop_fraction=1.0, cfg=None, tracker=botsort.yaml, save_dir=/home/ddwilde/scriptie/runs/dota_saab_upper/stage1-saab
Overriding model.yaml nc=10 with nc=15

                   from  n    params  module                                       arguments                     
  0                  -1  1       928  ednet.nn.modules.conv.Conv                   [3, 32, 3, 2]                 
  1                  -1  1     18560  ednet.nn.modules.conv.Conv                   [32, 64, 3, 2]                
  2                  -1  1     29056  ednet.nn.modules.block.C2f                   [64, 64, 1, True]             
  3                  -1  1     73984  ednet.nn.modules.conv.Conv                   [64, 128, 3, 2]               
  4                  -1  2    197632  ednet.nn.modules.block.C2f                   [128, 128, 2, True]           
  5                  -1  1    295424  ednet.nn.modules.conv.Conv                   [128, 256, 3, 2]              
  6                  -1  2    420864  ednet.nn.modules.block.C2f_FCA               [256, 256, 2, True]           
  7                  -1  1   1180672  ednet.nn.modules.conv.Conv                   [256, 512, 3, 2]              
  8                  -1  1   1095680  ednet.nn.modules.block.C2f_FCA               [512, 512, 1, True]           
  9                  -1  1    656896  ednet.nn.modules.block.SPPF                  [512, 512, 5]                 
 10                  -1  1    990976  ednet.nn.modules.block.PSA                   [512, 512]                    
 11                  -1  1         0  torch.nn.modules.upsampling.Upsample         [None, 2, 'nearest']          
 12             [-1, 6]  1         0  ednet.nn.modules.conv.Concat                 [1]                           
 13                  -1  1    591360  ednet.nn.modules.block.C2f                   [768, 256, 1]                 
 14                  -1  1         0  torch.nn.modules.upsampling.Upsample         [None, 2, 'nearest']          
 15             [-1, 4]  1         0  ednet.nn.modules.conv.Concat                 [1]                           
 16                  -1  1    148224  ednet.nn.modules.block.C2f                   [384, 128, 1]                 
 17                  -1  1         0  torch.nn.modules.upsampling.Upsample         [None, 2, 'nearest']          
 18             [-1, 2]  1         0  ednet.nn.modules.conv.Concat                 [1]                           
 19                  -1  1     37248  ednet.nn.modules.block.C2f                   [192, 64, 1]                  
 20                  -1  1     36992  ednet.nn.modules.conv.Conv                   [64, 64, 3, 2]                
 21            [-1, 16]  1         0  ednet.nn.modules.conv.Concat                 [1]                           
 22                  -1  1    123648  ednet.nn.modules.block.C2f                   [192, 128, 1]                 
 23                  -1  1    147712  ednet.nn.modules.conv.Conv                   [128, 128, 3, 2]              
 24            [-1, 13]  1         0  ednet.nn.modules.conv.Concat                 [1]                           
 25                  -1  1    493056  ednet.nn.modules.block.C2f                   [384, 256, 1]                 
 26                  -1  1     68864  ednet.nn.modules.block.SCDown                [256, 256, 3, 2]              
 27             [-1, 9]  1         0  ednet.nn.modules.conv.Concat                 [1]                           
 28                  -1  1   1089536  ednet.nn.modules.block.C2fCIB                [768, 512, 1, True, True]     
 29    [19, 22, 25, 28]  1   1628424  ednet.nn.modules.head.v10Detect              [15, [64, 128, 256, 512]]     
ednet-s summary: 510 layers, 9,325,736 parameters, 9,325,720 gradients

Active classes for this stage: (0, 1, 2, 3, 4, 5, 6, 7, 8, 9, 10, 11, 12, 13, 14)
Transferred 737/753 items from pretrained weights
LoRA enabled: 28 adapters (rank=8, alpha=16.0, freeze_backbone=True)
Replay feature tapper initialized for detection head levels: ['P3', 'P4']
[34m[1mTensorBoard: [0mStart with 'tensorboard --logdir /home/ddwilde/scriptie/runs/dota_saab_upper/stage1-saab', view at http://localhost:6006/
WARNING ⚠️ setting 'requires_grad=True' for frozen layer 'model.0.conv.weight'. See ednet.engine.trainer for customization of frozen layers.
WARNING ⚠️ setting 'requires_grad=True' for frozen layer 'model.0.bn.weight'. See ednet.engine.trainer for customization of frozen layers.
WARNING ⚠️ setting 'requires_grad=True' for frozen layer 'model.0.bn.bias'. See ednet.engine.trainer for customization of frozen layers.
WARNING ⚠️ setting 'requires_grad=True' for frozen layer 'model.1.conv.weight'. See ednet.engine.trainer for customization of frozen layers.
WARNING ⚠️ setting 'requires_grad=True' for frozen layer 'model.1.bn.weight'. See ednet.engine.trainer for customization of frozen layers.
WARNING ⚠️ setting 'requires_grad=True' for frozen layer 'model.1.bn.bias'. See ednet.engine.trainer for customization of frozen layers.
WARNING ⚠️ setting 'requires_grad=True' for frozen layer 'model.2.cv1.conv.weight'. See ednet.engine.trainer for customization of frozen layers.
WARNING ⚠️ setting 'requires_grad=True' for frozen layer 'model.2.cv1.bn.weight'. See ednet.engine.trainer for customization of frozen layers.
WARNING ⚠️ setting 'requires_grad=True' for frozen layer 'model.2.cv1.bn.bias'. See ednet.engine.trainer for customization of frozen layers.
WARNING ⚠️ setting 'requires_grad=True' for frozen layer 'model.2.cv2.conv.weight'. See ednet.engine.trainer for customization of frozen layers.
WARNING ⚠️ setting 'requires_grad=True' for frozen layer 'model.2.cv2.bn.weight'. See ednet.engine.trainer for customization of frozen layers.
WARNING ⚠️ setting 'requires_grad=True' for frozen layer 'model.2.cv2.bn.bias'. See ednet.engine.trainer for customization of frozen layers.
WARNING ⚠️ setting 'requires_grad=True' for frozen layer 'model.2.m.0.cv1.conv.weight'. See ednet.engine.trainer for customization of frozen layers.
WARNING ⚠️ setting 'requires_grad=True' for frozen layer 'model.2.m.0.cv1.bn.weight'. See ednet.engine.trainer for customization of frozen layers.
WARNING ⚠️ setting 'requires_grad=True' for frozen layer 'model.2.m.0.cv1.bn.bias'. See ednet.engine.trainer for customization of frozen layers.
WARNING ⚠️ setting 'requires_grad=True' for frozen layer 'model.2.m.0.cv2.conv.weight'. See ednet.engine.trainer for customization of frozen layers.
WARNING ⚠️ setting 'requires_grad=True' for frozen layer 'model.2.m.0.cv2.bn.weight'. See ednet.engine.trainer for customization of frozen layers.
WARNING ⚠️ setting 'requires_grad=True' for frozen layer 'model.2.m.0.cv2.bn.bias'. See ednet.engine.trainer for customization of frozen layers.
WARNING ⚠️ setting 'requires_grad=True' for frozen layer 'model.3.conv.weight'. See ednet.engine.trainer for customization of frozen layers.
WARNING ⚠️ setting 'requires_grad=True' for frozen layer 'model.3.bn.weight'. See ednet.engine.trainer for customization of frozen layers.
WARNING ⚠️ setting 'requires_grad=True' for frozen layer 'model.3.bn.bias'. See ednet.engine.trainer for customization of frozen layers.
WARNING ⚠️ setting 'requires_grad=True' for frozen layer 'model.4.cv1.conv.weight'. See ednet.engine.trainer for customization of frozen layers.
WARNING ⚠️ setting 'requires_grad=True' for frozen layer 'model.4.cv1.bn.weight'. See ednet.engine.trainer for customization of frozen layers.
WARNING ⚠️ setting 'requires_grad=True' for frozen layer 'model.4.cv1.bn.bias'. See ednet.engine.trainer for customization of frozen layers.
WARNING ⚠️ setting 'requires_grad=True' for frozen layer 'model.4.cv2.conv.weight'. See ednet.engine.trainer for customization of frozen layers.
WARNING ⚠️ setting 'requires_grad=True' for frozen layer 'model.4.cv2.bn.weight'. See ednet.engine.trainer for customization of frozen layers.
WARNING ⚠️ setting 'requires_grad=True' for frozen layer 'model.4.cv2.bn.bias'. See ednet.engine.trainer for customization of frozen layers.
WARNING ⚠️ setting 'requires_grad=True' for frozen layer 'model.4.m.0.cv1.conv.weight'. See ednet.engine.trainer for customization of frozen layers.
WARNING ⚠️ setting 'requires_grad=True' for frozen layer 'model.4.m.0.cv1.bn.weight'. See ednet.engine.trainer for customization of frozen layers.
WARNING ⚠️ setting 'requires_grad=True' for frozen layer 'model.4.m.0.cv1.bn.bias'. See ednet.engine.trainer for customization of frozen layers.
WARNING ⚠️ setting 'requires_grad=True' for frozen layer 'model.4.m.0.cv2.conv.weight'. See ednet.engine.trainer for customization of frozen layers.
WARNING ⚠️ setting 'requires_grad=True' for frozen layer 'model.4.m.0.cv2.bn.weight'. See ednet.engine.trainer for customization of frozen layers.
WARNING ⚠️ setting 'requires_grad=True' for frozen layer 'model.4.m.0.cv2.bn.bias'. See ednet.engine.trainer for customization of frozen layers.
WARNING ⚠️ setting 'requires_grad=True' for frozen layer 'model.4.m.1.cv1.conv.weight'. See ednet.engine.trainer for customization of frozen layers.
WARNING ⚠️ setting 'requires_grad=True' for frozen layer 'model.4.m.1.cv1.bn.weight'. See ednet.engine.trainer for customization of frozen layers.
WARNING ⚠️ setting 'requires_grad=True' for frozen layer 'model.4.m.1.cv1.bn.bias'. See ednet.engine.trainer for customization of frozen layers.
WARNING ⚠️ setting 'requires_grad=True' for frozen layer 'model.4.m.1.cv2.conv.weight'. See ednet.engine.trainer for customization of frozen layers.
WARNING ⚠️ setting 'requires_grad=True' for frozen layer 'model.4.m.1.cv2.bn.weight'. See ednet.engine.trainer for customization of frozen layers.
WARNING ⚠️ setting 'requires_grad=True' for frozen layer 'model.4.m.1.cv2.bn.bias'. See ednet.engine.trainer for customization of frozen layers.
WARNING ⚠️ setting 'requires_grad=True' for frozen layer 'model.5.conv.weight'. See ednet.engine.trainer for customization of frozen layers.
WARNING ⚠️ setting 'requires_grad=True' for frozen layer 'model.5.bn.weight'. See ednet.engine.trainer for customization of frozen layers.
WARNING ⚠️ setting 'requires_grad=True' for frozen layer 'model.5.bn.bias'. See ednet.engine.trainer for customization of frozen layers.
WARNING ⚠️ setting 'requires_grad=True' for frozen layer 'model.6.cv1.conv.weight'. See ednet.engine.trainer for customization of frozen layers.
WARNING ⚠️ setting 'requires_grad=True' for frozen layer 'model.6.cv1.bn.weight'. See ednet.engine.trainer for customization of frozen layers.
WARNING ⚠️ setting 'requires_grad=True' for frozen layer 'model.6.cv1.bn.bias'. See ednet.engine.trainer for customization of frozen layers.
WARNING ⚠️ setting 'requires_grad=True' for frozen layer 'model.6.cv2.conv.weight'. See ednet.engine.trainer for customization of frozen layers.
WARNING ⚠️ setting 'requires_grad=True' for frozen layer 'model.6.cv2.bn.weight'. See ednet.engine.trainer for customization of frozen layers.
WARNING ⚠️ setting 'requires_grad=True' for frozen layer 'model.6.cv2.bn.bias'. See ednet.engine.trainer for customization of frozen layers.
WARNING ⚠️ setting 'requires_grad=True' for frozen layer 'model.6.m.0.mlp.0.conv.weight'. See ednet.engine.trainer for customization of frozen layers.
WARNING ⚠️ setting 'requires_grad=True' for frozen layer 'model.6.m.0.mlp.0.bn.weight'. See ednet.engine.trainer for customization of frozen layers.
WARNING ⚠️ setting 'requires_grad=True' for frozen layer 'model.6.m.0.mlp.0.bn.bias'. See ednet.engine.trainer for customization of frozen layers.
WARNING ⚠️ setting 'requires_grad=True' for frozen layer 'model.6.m.0.mlp.1.weight'. See ednet.engine.trainer for customization of frozen layers.
WARNING ⚠️ setting 'requires_grad=True' for frozen layer 'model.6.m.0.spatial_mixing.PConv3.weight'. See ednet.engine.trainer for customization of frozen layers.
WARNING ⚠️ setting 'requires_grad=True' for frozen layer 'model.6.m.0.attention.conv1.conv.weight'. See ednet.engine.trainer for customization of frozen layers.
WARNING ⚠️ setting 'requires_grad=True' for frozen layer 'model.6.m.0.attention.conv1.bn.weight'. See ednet.engine.trainer for customization of frozen layers.
WARNING ⚠️ setting 'requires_grad=True' for frozen layer 'model.6.m.0.attention.conv1.bn.bias'. See ednet.engine.trainer for customization of frozen layers.
WARNING ⚠️ setting 'requires_grad=True' for frozen layer 'model.6.m.0.attention.h_conv.conv.weight'. See ednet.engine.trainer for customization of frozen layers.
WARNING ⚠️ setting 'requires_grad=True' for frozen layer 'model.6.m.0.attention.h_conv.conv.bias'. See ednet.engine.trainer for customization of frozen layers.
WARNING ⚠️ setting 'requires_grad=True' for frozen layer 'model.6.m.0.attention.v_conv.conv.weight'. See ednet.engine.trainer for customization of frozen layers.
WARNING ⚠️ setting 'requires_grad=True' for frozen layer 'model.6.m.0.attention.v_conv.conv.bias'. See ednet.engine.trainer for customization of frozen layers.
WARNING ⚠️ setting 'requires_grad=True' for frozen layer 'model.6.m.0.attention.conv2.conv.weight'. See ednet.engine.trainer for customization of frozen layers.
WARNING ⚠️ setting 'requires_grad=True' for frozen layer 'model.6.m.0.attention.conv2.bn.weight'. See ednet.engine.trainer for customization of frozen layers.
WARNING ⚠️ setting 'requires_grad=True' for frozen layer 'model.6.m.0.attention.conv2.bn.bias'. See ednet.engine.trainer for customization of frozen layers.
WARNING ⚠️ setting 'requires_grad=True' for frozen layer 'model.6.m.1.mlp.0.conv.weight'. See ednet.engine.trainer for customization of frozen layers.
WARNING ⚠️ setting 'requires_grad=True' for frozen layer 'model.6.m.1.mlp.0.bn.weight'. See ednet.engine.trainer for customization of frozen layers.
WARNING ⚠️ setting 'requires_grad=True' for frozen layer 'model.6.m.1.mlp.0.bn.bias'. See ednet.engine.trainer for customization of frozen layers.
WARNING ⚠️ setting 'requires_grad=True' for frozen layer 'model.6.m.1.mlp.1.weight'. See ednet.engine.trainer for customization of frozen layers.
WARNING ⚠️ setting 'requires_grad=True' for frozen layer 'model.6.m.1.spatial_mixing.PConv3.weight'. See ednet.engine.trainer for customization of frozen layers.
WARNING ⚠️ setting 'requires_grad=True' for frozen layer 'model.6.m.1.attention.conv1.conv.weight'. See ednet.engine.trainer for customization of frozen layers.
WARNING ⚠️ setting 'requires_grad=True' for frozen layer 'model.6.m.1.attention.conv1.bn.weight'. See ednet.engine.trainer for customization of frozen layers.
WARNING ⚠️ setting 'requires_grad=True' for frozen layer 'model.6.m.1.attention.conv1.bn.bias'. See ednet.engine.trainer for customization of frozen layers.
WARNING ⚠️ setting 'requires_grad=True' for frozen layer 'model.6.m.1.attention.h_conv.conv.weight'. See ednet.engine.trainer for customization of frozen layers.
WARNING ⚠️ setting 'requires_grad=True' for frozen layer 'model.6.m.1.attention.h_conv.conv.bias'. See ednet.engine.trainer for customization of frozen layers.
WARNING ⚠️ setting 'requires_grad=True' for frozen layer 'model.6.m.1.attention.v_conv.conv.weight'. See ednet.engine.trainer for customization of frozen layers.
WARNING ⚠️ setting 'requires_grad=True' for frozen layer 'model.6.m.1.attention.v_conv.conv.bias'. See ednet.engine.trainer for customization of frozen layers.
WARNING ⚠️ setting 'requires_grad=True' for frozen layer 'model.6.m.1.attention.conv2.conv.weight'. See ednet.engine.trainer for customization of frozen layers.
WARNING ⚠️ setting 'requires_grad=True' for frozen layer 'model.6.m.1.attention.conv2.bn.weight'. See ednet.engine.trainer for customization of frozen layers.
WARNING ⚠️ setting 'requires_grad=True' for frozen layer 'model.6.m.1.attention.conv2.bn.bias'. See ednet.engine.trainer for customization of frozen layers.
WARNING ⚠️ setting 'requires_grad=True' for frozen layer 'model.7.conv.weight'. See ednet.engine.trainer for customization of frozen layers.
WARNING ⚠️ setting 'requires_grad=True' for frozen layer 'model.7.bn.weight'. See ednet.engine.trainer for customization of frozen layers.
WARNING ⚠️ setting 'requires_grad=True' for frozen layer 'model.7.bn.bias'. See ednet.engine.trainer for customization of frozen layers.
WARNING ⚠️ setting 'requires_grad=True' for frozen layer 'model.8.cv1.conv.weight'. See ednet.engine.trainer for customization of frozen layers.
WARNING ⚠️ setting 'requires_grad=True' for frozen layer 'model.8.cv1.bn.weight'. See ednet.engine.trainer for customization of frozen layers.
WARNING ⚠️ setting 'requires_grad=True' for frozen layer 'model.8.cv1.bn.bias'. See ednet.engine.trainer for customization of frozen layers.
WARNING ⚠️ setting 'requires_grad=True' for frozen layer 'model.8.cv2.conv.weight'. See ednet.engine.trainer for customization of frozen layers.
WARNING ⚠️ setting 'requires_grad=True' for frozen layer 'model.8.cv2.bn.weight'. See ednet.engine.trainer for customization of frozen layers.
WARNING ⚠️ setting 'requires_grad=True' for frozen layer 'model.8.cv2.bn.bias'. See ednet.engine.trainer for customization of frozen layers.
WARNING ⚠️ setting 'requires_grad=True' for frozen layer 'model.8.m.0.mlp.0.conv.weight'. See ednet.engine.trainer for customization of frozen layers.
WARNING ⚠️ setting 'requires_grad=True' for frozen layer 'model.8.m.0.mlp.0.bn.weight'. See ednet.engine.trainer for customization of frozen layers.
WARNING ⚠️ setting 'requires_grad=True' for frozen layer 'model.8.m.0.mlp.0.bn.bias'. See ednet.engine.trainer for customization of frozen layers.
WARNING ⚠️ setting 'requires_grad=True' for frozen layer 'model.8.m.0.mlp.1.weight'. See ednet.engine.trainer for customization of frozen layers.
WARNING ⚠️ setting 'requires_grad=True' for frozen layer 'model.8.m.0.spatial_mixing.PConv3.weight'. See ednet.engine.trainer for customization of frozen layers.
WARNING ⚠️ setting 'requires_grad=True' for frozen layer 'model.8.m.0.attention.conv1.conv.weight'. See ednet.engine.trainer for customization of frozen layers.
WARNING ⚠️ setting 'requires_grad=True' for frozen layer 'model.8.m.0.attention.conv1.bn.weight'. See ednet.engine.trainer for customization of frozen layers.
WARNING ⚠️ setting 'requires_grad=True' for frozen layer 'model.8.m.0.attention.conv1.bn.bias'. See ednet.engine.trainer for customization of frozen layers.
WARNING ⚠️ setting 'requires_grad=True' for frozen layer 'model.8.m.0.attention.h_conv.conv.weight'. See ednet.engine.trainer for customization of frozen layers.
WARNING ⚠️ setting 'requires_grad=True' for frozen layer 'model.8.m.0.attention.h_conv.conv.bias'. See ednet.engine.trainer for customization of frozen layers.
WARNING ⚠️ setting 'requires_grad=True' for frozen layer 'model.8.m.0.attention.v_conv.conv.weight'. See ednet.engine.trainer for customization of frozen layers.
WARNING ⚠️ setting 'requires_grad=True' for frozen layer 'model.8.m.0.attention.v_conv.conv.bias'. See ednet.engine.trainer for customization of frozen layers.
WARNING ⚠️ setting 'requires_grad=True' for frozen layer 'model.8.m.0.attention.conv2.conv.weight'. See ednet.engine.trainer for customization of frozen layers.
WARNING ⚠️ setting 'requires_grad=True' for frozen layer 'model.8.m.0.attention.conv2.bn.weight'. See ednet.engine.trainer for customization of frozen layers.
WARNING ⚠️ setting 'requires_grad=True' for frozen layer 'model.8.m.0.attention.conv2.bn.bias'. See ednet.engine.trainer for customization of frozen layers.
WARNING ⚠️ setting 'requires_grad=True' for frozen layer 'model.9.cv1.conv.weight'. See ednet.engine.trainer for customization of frozen layers.
WARNING ⚠️ setting 'requires_grad=True' for frozen layer 'model.9.cv1.bn.weight'. See ednet.engine.trainer for customization of frozen layers.
WARNING ⚠️ setting 'requires_grad=True' for frozen layer 'model.9.cv1.bn.bias'. See ednet.engine.trainer for customization of frozen layers.
WARNING ⚠️ setting 'requires_grad=True' for frozen layer 'model.9.cv2.conv.weight'. See ednet.engine.trainer for customization of frozen layers.
WARNING ⚠️ setting 'requires_grad=True' for frozen layer 'model.9.cv2.bn.weight'. See ednet.engine.trainer for customization of frozen layers.
WARNING ⚠️ setting 'requires_grad=True' for frozen layer 'model.9.cv2.bn.bias'. See ednet.engine.trainer for customization of frozen layers.
WARNING ⚠️ setting 'requires_grad=True' for frozen layer 'model.10.cv1.conv.weight'. See ednet.engine.trainer for customization of frozen layers.
WARNING ⚠️ setting 'requires_grad=True' for frozen layer 'model.10.cv1.bn.weight'. See ednet.engine.trainer for customization of frozen layers.
WARNING ⚠️ setting 'requires_grad=True' for frozen layer 'model.10.cv1.bn.bias'. See ednet.engine.trainer for customization of frozen layers.
WARNING ⚠️ setting 'requires_grad=True' for frozen layer 'model.10.cv2.conv.weight'. See ednet.engine.trainer for customization of frozen layers.
WARNING ⚠️ setting 'requires_grad=True' for frozen layer 'model.10.cv2.bn.weight'. See ednet.engine.trainer for customization of frozen layers.
WARNING ⚠️ setting 'requires_grad=True' for frozen layer 'model.10.cv2.bn.bias'. See ednet.engine.trainer for customization of frozen layers.
WARNING ⚠️ setting 'requires_grad=True' for frozen layer 'model.10.attn.qkv.conv.weight'. See ednet.engine.trainer for customization of frozen layers.
WARNING ⚠️ setting 'requires_grad=True' for frozen layer 'model.10.attn.qkv.bn.weight'. See ednet.engine.trainer for customization of frozen layers.
WARNING ⚠️ setting 'requires_grad=True' for frozen layer 'model.10.attn.qkv.bn.bias'. See ednet.engine.trainer for customization of frozen layers.
WARNING ⚠️ setting 'requires_grad=True' for frozen layer 'model.10.attn.proj.conv.weight'. See ednet.engine.trainer for customization of frozen layers.
WARNING ⚠️ setting 'requires_grad=True' for frozen layer 'model.10.attn.proj.bn.weight'. See ednet.engine.trainer for customization of frozen layers.
WARNING ⚠️ setting 'requires_grad=True' for frozen layer 'model.10.attn.proj.bn.bias'. See ednet.engine.trainer for customization of frozen layers.
WARNING ⚠️ setting 'requires_grad=True' for frozen layer 'model.10.attn.pe.conv.weight'. See ednet.engine.trainer for customization of frozen layers.
WARNING ⚠️ setting 'requires_grad=True' for frozen layer 'model.10.attn.pe.bn.weight'. See ednet.engine.trainer for customization of frozen layers.
WARNING ⚠️ setting 'requires_grad=True' for frozen layer 'model.10.attn.pe.bn.bias'. See ednet.engine.trainer for customization of frozen layers.
WARNING ⚠️ setting 'requires_grad=True' for frozen layer 'model.10.ffn.0.conv.weight'. See ednet.engine.trainer for customization of frozen layers.
WARNING ⚠️ setting 'requires_grad=True' for frozen layer 'model.10.ffn.0.bn.weight'. See ednet.engine.trainer for customization of frozen layers.
WARNING ⚠️ setting 'requires_grad=True' for frozen layer 'model.10.ffn.0.bn.bias'. See ednet.engine.trainer for customization of frozen layers.
WARNING ⚠️ setting 'requires_grad=True' for frozen layer 'model.10.ffn.1.conv.weight'. See ednet.engine.trainer for customization of frozen layers.
WARNING ⚠️ setting 'requires_grad=True' for frozen layer 'model.10.ffn.1.bn.weight'. See ednet.engine.trainer for customization of frozen layers.
WARNING ⚠️ setting 'requires_grad=True' for frozen layer 'model.10.ffn.1.bn.bias'. See ednet.engine.trainer for customization of frozen layers.
WARNING ⚠️ setting 'requires_grad=True' for frozen layer 'model.13.cv1.conv.weight'. See ednet.engine.trainer for customization of frozen layers.
WARNING ⚠️ setting 'requires_grad=True' for frozen layer 'model.13.cv1.bn.weight'. See ednet.engine.trainer for customization of frozen layers.
WARNING ⚠️ setting 'requires_grad=True' for frozen layer 'model.13.cv1.bn.bias'. See ednet.engine.trainer for customization of frozen layers.
WARNING ⚠️ setting 'requires_grad=True' for frozen layer 'model.13.cv2.conv.weight'. See ednet.engine.trainer for customization of frozen layers.
WARNING ⚠️ setting 'requires_grad=True' for frozen layer 'model.13.cv2.bn.weight'. See ednet.engine.trainer for customization of frozen layers.
WARNING ⚠️ setting 'requires_grad=True' for frozen layer 'model.13.cv2.bn.bias'. See ednet.engine.trainer for customization of frozen layers.
WARNING ⚠️ setting 'requires_grad=True' for frozen layer 'model.13.m.0.cv1.conv.weight'. See ednet.engine.trainer for customization of frozen layers.
WARNING ⚠️ setting 'requires_grad=True' for frozen layer 'model.13.m.0.cv1.bn.weight'. See ednet.engine.trainer for customization of frozen layers.
WARNING ⚠️ setting 'requires_grad=True' for frozen layer 'model.13.m.0.cv1.bn.bias'. See ednet.engine.trainer for customization of frozen layers.
WARNING ⚠️ setting 'requires_grad=True' for frozen layer 'model.13.m.0.cv2.conv.weight'. See ednet.engine.trainer for customization of frozen layers.
WARNING ⚠️ setting 'requires_grad=True' for frozen layer 'model.13.m.0.cv2.bn.weight'. See ednet.engine.trainer for customization of frozen layers.
WARNING ⚠️ setting 'requires_grad=True' for frozen layer 'model.13.m.0.cv2.bn.bias'. See ednet.engine.trainer for customization of frozen layers.
WARNING ⚠️ setting 'requires_grad=True' for frozen layer 'model.16.cv1.conv.base.weight'. See ednet.engine.trainer for customization of frozen layers.
WARNING ⚠️ setting 'requires_grad=True' for frozen layer 'model.16.cv1.bn.weight'. See ednet.engine.trainer for customization of frozen layers.
WARNING ⚠️ setting 'requires_grad=True' for frozen layer 'model.16.cv1.bn.bias'. See ednet.engine.trainer for customization of frozen layers.
WARNING ⚠️ setting 'requires_grad=True' for frozen layer 'model.16.cv2.conv.base.weight'. See ednet.engine.trainer for customization of frozen layers.
WARNING ⚠️ setting 'requires_grad=True' for frozen layer 'model.16.cv2.bn.weight'. See ednet.engine.trainer for customization of frozen layers.
WARNING ⚠️ setting 'requires_grad=True' for frozen layer 'model.16.cv2.bn.bias'. See ednet.engine.trainer for customization of frozen layers.
WARNING ⚠️ setting 'requires_grad=True' for frozen layer 'model.16.m.0.cv1.conv.base.weight'. See ednet.engine.trainer for customization of frozen layers.
WARNING ⚠️ setting 'requires_grad=True' for frozen layer 'model.16.m.0.cv1.bn.weight'. See ednet.engine.trainer for customization of frozen layers.
WARNING ⚠️ setting 'requires_grad=True' for frozen layer 'model.16.m.0.cv1.bn.bias'. See ednet.engine.trainer for customization of frozen layers.
WARNING ⚠️ setting 'requires_grad=True' for frozen layer 'model.16.m.0.cv2.conv.base.weight'. See ednet.engine.trainer for customization of frozen layers.
WARNING ⚠️ setting 'requires_grad=True' for frozen layer 'model.16.m.0.cv2.bn.weight'. See ednet.engine.trainer for customization of frozen layers.
WARNING ⚠️ setting 'requires_grad=True' for frozen layer 'model.16.m.0.cv2.bn.bias'. See ednet.engine.trainer for customization of frozen layers.
WARNING ⚠️ setting 'requires_grad=True' for frozen layer 'model.19.cv1.conv.weight'. See ednet.engine.trainer for customization of frozen layers.
WARNING ⚠️ setting 'requires_grad=True' for frozen layer 'model.19.cv1.bn.weight'. See ednet.engine.trainer for customization of frozen layers.
WARNING ⚠️ setting 'requires_grad=True' for frozen layer 'model.19.cv1.bn.bias'. See ednet.engine.trainer for customization of frozen layers.
WARNING ⚠️ setting 'requires_grad=True' for frozen layer 'model.19.cv2.conv.weight'. See ednet.engine.trainer for customization of frozen layers.
WARNING ⚠️ setting 'requires_grad=True' for frozen layer 'model.19.cv2.bn.weight'. See ednet.engine.trainer for customization of frozen layers.
WARNING ⚠️ setting 'requires_grad=True' for frozen layer 'model.19.cv2.bn.bias'. See ednet.engine.trainer for customization of frozen layers.
WARNING ⚠️ setting 'requires_grad=True' for frozen layer 'model.19.m.0.cv1.conv.weight'. See ednet.engine.trainer for customization of frozen layers.
WARNING ⚠️ setting 'requires_grad=True' for frozen layer 'model.19.m.0.cv1.bn.weight'. See ednet.engine.trainer for customization of frozen layers.
WARNING ⚠️ setting 'requires_grad=True' for frozen layer 'model.19.m.0.cv1.bn.bias'. See ednet.engine.trainer for customization of frozen layers.
WARNING ⚠️ setting 'requires_grad=True' for frozen layer 'model.19.m.0.cv2.conv.weight'. See ednet.engine.trainer for customization of frozen layers.
WARNING ⚠️ setting 'requires_grad=True' for frozen layer 'model.19.m.0.cv2.bn.weight'. See ednet.engine.trainer for customization of frozen layers.
WARNING ⚠️ setting 'requires_grad=True' for frozen layer 'model.19.m.0.cv2.bn.bias'. See ednet.engine.trainer for customization of frozen layers.
WARNING ⚠️ setting 'requires_grad=True' for frozen layer 'model.20.conv.weight'. See ednet.engine.trainer for customization of frozen layers.
WARNING ⚠️ setting 'requires_grad=True' for frozen layer 'model.20.bn.weight'. See ednet.engine.trainer for customization of frozen layers.
WARNING ⚠️ setting 'requires_grad=True' for frozen layer 'model.20.bn.bias'. See ednet.engine.trainer for customization of frozen layers.
WARNING ⚠️ setting 'requires_grad=True' for frozen layer 'model.22.cv1.conv.base.weight'. See ednet.engine.trainer for customization of frozen layers.
WARNING ⚠️ setting 'requires_grad=True' for frozen layer 'model.22.cv1.bn.weight'. See ednet.engine.trainer for customization of frozen layers.
WARNING ⚠️ setting 'requires_grad=True' for frozen layer 'model.22.cv1.bn.bias'. See ednet.engine.trainer for customization of frozen layers.
WARNING ⚠️ setting 'requires_grad=True' for frozen layer 'model.22.cv2.conv.base.weight'. See ednet.engine.trainer for customization of frozen layers.
WARNING ⚠️ setting 'requires_grad=True' for frozen layer 'model.22.cv2.bn.weight'. See ednet.engine.trainer for customization of frozen layers.
WARNING ⚠️ setting 'requires_grad=True' for frozen layer 'model.22.cv2.bn.bias'. See ednet.engine.trainer for customization of frozen layers.
WARNING ⚠️ setting 'requires_grad=True' for frozen layer 'model.22.m.0.cv1.conv.base.weight'. See ednet.engine.trainer for customization of frozen layers.
WARNING ⚠️ setting 'requires_grad=True' for frozen layer 'model.22.m.0.cv1.bn.weight'. See ednet.engine.trainer for customization of frozen layers.
WARNING ⚠️ setting 'requires_grad=True' for frozen layer 'model.22.m.0.cv1.bn.bias'. See ednet.engine.trainer for customization of frozen layers.
WARNING ⚠️ setting 'requires_grad=True' for frozen layer 'model.22.m.0.cv2.conv.base.weight'. See ednet.engine.trainer for customization of frozen layers.
WARNING ⚠️ setting 'requires_grad=True' for frozen layer 'model.22.m.0.cv2.bn.weight'. See ednet.engine.trainer for customization of frozen layers.
WARNING ⚠️ setting 'requires_grad=True' for frozen layer 'model.22.m.0.cv2.bn.bias'. See ednet.engine.trainer for customization of frozen layers.
WARNING ⚠️ setting 'requires_grad=True' for frozen layer 'model.23.conv.weight'. See ednet.engine.trainer for customization of frozen layers.
WARNING ⚠️ setting 'requires_grad=True' for frozen layer 'model.23.bn.weight'. See ednet.engine.trainer for customization of frozen layers.
WARNING ⚠️ setting 'requires_grad=True' for frozen layer 'model.23.bn.bias'. See ednet.engine.trainer for customization of frozen layers.
WARNING ⚠️ setting 'requires_grad=True' for frozen layer 'model.25.cv1.conv.base.weight'. See ednet.engine.trainer for customization of frozen layers.
WARNING ⚠️ setting 'requires_grad=True' for frozen layer 'model.25.cv1.bn.weight'. See ednet.engine.trainer for customization of frozen layers.
WARNING ⚠️ setting 'requires_grad=True' for frozen layer 'model.25.cv1.bn.bias'. See ednet.engine.trainer for customization of frozen layers.
WARNING ⚠️ setting 'requires_grad=True' for frozen layer 'model.25.cv2.conv.base.weight'. See ednet.engine.trainer for customization of frozen layers.
WARNING ⚠️ setting 'requires_grad=True' for frozen layer 'model.25.cv2.bn.weight'. See ednet.engine.trainer for customization of frozen layers.
WARNING ⚠️ setting 'requires_grad=True' for frozen layer 'model.25.cv2.bn.bias'. See ednet.engine.trainer for customization of frozen layers.
WARNING ⚠️ setting 'requires_grad=True' for frozen layer 'model.25.m.0.cv1.conv.base.weight'. See ednet.engine.trainer for customization of frozen layers.
WARNING ⚠️ setting 'requires_grad=True' for frozen layer 'model.25.m.0.cv1.bn.weight'. See ednet.engine.trainer for customization of frozen layers.
WARNING ⚠️ setting 'requires_grad=True' for frozen layer 'model.25.m.0.cv1.bn.bias'. See ednet.engine.trainer for customization of frozen layers.
WARNING ⚠️ setting 'requires_grad=True' for frozen layer 'model.25.m.0.cv2.conv.base.weight'. See ednet.engine.trainer for customization of frozen layers.
WARNING ⚠️ setting 'requires_grad=True' for frozen layer 'model.25.m.0.cv2.bn.weight'. See ednet.engine.trainer for customization of frozen layers.
WARNING ⚠️ setting 'requires_grad=True' for frozen layer 'model.25.m.0.cv2.bn.bias'. See ednet.engine.trainer for customization of frozen layers.
WARNING ⚠️ setting 'requires_grad=True' for frozen layer 'model.26.cv1.conv.weight'. See ednet.engine.trainer for customization of frozen layers.
WARNING ⚠️ setting 'requires_grad=True' for frozen layer 'model.26.cv1.bn.weight'. See ednet.engine.trainer for customization of frozen layers.
WARNING ⚠️ setting 'requires_grad=True' for frozen layer 'model.26.cv1.bn.bias'. See ednet.engine.trainer for customization of frozen layers.
WARNING ⚠️ setting 'requires_grad=True' for frozen layer 'model.26.cv2.conv.weight'. See ednet.engine.trainer for customization of frozen layers.
WARNING ⚠️ setting 'requires_grad=True' for frozen layer 'model.26.cv2.bn.weight'. See ednet.engine.trainer for customization of frozen layers.
WARNING ⚠️ setting 'requires_grad=True' for frozen layer 'model.26.cv2.bn.bias'. See ednet.engine.trainer for customization of frozen layers.
WARNING ⚠️ setting 'requires_grad=True' for frozen layer 'model.28.cv1.conv.weight'. See ednet.engine.trainer for customization of frozen layers.
WARNING ⚠️ setting 'requires_grad=True' for frozen layer 'model.28.cv1.bn.weight'. See ednet.engine.trainer for customization of frozen layers.
WARNING ⚠️ setting 'requires_grad=True' for frozen layer 'model.28.cv1.bn.bias'. See ednet.engine.trainer for customization of frozen layers.
WARNING ⚠️ setting 'requires_grad=True' for frozen layer 'model.28.cv2.conv.weight'. See ednet.engine.trainer for customization of frozen layers.
WARNING ⚠️ setting 'requires_grad=True' for frozen layer 'model.28.cv2.bn.weight'. See ednet.engine.trainer for customization of frozen layers.
WARNING ⚠️ setting 'requires_grad=True' for frozen layer 'model.28.cv2.bn.bias'. See ednet.engine.trainer for customization of frozen layers.
WARNING ⚠️ setting 'requires_grad=True' for frozen layer 'model.28.m.0.cv1.0.conv.weight'. See ednet.engine.trainer for customization of frozen layers.
WARNING ⚠️ setting 'requires_grad=True' for frozen layer 'model.28.m.0.cv1.0.bn.weight'. See ednet.engine.trainer for customization of frozen layers.
WARNING ⚠️ setting 'requires_grad=True' for frozen layer 'model.28.m.0.cv1.0.bn.bias'. See ednet.engine.trainer for customization of frozen layers.
WARNING ⚠️ setting 'requires_grad=True' for frozen layer 'model.28.m.0.cv1.1.conv.weight'. See ednet.engine.trainer for customization of frozen layers.
WARNING ⚠️ setting 'requires_grad=True' for frozen layer 'model.28.m.0.cv1.1.bn.weight'. See ednet.engine.trainer for customization of frozen layers.
WARNING ⚠️ setting 'requires_grad=True' for frozen layer 'model.28.m.0.cv1.1.bn.bias'. See ednet.engine.trainer for customization of frozen layers.
WARNING ⚠️ setting 'requires_grad=True' for frozen layer 'model.28.m.0.cv1.2.conv.conv.weight'. See ednet.engine.trainer for customization of frozen layers.
WARNING ⚠️ setting 'requires_grad=True' for frozen layer 'model.28.m.0.cv1.2.conv.bn.weight'. See ednet.engine.trainer for customization of frozen layers.
WARNING ⚠️ setting 'requires_grad=True' for frozen layer 'model.28.m.0.cv1.2.conv.bn.bias'. See ednet.engine.trainer for customization of frozen layers.
WARNING ⚠️ setting 'requires_grad=True' for frozen layer 'model.28.m.0.cv1.2.conv1.conv.weight'. See ednet.engine.trainer for customization of frozen layers.
WARNING ⚠️ setting 'requires_grad=True' for frozen layer 'model.28.m.0.cv1.2.conv1.bn.weight'. See ednet.engine.trainer for customization of frozen layers.
WARNING ⚠️ setting 'requires_grad=True' for frozen layer 'model.28.m.0.cv1.2.conv1.bn.bias'. See ednet.engine.trainer for customization of frozen layers.
WARNING ⚠️ setting 'requires_grad=True' for frozen layer 'model.28.m.0.cv1.3.conv.weight'. See ednet.engine.trainer for customization of frozen layers.
WARNING ⚠️ setting 'requires_grad=True' for frozen layer 'model.28.m.0.cv1.3.bn.weight'. See ednet.engine.trainer for customization of frozen layers.
WARNING ⚠️ setting 'requires_grad=True' for frozen layer 'model.28.m.0.cv1.3.bn.bias'. See ednet.engine.trainer for customization of frozen layers.
WARNING ⚠️ setting 'requires_grad=True' for frozen layer 'model.28.m.0.cv1.4.conv.weight'. See ednet.engine.trainer for customization of frozen layers.
WARNING ⚠️ setting 'requires_grad=True' for frozen layer 'model.28.m.0.cv1.4.bn.weight'. See ednet.engine.trainer for customization of frozen layers.
WARNING ⚠️ setting 'requires_grad=True' for frozen layer 'model.28.m.0.cv1.4.bn.bias'. See ednet.engine.trainer for customization of frozen layers.
WARNING ⚠️ setting 'requires_grad=True' for frozen layer 'model.29.cv2.0.0.conv.base.weight'. See ednet.engine.trainer for customization of frozen layers.
WARNING ⚠️ setting 'requires_grad=True' for frozen layer 'model.29.cv2.0.0.bn.weight'. See ednet.engine.trainer for customization of frozen layers.
WARNING ⚠️ setting 'requires_grad=True' for frozen layer 'model.29.cv2.0.0.bn.bias'. See ednet.engine.trainer for customization of frozen layers.
WARNING ⚠️ setting 'requires_grad=True' for frozen layer 'model.29.cv2.0.1.conv.base.weight'. See ednet.engine.trainer for customization of frozen layers.
WARNING ⚠️ setting 'requires_grad=True' for frozen layer 'model.29.cv2.0.1.bn.weight'. See ednet.engine.trainer for customization of frozen layers.
WARNING ⚠️ setting 'requires_grad=True' for frozen layer 'model.29.cv2.0.1.bn.bias'. See ednet.engine.trainer for customization of frozen layers.
WARNING ⚠️ setting 'requires_grad=True' for frozen layer 'model.29.cv2.0.2.weight'. See ednet.engine.trainer for customization of frozen layers.
WARNING ⚠️ setting 'requires_grad=True' for frozen layer 'model.29.cv2.0.2.bias'. See ednet.engine.trainer for customization of frozen layers.
WARNING ⚠️ setting 'requires_grad=True' for frozen layer 'model.29.cv2.1.0.conv.base.weight'. See ednet.engine.trainer for customization of frozen layers.
WARNING ⚠️ setting 'requires_grad=True' for frozen layer 'model.29.cv2.1.0.bn.weight'. See ednet.engine.trainer for customization of frozen layers.
WARNING ⚠️ setting 'requires_grad=True' for frozen layer 'model.29.cv2.1.0.bn.bias'. See ednet.engine.trainer for customization of frozen layers.
WARNING ⚠️ setting 'requires_grad=True' for frozen layer 'model.29.cv2.1.1.conv.base.weight'. See ednet.engine.trainer for customization of frozen layers.
WARNING ⚠️ setting 'requires_grad=True' for frozen layer 'model.29.cv2.1.1.bn.weight'. See ednet.engine.trainer for customization of frozen layers.
WARNING ⚠️ setting 'requires_grad=True' for frozen layer 'model.29.cv2.1.1.bn.bias'. See ednet.engine.trainer for customization of frozen layers.
WARNING ⚠️ setting 'requires_grad=True' for frozen layer 'model.29.cv2.1.2.weight'. See ednet.engine.trainer for customization of frozen layers.
WARNING ⚠️ setting 'requires_grad=True' for frozen layer 'model.29.cv2.1.2.bias'. See ednet.engine.trainer for customization of frozen layers.
WARNING ⚠️ setting 'requires_grad=True' for frozen layer 'model.29.cv2.2.0.conv.base.weight'. See ednet.engine.trainer for customization of frozen layers.
WARNING ⚠️ setting 'requires_grad=True' for frozen layer 'model.29.cv2.2.0.bn.weight'. See ednet.engine.trainer for customization of frozen layers.
WARNING ⚠️ setting 'requires_grad=True' for frozen layer 'model.29.cv2.2.0.bn.bias'. See ednet.engine.trainer for customization of frozen layers.
WARNING ⚠️ setting 'requires_grad=True' for frozen layer 'model.29.cv2.2.1.conv.base.weight'. See ednet.engine.trainer for customization of frozen layers.
WARNING ⚠️ setting 'requires_grad=True' for frozen layer 'model.29.cv2.2.1.bn.weight'. See ednet.engine.trainer for customization of frozen layers.
WARNING ⚠️ setting 'requires_grad=True' for frozen layer 'model.29.cv2.2.1.bn.bias'. See ednet.engine.trainer for customization of frozen layers.
WARNING ⚠️ setting 'requires_grad=True' for frozen layer 'model.29.cv2.2.2.weight'. See ednet.engine.trainer for customization of frozen layers.
WARNING ⚠️ setting 'requires_grad=True' for frozen layer 'model.29.cv2.2.2.bias'. See ednet.engine.trainer for customization of frozen layers.
WARNING ⚠️ setting 'requires_grad=True' for frozen layer 'model.29.cv2.3.0.conv.base.weight'. See ednet.engine.trainer for customization of frozen layers.
WARNING ⚠️ setting 'requires_grad=True' for frozen layer 'model.29.cv2.3.0.bn.weight'. See ednet.engine.trainer for customization of frozen layers.
WARNING ⚠️ setting 'requires_grad=True' for frozen layer 'model.29.cv2.3.0.bn.bias'. See ednet.engine.trainer for customization of frozen layers.
WARNING ⚠️ setting 'requires_grad=True' for frozen layer 'model.29.cv2.3.1.conv.base.weight'. See ednet.engine.trainer for customization of frozen layers.
WARNING ⚠️ setting 'requires_grad=True' for frozen layer 'model.29.cv2.3.1.bn.weight'. See ednet.engine.trainer for customization of frozen layers.
WARNING ⚠️ setting 'requires_grad=True' for frozen layer 'model.29.cv2.3.1.bn.bias'. See ednet.engine.trainer for customization of frozen layers.
WARNING ⚠️ setting 'requires_grad=True' for frozen layer 'model.29.cv2.3.2.weight'. See ednet.engine.trainer for customization of frozen layers.
WARNING ⚠️ setting 'requires_grad=True' for frozen layer 'model.29.cv2.3.2.bias'. See ednet.engine.trainer for customization of frozen layers.
WARNING ⚠️ setting 'requires_grad=True' for frozen layer 'model.29.cv3.0.0.0.conv.weight'. See ednet.engine.trainer for customization of frozen layers.
WARNING ⚠️ setting 'requires_grad=True' for frozen layer 'model.29.cv3.0.0.0.bn.weight'. See ednet.engine.trainer for customization of frozen layers.
WARNING ⚠️ setting 'requires_grad=True' for frozen layer 'model.29.cv3.0.0.0.bn.bias'. See ednet.engine.trainer for customization of frozen layers.
WARNING ⚠️ setting 'requires_grad=True' for frozen layer 'model.29.cv3.0.0.1.conv.base.weight'. See ednet.engine.trainer for customization of frozen layers.
WARNING ⚠️ setting 'requires_grad=True' for frozen layer 'model.29.cv3.0.0.1.bn.weight'. See ednet.engine.trainer for customization of frozen layers.
WARNING ⚠️ setting 'requires_grad=True' for frozen layer 'model.29.cv3.0.0.1.bn.bias'. See ednet.engine.trainer for customization of frozen layers.
WARNING ⚠️ setting 'requires_grad=True' for frozen layer 'model.29.cv3.0.1.0.conv.weight'. See ednet.engine.trainer for customization of frozen layers.
WARNING ⚠️ setting 'requires_grad=True' for frozen layer 'model.29.cv3.0.1.0.bn.weight'. See ednet.engine.trainer for customization of frozen layers.
WARNING ⚠️ setting 'requires_grad=True' for frozen layer 'model.29.cv3.0.1.0.bn.bias'. See ednet.engine.trainer for customization of frozen layers.
WARNING ⚠️ setting 'requires_grad=True' for frozen layer 'model.29.cv3.0.1.1.conv.base.weight'. See ednet.engine.trainer for customization of frozen layers.
WARNING ⚠️ setting 'requires_grad=True' for frozen layer 'model.29.cv3.0.1.1.bn.weight'. See ednet.engine.trainer for customization of frozen layers.
WARNING ⚠️ setting 'requires_grad=True' for frozen layer 'model.29.cv3.0.1.1.bn.bias'. See ednet.engine.trainer for customization of frozen layers.
WARNING ⚠️ setting 'requires_grad=True' for frozen layer 'model.29.cv3.0.2.weight'. See ednet.engine.trainer for customization of frozen layers.
WARNING ⚠️ setting 'requires_grad=True' for frozen layer 'model.29.cv3.0.2.bias'. See ednet.engine.trainer for customization of frozen layers.
WARNING ⚠️ setting 'requires_grad=True' for frozen layer 'model.29.cv3.1.0.0.conv.weight'. See ednet.engine.trainer for customization of frozen layers.
WARNING ⚠️ setting 'requires_grad=True' for frozen layer 'model.29.cv3.1.0.0.bn.weight'. See ednet.engine.trainer for customization of frozen layers.
WARNING ⚠️ setting 'requires_grad=True' for frozen layer 'model.29.cv3.1.0.0.bn.bias'. See ednet.engine.trainer for customization of frozen layers.
WARNING ⚠️ setting 'requires_grad=True' for frozen layer 'model.29.cv3.1.0.1.conv.base.weight'. See ednet.engine.trainer for customization of frozen layers.
WARNING ⚠️ setting 'requires_grad=True' for frozen layer 'model.29.cv3.1.0.1.bn.weight'. See ednet.engine.trainer for customization of frozen layers.
WARNING ⚠️ setting 'requires_grad=True' for frozen layer 'model.29.cv3.1.0.1.bn.bias'. See ednet.engine.trainer for customization of frozen layers.
WARNING ⚠️ setting 'requires_grad=True' for frozen layer 'model.29.cv3.1.1.0.conv.weight'. See ednet.engine.trainer for customization of frozen layers.
WARNING ⚠️ setting 'requires_grad=True' for frozen layer 'model.29.cv3.1.1.0.bn.weight'. See ednet.engine.trainer for customization of frozen layers.
WARNING ⚠️ setting 'requires_grad=True' for frozen layer 'model.29.cv3.1.1.0.bn.bias'. See ednet.engine.trainer for customization of frozen layers.
WARNING ⚠️ setting 'requires_grad=True' for frozen layer 'model.29.cv3.1.1.1.conv.base.weight'. See ednet.engine.trainer for customization of frozen layers.
WARNING ⚠️ setting 'requires_grad=True' for frozen layer 'model.29.cv3.1.1.1.bn.weight'. See ednet.engine.trainer for customization of frozen layers.
WARNING ⚠️ setting 'requires_grad=True' for frozen layer 'model.29.cv3.1.1.1.bn.bias'. See ednet.engine.trainer for customization of frozen layers.
WARNING ⚠️ setting 'requires_grad=True' for frozen layer 'model.29.cv3.1.2.weight'. See ednet.engine.trainer for customization of frozen layers.
WARNING ⚠️ setting 'requires_grad=True' for frozen layer 'model.29.cv3.1.2.bias'. See ednet.engine.trainer for customization of frozen layers.
WARNING ⚠️ setting 'requires_grad=True' for frozen layer 'model.29.cv3.2.0.0.conv.weight'. See ednet.engine.trainer for customization of frozen layers.
WARNING ⚠️ setting 'requires_grad=True' for frozen layer 'model.29.cv3.2.0.0.bn.weight'. See ednet.engine.trainer for customization of frozen layers.
WARNING ⚠️ setting 'requires_grad=True' for frozen layer 'model.29.cv3.2.0.0.bn.bias'. See ednet.engine.trainer for customization of frozen layers.
WARNING ⚠️ setting 'requires_grad=True' for frozen layer 'model.29.cv3.2.0.1.conv.base.weight'. See ednet.engine.trainer for customization of frozen layers.
WARNING ⚠️ setting 'requires_grad=True' for frozen layer 'model.29.cv3.2.0.1.bn.weight'. See ednet.engine.trainer for customization of frozen layers.
WARNING ⚠️ setting 'requires_grad=True' for frozen layer 'model.29.cv3.2.0.1.bn.bias'. See ednet.engine.trainer for customization of frozen layers.
WARNING ⚠️ setting 'requires_grad=True' for frozen layer 'model.29.cv3.2.1.0.conv.weight'. See ednet.engine.trainer for customization of frozen layers.
WARNING ⚠️ setting 'requires_grad=True' for frozen layer 'model.29.cv3.2.1.0.bn.weight'. See ednet.engine.trainer for customization of frozen layers.
WARNING ⚠️ setting 'requires_grad=True' for frozen layer 'model.29.cv3.2.1.0.bn.bias'. See ednet.engine.trainer for customization of frozen layers.
WARNING ⚠️ setting 'requires_grad=True' for frozen layer 'model.29.cv3.2.1.1.conv.base.weight'. See ednet.engine.trainer for customization of frozen layers.
WARNING ⚠️ setting 'requires_grad=True' for frozen layer 'model.29.cv3.2.1.1.bn.weight'. See ednet.engine.trainer for customization of frozen layers.
WARNING ⚠️ setting 'requires_grad=True' for frozen layer 'model.29.cv3.2.1.1.bn.bias'. See ednet.engine.trainer for customization of frozen layers.
WARNING ⚠️ setting 'requires_grad=True' for frozen layer 'model.29.cv3.2.2.weight'. See ednet.engine.trainer for customization of frozen layers.
WARNING ⚠️ setting 'requires_grad=True' for frozen layer 'model.29.cv3.2.2.bias'. See ednet.engine.trainer for customization of frozen layers.
WARNING ⚠️ setting 'requires_grad=True' for frozen layer 'model.29.cv3.3.0.0.conv.weight'. See ednet.engine.trainer for customization of frozen layers.
WARNING ⚠️ setting 'requires_grad=True' for frozen layer 'model.29.cv3.3.0.0.bn.weight'. See ednet.engine.trainer for customization of frozen layers.
WARNING ⚠️ setting 'requires_grad=True' for frozen layer 'model.29.cv3.3.0.0.bn.bias'. See ednet.engine.trainer for customization of frozen layers.
WARNING ⚠️ setting 'requires_grad=True' for frozen layer 'model.29.cv3.3.0.1.conv.base.weight'. See ednet.engine.trainer for customization of frozen layers.
WARNING ⚠️ setting 'requires_grad=True' for frozen layer 'model.29.cv3.3.0.1.bn.weight'. See ednet.engine.trainer for customization of frozen layers.
WARNING ⚠️ setting 'requires_grad=True' for frozen layer 'model.29.cv3.3.0.1.bn.bias'. See ednet.engine.trainer for customization of frozen layers.
WARNING ⚠️ setting 'requires_grad=True' for frozen layer 'model.29.cv3.3.1.0.conv.weight'. See ednet.engine.trainer for customization of frozen layers.
WARNING ⚠️ setting 'requires_grad=True' for frozen layer 'model.29.cv3.3.1.0.bn.weight'. See ednet.engine.trainer for customization of frozen layers.
WARNING ⚠️ setting 'requires_grad=True' for frozen layer 'model.29.cv3.3.1.0.bn.bias'. See ednet.engine.trainer for customization of frozen layers.
WARNING ⚠️ setting 'requires_grad=True' for frozen layer 'model.29.cv3.3.1.1.conv.base.weight'. See ednet.engine.trainer for customization of frozen layers.
WARNING ⚠️ setting 'requires_grad=True' for frozen layer 'model.29.cv3.3.1.1.bn.weight'. See ednet.engine.trainer for customization of frozen layers.
WARNING ⚠️ setting 'requires_grad=True' for frozen layer 'model.29.cv3.3.1.1.bn.bias'. See ednet.engine.trainer for customization of frozen layers.
WARNING ⚠️ setting 'requires_grad=True' for frozen layer 'model.29.cv3.3.2.weight'. See ednet.engine.trainer for customization of frozen layers.
WARNING ⚠️ setting 'requires_grad=True' for frozen layer 'model.29.cv3.3.2.bias'. See ednet.engine.trainer for customization of frozen layers.
Freezing layer 'model.29.dfl.conv.weight'
WARNING ⚠️ setting 'requires_grad=True' for frozen layer 'model.29.one2one_cv2.0.0.conv.weight'. See ednet.engine.trainer for customization of frozen layers.
WARNING ⚠️ setting 'requires_grad=True' for frozen layer 'model.29.one2one_cv2.0.0.bn.weight'. See ednet.engine.trainer for customization of frozen layers.
WARNING ⚠️ setting 'requires_grad=True' for frozen layer 'model.29.one2one_cv2.0.0.bn.bias'. See ednet.engine.trainer for customization of frozen layers.
WARNING ⚠️ setting 'requires_grad=True' for frozen layer 'model.29.one2one_cv2.0.1.conv.weight'. See ednet.engine.trainer for customization of frozen layers.
WARNING ⚠️ setting 'requires_grad=True' for frozen layer 'model.29.one2one_cv2.0.1.bn.weight'. See ednet.engine.trainer for customization of frozen layers.
WARNING ⚠️ setting 'requires_grad=True' for frozen layer 'model.29.one2one_cv2.0.1.bn.bias'. See ednet.engine.trainer for customization of frozen layers.
WARNING ⚠️ setting 'requires_grad=True' for frozen layer 'model.29.one2one_cv2.0.2.weight'. See ednet.engine.trainer for customization of frozen layers.
WARNING ⚠️ setting 'requires_grad=True' for frozen layer 'model.29.one2one_cv2.0.2.bias'. See ednet.engine.trainer for customization of frozen layers.
WARNING ⚠️ setting 'requires_grad=True' for frozen layer 'model.29.one2one_cv2.1.0.conv.weight'. See ednet.engine.trainer for customization of frozen layers.
WARNING ⚠️ setting 'requires_grad=True' for frozen layer 'model.29.one2one_cv2.1.0.bn.weight'. See ednet.engine.trainer for customization of frozen layers.
WARNING ⚠️ setting 'requires_grad=True' for frozen layer 'model.29.one2one_cv2.1.0.bn.bias'. See ednet.engine.trainer for customization of frozen layers.
WARNING ⚠️ setting 'requires_grad=True' for frozen layer 'model.29.one2one_cv2.1.1.conv.weight'. See ednet.engine.trainer for customization of frozen layers.
WARNING ⚠️ setting 'requires_grad=True' for frozen layer 'model.29.one2one_cv2.1.1.bn.weight'. See ednet.engine.trainer for customization of frozen layers.
WARNING ⚠️ setting 'requires_grad=True' for frozen layer 'model.29.one2one_cv2.1.1.bn.bias'. See ednet.engine.trainer for customization of frozen layers.
WARNING ⚠️ setting 'requires_grad=True' for frozen layer 'model.29.one2one_cv2.1.2.weight'. See ednet.engine.trainer for customization of frozen layers.
WARNING ⚠️ setting 'requires_grad=True' for frozen layer 'model.29.one2one_cv2.1.2.bias'. See ednet.engine.trainer for customization of frozen layers.
WARNING ⚠️ setting 'requires_grad=True' for frozen layer 'model.29.one2one_cv2.2.0.conv.weight'. See ednet.engine.trainer for customization of frozen layers.
WARNING ⚠️ setting 'requires_grad=True' for frozen layer 'model.29.one2one_cv2.2.0.bn.weight'. See ednet.engine.trainer for customization of frozen layers.
WARNING ⚠️ setting 'requires_grad=True' for frozen layer 'model.29.one2one_cv2.2.0.bn.bias'. See ednet.engine.trainer for customization of frozen layers.
WARNING ⚠️ setting 'requires_grad=True' for frozen layer 'model.29.one2one_cv2.2.1.conv.weight'. See ednet.engine.trainer for customization of frozen layers.
WARNING ⚠️ setting 'requires_grad=True' for frozen layer 'model.29.one2one_cv2.2.1.bn.weight'. See ednet.engine.trainer for customization of frozen layers.
WARNING ⚠️ setting 'requires_grad=True' for frozen layer 'model.29.one2one_cv2.2.1.bn.bias'. See ednet.engine.trainer for customization of frozen layers.
WARNING ⚠️ setting 'requires_grad=True' for frozen layer 'model.29.one2one_cv2.2.2.weight'. See ednet.engine.trainer for customization of frozen layers.
WARNING ⚠️ setting 'requires_grad=True' for frozen layer 'model.29.one2one_cv2.2.2.bias'. See ednet.engine.trainer for customization of frozen layers.
WARNING ⚠️ setting 'requires_grad=True' for frozen layer 'model.29.one2one_cv2.3.0.conv.weight'. See ednet.engine.trainer for customization of frozen layers.
WARNING ⚠️ setting 'requires_grad=True' for frozen layer 'model.29.one2one_cv2.3.0.bn.weight'. See ednet.engine.trainer for customization of frozen layers.
WARNING ⚠️ setting 'requires_grad=True' for frozen layer 'model.29.one2one_cv2.3.0.bn.bias'. See ednet.engine.trainer for customization of frozen layers.
WARNING ⚠️ setting 'requires_grad=True' for frozen layer 'model.29.one2one_cv2.3.1.conv.weight'. See ednet.engine.trainer for customization of frozen layers.
WARNING ⚠️ setting 'requires_grad=True' for frozen layer 'model.29.one2one_cv2.3.1.bn.weight'. See ednet.engine.trainer for customization of frozen layers.
WARNING ⚠️ setting 'requires_grad=True' for frozen layer 'model.29.one2one_cv2.3.1.bn.bias'. See ednet.engine.trainer for customization of frozen layers.
WARNING ⚠️ setting 'requires_grad=True' for frozen layer 'model.29.one2one_cv2.3.2.weight'. See ednet.engine.trainer for customization of frozen layers.
WARNING ⚠️ setting 'requires_grad=True' for frozen layer 'model.29.one2one_cv2.3.2.bias'. See ednet.engine.trainer for customization of frozen layers.
WARNING ⚠️ setting 'requires_grad=True' for frozen layer 'model.29.one2one_cv3.0.0.0.conv.weight'. See ednet.engine.trainer for customization of frozen layers.
WARNING ⚠️ setting 'requires_grad=True' for frozen layer 'model.29.one2one_cv3.0.0.0.bn.weight'. See ednet.engine.trainer for customization of frozen layers.
WARNING ⚠️ setting 'requires_grad=True' for frozen layer 'model.29.one2one_cv3.0.0.0.bn.bias'. See ednet.engine.trainer for customization of frozen layers.
WARNING ⚠️ setting 'requires_grad=True' for frozen layer 'model.29.one2one_cv3.0.0.1.conv.weight'. See ednet.engine.trainer for customization of frozen layers.
WARNING ⚠️ setting 'requires_grad=True' for frozen layer 'model.29.one2one_cv3.0.0.1.bn.weight'. See ednet.engine.trainer for customization of frozen layers.
WARNING ⚠️ setting 'requires_grad=True' for frozen layer 'model.29.one2one_cv3.0.0.1.bn.bias'. See ednet.engine.trainer for customization of frozen layers.
WARNING ⚠️ setting 'requires_grad=True' for frozen layer 'model.29.one2one_cv3.0.1.0.conv.weight'. See ednet.engine.trainer for customization of frozen layers.
WARNING ⚠️ setting 'requires_grad=True' for frozen layer 'model.29.one2one_cv3.0.1.0.bn.weight'. See ednet.engine.trainer for customization of frozen layers.
WARNING ⚠️ setting 'requires_grad=True' for frozen layer 'model.29.one2one_cv3.0.1.0.bn.bias'. See ednet.engine.trainer for customization of frozen layers.
WARNING ⚠️ setting 'requires_grad=True' for frozen layer 'model.29.one2one_cv3.0.1.1.conv.weight'. See ednet.engine.trainer for customization of frozen layers.
WARNING ⚠️ setting 'requires_grad=True' for frozen layer 'model.29.one2one_cv3.0.1.1.bn.weight'. See ednet.engine.trainer for customization of frozen layers.
WARNING ⚠️ setting 'requires_grad=True' for frozen layer 'model.29.one2one_cv3.0.1.1.bn.bias'. See ednet.engine.trainer for customization of frozen layers.
WARNING ⚠️ setting 'requires_grad=True' for frozen layer 'model.29.one2one_cv3.0.2.weight'. See ednet.engine.trainer for customization of frozen layers.
WARNING ⚠️ setting 'requires_grad=True' for frozen layer 'model.29.one2one_cv3.0.2.bias'. See ednet.engine.trainer for customization of frozen layers.
WARNING ⚠️ setting 'requires_grad=True' for frozen layer 'model.29.one2one_cv3.1.0.0.conv.weight'. See ednet.engine.trainer for customization of frozen layers.
WARNING ⚠️ setting 'requires_grad=True' for frozen layer 'model.29.one2one_cv3.1.0.0.bn.weight'. See ednet.engine.trainer for customization of frozen layers.
WARNING ⚠️ setting 'requires_grad=True' for frozen layer 'model.29.one2one_cv3.1.0.0.bn.bias'. See ednet.engine.trainer for customization of frozen layers.
WARNING ⚠️ setting 'requires_grad=True' for frozen layer 'model.29.one2one_cv3.1.0.1.conv.weight'. See ednet.engine.trainer for customization of frozen layers.
WARNING ⚠️ setting 'requires_grad=True' for frozen layer 'model.29.one2one_cv3.1.0.1.bn.weight'. See ednet.engine.trainer for customization of frozen layers.
WARNING ⚠️ setting 'requires_grad=True' for frozen layer 'model.29.one2one_cv3.1.0.1.bn.bias'. See ednet.engine.trainer for customization of frozen layers.
WARNING ⚠️ setting 'requires_grad=True' for frozen layer 'model.29.one2one_cv3.1.1.0.conv.weight'. See ednet.engine.trainer for customization of frozen layers.
WARNING ⚠️ setting 'requires_grad=True' for frozen layer 'model.29.one2one_cv3.1.1.0.bn.weight'. See ednet.engine.trainer for customization of frozen layers.
WARNING ⚠️ setting 'requires_grad=True' for frozen layer 'model.29.one2one_cv3.1.1.0.bn.bias'. See ednet.engine.trainer for customization of frozen layers.
WARNING ⚠️ setting 'requires_grad=True' for frozen layer 'model.29.one2one_cv3.1.1.1.conv.weight'. See ednet.engine.trainer for customization of frozen layers.
WARNING ⚠️ setting 'requires_grad=True' for frozen layer 'model.29.one2one_cv3.1.1.1.bn.weight'. See ednet.engine.trainer for customization of frozen layers.
WARNING ⚠️ setting 'requires_grad=True' for frozen layer 'model.29.one2one_cv3.1.1.1.bn.bias'. See ednet.engine.trainer for customization of frozen layers.
WARNING ⚠️ setting 'requires_grad=True' for frozen layer 'model.29.one2one_cv3.1.2.weight'. See ednet.engine.trainer for customization of frozen layers.
WARNING ⚠️ setting 'requires_grad=True' for frozen layer 'model.29.one2one_cv3.1.2.bias'. See ednet.engine.trainer for customization of frozen layers.
WARNING ⚠️ setting 'requires_grad=True' for frozen layer 'model.29.one2one_cv3.2.0.0.conv.weight'. See ednet.engine.trainer for customization of frozen layers.
WARNING ⚠️ setting 'requires_grad=True' for frozen layer 'model.29.one2one_cv3.2.0.0.bn.weight'. See ednet.engine.trainer for customization of frozen layers.
WARNING ⚠️ setting 'requires_grad=True' for frozen layer 'model.29.one2one_cv3.2.0.0.bn.bias'. See ednet.engine.trainer for customization of frozen layers.
WARNING ⚠️ setting 'requires_grad=True' for frozen layer 'model.29.one2one_cv3.2.0.1.conv.weight'. See ednet.engine.trainer for customization of frozen layers.
WARNING ⚠️ setting 'requires_grad=True' for frozen layer 'model.29.one2one_cv3.2.0.1.bn.weight'. See ednet.engine.trainer for customization of frozen layers.
WARNING ⚠️ setting 'requires_grad=True' for frozen layer 'model.29.one2one_cv3.2.0.1.bn.bias'. See ednet.engine.trainer for customization of frozen layers.
WARNING ⚠️ setting 'requires_grad=True' for frozen layer 'model.29.one2one_cv3.2.1.0.conv.weight'. See ednet.engine.trainer for customization of frozen layers.
WARNING ⚠️ setting 'requires_grad=True' for frozen layer 'model.29.one2one_cv3.2.1.0.bn.weight'. See ednet.engine.trainer for customization of frozen layers.
WARNING ⚠️ setting 'requires_grad=True' for frozen layer 'model.29.one2one_cv3.2.1.0.bn.bias'. See ednet.engine.trainer for customization of frozen layers.
WARNING ⚠️ setting 'requires_grad=True' for frozen layer 'model.29.one2one_cv3.2.1.1.conv.weight'. See ednet.engine.trainer for customization of frozen layers.
WARNING ⚠️ setting 'requires_grad=True' for frozen layer 'model.29.one2one_cv3.2.1.1.bn.weight'. See ednet.engine.trainer for customization of frozen layers.
WARNING ⚠️ setting 'requires_grad=True' for frozen layer 'model.29.one2one_cv3.2.1.1.bn.bias'. See ednet.engine.trainer for customization of frozen layers.
WARNING ⚠️ setting 'requires_grad=True' for frozen layer 'model.29.one2one_cv3.2.2.weight'. See ednet.engine.trainer for customization of frozen layers.
WARNING ⚠️ setting 'requires_grad=True' for frozen layer 'model.29.one2one_cv3.2.2.bias'. See ednet.engine.trainer for customization of frozen layers.
WARNING ⚠️ setting 'requires_grad=True' for frozen layer 'model.29.one2one_cv3.3.0.0.conv.weight'. See ednet.engine.trainer for customization of frozen layers.
WARNING ⚠️ setting 'requires_grad=True' for frozen layer 'model.29.one2one_cv3.3.0.0.bn.weight'. See ednet.engine.trainer for customization of frozen layers.
WARNING ⚠️ setting 'requires_grad=True' for frozen layer 'model.29.one2one_cv3.3.0.0.bn.bias'. See ednet.engine.trainer for customization of frozen layers.
WARNING ⚠️ setting 'requires_grad=True' for frozen layer 'model.29.one2one_cv3.3.0.1.conv.weight'. See ednet.engine.trainer for customization of frozen layers.
WARNING ⚠️ setting 'requires_grad=True' for frozen layer 'model.29.one2one_cv3.3.0.1.bn.weight'. See ednet.engine.trainer for customization of frozen layers.
WARNING ⚠️ setting 'requires_grad=True' for frozen layer 'model.29.one2one_cv3.3.0.1.bn.bias'. See ednet.engine.trainer for customization of frozen layers.
WARNING ⚠️ setting 'requires_grad=True' for frozen layer 'model.29.one2one_cv3.3.1.0.conv.weight'. See ednet.engine.trainer for customization of frozen layers.
WARNING ⚠️ setting 'requires_grad=True' for frozen layer 'model.29.one2one_cv3.3.1.0.bn.weight'. See ednet.engine.trainer for customization of frozen layers.
WARNING ⚠️ setting 'requires_grad=True' for frozen layer 'model.29.one2one_cv3.3.1.0.bn.bias'. See ednet.engine.trainer for customization of frozen layers.
WARNING ⚠️ setting 'requires_grad=True' for frozen layer 'model.29.one2one_cv3.3.1.1.conv.weight'. See ednet.engine.trainer for customization of frozen layers.
WARNING ⚠️ setting 'requires_grad=True' for frozen layer 'model.29.one2one_cv3.3.1.1.bn.weight'. See ednet.engine.trainer for customization of frozen layers.
WARNING ⚠️ setting 'requires_grad=True' for frozen layer 'model.29.one2one_cv3.3.1.1.bn.bias'. See ednet.engine.trainer for customization of frozen layers.
WARNING ⚠️ setting 'requires_grad=True' for frozen layer 'model.29.one2one_cv3.3.2.weight'. See ednet.engine.trainer for customization of frozen layers.
WARNING ⚠️ setting 'requires_grad=True' for frozen layer 'model.29.one2one_cv3.3.2.bias'. See ednet.engine.trainer for customization of frozen layers.
[34m[1mAMP: [0mrunning Automatic Mixed Precision (AMP) checks with YOLOv8n...
[34m[1mAMP: [0mchecks passed ✅
Plotting labels to /home/ddwilde/scriptie/runs/dota_saab_upper/stage1-saab/labels.jpg... 
[34m[1moptimizer:[0m 'optimizer=auto' found, ignoring 'lr0=0.01' and 'momentum=0.937' and determining best 'optimizer', 'lr0' and 'momentum' automatically... 
[34m[1moptimizer:[0m AdamW(lr=0.000526, momentum=0.9) with parameter groups 117 weight(decay=0.0), 202 weight(decay=0.0005), 139 bias(decay=0.0)
Skipping fusion for LoRA-wrapped layer Conv
Skipping fusion for LoRA-wrapped layer Conv
Skipping fusion for LoRA-wrapped layer Conv
Skipping fusion for LoRA-wrapped layer Conv
Skipping fusion for LoRA-wrapped layer Conv
Skipping fusion for LoRA-wrapped layer Conv
Skipping fusion for LoRA-wrapped layer Conv
Skipping fusion for LoRA-wrapped layer Conv
Skipping fusion for LoRA-wrapped layer Conv
Skipping fusion for LoRA-wrapped layer Conv
Skipping fusion for LoRA-wrapped layer Conv
Skipping fusion for LoRA-wrapped layer Conv
Skipping fusion for LoRA-wrapped layer Conv
Skipping fusion for LoRA-wrapped layer Conv
Skipping fusion for LoRA-wrapped layer Conv
Skipping fusion for LoRA-wrapped layer Conv
Skipping fusion for LoRA-wrapped layer Conv
Skipping fusion for LoRA-wrapped layer Conv
Skipping fusion for LoRA-wrapped layer Conv
Skipping fusion for LoRA-wrapped layer Conv
Skipping fusion for LoRA-wrapped layer Conv
Skipping fusion for LoRA-wrapped layer Conv
Skipping fusion for LoRA-wrapped layer Conv
Skipping fusion for LoRA-wrapped layer Conv
Skipping fusion for LoRA-wrapped layer Conv
Skipping fusion for LoRA-wrapped layer Conv
Skipping fusion for LoRA-wrapped layer Conv
Skipping fusion for LoRA-wrapped layer Conv
[34m[1mTensorBoard: [0mmodel graph visualization added ✅
Image sizes 640 train, 640 val
Using 8 dataloader workers
Logging results to [1m/home/ddwilde/scriptie/runs/dota_saab_upper/stage1-saab[0m
Starting training for 50 epochs...

      Epoch    GPU_mem   box_loss   cls_loss   dfl_loss  Instances       Size
Limiting positives to classes (0, 1, 2, 3, 4, 5, 6, 7, 8, 9, 10, 11, 12, 13, 14)
Limiting positives to classes (0, 1, 2, 3, 4, 5, 6, 7, 8, 9, 10, 11, 12, 13, 14)
Replay tap positives before filter=347 after=347
Current items collected: 71
Replay tap P3: count=69 mean_norm=5.8126 max_norm=16.5238
Replay tap P4: count=2 mean_norm=6.7454 max_norm=7.8097
Replay tap positives before filter=1027 after=1027
Current items collected: 178
Replay tap P3: count=161 mean_norm=7.7149 max_norm=16.2220
Replay tap P4: count=17 mean_norm=6.9355 max_norm=8.1958
Replay tap positives before filter=1500 after=1500
Current items collected: 336
Replay tap P3: count=299 mean_norm=8.5094 max_norm=17.9273
Replay tap P4: count=37 mean_norm=6.5400 max_norm=7.7543
Replay tap positives before filter=961 after=961
Current items collected: 311
Replay tap P3: count=269 mean_norm=8.8967 max_norm=24.4988
Replay tap P4: count=42 mean_norm=6.5958 max_norm=7.4823
Replay tap positives before filter=1171 after=1171
Current items collected: 297
Replay tap P3: count=254 mean_norm=7.6288 max_norm=22.0384
Replay tap P4: count=43 mean_norm=6.7706 max_norm=8.0179
Replay tap positives before filter=1111 after=1111
Current items collected: 176
Replay tap P3: count=169 mean_norm=7.4669 max_norm=15.9343
Replay tap P4: count=7 mean_norm=6.6627 max_norm=7.5565
Replay tap positives before filter=1055 after=1055
Current items collected: 261
Replay tap P3: count=251 mean_norm=9.7874 max_norm=23.1547
Replay tap P4: count=10 mean_norm=6.6730 max_norm=9.2745
Replay tap positives before filter=1329 after=1321
Current items collected: 518
Replay tap P3: count=491 mean_norm=9.6677 max_norm=23.0472
Replay tap P4: count=27 mean_norm=6.4332 max_norm=7.6797
Replay tap positives before filter=686 after=686
Current items collected: 186
Replay tap P3: count=160 mean_norm=6.8329 max_norm=18.9006
Replay tap P4: count=26 mean_norm=7.4132 max_norm=8.9338
Replay tap positives before filter=2358 after=2358
Current items collected: 513
Replay tap P3: count=460 mean_norm=11.3789 max_norm=21.1401
Replay tap P4: count=53 mean_norm=6.3839 max_norm=8.5311
Replay tap positives before filter=2254 after=2254
Current items collected: 447
Replay tap P3: count=422 mean_norm=9.0785 max_norm=26.4258
Replay tap P4: count=25 mean_norm=6.3528 max_norm=7.5241
Replay tap positives before filter=740 after=740
Current items collected: 137
Replay tap P3: count=134 mean_norm=8.3201 max_norm=21.3745
Replay tap P4: count=3 mean_norm=5.8049 max_norm=6.1890
Replay tap positives before filter=331 after=331
Current items collected: 97
Replay tap P3: count=90 mean_norm=6.3000 max_norm=12.4916
Replay tap P4: count=7 mean_norm=6.2976 max_norm=7.9027
Replay tap positives before filter=2246 after=2246
Current items collected: 463
Replay tap P3: count=461 mean_norm=8.7025 max_norm=19.0784
Replay tap P4: count=2 mean_norm=6.6638 max_norm=7.2172
Replay tap positives before filter=1072 after=1072
Current items collected: 209
Replay tap P3: count=196 mean_norm=8.1777 max_norm=21.7256
Replay tap P4: count=13 mean_norm=6.5066 max_norm=7.6929
Replay tap positives before filter=1665 after=1665
Current items collected: 376
Replay tap P3: count=348 mean_norm=9.3139 max_norm=21.7308
Replay tap P4: count=28 mean_norm=6.1593 max_norm=9.7551
Replay tap positives before filter=1450 after=1450
Current items collected: 399
Replay tap P3: count=348 mean_norm=7.0542 max_norm=17.7030
Replay tap P4: count=51 mean_norm=6.6846 max_norm=8.5762
Replay tap positives before filter=1460 after=1460
Current items collected: 632
Replay tap P3: count=621 mean_norm=9.8415 max_norm=21.6453
Replay tap P4: count=11 mean_norm=6.9023 max_norm=8.6980
Replay tap positives before filter=1857 after=1857
Current items collected: 400
Replay tap P3: count=372 mean_norm=8.2266 max_norm=20.3286
Replay tap P4: count=28 mean_norm=6.4106 max_norm=7.6055
Replay tap positives before filter=1379 after=1379
Current items collected: 216
Replay tap P3: count=206 mean_norm=9.2359 max_norm=18.6915
Replay tap P4: count=10 mean_norm=6.7003 max_norm=8.5178
Replay tap positives before filter=725 after=725
Current items collected: 211
Replay tap P3: count=203 mean_norm=7.0167 max_norm=20.7160
Replay tap P4: count=8 mean_norm=6.8050 max_norm=7.9514
Replay tap positives before filter=1049 after=1049
Current items collected: 184
Replay tap P3: count=176 mean_norm=9.7921 max_norm=21.8265
Replay tap P4: count=8 mean_norm=6.6550 max_norm=7.6065
Replay tap positives before filter=858 after=858
Current items collected: 297
Replay tap P3: count=288 mean_norm=9.3419 max_norm=22.8634
Replay tap P4: count=9 mean_norm=6.5815 max_norm=7.2601
Replay tap positives before filter=2241 after=2241
Current items collected: 573
Replay tap P3: count=526 mean_norm=9.4701 max_norm=21.2824
Replay tap P4: count=47 mean_norm=5.9368 max_norm=7.2390
Replay tap positives before filter=643 after=643
Current items collected: 162
Replay tap P3: count=142 mean_norm=8.4070 max_norm=19.4964
Replay tap P4: count=20 mean_norm=6.3375 max_norm=7.5522
Replay tap positives before filter=1908 after=1908
Current items collected: 406
Replay tap P3: count=355 mean_norm=9.8146 max_norm=30.9625
Replay tap P4: count=51 mean_norm=6.5809 max_norm=8.5609
Replay tap positives before filter=1616 after=1616
Current items collected: 276
Replay tap P3: count=239 mean_norm=8.0353 max_norm=20.8484
Replay tap P4: count=37 mean_norm=6.6232 max_norm=7.7868
Replay tap positives before filter=2213 after=2213
Current items collected: 452
Replay tap P3: count=436 mean_norm=12.1177 max_norm=22.7264
Replay tap P4: count=16 mean_norm=6.0897 max_norm=7.2201
Replay tap positives before filter=3027 after=3027
Current items collected: 526
Replay tap P3: count=448 mean_norm=8.7935 max_norm=25.3874
Replay tap P4: count=78 mean_norm=6.1312 max_norm=8.2111
Replay tap positives before filter=3027 after=3027
Current items collected: 492
Replay tap P3: count=476 mean_norm=10.5868 max_norm=21.5918
Replay tap P4: count=16 mean_norm=6.8509 max_norm=8.4344
Replay tap positives before filter=2191 after=2191
Current items collected: 654
Replay tap P3: count=644 mean_norm=12.4852 max_norm=23.9170
Replay tap P4: count=10 mean_norm=6.5705 max_norm=7.1295
Replay tap positives before filter=3549 after=3539
Current items collected: 746
Replay tap P3: count=708 mean_norm=7.8156 max_norm=20.9853
Replay tap P4: count=38 mean_norm=6.5536 max_norm=8.6757
Replay tap positives before filter=3368 after=3368
Current items collected: 748
Replay tap P3: count=662 mean_norm=11.2167 max_norm=21.0435
Replay tap P4: count=86 mean_norm=6.5518 max_norm=8.8611
Replay tap positives before filter=2202 after=2192
Current items collected: 625
Replay tap P3: count=578 mean_norm=11.9311 max_norm=23.7536
Replay tap P4: count=47 mean_norm=7.0417 max_norm=9.3710
Replay tap positives before filter=897 after=897
Current items collected: 182
Replay tap P3: count=175 mean_norm=8.4602 max_norm=18.1291
Replay tap P4: count=7 mean_norm=5.8033 max_norm=7.2289
Replay tap positives before filter=2177 after=2167
Current items collected: 508
Replay tap P3: count=414 mean_norm=11.4211 max_norm=19.6953
Replay tap P4: count=94 mean_norm=6.6260 max_norm=8.3622
Replay tap positives before filter=1407 after=1407
Current items collected: 298
Replay tap P3: count=278 mean_norm=7.4618 max_norm=18.3070
Replay tap P4: count=20 mean_norm=6.7369 max_norm=8.2049
Replay tap positives before filter=2444 after=2444
Current items collected: 465
Replay tap P3: count=436 mean_norm=11.5738 max_norm=22.0471
Replay tap P4: count=29 mean_norm=6.9460 max_norm=8.7599
Replay tap positives before filter=745 after=745
Current items collected: 219
Replay tap P3: count=215 mean_norm=8.5378 max_norm=23.8538
Replay tap P4: count=4 mean_norm=6.2867 max_norm=8.7884
Replay tap positives before filter=3687 after=3677
Current items collected: 965
Replay tap P3: count=886 mean_norm=10.1340 max_norm=21.8881
Replay tap P4: count=79 mean_norm=6.5153 max_norm=8.2368
Replay tap positives before filter=3197 after=3197
Current items collected: 816
Replay tap P3: count=736 mean_norm=10.0699 max_norm=22.5750
Replay tap P4: count=80 mean_norm=6.0562 max_norm=9.3071
Replay tap positives before filter=2652 after=2652
Current items collected: 696
Replay tap P3: count=668 mean_norm=11.8324 max_norm=29.0470
Replay tap P4: count=28 mean_norm=6.5153 max_norm=8.0459
Replay tap positives before filter=1513 after=1503
Current items collected: 300
Replay tap P3: count=288 mean_norm=9.8741 max_norm=20.2738
Replay tap P4: count=12 mean_norm=6.3423 max_norm=7.6802
Replay tap positives before filter=2706 after=2706
Current items collected: 381
Replay tap P3: count=372 mean_norm=8.3356 max_norm=23.4405
Replay tap P4: count=9 mean_norm=5.5292 max_norm=7.8632
Replay tap positives before filter=2030 after=2030
Current items collected: 422
Replay tap P3: count=406 mean_norm=10.8288 max_norm=24.6606
Replay tap P4: count=16 mean_norm=6.3498 max_norm=7.4341
Replay tap positives before filter=806 after=806
Current items collected: 179
Replay tap P3: count=173 mean_norm=13.8236 max_norm=23.3021
Replay tap P4: count=6 mean_norm=6.5951 max_norm=7.9811
Replay tap positives before filter=1102 after=1102
Current items collected: 343
Replay tap P3: count=329 mean_norm=9.1933 max_norm=24.0385
Replay tap P4: count=14 mean_norm=6.4178 max_norm=7.6526
Replay tap positives before filter=1693 after=1693
Current items collected: 363
Replay tap P3: count=340 mean_norm=9.7840 max_norm=21.7043
Replay tap P4: count=23 mean_norm=6.5417 max_norm=9.4144
Replay tap positives before filter=1682 after=1682
Current items collected: 549
Replay tap P3: count=486 mean_norm=10.8717 max_norm=21.4042
Replay tap P4: count=63 mean_norm=6.6404 max_norm=8.1693
Replay tap positives before filter=2210 after=2210
Current items collected: 448
Replay tap P3: count=438 mean_norm=12.8979 max_norm=26.5619
Replay tap P4: count=10 mean_norm=6.2279 max_norm=7.6563
Replay tap positives before filter=1598 after=1598
Current items collected: 277
Replay tap P3: count=257 mean_norm=9.8721 max_norm=23.6093
Replay tap P4: count=20 mean_norm=6.6151 max_norm=7.4634
Replay tap positives before filter=1662 after=1662
Current items collected: 412
Replay tap P3: count=393 mean_norm=10.7742 max_norm=22.0359
Replay tap P4: count=19 mean_norm=6.7985 max_norm=8.0718
Replay tap positives before filter=1243 after=1243
Current items collected: 339
Replay tap P3: count=281 mean_norm=11.5554 max_norm=36.2350
Replay tap P4: count=58 mean_norm=6.6644 max_norm=9.3619
Replay tap positives before filter=3454 after=3454
Current items collected: 708
Replay tap P3: count=688 mean_norm=10.5825 max_norm=24.4800
Replay tap P4: count=20 mean_norm=6.5588 max_norm=7.9968
Replay tap positives before filter=885 after=885
Current items collected: 302
Replay tap P3: count=297 mean_norm=10.1262 max_norm=23.3539
Replay tap P4: count=5 mean_norm=6.1313 max_norm=7.4820
Replay tap positives before filter=1341 after=1341
Current items collected: 334
Replay tap P3: count=311 mean_norm=9.0720 max_norm=28.0038
Replay tap P4: count=23 mean_norm=6.3488 max_norm=7.3785
Replay tap positives before filter=1748 after=1748
Current items collected: 408
Replay tap P3: count=397 mean_norm=9.0904 max_norm=28.2221
Replay tap P4: count=11 mean_norm=5.6544 max_norm=6.6565
Replay tap positives before filter=825 after=825
Current items collected: 225
Replay tap P3: count=210 mean_norm=10.9703 max_norm=28.4335
Replay tap P4: count=15 mean_norm=6.1547 max_norm=7.2250
Replay tap positives before filter=953 after=953
Current items collected: 411
Replay tap P3: count=398 mean_norm=9.8054 max_norm=23.7808
Replay tap P4: count=13 mean_norm=6.7689 max_norm=7.6049
Replay tap positives before filter=1185 after=1185
Current items collected: 297
Replay tap P3: count=286 mean_norm=11.2817 max_norm=25.0237
Replay tap P4: count=11 mean_norm=6.1860 max_norm=7.1963
Replay tap positives before filter=1683 after=1683
Current items collected: 499
Replay tap P3: count=474 mean_norm=10.3884 max_norm=23.9349
Replay tap P4: count=25 mean_norm=6.7450 max_norm=8.2473
Replay tap positives before filter=711 after=711
Current items collected: 235
Replay tap P3: count=229 mean_norm=9.0898 max_norm=20.8818
Replay tap P4: count=6 mean_norm=6.0399 max_norm=6.7731
Replay tap positives before filter=777 after=777
Current items collected: 256
Replay tap P3: count=250 mean_norm=10.4545 max_norm=29.9508
Replay tap P4: count=6 mean_norm=6.1044 max_norm=7.5145
Replay tap positives before filter=2013 after=2013
Current items collected: 520
Replay tap P3: count=501 mean_norm=11.3182 max_norm=28.1660
Replay tap P4: count=19 mean_norm=6.4744 max_norm=8.2379
Replay tap positives before filter=3590 after=3590
Current items collected: 916
Replay tap P3: count=807 mean_norm=10.0698 max_norm=22.3160
Replay tap P4: count=109 mean_norm=6.6458 max_norm=9.4974
Replay tap positives before filter=3278 after=3278
Current items collected: 770
Replay tap P3: count=657 mean_norm=10.8913 max_norm=22.3871
Replay tap P4: count=113 mean_norm=6.7366 max_norm=8.9479
Replay tap positives before filter=1528 after=1528
Current items collected: 437
Replay tap P3: count=404 mean_norm=10.5940 max_norm=41.3385
Replay tap P4: count=33 mean_norm=6.5064 max_norm=7.9126
Replay tap positives before filter=1933 after=1923
Current items collected: 394
Replay tap P3: count=374 mean_norm=12.0635 max_norm=25.8826
Replay tap P4: count=20 mean_norm=7.0291 max_norm=8.0401
Replay tap positives before filter=2504 after=2494
Current items collected: 452
Replay tap P3: count=426 mean_norm=8.4155 max_norm=18.7595
Replay tap P4: count=26 mean_norm=6.2281 max_norm=7.4637
Replay tap positives before filter=890 after=890
Current items collected: 186
Replay tap P3: count=181 mean_norm=11.4169 max_norm=25.3181
Replay tap P4: count=5 mean_norm=6.3558 max_norm=7.7249
Replay tap positives before filter=1403 after=1403
Current items collected: 401
Replay tap P3: count=387 mean_norm=10.3658 max_norm=23.1164
Replay tap P4: count=14 mean_norm=5.7089 max_norm=7.2321
Replay tap positives before filter=1435 after=1435
Current items collected: 390
Replay tap P3: count=364 mean_norm=11.6553 max_norm=26.7868
Replay tap P4: count=26 mean_norm=6.3911 max_norm=8.9239
Replay tap positives before filter=1961 after=1961
Current items collected: 511
Replay tap P3: count=479 mean_norm=12.8897 max_norm=26.2080
Replay tap P4: count=32 mean_norm=6.6139 max_norm=8.2192
Replay tap positives before filter=868 after=868
Current items collected: 364
Replay tap P3: count=352 mean_norm=11.3847 max_norm=25.3195
Replay tap P4: count=12 mean_norm=6.1738 max_norm=7.8635
Replay tap positives before filter=1912 after=1912
Current items collected: 400
Replay tap P3: count=339 mean_norm=8.7570 max_norm=19.2906
Replay tap P4: count=61 mean_norm=6.3262 max_norm=7.6774
Replay tap positives before filter=3069 after=3069
Current items collected: 722
Replay tap P3: count=668 mean_norm=12.4957 max_norm=22.6362
Replay tap P4: count=54 mean_norm=6.4766 max_norm=8.3416
Replay tap positives before filter=1416 after=1416
Current items collected: 264
Replay tap P3: count=260 mean_norm=11.9270 max_norm=25.1607
Replay tap P4: count=4 mean_norm=6.6855 max_norm=7.2623
Replay tap positives before filter=1800 after=1800
Current items collected: 350
Replay tap P3: count=336 mean_norm=10.5695 max_norm=26.2069
Replay tap P4: count=14 mean_norm=6.2507 max_norm=6.8916
Replay tap positives before filter=622 after=622
Current items collected: 209
Replay tap P3: count=206 mean_norm=7.6821 max_norm=18.7864
Replay tap P4: count=3 mean_norm=5.8872 max_norm=6.3620
Replay tap positives before filter=2703 after=2703
Current items collected: 670
Replay tap P3: count=599 mean_norm=11.8251 max_norm=26.5189
Replay tap P4: count=71 mean_norm=6.8052 max_norm=9.0882
Replay tap positives before filter=8131 after=8121
Current items collected: 1497
Replay tap P3: count=1369 mean_norm=10.2297 max_norm=22.5166
Replay tap P4: count=128 mean_norm=6.0534 max_norm=7.8586
Replay tap positives before filter=3003 after=3003
Current items collected: 639
Replay tap P3: count=610 mean_norm=11.6970 max_norm=28.5693
Replay tap P4: count=29 mean_norm=6.1319 max_norm=7.6455
Replay tap positives before filter=2645 after=2645
Current items collected: 535
Replay tap P3: count=528 mean_norm=12.9385 max_norm=32.5483
Replay tap P4: count=7 mean_norm=6.1959 max_norm=8.2170
Replay tap positives before filter=3358 after=3358
Current items collected: 778
Replay tap P3: count=738 mean_norm=12.7681 max_norm=24.1637
Replay tap P4: count=40 mean_norm=6.5381 max_norm=8.4129
Replay tap positives before filter=1057 after=1057
Current items collected: 185
Replay tap P3: count=177 mean_norm=9.8429 max_norm=20.6328
Replay tap P4: count=8 mean_norm=5.8859 max_norm=6.4463
Replay tap positives before filter=1846 after=1846
Current items collected: 484
Replay tap P3: count=432 mean_norm=12.4887 max_norm=28.0112
Replay tap P4: count=52 mean_norm=6.2173 max_norm=7.9465
Replay tap positives before filter=2182 after=2182
Current items collected: 552
Replay tap P3: count=538 mean_norm=11.0910 max_norm=35.3710
Replay tap P4: count=14 mean_norm=7.0123 max_norm=8.2690
Replay tap positives before filter=2608 after=2608
Current items collected: 675
Replay tap P3: count=648 mean_norm=11.1166 max_norm=22.7019
Replay tap P4: count=27 mean_norm=6.7921 max_norm=8.2963
Replay tap positives before filter=1893 after=1893
Current items collected: 479
Replay tap P3: count=424 mean_norm=13.0324 max_norm=32.3098
Replay tap P4: count=55 mean_norm=6.2981 max_norm=8.0259
Replay tap positives before filter=5048 after=5048
Current items collected: 1191
Replay tap P3: count=1067 mean_norm=10.4776 max_norm=45.3170
Replay tap P4: count=124 mean_norm=6.4825 max_norm=8.2640
Replay tap positives before filter=1682 after=1682
Current items collected: 295
Replay tap P3: count=278 mean_norm=11.9747 max_norm=31.6828
Replay tap P4: count=17 mean_norm=7.0927 max_norm=7.7582
Replay tap positives before filter=3355 after=3355
Current items collected: 680
Replay tap P3: count=595 mean_norm=11.1238 max_norm=25.9529
Replay tap P4: count=85 mean_norm=6.3534 max_norm=8.6094
Replay tap positives before filter=1261 after=1261
Current items collected: 460
Replay tap P3: count=447 mean_norm=10.8075 max_norm=32.0895
Replay tap P4: count=13 mean_norm=6.3473 max_norm=8.1033
Replay tap positives before filter=749 after=749
Current items collected: 289
Replay tap P3: count=286 mean_norm=11.7960 max_norm=47.0081
Replay tap P4: count=3 mean_norm=7.0470 max_norm=7.8955
Replay tap positives before filter=947 after=947
Current items collected: 353
Replay tap P3: count=350 mean_norm=11.8560 max_norm=35.3118
Replay tap P4: count=3 mean_norm=6.0776 max_norm=6.9332
Replay tap positives before filter=2261 after=2261
Current items collected: 515
Replay tap P3: count=505 mean_norm=10.7078 max_norm=22.7647
Replay tap P4: count=10 mean_norm=6.8878 max_norm=8.9617
Replay tap positives before filter=3766 after=3755
Current items collected: 871
Replay tap P3: count=788 mean_norm=13.4257 max_norm=23.0994
Replay tap P4: count=83 mean_norm=6.7081 max_norm=8.5463
Replay tap positives before filter=2213 after=2213
Current items collected: 427
Replay tap P3: count=404 mean_norm=12.6798 max_norm=25.6568
Replay tap P4: count=23 mean_norm=6.5030 max_norm=7.6973
Replay tap positives before filter=610 after=610
Current items collected: 293
Replay tap P3: count=272 mean_norm=11.1763 max_norm=26.9825
Replay tap P4: count=21 mean_norm=7.4025 max_norm=8.5090
Replay tap positives before filter=4301 after=4301
Current items collected: 946
Replay tap P3: count=875 mean_norm=11.9276 max_norm=22.4366
Replay tap P4: count=71 mean_norm=7.0378 max_norm=8.3749
Replay tap positives before filter=841 after=841
Current items collected: 222
Replay tap P3: count=214 mean_norm=8.6574 max_norm=20.5042
Replay tap P4: count=8 mean_norm=6.3731 max_norm=7.5816
Replay tap positives before filter=3406 after=3406
Current items collected: 883
Replay tap P3: count=755 mean_norm=11.9769 max_norm=31.9567
Replay tap P4: count=128 mean_norm=6.4974 max_norm=8.1362
Replay tap positives before filter=2981 after=2981
Current items collected: 534
Replay tap P3: count=523 mean_norm=13.3665 max_norm=33.7693
Replay tap P4: count=11 mean_norm=6.0516 max_norm=7.5493
Replay tap positives before filter=3852 after=3852
Current items collected: 708
Replay tap P3: count=675 mean_norm=12.4103 max_norm=29.2590
Replay tap P4: count=33 mean_norm=6.2544 max_norm=8.4946
Replay tap positives before filter=1082 after=1082
Current items collected: 332
Replay tap P3: count=325 mean_norm=11.0318 max_norm=24.5494
Replay tap P4: count=7 mean_norm=6.4991 max_norm=7.1393
Replay tap positives before filter=1552 after=1552
Current items collected: 389
Replay tap P3: count=385 mean_norm=11.8315 max_norm=27.3584
Replay tap P4: count=4 mean_norm=6.2222 max_norm=6.5569
Replay tap positives before filter=750 after=750
Current items collected: 321
Replay tap P3: count=308 mean_norm=8.7758 max_norm=22.3287
Replay tap P4: count=13 mean_norm=5.8102 max_norm=7.1672
Replay tap positives before filter=3224 after=3224
Current items collected: 648
Replay tap P3: count=613 mean_norm=13.1443 max_norm=34.8797
Replay tap P4: count=35 mean_norm=6.7911 max_norm=8.3837
Replay tap positives before filter=2659 after=2659
Current items collected: 601
Replay tap P3: count=567 mean_norm=13.0719 max_norm=23.5002
Replay tap P4: count=34 mean_norm=5.9022 max_norm=8.3522
Replay tap positives before filter=1001 after=991
Current items collected: 249
Replay tap P3: count=230 mean_norm=12.5072 max_norm=30.8545
Replay tap P4: count=19 mean_norm=5.8311 max_norm=7.2434
Replay tap positives before filter=2343 after=2343
Current items collected: 707
Replay tap P3: count=679 mean_norm=12.6482 max_norm=37.4838
Replay tap P4: count=28 mean_norm=6.2980 max_norm=7.9623
Replay tap positives before filter=1985 after=1985
Current items collected: 502
Replay tap P3: count=482 mean_norm=10.8798 max_norm=21.3872
Replay tap P4: count=20 mean_norm=7.1530 max_norm=8.4828
Replay tap positives before filter=473 after=473
Current items collected: 171
Replay tap P3: count=161 mean_norm=13.3012 max_norm=36.0208
Replay tap P4: count=10 mean_norm=5.3573 max_norm=6.1768
Replay tap positives before filter=1414 after=1414
Current items collected: 374
Replay tap P3: count=357 mean_norm=11.3294 max_norm=24.1117
Replay tap P4: count=17 mean_norm=6.1271 max_norm=6.6542
Replay tap positives before filter=1104 after=1094
Current items collected: 260
Replay tap P3: count=259 mean_norm=12.0984 max_norm=30.2649
Replay tap P4: count=1 mean_norm=6.3174 max_norm=6.3174
Replay tap positives before filter=2204 after=2204
Current items collected: 797
Replay tap P3: count=760 mean_norm=12.3183 max_norm=28.8416
Replay tap P4: count=37 mean_norm=6.4223 max_norm=7.9511
Replay tap positives before filter=926 after=926
Current items collected: 283
Replay tap P3: count=273 mean_norm=9.8876 max_norm=23.7474
Replay tap P4: count=10 mean_norm=7.1281 max_norm=9.1973
Replay tap positives before filter=247 after=247
Current items collected: 172
Replay tap P3: count=151 mean_norm=10.2535 max_norm=24.2443
Replay tap P4: count=21 mean_norm=6.3308 max_norm=7.6350
Replay tap positives before filter=1065 after=1065
Current items collected: 351
Replay tap P3: count=349 mean_norm=9.1339 max_norm=24.8650
Replay tap P4: count=2 mean_norm=7.0263 max_norm=8.0447
Replay tap positives before filter=2801 after=2801
Current items collected: 710
Replay tap P3: count=631 mean_norm=11.8338 max_norm=24.6528
Replay tap P4: count=79 mean_norm=6.4295 max_norm=8.8765
Replay tap positives before filter=705 after=705
Current items collected: 244
Replay tap P3: count=239 mean_norm=13.3993 max_norm=24.7447
Replay tap P4: count=5 mean_norm=6.3563 max_norm=8.3583
Replay tap positives before filter=1776 after=1776
Current items collected: 524
Replay tap P3: count=506 mean_norm=12.8235 max_norm=31.2212
Replay tap P4: count=18 mean_norm=6.1070 max_norm=7.8815
Replay tap positives before filter=1213 after=1213
Current items collected: 481
Replay tap P3: count=480 mean_norm=11.5419 max_norm=26.4627
Replay tap P4: count=1 mean_norm=5.7935 max_norm=5.7935
Replay tap positives before filter=3765 after=3765
Current items collected: 819
Replay tap P3: count=795 mean_norm=12.2550 max_norm=27.9126
Replay tap P4: count=24 mean_norm=6.6073 max_norm=8.2652
Replay tap positives before filter=1684 after=1684
Current items collected: 531
Replay tap P3: count=495 mean_norm=14.5819 max_norm=27.3210
Replay tap P4: count=36 mean_norm=6.3613 max_norm=8.5849
Replay tap positives before filter=1385 after=1385
Current items collected: 394
Replay tap P3: count=359 mean_norm=15.2648 max_norm=43.6850
Replay tap P4: count=35 mean_norm=6.7236 max_norm=8.4224
Replay tap positives before filter=1041 after=1041
Current items collected: 169
Replay tap P3: count=163 mean_norm=11.3767 max_norm=23.9931
Replay tap P4: count=6 mean_norm=5.9398 max_norm=6.4011
Replay tap positives before filter=767 after=767
Current items collected: 285
Replay tap P3: count=278 mean_norm=11.1004 max_norm=26.7184
Replay tap P4: count=7 mean_norm=7.0104 max_norm=7.5726
Replay tap positives before filter=2567 after=2567
Current items collected: 459
Replay tap P3: count=417 mean_norm=11.7355 max_norm=44.4049
Replay tap P4: count=42 mean_norm=6.5267 max_norm=7.4463
Replay tap positives before filter=2243 after=2243
Current items collected: 547
Replay tap P3: count=523 mean_norm=13.2616 max_norm=29.9718
Replay tap P4: count=24 mean_norm=6.4346 max_norm=8.2828
Replay tap positives before filter=2241 after=2231
Current items collected: 541
Replay tap P3: count=532 mean_norm=11.6777 max_norm=34.3344
Replay tap P4: count=9 mean_norm=6.1465 max_norm=7.6111
Replay tap positives before filter=3529 after=3529
Current items collected: 698
Replay tap P3: count=655 mean_norm=13.7641 max_norm=22.8283
Replay tap P4: count=43 mean_norm=7.0055 max_norm=8.5328
Replay tap positives before filter=1093 after=1083
Current items collected: 216
Replay tap P3: count=199 mean_norm=10.8216 max_norm=36.0765
Replay tap P4: count=17 mean_norm=6.1667 max_norm=7.7980
Replay tap positives before filter=617 after=617
Current items collected: 179
Replay tap P3: count=179 mean_norm=9.5391 max_norm=25.9257
Replay tap positives before filter=3054 after=3054
Current items collected: 590
Replay tap P3: count=579 mean_norm=13.2707 max_norm=37.7657
Replay tap P4: count=11 mean_norm=7.1136 max_norm=8.4464
Replay tap positives before filter=1484 after=1484
Current items collected: 372
Replay tap P3: count=360 mean_norm=14.6340 max_norm=36.2783
Replay tap P4: count=12 mean_norm=5.8963 max_norm=7.5515
Replay tap positives before filter=1960 after=1940
Current items collected: 494
Replay tap P3: count=484 mean_norm=14.1074 max_norm=35.1911
Replay tap P4: count=10 mean_norm=7.0140 max_norm=8.1284
Replay tap positives before filter=3169 after=3169
Current items collected: 645
Replay tap P3: count=631 mean_norm=11.9989 max_norm=31.8960
Replay tap P4: count=14 mean_norm=6.5688 max_norm=8.6587
Replay tap positives before filter=3980 after=3980
Current items collected: 678
Replay tap P3: count=650 mean_norm=9.3481 max_norm=25.2361
Replay tap P4: count=28 mean_norm=6.3031 max_norm=7.6930
Replay tap positives before filter=3228 after=3228
Current items collected: 570
Replay tap P3: count=549 mean_norm=13.3251 max_norm=42.7164
Replay tap P4: count=21 mean_norm=6.4491 max_norm=8.1692
Replay tap positives before filter=4395 after=4395
Current items collected: 786
Replay tap P3: count=757 mean_norm=13.6490 max_norm=27.6833
Replay tap P4: count=29 mean_norm=6.3309 max_norm=7.4376
Replay tap positives before filter=3992 after=3992
Current items collected: 1088
Replay tap P3: count=1020 mean_norm=11.8968 max_norm=36.1865
Replay tap P4: count=68 mean_norm=6.4163 max_norm=8.3050
Replay tap positives before filter=2399 after=2399
Current items collected: 532
Replay tap P3: count=509 mean_norm=13.6591 max_norm=42.5312
Replay tap P4: count=23 mean_norm=5.9803 max_norm=7.1586
Replay tap positives before filter=2835 after=2835
Current items collected: 745
Replay tap P3: count=710 mean_norm=12.8938 max_norm=37.3783
Replay tap P4: count=35 mean_norm=6.6782 max_norm=8.8628
Replay tap positives before filter=1477 after=1477
Current items collected: 294
Replay tap P3: count=267 mean_norm=12.2971 max_norm=40.8309
Replay tap P4: count=27 mean_norm=6.4568 max_norm=7.9175
Replay tap positives before filter=1600 after=1600
Current items collected: 456
Replay tap P3: count=452 mean_norm=12.8957 max_norm=40.4454
Replay tap P4: count=4 mean_norm=6.3107 max_norm=6.7639
Replay tap positives before filter=1356 after=1356
Current items collected: 320
Replay tap P3: count=304 mean_norm=13.5847 max_norm=37.9389
Replay tap P4: count=16 mean_norm=6.0084 max_norm=7.2520
Replay tap positives before filter=603 after=603
Current items collected: 177
Replay tap P3: count=162 mean_norm=11.3853 max_norm=26.7211
Replay tap P4: count=15 mean_norm=6.6107 max_norm=8.1597
Replay tap positives before filter=420 after=420
Current items collected: 60
Replay tap P3: count=50 mean_norm=12.9127 max_norm=27.2641
Replay tap P4: count=10 mean_norm=5.7062 max_norm=7.3267
Replay tap positives before filter=5123 after=5113
Current items collected: 1334
Replay tap P3: count=1157 mean_norm=11.5418 max_norm=38.0206
Replay tap P4: count=177 mean_norm=6.1428 max_norm=8.6794
Replay tap positives before filter=1710 after=1710
Current items collected: 530
Replay tap P3: count=487 mean_norm=11.4056 max_norm=41.2823
Replay tap P4: count=43 mean_norm=5.9534 max_norm=7.5074
Replay tap positives before filter=2110 after=2110
Current items collected: 681
Replay tap P3: count=660 mean_norm=11.3070 max_norm=26.4804
Replay tap P4: count=21 mean_norm=6.0363 max_norm=7.4062
Replay tap positives before filter=1587 after=1587
Current items collected: 453
Replay tap P3: count=445 mean_norm=12.8207 max_norm=36.1147
Replay tap P4: count=8 mean_norm=6.3579 max_norm=7.9586
Replay tap positives before filter=1525 after=1525
Current items collected: 481
Replay tap P3: count=470 mean_norm=11.6604 max_norm=31.9511
Replay tap P4: count=11 mean_norm=5.9302 max_norm=7.2256
Replay tap positives before filter=816 after=816
Current items collected: 298
Replay tap P3: count=251 mean_norm=14.5444 max_norm=38.1686
Replay tap P4: count=47 mean_norm=6.2151 max_norm=8.9723
Replay tap positives before filter=2875 after=2875
Current items collected: 591
Replay tap P3: count=572 mean_norm=12.2057 max_norm=26.7276
Replay tap P4: count=19 mean_norm=6.4095 max_norm=7.9030
Replay tap positives before filter=4503 after=4503
Current items collected: 1052
Replay tap P3: count=973 mean_norm=14.3452 max_norm=34.8169
Replay tap P4: count=79 mean_norm=7.3465 max_norm=9.9591
Replay tap positives before filter=2134 after=2134
Current items collected: 534
Replay tap P3: count=479 mean_norm=13.2155 max_norm=37.1875
Replay tap P4: count=55 mean_norm=7.0975 max_norm=9.3380
Replay tap positives before filter=1631 after=1631
Current items collected: 573
Replay tap P3: count=541 mean_norm=11.3574 max_norm=39.9097
Replay tap P4: count=32 mean_norm=5.9763 max_norm=8.3894
Replay tap positives before filter=667 after=667
Current items collected: 190
Replay tap P3: count=166 mean_norm=16.4615 max_norm=43.8013
Replay tap P4: count=24 mean_norm=7.2272 max_norm=9.1908
Replay tap positives before filter=592 after=592
Current items collected: 270
Replay tap P3: count=260 mean_norm=12.1102 max_norm=31.3000
Replay tap P4: count=10 mean_norm=7.4949 max_norm=9.1982
Replay tap positives before filter=2339 after=2339
Current items collected: 520
Replay tap P3: count=502 mean_norm=13.6715 max_norm=28.8584
Replay tap P4: count=18 mean_norm=7.1017 max_norm=9.5917
Replay tap positives before filter=2064 after=2064
Current items collected: 562
Replay tap P3: count=484 mean_norm=8.1792 max_norm=22.1499
Replay tap P4: count=78 mean_norm=6.2731 max_norm=8.5087
Replay tap positives before filter=3087 after=3087
Current items collected: 663
Replay tap P3: count=634 mean_norm=11.6228 max_norm=26.8362
Replay tap P4: count=29 mean_norm=6.3195 max_norm=7.8989
Replay tap positives before filter=2433 after=2433
Current items collected: 463
Replay tap P3: count=420 mean_norm=13.4093 max_norm=28.0353
Replay tap P4: count=43 mean_norm=6.3226 max_norm=7.9566
Replay tap positives before filter=2164 after=2164
Current items collected: 627
Replay tap P3: count=582 mean_norm=13.9736 max_norm=33.2213
Replay tap P4: count=45 mean_norm=6.9197 max_norm=11.9375
Replay tap positives before filter=4423 after=4423
Current items collected: 968
Replay tap P3: count=916 mean_norm=13.0143 max_norm=35.0902
Replay tap P4: count=52 mean_norm=6.8363 max_norm=10.1276
Replay tap positives before filter=3627 after=3627
Current items collected: 729
Replay tap P3: count=684 mean_norm=13.0893 max_norm=40.1875
Replay tap P4: count=45 mean_norm=6.3262 max_norm=8.6390
Replay tap positives before filter=3805 after=3805
Current items collected: 767
Replay tap P3: count=697 mean_norm=14.2323 max_norm=42.2042
Replay tap P4: count=70 mean_norm=6.5994 max_norm=8.1765
Replay tap positives before filter=2588 after=2588
Current items collected: 839
Replay tap P3: count=762 mean_norm=12.4955 max_norm=42.6035
Replay tap P4: count=77 mean_norm=6.6726 max_norm=9.8355
Replay tap positives before filter=1283 after=1283
Current items collected: 340
Replay tap P3: count=322 mean_norm=14.8154 max_norm=38.2086
Replay tap P4: count=18 mean_norm=6.0508 max_norm=7.7975
Replay tap positives before filter=1405 after=1405
Current items collected: 476
Replay tap P3: count=448 mean_norm=15.6062 max_norm=42.7731
Replay tap P4: count=28 mean_norm=7.5395 max_norm=9.6686
Replay tap positives before filter=1144 after=1144
Current items collected: 349
Replay tap P3: count=330 mean_norm=15.2699 max_norm=42.4375
Replay tap P4: count=19 mean_norm=7.6379 max_norm=9.8188
Replay tap positives before filter=395 after=395
Current items collected: 255
Replay tap P3: count=251 mean_norm=12.4892 max_norm=37.9697
Replay tap P4: count=4 mean_norm=6.4189 max_norm=7.2027
Replay tap positives before filter=2162 after=2162
Current items collected: 711
Replay tap P3: count=689 mean_norm=13.3526 max_norm=48.2658
Replay tap P4: count=22 mean_norm=6.4237 max_norm=8.1228
Replay tap positives before filter=2079 after=2079
Current items collected: 441
Replay tap P3: count=430 mean_norm=12.0895 max_norm=34.2424
Replay tap P4: count=11 mean_norm=6.7161 max_norm=8.8972
Replay tap positives before filter=2344 after=2344
Current items collected: 668
Replay tap P3: count=622 mean_norm=12.8298 max_norm=34.5176
Replay tap P4: count=46 mean_norm=6.2295 max_norm=9.1396
Replay tap positives before filter=1925 after=1925
Current items collected: 841
Replay tap P3: count=839 mean_norm=13.4081 max_norm=37.8040
Replay tap P4: count=2 mean_norm=6.5441 max_norm=6.7787
Replay tap positives before filter=1458 after=1458
Current items collected: 621
Replay tap P3: count=608 mean_norm=14.1315 max_norm=39.6629
Replay tap P4: count=13 mean_norm=6.7056 max_norm=8.4822
Replay tap positives before filter=1867 after=1837
Current items collected: 391
Replay tap P3: count=372 mean_norm=13.8335 max_norm=41.5652
Replay tap P4: count=19 mean_norm=6.6001 max_norm=7.9483
Replay tap positives before filter=492 after=492
Current items collected: 159
Replay tap P3: count=153 mean_norm=11.9128 max_norm=30.6760
Replay tap P4: count=6 mean_norm=5.8740 max_norm=7.2781
Replay tap positives before filter=1731 after=1731
Current items collected: 244
Replay tap P3: count=231 mean_norm=15.1699 max_norm=41.8491
Replay tap P4: count=13 mean_norm=6.3270 max_norm=8.6845
Replay tap positives before filter=2671 after=2671
Current items collected: 685
Replay tap P3: count=658 mean_norm=13.1975 max_norm=22.6295
Replay tap P4: count=27 mean_norm=6.5245 max_norm=7.9343
Replay tap positives before filter=3067 after=3067
Current items collected: 811
Replay tap P3: count=770 mean_norm=13.5274 max_norm=49.1692
Replay tap P4: count=41 mean_norm=7.1328 max_norm=9.6131
Replay tap positives before filter=1135 after=1135
Current items collected: 303
Replay tap P3: count=302 mean_norm=15.3703 max_norm=40.3891
Replay tap P4: count=1 mean_norm=6.2679 max_norm=6.2679
Replay tap positives before filter=795 after=795
Current items collected: 299
Replay tap P3: count=289 mean_norm=10.0496 max_norm=25.6989
Replay tap P4: count=10 mean_norm=6.4560 max_norm=7.4973
Replay tap positives before filter=1146 after=1146
Current items collected: 424
Replay tap P3: count=423 mean_norm=15.8691 max_norm=41.0546
Replay tap P4: count=1 mean_norm=7.1136 max_norm=7.1136
Replay tap positives before filter=2028 after=2028
Current items collected: 654
Replay tap P3: count=612 mean_norm=13.1410 max_norm=40.7847
Replay tap P4: count=42 mean_norm=7.7607 max_norm=11.6768
Replay tap positives before filter=3073 after=3073
Current items collected: 615
Replay tap P3: count=514 mean_norm=8.6230 max_norm=34.9341
Replay tap P4: count=101 mean_norm=6.6384 max_norm=9.6409
Replay tap positives before filter=3249 after=3249
Current items collected: 741
Replay tap P3: count=732 mean_norm=14.6598 max_norm=33.4215
Replay tap P4: count=9 mean_norm=5.9292 max_norm=6.8218
Replay tap positives before filter=3161 after=3161
Current items collected: 730
Replay tap P3: count=687 mean_norm=13.4811 max_norm=26.4727
Replay tap P4: count=43 mean_norm=6.2154 max_norm=8.3754
Replay tap positives before filter=1351 after=1351
Current items collected: 306
Replay tap P3: count=298 mean_norm=15.2006 max_norm=44.5649
Replay tap P4: count=8 mean_norm=6.8524 max_norm=8.2049
Replay tap positives before filter=3406 after=3406
Current items collected: 929
Replay tap P3: count=871 mean_norm=13.1537 max_norm=37.7686
Replay tap P4: count=58 mean_norm=7.2176 max_norm=9.9612
Replay tap positives before filter=3371 after=3371
Current items collected: 1153
Replay tap P3: count=1080 mean_norm=13.3127 max_norm=35.1683
Replay tap P4: count=73 mean_norm=6.8473 max_norm=9.1198
Replay tap positives before filter=1085 after=1085
Current items collected: 293
Replay tap P3: count=282 mean_norm=12.9695 max_norm=48.7217
Replay tap P4: count=11 mean_norm=4.8073 max_norm=5.4432
Replay tap positives before filter=2111 after=2111
Current items collected: 567
Replay tap P3: count=539 mean_norm=12.8663 max_norm=28.0230
Replay tap P4: count=28 mean_norm=8.1905 max_norm=10.5882
Replay tap positives before filter=1907 after=1907
Current items collected: 369
Replay tap P3: count=349 mean_norm=18.4832 max_norm=49.8478
Replay tap P4: count=20 mean_norm=6.8079 max_norm=8.8301
Replay tap positives before filter=3031 after=3031
Current items collected: 767
Replay tap P3: count=740 mean_norm=14.3378 max_norm=46.1450
Replay tap P4: count=27 mean_norm=7.1586 max_norm=9.2779
Replay tap positives before filter=3247 after=3247
Current items collected: 614
Replay tap P3: count=571 mean_norm=12.2398 max_norm=31.4885
Replay tap P4: count=43 mean_norm=6.3534 max_norm=10.2047
Replay tap positives before filter=6143 after=6143
Current items collected: 880
Replay tap P3: count=814 mean_norm=12.5595 max_norm=43.8244
Replay tap P4: count=66 mean_norm=6.7406 max_norm=8.2734
Replay tap positives before filter=2131 after=2131
Current items collected: 667
Replay tap P3: count=601 mean_norm=15.6259 max_norm=46.1111
Replay tap P4: count=66 mean_norm=7.2662 max_norm=11.0804
Replay tap positives before filter=2310 after=2310
Current items collected: 879
Replay tap P3: count=838 mean_norm=12.5764 max_norm=34.1042
Replay tap P4: count=41 mean_norm=6.7972 max_norm=8.4611
Replay tap positives before filter=1124 after=1124
Current items collected: 400
Replay tap P3: count=388 mean_norm=11.6158 max_norm=36.0764
Replay tap P4: count=12 mean_norm=5.7724 max_norm=9.6116
Replay tap positives before filter=7324 after=7324
Current items collected: 1223
Replay tap P3: count=1215 mean_norm=12.1896 max_norm=24.6457
Replay tap P4: count=8 mean_norm=6.1966 max_norm=7.8989
Replay tap positives before filter=1761 after=1761
Current items collected: 499
Replay tap P3: count=479 mean_norm=17.1965 max_norm=39.8928
Replay tap P4: count=20 mean_norm=6.3342 max_norm=7.9402
Replay tap positives before filter=4746 after=4736
Current items collected: 847
Replay tap P3: count=780 mean_norm=12.8181 max_norm=49.7966
Replay tap P4: count=67 mean_norm=6.6076 max_norm=9.6474
Replay tap positives before filter=1361 after=1361
Current items collected: 392
Replay tap P3: count=377 mean_norm=14.5734 max_norm=33.0271
Replay tap P4: count=15 mean_norm=6.2762 max_norm=8.1018
Replay tap positives before filter=2301 after=2301
Current items collected: 674
Replay tap P3: count=624 mean_norm=12.9109 max_norm=37.5602
Replay tap P4: count=50 mean_norm=6.8010 max_norm=9.6006
Replay tap positives before filter=1233 after=1233
Current items collected: 267
Replay tap P3: count=261 mean_norm=16.2080 max_norm=35.2599
Replay tap P4: count=6 mean_norm=6.0908 max_norm=7.0829
Replay tap positives before filter=1728 after=1728
Current items collected: 660
Replay tap P3: count=651 mean_norm=13.8283 max_norm=44.0254
Replay tap P4: count=9 mean_norm=7.8792 max_norm=11.1330
Replay tap positives before filter=1777 after=1777
Current items collected: 510
Replay tap P3: count=507 mean_norm=17.1957 max_norm=41.3612
Replay tap P4: count=3 mean_norm=5.4229 max_norm=6.4689
Replay tap positives before filter=1164 after=1164
Current items collected: 307
Replay tap P3: count=303 mean_norm=14.6045 max_norm=30.7891
Replay tap P4: count=4 mean_norm=6.5323 max_norm=7.5299
Replay tap positives before filter=1629 after=1629
Current items collected: 645
Replay tap P3: count=643 mean_norm=16.0052 max_norm=35.2591
Replay tap P4: count=2 mean_norm=5.2419 max_norm=5.3915
Replay tap positives before filter=3975 after=3975
Current items collected: 810
Replay tap P3: count=712 mean_norm=13.0593 max_norm=34.4379
Replay tap P4: count=98 mean_norm=6.4595 max_norm=8.6912
Replay tap positives before filter=1974 after=1974
Current items collected: 356
Replay tap P3: count=345 mean_norm=13.0683 max_norm=36.2223
Replay tap P4: count=11 mean_norm=6.4674 max_norm=7.7052
Replay tap positives before filter=2067 after=2067
Current items collected: 501
Replay tap P3: count=476 mean_norm=15.1251 max_norm=47.2681
Replay tap P4: count=25 mean_norm=7.1017 max_norm=9.5625
Replay tap positives before filter=3328 after=3328
Current items collected: 643
Replay tap P3: count=643 mean_norm=16.1318 max_norm=48.2949
Replay tap positives before filter=2591 after=2591
Current items collected: 1045
Replay tap P3: count=962 mean_norm=14.7938 max_norm=36.2863
Replay tap P4: count=83 mean_norm=6.7680 max_norm=9.4688
Replay tap positives before filter=1217 after=1217
Current items collected: 331
Replay tap P3: count=325 mean_norm=14.9423 max_norm=44.4923
Replay tap P4: count=6 mean_norm=5.8239 max_norm=7.8565
Replay tap positives before filter=2730 after=2730
Current items collected: 841
Replay tap P3: count=787 mean_norm=13.7123 max_norm=49.5815
Replay tap P4: count=54 mean_norm=7.3410 max_norm=11.9308
Replay tap positives before filter=2821 after=2821
Current items collected: 784
Replay tap P3: count=734 mean_norm=16.3926 max_norm=47.5633
Replay tap P4: count=50 mean_norm=8.2217 max_norm=10.6723
Replay tap positives before filter=4456 after=4456
Current items collected: 1033
Replay tap P3: count=928 mean_norm=12.1023 max_norm=42.7702
Replay tap P4: count=105 mean_norm=6.6763 max_norm=9.0884
Replay tap positives before filter=728 after=728
Current items collected: 277
Replay tap P3: count=243 mean_norm=9.6631 max_norm=36.7387
Replay tap P4: count=34 mean_norm=5.9919 max_norm=8.6479
Replay tap positives before filter=1681 after=1681
Current items collected: 687
Replay tap P3: count=684 mean_norm=12.5392 max_norm=48.7817
Replay tap P4: count=3 mean_norm=7.1229 max_norm=7.9660
Replay tap positives before filter=3464 after=3464
Current items collected: 688
Replay tap P3: count=650 mean_norm=12.3897 max_norm=60.7520
Replay tap P4: count=38 mean_norm=6.5712 max_norm=10.1257
Replay tap positives before filter=829 after=829
Current items collected: 334
Replay tap P3: count=324 mean_norm=13.9490 max_norm=30.8863
Replay tap P4: count=10 mean_norm=8.1345 max_norm=11.4636
Replay tap positives before filter=1362 after=1362
Current items collected: 450
Replay tap P3: count=435 mean_norm=12.8750 max_norm=35.6586
Replay tap P4: count=15 mean_norm=7.6395 max_norm=10.1293
Replay tap positives before filter=1400 after=1400
Current items collected: 537
Replay tap P3: count=522 mean_norm=11.6692 max_norm=37.4012
Replay tap P4: count=15 mean_norm=7.0467 max_norm=8.7612
Replay tap positives before filter=1562 after=1562
Current items collected: 403
Replay tap P3: count=395 mean_norm=18.3684 max_norm=51.8331
Replay tap P4: count=8 mean_norm=5.8572 max_norm=7.3323
Replay tap positives before filter=2440 after=2440
Current items collected: 553
Replay tap P3: count=501 mean_norm=17.4043 max_norm=58.3864
Replay tap P4: count=52 mean_norm=6.8872 max_norm=9.7150
Replay tap positives before filter=2504 after=2504
Current items collected: 529
Replay tap P3: count=489 mean_norm=13.1332 max_norm=32.4975
Replay tap P4: count=40 mean_norm=6.3795 max_norm=8.6243
Replay tap positives before filter=3513 after=3513
Current items collected: 889
Replay tap P3: count=844 mean_norm=13.2147 max_norm=45.8566
Replay tap P4: count=45 mean_norm=6.6140 max_norm=8.2601
Replay tap positives before filter=2000 after=2000
Current items collected: 512
Replay tap P3: count=496 mean_norm=16.6097 max_norm=48.4901
Replay tap P4: count=16 mean_norm=6.6435 max_norm=8.6520
Replay tap positives before filter=1251 after=1251
Current items collected: 288
Replay tap P3: count=286 mean_norm=16.4612 max_norm=37.2103
Replay tap P4: count=2 mean_norm=6.0636 max_norm=6.4612
Replay tap positives before filter=1987 after=1987
Current items collected: 628
Replay tap P3: count=614 mean_norm=15.0793 max_norm=43.0880
Replay tap P4: count=14 mean_norm=6.0468 max_norm=8.2186
Replay tap positives before filter=1741 after=1741
Current items collected: 443
Replay tap P3: count=427 mean_norm=17.9530 max_norm=33.6328
Replay tap P4: count=16 mean_norm=6.0065 max_norm=8.3018
Replay tap positives before filter=2381 after=2381
Current items collected: 506
Replay tap P3: count=504 mean_norm=11.9878 max_norm=35.9092
Replay tap P4: count=2 mean_norm=5.9097 max_norm=5.9694
Replay tap positives before filter=2367 after=2367
Current items collected: 328
Replay tap P3: count=320 mean_norm=17.5134 max_norm=34.5822
Replay tap P4: count=8 mean_norm=6.3310 max_norm=8.1284
Replay tap positives before filter=1796 after=1796
Current items collected: 546
Replay tap P3: count=529 mean_norm=17.1540 max_norm=48.6251
Replay tap P4: count=17 mean_norm=6.5185 max_norm=8.8790
Replay tap positives before filter=2793 after=2793
Current items collected: 497
Replay tap P3: count=449 mean_norm=14.0723 max_norm=61.7565
Replay tap P4: count=48 mean_norm=6.3856 max_norm=8.6349
Replay tap positives before filter=1438 after=1438
Current items collected: 327
Replay tap P3: count=318 mean_norm=17.7763 max_norm=49.6418
Replay tap P4: count=9 mean_norm=7.8531 max_norm=8.8572
Replay tap positives before filter=1644 after=1644
Current items collected: 508
Replay tap P3: count=492 mean_norm=14.4057 max_norm=41.5577
Replay tap P4: count=16 mean_norm=6.0484 max_norm=7.8076
Replay tap positives before filter=1881 after=1881
Current items collected: 386
Replay tap P3: count=350 mean_norm=15.3318 max_norm=41.4951
Replay tap P4: count=36 mean_norm=6.1941 max_norm=8.3835
Replay tap positives before filter=910 after=910
Current items collected: 354
Replay tap P3: count=351 mean_norm=14.1974 max_norm=37.6789
Replay tap P4: count=3 mean_norm=5.4329 max_norm=5.5893
Replay tap positives before filter=1118 after=1118
Current items collected: 395
Replay tap P3: count=382 mean_norm=18.7869 max_norm=36.8858
Replay tap P4: count=13 mean_norm=7.7807 max_norm=10.1020
Replay tap positives before filter=7487 after=7487
Current items collected: 1826
Replay tap P3: count=1636 mean_norm=9.1691 max_norm=31.5269
Replay tap P4: count=190 mean_norm=5.9261 max_norm=7.5654
Replay tap positives before filter=547 after=547
Current items collected: 208
Replay tap P3: count=207 mean_norm=19.5683 max_norm=50.6668
Replay tap P4: count=1 mean_norm=7.7027 max_norm=7.7027
Replay tap positives before filter=2071 after=2061
Current items collected: 520
Replay tap P3: count=487 mean_norm=15.9078 max_norm=42.6803
Replay tap P4: count=33 mean_norm=6.3800 max_norm=8.5531
Replay tap positives before filter=2030 after=2030
Current items collected: 484
Replay tap P3: count=474 mean_norm=17.4858 max_norm=47.4487
Replay tap P4: count=10 mean_norm=6.9963 max_norm=8.6859
Replay tap positives before filter=2097 after=2097
Current items collected: 757
Replay tap P3: count=729 mean_norm=16.8160 max_norm=50.4825
Replay tap P4: count=28 mean_norm=6.7826 max_norm=9.8047
Replay tap positives before filter=4902 after=4902
Current items collected: 1167
Replay tap P3: count=1056 mean_norm=13.4811 max_norm=34.1135
Replay tap P4: count=111 mean_norm=6.9292 max_norm=11.6136
Replay tap positives before filter=1397 after=1397
Current items collected: 501
Replay tap P3: count=491 mean_norm=13.6276 max_norm=47.6916
Replay tap P4: count=10 mean_norm=5.9872 max_norm=6.5882
Replay tap positives before filter=1453 after=1453
Current items collected: 444
Replay tap P3: count=414 mean_norm=14.9553 max_norm=46.8088
Replay tap P4: count=30 mean_norm=8.8235 max_norm=11.5336
Replay tap positives before filter=4369 after=4369
Current items collected: 974
Replay tap P3: count=942 mean_norm=14.2406 max_norm=40.1614
Replay tap P4: count=32 mean_norm=6.3144 max_norm=8.6985
Replay tap positives before filter=3613 after=3613
Current items collected: 908
Replay tap P3: count=818 mean_norm=14.9993 max_norm=45.6143
Replay tap P4: count=90 mean_norm=5.9743 max_norm=8.3672
Replay tap positives before filter=1704 after=1704
Current items collected: 394
Replay tap P3: count=359 mean_norm=13.5613 max_norm=37.6326
Replay tap P4: count=35 mean_norm=6.7825 max_norm=9.1742
Replay tap positives before filter=3309 after=3309
Current items collected: 421
Replay tap P3: count=404 mean_norm=13.4385 max_norm=27.6069
Replay tap P4: count=17 mean_norm=6.1657 max_norm=7.2648
Replay tap positives before filter=394 after=384
Current items collected: 175
Replay tap P3: count=170 mean_norm=17.5454 max_norm=45.0647
Replay tap P4: count=5 mean_norm=6.2083 max_norm=8.4373
Replay tap positives before filter=4121 after=4121
Current items collected: 739
Replay tap P3: count=642 mean_norm=12.5167 max_norm=29.8625
Replay tap P4: count=97 mean_norm=6.3637 max_norm=9.1313
Replay tap positives before filter=1532 after=1532
Current items collected: 271
Replay tap P3: count=250 mean_norm=18.8880 max_norm=41.1831
Replay tap P4: count=21 mean_norm=6.8315 max_norm=9.1349
Replay tap positives before filter=1759 after=1759
Current items collected: 326
Replay tap P3: count=319 mean_norm=17.1475 max_norm=68.7765
Replay tap P4: count=7 mean_norm=5.3375 max_norm=5.8089
Replay tap positives before filter=2385 after=2385
Current items collected: 702
Replay tap P3: count=617 mean_norm=14.7987 max_norm=37.2550
Replay tap P4: count=85 mean_norm=6.7016 max_norm=9.3750
Replay tap positives before filter=1053 after=1053
Current items collected: 279
Replay tap P3: count=276 mean_norm=16.8448 max_norm=42.3086
Replay tap P4: count=3 mean_norm=6.3552 max_norm=7.8297
Replay tap positives before filter=2019 after=2019
Current items collected: 496
Replay tap P3: count=492 mean_norm=17.6546 max_norm=35.2120
Replay tap P4: count=4 mean_norm=6.2066 max_norm=6.4667
Replay tap positives before filter=807 after=807
Current items collected: 411
Replay tap P3: count=400 mean_norm=15.3050 max_norm=48.9499
Replay tap P4: count=11 mean_norm=4.4630 max_norm=6.2174
Replay tap positives before filter=1588 after=1588
Current items collected: 526
Replay tap P3: count=479 mean_norm=20.0827 max_norm=39.0359
Replay tap P4: count=47 mean_norm=10.6077 max_norm=15.6037
Replay tap positives before filter=4891 after=4891
Current items collected: 1261
Replay tap P3: count=1130 mean_norm=13.4116 max_norm=42.9073
Replay tap P4: count=131 mean_norm=7.2756 max_norm=14.5279
Replay tap positives before filter=1999 after=1999
Current items collected: 529
Replay tap P3: count=487 mean_norm=15.6833 max_norm=42.1478
Replay tap P4: count=42 mean_norm=5.7321 max_norm=7.5695
Replay tap positives before filter=3512 after=3492
Current items collected: 655
Replay tap P3: count=589 mean_norm=14.4850 max_norm=44.9497
Replay tap P4: count=66 mean_norm=6.3529 max_norm=8.0520
Replay tap positives before filter=843 after=843
Current items collected: 182
Replay tap P3: count=161 mean_norm=15.9063 max_norm=37.9156
Replay tap P4: count=21 mean_norm=6.1061 max_norm=8.0414
Replay tap positives before filter=1743 after=1743
Current items collected: 415
Replay tap P3: count=408 mean_norm=15.7595 max_norm=43.0412
Replay tap P4: count=7 mean_norm=5.9572 max_norm=6.7999
Replay tap positives before filter=1239 after=1239
Current items collected: 343
Replay tap P3: count=339 mean_norm=10.5479 max_norm=40.9341
Replay tap P4: count=4 mean_norm=5.5682 max_norm=5.8426
Replay tap positives before filter=2698 after=2698
Current items collected: 493
Replay tap P3: count=467 mean_norm=14.9101 max_norm=35.9189
Replay tap P4: count=26 mean_norm=6.5926 max_norm=9.8158
Replay tap positives before filter=1713 after=1713
Current items collected: 356
Replay tap P3: count=328 mean_norm=14.5571 max_norm=36.9517
Replay tap P4: count=28 mean_norm=5.5363 max_norm=7.7318
Replay tap positives before filter=3443 after=3433
Current items collected: 853
Replay tap P3: count=812 mean_norm=15.8010 max_norm=47.6398
Replay tap P4: count=41 mean_norm=6.4239 max_norm=12.8700
Replay tap positives before filter=1911 after=1911
Current items collected: 394
Replay tap P3: count=387 mean_norm=16.1058 max_norm=65.9967
Replay tap P4: count=7 mean_norm=6.6056 max_norm=7.0876
Replay tap positives before filter=5124 after=5124
Current items collected: 1055
Replay tap P3: count=938 mean_norm=13.1085 max_norm=34.7490
Replay tap P4: count=117 mean_norm=6.4465 max_norm=10.7997
Replay tap positives before filter=1982 after=1972
Current items collected: 298
Replay tap P3: count=293 mean_norm=20.7881 max_norm=40.6706
Replay tap P4: count=5 mean_norm=5.7268 max_norm=6.6383
Replay tap positives before filter=1118 after=1118
Current items collected: 269
Replay tap P3: count=265 mean_norm=18.9220 max_norm=56.6346
Replay tap P4: count=4 mean_norm=6.0703 max_norm=6.7250
Replay tap positives before filter=796 after=796
Current items collected: 316
Replay tap P3: count=309 mean_norm=16.1933 max_norm=63.1664
Replay tap P4: count=7 mean_norm=6.0794 max_norm=8.4094
Replay tap positives before filter=2110 after=2110
Current items collected: 754
Replay tap P3: count=733 mean_norm=15.3623 max_norm=61.6511
Replay tap P4: count=21 mean_norm=7.1411 max_norm=10.3145
Replay tap positives before filter=1207 after=1207
Current items collected: 248
Replay tap P3: count=238 mean_norm=17.5890 max_norm=41.5703
Replay tap P4: count=10 mean_norm=6.2324 max_norm=10.1103
Replay tap positives before filter=2425 after=2425
Current items collected: 708
Replay tap P3: count=650 mean_norm=16.7014 max_norm=45.1952
Replay tap P4: count=58 mean_norm=6.6911 max_norm=9.6511
Replay tap positives before filter=1219 after=1219
Current items collected: 358
Replay tap P3: count=304 mean_norm=17.9702 max_norm=37.7663
Replay tap P4: count=54 mean_norm=8.4551 max_norm=12.0665
Replay tap positives before filter=1470 after=1470
Current items collected: 540
Replay tap P3: count=503 mean_norm=17.3710 max_norm=47.5093
Replay tap P4: count=37 mean_norm=6.5954 max_norm=10.4013
Replay tap positives before filter=2100 after=2100
Current items collected: 517
Replay tap P3: count=505 mean_norm=17.5608 max_norm=46.5795
Replay tap P4: count=12 mean_norm=5.7494 max_norm=8.1181
Replay tap positives before filter=3035 after=3035
Current items collected: 897
Replay tap P3: count=775 mean_norm=16.1175 max_norm=44.0728
Replay tap P4: count=122 mean_norm=6.7297 max_norm=10.2571
Replay tap positives before filter=1687 after=1687
Current items collected: 298
Replay tap P3: count=267 mean_norm=16.1060 max_norm=42.9306
Replay tap P4: count=31 mean_norm=5.5972 max_norm=8.1268
Replay tap positives before filter=2383 after=2383
Current items collected: 692
Replay tap P3: count=659 mean_norm=16.1259 max_norm=52.8899
Replay tap P4: count=33 mean_norm=5.8880 max_norm=8.7332
Replay tap positives before filter=2576 after=2576
Current items collected: 453
Replay tap P3: count=396 mean_norm=16.2678 max_norm=39.6541
Replay tap P4: count=57 mean_norm=5.6435 max_norm=7.8698
Replay tap positives before filter=2623 after=2623
Current items collected: 309
Replay tap P3: count=285 mean_norm=14.2855 max_norm=43.5506
Replay tap P4: count=24 mean_norm=5.9854 max_norm=6.9487
Replay tap positives before filter=3629 after=3629
Current items collected: 436
Replay tap P3: count=415 mean_norm=14.2619 max_norm=31.6015
Replay tap P4: count=21 mean_norm=5.8678 max_norm=8.9994
Replay tap positives before filter=2253 after=2243
Current items collected: 651
Replay tap P3: count=615 mean_norm=16.3191 max_norm=54.0860
Replay tap P4: count=36 mean_norm=6.8243 max_norm=10.4652
Replay tap positives before filter=1171 after=1171
Current items collected: 369
Replay tap P3: count=330 mean_norm=15.9622 max_norm=37.2755
Replay tap P4: count=39 mean_norm=5.9570 max_norm=8.8005
Replay tap positives before filter=3966 after=3966
Current items collected: 971
Replay tap P3: count=859 mean_norm=16.5724 max_norm=70.1580
Replay tap P4: count=112 mean_norm=6.6166 max_norm=9.4170
Replay tap positives before filter=1296 after=1296
Current items collected: 333
Replay tap P3: count=311 mean_norm=19.7597 max_norm=83.3911
Replay tap P4: count=22 mean_norm=5.1823 max_norm=6.1592
Replay tap positives before filter=1919 after=1919
Current items collected: 676
Replay tap P3: count=650 mean_norm=17.0651 max_norm=52.2545
Replay tap P4: count=26 mean_norm=6.5365 max_norm=10.4667
Replay tap positives before filter=4226 after=4226
Current items collected: 933
Replay tap P3: count=837 mean_norm=12.0836 max_norm=35.0928
Replay tap P4: count=96 mean_norm=6.3730 max_norm=12.7631
Replay tap positives before filter=2200 after=2200
Current items collected: 418
Replay tap P3: count=413 mean_norm=15.4743 max_norm=45.2790
Replay tap P4: count=5 mean_norm=5.5815 max_norm=6.4478
Replay tap positives before filter=1095 after=1095
Current items collected: 460
Replay tap P3: count=433 mean_norm=22.4197 max_norm=47.6947
Replay tap P4: count=27 mean_norm=12.7056 max_norm=17.9515
Replay tap positives before filter=4963 after=4963
Current items collected: 1242
Replay tap P3: count=1077 mean_norm=13.4013 max_norm=60.7785
Replay tap P4: count=165 mean_norm=7.2653 max_norm=15.2875
Replay tap positives before filter=2637 after=2637
Current items collected: 823
Replay tap P3: count=771 mean_norm=16.1991 max_norm=36.6732
Replay tap P4: count=52 mean_norm=6.6124 max_norm=9.9939
Replay tap positives before filter=660 after=660
Current items collected: 345
Replay tap P3: count=337 mean_norm=12.9702 max_norm=46.1592
Replay tap P4: count=8 mean_norm=6.2272 max_norm=7.8217
Replay tap positives before filter=2311 after=2311
Current items collected: 683
Replay tap P3: count=648 mean_norm=17.6358 max_norm=64.9881
Replay tap P4: count=35 mean_norm=9.0914 max_norm=13.9391
Replay tap positives before filter=3977 after=3977
Current items collected: 885
Replay tap P3: count=855 mean_norm=16.4007 max_norm=46.7609
Replay tap P4: count=30 mean_norm=6.7893 max_norm=11.3969
Replay tap positives before filter=2736 after=2736
Current items collected: 465
Replay tap P3: count=408 mean_norm=17.0418 max_norm=34.9216
Replay tap P4: count=57 mean_norm=6.2422 max_norm=11.3777
Replay tap positives before filter=2696 after=2696
Current items collected: 485
Replay tap P3: count=443 mean_norm=18.8073 max_norm=33.9326
Replay tap P4: count=42 mean_norm=9.0991 max_norm=15.1424
Replay tap positives before filter=1684 after=1684
Current items collected: 441
Replay tap P3: count=408 mean_norm=18.8384 max_norm=43.6707
Replay tap P4: count=33 mean_norm=12.5311 max_norm=18.2936
Replay tap positives before filter=1164 after=1164
Current items collected: 540
Replay tap P3: count=525 mean_norm=16.1002 max_norm=45.4574
Replay tap P4: count=15 mean_norm=8.1132 max_norm=13.7765
Replay tap positives before filter=4984 after=4984
Current items collected: 1171
Replay tap P3: count=1033 mean_norm=15.5311 max_norm=55.5753
Replay tap P4: count=138 mean_norm=8.1195 max_norm=13.4907
Replay tap positives before filter=724 after=714
Current items collected: 207
Replay tap P3: count=201 mean_norm=15.2425 max_norm=41.2926
Replay tap P4: count=6 mean_norm=7.9829 max_norm=11.8261
Replay tap positives before filter=3100 after=3100
Current items collected: 749
Replay tap P3: count=666 mean_norm=16.9691 max_norm=35.1809
Replay tap P4: count=83 mean_norm=9.9268 max_norm=15.6430
Replay tap positives before filter=4828 after=4828
Current items collected: 959
Replay tap P3: count=941 mean_norm=18.3639 max_norm=54.2224
Replay tap P4: count=18 mean_norm=6.6622 max_norm=14.0245
Replay tap positives before filter=532 after=532
Current items collected: 262
Replay tap P3: count=259 mean_norm=21.0892 max_norm=55.5264
Replay tap P4: count=3 mean_norm=5.1983 max_norm=5.3273
Replay tap positives before filter=1799 after=1799
Current items collected: 259
Replay tap P3: count=246 mean_norm=14.1713 max_norm=36.3885
Replay tap P4: count=13 mean_norm=6.0800 max_norm=9.0234
Replay tap positives before filter=1766 after=1766
Current items collected: 365
Replay tap P3: count=325 mean_norm=16.5631 max_norm=45.9697
Replay tap P4: count=40 mean_norm=7.9836 max_norm=12.8147
Replay tap positives before filter=1864 after=1864
Current items collected: 439
Replay tap P3: count=412 mean_norm=15.2513 max_norm=50.4850
Replay tap P4: count=27 mean_norm=6.2164 max_norm=9.5275
Replay tap positives before filter=2528 after=2528
Current items collected: 618
Replay tap P3: count=581 mean_norm=18.8426 max_norm=54.4070
Replay tap P4: count=37 mean_norm=6.2073 max_norm=9.1405
Replay tap positives before filter=2065 after=2065
Current items collected: 573
Replay tap P3: count=550 mean_norm=18.6480 max_norm=56.4593
Replay tap P4: count=23 mean_norm=7.3460 max_norm=15.2055
Replay tap positives before filter=1587 after=1587
Current items collected: 393
Replay tap P3: count=392 mean_norm=18.3599 max_norm=55.3558
Replay tap P4: count=1 mean_norm=5.3628 max_norm=5.3628
Replay tap positives before filter=2213 after=2213
Current items collected: 416
Replay tap P3: count=413 mean_norm=16.9166 max_norm=53.9313
Replay tap P4: count=3 mean_norm=6.7904 max_norm=7.7573
Replay tap positives before filter=2392 after=2392
Current items collected: 571
Replay tap P3: count=555 mean_norm=17.6583 max_norm=77.5978
Replay tap P4: count=16 mean_norm=6.4171 max_norm=10.1579
Replay tap positives before filter=1759 after=1759
Current items collected: 502
Replay tap P3: count=453 mean_norm=16.1686 max_norm=90.9970
Replay tap P4: count=49 mean_norm=9.4495 max_norm=14.4402
Replay tap positives before filter=2438 after=2438
Current items collected: 540
Replay tap P3: count=521 mean_norm=19.0058 max_norm=59.4835
Replay tap P4: count=19 mean_norm=9.2437 max_norm=15.0136
Replay tap positives before filter=769 after=769
Current items collected: 219
Replay tap P3: count=212 mean_norm=14.4908 max_norm=42.4826
Replay tap P4: count=7 mean_norm=5.0437 max_norm=6.5662
Replay tap positives before filter=3811 after=3811
Current items collected: 899
Replay tap P3: count=818 mean_norm=18.3441 max_norm=49.9636
Replay tap P4: count=81 mean_norm=8.9427 max_norm=15.2453
Replay tap positives before filter=3731 after=3731
Current items collected: 610
Replay tap P3: count=553 mean_norm=20.1665 max_norm=57.8175
Replay tap P4: count=57 mean_norm=7.5180 max_norm=10.6006
Replay tap positives before filter=1582 after=1582
Current items collected: 397
Replay tap P3: count=388 mean_norm=16.3795 max_norm=37.2525
Replay tap P4: count=9 mean_norm=5.1672 max_norm=6.8380
Replay tap positives before filter=3414 after=3414
Current items collected: 937
Replay tap P3: count=900 mean_norm=19.7470 max_norm=56.4898
Replay tap P4: count=37 mean_norm=9.0223 max_norm=14.8096
Replay tap positives before filter=2016 after=2016
Current items collected: 457
Replay tap P3: count=432 mean_norm=19.7816 max_norm=58.4828
Replay tap P4: count=25 mean_norm=8.7621 max_norm=18.4254
Replay tap positives before filter=1686 after=1686
Current items collected: 318
Replay tap P3: count=285 mean_norm=16.5088 max_norm=40.9130
Replay tap P4: count=33 mean_norm=7.6416 max_norm=11.8418
Replay tap positives before filter=2541 after=2541
Current items collected: 568
Replay tap P3: count=539 mean_norm=17.5018 max_norm=45.1237
Replay tap P4: count=29 mean_norm=7.9606 max_norm=14.6821
Replay tap positives before filter=1455 after=1455
Current items collected: 628
Replay tap P3: count=621 mean_norm=18.1045 max_norm=51.2512
Replay tap P4: count=7 mean_norm=5.3999 max_norm=6.1037
Replay tap positives before filter=4104 after=4104
Current items collected: 1135
Replay tap P3: count=1042 mean_norm=15.8402 max_norm=52.2266
Replay tap P4: count=93 mean_norm=7.9063 max_norm=13.9668
Replay tap positives before filter=3688 after=3688
Current items collected: 684
Replay tap P3: count=595 mean_norm=19.0672 max_norm=37.2313
Replay tap P4: count=89 mean_norm=9.4500 max_norm=15.0743
Replay tap positives before filter=1809 after=1809
Current items collected: 697
Replay tap P3: count=684 mean_norm=17.3028 max_norm=44.3525
Replay tap P4: count=13 mean_norm=7.2531 max_norm=12.0869
Replay tap positives before filter=4213 after=4203
Current items collected: 1018
Replay tap P3: count=989 mean_norm=17.8238 max_norm=51.7906
Replay tap P4: count=29 mean_norm=5.8907 max_norm=9.3643
Replay tap positives before filter=559 after=549
Current items collected: 252
Replay tap P3: count=252 mean_norm=23.5410 max_norm=49.0016
Replay tap positives before filter=2454 after=2454
Current items collected: 508
Replay tap P3: count=480 mean_norm=17.8237 max_norm=55.4974
Replay tap P4: count=28 mean_norm=7.1065 max_norm=17.0858
Replay tap positives before filter=1436 after=1436
Current items collected: 375
Replay tap P3: count=359 mean_norm=17.3727 max_norm=41.8706
Replay tap P4: count=16 mean_norm=6.8026 max_norm=10.7225
Replay tap positives before filter=2056 after=2056
Current items collected: 397
Replay tap P3: count=381 mean_norm=18.8918 max_norm=61.0883
Replay tap P4: count=16 mean_norm=7.2380 max_norm=11.4963
Replay tap positives before filter=2464 after=2464
Current items collected: 706
Replay tap P3: count=678 mean_norm=17.0426 max_norm=39.8627
Replay tap P4: count=28 mean_norm=10.2435 max_norm=16.6271
Replay tap positives before filter=1353 after=1353
Current items collected: 518
Replay tap P3: count=511 mean_norm=22.8358 max_norm=52.7939
Replay tap P4: count=7 mean_norm=13.9121 max_norm=21.4068
Replay tap positives before filter=2071 after=2071
Current items collected: 453
Replay tap P3: count=431 mean_norm=19.8350 max_norm=50.3322
Replay tap P4: count=22 mean_norm=6.8429 max_norm=9.9274
Replay tap positives before filter=2245 after=2245
Current items collected: 437
Replay tap P3: count=418 mean_norm=16.2949 max_norm=41.0936
Replay tap P4: count=19 mean_norm=7.4265 max_norm=12.9554
Replay tap positives before filter=3217 after=3207
Current items collected: 773
Replay tap P3: count=691 mean_norm=17.4907 max_norm=47.1271
Replay tap P4: count=82 mean_norm=7.5788 max_norm=13.7415
Replay tap positives before filter=1058 after=1058
Current items collected: 369
Replay tap P3: count=357 mean_norm=18.0860 max_norm=51.3850
Replay tap P4: count=12 mean_norm=7.7349 max_norm=9.6966
Replay tap positives before filter=2862 after=2862
Current items collected: 465
Replay tap P3: count=426 mean_norm=19.1224 max_norm=51.0094
Replay tap P4: count=39 mean_norm=5.9556 max_norm=11.4341
Replay tap positives before filter=1322 after=1322
Current items collected: 417
Replay tap P3: count=401 mean_norm=19.7694 max_norm=49.1911
Replay tap P4: count=16 mean_norm=8.6945 max_norm=19.2543
Replay tap positives before filter=2347 after=2347
Current items collected: 861
Replay tap P3: count=807 mean_norm=20.2502 max_norm=39.3487
Replay tap P4: count=54 mean_norm=11.1539 max_norm=17.1181
Replay tap positives before filter=760 after=730
Current items collected: 156
Replay tap P3: count=144 mean_norm=22.7258 max_norm=53.9090
Replay tap P4: count=12 mean_norm=7.2694 max_norm=12.6387
Replay tap positives before filter=2214 after=2214
Current items collected: 392
Replay tap P3: count=375 mean_norm=17.3248 max_norm=45.5857
Replay tap P4: count=17 mean_norm=7.6261 max_norm=13.4643
Replay tap positives before filter=150 after=150
Current items collected: 87
Replay tap P3: count=87 mean_norm=25.8813 max_norm=53.0528
Limiting positives to classes (0, 1, 2, 3, 4, 5, 6, 7, 8, 9, 10, 11, 12, 13, 14)
Limiting positives to classes (0, 1, 2, 3, 4, 5, 6, 7, 8, 9, 10, 11, 12, 13, 14)
                   all        365      24440      0.571     0.0716       0.05     0.0293
Replay buffer size after epoch 1: 1920 embeddings across 15 classes.
Saved 1920 replay embeddings to /home/ddwilde/scriptie/runs/dota_saab_upper/stage1-saab/replay/buffer.pt

      Epoch    GPU_mem   box_loss   cls_loss   dfl_loss  Instances       Size
Replay tap positives before filter=2410 after=2410
Current items collected: 660
Replay tap P3: count=651 mean_norm=20.2101 max_norm=49.9224
Replay tap P4: count=9 mean_norm=6.3910 max_norm=10.0989
Replay tap positives before filter=1504 after=1504
Current items collected: 255
Replay tap P3: count=249 mean_norm=10.8213 max_norm=47.9928
Replay tap P4: count=6 mean_norm=5.3738 max_norm=6.0197
Replay tap positives before filter=1947 after=1947
Current items collected: 572
Replay tap P3: count=538 mean_norm=17.2197 max_norm=44.9801
Replay tap P4: count=34 mean_norm=12.5404 max_norm=18.9791
Replay tap positives before filter=1244 after=1244
Current items collected: 311
Replay tap P3: count=288 mean_norm=16.2370 max_norm=44.9456
Replay tap P4: count=23 mean_norm=5.6511 max_norm=9.1062
Replay tap positives before filter=2600 after=2600
Current items collected: 848
Replay tap P3: count=765 mean_norm=17.6145 max_norm=49.0478
Replay tap P4: count=83 mean_norm=8.9797 max_norm=18.0860
Replay tap positives before filter=3577 after=3577
Current items collected: 837
Replay tap P3: count=781 mean_norm=17.6864 max_norm=39.3917
Replay tap P4: count=56 mean_norm=8.7652 max_norm=15.2431
Replay tap positives before filter=1163 after=1163
Current items collected: 412
Replay tap P3: count=410 mean_norm=23.2192 max_norm=58.3129
Replay tap P4: count=2 mean_norm=5.5254 max_norm=5.6475
Replay tap positives before filter=3115 after=3115
Current items collected: 712
Replay tap P3: count=671 mean_norm=21.7635 max_norm=48.5233
Replay tap P4: count=41 mean_norm=9.1614 max_norm=13.6043
Replay tap positives before filter=699 after=699
Current items collected: 170
Replay tap P3: count=165 mean_norm=16.5922 max_norm=48.2371
Replay tap P4: count=5 mean_norm=5.1801 max_norm=5.9640
Replay tap positives before filter=2722 after=2722
Current items collected: 452
Replay tap P3: count=418 mean_norm=16.1685 max_norm=51.4312
Replay tap P4: count=34 mean_norm=5.7006 max_norm=7.5427
Replay tap positives before filter=3567 after=3567
Current items collected: 534
Replay tap P3: count=522 mean_norm=16.8832 max_norm=36.1195
Replay tap P4: count=12 mean_norm=7.7768 max_norm=14.6146
Replay tap positives before filter=1865 after=1865
Current items collected: 760
Replay tap P3: count=733 mean_norm=18.4527 max_norm=49.3202
Replay tap P4: count=27 mean_norm=9.1991 max_norm=14.9409
Replay tap positives before filter=1536 after=1536
Current items collected: 571
Replay tap P3: count=566 mean_norm=20.0522 max_norm=47.3501
Replay tap P4: count=5 mean_norm=5.3354 max_norm=5.9963
Replay tap positives before filter=3478 after=3478
Current items collected: 816
Replay tap P3: count=739 mean_norm=18.7474 max_norm=37.5424
Replay tap P4: count=77 mean_norm=10.1077 max_norm=17.2612
Replay tap positives before filter=820 after=820
Current items collected: 336
Replay tap P3: count=316 mean_norm=21.4244 max_norm=57.9891
Replay tap P4: count=20 mean_norm=5.7567 max_norm=9.8503
Replay tap positives before filter=3869 after=3869
Current items collected: 912
Replay tap P3: count=841 mean_norm=18.2590 max_norm=63.3390
Replay tap P4: count=71 mean_norm=8.0036 max_norm=16.5744
Replay tap positives before filter=4012 after=4012
Current items collected: 600
Replay tap P3: count=559 mean_norm=14.1268 max_norm=38.8131
Replay tap P4: count=41 mean_norm=6.6300 max_norm=9.9491
Replay tap positives before filter=1571 after=1571
Current items collected: 486
Replay tap P3: count=434 mean_norm=21.4472 max_norm=59.1450
Replay tap P4: count=52 mean_norm=11.5472 max_norm=20.8460
Replay tap positives before filter=575 after=575
Current items collected: 400
Replay tap P3: count=397 mean_norm=22.7677 max_norm=43.6083
Replay tap P4: count=3 mean_norm=4.5724 max_norm=4.8612
Replay tap positives before filter=1132 after=1132
Current items collected: 466
Replay tap P3: count=447 mean_norm=17.2713 max_norm=49.2833
Replay tap P4: count=19 mean_norm=9.5912 max_norm=20.4094
Replay tap positives before filter=1886 after=1886
Current items collected: 820
Replay tap P3: count=789 mean_norm=19.4042 max_norm=42.2817
Replay tap P4: count=31 mean_norm=11.4982 max_norm=24.1792
Replay tap positives before filter=2307 after=2307
Current items collected: 478
Replay tap P3: count=461 mean_norm=16.6104 max_norm=49.1727
Replay tap P4: count=17 mean_norm=10.3020 max_norm=20.4102
Replay tap positives before filter=1406 after=1406
Current items collected: 354
Replay tap P3: count=328 mean_norm=20.6748 max_norm=61.3976
Replay tap P4: count=26 mean_norm=7.5271 max_norm=17.8290
Replay tap positives before filter=2361 after=2361
Current items collected: 654
Replay tap P3: count=615 mean_norm=20.5515 max_norm=46.5635
Replay tap P4: count=39 mean_norm=6.7848 max_norm=14.8947
Replay tap positives before filter=3409 after=3409
Current items collected: 919
Replay tap P3: count=821 mean_norm=18.4319 max_norm=42.8006
Replay tap P4: count=98 mean_norm=8.5969 max_norm=16.5493
Replay tap positives before filter=2120 after=2120
Current items collected: 648
Replay tap P3: count=618 mean_norm=20.1355 max_norm=51.0674
Replay tap P4: count=30 mean_norm=6.1537 max_norm=9.9178
Replay tap positives before filter=2766 after=2766
Current items collected: 446
Replay tap P3: count=439 mean_norm=18.4807 max_norm=39.0223
Replay tap P4: count=7 mean_norm=7.8260 max_norm=10.0761
Replay tap positives before filter=1883 after=1883
Current items collected: 455
Replay tap P3: count=400 mean_norm=19.2359 max_norm=46.3760
Replay tap P4: count=55 mean_norm=8.8413 max_norm=17.7918
Replay tap positives before filter=3203 after=3203
Current items collected: 915
Replay tap P3: count=848 mean_norm=17.0282 max_norm=53.5977
Replay tap P4: count=67 mean_norm=6.0129 max_norm=11.3958
Replay tap positives before filter=2759 after=2759
Current items collected: 464
Replay tap P3: count=419 mean_norm=20.5855 max_norm=48.1236
Replay tap P4: count=45 mean_norm=6.8646 max_norm=10.5747
Replay tap positives before filter=1962 after=1962
Current items collected: 422
Replay tap P3: count=387 mean_norm=22.1043 max_norm=51.4386
Replay tap P4: count=35 mean_norm=6.3366 max_norm=10.1877
Replay tap positives before filter=1362 after=1352
Current items collected: 343
Replay tap P3: count=317 mean_norm=18.6737 max_norm=49.4456
Replay tap P4: count=26 mean_norm=7.9735 max_norm=13.5842
Replay tap positives before filter=1945 after=1945
Current items collected: 415
Replay tap P3: count=389 mean_norm=17.9986 max_norm=48.9138
Replay tap P4: count=26 mean_norm=8.5177 max_norm=16.2313
Replay tap positives before filter=1892 after=1892
Current items collected: 684
Replay tap P3: count=663 mean_norm=21.2430 max_norm=45.5686
Replay tap P4: count=21 mean_norm=7.3738 max_norm=18.0538
Replay tap positives before filter=1675 after=1675
Current items collected: 283
Replay tap P3: count=276 mean_norm=20.4549 max_norm=47.6193
Replay tap P4: count=7 mean_norm=5.8642 max_norm=6.5875
Replay tap positives before filter=2105 after=2095
Current items collected: 555
Replay tap P3: count=524 mean_norm=19.7575 max_norm=52.2567
Replay tap P4: count=31 mean_norm=8.0108 max_norm=16.5613
Replay tap positives before filter=1032 after=1032
Current items collected: 342
Replay tap P3: count=314 mean_norm=21.3317 max_norm=52.4914
Replay tap P4: count=28 mean_norm=7.5199 max_norm=15.2145
Replay tap positives before filter=1786 after=1786
Current items collected: 455
Replay tap P3: count=409 mean_norm=22.0219 max_norm=49.2222
Replay tap P4: count=46 mean_norm=8.2760 max_norm=17.4165
Replay tap positives before filter=2332 after=2332
Current items collected: 722
Replay tap P3: count=672 mean_norm=19.5179 max_norm=41.3928
Replay tap P4: count=50 mean_norm=7.9453 max_norm=12.2908
Replay tap positives before filter=1591 after=1591
Current items collected: 734
Replay tap P3: count=694 mean_norm=21.2430 max_norm=47.3001
Replay tap P4: count=40 mean_norm=6.5937 max_norm=18.1871
Replay tap positives before filter=5603 after=5603
Current items collected: 1365
Replay tap P3: count=1222 mean_norm=16.6579 max_norm=50.6548
Replay tap P4: count=143 mean_norm=8.3259 max_norm=14.4997
Replay tap positives before filter=2075 after=2075
Current items collected: 601
Replay tap P3: count=548 mean_norm=19.1136 max_norm=54.9486
Replay tap P4: count=53 mean_norm=13.8509 max_norm=21.2117
Replay tap positives before filter=2334 after=2334
Current items collected: 371
Replay tap P3: count=356 mean_norm=20.4979 max_norm=49.9652
Replay tap P4: count=15 mean_norm=5.6805 max_norm=6.3052
Replay tap positives before filter=269 after=269
Current items collected: 196
Replay tap P3: count=185 mean_norm=17.3424 max_norm=51.7504
Replay tap P4: count=11 mean_norm=5.0830 max_norm=5.7883
Replay tap positives before filter=1441 after=1441
Current items collected: 377
Replay tap P3: count=351 mean_norm=21.6524 max_norm=51.5065
Replay tap P4: count=26 mean_norm=5.9316 max_norm=14.5078
Replay tap positives before filter=1474 after=1474
Current items collected: 445
Replay tap P3: count=418 mean_norm=19.6767 max_norm=58.6148
Replay tap P4: count=27 mean_norm=5.5583 max_norm=11.0772
Replay tap positives before filter=2893 after=2893
Current items collected: 578
Replay tap P3: count=539 mean_norm=19.2055 max_norm=54.3220
Replay tap P4: count=39 mean_norm=7.3628 max_norm=17.1684
Replay tap positives before filter=1360 after=1360
Current items collected: 431
Replay tap P3: count=421 mean_norm=20.8431 max_norm=54.4073
Replay tap P4: count=10 mean_norm=6.3905 max_norm=12.2908
Replay tap positives before filter=1601 after=1601
Current items collected: 523
Replay tap P3: count=495 mean_norm=18.6744 max_norm=45.7143
Replay tap P4: count=28 mean_norm=11.7278 max_norm=21.2152
Replay tap positives before filter=1363 after=1363
Current items collected: 329
Replay tap P3: count=321 mean_norm=20.4153 max_norm=46.3959
Replay tap P4: count=8 mean_norm=9.4073 max_norm=14.7449
Replay tap positives before filter=1538 after=1538
Current items collected: 255
Replay tap P3: count=252 mean_norm=18.9148 max_norm=41.7744
Replay tap P4: count=3 mean_norm=5.1555 max_norm=5.7958
Replay tap positives before filter=2351 after=2351
Current items collected: 528
Replay tap P3: count=457 mean_norm=21.0592 max_norm=43.2664
Replay tap P4: count=71 mean_norm=8.7379 max_norm=18.5912
Replay tap positives before filter=773 after=763
Current items collected: 380
Replay tap P3: count=356 mean_norm=19.9986 max_norm=52.0862
Replay tap P4: count=24 mean_norm=5.7319 max_norm=11.5462
Replay tap positives before filter=1907 after=1907
Current items collected: 461
Replay tap P3: count=441 mean_norm=18.6528 max_norm=47.4578
Replay tap P4: count=20 mean_norm=6.2613 max_norm=10.5676
Replay tap positives before filter=1336 after=1336
Current items collected: 285
Replay tap P3: count=263 mean_norm=15.9692 max_norm=53.6534
Replay tap P4: count=22 mean_norm=5.4113 max_norm=6.6772
Replay tap positives before filter=2250 after=2250
Current items collected: 630
Replay tap P3: count=545 mean_norm=16.1660 max_norm=50.5436
Replay tap P4: count=85 mean_norm=8.0085 max_norm=17.4953
Replay tap positives before filter=2473 after=2473
Current items collected: 536
Replay tap P3: count=484 mean_norm=20.5751 max_norm=45.3860
Replay tap P4: count=52 mean_norm=5.7030 max_norm=11.0257
Replay tap positives before filter=1944 after=1944
Current items collected: 812
Replay tap P3: count=788 mean_norm=19.8296 max_norm=46.3258
Replay tap P4: count=24 mean_norm=11.7890 max_norm=18.8370
Replay tap positives before filter=2393 after=2393
Current items collected: 330
Replay tap P3: count=318 mean_norm=15.9791 max_norm=45.1628
Replay tap P4: count=12 mean_norm=5.6464 max_norm=7.9934
Replay tap positives before filter=565 after=555
Current items collected: 158
Replay tap P3: count=154 mean_norm=18.6887 max_norm=47.3299
Replay tap P4: count=4 mean_norm=5.0502 max_norm=5.3226
Replay tap positives before filter=630 after=630
Current items collected: 377
Replay tap P3: count=371 mean_norm=18.1933 max_norm=46.2414
Replay tap P4: count=6 mean_norm=5.4803 max_norm=6.0214
Replay tap positives before filter=2510 after=2510
Current items collected: 695
Replay tap P3: count=606 mean_norm=20.3288 max_norm=43.4713
Replay tap P4: count=89 mean_norm=8.0000 max_norm=14.3278
Replay tap positives before filter=1214 after=1214
Current items collected: 380
Replay tap P3: count=378 mean_norm=25.0778 max_norm=51.1527
Replay tap P4: count=2 mean_norm=5.9592 max_norm=6.6783
Replay tap positives before filter=1039 after=1029
Current items collected: 334
Replay tap P3: count=313 mean_norm=20.6431 max_norm=47.3046
Replay tap P4: count=21 mean_norm=7.4217 max_norm=9.6198
Replay tap positives before filter=3771 after=3771
Current items collected: 679
Replay tap P3: count=620 mean_norm=17.1738 max_norm=49.4971
Replay tap P4: count=59 mean_norm=6.0943 max_norm=10.6043
Replay tap positives before filter=2799 after=2799
Current items collected: 684
Replay tap P3: count=634 mean_norm=17.9722 max_norm=52.4721
Replay tap P4: count=50 mean_norm=6.9547 max_norm=14.1092
Replay tap positives before filter=2211 after=2211
Current items collected: 463
Replay tap P3: count=424 mean_norm=18.9137 max_norm=40.6452
Replay tap P4: count=39 mean_norm=8.5830 max_norm=13.3892
Replay tap positives before filter=1165 after=1165
Current items collected: 556
Replay tap P3: count=530 mean_norm=23.9025 max_norm=46.6006
Replay tap P4: count=26 mean_norm=7.9379 max_norm=14.5002
Replay tap positives before filter=2656 after=2656
Current items collected: 671
Replay tap P3: count=642 mean_norm=18.7396 max_norm=42.7706
Replay tap P4: count=29 mean_norm=5.5449 max_norm=9.1526
Replay tap positives before filter=2292 after=2292
Current items collected: 438
Replay tap P3: count=415 mean_norm=17.7598 max_norm=50.1071
Replay tap P4: count=23 mean_norm=5.3233 max_norm=6.4962
Replay tap positives before filter=2864 after=2864
Current items collected: 415
Replay tap P3: count=387 mean_norm=22.6629 max_norm=47.0423
Replay tap P4: count=28 mean_norm=5.8206 max_norm=9.2968
Replay tap positives before filter=1686 after=1686
Current items collected: 505
Replay tap P3: count=472 mean_norm=17.5056 max_norm=51.8742
Replay tap P4: count=33 mean_norm=5.1623 max_norm=6.6109
Replay tap positives before filter=2251 after=2251
Current items collected: 668
Replay tap P3: count=617 mean_norm=22.9554 max_norm=44.2490
Replay tap P4: count=51 mean_norm=5.3575 max_norm=6.6185
Replay tap positives before filter=2036 after=2036
Current items collected: 790
Replay tap P3: count=766 mean_norm=19.3246 max_norm=41.4906
Replay tap P4: count=24 mean_norm=10.3683 max_norm=14.5145
Replay tap positives before filter=2466 after=2466
Current items collected: 437
Replay tap P3: count=403 mean_norm=19.2666 max_norm=43.7583
Replay tap P4: count=34 mean_norm=6.0116 max_norm=8.3398
Replay tap positives before filter=1591 after=1571
Current items collected: 136
Replay tap P3: count=126 mean_norm=19.9567 max_norm=45.7043
Replay tap P4: count=10 mean_norm=5.6002 max_norm=8.5867
Replay tap positives before filter=5384 after=5384
Current items collected: 1227
Replay tap P3: count=1030 mean_norm=17.3602 max_norm=37.4942
Replay tap P4: count=197 mean_norm=8.2401 max_norm=15.6142
Replay tap positives before filter=3763 after=3763
Current items collected: 394
Replay tap P3: count=384 mean_norm=18.2001 max_norm=42.5626
Replay tap P4: count=10 mean_norm=6.5636 max_norm=9.3801
Replay tap positives before filter=2229 after=2229
Current items collected: 410
Replay tap P3: count=365 mean_norm=19.7152 max_norm=43.9748
Replay tap P4: count=45 mean_norm=6.0226 max_norm=8.0873
Replay tap positives before filter=1976 after=1966
Current items collected: 499
Replay tap P3: count=489 mean_norm=19.4509 max_norm=42.0983
Replay tap P4: count=10 mean_norm=6.0071 max_norm=9.6929
Replay tap positives before filter=1248 after=1248
Current items collected: 417
Replay tap P3: count=391 mean_norm=19.9096 max_norm=45.3860
Replay tap P4: count=26 mean_norm=5.5530 max_norm=8.8963
Replay tap positives before filter=2827 after=2827
Current items collected: 860
Replay tap P3: count=816 mean_norm=19.7043 max_norm=40.0510
Replay tap P4: count=44 mean_norm=7.3250 max_norm=12.5856
Replay tap positives before filter=1617 after=1617
Current items collected: 458
Replay tap P3: count=415 mean_norm=20.6506 max_norm=46.5135
Replay tap P4: count=43 mean_norm=4.9264 max_norm=7.0514
Replay tap positives before filter=2009 after=2009
Current items collected: 484
Replay tap P3: count=431 mean_norm=22.1603 max_norm=50.8103
Replay tap P4: count=53 mean_norm=5.5873 max_norm=8.2260
Replay tap positives before filter=1698 after=1698
Current items collected: 327
Replay tap P3: count=314 mean_norm=20.8145 max_norm=44.0045
Replay tap P4: count=13 mean_norm=5.6462 max_norm=7.4231
Replay tap positives before filter=1516 after=1516
Current items collected: 490
Replay tap P3: count=453 mean_norm=21.4943 max_norm=47.2481
Replay tap P4: count=37 mean_norm=6.5190 max_norm=8.9162
Replay tap positives before filter=1200 after=1200
Current items collected: 405
Replay tap P3: count=387 mean_norm=21.5381 max_norm=42.8787
Replay tap P4: count=18 mean_norm=6.3177 max_norm=9.3001
Replay tap positives before filter=2683 after=2683
Current items collected: 663
Replay tap P3: count=627 mean_norm=18.5083 max_norm=42.3650
Replay tap P4: count=36 mean_norm=5.2712 max_norm=6.9020
Replay tap positives before filter=777 after=777
Current items collected: 267
Replay tap P3: count=261 mean_norm=24.2860 max_norm=47.6174
Replay tap P4: count=6 mean_norm=5.2180 max_norm=6.0357
Replay tap positives before filter=2169 after=2169
Current items collected: 675
Replay tap P3: count=623 mean_norm=19.0083 max_norm=47.2651
Replay tap P4: count=52 mean_norm=5.3286 max_norm=6.4273
Replay tap positives before filter=2041 after=2041
Current items collected: 451
Replay tap P3: count=434 mean_norm=20.6554 max_norm=42.1233
Replay tap P4: count=17 mean_norm=5.2579 max_norm=7.5174
Replay tap positives before filter=1145 after=1145
Current items collected: 228
Replay tap P3: count=205 mean_norm=23.1399 max_norm=47.6010
Replay tap P4: count=23 mean_norm=5.5324 max_norm=7.1384
Replay tap positives before filter=833 after=833
Current items collected: 230
Replay tap P3: count=209 mean_norm=16.7759 max_norm=41.5447
Replay tap P4: count=21 mean_norm=8.3995 max_norm=9.4551
Replay tap positives before filter=2982 after=2982
Current items collected: 711
Replay tap P3: count=680 mean_norm=15.4527 max_norm=51.0993
Replay tap P4: count=31 mean_norm=5.2530 max_norm=6.3719
Replay tap positives before filter=825 after=825
Current items collected: 241
Replay tap P3: count=232 mean_norm=24.4754 max_norm=55.3027
Replay tap P4: count=9 mean_norm=5.3314 max_norm=6.4599
Replay tap positives before filter=2279 after=2279
Current items collected: 485
Replay tap P3: count=457 mean_norm=22.4275 max_norm=46.3633
Replay tap P4: count=28 mean_norm=5.9076 max_norm=11.6658
Replay tap positives before filter=2807 after=2807
Current items collected: 515
Replay tap P3: count=495 mean_norm=22.8294 max_norm=40.6164
Replay tap P4: count=20 mean_norm=5.3521 max_norm=6.2413
Replay tap positives before filter=1367 after=1367
Current items collected: 558
Replay tap P3: count=526 mean_norm=20.3939 max_norm=49.3390
Replay tap P4: count=32 mean_norm=6.3480 max_norm=11.8537
Replay tap positives before filter=497 after=487
Current items collected: 276
Replay tap P3: count=255 mean_norm=21.3771 max_norm=46.0075
Replay tap P4: count=21 mean_norm=6.4345 max_norm=8.9810
Replay tap positives before filter=2354 after=2354
Current items collected: 696
Replay tap P3: count=658 mean_norm=20.9503 max_norm=46.8407
Replay tap P4: count=38 mean_norm=5.1932 max_norm=6.4802
Replay tap positives before filter=5586 after=5586
Current items collected: 879
Replay tap P3: count=815 mean_norm=15.0119 max_norm=41.8529
Replay tap P4: count=64 mean_norm=5.2347 max_norm=6.6187
Replay tap positives before filter=3245 after=3245
Current items collected: 880
Replay tap P3: count=821 mean_norm=18.4053 max_norm=42.6160
Replay tap P4: count=59 mean_norm=5.5065 max_norm=7.6964
Replay tap positives before filter=1711 after=1711
Current items collected: 607
Replay tap P3: count=601 mean_norm=20.8910 max_norm=45.0316
Replay tap P4: count=6 mean_norm=4.6970 max_norm=6.0483
Replay tap positives before filter=383 after=383
Current items collected: 111
Replay tap P3: count=95 mean_norm=14.4384 max_norm=45.0841
Replay tap P4: count=16 mean_norm=5.3324 max_norm=7.5608
Replay tap positives before filter=2518 after=2518
Current items collected: 343
Replay tap P3: count=325 mean_norm=12.6077 max_norm=42.5018
Replay tap P4: count=18 mean_norm=5.2748 max_norm=6.9600
Replay tap positives before filter=2590 after=2590
Current items collected: 560
Replay tap P3: count=528 mean_norm=17.5732 max_norm=45.7337
Replay tap P4: count=32 mean_norm=6.6638 max_norm=10.0796
Replay tap positives before filter=837 after=817
Current items collected: 268
Replay tap P3: count=268 mean_norm=13.7536 max_norm=44.7974
Replay tap positives before filter=1283 after=1283
Current items collected: 417
Replay tap P3: count=400 mean_norm=17.0973 max_norm=51.4442
Replay tap P4: count=17 mean_norm=5.3208 max_norm=7.1992
Replay tap positives before filter=2204 after=2194
Current items collected: 502
Replay tap P3: count=493 mean_norm=22.5674 max_norm=40.5363
Replay tap P4: count=9 mean_norm=5.3169 max_norm=6.1085
Replay tap positives before filter=1521 after=1521
Current items collected: 462
Replay tap P3: count=452 mean_norm=22.2194 max_norm=43.2469
Replay tap P4: count=10 mean_norm=5.3500 max_norm=6.3289
Replay tap positives before filter=1895 after=1885
Current items collected: 523
Replay tap P3: count=495 mean_norm=22.5472 max_norm=43.8866
Replay tap P4: count=28 mean_norm=5.3313 max_norm=6.8476
Replay tap positives before filter=1085 after=1085
Current items collected: 297
Replay tap P3: count=271 mean_norm=21.8206 max_norm=40.5668
Replay tap P4: count=26 mean_norm=6.0858 max_norm=9.8186
Replay tap positives before filter=1487 after=1487
Current items collected: 330
Replay tap P3: count=310 mean_norm=23.3482 max_norm=49.9068
Replay tap P4: count=20 mean_norm=5.2767 max_norm=7.0935
Replay tap positives before filter=2154 after=2154
Current items collected: 599
Replay tap P3: count=576 mean_norm=18.0194 max_norm=46.4943
Replay tap P4: count=23 mean_norm=5.1762 max_norm=7.2462
Replay tap positives before filter=988 after=988
Current items collected: 436
Replay tap P3: count=417 mean_norm=20.9728 max_norm=45.7794
Replay tap P4: count=19 mean_norm=6.8651 max_norm=10.5655
Replay tap positives before filter=2443 after=2443
Current items collected: 457
Replay tap P3: count=446 mean_norm=19.1936 max_norm=41.5436
Replay tap P4: count=11 mean_norm=5.6616 max_norm=6.7760
Replay tap positives before filter=1900 after=1900
Current items collected: 460
Replay tap P3: count=438 mean_norm=21.6779 max_norm=49.8758
Replay tap P4: count=22 mean_norm=6.0925 max_norm=10.5820
Replay tap positives before filter=1321 after=1321
Current items collected: 429
Replay tap P3: count=427 mean_norm=18.7343 max_norm=45.9320
Replay tap P4: count=2 mean_norm=5.1133 max_norm=5.3695
Replay tap positives before filter=1627 after=1627
Current items collected: 330
Replay tap P3: count=320 mean_norm=22.8241 max_norm=44.4769
Replay tap P4: count=10 mean_norm=5.0209 max_norm=5.7623
Replay tap positives before filter=4909 after=4909
Current items collected: 988
Replay tap P3: count=870 mean_norm=18.4037 max_norm=42.3194
Replay tap P4: count=118 mean_norm=5.2063 max_norm=8.0699
Replay tap positives before filter=1633 after=1623
Current items collected: 351
Replay tap P3: count=324 mean_norm=22.1981 max_norm=47.0457
Replay tap P4: count=27 mean_norm=6.4790 max_norm=10.6074
Replay tap positives before filter=765 after=765
Current items collected: 283
Replay tap P3: count=250 mean_norm=22.9737 max_norm=43.3916
Replay tap P4: count=33 mean_norm=7.1448 max_norm=11.3515
Replay tap positives before filter=1220 after=1220
Current items collected: 386
Replay tap P3: count=368 mean_norm=23.2968 max_norm=59.1096
Replay tap P4: count=18 mean_norm=4.8392 max_norm=5.6501
Replay tap positives before filter=1933 after=1933
Current items collected: 588
Replay tap P3: count=563 mean_norm=21.3775 max_norm=42.9298
Replay tap P4: count=25 mean_norm=5.7978 max_norm=7.1751
Replay tap positives before filter=1782 after=1782
Current items collected: 567
Replay tap P3: count=532 mean_norm=16.6702 max_norm=35.0079
Replay tap P4: count=35 mean_norm=5.2339 max_norm=7.0901
Replay tap positives before filter=2935 after=2935
Current items collected: 485
Replay tap P3: count=479 mean_norm=21.3485 max_norm=42.2697
Replay tap P4: count=6 mean_norm=5.3282 max_norm=6.1375
Replay tap positives before filter=1720 after=1720
Current items collected: 441
Replay tap P3: count=437 mean_norm=18.7347 max_norm=41.4584
Replay tap P4: count=4 mean_norm=7.7346 max_norm=10.3921
Replay tap positives before filter=937 after=937
Current items collected: 329
Replay tap P3: count=303 mean_norm=20.3528 max_norm=46.2371
Replay tap P4: count=26 mean_norm=5.2364 max_norm=6.9801
Replay tap positives before filter=2133 after=2129
Current items collected: 382
Replay tap P3: count=363 mean_norm=19.8628 max_norm=43.9512
Replay tap P4: count=19 mean_norm=5.0148 max_norm=6.3933
Replay tap positives before filter=1890 after=1890
Current items collected: 396
Replay tap P3: count=379 mean_norm=21.6638 max_norm=39.3250
Replay tap P4: count=17 mean_norm=5.2858 max_norm=6.4470
Replay tap positives before filter=1442 after=1442
Current items collected: 518
Replay tap P3: count=479 mean_norm=20.6566 max_norm=45.7991
Replay tap P4: count=39 mean_norm=5.6917 max_norm=9.5195
Replay tap positives before filter=859 after=859
Current items collected: 312
Replay tap P3: count=306 mean_norm=20.2678 max_norm=51.7096
Replay tap P4: count=6 mean_norm=4.6304 max_norm=4.8744
Replay tap positives before filter=2622 after=2622
Current items collected: 641
Replay tap P3: count=603 mean_norm=19.4907 max_norm=44.6686
Replay tap P4: count=38 mean_norm=5.3985 max_norm=6.6702
Replay tap positives before filter=8913 after=8913
Current items collected: 1799
Replay tap P3: count=1650 mean_norm=13.4449 max_norm=34.1771
Replay tap P4: count=149 mean_norm=5.6085 max_norm=7.4576
Replay tap positives before filter=5871 after=5851
Current items collected: 1353
Replay tap P3: count=1224 mean_norm=16.7028 max_norm=41.3986
Replay tap P4: count=129 mean_norm=5.3510 max_norm=8.0062
Replay tap positives before filter=863 after=863
Current items collected: 167
Replay tap P3: count=157 mean_norm=25.9558 max_norm=50.1434
Replay tap P4: count=10 mean_norm=6.1814 max_norm=7.8275
Replay tap positives before filter=1093 after=1093
Current items collected: 378
Replay tap P3: count=359 mean_norm=14.2469 max_norm=37.9381
Replay tap P4: count=19 mean_norm=6.9215 max_norm=11.2907
Replay tap positives before filter=993 after=993
Current items collected: 528
Replay tap P3: count=493 mean_norm=22.0642 max_norm=41.6759
Replay tap P4: count=35 mean_norm=5.6121 max_norm=7.7532
Replay tap positives before filter=1993 after=1993
Current items collected: 318
Replay tap P3: count=300 mean_norm=21.5293 max_norm=46.2015
Replay tap P4: count=18 mean_norm=5.8809 max_norm=7.1969
Replay tap positives before filter=2095 after=2095
Current items collected: 709
Replay tap P3: count=702 mean_norm=19.6616 max_norm=38.2876
Replay tap P4: count=7 mean_norm=5.6207 max_norm=7.5841
Replay tap positives before filter=1595 after=1595
Current items collected: 529
Replay tap P3: count=501 mean_norm=19.0593 max_norm=50.0757
Replay tap P4: count=28 mean_norm=5.5639 max_norm=7.2372
Replay tap positives before filter=3166 after=3166
Current items collected: 663
Replay tap P3: count=601 mean_norm=17.9278 max_norm=42.7799
Replay tap P4: count=62 mean_norm=5.3049 max_norm=7.0898
Replay tap positives before filter=1411 after=1411
Current items collected: 550
Replay tap P3: count=536 mean_norm=19.9051 max_norm=43.2215
Replay tap P4: count=14 mean_norm=5.6297 max_norm=7.4471
Replay tap positives before filter=1158 after=1158
Current items collected: 459
Replay tap P3: count=444 mean_norm=19.9770 max_norm=40.3939
Replay tap P4: count=15 mean_norm=5.5594 max_norm=6.7811
Replay tap positives before filter=974 after=974
Current items collected: 281
Replay tap P3: count=254 mean_norm=19.1440 max_norm=43.8681
Replay tap P4: count=27 mean_norm=7.5015 max_norm=13.1947
Replay tap positives before filter=2313 after=2313
Current items collected: 917
Replay tap P3: count=872 mean_norm=20.4035 max_norm=40.0512
Replay tap P4: count=45 mean_norm=5.7861 max_norm=10.9455
Replay tap positives before filter=2175 after=2175
Current items collected: 285
Replay tap P3: count=241 mean_norm=20.8960 max_norm=40.7033
Replay tap P4: count=44 mean_norm=7.7205 max_norm=11.1946
Replay tap positives before filter=2582 after=2572
Current items collected: 658
Replay tap P3: count=622 mean_norm=21.9212 max_norm=42.4681
Replay tap P4: count=36 mean_norm=6.2902 max_norm=8.5716
Replay tap positives before filter=1936 after=1936
Current items collected: 569
Replay tap P3: count=533 mean_norm=20.3630 max_norm=42.7958
Replay tap P4: count=36 mean_norm=5.6943 max_norm=7.5280
Replay tap positives before filter=3560 after=3560
Current items collected: 874
Replay tap P3: count=793 mean_norm=19.7632 max_norm=47.9411
Replay tap P4: count=81 mean_norm=5.6840 max_norm=7.2657
Replay tap positives before filter=4700 after=4690
Current items collected: 1087
Replay tap P3: count=1040 mean_norm=16.4918 max_norm=46.0907
Replay tap P4: count=47 mean_norm=5.4784 max_norm=6.5018
Replay tap positives before filter=914 after=914
Current items collected: 313
Replay tap P3: count=298 mean_norm=19.5041 max_norm=47.1557
Replay tap P4: count=15 mean_norm=6.2803 max_norm=7.4562
Replay tap positives before filter=3481 after=3481
Current items collected: 350
Replay tap P3: count=330 mean_norm=21.6363 max_norm=42.0546
Replay tap P4: count=20 mean_norm=5.5324 max_norm=6.4223
Replay tap positives before filter=1706 after=1706
Current items collected: 600
Replay tap P3: count=585 mean_norm=20.7813 max_norm=47.0193
Replay tap P4: count=15 mean_norm=6.2376 max_norm=7.4099
Replay tap positives before filter=3675 after=3675
Current items collected: 956
Replay tap P3: count=865 mean_norm=17.6193 max_norm=42.3589
Replay tap P4: count=91 mean_norm=6.4961 max_norm=9.8497
Replay tap positives before filter=1337 after=1337
Current items collected: 390
Replay tap P3: count=364 mean_norm=15.5392 max_norm=39.7329
Replay tap P4: count=26 mean_norm=5.9994 max_norm=7.1708
Replay tap positives before filter=3113 after=3113
Current items collected: 779
Replay tap P3: count=753 mean_norm=19.0627 max_norm=41.5503
Replay tap P4: count=26 mean_norm=5.4284 max_norm=6.5964
Replay tap positives before filter=994 after=994
Current items collected: 274
Replay tap P3: count=271 mean_norm=22.3517 max_norm=47.7867
Replay tap P4: count=3 mean_norm=6.6487 max_norm=7.2271
Replay tap positives before filter=1048 after=1038
Current items collected: 188
Replay tap P3: count=179 mean_norm=20.8752 max_norm=40.7659
Replay tap P4: count=9 mean_norm=6.0276 max_norm=7.1157
Replay tap positives before filter=867 after=867
Current items collected: 251
Replay tap P3: count=242 mean_norm=18.0732 max_norm=34.0379
Replay tap P4: count=9 mean_norm=5.6675 max_norm=6.1115
Replay tap positives before filter=1633 after=1611
Current items collected: 388
Replay tap P3: count=362 mean_norm=15.8741 max_norm=42.3080
Replay tap P4: count=26 mean_norm=6.8631 max_norm=10.3792
Replay tap positives before filter=1662 after=1662
Current items collected: 389
Replay tap P3: count=367 mean_norm=19.8441 max_norm=45.6493
Replay tap P4: count=22 mean_norm=6.0485 max_norm=7.9227
Replay tap positives before filter=1663 after=1663
Current items collected: 515
Replay tap P3: count=480 mean_norm=20.1458 max_norm=45.4674
Replay tap P4: count=35 mean_norm=5.5133 max_norm=7.6129
Replay tap positives before filter=1342 after=1342
Current items collected: 285
Replay tap P3: count=272 mean_norm=21.9023 max_norm=43.9972
Replay tap P4: count=13 mean_norm=6.5980 max_norm=8.3585
Replay tap positives before filter=1612 after=1612
Current items collected: 518
Replay tap P3: count=485 mean_norm=20.2510 max_norm=38.0837
Replay tap P4: count=33 mean_norm=5.5732 max_norm=6.8268
Replay tap positives before filter=3807 after=3807
Current items collected: 749
Replay tap P3: count=737 mean_norm=19.0069 max_norm=35.6013
Replay tap P4: count=12 mean_norm=5.3773 max_norm=6.5766
Replay tap positives before filter=3036 after=3036
Current items collected: 764
Replay tap P3: count=726 mean_norm=19.0856 max_norm=40.2111
Replay tap P4: count=38 mean_norm=5.6909 max_norm=7.4565
Replay tap positives before filter=1302 after=1302
Current items collected: 484
Replay tap P3: count=446 mean_norm=16.9978 max_norm=37.6301
Replay tap P4: count=38 mean_norm=6.1880 max_norm=8.6536
Replay tap positives before filter=1864 after=1864
Current items collected: 308
Replay tap P3: count=295 mean_norm=14.0625 max_norm=48.0089
Replay tap P4: count=13 mean_norm=12.2341 max_norm=17.5752
Replay tap positives before filter=1342 after=1342
Current items collected: 452
Replay tap P3: count=430 mean_norm=21.8083 max_norm=43.9701
Replay tap P4: count=22 mean_norm=5.8510 max_norm=7.6318
Replay tap positives before filter=1591 after=1591
Current items collected: 549
Replay tap P3: count=546 mean_norm=17.1859 max_norm=37.0205
Replay tap P4: count=3 mean_norm=5.6017 max_norm=6.0471
Replay tap positives before filter=1793 after=1793
Current items collected: 570
Replay tap P3: count=552 mean_norm=18.9589 max_norm=42.2964
Replay tap P4: count=18 mean_norm=5.8042 max_norm=7.4205
Replay tap positives before filter=3400 after=3400
Current items collected: 500
Replay tap P3: count=481 mean_norm=18.8922 max_norm=36.6768
Replay tap P4: count=19 mean_norm=5.8986 max_norm=7.1453
Replay tap positives before filter=3305 after=3305
Current items collected: 722
Replay tap P3: count=691 mean_norm=20.4871 max_norm=42.3959
Replay tap P4: count=31 mean_norm=6.9536 max_norm=9.7232
Replay tap positives before filter=2814 after=2814
Current items collected: 918
Replay tap P3: count=846 mean_norm=17.4986 max_norm=37.6262
Replay tap P4: count=72 mean_norm=6.4058 max_norm=9.0411
Replay tap positives before filter=608 after=608
Current items collected: 317
Replay tap P3: count=312 mean_norm=19.1716 max_norm=43.6155
Replay tap P4: count=5 mean_norm=7.2763 max_norm=10.8505
Replay tap positives before filter=1063 after=1063
Current items collected: 316
Replay tap P3: count=298 mean_norm=21.5941 max_norm=53.5772
Replay tap P4: count=18 mean_norm=8.5427 max_norm=18.7154
Replay tap positives before filter=665 after=665
Current items collected: 406
Replay tap P3: count=403 mean_norm=20.5968 max_norm=44.9560
Replay tap P4: count=3 mean_norm=5.5386 max_norm=5.8269
Replay tap positives before filter=1831 after=1831
Current items collected: 726
Replay tap P3: count=699 mean_norm=18.9663 max_norm=36.4614
Replay tap P4: count=27 mean_norm=6.7894 max_norm=12.3775
Replay tap positives before filter=1714 after=1714
Current items collected: 610
Replay tap P3: count=588 mean_norm=22.1446 max_norm=41.7738
Replay tap P4: count=22 mean_norm=5.7947 max_norm=7.0197
Replay tap positives before filter=2039 after=2039
Current items collected: 653
Replay tap P3: count=598 mean_norm=16.8102 max_norm=42.8376
Replay tap P4: count=55 mean_norm=5.7954 max_norm=7.1924
Replay tap positives before filter=3260 after=3250
Current items collected: 984
Replay tap P3: count=933 mean_norm=18.4633 max_norm=35.8829
Replay tap P4: count=51 mean_norm=6.8728 max_norm=11.5106
Replay tap positives before filter=1303 after=1303
Current items collected: 488
Replay tap P3: count=481 mean_norm=21.3436 max_norm=37.8479
Replay tap P4: count=7 mean_norm=5.6119 max_norm=6.2226
Replay tap positives before filter=693 after=693
Current items collected: 227
Replay tap P3: count=223 mean_norm=23.3878 max_norm=43.6003
Replay tap P4: count=4 mean_norm=5.4391 max_norm=6.8882
Replay tap positives before filter=3448 after=3448
Current items collected: 461
Replay tap P3: count=443 mean_norm=16.8208 max_norm=37.6951
Replay tap P4: count=18 mean_norm=5.3827 max_norm=6.4902
Replay tap positives before filter=1518 after=1518
Current items collected: 359
Replay tap P3: count=322 mean_norm=23.0081 max_norm=40.8825
Replay tap P4: count=37 mean_norm=5.8693 max_norm=10.0010
Replay tap positives before filter=3348 after=3348
Current items collected: 888
Replay tap P3: count=827 mean_norm=18.7497 max_norm=37.6953
Replay tap P4: count=61 mean_norm=6.1161 max_norm=9.6839
Replay tap positives before filter=2775 after=2775
Current items collected: 650
Replay tap P3: count=606 mean_norm=21.0821 max_norm=41.0650
Replay tap P4: count=44 mean_norm=6.5841 max_norm=12.8693
Replay tap positives before filter=2500 after=2500
Current items collected: 713
Replay tap P3: count=690 mean_norm=20.4905 max_norm=42.9062
Replay tap P4: count=23 mean_norm=7.7282 max_norm=13.3869
Replay tap positives before filter=1216 after=1216
Current items collected: 114
Replay tap P3: count=109 mean_norm=26.7918 max_norm=53.9343
Replay tap P4: count=5 mean_norm=5.9163 max_norm=6.7149
Replay tap positives before filter=2049 after=2049
Current items collected: 436
Replay tap P3: count=428 mean_norm=22.4022 max_norm=41.4101
Replay tap P4: count=8 mean_norm=5.3704 max_norm=6.1624
Replay tap positives before filter=1954 after=1954
Current items collected: 556
Replay tap P3: count=532 mean_norm=22.5636 max_norm=42.9470
Replay tap P4: count=24 mean_norm=5.6717 max_norm=7.1739
Replay tap positives before filter=2688 after=2688
Current items collected: 816
Replay tap P3: count=764 mean_norm=18.0748 max_norm=43.1391
Replay tap P4: count=52 mean_norm=7.9398 max_norm=13.2906
Replay tap positives before filter=1980 after=1980
Current items collected: 419
Replay tap P3: count=408 mean_norm=22.8227 max_norm=53.2872
Replay tap P4: count=11 mean_norm=7.0342 max_norm=8.3681
Replay tap positives before filter=2108 after=2108
Current items collected: 516
Replay tap P3: count=510 mean_norm=18.9768 max_norm=44.3953
Replay tap P4: count=6 mean_norm=6.0598 max_norm=8.2481
Replay tap positives before filter=1768 after=1768
Current items collected: 608
Replay tap P3: count=591 mean_norm=19.7031 max_norm=40.2382
Replay tap P4: count=17 mean_norm=5.7912 max_norm=6.9332
Replay tap positives before filter=1649 after=1649
Current items collected: 695
Replay tap P3: count=677 mean_norm=20.9743 max_norm=40.8208
Replay tap P4: count=18 mean_norm=6.6376 max_norm=10.0640
Replay tap positives before filter=1388 after=1388
Current items collected: 426
Replay tap P3: count=390 mean_norm=23.9697 max_norm=42.9609
Replay tap P4: count=36 mean_norm=9.4034 max_norm=13.8488
Replay tap positives before filter=992 after=982
Current items collected: 298
Replay tap P3: count=282 mean_norm=14.4896 max_norm=36.7673
Replay tap P4: count=16 mean_norm=6.2706 max_norm=8.3273
Replay tap positives before filter=1677 after=1677
Current items collected: 533
Replay tap P3: count=522 mean_norm=19.9423 max_norm=42.0999
Replay tap P4: count=11 mean_norm=6.5325 max_norm=8.1766
Replay tap positives before filter=1145 after=1145
Current items collected: 453
Replay tap P3: count=432 mean_norm=22.0507 max_norm=44.6507
Replay tap P4: count=21 mean_norm=7.6697 max_norm=11.4805
Replay tap positives before filter=473 after=473
Current items collected: 250
Replay tap P3: count=249 mean_norm=22.4268 max_norm=41.9152
Replay tap P4: count=1 mean_norm=5.4060 max_norm=5.4060
Replay tap positives before filter=2994 after=2994
Current items collected: 797
Replay tap P3: count=732 mean_norm=18.4023 max_norm=42.2241
Replay tap P4: count=65 mean_norm=5.7383 max_norm=7.8711
Replay tap positives before filter=1453 after=1453
Current items collected: 468
Replay tap P3: count=456 mean_norm=24.3480 max_norm=40.8410
Replay tap P4: count=12 mean_norm=6.8428 max_norm=9.2439
Replay tap positives before filter=1841 after=1841
Current items collected: 567
Replay tap P3: count=549 mean_norm=21.0251 max_norm=44.7013
Replay tap P4: count=18 mean_norm=5.7232 max_norm=8.2465
Replay tap positives before filter=657 after=657
Current items collected: 352
Replay tap P3: count=352 mean_norm=17.1899 max_norm=39.1204
Replay tap positives before filter=2174 after=2174
Current items collected: 432
Replay tap P3: count=369 mean_norm=23.8335 max_norm=43.9220
Replay tap P4: count=63 mean_norm=7.8010 max_norm=14.9377
Replay tap positives before filter=1396 after=1396
Current items collected: 582
Replay tap P3: count=574 mean_norm=16.8010 max_norm=49.4192
Replay tap P4: count=8 mean_norm=6.8010 max_norm=8.7528
Replay tap positives before filter=3416 after=3416
Current items collected: 822
Replay tap P3: count=772 mean_norm=18.8447 max_norm=43.9432
Replay tap P4: count=50 mean_norm=6.2523 max_norm=9.9612
Replay tap positives before filter=2283 after=2283
Current items collected: 659
Replay tap P3: count=625 mean_norm=21.3294 max_norm=39.8520
Replay tap P4: count=34 mean_norm=7.1001 max_norm=10.8048
Replay tap positives before filter=2049 after=2049
Current items collected: 534
Replay tap P3: count=508 mean_norm=21.3326 max_norm=43.7089
Replay tap P4: count=26 mean_norm=11.3940 max_norm=15.5420
Replay tap positives before filter=2075 after=2075
Current items collected: 483
Replay tap P3: count=442 mean_norm=18.8002 max_norm=47.8506
Replay tap P4: count=41 mean_norm=6.0278 max_norm=8.2744
Replay tap positives before filter=1982 after=1972
Current items collected: 466
Replay tap P3: count=447 mean_norm=19.0648 max_norm=39.6484
Replay tap P4: count=19 mean_norm=6.2263 max_norm=7.7214
Replay tap positives before filter=1211 after=1211
Current items collected: 267
Replay tap P3: count=248 mean_norm=17.2340 max_norm=46.0329
Replay tap P4: count=19 mean_norm=8.9742 max_norm=13.4128
Replay tap positives before filter=715 after=715
Current items collected: 297
Replay tap P3: count=283 mean_norm=21.3258 max_norm=41.1664
Replay tap P4: count=14 mean_norm=6.6959 max_norm=8.1917
Replay tap positives before filter=1997 after=1997
Current items collected: 725
Replay tap P3: count=702 mean_norm=21.7485 max_norm=42.3010
Replay tap P4: count=23 mean_norm=7.2593 max_norm=11.0501
Replay tap positives before filter=1801 after=1801
Current items collected: 444
Replay tap P3: count=398 mean_norm=19.3510 max_norm=39.0405
Replay tap P4: count=46 mean_norm=7.8272 max_norm=19.8409
Replay tap positives before filter=4233 after=4233
Current items collected: 1181
Replay tap P3: count=1089 mean_norm=18.1771 max_norm=45.8817
Replay tap P4: count=92 mean_norm=7.8403 max_norm=12.8389
Replay tap positives before filter=8531 after=8531
Current items collected: 1953
Replay tap P3: count=1790 mean_norm=13.7950 max_norm=44.5230
Replay tap P4: count=163 mean_norm=6.5795 max_norm=10.0621
Replay tap positives before filter=1318 after=1318
Current items collected: 221
Replay tap P3: count=215 mean_norm=28.2756 max_norm=49.0043
Replay tap P4: count=6 mean_norm=5.5674 max_norm=7.3140
Replay tap positives before filter=505 after=495
Current items collected: 206
Replay tap P3: count=181 mean_norm=17.9429 max_norm=38.8143
Replay tap P4: count=25 mean_norm=11.2272 max_norm=20.9952
Replay tap positives before filter=2224 after=2224
Current items collected: 666
Replay tap P3: count=631 mean_norm=21.6332 max_norm=43.6057
Replay tap P4: count=35 mean_norm=7.9413 max_norm=13.7280
Replay tap positives before filter=1432 after=1432
Current items collected: 324
Replay tap P3: count=304 mean_norm=21.7639 max_norm=40.5167
Replay tap P4: count=20 mean_norm=5.7021 max_norm=8.2777
Replay tap positives before filter=2259 after=2259
Current items collected: 697
Replay tap P3: count=641 mean_norm=21.5157 max_norm=42.6921
Replay tap P4: count=56 mean_norm=6.7054 max_norm=13.8366
Replay tap positives before filter=2858 after=2858
Current items collected: 716
Replay tap P3: count=667 mean_norm=19.8698 max_norm=39.2695
Replay tap P4: count=49 mean_norm=5.6209 max_norm=11.3873
Replay tap positives before filter=3458 after=3458
Current items collected: 885
Replay tap P3: count=800 mean_norm=21.1742 max_norm=40.6309
Replay tap P4: count=85 mean_norm=8.3067 max_norm=14.0472
Replay tap positives before filter=3760 after=3760
Current items collected: 993
Replay tap P3: count=911 mean_norm=16.8479 max_norm=42.2676
Replay tap P4: count=82 mean_norm=5.9553 max_norm=8.3704
Replay tap positives before filter=2820 after=2820
Current items collected: 542
Replay tap P3: count=498 mean_norm=19.3328 max_norm=39.1916
Replay tap P4: count=44 mean_norm=6.2382 max_norm=12.0497
Replay tap positives before filter=2810 after=2800
Current items collected: 785
Replay tap P3: count=731 mean_norm=20.4612 max_norm=44.7339
Replay tap P4: count=54 mean_norm=8.5167 max_norm=19.7965
Replay tap positives before filter=2373 after=2373
Current items collected: 634
Replay tap P3: count=596 mean_norm=21.1190 max_norm=41.5580
Replay tap P4: count=38 mean_norm=9.6336 max_norm=15.8926
Replay tap positives before filter=1947 after=1947
Current items collected: 621
Replay tap P3: count=608 mean_norm=20.7739 max_norm=38.5044
Replay tap P4: count=13 mean_norm=5.5150 max_norm=6.6971
Replay tap positives before filter=1558 after=1558
Current items collected: 550
Replay tap P3: count=544 mean_norm=20.6318 max_norm=47.3584
Replay tap P4: count=6 mean_norm=4.9492 max_norm=6.2014
Replay tap positives before filter=748 after=748
Current items collected: 307
Replay tap P3: count=289 mean_norm=20.0859 max_norm=41.9579
Replay tap P4: count=18 mean_norm=5.8271 max_norm=7.6841
Replay tap positives before filter=1873 after=1873
Current items collected: 472
Replay tap P3: count=416 mean_norm=20.2873 max_norm=41.4172
Replay tap P4: count=56 mean_norm=6.4778 max_norm=9.7053
Replay tap positives before filter=2619 after=2619
Current items collected: 777
Replay tap P3: count=710 mean_norm=19.7514 max_norm=51.7809
Replay tap P4: count=67 mean_norm=10.0183 max_norm=14.9634
Replay tap positives before filter=1538 after=1538
Current items collected: 464
Replay tap P3: count=446 mean_norm=23.5933 max_norm=41.5430
Replay tap P4: count=18 mean_norm=7.6781 max_norm=14.5031
Replay tap positives before filter=1510 after=1510
Current items collected: 385
Replay tap P3: count=385 mean_norm=18.4887 max_norm=45.2753
Replay tap positives before filter=1474 after=1474
Current items collected: 309
Replay tap P3: count=302 mean_norm=23.0068 max_norm=41.4382
Replay tap P4: count=7 mean_norm=12.2591 max_norm=18.3664
Replay tap positives before filter=1356 after=1346
Current items collected: 196
Replay tap P3: count=180 mean_norm=18.3356 max_norm=41.3760
Replay tap P4: count=16 mean_norm=6.7798 max_norm=12.1186
Replay tap positives before filter=1752 after=1752
Current items collected: 421
Replay tap P3: count=373 mean_norm=22.5614 max_norm=45.5952
Replay tap P4: count=48 mean_norm=7.1531 max_norm=14.6298
Replay tap positives before filter=1107 after=1107
Current items collected: 347
Replay tap P3: count=317 mean_norm=18.3880 max_norm=42.3364
Replay tap P4: count=30 mean_norm=5.7969 max_norm=7.1754
Replay tap positives before filter=4023 after=4023
Current items collected: 910
Replay tap P3: count=823 mean_norm=18.4098 max_norm=47.1431
Replay tap P4: count=87 mean_norm=9.4159 max_norm=12.8210
Replay tap positives before filter=5923 after=5923
Current items collected: 1101
Replay tap P3: count=1041 mean_norm=17.9249 max_norm=46.3904
Replay tap P4: count=60 mean_norm=6.3798 max_norm=13.0559
Replay tap positives before filter=1765 after=1765
Current items collected: 540
Replay tap P3: count=512 mean_norm=20.8739 max_norm=47.5745
Replay tap P4: count=28 mean_norm=6.0730 max_norm=14.8930
Replay tap positives before filter=4217 after=4217
Current items collected: 941
Replay tap P3: count=830 mean_norm=19.1193 max_norm=37.8800
Replay tap P4: count=111 mean_norm=7.9621 max_norm=25.4072
Replay tap positives before filter=2076 after=2069
Current items collected: 357
Replay tap P3: count=333 mean_norm=21.0166 max_norm=39.1259
Replay tap P4: count=24 mean_norm=9.3239 max_norm=18.0787
Replay tap positives before filter=1232 after=1232
Current items collected: 316
Replay tap P3: count=310 mean_norm=23.6444 max_norm=42.7500
Replay tap P4: count=6 mean_norm=5.8786 max_norm=7.5432
Replay tap positives before filter=1536 after=1536
Current items collected: 543
Replay tap P3: count=533 mean_norm=21.2505 max_norm=40.7442
Replay tap P4: count=10 mean_norm=7.1783 max_norm=9.4802
Replay tap positives before filter=2626 after=2626
Current items collected: 880
Replay tap P3: count=822 mean_norm=18.5762 max_norm=46.3056
Replay tap P4: count=58 mean_norm=10.4681 max_norm=16.1695
Replay tap positives before filter=1416 after=1416
Current items collected: 612
Replay tap P3: count=605 mean_norm=19.2757 max_norm=38.2504
Replay tap P4: count=7 mean_norm=9.8282 max_norm=14.0414
Replay tap positives before filter=4289 after=4289
Current items collected: 777
Replay tap P3: count=713 mean_norm=18.1255 max_norm=39.5264
Replay tap P4: count=64 mean_norm=7.8381 max_norm=14.7972
Replay tap positives before filter=1966 after=1966
Current items collected: 597
Replay tap P3: count=573 mean_norm=22.7309 max_norm=40.4482
Replay tap P4: count=24 mean_norm=5.5868 max_norm=7.7022
Replay tap positives before filter=3056 after=3056
Current items collected: 610
Replay tap P3: count=577 mean_norm=21.3667 max_norm=44.2181
Replay tap P4: count=33 mean_norm=6.5026 max_norm=20.5172
Replay tap positives before filter=1180 after=1180
Current items collected: 163
Replay tap P3: count=152 mean_norm=22.2234 max_norm=42.5021
Replay tap P4: count=11 mean_norm=10.2793 max_norm=14.6045
Replay tap positives before filter=2288 after=2288
Current items collected: 439
Replay tap P3: count=425 mean_norm=21.8035 max_norm=44.3712
Replay tap P4: count=14 mean_norm=9.6728 max_norm=15.7593
Replay tap positives before filter=3472 after=3462
Current items collected: 861
Replay tap P3: count=794 mean_norm=18.3345 max_norm=35.7379
Replay tap P4: count=67 mean_norm=8.5632 max_norm=14.0544
Replay tap positives before filter=906 after=906
Current items collected: 253
Replay tap P3: count=250 mean_norm=24.8647 max_norm=47.7741
Replay tap P4: count=3 mean_norm=5.0668 max_norm=5.4212
Replay tap positives before filter=2426 after=2426
Current items collected: 744
Replay tap P3: count=726 mean_norm=23.4931 max_norm=39.8765
Replay tap P4: count=18 mean_norm=5.8830 max_norm=8.7365
Replay tap positives before filter=1962 after=1962
Current items collected: 360
Replay tap P3: count=349 mean_norm=21.5609 max_norm=43.8915
Replay tap P4: count=11 mean_norm=5.6649 max_norm=7.4179
Replay tap positives before filter=935 after=935
Current items collected: 366
Replay tap P3: count=359 mean_norm=22.7595 max_norm=40.1397
Replay tap P4: count=7 mean_norm=6.5805 max_norm=11.5763
Replay tap positives before filter=1556 after=1556
Current items collected: 322
Replay tap P3: count=306 mean_norm=20.1654 max_norm=38.0774
Replay tap P4: count=16 mean_norm=6.5996 max_norm=9.2357
Replay tap positives before filter=6365 after=6365
Current items collected: 975
Replay tap P3: count=944 mean_norm=18.5555 max_norm=36.9338
Replay tap P4: count=31 mean_norm=8.2305 max_norm=16.3592
Replay tap positives before filter=1550 after=1550
Current items collected: 343
Replay tap P3: count=324 mean_norm=25.4127 max_norm=48.5917
Replay tap P4: count=19 mean_norm=7.5543 max_norm=15.2932
Replay tap positives before filter=1290 after=1290
Current items collected: 421
Replay tap P3: count=417 mean_norm=22.0704 max_norm=41.2878
Replay tap P4: count=4 mean_norm=5.2971 max_norm=6.0701
Replay tap positives before filter=2384 after=2384
Current items collected: 677
Replay tap P3: count=662 mean_norm=17.2324 max_norm=41.0279
Replay tap P4: count=15 mean_norm=9.3018 max_norm=18.0862
Replay tap positives before filter=2687 after=2687
Current items collected: 767
Replay tap P3: count=745 mean_norm=19.7755 max_norm=39.2991
Replay tap P4: count=22 mean_norm=9.0559 max_norm=15.8876
Replay tap positives before filter=2447 after=2447
Current items collected: 688
Replay tap P3: count=639 mean_norm=21.6661 max_norm=44.0120
Replay tap P4: count=49 mean_norm=5.6998 max_norm=9.6172
Replay tap positives before filter=3223 after=3223
Current items collected: 745
Replay tap P3: count=674 mean_norm=18.1279 max_norm=41.7988
Replay tap P4: count=71 mean_norm=5.5238 max_norm=11.8919
Replay tap positives before filter=2498 after=2498
Current items collected: 404
Replay tap P3: count=384 mean_norm=24.2601 max_norm=40.5509
Replay tap P4: count=20 mean_norm=6.6281 max_norm=9.9502
Replay tap positives before filter=1187 after=1187
Current items collected: 294
Replay tap P3: count=276 mean_norm=22.8665 max_norm=49.2120
Replay tap P4: count=18 mean_norm=6.1203 max_norm=10.5142
Replay tap positives before filter=682 after=682
Current items collected: 161
Replay tap P3: count=152 mean_norm=23.2194 max_norm=40.7031
Replay tap P4: count=9 mean_norm=5.4155 max_norm=6.4661
Replay tap positives before filter=3337 after=3337
Current items collected: 831
Replay tap P3: count=812 mean_norm=19.2679 max_norm=37.4915
Replay tap P4: count=19 mean_norm=7.2383 max_norm=12.6133
Replay tap positives before filter=1668 after=1668
Current items collected: 475
Replay tap P3: count=435 mean_norm=23.2376 max_norm=39.2603
Replay tap P4: count=40 mean_norm=6.9102 max_norm=17.2804
Replay tap positives before filter=2096 after=2096
Current items collected: 576
Replay tap P3: count=567 mean_norm=22.6397 max_norm=37.1373
Replay tap P4: count=9 mean_norm=5.6756 max_norm=7.7017
Replay tap positives before filter=3642 after=3642
Current items collected: 1085
Replay tap P3: count=1039 mean_norm=18.8075 max_norm=39.0654
Replay tap P4: count=46 mean_norm=6.5795 max_norm=14.1215
Replay tap positives before filter=3910 after=3910
Current items collected: 932
Replay tap P3: count=803 mean_norm=19.7000 max_norm=35.0178
Replay tap P4: count=129 mean_norm=6.4701 max_norm=12.0009
Replay tap positives before filter=1312 after=1312
Current items collected: 381
Replay tap P3: count=364 mean_norm=23.3936 max_norm=48.5269
Replay tap P4: count=17 mean_norm=7.9114 max_norm=11.6112
Replay tap positives before filter=3775 after=3775
Current items collected: 497
Replay tap P3: count=475 mean_norm=21.3146 max_norm=44.0314
Replay tap P4: count=22 mean_norm=9.1603 max_norm=20.1165
Replay tap positives before filter=1307 after=1307
Current items collected: 263
Replay tap P3: count=240 mean_norm=18.9253 max_norm=39.0114
Replay tap P4: count=23 mean_norm=6.4398 max_norm=10.5922
Replay tap positives before filter=4537 after=4537
Current items collected: 1045
Replay tap P3: count=959 mean_norm=16.8835 max_norm=44.1179
Replay tap P4: count=86 mean_norm=6.0399 max_norm=9.9441
Replay tap positives before filter=2227 after=2227
Current items collected: 422
Replay tap P3: count=390 mean_norm=21.1249 max_norm=45.7094
Replay tap P4: count=32 mean_norm=8.8047 max_norm=17.5027
Replay tap positives before filter=2671 after=2671
Current items collected: 726
Replay tap P3: count=691 mean_norm=22.0200 max_norm=40.0049
Replay tap P4: count=35 mean_norm=5.8835 max_norm=9.1092
Replay tap positives before filter=3651 after=3651
Current items collected: 964
Replay tap P3: count=925 mean_norm=16.5608 max_norm=32.1304
Replay tap P4: count=39 mean_norm=6.8527 max_norm=18.5227
Replay tap positives before filter=650 after=650
Current items collected: 205
Replay tap P3: count=174 mean_norm=21.4299 max_norm=33.6194
Replay tap P4: count=31 mean_norm=5.5287 max_norm=9.3544
Replay tap positives before filter=3733 after=3723
Current items collected: 732
Replay tap P3: count=655 mean_norm=18.4112 max_norm=31.4534
Replay tap P4: count=77 mean_norm=7.1565 max_norm=13.6447
Replay tap positives before filter=2301 after=2301
Current items collected: 390
Replay tap P3: count=370 mean_norm=20.4042 max_norm=38.0670
Replay tap P4: count=20 mean_norm=5.4909 max_norm=8.0512
Replay tap positives before filter=5823 after=5823
Current items collected: 1046
Replay tap P3: count=965 mean_norm=17.3116 max_norm=37.1554
Replay tap P4: count=81 mean_norm=5.7220 max_norm=9.1010
Replay tap positives before filter=1735 after=1735
Current items collected: 391
Replay tap P3: count=377 mean_norm=19.3510 max_norm=35.8648
Replay tap P4: count=14 mean_norm=7.5124 max_norm=14.3340
Replay tap positives before filter=2905 after=2905
Current items collected: 412
Replay tap P3: count=375 mean_norm=18.9491 max_norm=42.8256
Replay tap P4: count=37 mean_norm=9.0488 max_norm=14.4655
Replay tap positives before filter=2268 after=2258
Current items collected: 430
Replay tap P3: count=417 mean_norm=19.0615 max_norm=40.2979
Replay tap P4: count=13 mean_norm=10.4434 max_norm=17.5107
Replay tap positives before filter=4832 after=4832
Current items collected: 988
Replay tap P3: count=892 mean_norm=16.7431 max_norm=46.4947
Replay tap P4: count=96 mean_norm=5.9837 max_norm=17.8906
Replay tap positives before filter=1678 after=1678
Current items collected: 502
Replay tap P3: count=476 mean_norm=16.7282 max_norm=34.9868
Replay tap P4: count=26 mean_norm=6.5207 max_norm=13.0400
Replay tap positives before filter=3996 after=3996
Current items collected: 846
Replay tap P3: count=756 mean_norm=19.7977 max_norm=34.8860
Replay tap P4: count=90 mean_norm=8.8287 max_norm=13.5506
Replay tap positives before filter=1594 after=1594
Current items collected: 343
Replay tap P3: count=325 mean_norm=24.3137 max_norm=39.0308
Replay tap P4: count=18 mean_norm=16.1422 max_norm=30.4476
Replay tap positives before filter=1391 after=1391
Current items collected: 136
Replay tap P3: count=126 mean_norm=19.7156 max_norm=38.7325
Replay tap P4: count=10 mean_norm=5.7721 max_norm=7.7656
Replay tap positives before filter=1984 after=1984
Current items collected: 364
Replay tap P3: count=358 mean_norm=22.1250 max_norm=40.3030
Replay tap P4: count=6 mean_norm=6.3852 max_norm=7.6369
Replay tap positives before filter=4553 after=4553
Current items collected: 1019
Replay tap P3: count=876 mean_norm=18.2742 max_norm=38.0193
Replay tap P4: count=143 mean_norm=6.9225 max_norm=13.3681
Replay tap positives before filter=506 after=506
Current items collected: 283
Replay tap P3: count=282 mean_norm=23.4153 max_norm=35.8238
Replay tap P4: count=1 mean_norm=5.6466 max_norm=5.6466
Replay tap positives before filter=2528 after=2528
Current items collected: 845
Replay tap P3: count=812 mean_norm=18.4902 max_norm=40.9111
Replay tap P4: count=33 mean_norm=6.3500 max_norm=13.2203
Replay tap positives before filter=2963 after=2963
Current items collected: 317
Replay tap P3: count=315 mean_norm=22.1627 max_norm=40.5944
Replay tap P4: count=2 mean_norm=5.4225 max_norm=5.7966
Replay tap positives before filter=4313 after=4313
Current items collected: 948
Replay tap P3: count=874 mean_norm=19.5306 max_norm=36.0481
Replay tap P4: count=74 mean_norm=7.2117 max_norm=14.5805
Replay tap positives before filter=1031 after=1031
Current items collected: 339
Replay tap P3: count=322 mean_norm=23.4092 max_norm=38.6575
Replay tap P4: count=17 mean_norm=6.1652 max_norm=12.3427
Replay tap positives before filter=2958 after=2958
Current items collected: 445
Replay tap P3: count=368 mean_norm=18.5403 max_norm=43.3543
Replay tap P4: count=77 mean_norm=10.0567 max_norm=17.9137
Replay tap positives before filter=3872 after=3862
Current items collected: 445
Replay tap P3: count=414 mean_norm=18.8096 max_norm=37.0418
Replay tap P4: count=31 mean_norm=5.6859 max_norm=8.0199
Replay tap positives before filter=2075 after=2075
Current items collected: 564
Replay tap P3: count=530 mean_norm=20.6026 max_norm=38.5609
Replay tap P4: count=34 mean_norm=7.8097 max_norm=22.8449
Replay tap positives before filter=1849 after=1849
Current items collected: 483
Replay tap P3: count=479 mean_norm=20.2903 max_norm=42.3208
Replay tap P4: count=4 mean_norm=5.3250 max_norm=5.8818
Replay tap positives before filter=2708 after=2708
Current items collected: 802
Replay tap P3: count=746 mean_norm=19.9670 max_norm=38.2034
Replay tap P4: count=56 mean_norm=4.9591 max_norm=7.5931
Replay tap positives before filter=1375 after=1375
Current items collected: 276
Replay tap P3: count=238 mean_norm=22.2413 max_norm=34.7289
Replay tap P4: count=38 mean_norm=7.1434 max_norm=11.3502
Replay tap positives before filter=2657 after=2657
Current items collected: 585
Replay tap P3: count=512 mean_norm=20.9148 max_norm=38.5254
Replay tap P4: count=73 mean_norm=8.0610 max_norm=21.6406
Replay tap positives before filter=2514 after=2514
Current items collected: 336
Replay tap P3: count=305 mean_norm=22.1491 max_norm=39.7073
Replay tap P4: count=31 mean_norm=6.4979 max_norm=12.3847
Replay tap positives before filter=1549 after=1549
Current items collected: 599
Replay tap P3: count=555 mean_norm=21.5442 max_norm=39.6219
Replay tap P4: count=44 mean_norm=11.5304 max_norm=18.9243
Replay tap positives before filter=3253 after=3253
Current items collected: 353
Replay tap P3: count=342 mean_norm=17.1021 max_norm=33.4126
Replay tap P4: count=11 mean_norm=5.3939 max_norm=6.6962
Replay tap positives before filter=3820 after=3820
Current items collected: 641
Replay tap P3: count=551 mean_norm=18.7415 max_norm=39.6470
Replay tap P4: count=90 mean_norm=8.0370 max_norm=17.0871
Replay tap positives before filter=524 after=494
Current items collected: 295
Replay tap P3: count=294 mean_norm=20.2085 max_norm=34.7497
Replay tap P4: count=1 mean_norm=4.4060 max_norm=4.4060
Replay tap positives before filter=2526 after=2526
Current items collected: 506
Replay tap P3: count=486 mean_norm=16.7432 max_norm=39.8312
Replay tap P4: count=20 mean_norm=6.9021 max_norm=12.0786
Replay tap positives before filter=2508 after=2508
Current items collected: 640
Replay tap P3: count=585 mean_norm=17.9933 max_norm=32.6177
Replay tap P4: count=55 mean_norm=6.4519 max_norm=15.1874
Replay tap positives before filter=2946 after=2936
Current items collected: 687
Replay tap P3: count=650 mean_norm=17.7395 max_norm=37.8355
Replay tap P4: count=37 mean_norm=6.9826 max_norm=10.6168
Replay tap positives before filter=1288 after=1288
Current items collected: 499
Replay tap P3: count=474 mean_norm=22.6327 max_norm=39.3053
Replay tap P4: count=25 mean_norm=8.8843 max_norm=16.8612
Replay tap positives before filter=2213 after=2213
Current items collected: 558
Replay tap P3: count=517 mean_norm=20.3607 max_norm=40.3443
Replay tap P4: count=41 mean_norm=10.3287 max_norm=20.0604
Replay tap positives before filter=1352 after=1352
Current items collected: 299
Replay tap P3: count=284 mean_norm=20.8271 max_norm=41.4765
Replay tap P4: count=15 mean_norm=6.1630 max_norm=10.5643
Replay tap positives before filter=4085 after=4085
Current items collected: 669
Replay tap P3: count=636 mean_norm=19.0143 max_norm=47.0203
Replay tap P4: count=33 mean_norm=6.9683 max_norm=11.3408
Replay tap positives before filter=1873 after=1873
Current items collected: 470
Replay tap P3: count=447 mean_norm=18.6515 max_norm=34.9701
Replay tap P4: count=23 mean_norm=6.2308 max_norm=9.2614
Replay tap positives before filter=1321 after=1321
Current items collected: 343
Replay tap P3: count=329 mean_norm=18.7989 max_norm=32.1100
Replay tap P4: count=14 mean_norm=6.1873 max_norm=9.2389
Replay tap positives before filter=6220 after=6220
Current items collected: 1196
Replay tap P3: count=1110 mean_norm=17.0101 max_norm=46.7590
Replay tap P4: count=86 mean_norm=8.1787 max_norm=16.5085
Replay tap positives before filter=4088 after=4088
Current items collected: 828
Replay tap P3: count=754 mean_norm=16.4677 max_norm=33.0064
Replay tap P4: count=74 mean_norm=5.2801 max_norm=7.5604
Replay tap positives before filter=1544 after=1544
Current items collected: 404
Replay tap P3: count=386 mean_norm=23.5831 max_norm=43.2957
Replay tap P4: count=18 mean_norm=6.4035 max_norm=12.2878
Replay tap positives before filter=1316 after=1316
Current items collected: 433
Replay tap P3: count=428 mean_norm=22.6478 max_norm=39.0636
Replay tap P4: count=5 mean_norm=5.3873 max_norm=6.4092
Replay tap positives before filter=3452 after=3452
Current items collected: 297
Replay tap P3: count=279 mean_norm=17.3771 max_norm=39.4512
Replay tap P4: count=18 mean_norm=6.4997 max_norm=10.6877
Replay tap positives before filter=3199 after=3199
Current items collected: 843
Replay tap P3: count=748 mean_norm=20.0459 max_norm=37.3310
Replay tap P4: count=95 mean_norm=7.9298 max_norm=18.1979
Replay tap positives before filter=1353 after=1353
Current items collected: 303
Replay tap P3: count=270 mean_norm=20.1665 max_norm=39.5569
Replay tap P4: count=33 mean_norm=6.8151 max_norm=13.1678
Replay tap positives before filter=3427 after=3427
Current items collected: 718
Replay tap P3: count=686 mean_norm=18.5917 max_norm=39.1612
Replay tap P4: count=32 mean_norm=6.7691 max_norm=14.6413
Replay tap positives before filter=2184 after=2184
Current items collected: 684
Replay tap P3: count=637 mean_norm=20.5439 max_norm=44.4133
Replay tap P4: count=47 mean_norm=5.4898 max_norm=8.8683
Replay tap positives before filter=2290 after=2290
Current items collected: 655
Replay tap P3: count=601 mean_norm=19.6740 max_norm=37.0091
Replay tap P4: count=54 mean_norm=7.8623 max_norm=12.4473
Replay tap positives before filter=808 after=808
Current items collected: 314
Replay tap P3: count=311 mean_norm=27.1449 max_norm=42.2452
Replay tap P4: count=3 mean_norm=5.4845 max_norm=6.2743
Replay tap positives before filter=2871 after=2871
Current items collected: 510
Replay tap P3: count=485 mean_norm=18.8043 max_norm=42.0686
Replay tap P4: count=25 mean_norm=6.0213 max_norm=10.7175
Replay tap positives before filter=1150 after=1140
Current items collected: 264
Replay tap P3: count=258 mean_norm=18.2416 max_norm=41.4885
Replay tap P4: count=6 mean_norm=5.1937 max_norm=5.8997
Replay tap positives before filter=2024 after=2024
Current items collected: 451
Replay tap P3: count=449 mean_norm=19.3805 max_norm=42.4855
Replay tap P4: count=2 mean_norm=7.0467 max_norm=9.0163
Replay tap positives before filter=1867 after=1867
Current items collected: 504
Replay tap P3: count=482 mean_norm=19.8568 max_norm=41.6131
Replay tap P4: count=22 mean_norm=8.0137 max_norm=16.4690
Replay tap positives before filter=1921 after=1921
Current items collected: 610
Replay tap P3: count=579 mean_norm=22.4683 max_norm=41.9482
Replay tap P4: count=31 mean_norm=5.8097 max_norm=13.5319
Replay tap positives before filter=2496 after=2496
Current items collected: 623
Replay tap P3: count=582 mean_norm=19.3523 max_norm=37.8349
Replay tap P4: count=41 mean_norm=14.1163 max_norm=21.5610
Replay tap positives before filter=1826 after=1826
Current items collected: 628
Replay tap P3: count=615 mean_norm=20.8221 max_norm=39.2909
Replay tap P4: count=13 mean_norm=9.0107 max_norm=17.5367
Replay tap positives before filter=720 after=710
Current items collected: 255
Replay tap P3: count=254 mean_norm=19.6863 max_norm=34.5158
Replay tap P4: count=1 mean_norm=5.6701 max_norm=5.6701
Replay tap positives before filter=2531 after=2531
Current items collected: 499
Replay tap P3: count=425 mean_norm=18.1512 max_norm=40.7814
Replay tap P4: count=74 mean_norm=10.3332 max_norm=17.6872
Replay tap positives before filter=2276 after=2276
Current items collected: 227
Replay tap P3: count=219 mean_norm=23.4774 max_norm=46.7632
Replay tap P4: count=8 mean_norm=5.1205 max_norm=6.8313
Replay tap positives before filter=5483 after=5463
Current items collected: 1127
Replay tap P3: count=1006 mean_norm=19.2392 max_norm=32.5277
Replay tap P4: count=121 mean_norm=4.9756 max_norm=11.1264
Replay tap positives before filter=1476 after=1476
Current items collected: 541
Replay tap P3: count=537 mean_norm=19.9224 max_norm=40.6986
Replay tap P4: count=4 mean_norm=7.9150 max_norm=13.4582
Replay tap positives before filter=2402 after=2402
Current items collected: 588
Replay tap P3: count=578 mean_norm=17.1238 max_norm=48.8001
Replay tap P4: count=10 mean_norm=6.8972 max_norm=13.4450
Replay tap positives before filter=1171 after=1171
Current items collected: 292
Replay tap P3: count=267 mean_norm=20.6424 max_norm=33.1119
Replay tap P4: count=25 mean_norm=5.2050 max_norm=6.6035
Replay tap positives before filter=6333 after=6333
Current items collected: 1174
Replay tap P3: count=1025 mean_norm=16.2420 max_norm=31.7749
Replay tap P4: count=149 mean_norm=8.2130 max_norm=21.3948
Replay tap positives before filter=1104 after=1104
Current items collected: 319
Replay tap P3: count=293 mean_norm=19.6038 max_norm=36.9883
Replay tap P4: count=26 mean_norm=11.6663 max_norm=17.2896
Replay tap positives before filter=875 after=875
Current items collected: 595
Replay tap P3: count=590 mean_norm=18.6684 max_norm=36.5810
Replay tap P4: count=5 mean_norm=4.8728 max_norm=5.0968
Replay tap positives before filter=6026 after=6026
Current items collected: 1229
Replay tap P3: count=1164 mean_norm=16.7036 max_norm=30.0120
Replay tap P4: count=65 mean_norm=8.5940 max_norm=17.5208
Replay tap positives before filter=180 after=180
Current items collected: 57
Replay tap P3: count=53 mean_norm=21.2667 max_norm=33.8759
Replay tap P4: count=4 mean_norm=9.0810 max_norm=14.6001
                   all        365      24440      0.406      0.128      0.111     0.0634
Replay buffer size after epoch 2: 1920 embeddings across 15 classes.
Saved 1920 replay embeddings to /home/ddwilde/scriptie/runs/dota_saab_upper/stage1-saab/replay/buffer.pt

      Epoch    GPU_mem   box_loss   cls_loss   dfl_loss  Instances       Size
Replay tap positives before filter=1383 after=1383
Current items collected: 471
Replay tap P3: count=457 mean_norm=19.4416 max_norm=46.9902
Replay tap P4: count=14 mean_norm=6.9313 max_norm=12.5441
Replay tap positives before filter=1578 after=1578
Current items collected: 447
Replay tap P3: count=427 mean_norm=21.1758 max_norm=40.2304
Replay tap P4: count=20 mean_norm=6.4585 max_norm=12.9255
Replay tap positives before filter=2282 after=2282
Current items collected: 474
Replay tap P3: count=447 mean_norm=17.8637 max_norm=36.1002
Replay tap P4: count=27 mean_norm=7.0925 max_norm=15.9720
Replay tap positives before filter=992 after=992
Current items collected: 470
Replay tap P3: count=464 mean_norm=18.4548 max_norm=38.0209
Replay tap P4: count=6 mean_norm=5.5228 max_norm=6.1408
Replay tap positives before filter=2951 after=2951
Current items collected: 869
Replay tap P3: count=839 mean_norm=20.0624 max_norm=40.3362
Replay tap P4: count=30 mean_norm=9.3045 max_norm=18.7349
Replay tap positives before filter=1884 after=1884
Current items collected: 492
Replay tap P3: count=473 mean_norm=20.9856 max_norm=38.6424
Replay tap P4: count=19 mean_norm=6.0879 max_norm=11.0108
Replay tap positives before filter=2387 after=2387
Current items collected: 704
Replay tap P3: count=647 mean_norm=22.3331 max_norm=46.0309
Replay tap P4: count=57 mean_norm=11.4196 max_norm=20.0678
Replay tap positives before filter=2519 after=2509
Current items collected: 589
Replay tap P3: count=557 mean_norm=19.6355 max_norm=37.1515
Replay tap P4: count=32 mean_norm=15.0838 max_norm=20.0083
Replay tap positives before filter=772 after=772
Current items collected: 554
Replay tap P3: count=539 mean_norm=23.1498 max_norm=38.5974
Replay tap P4: count=15 mean_norm=12.7825 max_norm=22.5844
Replay tap positives before filter=3777 after=3777
Current items collected: 784
Replay tap P3: count=738 mean_norm=19.6943 max_norm=42.3659
Replay tap P4: count=46 mean_norm=6.0073 max_norm=14.1460
Replay tap positives before filter=1500 after=1500
Current items collected: 468
Replay tap P3: count=426 mean_norm=19.4669 max_norm=39.0619
Replay tap P4: count=42 mean_norm=7.1413 max_norm=11.1619
Replay tap positives before filter=1882 after=1882
Current items collected: 535
Replay tap P3: count=510 mean_norm=17.9664 max_norm=39.7035
Replay tap P4: count=25 mean_norm=6.0927 max_norm=17.1722
Replay tap positives before filter=2361 after=2361
Current items collected: 690
Replay tap P3: count=662 mean_norm=20.7284 max_norm=49.9734
Replay tap P4: count=28 mean_norm=9.2229 max_norm=19.1127
Replay tap positives before filter=841 after=837
Current items collected: 428
Replay tap P3: count=401 mean_norm=23.5694 max_norm=41.7527
Replay tap P4: count=27 mean_norm=10.8023 max_norm=18.3511
Replay tap positives before filter=1238 after=1238
Current items collected: 393
Replay tap P3: count=358 mean_norm=21.8928 max_norm=39.1424
Replay tap P4: count=35 mean_norm=10.3919 max_norm=16.8479
Replay tap positives before filter=2428 after=2418
Current items collected: 599
Replay tap P3: count=558 mean_norm=19.3348 max_norm=37.3813
Replay tap P4: count=41 mean_norm=11.7030 max_norm=18.6454
Replay tap positives before filter=4039 after=4039
Current items collected: 532
Replay tap P3: count=524 mean_norm=22.5557 max_norm=43.0987
Replay tap P4: count=8 mean_norm=5.2050 max_norm=5.9949
Replay tap positives before filter=2667 after=2667
Current items collected: 538
Replay tap P3: count=490 mean_norm=21.7045 max_norm=48.7242
Replay tap P4: count=48 mean_norm=10.1556 max_norm=17.2685
Replay tap positives before filter=1430 after=1430
Current items collected: 345
Replay tap P3: count=340 mean_norm=20.6768 max_norm=35.8230
Replay tap P4: count=5 mean_norm=5.8248 max_norm=6.4967
Replay tap positives before filter=1595 after=1595
Current items collected: 309
Replay tap P3: count=285 mean_norm=22.5372 max_norm=39.5361
Replay tap P4: count=24 mean_norm=6.9303 max_norm=13.9721
Replay tap positives before filter=2273 after=2273
Current items collected: 402
Replay tap P3: count=371 mean_norm=23.3844 max_norm=42.9922
Replay tap P4: count=31 mean_norm=11.4852 max_norm=17.8902
Replay tap positives before filter=567 after=567
Current items collected: 272
Replay tap P3: count=247 mean_norm=19.8530 max_norm=44.8292
Replay tap P4: count=25 mean_norm=11.5489 max_norm=20.6550
Replay tap positives before filter=1744 after=1734
Current items collected: 576
Replay tap P3: count=510 mean_norm=19.9601 max_norm=44.1628
Replay tap P4: count=66 mean_norm=10.3467 max_norm=19.4009
Replay tap positives before filter=1651 after=1651
Current items collected: 462
Replay tap P3: count=450 mean_norm=19.1077 max_norm=49.0066
Replay tap P4: count=12 mean_norm=6.1539 max_norm=10.0924
Replay tap positives before filter=972 after=972
Current items collected: 609
Replay tap P3: count=602 mean_norm=20.0221 max_norm=40.4731
Replay tap P4: count=7 mean_norm=12.1032 max_norm=17.6227
Replay tap positives before filter=2022 after=2022
Current items collected: 423
Replay tap P3: count=401 mean_norm=22.0630 max_norm=50.1755
Replay tap P4: count=22 mean_norm=7.5092 max_norm=17.0492
Replay tap positives before filter=3369 after=3369
Current items collected: 597
Replay tap P3: count=556 mean_norm=18.0872 max_norm=34.0935
Replay tap P4: count=41 mean_norm=11.3140 max_norm=18.3219
Replay tap positives before filter=1926 after=1926
Current items collected: 321
Replay tap P3: count=310 mean_norm=19.1573 max_norm=35.7029
Replay tap P4: count=11 mean_norm=6.0405 max_norm=8.3843
Replay tap positives before filter=6828 after=6828
Current items collected: 1755
Replay tap P3: count=1548 mean_norm=14.9285 max_norm=28.7886
Replay tap P4: count=207 mean_norm=7.9916 max_norm=14.4415
Replay tap positives before filter=556 after=556
Current items collected: 199
Replay tap P3: count=181 mean_norm=22.0334 max_norm=44.5761
Replay tap P4: count=18 mean_norm=6.1681 max_norm=10.2582
Replay tap positives before filter=2285 after=2285
Current items collected: 633
Replay tap P3: count=575 mean_norm=22.2966 max_norm=44.5262
Replay tap P4: count=58 mean_norm=13.4359 max_norm=17.7372
Replay tap positives before filter=2111 after=2111
Current items collected: 573
Replay tap P3: count=546 mean_norm=23.3491 max_norm=40.4260
Replay tap P4: count=27 mean_norm=11.0556 max_norm=24.9953
Replay tap positives before filter=588 after=588
Current items collected: 280
Replay tap P3: count=271 mean_norm=19.0339 max_norm=46.1625
Replay tap P4: count=9 mean_norm=14.8576 max_norm=17.9756
Replay tap positives before filter=1711 after=1711
Current items collected: 476
Replay tap P3: count=446 mean_norm=19.7380 max_norm=38.4458
Replay tap P4: count=30 mean_norm=5.5266 max_norm=7.7703
Replay tap positives before filter=4190 after=4190
Current items collected: 926
Replay tap P3: count=868 mean_norm=19.9215 max_norm=42.2123
Replay tap P4: count=58 mean_norm=8.2422 max_norm=15.9602
Replay tap positives before filter=2994 after=2994
Current items collected: 660
Replay tap P3: count=600 mean_norm=18.5502 max_norm=41.4677
Replay tap P4: count=60 mean_norm=8.2899 max_norm=24.4123
Replay tap positives before filter=2079 after=2069
Current items collected: 623
Replay tap P3: count=581 mean_norm=22.1522 max_norm=40.7065
Replay tap P4: count=42 mean_norm=10.6697 max_norm=19.7485
Replay tap positives before filter=1000 after=1000
Current items collected: 427
Replay tap P3: count=405 mean_norm=21.4360 max_norm=40.2077
Replay tap P4: count=22 mean_norm=8.7620 max_norm=18.5243
Replay tap positives before filter=2076 after=2076
Current items collected: 732
Replay tap P3: count=676 mean_norm=19.7346 max_norm=40.3293
Replay tap P4: count=56 mean_norm=10.6493 max_norm=20.8802
Replay tap positives before filter=1900 after=1900
Current items collected: 550
Replay tap P3: count=530 mean_norm=22.1279 max_norm=38.9120
Replay tap P4: count=20 mean_norm=10.5404 max_norm=18.3815
Replay tap positives before filter=2599 after=2599
Current items collected: 668
Replay tap P3: count=613 mean_norm=19.2328 max_norm=38.3075
Replay tap P4: count=55 mean_norm=7.7568 max_norm=15.0362
Replay tap positives before filter=2644 after=2644
Current items collected: 748
Replay tap P3: count=708 mean_norm=20.0255 max_norm=39.1723
Replay tap P4: count=40 mean_norm=8.8205 max_norm=20.5025
Replay tap positives before filter=4960 after=4960
Current items collected: 946
Replay tap P3: count=865 mean_norm=17.7428 max_norm=34.0055
Replay tap P4: count=81 mean_norm=10.4596 max_norm=18.0277
Replay tap positives before filter=851 after=851
Current items collected: 287
Replay tap P3: count=281 mean_norm=22.1327 max_norm=40.3605
Replay tap P4: count=6 mean_norm=4.9673 max_norm=6.3377
Replay tap positives before filter=2405 after=2385
Current items collected: 443
Replay tap P3: count=424 mean_norm=19.7599 max_norm=34.0139
Replay tap P4: count=19 mean_norm=8.0166 max_norm=12.3913
Replay tap positives before filter=437 after=437
Current items collected: 258
Replay tap P3: count=257 mean_norm=23.4804 max_norm=39.4568
Replay tap P4: count=1 mean_norm=4.6903 max_norm=4.6903
Replay tap positives before filter=1283 after=1283
Current items collected: 544
Replay tap P3: count=527 mean_norm=24.7397 max_norm=39.6500
Replay tap P4: count=17 mean_norm=16.1811 max_norm=25.3795
Replay tap positives before filter=2165 after=2165
Current items collected: 897
Replay tap P3: count=855 mean_norm=18.8994 max_norm=40.4099
Replay tap P4: count=42 mean_norm=12.8931 max_norm=22.6387
Replay tap positives before filter=1632 after=1632
Current items collected: 630
Replay tap P3: count=584 mean_norm=19.1821 max_norm=35.5267
Replay tap P4: count=46 mean_norm=11.7062 max_norm=30.4101
Replay tap positives before filter=3734 after=3734
Current items collected: 817
Replay tap P3: count=790 mean_norm=18.8655 max_norm=32.0899
Replay tap P4: count=27 mean_norm=7.6343 max_norm=12.2891
Replay tap positives before filter=3594 after=3594
Current items collected: 749
Replay tap P3: count=691 mean_norm=19.5042 max_norm=34.3017
Replay tap P4: count=58 mean_norm=10.2100 max_norm=20.5178
Replay tap positives before filter=705 after=705
Current items collected: 433
Replay tap P3: count=430 mean_norm=17.2945 max_norm=37.1486
Replay tap P4: count=3 mean_norm=5.5571 max_norm=5.7063
Replay tap positives before filter=4096 after=4086
Current items collected: 1176
Replay tap P3: count=1034 mean_norm=18.3415 max_norm=32.2406
Replay tap P4: count=142 mean_norm=9.5309 max_norm=15.3485
Replay tap positives before filter=1956 after=1956
Current items collected: 355
Replay tap P3: count=315 mean_norm=17.6241 max_norm=42.1101
Replay tap P4: count=40 mean_norm=6.9216 max_norm=12.3575
Replay tap positives before filter=1944 after=1944
Current items collected: 571
Replay tap P3: count=565 mean_norm=23.0599 max_norm=41.8313
Replay tap P4: count=6 mean_norm=7.3858 max_norm=12.0750
Replay tap positives before filter=4871 after=4871
Current items collected: 1202
Replay tap P3: count=1134 mean_norm=19.0206 max_norm=42.3167
Replay tap P4: count=68 mean_norm=8.8253 max_norm=16.8885
Replay tap positives before filter=1196 after=1196
Current items collected: 402
Replay tap P3: count=378 mean_norm=20.2423 max_norm=36.9004
Replay tap P4: count=24 mean_norm=16.4579 max_norm=21.2150
Replay tap positives before filter=1952 after=1952
Current items collected: 263
Replay tap P3: count=239 mean_norm=19.1371 max_norm=30.9136
Replay tap P4: count=24 mean_norm=10.2295 max_norm=20.7335
Replay tap positives before filter=4004 after=4004
Current items collected: 501
Replay tap P3: count=442 mean_norm=16.5030 max_norm=35.5797
Replay tap P4: count=59 mean_norm=7.4671 max_norm=16.4528
Replay tap positives before filter=1624 after=1614
Current items collected: 429
Replay tap P3: count=380 mean_norm=17.2296 max_norm=43.6494
Replay tap P4: count=49 mean_norm=10.1855 max_norm=20.4452
Replay tap positives before filter=3793 after=3793
Current items collected: 905
Replay tap P3: count=831 mean_norm=17.8667 max_norm=31.7606
Replay tap P4: count=74 mean_norm=10.6466 max_norm=19.0014
Replay tap positives before filter=2298 after=2298
Current items collected: 607
Replay tap P3: count=542 mean_norm=18.7705 max_norm=39.7567
Replay tap P4: count=65 mean_norm=5.3253 max_norm=8.1436
Replay tap positives before filter=4591 after=4591
Current items collected: 864
Replay tap P3: count=762 mean_norm=18.7768 max_norm=30.5068
Replay tap P4: count=102 mean_norm=8.9713 max_norm=14.4165
Replay tap positives before filter=1653 after=1653
Current items collected: 446
Replay tap P3: count=441 mean_norm=20.2608 max_norm=36.3031
Replay tap P4: count=5 mean_norm=5.2180 max_norm=5.6364
Replay tap positives before filter=1103 after=1083
Current items collected: 257
Replay tap P3: count=229 mean_norm=16.2127 max_norm=34.2441
Replay tap P4: count=28 mean_norm=7.2218 max_norm=9.5570
Replay tap positives before filter=2080 after=2080
Current items collected: 686
Replay tap P3: count=675 mean_norm=16.1532 max_norm=33.2399
Replay tap P4: count=11 mean_norm=5.5904 max_norm=12.8390
Replay tap positives before filter=2676 after=2676
Current items collected: 678
Replay tap P3: count=654 mean_norm=18.5553 max_norm=43.4781
Replay tap P4: count=24 mean_norm=7.4566 max_norm=16.1202
Replay tap positives before filter=1320 after=1320
Current items collected: 481
Replay tap P3: count=445 mean_norm=17.0322 max_norm=33.5221
Replay tap P4: count=36 mean_norm=6.2406 max_norm=21.8542
Replay tap positives before filter=8071 after=8071
Current items collected: 2126
Replay tap P3: count=1867 mean_norm=14.5245 max_norm=37.3611
Replay tap P4: count=259 mean_norm=7.8012 max_norm=24.5498
Replay tap positives before filter=2078 after=2078
Current items collected: 598
Replay tap P3: count=579 mean_norm=21.9037 max_norm=37.7549
Replay tap P4: count=19 mean_norm=7.2350 max_norm=14.2874
Replay tap positives before filter=3776 after=3776
Current items collected: 376
Replay tap P3: count=371 mean_norm=20.1501 max_norm=34.5018
Replay tap P4: count=5 mean_norm=6.8751 max_norm=9.5801
Replay tap positives before filter=1662 after=1662
Current items collected: 449
Replay tap P3: count=424 mean_norm=19.3274 max_norm=49.5613
Replay tap P4: count=25 mean_norm=9.6450 max_norm=17.4098
Replay tap positives before filter=3302 after=3292
Current items collected: 917
Replay tap P3: count=839 mean_norm=17.7323 max_norm=41.1146
Replay tap P4: count=78 mean_norm=8.8167 max_norm=23.7620
Replay tap positives before filter=2491 after=2491
Current items collected: 667
Replay tap P3: count=635 mean_norm=20.4518 max_norm=44.7455
Replay tap P4: count=32 mean_norm=13.1958 max_norm=19.5379
Replay tap positives before filter=1113 after=1103
Current items collected: 411
Replay tap P3: count=385 mean_norm=15.8234 max_norm=41.5810
Replay tap P4: count=26 mean_norm=6.6387 max_norm=13.6817
Replay tap positives before filter=1398 after=1398
Current items collected: 572
Replay tap P3: count=520 mean_norm=16.9196 max_norm=40.7678
Replay tap P4: count=52 mean_norm=6.0460 max_norm=13.4781
Replay tap positives before filter=934 after=934
Current items collected: 293
Replay tap P3: count=271 mean_norm=19.1303 max_norm=35.5640
Replay tap P4: count=22 mean_norm=7.2654 max_norm=12.0450
Replay tap positives before filter=1425 after=1425
Current items collected: 363
Replay tap P3: count=343 mean_norm=21.2777 max_norm=42.6645
Replay tap P4: count=20 mean_norm=6.6803 max_norm=12.9467
Replay tap positives before filter=5552 after=5552
Current items collected: 1047
Replay tap P3: count=956 mean_norm=19.3208 max_norm=32.2859
Replay tap P4: count=91 mean_norm=10.5253 max_norm=15.1618
Replay tap positives before filter=5677 after=5677
Current items collected: 879
Replay tap P3: count=795 mean_norm=18.2241 max_norm=31.7552
Replay tap P4: count=84 mean_norm=10.8281 max_norm=31.5568
Replay tap positives before filter=2307 after=2307
Current items collected: 616
Replay tap P3: count=545 mean_norm=17.5590 max_norm=44.2735
Replay tap P4: count=71 mean_norm=6.5589 max_norm=14.8021
Replay tap positives before filter=1677 after=1677
Current items collected: 273
Replay tap P3: count=266 mean_norm=19.4349 max_norm=34.7307
Replay tap P4: count=7 mean_norm=7.2020 max_norm=13.5121
Replay tap positives before filter=3538 after=3538
Current items collected: 938
Replay tap P3: count=880 mean_norm=16.9227 max_norm=30.0775
Replay tap P4: count=58 mean_norm=11.5555 max_norm=19.2948
Replay tap positives before filter=2329 after=2329
Current items collected: 614
Replay tap P3: count=546 mean_norm=17.3011 max_norm=35.6200
Replay tap P4: count=68 mean_norm=11.3763 max_norm=30.7824
Replay tap positives before filter=2016 after=2016
Current items collected: 530
Replay tap P3: count=515 mean_norm=19.5866 max_norm=38.3955
Replay tap P4: count=15 mean_norm=7.2542 max_norm=14.9849
Replay tap positives before filter=4330 after=4330
Current items collected: 487
Replay tap P3: count=433 mean_norm=17.1368 max_norm=35.2821
Replay tap P4: count=54 mean_norm=7.8236 max_norm=13.6431
Replay tap positives before filter=3514 after=3514
Current items collected: 827
Replay tap P3: count=739 mean_norm=17.6435 max_norm=40.4070
Replay tap P4: count=88 mean_norm=9.4111 max_norm=21.3650
Replay tap positives before filter=953 after=953
Current items collected: 189
Replay tap P3: count=184 mean_norm=27.4057 max_norm=43.4265
Replay tap P4: count=5 mean_norm=5.3451 max_norm=6.2746
Replay tap positives before filter=3346 after=3346
Current items collected: 594
Replay tap P3: count=566 mean_norm=19.5018 max_norm=32.9974
Replay tap P4: count=28 mean_norm=5.9721 max_norm=12.5324
Replay tap positives before filter=938 after=938
Current items collected: 413
Replay tap P3: count=405 mean_norm=22.7847 max_norm=39.7162
Replay tap P4: count=8 mean_norm=8.0536 max_norm=12.2410
Replay tap positives before filter=3018 after=3008
Current items collected: 845
Replay tap P3: count=822 mean_norm=17.3506 max_norm=36.4076
Replay tap P4: count=23 mean_norm=10.4353 max_norm=18.2445
Replay tap positives before filter=1228 after=1228
Current items collected: 414
Replay tap P3: count=396 mean_norm=21.5851 max_norm=38.8592
Replay tap P4: count=18 mean_norm=10.0781 max_norm=19.4947
Replay tap positives before filter=2076 after=2066
Current items collected: 427
Replay tap P3: count=396 mean_norm=21.5496 max_norm=42.2074
Replay tap P4: count=31 mean_norm=7.9242 max_norm=16.3337
Replay tap positives before filter=1396 after=1396
Current items collected: 351
Replay tap P3: count=346 mean_norm=19.2120 max_norm=37.3758
Replay tap P4: count=5 mean_norm=5.7972 max_norm=7.1047
Replay tap positives before filter=1245 after=1245
Current items collected: 290
Replay tap P3: count=279 mean_norm=20.5161 max_norm=36.2798
Replay tap P4: count=11 mean_norm=5.7641 max_norm=13.6007
Replay tap positives before filter=5198 after=5198
Current items collected: 1069
Replay tap P3: count=986 mean_norm=16.7807 max_norm=37.5037
Replay tap P4: count=83 mean_norm=7.4086 max_norm=22.4065
Replay tap positives before filter=893 after=893
Current items collected: 325
Replay tap P3: count=322 mean_norm=24.0172 max_norm=39.1161
Replay tap P4: count=3 mean_norm=6.2232 max_norm=6.7592
Replay tap positives before filter=969 after=969
Current items collected: 523
Replay tap P3: count=509 mean_norm=19.9787 max_norm=42.9146
Replay tap P4: count=14 mean_norm=6.2559 max_norm=9.1275
Replay tap positives before filter=3979 after=3979
Current items collected: 909
Replay tap P3: count=871 mean_norm=18.9984 max_norm=34.4253
Replay tap P4: count=38 mean_norm=5.2240 max_norm=13.0624
Replay tap positives before filter=2110 after=2100
Current items collected: 606
Replay tap P3: count=557 mean_norm=18.9865 max_norm=35.4481
Replay tap P4: count=49 mean_norm=11.8974 max_norm=22.8793
Replay tap positives before filter=1079 after=1079
Current items collected: 397
Replay tap P3: count=396 mean_norm=22.1212 max_norm=39.9853
Replay tap P4: count=1 mean_norm=4.8573 max_norm=4.8573
Replay tap positives before filter=2141 after=2141
Current items collected: 608
Replay tap P3: count=557 mean_norm=19.4464 max_norm=35.2883
Replay tap P4: count=51 mean_norm=10.4870 max_norm=20.7603
Replay tap positives before filter=3265 after=3265
Current items collected: 589
Replay tap P3: count=527 mean_norm=21.8798 max_norm=35.5609
Replay tap P4: count=62 mean_norm=11.7843 max_norm=18.1734
Replay tap positives before filter=2368 after=2368
Current items collected: 596
Replay tap P3: count=550 mean_norm=20.7121 max_norm=37.4265
Replay tap P4: count=46 mean_norm=7.0861 max_norm=16.5163
Replay tap positives before filter=1523 after=1523
Current items collected: 383
Replay tap P3: count=340 mean_norm=19.6811 max_norm=41.4804
Replay tap P4: count=43 mean_norm=7.4874 max_norm=13.3396
Replay tap positives before filter=1346 after=1346
Current items collected: 485
Replay tap P3: count=459 mean_norm=21.3594 max_norm=39.4031
Replay tap P4: count=26 mean_norm=8.8715 max_norm=18.3473
Replay tap positives before filter=2184 after=2184
Current items collected: 642
Replay tap P3: count=610 mean_norm=20.5022 max_norm=40.5387
Replay tap P4: count=32 mean_norm=5.3561 max_norm=9.0066
Replay tap positives before filter=3046 after=3046
Current items collected: 910
Replay tap P3: count=844 mean_norm=19.8990 max_norm=40.4830
Replay tap P4: count=66 mean_norm=9.9127 max_norm=24.8668
Replay tap positives before filter=1092 after=1092
Current items collected: 324
Replay tap P3: count=312 mean_norm=22.3076 max_norm=35.5967
Replay tap P4: count=12 mean_norm=8.8136 max_norm=15.2702
Replay tap positives before filter=2226 after=2226
Current items collected: 594
Replay tap P3: count=552 mean_norm=18.7726 max_norm=33.5722
Replay tap P4: count=42 mean_norm=6.2207 max_norm=12.9108
Replay tap positives before filter=3835 after=3835
Current items collected: 1033
Replay tap P3: count=1002 mean_norm=19.8487 max_norm=35.4018
Replay tap P4: count=31 mean_norm=5.8439 max_norm=8.7155
Replay tap positives before filter=1256 after=1246
Current items collected: 291
Replay tap P3: count=267 mean_norm=20.1288 max_norm=37.2776
Replay tap P4: count=24 mean_norm=6.7860 max_norm=10.5018
Replay tap positives before filter=1693 after=1693
Current items collected: 389
Replay tap P3: count=374 mean_norm=20.6216 max_norm=36.5137
Replay tap P4: count=15 mean_norm=5.6085 max_norm=6.1920
Replay tap positives before filter=2206 after=2206
Current items collected: 610
Replay tap P3: count=587 mean_norm=21.4666 max_norm=43.2920
Replay tap P4: count=23 mean_norm=7.4176 max_norm=20.0280
Replay tap positives before filter=1605 after=1605
Current items collected: 485
Replay tap P3: count=472 mean_norm=17.6452 max_norm=41.2043
Replay tap P4: count=13 mean_norm=7.0351 max_norm=13.1427
Replay tap positives before filter=3594 after=3594
Current items collected: 824
Replay tap P3: count=772 mean_norm=19.2817 max_norm=36.3020
Replay tap P4: count=52 mean_norm=10.7839 max_norm=17.8457
Replay tap positives before filter=1499 after=1499
Current items collected: 546
Replay tap P3: count=528 mean_norm=20.5415 max_norm=41.9167
Replay tap P4: count=18 mean_norm=6.9578 max_norm=12.0092
Replay tap positives before filter=1885 after=1885
Current items collected: 423
Replay tap P3: count=402 mean_norm=21.3070 max_norm=38.7721
Replay tap P4: count=21 mean_norm=6.9174 max_norm=15.7367
Replay tap positives before filter=1903 after=1903
Current items collected: 564
Replay tap P3: count=525 mean_norm=22.5978 max_norm=37.8706
Replay tap P4: count=39 mean_norm=14.3557 max_norm=23.7713
Replay tap positives before filter=1689 after=1689
Current items collected: 525
Replay tap P3: count=507 mean_norm=18.3662 max_norm=38.2015
Replay tap P4: count=18 mean_norm=5.3401 max_norm=6.3051
Replay tap positives before filter=3120 after=3120
Current items collected: 852
Replay tap P3: count=782 mean_norm=17.2689 max_norm=38.6115
Replay tap P4: count=70 mean_norm=7.5955 max_norm=20.7042
Replay tap positives before filter=1607 after=1607
Current items collected: 535
Replay tap P3: count=531 mean_norm=20.0416 max_norm=35.7154
Replay tap P4: count=4 mean_norm=11.1861 max_norm=15.1528
Replay tap positives before filter=1333 after=1333
Current items collected: 284
Replay tap P3: count=276 mean_norm=14.6574 max_norm=33.7428
Replay tap P4: count=8 mean_norm=4.6925 max_norm=5.3837
Replay tap positives before filter=1365 after=1365
Current items collected: 416
Replay tap P3: count=388 mean_norm=21.2370 max_norm=39.5581
Replay tap P4: count=28 mean_norm=12.5093 max_norm=22.9572
Replay tap positives before filter=1239 after=1239
Current items collected: 278
Replay tap P3: count=270 mean_norm=19.1685 max_norm=44.6773
Replay tap P4: count=8 mean_norm=5.5471 max_norm=8.4045
Replay tap positives before filter=1296 after=1296
Current items collected: 271
Replay tap P3: count=266 mean_norm=21.1468 max_norm=40.6270
Replay tap P4: count=5 mean_norm=5.8693 max_norm=7.8856
Replay tap positives before filter=1388 after=1388
Current items collected: 230
Replay tap P3: count=228 mean_norm=23.5980 max_norm=48.9030
Replay tap P4: count=2 mean_norm=13.6784 max_norm=14.6086
Replay tap positives before filter=2520 after=2520
Current items collected: 691
Replay tap P3: count=642 mean_norm=20.3333 max_norm=35.8520
Replay tap P4: count=49 mean_norm=8.0774 max_norm=19.0419
Replay tap positives before filter=2386 after=2386
Current items collected: 435
Replay tap P3: count=400 mean_norm=21.7638 max_norm=37.2586
Replay tap P4: count=35 mean_norm=5.3959 max_norm=7.1037
Replay tap positives before filter=2280 after=2280
Current items collected: 796
Replay tap P3: count=746 mean_norm=21.1274 max_norm=40.2928
Replay tap P4: count=50 mean_norm=7.0816 max_norm=11.4483
Replay tap positives before filter=3285 after=3285
Current items collected: 730
Replay tap P3: count=686 mean_norm=20.9940 max_norm=43.1969
Replay tap P4: count=44 mean_norm=6.7783 max_norm=17.0178
Replay tap positives before filter=1442 after=1432
Current items collected: 461
Replay tap P3: count=448 mean_norm=21.1614 max_norm=41.5856
Replay tap P4: count=13 mean_norm=5.8991 max_norm=8.6414
Replay tap positives before filter=2271 after=2271
Current items collected: 536
Replay tap P3: count=519 mean_norm=21.5740 max_norm=47.3891
Replay tap P4: count=17 mean_norm=12.1867 max_norm=26.1755
Replay tap positives before filter=1730 after=1730
Current items collected: 431
Replay tap P3: count=412 mean_norm=22.4577 max_norm=40.5297
Replay tap P4: count=19 mean_norm=6.0075 max_norm=9.7669
Replay tap positives before filter=2000 after=2000
Current items collected: 309
Replay tap P3: count=275 mean_norm=23.2674 max_norm=39.9724
Replay tap P4: count=34 mean_norm=13.4654 max_norm=20.8133
Replay tap positives before filter=976 after=976
Current items collected: 393
Replay tap P3: count=379 mean_norm=20.1622 max_norm=34.3229
Replay tap P4: count=14 mean_norm=9.6135 max_norm=16.0913
Replay tap positives before filter=5239 after=5239
Current items collected: 1341
Replay tap P3: count=1172 mean_norm=16.6841 max_norm=50.5661
Replay tap P4: count=169 mean_norm=6.8611 max_norm=11.3609
Replay tap positives before filter=1376 after=1376
Current items collected: 428
Replay tap P3: count=404 mean_norm=24.0084 max_norm=40.1767
Replay tap P4: count=24 mean_norm=6.7129 max_norm=11.0465
Replay tap positives before filter=5817 after=5809
Current items collected: 1191
Replay tap P3: count=1135 mean_norm=17.6799 max_norm=52.6487
Replay tap P4: count=56 mean_norm=7.3989 max_norm=11.6429
Replay tap positives before filter=1426 after=1426
Current items collected: 452
Replay tap P3: count=450 mean_norm=21.9048 max_norm=33.1906
Replay tap P4: count=2 mean_norm=5.5434 max_norm=6.0076
Replay tap positives before filter=864 after=864
Current items collected: 293
Replay tap P3: count=291 mean_norm=21.5058 max_norm=41.2685
Replay tap P4: count=2 mean_norm=6.1991 max_norm=6.5602
Replay tap positives before filter=2982 after=2982
Current items collected: 645
Replay tap P3: count=635 mean_norm=22.2133 max_norm=38.6462
Replay tap P4: count=10 mean_norm=5.4020 max_norm=6.9235
Replay tap positives before filter=2202 after=2202
Current items collected: 407
Replay tap P3: count=348 mean_norm=18.7892 max_norm=38.4745
Replay tap P4: count=59 mean_norm=12.7787 max_norm=17.7499
Replay tap positives before filter=2454 after=2454
Current items collected: 712
Replay tap P3: count=673 mean_norm=17.7547 max_norm=35.7402
Replay tap P4: count=39 mean_norm=11.7581 max_norm=22.7610
Replay tap positives before filter=1293 after=1293
Current items collected: 327
Replay tap P3: count=305 mean_norm=18.3745 max_norm=36.6851
Replay tap P4: count=22 mean_norm=6.5753 max_norm=10.2676
Replay tap positives before filter=1612 after=1612
Current items collected: 501
Replay tap P3: count=496 mean_norm=20.6742 max_norm=34.7316
Replay tap P4: count=5 mean_norm=6.4967 max_norm=9.0575
Replay tap positives before filter=1878 after=1878
Current items collected: 388
Replay tap P3: count=342 mean_norm=15.3848 max_norm=34.3302
Replay tap P4: count=46 mean_norm=5.8652 max_norm=9.1750
Replay tap positives before filter=2082 after=2082
Current items collected: 493
Replay tap P3: count=478 mean_norm=23.3443 max_norm=38.2253
Replay tap P4: count=15 mean_norm=14.9322 max_norm=24.8277
Replay tap positives before filter=2104 after=2104
Current items collected: 626
Replay tap P3: count=596 mean_norm=18.6467 max_norm=41.6493
Replay tap P4: count=30 mean_norm=8.3189 max_norm=18.8220
Replay tap positives before filter=1021 after=1021
Current items collected: 246
Replay tap P3: count=246 mean_norm=19.1863 max_norm=48.3498
Replay tap positives before filter=1864 after=1864
Current items collected: 534
Replay tap P3: count=502 mean_norm=23.5679 max_norm=38.1379
Replay tap P4: count=32 mean_norm=14.0154 max_norm=27.0983
Replay tap positives before filter=1269 after=1269
Current items collected: 382
Replay tap P3: count=374 mean_norm=22.2472 max_norm=40.2953
Replay tap P4: count=8 mean_norm=6.0546 max_norm=13.5431
Replay tap positives before filter=3150 after=3150
Current items collected: 749
Replay tap P3: count=698 mean_norm=19.4465 max_norm=40.3850
Replay tap P4: count=51 mean_norm=6.1957 max_norm=9.9325
Replay tap positives before filter=1186 after=1186
Current items collected: 297
Replay tap P3: count=292 mean_norm=19.8888 max_norm=38.2314
Replay tap P4: count=5 mean_norm=5.3754 max_norm=5.9933
Replay tap positives before filter=3817 after=3817
Current items collected: 628
Replay tap P3: count=605 mean_norm=20.2388 max_norm=47.7943
Replay tap P4: count=23 mean_norm=5.6953 max_norm=9.1116
Replay tap positives before filter=3165 after=3165
Current items collected: 677
Replay tap P3: count=635 mean_norm=20.7373 max_norm=39.3677
Replay tap P4: count=42 mean_norm=5.6757 max_norm=7.7021
Replay tap positives before filter=1517 after=1517
Current items collected: 397
Replay tap P3: count=371 mean_norm=20.4077 max_norm=44.1977
Replay tap P4: count=26 mean_norm=6.5532 max_norm=11.4145
Replay tap positives before filter=2490 after=2490
Current items collected: 394
Replay tap P3: count=366 mean_norm=20.4919 max_norm=33.9635
Replay tap P4: count=28 mean_norm=5.6357 max_norm=13.5334
Replay tap positives before filter=477 after=477
Current items collected: 260
Replay tap P3: count=247 mean_norm=19.2837 max_norm=39.9692
Replay tap P4: count=13 mean_norm=8.7826 max_norm=17.6488
Replay tap positives before filter=2526 after=2526
Current items collected: 578
Replay tap P3: count=546 mean_norm=19.0275 max_norm=45.9698
Replay tap P4: count=32 mean_norm=6.9899 max_norm=15.6549
Replay tap positives before filter=2464 after=2464
Current items collected: 466
Replay tap P3: count=406 mean_norm=17.1718 max_norm=34.7882
Replay tap P4: count=60 mean_norm=8.7790 max_norm=22.5504
Replay tap positives before filter=2468 after=2468
Current items collected: 557
Replay tap P3: count=521 mean_norm=22.1259 max_norm=35.5558
Replay tap P4: count=36 mean_norm=7.4675 max_norm=18.7659
Replay tap positives before filter=4011 after=4011
Current items collected: 940
Replay tap P3: count=841 mean_norm=18.7518 max_norm=30.1931
Replay tap P4: count=99 mean_norm=6.5981 max_norm=14.9719
Replay tap positives before filter=1696 after=1686
Current items collected: 285
Replay tap P3: count=254 mean_norm=21.0513 max_norm=35.1450
Replay tap P4: count=31 mean_norm=13.8315 max_norm=22.9157
Replay tap positives before filter=2394 after=2394
Current items collected: 801
Replay tap P3: count=752 mean_norm=19.1288 max_norm=55.9735
Replay tap P4: count=49 mean_norm=5.6705 max_norm=14.6789
Replay tap positives before filter=1191 after=1191
Current items collected: 160
Replay tap P3: count=150 mean_norm=17.4407 max_norm=35.4074
Replay tap P4: count=10 mean_norm=5.7813 max_norm=8.3257
Replay tap positives before filter=3324 after=3324
Current items collected: 730
Replay tap P3: count=681 mean_norm=19.8109 max_norm=35.4616
Replay tap P4: count=49 mean_norm=6.0048 max_norm=8.8648
Replay tap positives before filter=1792 after=1792
Current items collected: 317
Replay tap P3: count=293 mean_norm=20.7145 max_norm=42.9458
Replay tap P4: count=24 mean_norm=6.9481 max_norm=19.7218
Replay tap positives before filter=2358 after=2358
Current items collected: 525
Replay tap P3: count=501 mean_norm=19.4330 max_norm=40.5773
Replay tap P4: count=24 mean_norm=7.7577 max_norm=18.2378
Replay tap positives before filter=1587 after=1587
Current items collected: 387
Replay tap P3: count=358 mean_norm=22.9535 max_norm=43.1698
Replay tap P4: count=29 mean_norm=7.2329 max_norm=12.1046
Replay tap positives before filter=1937 after=1937
Current items collected: 290
Replay tap P3: count=277 mean_norm=20.8162 max_norm=33.4790
Replay tap P4: count=13 mean_norm=5.4583 max_norm=6.5927
Replay tap positives before filter=872 after=872
Current items collected: 152
Replay tap P3: count=131 mean_norm=19.6316 max_norm=36.6384
Replay tap P4: count=21 mean_norm=8.1315 max_norm=14.1750
Replay tap positives before filter=1161 after=1161
Current items collected: 584
Replay tap P3: count=579 mean_norm=21.6238 max_norm=44.1336
Replay tap P4: count=5 mean_norm=5.0264 max_norm=5.4585
Replay tap positives before filter=2818 after=2818
Current items collected: 543
Replay tap P3: count=488 mean_norm=22.5880 max_norm=49.2795
Replay tap P4: count=55 mean_norm=5.4187 max_norm=6.5142
Replay tap positives before filter=1276 after=1276
Current items collected: 202
Replay tap P3: count=185 mean_norm=23.9128 max_norm=45.0146
Replay tap P4: count=17 mean_norm=7.7995 max_norm=12.4175
Replay tap positives before filter=2464 after=2464
Current items collected: 487
Replay tap P3: count=465 mean_norm=19.0184 max_norm=42.8253
Replay tap P4: count=22 mean_norm=5.8033 max_norm=7.3544
Replay tap positives before filter=2727 after=2727
Current items collected: 519
Replay tap P3: count=474 mean_norm=14.9195 max_norm=33.6260
Replay tap P4: count=45 mean_norm=5.2056 max_norm=8.2032
Replay tap positives before filter=2845 after=2845
Current items collected: 620
Replay tap P3: count=587 mean_norm=21.4880 max_norm=40.6713
Replay tap P4: count=33 mean_norm=7.3130 max_norm=14.3521
Replay tap positives before filter=1315 after=1315
Current items collected: 372
Replay tap P3: count=336 mean_norm=21.8235 max_norm=36.0909
Replay tap P4: count=36 mean_norm=14.2563 max_norm=24.6553
Replay tap positives before filter=1274 after=1274
Current items collected: 346
Replay tap P3: count=335 mean_norm=20.0353 max_norm=44.1470
Replay tap P4: count=11 mean_norm=16.0144 max_norm=23.7478
Replay tap positives before filter=2576 after=2576
Current items collected: 499
Replay tap P3: count=444 mean_norm=18.5870 max_norm=50.0355
Replay tap P4: count=55 mean_norm=6.1104 max_norm=8.4844
