10 0.543969 0.370256 0.002358 0.001391
10 0.235259 0.058414 0.004212 0.002782
10 0.278386 0.109378 0.003201 0.004570
9 0.251179 0.114941 0.004717 0.004172
10 0.229111 0.067554 0.004043 0.003576
10 0.235007 0.077389 0.004380 0.003378
10 0.244020 0.075601 0.004212 0.003378
10 0.260613 0.091397 0.003706 0.003576
10 0.283440 0.078383 0.005222 0.003775
10 0.258844 0.053149 0.004212 0.002980
10 0.259939 0.115438 0.003032 0.003974
10 0.229111 0.026326 0.003706 0.003378
10 0.246378 0.036261 0.003875 0.003378
10 0.275101 0.043215 0.002695 0.001788
10 0.278555 0.046791 0.004549 0.002583
10 0.287652 0.046692 0.004549 0.001987
10 0.300455 0.045400 0.004212 0.002980
10 0.302224 0.039936 0.003706 0.002782
10 0.262382 0.120207 0.002864 0.003974
10 0.256149 0.116928 0.003538 0.003775
10 0.549697 0.381482 0.003369 0.004371
10 0.219929 0.131234 0.003538 0.004172
10 0.257160 0.143950 0.003201 0.004570
10 0.258760 0.142460 0.003706 0.004769
10 0.239976 0.154580 0.002864 0.003576
10 0.221361 0.135208 0.003369 0.004172
10 0.233912 0.125869 0.003538 0.004172
10 0.216728 0.139181 0.003201 0.004570
10 0.217318 0.134214 0.003706 0.003775
10 0.221277 0.129644 0.003538 0.004570
10 0.249242 0.103616 0.004212 0.004172
10 0.222877 0.128353 0.004043 0.004371
10 0.223888 0.126465 0.003706 0.004570
10 0.225067 0.124677 0.003706 0.004172
10 0.226499 0.123187 0.003875 0.004769
10 0.228605 0.120505 0.003706 0.005365
10 0.230542 0.118418 0.002190 0.003974
10 0.246125 0.105504 0.003706 0.004371
10 0.245620 0.029307 0.003706 0.003775
10 0.312753 0.107590 0.002527 0.004570
10 0.321597 0.126664 0.002358 0.004570
10 0.413157 0.483807 0.003538 0.002782
10 0.389488 0.490165 0.004043 0.001987
10 0.388056 0.493940 0.003875 0.002384
10 0.388898 0.502285 0.003875 0.002384
10 0.397574 0.491655 0.003706 0.002186
10 0.406334 0.493344 0.003706 0.001987
10 0.413831 0.492649 0.003201 0.002186
10 0.410630 0.487880 0.003538 0.002583
10 0.415768 0.500099 0.003706 0.002384
10 0.303150 0.095768 0.003875 0.003974
10 0.406755 0.502782 0.003538 0.001788
10 0.448282 0.477051 0.004043 0.003974
10 0.461001 0.461752 0.003201 0.003179
10 0.482985 0.515597 0.004717 0.004371
10 0.487449 0.512815 0.003538 0.003576
10 0.493935 0.517485 0.003032 0.004570
10 0.499410 0.429962 0.003201 0.003576
10 0.368261 0.502980 0.003706 0.002186
10 0.371294 0.497914 0.003706 0.002384
10 0.361944 0.495033 0.004212 0.003378
10 0.375674 0.486589 0.003706 0.001987
10 0.317217 0.095669 0.002022 0.004172
10 0.321681 0.085734 0.002864 0.004570
10 0.325219 0.083052 0.002527 0.004769
10 0.334232 0.062289 0.003032 0.004967
10 0.325893 0.032287 0.003538 0.003378
10 0.331452 0.028512 0.003875 0.004172
10 0.339033 0.021359 0.004212 0.004967
10 0.336338 0.017584 0.003538 0.003775
10 0.226752 0.012517 0.003706 0.003179
10 0.356469 0.087522 0.003369 0.005762
10 0.301971 0.207034 0.001853 0.004769
10 0.338106 0.473674 0.004043 0.003576
10 0.349983 0.479833 0.003875 0.003179
10 0.349309 0.482913 0.003538 0.002980
10 0.363544 0.487085 0.003369 0.002186
10 0.255812 0.145440 0.004212 0.005166
10 0.254801 0.147228 0.003538 0.004371
10 0.253454 0.148818 0.003538 0.004371
10 0.260361 0.278860 0.001516 0.003775
10 0.257244 0.326346 0.001685 0.004172
10 0.272321 0.323068 0.001853 0.004371
10 0.276533 0.324359 0.002190 0.005365
10 0.271058 0.307769 0.001685 0.004371
10 0.258170 0.299126 0.001853 0.004172
10 0.284451 0.305583 0.003875 0.002782
10 0.274596 0.283330 0.001685 0.004371
10 0.272321 0.272303 0.001516 0.003378
10 0.279902 0.228989 0.001853 0.004570
10 0.269710 0.267435 0.001348 0.003974
10 0.272321 0.259885 0.001853 0.004371
10 0.267352 0.261077 0.001685 0.004769
10 0.257834 0.249553 0.001853 0.003974
10 0.263898 0.240314 0.001853 0.005762
10 0.271142 0.247467 0.002190 0.004570
10 0.278386 0.239619 0.001853 0.004371
10 0.317049 0.475263 0.003706 0.003974
10 0.326398 0.461852 0.003538 0.003775
10 0.318144 0.454103 0.003201 0.003775
10 0.264067 0.452116 0.002527 0.004172
10 0.279313 0.406418 0.003032 0.004172
10 0.273248 0.394099 0.002695 0.004172
10 0.286978 0.395788 0.002527 0.004769
10 0.270300 0.385257 0.003201 0.005166
10 0.281587 0.382178 0.002190 0.004172
10 0.278386 0.367177 0.002527 0.005563
10 0.261371 0.355255 0.002190 0.004371
10 0.275522 0.359328 0.001853 0.004967
10 0.291105 0.363302 0.002358 0.004967
10 0.296159 0.362905 0.002022 0.004570
10 0.297928 0.361415 0.002190 0.004371
10 0.276533 0.336082 0.001853 0.004570
10 0.300034 0.370852 0.002022 0.004172
10 0.308457 0.446453 0.002695 0.003974
10 0.324798 0.427379 0.003706 0.004769
10 0.273838 0.236042 0.002190 0.004371
10 0.294390 0.254123 0.001853 0.004371
10 0.252190 0.150507 0.003706 0.004570
10 0.256149 0.151997 0.003875 0.004769
10 0.264404 0.157957 0.003538 0.003974
10 0.265414 0.156567 0.003875 0.003974
10 0.261119 0.154679 0.003032 0.004172
10 0.256402 0.159050 0.003369 0.004172
10 0.252527 0.157163 0.003706 0.004371
10 0.253790 0.155673 0.003538 0.004172
10 0.254801 0.153586 0.003875 0.004371
10 0.257412 0.150308 0.003706 0.004172
10 0.275606 0.219750 0.002022 0.004769
10 0.258507 0.148619 0.002864 0.003576
10 0.259855 0.147328 0.003538 0.004172
10 0.262887 0.144149 0.003538 0.004172
10 0.262803 0.140175 0.003706 0.003775
10 0.265751 0.136598 0.002864 0.004172
10 0.249579 0.153686 0.003538 0.004967
10 0.250927 0.152593 0.002864 0.003974
10 0.264825 0.161534 0.003369 0.004371
10 0.263730 0.163024 0.003538 0.003775
10 0.262214 0.164614 0.003538 0.003775
10 0.263982 0.170674 0.003706 0.003974
10 0.275606 0.206338 0.001685 0.004967
10 0.280323 0.194218 0.002022 0.004967
10 0.282008 0.180509 0.001685 0.004967
10 0.280492 0.174548 0.002022 0.004967
10 0.279818 0.162627 0.002022 0.004967
10 0.283861 0.140374 0.001685 0.004967
10 0.282261 0.129048 0.002527 0.003775
10 0.278976 0.127161 0.002022 0.004371
10 0.235259 0.170276 0.002864 0.004769
10 0.230290 0.160540 0.002695 0.003576
10 0.215465 0.144248 0.004043 0.003576
10 0.252611 0.164017 0.003875 0.003378
10 0.260276 0.169879 0.003369 0.003576
10 0.262129 0.173952 0.003706 0.003775
10 0.263393 0.172362 0.003538 0.003775
10 0.533356 0.439003 0.004043 0.003775
10 0.533608 0.397973 0.003538 0.004371
10 0.462770 0.250447 0.003706 0.004570
10 0.419811 0.193920 0.003032 0.004371
10 0.411220 0.183390 0.003706 0.005166
10 0.419727 0.187860 0.003538 0.004172
10 0.418295 0.190244 0.003369 0.004570
10 0.416358 0.191138 0.003538 0.005166
10 0.414757 0.192629 0.003706 0.004570
10 0.422759 0.191238 0.003201 0.004172
10 0.421327 0.192728 0.003032 0.004371
10 0.413999 0.199483 0.003538 0.005166
10 0.404734 0.188258 0.003201 0.004570
10 0.413073 0.194119 0.003032 0.004371
10 0.409788 0.196900 0.003538 0.004769
10 0.408608 0.198589 0.003201 0.004172
10 0.406755 0.199980 0.003201 0.005365
10 0.401112 0.203755 0.003032 0.004570
10 0.402375 0.207928 0.003538 0.004967
10 0.409030 0.203060 0.003369 0.004769
10 0.408103 0.186171 0.003538 0.004769
10 0.403049 0.189549 0.003201 0.004371
10 0.560057 0.370852 0.004212 0.004967
10 0.384771 0.197099 0.002695 0.004371
10 0.373147 0.142956 0.003706 0.002980
10 0.371715 0.149613 0.003875 0.001987
10 0.371546 0.151798 0.004212 0.001987
10 0.371462 0.158752 0.004717 0.002384
10 0.371210 0.163421 0.004212 0.002186
10 0.358069 0.175144 0.003538 0.002583
10 0.373063 0.180012 0.003875 0.002782
10 0.371462 0.211901 0.003369 0.004570
10 0.401701 0.190840 0.003201 0.004967
10 0.389488 0.197198 0.002022 0.004172
10 0.391257 0.196602 0.002190 0.004172
10 0.393026 0.196106 0.002695 0.004769
10 0.394879 0.195212 0.003032 0.004967
10 0.396816 0.194119 0.003201 0.004769
10 0.398501 0.192728 0.003201 0.004769
10 0.400185 0.191635 0.003201 0.004967
10 0.410546 0.201768 0.003032 0.004172
10 0.384687 0.215677 0.001853 0.004570
10 0.388814 0.215577 0.002022 0.004371
10 0.444070 0.269919 0.003032 0.004172
10 0.433794 0.278263 0.003032 0.004967
10 0.435310 0.277270 0.003032 0.004967
10 0.436742 0.276177 0.003201 0.004371
10 0.438174 0.274389 0.003369 0.005166
10 0.439774 0.273296 0.002864 0.004967
10 0.441038 0.272203 0.003032 0.004371
10 0.442638 0.270912 0.002864 0.004172
10 0.445502 0.268925 0.003201 0.004570
9 0.354953 0.214981 0.006065 0.005961
10 0.446765 0.267336 0.003369 0.004172
10 0.448366 0.266342 0.003201 0.004570
10 0.449461 0.264852 0.003706 0.005166
10 0.450893 0.263362 0.003875 0.004967
10 0.453336 0.260580 0.004380 0.005365
10 0.458979 0.255116 0.003875 0.004769
10 0.459569 0.253129 0.003369 0.004371
10 0.432362 0.279257 0.002864 0.004570
10 0.430930 0.280449 0.003369 0.004967
10 0.429245 0.281045 0.003032 0.004967
10 0.427813 0.282337 0.003201 0.004769
10 0.404565 0.219452 0.002864 0.004570
10 0.418632 0.208524 0.003369 0.004570
10 0.428487 0.204649 0.003201 0.004371
10 0.429582 0.197894 0.003706 0.003974
10 0.431098 0.196702 0.003369 0.004371
10 0.435647 0.197596 0.003706 0.004172
10 0.440701 0.206537 0.004043 0.005365
10 0.469761 0.191238 0.003538 0.004570
10 0.451904 0.212398 0.004212 0.004371
10 0.432109 0.238128 0.004380 0.004570
10 0.407429 0.250745 0.003538 0.003576
10 0.421327 0.285913 0.002695 0.004371
10 0.422928 0.284920 0.002864 0.004371
10 0.425118 0.284920 0.003201 0.004769
10 0.426129 0.283131 0.002864 0.004371
10 0.373484 0.138287 0.003706 0.002782
10 0.373821 0.136102 0.004043 0.003179
10 0.374242 0.133618 0.003538 0.002980
10 0.608238 0.266640 0.002864 0.004371
10 0.601162 0.275681 0.003201 0.004570
10 0.604111 0.274091 0.003032 0.004570
10 0.604279 0.270713 0.003706 0.004172
10 0.602679 0.266441 0.003201 0.005166
10 0.607227 0.257898 0.002864 0.004371
10 0.609417 0.259487 0.002864 0.004371
10 0.607059 0.263064 0.003201 0.004371
10 0.610259 0.262170 0.003201 0.004967
10 0.334990 0.145142 0.003538 0.002583
10 0.627358 0.266640 0.003032 0.004769
10 0.623989 0.275879 0.002695 0.004967
10 0.609249 0.291874 0.003201 0.004371
10 0.337096 0.130836 0.003369 0.002186
10 0.336001 0.136499 0.003875 0.002384
10 0.335580 0.138784 0.003369 0.002186
10 0.335411 0.140870 0.003369 0.002384
10 0.601668 0.278860 0.003201 0.004967
10 0.598046 0.285118 0.003032 0.004371
10 0.595350 0.289489 0.003369 0.004371
10 0.590549 0.284025 0.002864 0.004172
10 0.563342 0.380687 0.003032 0.004371
10 0.558036 0.389330 0.003201 0.004172
10 0.555677 0.396483 0.003875 0.004570
10 0.570081 0.379396 0.003369 0.004172
10 0.585243 0.349791 0.003369 0.003775
10 0.577493 0.309756 0.003032 0.003974
10 0.570670 0.320882 0.003201 0.004371
10 0.565195 0.328631 0.003032 0.003576
10 0.557109 0.344228 0.002695 0.004570
10 0.565617 0.334989 0.003201 0.004769
10 0.610175 0.329724 0.003369 0.005365
10 0.607985 0.311941 0.002695 0.004371
10 0.588696 0.292867 0.002864 0.003974
10 0.573619 0.288595 0.003369 0.004570
10 0.567807 0.298132 0.003538 0.004967
10 0.335158 0.142956 0.003201 0.002583
10 0.333389 0.169978 0.004380 0.002186
10 0.375168 0.131532 0.003706 0.003179
10 0.361607 0.132923 0.003538 0.002384
10 0.342992 0.161534 0.003369 0.002384
10 0.343160 0.163819 0.003706 0.001788
10 0.355206 0.123286 0.003538 0.002980
10 0.354363 0.125273 0.003538 0.002583
10 0.352342 0.133519 0.004212 0.002782
10 0.352342 0.137890 0.003875 0.002782
10 0.360681 0.137393 0.004043 0.002583
10 0.362028 0.130538 0.003706 0.002782
10 0.333305 0.167693 0.004212 0.002782
10 0.362871 0.128254 0.004043 0.002980
10 0.363966 0.126366 0.003875 0.003179
10 0.365566 0.132426 0.004043 0.002583
10 0.364555 0.137493 0.003706 0.002782
10 0.364134 0.141367 0.003538 0.002186
10 0.363966 0.143652 0.003875 0.001987
10 0.363629 0.146036 0.003538 0.001987
10 0.343329 0.159746 0.003706 0.001987
10 0.343413 0.155275 0.003538 0.002186
10 0.343497 0.152891 0.003032 0.001788
10 0.343750 0.150606 0.003538 0.001987
10 0.333895 0.163123 0.003706 0.002384
10 0.334063 0.160640 0.004717 0.002583
10 0.334063 0.156368 0.003706 0.001590
10 0.334316 0.153884 0.002864 0.002186
10 0.334148 0.151997 0.003538 0.001987
10 0.334148 0.150010 0.003538 0.001987
10 0.334232 0.147526 0.003706 0.002186
10 0.346782 0.129843 0.003538 0.002583
10 0.346024 0.132823 0.003706 0.002583
10 0.346024 0.135506 0.004043 0.001987
10 0.345519 0.137393 0.003706 0.002980
10 0.344508 0.142062 0.003706 0.002782
10 0.344340 0.144347 0.003706 0.002186
10 0.344171 0.146732 0.003369 0.001788
10 0.344003 0.148520 0.003706 0.002186
10 0.286220 0.420326 0.003369 0.005762
10 0.245030 0.403139 0.003538 0.002384
10 0.246210 0.407610 0.003538 0.002186
9 0.034872 0.938506 0.005728 0.004570
9 0.006991 0.778561 0.003538 0.002980
9 0.006570 0.780052 0.003032 0.002782
9 0.033019 0.895092 0.003706 0.003576
9 0.029650 0.903437 0.004380 0.004371
9 0.034535 0.902941 0.002358 0.004570
9 0.037820 0.904729 0.001853 0.004172
9 0.037567 0.944467 0.003369 0.002980
9 0.053487 0.932148 0.005559 0.004570
9 0.081284 0.811246 0.003875 0.005166
9 0.041526 0.947049 0.004549 0.003775
9 0.025270 0.945559 0.001348 0.004769
9 0.027460 0.947149 0.002022 0.005166
9 0.029902 0.948838 0.001516 0.004172
9 0.032345 0.949930 0.001685 0.005166
9 0.034535 0.951719 0.001685 0.004769
9 0.040179 0.954600 0.001853 0.004570
9 0.007749 0.776277 0.004380 0.003576
9 0.056772 0.790781 0.004043 0.004769
10 0.247894 0.414564 0.003538 0.002583
10 0.047844 0.529009 0.004380 0.003775
10 0.053656 0.515994 0.003875 0.003179
10 0.053235 0.517683 0.003706 0.003378
10 0.052392 0.519869 0.004043 0.004172
10 0.051466 0.521458 0.003538 0.003378
10 0.050455 0.523147 0.003875 0.003179
10 0.049865 0.524935 0.004043 0.003179
10 0.049107 0.527220 0.003538 0.003775
10 0.047423 0.531293 0.003201 0.002782
9 0.055509 0.789489 0.003875 0.004570
10 0.046664 0.532486 0.003369 0.003179
10 0.045906 0.534373 0.003538 0.003378
10 0.045148 0.536062 0.003706 0.003179
9 0.049781 0.778860 0.004212 0.004769
9 0.053571 0.777469 0.004043 0.004769
9 0.057362 0.784125 0.004212 0.005365
9 0.054330 0.787403 0.003538 0.003974
9 0.051044 0.956984 0.003706 0.003378
10 0.044643 0.957481 0.002358 0.004371
10 0.055172 0.963739 0.002527 0.004172
10 0.184468 0.135903 0.002695 0.003179
9 0.096024 0.496324 0.006065 0.005563
9 0.097288 0.494139 0.005896 0.005961
9 0.098635 0.491854 0.006570 0.005762
10 0.192133 0.051460 0.004212 0.003576
10 0.213949 0.058613 0.004043 0.003576
10 0.212011 0.061295 0.003538 0.003378
10 0.155155 0.123286 0.004043 0.004570
10 0.195334 0.147526 0.003538 0.003775
10 0.057530 0.964633 0.002864 0.003974
10 0.200303 0.152792 0.003032 0.003576
10 0.204431 0.158454 0.003875 0.004172
10 0.211085 0.166302 0.003369 0.004371
10 0.156334 0.131731 0.003369 0.002782
10 0.163073 0.137691 0.002695 0.004769
10 0.159367 0.139579 0.003369 0.005762
10 0.157092 0.144049 0.002864 0.005166
9 0.059215 0.791079 0.006570 0.007351
9 0.060815 0.792966 0.006065 0.007153
9 0.064522 0.794854 0.006065 0.007749
9 0.067975 0.799126 0.006233 0.006755
10 0.004296 0.942082 0.003538 0.003378
10 0.041189 0.906914 0.003538 0.003378
9 0.065701 0.921220 0.005728 0.004570
9 0.067301 0.919432 0.006570 0.004967
9 0.068817 0.917544 0.007918 0.006358
9 0.071260 0.915359 0.010108 0.008345
9 0.072945 0.912974 0.012129 0.009140
9 0.074208 0.909497 0.011624 0.008941
9 0.075556 0.906914 0.012635 0.008544
9 0.076567 0.904331 0.012972 0.008941
9 0.077746 0.901450 0.013309 0.008742
9 0.042537 0.875124 0.005559 0.008941
9 0.076735 0.808663 0.006570 0.007948
9 0.074798 0.806477 0.006402 0.007550
9 0.070755 0.801212 0.006065 0.006954
10 0.054582 0.514008 0.003706 0.003179
10 0.055509 0.512219 0.003875 0.003576
10 0.056435 0.510133 0.003706 0.003378
10 0.079936 0.466918 0.003538 0.004371
10 0.067638 0.462647 0.003201 0.002980
10 0.068312 0.460958 0.003538 0.003576
10 0.069239 0.458871 0.003369 0.003378
10 0.070081 0.456885 0.004043 0.003775
10 0.071513 0.453904 0.003538 0.003775
10 0.090802 0.454699 0.003706 0.004172
10 0.081115 0.471289 0.003201 0.005166
10 0.076735 0.467316 0.003875 0.003974
10 0.060142 0.469799 0.003369 0.003378
10 0.075724 0.469203 0.003875 0.003775
10 0.074377 0.470991 0.003875 0.004172
10 0.073619 0.472680 0.003706 0.003974
10 0.072861 0.474369 0.003875 0.003775
10 0.071513 0.476058 0.004549 0.004769
10 0.062416 0.464335 0.003201 0.002782
10 0.061910 0.466322 0.002864 0.002782
10 0.066543 0.464236 0.003706 0.003378
10 0.065785 0.466521 0.003875 0.003576
10 0.065027 0.468210 0.003369 0.003378
10 0.064100 0.469899 0.003538 0.003179
10 0.051466 0.499702 0.003875 0.004371
10 0.052476 0.497318 0.003875 0.003179
10 0.053150 0.495629 0.003875 0.003775
10 0.053403 0.493543 0.003032 0.003179
10 0.054245 0.491953 0.003369 0.003179
10 0.055172 0.489966 0.003875 0.003974
10 0.055761 0.488277 0.003369 0.003378
10 0.057193 0.486887 0.003875 0.003775
10 0.058288 0.485198 0.004043 0.003576
10 0.058794 0.482714 0.003706 0.003378
10 0.060394 0.479237 0.003875 0.003576
10 0.061068 0.477648 0.003875 0.003974
10 0.061742 0.475462 0.003538 0.003179
10 0.062584 0.473972 0.003538 0.004172
10 0.063174 0.471786 0.003369 0.003378
10 0.060900 0.468011 0.003538 0.002980
10 0.059215 0.471488 0.003538 0.002782
10 0.057362 0.508643 0.003538 0.003179
10 0.064522 0.491953 0.003369 0.003179
10 0.042453 0.509934 0.003369 0.003378
10 0.041611 0.511921 0.003369 0.003378
10 0.040684 0.513809 0.003538 0.003576
10 0.070586 0.477846 0.004043 0.003576
10 0.070081 0.479833 0.004043 0.003576
10 0.065954 0.488476 0.003538 0.002980
10 0.065111 0.490165 0.003875 0.003576
10 0.063848 0.494139 0.003706 0.003576
10 0.058710 0.473574 0.003538 0.003378
10 0.062753 0.495629 0.003875 0.003378
10 0.061742 0.497417 0.003875 0.003378
10 0.061237 0.499801 0.003875 0.003775
10 0.060394 0.501490 0.003201 0.002782
10 0.059552 0.503179 0.003538 0.002980
10 0.058457 0.504868 0.003706 0.003576
10 0.058288 0.506954 0.003032 0.002980
10 0.043295 0.508444 0.003369 0.003576
10 0.044222 0.506159 0.003538 0.002980
10 0.044980 0.504669 0.003369 0.003179
10 0.045906 0.502881 0.003538 0.003179
10 0.057699 0.475363 0.003538 0.003378
10 0.056520 0.477151 0.003538 0.003378
10 0.056351 0.479038 0.003538 0.003179
10 0.055509 0.480926 0.003201 0.002980
10 0.055172 0.482913 0.003201 0.002980
10 0.053319 0.484006 0.003538 0.003179
10 0.052898 0.486092 0.003369 0.003378
10 0.051634 0.487781 0.003875 0.003576
10 0.050792 0.489569 0.003538 0.003179
10 0.050455 0.491556 0.003538 0.003179
10 0.049949 0.493443 0.003201 0.002980
10 0.048939 0.495530 0.003201 0.003179
10 0.047844 0.497020 0.004043 0.003378
10 0.047170 0.498609 0.003706 0.003378
10 0.046327 0.500695 0.003706 0.003179
10 0.163831 0.140572 0.002527 0.004570
10 0.165852 0.141566 0.002864 0.004570
10 0.164168 0.145142 0.002864 0.004172
10 0.160883 0.317306 0.001685 0.003974
10 0.192385 0.324359 0.001685 0.004172
10 0.188595 0.323664 0.001853 0.003576
10 0.201398 0.335188 0.003201 0.003974
10 0.168295 0.317703 0.001685 0.003974
10 0.166189 0.317703 0.001516 0.003974
10 0.164842 0.317703 0.001853 0.003974
10 0.162736 0.317405 0.002022 0.003775
10 0.230458 0.335983 0.004380 0.003974
9 0.217234 0.386946 0.002527 0.005365
10 0.238460 0.335585 0.004212 0.003974
10 0.244272 0.323465 0.002358 0.004371
10 0.204936 0.363700 0.003875 0.004172
10 0.193396 0.373535 0.003369 0.003576
10 0.193817 0.369660 0.003538 0.003775
10 0.180172 0.381184 0.003538 0.003775
10 0.171917 0.388734 0.003201 0.003378
10 0.195670 0.324558 0.001853 0.003775
10 0.197524 0.324459 0.001516 0.003974
10 0.199208 0.324359 0.001516 0.003775
10 0.170064 0.317703 0.001516 0.003974
10 0.210748 0.266243 0.001348 0.003179
10 0.210495 0.271409 0.001853 0.003974
10 0.210243 0.276773 0.001685 0.003974
10 0.209906 0.284323 0.001685 0.003179
10 0.209653 0.289489 0.001516 0.003576
10 0.158945 0.317206 0.001516 0.004172
10 0.206705 0.326048 0.002695 0.004769
10 0.203336 0.320982 0.001685 0.004172
10 0.201146 0.320187 0.001685 0.004570
10 0.198956 0.320087 0.001685 0.003974
10 0.193059 0.319491 0.002022 0.003974
10 0.191206 0.319591 0.001348 0.003775
10 0.184973 0.318796 0.001685 0.004172
10 0.178319 0.318697 0.001516 0.004371
10 0.174949 0.318101 0.001179 0.004371
10 0.216728 0.377906 0.003538 0.005961
10 0.220350 0.388536 0.002358 0.004570
10 0.184636 0.249354 0.003369 0.001987
10 0.253790 0.439102 0.002864 0.004769
9 0.286978 0.540532 0.002527 0.004570
9 0.247726 0.462150 0.005559 0.008345
9 0.259855 0.444367 0.003538 0.005365
10 0.263814 0.460064 0.003706 0.004967
10 0.266846 0.464832 0.003369 0.004172
10 0.288915 0.464137 0.003706 0.003974
10 0.296496 0.453408 0.003369 0.004371
10 0.255307 0.443870 0.002864 0.004371
10 0.240313 0.388933 0.003538 0.001788
10 0.257328 0.448242 0.003201 0.004769
10 0.247473 0.431055 0.003032 0.005365
10 0.244946 0.423406 0.002695 0.005166
10 0.243177 0.418140 0.002527 0.004570
10 0.241745 0.413868 0.002358 0.004371
10 0.243851 0.413670 0.002864 0.004769
10 0.251179 0.423902 0.003706 0.003378
9 0.284282 0.542221 0.002190 0.004371
9 0.263224 0.542619 0.002527 0.004371
9 0.243177 0.549275 0.002527 0.004570
9 0.297086 0.588218 0.007244 0.004967
10 0.240566 0.391417 0.003369 0.002384
9 0.212854 0.418538 0.004549 0.002186
9 0.225489 0.421617 0.002864 0.004371
9 0.160714 0.430856 0.007749 0.003775
9 0.227594 0.382178 0.003369 0.006159
9 0.183120 0.530201 0.003032 0.004172
9 0.216644 0.542718 0.004380 0.003378
9 0.207379 0.574508 0.003032 0.004172
9 0.214370 0.582158 0.003875 0.005166
9 0.202830 0.581661 0.003369 0.003775
9 0.195165 0.616730 0.003538 0.005166
9 0.234923 0.713888 0.002190 0.005166
9 0.240061 0.953507 0.004043 0.002782
9 0.285714 0.977648 0.002695 0.004172
9 0.288831 0.695410 0.009602 0.006358
10 0.189100 0.249851 0.003538 0.002186
10 0.180509 0.249156 0.003538 0.001987
10 0.166695 0.148321 0.002864 0.004570
10 0.167453 0.201470 0.003369 0.003179
10 0.228015 0.197993 0.002864 0.004570
10 0.229869 0.202861 0.002527 0.004371
10 0.224141 0.199384 0.002190 0.004967
10 0.231132 0.212199 0.001685 0.003974
10 0.231469 0.219750 0.001685 0.004371
10 0.225910 0.240115 0.001685 0.004172
10 0.163325 0.203954 0.004549 0.003775
10 0.159788 0.210809 0.003201 0.002782
10 0.177308 0.206636 0.003201 0.001590
10 0.163578 0.210709 0.003369 0.002980
10 0.162483 0.212398 0.003875 0.003179
10 0.160799 0.213690 0.003875 0.003378
10 0.157008 0.213988 0.004043 0.003576
10 0.160714 0.216273 0.004043 0.003775
10 0.159619 0.217862 0.003875 0.003378
10 0.181014 0.201967 0.003201 0.001788
10 0.230037 0.184085 0.002190 0.004172
10 0.221530 0.190145 0.002695 0.005166
10 0.193480 0.174647 0.002864 0.003974
10 0.196260 0.184383 0.003369 0.003179
10 0.168885 0.143354 0.002864 0.003378
10 0.168548 0.151401 0.002190 0.004371
10 0.175034 0.151699 0.002695 0.004172
10 0.176887 0.153090 0.002695 0.003775
10 0.174949 0.156368 0.002527 0.003974
10 0.177898 0.154878 0.002695 0.004172
10 0.179414 0.155673 0.002695 0.004172
10 0.176381 0.158156 0.002695 0.003974
10 0.178066 0.159547 0.003032 0.004371
10 0.180088 0.159746 0.002358 0.003576
10 0.180425 0.163719 0.003706 0.003974
10 0.152460 0.160044 0.002358 0.004172
10 0.226247 0.174151 0.003032 0.004172
10 0.217655 0.179416 0.003032 0.004769
10 0.197524 0.180111 0.003201 0.003378
10 0.177645 0.203457 0.003201 0.001987
10 0.174781 0.209318 0.003538 0.002186
10 0.177561 0.250944 0.003032 0.001590
10 0.180677 0.244089 0.003875 0.002186
10 0.175202 0.232168 0.004043 0.001788
10 0.178487 0.232565 0.002864 0.001788
10 0.181688 0.232466 0.003538 0.001987
10 0.165600 0.238128 0.003369 0.001788
10 0.161725 0.239817 0.003032 0.001590
10 0.161220 0.242102 0.003369 0.002186
10 0.176718 0.241307 0.003706 0.002186
10 0.184636 0.241903 0.003369 0.002186
10 0.178403 0.209815 0.004043 0.001987
10 0.184468 0.244387 0.003706 0.002384
10 0.159704 0.246970 0.004043 0.001987
10 0.167369 0.247665 0.003538 0.001788
10 0.171327 0.248162 0.003706 0.001987
10 0.177392 0.246175 0.002695 0.001987
10 0.159030 0.250248 0.003706 0.001788
10 0.163157 0.250646 0.003875 0.001788
10 0.171412 0.232068 0.003875 0.001987
10 0.168042 0.231770 0.003201 0.001788
10 0.164505 0.231671 0.003201 0.001987
10 0.184131 0.229386 0.003369 0.001788
10 0.175371 0.219253 0.004043 0.002186
10 0.170064 0.221538 0.003538 0.002384
10 0.173939 0.221538 0.003875 0.001987
10 0.177813 0.221637 0.003875 0.002186
10 0.181856 0.222035 0.004212 0.002186
10 0.185647 0.222432 0.003032 0.001788
10 0.189437 0.222829 0.003538 0.001788
10 0.193396 0.223127 0.003706 0.001987
10 0.183794 0.227300 0.003706 0.001987
10 0.187079 0.227598 0.003538 0.001788
10 0.190532 0.227697 0.003369 0.001987
10 0.170064 0.228194 0.003875 0.001788
10 0.173854 0.228393 0.003369 0.001788
10 0.177139 0.228591 0.002864 0.002186
10 0.180593 0.228691 0.003706 0.001590
10 0.461675 0.252037 0.003875 0.004172
10 0.464454 0.249056 0.003706 0.004570
10 0.377780 0.424896 0.003201 0.002186
10 0.385613 0.333797 0.003369 0.002384
10 0.383170 0.347804 0.003875 0.002980
10 0.383423 0.346016 0.003706 0.002583
10 0.383676 0.344129 0.003875 0.002782
10 0.384181 0.341844 0.003538 0.002186
10 0.384855 0.340155 0.003875 0.002782
10 0.384939 0.338069 0.003369 0.002583
10 0.385108 0.335784 0.003369 0.002384
10 0.386034 0.331711 0.003201 0.002186
10 0.382244 0.351878 0.003706 0.002384
10 0.386287 0.329923 0.003369 0.002186
10 0.387045 0.327936 0.003538 0.002980
10 0.387466 0.325949 0.003706 0.002583
10 0.387635 0.323763 0.004043 0.002583
10 0.388056 0.321578 0.003538 0.002583
10 0.388393 0.319690 0.003201 0.002782
10 0.388982 0.317803 0.003369 0.002583
10 0.382749 0.349891 0.003706 0.002384
10 0.382160 0.353864 0.003538 0.002384
10 0.370199 0.417047 0.003538 0.002782
10 0.374579 0.368170 0.002527 0.004769
10 0.378454 0.352970 0.003538 0.002980
10 0.378285 0.355057 0.003538 0.002384
10 0.377780 0.356944 0.003538 0.002583
10 0.377274 0.359030 0.003538 0.002782
10 0.376853 0.360918 0.003706 0.002186
10 0.376685 0.363104 0.003369 0.002980
10 0.376263 0.364892 0.003875 0.002980
10 0.376600 0.368170 0.002190 0.004371
10 0.381739 0.356149 0.004043 0.002583
10 0.378285 0.368965 0.002527 0.003974
10 0.380054 0.369561 0.002358 0.003974
10 0.379970 0.366084 0.003538 0.002583
10 0.380307 0.364296 0.003875 0.002980
10 0.380644 0.361911 0.003875 0.002980
10 0.380980 0.360024 0.003875 0.003179
10 0.381233 0.358037 0.003369 0.002782
10 0.389319 0.315617 0.003369 0.002980
10 0.372305 0.380191 0.002358 0.004570
10 0.374326 0.380787 0.002358 0.004570
10 0.363039 0.433936 0.003369 0.001987
10 0.365987 0.419829 0.003538 0.001987
10 0.365735 0.421816 0.003369 0.002384
10 0.365313 0.423604 0.003538 0.002782
10 0.364808 0.425790 0.003875 0.002782
10 0.364555 0.427777 0.003706 0.002782
10 0.364218 0.429863 0.003369 0.002583
10 0.363544 0.432148 0.003706 0.002384
10 0.366745 0.434830 0.003032 0.002583
10 0.376179 0.381085 0.002695 0.004769
10 0.367251 0.432843 0.003706 0.002980
10 0.367588 0.431055 0.003369 0.002186
10 0.368009 0.429068 0.003538 0.002186
10 0.368430 0.427081 0.003706 0.002583
10 0.368767 0.424995 0.003369 0.002782
10 0.369104 0.422809 0.003369 0.002384
10 0.369693 0.420922 0.003201 0.002583
10 0.366408 0.418041 0.003369 0.002782
10 0.366745 0.415955 0.003706 0.002583
10 0.366914 0.413868 0.004043 0.002782
10 0.367419 0.411981 0.003369 0.002583
10 0.377948 0.381880 0.002527 0.003974
10 0.372726 0.383469 0.003538 0.002384
10 0.372305 0.385257 0.003369 0.002384
10 0.372136 0.387443 0.003706 0.002384
10 0.371631 0.389132 0.003706 0.002583
10 0.371294 0.391417 0.003706 0.002782
10 0.370620 0.393702 0.003369 0.002583
10 0.370367 0.395688 0.003538 0.002583
10 0.369862 0.397576 0.003875 0.002782
10 0.369946 0.400060 0.003369 0.002583
10 0.369272 0.401649 0.003706 0.002583
10 0.368683 0.403537 0.004212 0.002782
10 0.368598 0.405623 0.004043 0.002583
10 0.368093 0.407709 0.004043 0.002384
10 0.367925 0.409696 0.003706 0.002384
10 0.378790 0.351182 0.003201 0.002583
10 0.379043 0.349096 0.003706 0.002782
10 0.379633 0.346910 0.003201 0.001987
10 0.364050 0.382774 0.004043 0.002980
10 0.361102 0.397675 0.003875 0.002583
10 0.361186 0.395291 0.003706 0.002186
10 0.361523 0.393503 0.003706 0.002583
10 0.361860 0.391417 0.004043 0.003179
10 0.362281 0.389628 0.003875 0.002782
10 0.362871 0.387542 0.003706 0.002583
10 0.363292 0.385456 0.003875 0.002782
10 0.365735 0.375224 0.004380 0.002980
10 0.368683 0.356845 0.003538 0.002782
10 0.365987 0.372939 0.003875 0.002782
10 0.366071 0.370852 0.004043 0.002980
10 0.366577 0.368865 0.004043 0.002583
10 0.366745 0.366978 0.004043 0.003179
10 0.367166 0.365090 0.003875 0.002980
10 0.367672 0.362805 0.003538 0.002782
10 0.368261 0.360819 0.003706 0.002782
10 0.360681 0.399464 0.004043 0.002583
10 0.360175 0.401450 0.004043 0.002583
10 0.359501 0.403636 0.003706 0.002980
10 0.359333 0.405325 0.004043 0.002384
10 0.348972 0.410987 0.003538 0.002186
10 0.348551 0.413272 0.004043 0.002384
10 0.348299 0.415061 0.003538 0.002384
10 0.347540 0.417544 0.004043 0.002186
10 0.346530 0.421021 0.003706 0.002384
10 0.346277 0.423704 0.003538 0.002186
10 0.355037 0.427876 0.003875 0.002186
10 0.355795 0.425591 0.003706 0.002782
10 0.356806 0.419432 0.004380 0.003179
10 0.357059 0.417544 0.003875 0.002980
10 0.357648 0.415756 0.004717 0.002583
10 0.357901 0.413769 0.003538 0.002583
10 0.358575 0.411484 0.003875 0.002384
10 0.358827 0.409497 0.003706 0.002384
10 0.359080 0.407510 0.003538 0.002384
10 0.368261 0.358832 0.003369 0.002384
10 0.369272 0.354659 0.004043 0.002782
10 0.379885 0.345122 0.003369 0.001987
10 0.383423 0.324757 0.003369 0.002583
10 0.387298 0.312041 0.002358 0.004570
10 0.388898 0.312637 0.001853 0.003775
10 0.390920 0.312537 0.001853 0.003974
10 0.385024 0.316511 0.003538 0.002782
10 0.385108 0.318697 0.003706 0.002782
10 0.384350 0.320683 0.003538 0.002782
10 0.383844 0.322869 0.003201 0.002384
10 0.383002 0.328631 0.003538 0.002384
10 0.369188 0.352573 0.003201 0.002186
10 0.382581 0.330817 0.003706 0.002384
10 0.381907 0.333002 0.003706 0.002782
10 0.381739 0.334790 0.003369 0.002384
10 0.381402 0.336777 0.003706 0.002782
10 0.381065 0.338864 0.003369 0.002583
10 0.380812 0.341049 0.003538 0.002583
10 0.379885 0.343036 0.004043 0.002980
10 0.384939 0.311345 0.002695 0.005563
10 0.376095 0.318498 0.004212 0.002782
10 0.375590 0.320187 0.003875 0.002583
10 0.375253 0.322571 0.003875 0.002980
10 0.369609 0.350884 0.003706 0.002384
10 0.370199 0.349096 0.003875 0.002782
10 0.370704 0.346712 0.003875 0.002782
10 0.371041 0.344625 0.003538 0.002583
10 0.371294 0.342837 0.003706 0.002583
10 0.371799 0.340850 0.004380 0.002583
10 0.371968 0.338665 0.003706 0.002583
10 0.372389 0.336678 0.003875 0.002583
10 0.372978 0.334592 0.004043 0.002782
10 0.373147 0.332704 0.003706 0.002583
10 0.373400 0.330916 0.003538 0.002186
10 0.373905 0.328730 0.003875 0.002980
10 0.374410 0.326843 0.004212 0.003179
10 0.375084 0.324657 0.003875 0.002782
10 0.378538 0.323167 0.001685 0.003775
10 0.369693 0.418935 0.003538 0.002186
10 0.370788 0.414961 0.003706 0.002980
10 0.465802 0.247566 0.003369 0.004769
10 0.395553 0.350089 0.003706 0.003179
10 0.392857 0.362408 0.004043 0.002384
10 0.393278 0.360123 0.003201 0.002186
10 0.393699 0.358037 0.003706 0.003179
10 0.394121 0.355851 0.003538 0.002384
10 0.394626 0.354163 0.003875 0.002980
10 0.388730 0.365488 0.003538 0.002186
10 0.395047 0.352275 0.003706 0.003179
10 0.395889 0.348103 0.004043 0.002384
10 0.389741 0.359130 0.003538 0.002583
10 0.396311 0.346116 0.003875 0.002782
10 0.396732 0.344029 0.003706 0.002583
10 0.396985 0.342142 0.003538 0.002782
10 0.397490 0.340254 0.003538 0.002583
10 0.397743 0.338168 0.003706 0.002782
10 0.398332 0.335983 0.003875 0.003179
10 0.398585 0.334194 0.003706 0.002782
10 0.389319 0.361216 0.003369 0.002384
10 0.390246 0.356745 0.003538 0.002583
10 0.371041 0.412974 0.003538 0.003378
10 0.394036 0.336976 0.003369 0.001590
10 0.396900 0.322869 0.003706 0.002384
10 0.396563 0.324856 0.003369 0.001987
10 0.395889 0.326743 0.003369 0.002186
10 0.396058 0.328830 0.003369 0.002384
10 0.395300 0.330717 0.003201 0.002186
10 0.394626 0.333002 0.003538 0.002782
10 0.394710 0.334890 0.003369 0.002583
10 0.393784 0.339062 0.003538 0.002980
10 0.390667 0.354759 0.003706 0.002186
10 0.393363 0.341049 0.003706 0.002583
10 0.393110 0.343135 0.003538 0.002384
10 0.392857 0.345222 0.003369 0.002583
10 0.391846 0.347010 0.004043 0.002583
10 0.391931 0.348997 0.003201 0.002583
10 0.391425 0.351083 0.003538 0.002384
10 0.391004 0.353070 0.003369 0.002384
10 0.398922 0.332108 0.003706 0.002980
10 0.399175 0.330121 0.003538 0.002583
10 0.399511 0.327737 0.003201 0.002583
10 0.381233 0.405027 0.003369 0.002186
10 0.384013 0.390920 0.003538 0.002583
10 0.383339 0.392509 0.003538 0.002980
10 0.383002 0.394794 0.003538 0.002782
10 0.382749 0.396980 0.003706 0.002782
10 0.382328 0.398967 0.003201 0.001987
10 0.382328 0.400656 0.003538 0.002583
10 0.381654 0.402841 0.003538 0.002583
10 0.380728 0.406914 0.004043 0.002384
10 0.400017 0.325849 0.003538 0.002782
10 0.380559 0.409001 0.004043 0.002583
10 0.380054 0.410987 0.003706 0.002583
10 0.379717 0.412776 0.004043 0.002583
10 0.379380 0.414961 0.004043 0.002186
10 0.379043 0.417047 0.003706 0.002782
10 0.378706 0.418935 0.003706 0.002186
10 0.378538 0.420922 0.003706 0.002980
10 0.384350 0.388834 0.003875 0.002782
10 0.384518 0.386251 0.003875 0.003179
10 0.385192 0.384363 0.003538 0.002583
10 0.385192 0.382376 0.003201 0.002186
10 0.400101 0.323863 0.003706 0.002782
10 0.400522 0.321776 0.004212 0.002980
10 0.401028 0.319889 0.003875 0.002782
10 0.401365 0.317803 0.003875 0.002980
10 0.401870 0.315716 0.003875 0.002782
10 0.402291 0.313630 0.004043 0.002980
10 0.402628 0.311643 0.003706 0.002980
10 0.392520 0.366581 0.003369 0.002782
10 0.388477 0.367971 0.003369 0.002384
10 0.388056 0.370058 0.003201 0.002583
10 0.387635 0.372641 0.003706 0.002583
10 0.387214 0.374727 0.003538 0.002782
10 0.386792 0.376614 0.003706 0.002980
10 0.386456 0.378403 0.003706 0.002980
10 0.385697 0.380787 0.003538 0.002583
10 0.396648 0.320982 0.003201 0.002583
10 0.397574 0.318895 0.003369 0.002782
10 0.397911 0.316710 0.003706 0.002384
10 0.396563 0.412974 0.004043 0.002980
10 0.393278 0.429068 0.003875 0.002583
10 0.393699 0.427181 0.004043 0.003179
10 0.394710 0.423207 0.004380 0.003179
10 0.395047 0.421220 0.004043 0.002384
10 0.395384 0.419034 0.004043 0.002782
10 0.395637 0.417047 0.003875 0.002782
10 0.396058 0.415061 0.004043 0.002782
10 0.396732 0.410987 0.004043 0.002583
10 0.400522 0.392907 0.003875 0.002583
10 0.397153 0.408901 0.003875 0.002782
10 0.397827 0.406914 0.004212 0.002782
10 0.397995 0.405027 0.003538 0.002583
10 0.398416 0.402941 0.003706 0.002782
10 0.398585 0.400954 0.003369 0.002384
10 0.399090 0.398967 0.003369 0.002782
10 0.399427 0.396980 0.004043 0.002782
10 0.392941 0.431154 0.003538 0.002782
10 0.392689 0.433439 0.003706 0.002980
10 0.392268 0.435327 0.003538 0.002782
10 0.391846 0.437314 0.003706 0.002782
10 0.371294 0.410888 0.003706 0.002384
10 0.371715 0.408901 0.003875 0.002782
10 0.372220 0.406815 0.003538 0.002980
10 0.372473 0.404729 0.003369 0.002384
10 0.373063 0.402841 0.003875 0.002980
10 0.373484 0.400556 0.003706 0.002384
10 0.373905 0.398768 0.003538 0.002384
10 0.374073 0.396980 0.003875 0.002782
10 0.374410 0.394596 0.004212 0.002782
10 0.375000 0.392609 0.004043 0.002782
10 0.375253 0.390821 0.003875 0.002782
10 0.375674 0.388734 0.003706 0.002583
10 0.376011 0.386350 0.003369 0.002583
10 0.376348 0.384363 0.003369 0.002186
10 0.391509 0.439400 0.003369 0.002980
10 0.400101 0.395092 0.004043 0.002980
10 0.400775 0.390622 0.004043 0.002782
10 0.398332 0.315021 0.003538 0.002583
10 0.388309 0.434234 0.003706 0.002186
10 0.391088 0.420127 0.003538 0.002186
10 0.390836 0.422114 0.003706 0.002186
10 0.390077 0.424200 0.003875 0.002782
10 0.389656 0.426088 0.003369 0.002186
10 0.389572 0.427975 0.003201 0.002384
10 0.389404 0.430260 0.003201 0.001788
10 0.388561 0.432148 0.003875 0.002782
10 0.387887 0.436320 0.003201 0.001987
10 0.402544 0.387344 0.002190 0.004570
10 0.387719 0.438307 0.003538 0.002384
10 0.404734 0.306577 0.002190 0.004769
10 0.402881 0.306477 0.001853 0.003775
10 0.400943 0.306676 0.002358 0.004570
10 0.399006 0.307173 0.001853 0.003974
10 0.399259 0.310451 0.003369 0.002583
10 0.398669 0.312935 0.003538 0.002384
10 0.391257 0.418339 0.003538 0.002583
10 0.391931 0.416054 0.003538 0.001987
10 0.392099 0.414167 0.003538 0.002583
10 0.392436 0.412279 0.003538 0.002782
10 0.400354 0.388039 0.002190 0.003576
10 0.398416 0.386847 0.002022 0.004371
10 0.396732 0.386151 0.002358 0.004570
10 0.397153 0.381482 0.003538 0.001987
10 0.396732 0.389728 0.003706 0.002583
10 0.396732 0.392013 0.003706 0.002384
10 0.396311 0.393702 0.003538 0.002186
10 0.395805 0.395788 0.003538 0.002782
10 0.395384 0.397874 0.003706 0.002583
10 0.394879 0.399960 0.004043 0.002384
10 0.394794 0.401947 0.003538 0.002384
10 0.394289 0.403934 0.003875 0.003179
10 0.393784 0.406318 0.003875 0.002782
10 0.393278 0.408007 0.003538 0.002980
10 0.392941 0.410093 0.003538 0.002782
10 0.349394 0.409001 0.003706 0.002583
10 0.349815 0.407014 0.003538 0.002980
10 0.350152 0.405027 0.003201 0.002583
10 0.347035 0.351381 0.003369 0.002186
10 0.350152 0.337075 0.003875 0.002583
10 0.349394 0.338963 0.004043 0.003179
10 0.348972 0.341347 0.003538 0.002782
10 0.348551 0.343135 0.003369 0.002782
10 0.348214 0.345023 0.003369 0.002583
10 0.347793 0.347010 0.003538 0.002583
10 0.347119 0.349295 0.003538 0.002384
10 0.346867 0.353070 0.003369 0.002384
10 0.354111 0.334095 0.003369 0.002583
10 0.346614 0.355255 0.003875 0.002384
10 0.346277 0.357441 0.003538 0.003179
10 0.345687 0.359626 0.003706 0.002782
10 0.345350 0.361514 0.003369 0.002186
10 0.344845 0.363203 0.003706 0.002384
10 0.344508 0.365090 0.004043 0.002583
10 0.344171 0.367276 0.003706 0.002583
10 0.350067 0.335088 0.003706 0.002583
10 0.351247 0.331214 0.004043 0.002782
10 0.350657 0.403338 0.003201 0.002384
10 0.352931 0.319094 0.003706 0.003179
10 0.336169 0.358832 0.002190 0.004769
10 0.337770 0.359626 0.002022 0.003974
10 0.353100 0.311444 0.002358 0.004172
10 0.355458 0.312041 0.002358 0.004967
10 0.357143 0.312239 0.002022 0.004570
10 0.358996 0.312239 0.002695 0.004172
10 0.357901 0.315816 0.003875 0.002980
10 0.356637 0.319392 0.003369 0.002583
10 0.354532 0.332009 0.003875 0.002782
10 0.356132 0.322174 0.003706 0.002583
10 0.352426 0.323664 0.003706 0.002384
10 0.356301 0.324161 0.003706 0.002583
10 0.352257 0.326545 0.003369 0.002583
10 0.355879 0.326942 0.003538 0.002186
10 0.351499 0.329128 0.003875 0.002583
10 0.355374 0.329724 0.003538 0.002583
10 0.343582 0.369462 0.003538 0.002186
10 0.343497 0.371548 0.004043 0.002782
10 0.342908 0.373535 0.003538 0.001987
10 0.331115 0.370554 0.003538 0.002782
10 0.327325 0.390523 0.003706 0.002583
10 0.327577 0.388635 0.003875 0.002782
10 0.327999 0.386747 0.003706 0.002583
10 0.328504 0.384661 0.004043 0.002782
10 0.332379 0.363998 0.003369 0.002782
10 0.331789 0.366283 0.003201 0.002980
10 0.331536 0.368369 0.003369 0.001987
10 0.330357 0.372442 0.004043 0.002583
10 0.342487 0.375919 0.003706 0.002782
10 0.329599 0.374329 0.004212 0.002782
10 0.329683 0.376714 0.003369 0.002782
10 0.329599 0.378800 0.003538 0.002980
10 0.329094 0.380687 0.003538 0.002384
10 0.328925 0.382674 0.003538 0.002384
10 0.330020 0.395688 0.003369 0.002583
10 0.330357 0.393503 0.003369 0.002583
10 0.326735 0.392609 0.003875 0.001987
10 0.326398 0.395092 0.003875 0.002583
10 0.335832 0.412080 0.003875 0.002384
10 0.336169 0.410093 0.004212 0.002384
10 0.342234 0.379396 0.003538 0.002583
10 0.341392 0.381582 0.003875 0.002583
10 0.341139 0.383767 0.003369 0.002583
10 0.340718 0.385853 0.003538 0.002782
10 0.340549 0.387840 0.003538 0.002782
10 0.340044 0.389628 0.003538 0.002782
10 0.339791 0.391715 0.003032 0.002583
10 0.339033 0.393900 0.003538 0.002186
10 0.339033 0.395788 0.003201 0.002384
10 0.338275 0.397775 0.004380 0.002384
10 0.338106 0.399960 0.004043 0.002384
10 0.337685 0.401748 0.003875 0.002782
10 0.337517 0.403735 0.003875 0.002384
10 0.336927 0.405921 0.004380 0.002782
10 0.336590 0.408106 0.003706 0.001987
10 0.334232 0.358136 0.002022 0.004570
10 0.332210 0.357540 0.002358 0.004570
10 0.340465 0.343930 0.003369 0.001987
10 0.402544 0.295152 0.002527 0.004570
10 0.390330 0.298530 0.002022 0.004570
10 0.392099 0.298132 0.001853 0.004172
10 0.393615 0.297834 0.002190 0.004371
10 0.395721 0.297238 0.002358 0.004769
10 0.397490 0.296642 0.002527 0.004371
10 0.399259 0.296344 0.002022 0.003775
10 0.400606 0.295947 0.003032 0.004967
10 0.404060 0.294357 0.002864 0.004570
10 0.327072 0.343930 0.003538 0.003179
10 0.405913 0.293562 0.002864 0.004570
10 0.320249 0.310252 0.003369 0.002583
10 0.316206 0.332605 0.004043 0.002384
10 0.315532 0.336678 0.004717 0.003378
10 0.315027 0.338963 0.004043 0.002384
10 0.329262 0.312637 0.003538 0.002980
10 0.332884 0.313431 0.004043 0.002980
10 0.388477 0.299026 0.002358 0.004769
10 0.386961 0.299622 0.002022 0.003974
10 0.385024 0.299324 0.002190 0.005365
10 0.383086 0.300020 0.002022 0.003974
10 0.467402 0.246175 0.003538 0.004371
10 0.471108 0.253825 0.001853 0.004172
10 0.356469 0.300517 0.001685 0.004570
10 0.354363 0.300616 0.001853 0.003974
10 0.362028 0.300417 0.002022 0.004371
10 0.363797 0.300815 0.002190 0.003974
10 0.367503 0.301013 0.001853 0.004371
10 0.369188 0.300914 0.001516 0.004172
10 0.371041 0.301212 0.001516 0.004371
10 0.372642 0.300616 0.001348 0.003974
10 0.374579 0.300815 0.001516 0.003974
10 0.376011 0.300517 0.002022 0.004570
10 0.378032 0.300517 0.001685 0.004172
10 0.379801 0.300815 0.001853 0.003974
10 0.381317 0.300318 0.001516 0.004172
10 0.329431 0.332009 0.004212 0.002782
10 0.323029 0.346712 0.003875 0.002384
10 0.340549 0.341943 0.003538 0.001987
10 0.346530 0.313034 0.002022 0.004570
10 0.337770 0.337373 0.004380 0.002782
10 0.337011 0.339162 0.003875 0.002782
10 0.334485 0.345818 0.002527 0.004172
10 0.336506 0.346215 0.002527 0.004570
10 0.338275 0.346811 0.002358 0.004172
10 0.340296 0.347208 0.002022 0.004967
10 0.344424 0.311941 0.002190 0.005166
10 0.344508 0.317902 0.003706 0.002782
10 0.321513 0.352672 0.003875 0.002782
10 0.343918 0.319988 0.003875 0.002980
10 0.343413 0.321578 0.003538 0.002980
10 0.342823 0.325551 0.003706 0.002583
10 0.342908 0.328333 0.004212 0.002980
10 0.341981 0.333300 0.003706 0.002583
10 0.341392 0.335883 0.003875 0.002980
10 0.340718 0.340254 0.003538 0.002186
10 0.337770 0.334691 0.003369 0.002583
10 0.338022 0.332505 0.003875 0.002583
10 0.339033 0.324856 0.003538 0.002782
10 0.340718 0.316710 0.003538 0.002782
10 0.326567 0.347606 0.003538 0.002583
10 0.325977 0.350387 0.003706 0.002583
10 0.320839 0.374230 0.003875 0.002583
10 0.321092 0.372144 0.003369 0.002384
10 0.321681 0.370256 0.003538 0.002583
10 0.322355 0.368170 0.003538 0.002384
10 0.323956 0.360223 0.003369 0.002782
10 0.323282 0.362209 0.003032 0.002384
10 0.323113 0.364196 0.003369 0.002384
10 0.322355 0.365985 0.004212 0.003179
10 0.320418 0.359130 0.003706 0.002583
10 0.324798 0.355653 0.003369 0.001987
10 0.325303 0.353765 0.003369 0.002583
10 0.325556 0.352076 0.003201 0.002384
10 0.340970 0.311246 0.002695 0.005762
10 0.330610 0.391516 0.003201 0.002186
10 0.331284 0.389827 0.003875 0.002782
10 0.331958 0.387840 0.004212 0.002782
10 0.351920 0.344427 0.003369 0.002583
10 0.349899 0.358136 0.003369 0.002186
10 0.350152 0.356249 0.003875 0.002782
10 0.350320 0.353864 0.003538 0.002384
10 0.350573 0.352076 0.003706 0.002384
10 0.350994 0.349990 0.003538 0.002583
10 0.351247 0.348401 0.003706 0.002583
10 0.351499 0.346414 0.003538 0.002583
10 0.352426 0.342142 0.003706 0.002384
10 0.364555 0.326445 0.003706 0.002782
10 0.353015 0.340354 0.003538 0.002782
10 0.353689 0.338168 0.003875 0.002782
10 0.353858 0.336380 0.003538 0.002384
10 0.366661 0.316114 0.003875 0.002782
10 0.366156 0.318299 0.003538 0.002782
10 0.365903 0.320385 0.003706 0.002583
10 0.365566 0.322372 0.004043 0.002980
10 0.349478 0.360123 0.003538 0.002186
10 0.349141 0.362110 0.003538 0.002583
10 0.348551 0.364097 0.003369 0.002583
10 0.348383 0.366283 0.003369 0.002980
10 0.342402 0.396682 0.003538 0.002583
10 0.342571 0.394496 0.003538 0.002186
10 0.343413 0.392807 0.003538 0.002782
10 0.343834 0.390523 0.003706 0.002186
10 0.344003 0.388734 0.003706 0.002583
10 0.344677 0.386946 0.003369 0.002583
10 0.344761 0.384761 0.003538 0.002583
10 0.345182 0.382674 0.003369 0.002782
10 0.345603 0.380687 0.003538 0.002782
10 0.345940 0.378800 0.003538 0.002583
10 0.346361 0.376614 0.003706 0.002186
10 0.346782 0.374528 0.003538 0.001987
10 0.347035 0.372740 0.003032 0.002782
10 0.347709 0.370356 0.004043 0.002384
10 0.348046 0.368269 0.004043 0.002583
10 0.364976 0.324657 0.003875 0.002782
10 0.364387 0.328432 0.004043 0.002384
10 0.341897 0.400656 0.003538 0.002583
10 0.353858 0.384959 0.003201 0.002583
10 0.356385 0.371150 0.003538 0.001987
10 0.356132 0.373336 0.003032 0.001590
10 0.355795 0.375323 0.003706 0.001590
10 0.355458 0.377608 0.003706 0.002186
10 0.354869 0.379297 0.003201 0.002384
10 0.354616 0.381085 0.003369 0.002782
10 0.354447 0.383171 0.003706 0.002583
10 0.353521 0.386946 0.003201 0.002583
10 0.363966 0.330320 0.003875 0.002186
10 0.353015 0.388734 0.003538 0.002583
10 0.352510 0.390821 0.003538 0.002384
10 0.352089 0.393006 0.003706 0.002782
10 0.352005 0.394993 0.003201 0.002384
10 0.351752 0.396881 0.003032 0.002583
10 0.351247 0.398867 0.003369 0.002583
10 0.350825 0.400954 0.003875 0.002782
10 0.356469 0.369362 0.003369 0.002384
10 0.357059 0.366779 0.003538 0.002782
10 0.357648 0.364395 0.003369 0.002384
10 0.358069 0.362706 0.003201 0.002583
10 0.363629 0.332207 0.003538 0.001987
10 0.362955 0.334294 0.003875 0.002583
10 0.362871 0.336281 0.003706 0.002583
10 0.362534 0.338466 0.003706 0.002186
10 0.362197 0.340453 0.003706 0.002186
10 0.361776 0.342341 0.003201 0.001987
10 0.361354 0.344228 0.003369 0.002583
10 0.361186 0.346612 0.003369 0.002583
10 0.360512 0.348500 0.003706 0.002384
10 0.360091 0.350387 0.003875 0.002583
10 0.359670 0.352275 0.003369 0.002782
10 0.359080 0.354063 0.003538 0.002782
10 0.358827 0.356348 0.003706 0.002583
10 0.358575 0.358434 0.003538 0.002384
10 0.358406 0.360521 0.003875 0.002186
10 0.342234 0.398867 0.003538 0.002583
10 0.341392 0.402841 0.003538 0.002583
10 0.332042 0.385655 0.003369 0.002384
10 0.315785 0.395589 0.003875 0.003179
10 0.321597 0.409001 0.003706 0.003775
10 0.320502 0.407014 0.003201 0.003378
10 0.319575 0.404927 0.003706 0.003576
10 0.318986 0.403139 0.004212 0.003576
10 0.317975 0.401550 0.004212 0.003576
10 0.317301 0.399464 0.003875 0.003378
10 0.316375 0.397477 0.004380 0.003775
10 0.315448 0.393304 0.004549 0.003378
10 0.311489 0.374826 0.003706 0.002583
10 0.314606 0.391615 0.004212 0.003179
10 0.314353 0.389330 0.003706 0.002980
10 0.313679 0.387642 0.004380 0.003179
10 0.313090 0.385357 0.004212 0.002980
10 0.312753 0.383568 0.003875 0.002980
10 0.312500 0.381383 0.004043 0.002980
10 0.312247 0.379098 0.003875 0.002384
10 0.322102 0.410888 0.003706 0.003576
10 0.323282 0.412478 0.003369 0.003576
10 0.324629 0.414365 0.004043 0.004172
10 0.325472 0.416253 0.003706 0.003974
10 0.332379 0.383568 0.003369 0.002186
10 0.332716 0.381482 0.003706 0.002384
10 0.333137 0.379495 0.003538 0.002782
10 0.333474 0.377508 0.003538 0.002384
10 0.333558 0.375224 0.003706 0.002980
10 0.333979 0.373336 0.003201 0.002782
10 0.334906 0.371746 0.003706 0.002782
10 0.335158 0.369263 0.003538 0.002583
10 0.335664 0.366879 0.003538 0.002980
10 0.336169 0.364594 0.003538 0.002782
10 0.310900 0.368468 0.003201 0.001788
10 0.331368 0.423803 0.004380 0.004769
10 0.329852 0.422710 0.003706 0.003775
10 0.327662 0.419233 0.003369 0.003576
10 0.326482 0.417842 0.003706 0.003974
10 0.311658 0.377111 0.003706 0.002782
10 0.311237 0.372939 0.003538 0.001987
10 0.340886 0.404927 0.003538 0.002782
10 0.423939 0.441884 0.002527 0.004371
10 0.368683 0.449235 0.002527 0.004371
10 0.365903 0.448440 0.002358 0.004769
10 0.363208 0.447844 0.002358 0.004371
10 0.360596 0.447049 0.002527 0.004769
10 0.417116 0.444963 0.002358 0.004570
10 0.419559 0.443771 0.002864 0.004967
10 0.422001 0.442579 0.002695 0.004570
10 0.426803 0.440095 0.002527 0.003974
10 0.311237 0.370654 0.003538 0.002186
10 0.438932 0.450328 0.004212 0.004570
10 0.429245 0.439201 0.002358 0.004172
10 0.431772 0.437810 0.002695 0.004570
10 0.339286 0.412875 0.003706 0.002384
10 0.339875 0.410987 0.003201 0.002186
10 0.340296 0.408802 0.003706 0.002583
10 0.340718 0.406914 0.003538 0.002782
10 0.370957 0.449930 0.002022 0.004570
10 0.373315 0.449930 0.002022 0.004570
10 0.376516 0.451023 0.002022 0.004371
10 0.378875 0.451619 0.001685 0.004371
10 0.335916 0.429863 0.003032 0.003775
10 0.337517 0.431452 0.003201 0.004570
10 0.355458 0.444765 0.002695 0.004967
10 0.400438 0.457878 0.004043 0.002583
9 0.368514 0.466223 0.004549 0.002186
9 0.363123 0.464633 0.004885 0.002583
10 0.403302 0.466024 0.004717 0.002980
9 0.416021 0.459964 0.004885 0.002384
10 0.397153 0.451421 0.001853 0.004769
10 0.395468 0.450924 0.002527 0.004570
10 0.392941 0.452116 0.001853 0.004172
10 0.389656 0.452215 0.001685 0.003974
10 0.387466 0.452116 0.001685 0.004172
10 0.384265 0.452215 0.001348 0.003974
10 0.382244 0.451719 0.001348 0.004172
10 0.050455 0.501490 0.003538 0.003576
10 0.049444 0.502881 0.003201 0.003179
10 0.049023 0.504669 0.003706 0.003179
10 0.031840 0.412676 0.002695 0.004371
10 0.034114 0.400258 0.003201 0.002980
10 0.033440 0.402345 0.003538 0.003576
10 0.032345 0.404133 0.004043 0.003576
10 0.031503 0.405623 0.003369 0.003378
10 0.030829 0.407610 0.003369 0.003378
10 0.028807 0.409994 0.003032 0.004570
10 0.030408 0.411186 0.002864 0.004172
10 0.033945 0.409795 0.003538 0.003775
10 0.035714 0.396980 0.003706 0.003576
10 0.034956 0.408106 0.003538 0.003576
10 0.035630 0.406418 0.003875 0.003775
10 0.036641 0.404133 0.003538 0.003974
10 0.037904 0.400854 0.003706 0.003775
10 0.038747 0.398768 0.003706 0.003576
10 0.039757 0.396881 0.003369 0.003378
10 0.040431 0.394695 0.003369 0.002980
10 0.034788 0.398470 0.003875 0.003378
10 0.036051 0.394596 0.003706 0.003179
10 0.052392 0.388436 0.003706 0.003179
10 0.044474 0.376118 0.003706 0.003179
10 0.049949 0.363104 0.003875 0.003378
10 0.049444 0.365090 0.003875 0.003378
10 0.048433 0.366879 0.003538 0.003378
10 0.047423 0.368468 0.003875 0.003775
10 0.046412 0.370554 0.003875 0.003576
10 0.045822 0.372442 0.003369 0.003378
10 0.045148 0.374230 0.003706 0.002980
10 0.043716 0.377906 0.003875 0.003576
10 0.036809 0.393006 0.003875 0.003179
10 0.042453 0.379893 0.003706 0.003576
10 0.042116 0.381979 0.003369 0.003378
10 0.041358 0.383370 0.003201 0.002980
10 0.040768 0.385555 0.003706 0.003378
10 0.039505 0.387045 0.003875 0.003576
10 0.038747 0.388933 0.003706 0.003378
10 0.037652 0.390920 0.003875 0.003378
10 0.041021 0.393006 0.003875 0.003179
10 0.041947 0.391119 0.003369 0.002980
10 0.042790 0.389231 0.003032 0.003179
10 0.060647 0.370058 0.003369 0.003378
10 0.066122 0.357242 0.003875 0.003179
10 0.065364 0.359229 0.003369 0.003179
10 0.064522 0.360620 0.003369 0.003179
10 0.064016 0.362905 0.003706 0.002980
10 0.063174 0.364494 0.003369 0.003378
10 0.062500 0.366382 0.003706 0.003179
10 0.061489 0.368369 0.003706 0.003576
10 0.059720 0.371647 0.003538 0.003378
10 0.043716 0.387542 0.003201 0.003378
10 0.058794 0.373733 0.003369 0.003179
10 0.058204 0.375621 0.003538 0.003378
10 0.057530 0.377210 0.003538 0.003378
10 0.056520 0.378999 0.003538 0.003378
10 0.055677 0.381085 0.003875 0.003179
10 0.054751 0.382774 0.003706 0.003378
10 0.054077 0.384761 0.003706 0.003378
10 0.067722 0.355752 0.003369 0.002980
10 0.067891 0.353368 0.003369 0.003378
10 0.057699 0.353566 0.003875 0.003378
10 0.057278 0.355653 0.003369 0.003179
10 0.044474 0.385357 0.003032 0.002980
10 0.045232 0.383767 0.003875 0.003378
10 0.046159 0.381880 0.003369 0.003576
10 0.046917 0.379694 0.003538 0.003179
10 0.047675 0.378005 0.003706 0.003378
10 0.049276 0.374329 0.003538 0.003179
10 0.049865 0.372343 0.003706 0.003974
10 0.050623 0.370852 0.003538 0.003378
10 0.051550 0.369064 0.004043 0.003378
10 0.052308 0.367177 0.003201 0.003179
10 0.053487 0.365686 0.003538 0.003378
10 0.053993 0.363402 0.003201 0.003179
10 0.055256 0.361812 0.003706 0.003576
10 0.055425 0.359428 0.003706 0.003179
10 0.056098 0.357242 0.002695 0.002782
10 0.050792 0.361315 0.003538 0.002980
10 0.051466 0.359527 0.003875 0.003378
10 0.051971 0.357342 0.004549 0.003775
10 0.033272 0.370654 0.003201 0.002980
10 0.038410 0.357838 0.004380 0.003974
10 0.038241 0.359626 0.003032 0.003179
10 0.037315 0.361713 0.003875 0.003378
10 0.036809 0.363600 0.003538 0.003179
10 0.036051 0.365190 0.003369 0.003179
10 0.035125 0.366978 0.003201 0.003179
10 0.034114 0.368667 0.003875 0.003775
10 0.032513 0.372541 0.003369 0.003179
10 0.025354 0.388635 0.003538 0.003179
10 0.031755 0.374528 0.003538 0.003179
10 0.030913 0.376316 0.003875 0.003576
10 0.030323 0.378105 0.003369 0.003179
10 0.029144 0.379793 0.004043 0.003378
10 0.028470 0.381383 0.003369 0.002980
10 0.027881 0.383270 0.003875 0.003576
10 0.027207 0.384860 0.003538 0.003576
10 0.026196 0.365786 0.003875 0.003974
10 0.025354 0.367673 0.003875 0.003775
10 0.024596 0.369859 0.003706 0.003378
10 0.023753 0.371746 0.003706 0.003179
10 0.047001 0.344327 0.002358 0.004371
10 0.049276 0.344029 0.002527 0.004570
10 0.052055 0.343135 0.002695 0.004371
10 0.013982 0.393404 0.003369 0.003179
10 0.014909 0.391417 0.003538 0.003576
10 0.015330 0.389728 0.003706 0.003775
10 0.016004 0.387840 0.003706 0.003974
10 0.016678 0.385853 0.004043 0.003576
10 0.017941 0.383966 0.003875 0.003378
10 0.018868 0.382376 0.004043 0.003775
10 0.019626 0.380489 0.003875 0.003576
10 0.020300 0.378701 0.004212 0.003576
10 0.020889 0.376416 0.003706 0.003378
10 0.022153 0.375025 0.003875 0.003775
10 0.022827 0.373535 0.003875 0.003576
10 0.026617 0.387045 0.003369 0.003179
10 0.025101 0.390523 0.003706 0.002980
10 0.053403 0.355355 0.003706 0.003378
10 0.037399 0.370952 0.003706 0.003576
10 0.032177 0.383568 0.003706 0.003775
10 0.032513 0.381482 0.003369 0.003179
10 0.033356 0.379992 0.003369 0.003775
10 0.034282 0.378204 0.003538 0.003775
10 0.035040 0.376416 0.004043 0.003378
10 0.035714 0.374528 0.003706 0.003576
10 0.036388 0.372839 0.003706 0.003378
10 0.038073 0.368965 0.003706 0.003576
10 0.024259 0.392112 0.003369 0.002583
10 0.038915 0.367276 0.003369 0.003378
10 0.039589 0.365587 0.003369 0.003179
10 0.040600 0.363402 0.003369 0.003179
10 0.041189 0.361713 0.003201 0.003378
10 0.042116 0.360024 0.003706 0.003179
10 0.042958 0.358335 0.004043 0.003378
10 0.043379 0.356149 0.004212 0.003775
10 0.031250 0.385456 0.003875 0.003576
10 0.030071 0.386847 0.003538 0.003179
10 0.029650 0.388834 0.003369 0.003179
10 0.028639 0.390523 0.003369 0.003378
10 0.023332 0.393702 0.003538 0.002980
10 0.022490 0.395688 0.003875 0.003378
10 0.021395 0.397576 0.004043 0.003179
10 0.020974 0.399464 0.003538 0.002980
10 0.020047 0.401550 0.004380 0.003179
10 0.017689 0.403537 0.003032 0.003974
10 0.019458 0.405027 0.002864 0.004172
10 0.021311 0.406219 0.002864 0.004172
10 0.023501 0.403437 0.003538 0.003378
10 0.024175 0.401450 0.003538 0.003378
10 0.025101 0.399662 0.003706 0.003378
10 0.025775 0.397775 0.003706 0.003576
10 0.026365 0.395986 0.003538 0.003179
10 0.027291 0.394298 0.004043 0.003378
10 0.028133 0.392708 0.003369 0.003378
10 0.053235 0.386648 0.003706 0.003179
10 0.051803 0.390125 0.003875 0.003378
10 0.047844 0.508643 0.003706 0.003974
10 0.078925 0.375025 0.004212 0.003775
10 0.069997 0.395192 0.003201 0.002782
10 0.068986 0.397079 0.003201 0.002980
10 0.068228 0.398669 0.003369 0.002980
10 0.066543 0.402444 0.003706 0.003378
10 0.067722 0.400656 0.003706 0.003775
10 0.075893 0.382277 0.003875 0.003576
10 0.077325 0.378800 0.004043 0.003775
10 0.079515 0.372939 0.004043 0.003576
10 0.072439 0.389628 0.003706 0.003576
10 0.080273 0.371051 0.003538 0.003775
10 0.081958 0.367673 0.003538 0.003775
10 0.082884 0.366084 0.003706 0.003378
10 0.083642 0.364395 0.003538 0.003179
10 0.084485 0.362507 0.003875 0.003378
10 0.085158 0.360620 0.003538 0.003576
10 0.085916 0.358633 0.003706 0.003576
10 0.070755 0.393404 0.003369 0.003179
10 0.065869 0.404232 0.003369 0.003378
10 0.051044 0.391814 0.003706 0.003576
10 0.057783 0.422710 0.003032 0.002980
10 0.054161 0.415657 0.003201 0.002782
10 0.053235 0.417445 0.003706 0.003974
10 0.051718 0.420922 0.003369 0.002980
10 0.050876 0.422909 0.003369 0.002980
10 0.088106 0.353368 0.003706 0.003378
10 0.056098 0.426485 0.003369 0.003378
10 0.057193 0.424598 0.003538 0.003179
10 0.058625 0.421220 0.003369 0.003576
10 0.065111 0.406418 0.003538 0.003775
10 0.059552 0.419034 0.003201 0.003576
10 0.060647 0.417346 0.003706 0.003775
10 0.061152 0.415359 0.003369 0.003378
10 0.061995 0.413372 0.003369 0.003378
10 0.062753 0.411683 0.003538 0.003576
10 0.063342 0.409795 0.003369 0.003378
10 0.064353 0.407908 0.003369 0.003179
10 0.087433 0.355355 0.004380 0.004172
10 0.099646 0.347904 0.003201 0.003179
10 0.099057 0.349791 0.003369 0.002980
10 0.076735 0.401152 0.003538 0.003576
10 0.082547 0.388039 0.003706 0.003179
10 0.081621 0.389827 0.003538 0.003179
10 0.080610 0.391814 0.003875 0.003179
10 0.080189 0.393801 0.003706 0.003576
10 0.079346 0.395490 0.003369 0.003378
10 0.078504 0.397179 0.003369 0.003179
10 0.077746 0.399265 0.003201 0.002980
10 0.075977 0.403040 0.003369 0.003378
10 0.098299 0.351580 0.003538 0.003378
10 0.075135 0.404828 0.003706 0.003378
10 0.074208 0.406418 0.003538 0.003378
10 0.073619 0.408206 0.003369 0.003378
10 0.072776 0.410193 0.003706 0.003775
10 0.071850 0.411882 0.004212 0.003179
10 0.070923 0.413769 0.004043 0.003775
10 0.070334 0.415557 0.003538 0.002980
10 0.083221 0.386350 0.003369 0.003378
10 0.084148 0.384761 0.003875 0.003378
10 0.084821 0.382774 0.004212 0.004172
10 0.085580 0.381184 0.004380 0.003775
10 0.097372 0.353268 0.003706 0.003576
10 0.096614 0.355454 0.003875 0.003576
10 0.095856 0.357540 0.003706 0.003378
10 0.095013 0.359229 0.003706 0.003576
10 0.094171 0.361017 0.003706 0.003179
10 0.093582 0.362905 0.003538 0.003378
10 0.092908 0.364991 0.003538 0.003576
10 0.091981 0.366581 0.003369 0.003179
10 0.090886 0.368369 0.003538 0.003179
10 0.090128 0.370058 0.003706 0.003775
10 0.089538 0.372243 0.003538 0.003378
10 0.088865 0.374131 0.003538 0.003974
10 0.088191 0.375820 0.003538 0.003378
10 0.087517 0.377508 0.003538 0.003576
10 0.086506 0.378999 0.003875 0.003378
10 0.054835 0.413868 0.003538 0.003179
10 0.056014 0.412080 0.003201 0.003179
10 0.056520 0.410391 0.003201 0.002980
10 0.052982 0.395788 0.003538 0.003576
10 0.047507 0.408603 0.003369 0.003378
10 0.048602 0.406815 0.003201 0.002980
10 0.049276 0.405126 0.003538 0.003576
10 0.050371 0.403437 0.003369 0.003775
10 0.050960 0.401550 0.003201 0.003179
10 0.051803 0.399662 0.003538 0.003378
10 0.052392 0.397874 0.004043 0.003775
10 0.053908 0.394000 0.003369 0.003576
10 0.061489 0.377409 0.003369 0.003378
10 0.054835 0.392410 0.003201 0.003179
10 0.055761 0.390423 0.003369 0.003576
10 0.056688 0.388536 0.003538 0.003775
10 0.057530 0.386847 0.003538 0.003974
10 0.058204 0.384860 0.003538 0.003576
10 0.058962 0.383370 0.003369 0.003378
10 0.059805 0.381482 0.003706 0.003576
10 0.047001 0.410689 0.003369 0.003974
10 0.046159 0.412776 0.003369 0.003775
10 0.045317 0.414266 0.003369 0.003576
10 0.044643 0.416054 0.003369 0.003576
10 0.050118 0.393702 0.003538 0.003378
10 0.049191 0.395887 0.003706 0.003775
10 0.048349 0.397477 0.003706 0.002980
10 0.047507 0.399563 0.004043 0.003974
10 0.046917 0.401351 0.003875 0.003576
10 0.046075 0.403139 0.003875 0.003576
10 0.045232 0.405126 0.003538 0.003576
10 0.044390 0.406716 0.003538 0.003179
10 0.043801 0.408405 0.003369 0.003378
10 0.043211 0.410093 0.003201 0.002782
10 0.042284 0.412378 0.003369 0.003378
10 0.041358 0.413968 0.003538 0.003378
10 0.038915 0.416352 0.002695 0.004172
10 0.040768 0.417743 0.002695 0.004570
10 0.042621 0.418538 0.002695 0.003775
10 0.060563 0.379098 0.003538 0.003576
10 0.062079 0.375720 0.003875 0.003576
10 0.057278 0.408504 0.003369 0.003179
10 0.064858 0.391913 0.003369 0.002980
10 0.074292 0.369760 0.004043 0.003974
10 0.072187 0.375422 0.003875 0.003378
10 0.070165 0.378999 0.004212 0.003378
10 0.069491 0.380886 0.003538 0.003576
10 0.067385 0.386251 0.003706 0.003179
10 0.066206 0.388238 0.004043 0.003576
10 0.065448 0.390324 0.003538 0.003378
10 0.063932 0.393801 0.003538 0.003179
10 0.062837 0.373733 0.003706 0.003576
10 0.062921 0.395490 0.003875 0.003378
10 0.061995 0.397179 0.003706 0.003576
10 0.061405 0.399166 0.003201 0.003179
10 0.060563 0.400954 0.003201 0.003179
10 0.059720 0.402742 0.003201 0.003179
10 0.059046 0.404828 0.003538 0.003378
10 0.057951 0.406716 0.003369 0.003179
10 0.075724 0.366382 0.003875 0.003576
10 0.077409 0.362408 0.003538 0.003576
10 0.078083 0.360719 0.003538 0.002980
10 0.079094 0.359229 0.003201 0.003179
10 0.064185 0.372243 0.004043 0.003775
10 0.064858 0.370157 0.003706 0.003576
10 0.065785 0.368369 0.003538 0.003576
10 0.066375 0.366382 0.003706 0.003576
10 0.067301 0.364892 0.003875 0.003775
10 0.067891 0.362905 0.003706 0.003378
10 0.068649 0.360918 0.003875 0.003378
10 0.069323 0.359030 0.003538 0.003179
10 0.070839 0.357938 0.004212 0.004172
10 0.071007 0.355653 0.003875 0.003576
10 0.071765 0.353169 0.004043 0.003378
10 0.072608 0.350984 0.003369 0.002980
10 0.082126 0.350685 0.004212 0.003576
10 0.080778 0.354659 0.003875 0.003974
10 0.079852 0.357044 0.003032 0.003179
10 0.044137 0.344526 0.002358 0.004371
10 0.041526 0.345222 0.002527 0.005365
10 0.038662 0.346016 0.001853 0.005762
10 0.105795 0.093284 0.002695 0.002980
10 0.133760 0.041029 0.002695 0.004172
10 0.134097 0.055533 0.002358 0.005365
10 0.130812 0.055832 0.001516 0.004371
10 0.131065 0.064176 0.002022 0.005166
10 0.122052 0.070038 0.003875 0.003378
10 0.111523 0.088615 0.003706 0.003576
10 0.108743 0.091198 0.003201 0.003179
10 0.103184 0.095172 0.003538 0.003179
10 0.041779 0.179615 0.003369 0.002782
10 0.091476 0.104808 0.002358 0.003775
10 0.104026 0.106596 0.003201 0.003775
10 0.112028 0.100636 0.003369 0.004172
10 0.115398 0.098252 0.003032 0.003775
10 0.122978 0.092390 0.003032 0.003576
10 0.133170 0.097854 0.003201 0.003378
10 0.133929 0.101729 0.004043 0.004371
10 0.144963 0.030499 0.004212 0.002583
10 0.038662 0.178025 0.003201 0.002782
10 0.036472 0.346314 0.001516 0.005166
10 0.038241 0.166402 0.003369 0.003378
10 0.034114 0.164117 0.002864 0.004371
10 0.036725 0.161832 0.003369 0.003378
10 0.039926 0.161136 0.003369 0.002782
10 0.042537 0.163521 0.003538 0.003179
10 0.039926 0.164713 0.003706 0.003179
10 0.043464 0.167197 0.003706 0.003775
10 0.041442 0.168488 0.003369 0.003179
10 0.047254 0.167892 0.003538 0.002384
10 0.042200 0.178025 0.003201 0.002782
10 0.050792 0.169382 0.002864 0.004967
10 0.035883 0.174846 0.003369 0.003179
10 0.036978 0.172561 0.003201 0.002583
10 0.042958 0.174051 0.003706 0.002782
10 0.040094 0.174548 0.003369 0.002980
10 0.039420 0.176634 0.003369 0.002782
10 0.042958 0.176137 0.003369 0.002980
10 0.137635 0.105702 0.003706 0.004769
10 0.129885 0.108881 0.003369 0.003974
10 0.094171 0.117624 0.002695 0.003974
10 0.132581 0.137890 0.003032 0.004371
10 0.123315 0.127757 0.002022 0.004371
10 0.120620 0.129446 0.003032 0.004570
10 0.118767 0.133221 0.002695 0.003775
10 0.120030 0.135804 0.002527 0.004172
10 0.125758 0.133121 0.002527 0.004371
10 0.127864 0.133618 0.002695 0.004570
10 0.129801 0.134711 0.002527 0.003974
10 0.135529 0.137592 0.003201 0.004967
10 0.095856 0.114246 0.002358 0.003576
10 0.139488 0.140572 0.003032 0.004967
10 0.137551 0.144248 0.003201 0.003974
10 0.124073 0.137095 0.002864 0.004371
10 0.126179 0.137890 0.003032 0.004371
10 0.128032 0.138784 0.003032 0.004570
9 0.142099 0.144049 0.003875 0.005961
9 0.136708 0.140771 0.003875 0.005365
10 0.114724 0.131830 0.003032 0.004570
10 0.113039 0.130836 0.002358 0.004172
10 0.116493 0.127955 0.002864 0.004371
10 0.114639 0.126962 0.002864 0.004371
10 0.098299 0.118319 0.002190 0.003775
10 0.099983 0.119114 0.002190 0.003775
10 0.101247 0.119611 0.002358 0.004769
10 0.104447 0.117028 0.002358 0.003974
10 0.087180 0.135208 0.003875 0.002980
10 0.071260 0.135804 0.003706 0.003775
10 0.078841 0.147526 0.003369 0.002980
10 0.077493 0.151301 0.003369 0.003378
10 0.082294 0.151997 0.003201 0.003179
10 0.085748 0.153984 0.003369 0.003179
10 0.081958 0.149315 0.003538 0.003378
10 0.085327 0.151103 0.003538 0.003378
10 0.102426 0.146235 0.002358 0.003974
10 0.107143 0.143354 0.002358 0.004570
10 0.120367 0.123982 0.002864 0.004371
10 0.018952 0.174349 0.003201 0.004172
10 0.021648 0.174945 0.003538 0.004570
10 0.032345 0.170276 0.002695 0.004371
9 0.412146 0.796443 0.010276 0.009338
9 0.306435 0.149116 0.003369 0.012120
0 0.319323 0.709915 0.029144 0.033777
0 0.356806 0.712696 0.016173 0.026624
0 0.371546 0.701768 0.020047 0.030201
0 0.312332 0.812736 0.022911 0.030797
0 0.332547 0.796145 0.021563 0.030201
0 0.374158 0.801609 0.021900 0.021657
0 0.382497 0.686867 0.027123 0.032982
0 0.631991 0.602325 0.038578 0.042321
0 0.392520 0.649712 0.024596 0.021458
0 0.390836 0.628055 0.022911 0.019471
9 0.444575 0.487681 0.011119 0.007749
0 0.491493 0.582058 0.023416 0.028412
0 0.519121 0.711206 0.018363 0.028412
9 0.508676 0.530300 0.010613 0.009140
9 0.532345 0.589112 0.007412 0.008345
0 0.288662 0.638486 0.027796 0.029207
0 0.285293 0.663620 0.027123 0.028214
0 0.287230 0.683886 0.021900 0.022651
0 0.242840 0.764355 0.030492 0.036161
0 0.088612 0.763561 0.045148 0.052851
0 0.139319 0.578681 0.026280 0.030002
0 0.143868 0.538446 0.035377 0.040135
9 0.137045 0.079972 0.006907 0.011723
9 0.140162 0.406716 0.009771 0.003974
8 0.190195 0.129048 0.024596 0.028015
8 0.182446 0.136499 0.025943 0.029009
9 0.234080 0.408504 0.005222 0.011127
9 0.239050 0.583946 0.010108 0.005563
9 0.234333 0.615835 0.007749 0.011723
0 0.204852 0.620703 0.030323 0.036161
0 0.206789 0.889032 0.026786 0.031591
0 0.294053 0.804987 0.023416 0.031194
0 0.275438 0.795847 0.024596 0.031194
0 0.260192 0.772303 0.024764 0.031393
9 0.583895 0.270018 0.007412 0.010332
0 0.730879 0.492947 0.029144 0.027816
10 0.030829 0.166501 0.002695 0.004371
10 0.054077 0.153884 0.003032 0.003775
10 0.046749 0.150805 0.003875 0.003576
10 0.050539 0.150507 0.003706 0.003775
10 0.040347 0.146235 0.003538 0.003179
10 0.033019 0.156567 0.003706 0.003179
10 0.028218 0.157262 0.002864 0.003378
10 0.039505 0.155772 0.002864 0.002782
10 0.043801 0.155673 0.003706 0.003378
10 0.055677 0.155076 0.003875 0.004570
0 0.758844 0.269521 0.043632 0.047884
10 0.057446 0.155772 0.002695 0.003576
10 0.031334 0.160143 0.003706 0.004769
10 0.033693 0.159547 0.003369 0.003576
10 0.036388 0.159348 0.003032 0.003179
10 0.038915 0.157858 0.003369 0.002980
10 0.041863 0.159944 0.003538 0.003576
10 0.029650 0.163024 0.002358 0.004172
10 0.067722 0.127359 0.003369 0.003179
10 0.045822 0.138287 0.002358 0.004371
10 0.028302 0.145639 0.002358 0.003974
10 0.026196 0.146136 0.002190 0.004172
0 0.785714 0.108285 0.059973 0.072323
0 0.838443 0.207232 0.040431 0.050467
0 0.812753 0.330419 0.058794 0.062388
0 0.805593 0.375621 0.064016 0.078879
0 0.893194 0.158554 0.051887 0.056030
0 0.881570 0.102523 0.052224 0.056428
10 0.029060 0.005861 0.002864 0.004172
10 0.023164 0.011027 0.003875 0.004570
10 0.046580 0.015994 0.003538 0.004172
10 0.045906 0.021061 0.003538 0.004371
10 0.049360 0.048679 0.003369 0.003576
10 0.071344 0.099344 0.004212 0.003576
10 0.047759 0.107292 0.003538 0.003576
10 0.031166 0.122492 0.004043 0.003775
10 0.043042 0.126565 0.003875 0.003576
9 0.111944 0.127161 0.003201 0.005166
9 0.110007 0.126267 0.003032 0.004967
9 0.108322 0.125273 0.003032 0.004967
10 0.152038 0.237234 0.003201 0.003179
10 0.155239 0.197596 0.003538 0.003378
10 0.152881 0.199185 0.003875 0.003775
10 0.156840 0.209120 0.003369 0.002980
10 0.155408 0.230678 0.003538 0.003179
10 0.155660 0.228492 0.003369 0.002782
10 0.153976 0.232764 0.003369 0.002980
10 0.153049 0.234850 0.002864 0.002782
10 0.151028 0.239420 0.003201 0.003179
10 0.015920 0.269720 0.001516 0.004570
10 0.150270 0.241307 0.003369 0.003378
10 0.149175 0.243493 0.003875 0.003378
10 0.148501 0.245977 0.004212 0.003974
10 0.147406 0.247963 0.003706 0.003179
10 0.146395 0.249752 0.003706 0.003576
10 0.145553 0.252136 0.003706 0.003179
10 0.047507 0.163620 0.003369 0.003378
10 0.155323 0.193423 0.003706 0.003378
10 0.146648 0.214484 0.003875 0.003775
10 0.142183 0.242599 0.003369 0.005563
10 0.131823 0.227598 0.003875 0.003378
10 0.120704 0.230280 0.003875 0.003576
10 0.119862 0.231770 0.003538 0.003378
10 0.119188 0.234055 0.003875 0.003576
10 0.116661 0.239917 0.003875 0.003378
10 0.114303 0.245579 0.003875 0.003179
10 0.112028 0.251440 0.004043 0.003378
10 0.112449 0.249553 0.003875 0.003179
10 0.113376 0.247963 0.003706 0.003576
10 0.107564 0.250944 0.004212 0.003576
10 0.109838 0.255414 0.003706 0.002980
10 0.105879 0.255315 0.003538 0.003179
10 0.126600 0.239022 0.003875 0.003179
10 0.100657 0.244784 0.003875 0.003576
10 0.129970 0.231671 0.004212 0.003974
10 0.130980 0.229684 0.003875 0.003576
10 0.017604 0.265349 0.003201 0.004172
10 0.016509 0.274588 0.003369 0.004769
10 0.122052 0.225710 0.003875 0.003576
10 0.014825 0.363799 0.003706 0.003974
10 0.064353 0.305484 0.003032 0.002186
10 0.064690 0.308365 0.003032 0.002782
10 0.065280 0.310054 0.003538 0.002583
10 0.097793 0.296940 0.002190 0.004172
10 0.100320 0.297735 0.002190 0.004967
10 0.055003 0.300517 0.003538 0.003775
10 0.052224 0.303497 0.003369 0.004172
10 0.015499 0.362110 0.003369 0.003378
10 0.064522 0.286608 0.003369 0.004172
10 0.016594 0.360322 0.003538 0.003775
10 0.017773 0.358633 0.003875 0.003576
10 0.018531 0.356646 0.003706 0.003576
10 0.019710 0.354957 0.003369 0.003775
10 0.020468 0.353268 0.003201 0.003179
10 0.021563 0.351679 0.003369 0.003576
10 0.022658 0.349493 0.003875 0.004371
10 0.062500 0.312637 0.002022 0.003775
10 0.060478 0.313531 0.002358 0.003974
10 0.058457 0.313630 0.002022 0.003775
10 0.057783 0.309458 0.002022 0.003378
10 0.061742 0.289688 0.003201 0.003974
10 0.059215 0.292668 0.003538 0.003974
10 0.056351 0.295847 0.003538 0.004371
10 0.057530 0.297338 0.003538 0.004570
10 0.053824 0.298728 0.003201 0.004172
10 0.051466 0.302106 0.003201 0.003775
10 0.049191 0.304888 0.003369 0.003775
10 0.045906 0.308464 0.003538 0.003775
10 0.043632 0.311544 0.003032 0.003974
10 0.040937 0.314723 0.003706 0.004371
10 0.038325 0.318597 0.003538 0.004172
10 0.035209 0.322074 0.004043 0.005166
10 0.050371 0.315021 0.001685 0.004172
10 0.052392 0.314425 0.002022 0.004570
10 0.054414 0.314027 0.002358 0.004172
10 0.121631 0.228293 0.004043 0.003974
10 0.124158 0.222730 0.003706 0.003576
9 0.113629 0.122591 0.003201 0.005166
10 0.094340 0.182396 0.003706 0.003576
10 0.111523 0.169779 0.003369 0.003378
10 0.143699 0.175343 0.002358 0.004570
10 0.145721 0.175939 0.002695 0.004570
10 0.059299 0.186668 0.003706 0.003378
10 0.077830 0.174647 0.003706 0.003179
10 0.074208 0.180409 0.002190 0.003974
10 0.072524 0.181800 0.003538 0.003576
10 0.091307 0.179813 0.003706 0.003576
10 0.084653 0.198788 0.003538 0.002980
10 0.089538 0.183787 0.003538 0.003576
10 0.085411 0.183390 0.003369 0.003179
10 0.087517 0.188258 0.003538 0.002980
10 0.090044 0.191039 0.003875 0.002186
10 0.083642 0.191337 0.003875 0.003179
10 0.087011 0.193721 0.003201 0.003179
10 0.082126 0.193523 0.003538 0.003576
10 0.103100 0.120703 0.003032 0.004570
10 0.135782 0.147824 0.003032 0.004769
10 0.088443 0.150407 0.003369 0.003576
10 0.084990 0.148619 0.003538 0.003179
9 0.112281 0.121597 0.003201 0.004769
9 0.110344 0.120505 0.003032 0.005365
9 0.115566 0.118319 0.003032 0.004570
9 0.113881 0.117326 0.002695 0.004570
9 0.112534 0.116332 0.002695 0.004570
9 0.081284 0.146334 0.004212 0.003775
9 0.136119 0.195013 0.004380 0.003378
9 0.139825 0.197198 0.005054 0.004172
9 0.125421 0.218558 0.004885 0.003974
9 0.142520 0.230976 0.003369 0.005365
9 0.124410 0.245082 0.004212 0.003775
9 0.122894 0.249056 0.004212 0.003775
9 0.121883 0.251242 0.004212 0.004172
9 0.125253 0.243195 0.004212 0.003576
9 0.088022 0.301013 0.002527 0.005166
10 0.085748 0.195609 0.003369 0.003378
10 0.112955 0.196006 0.002190 0.003775
10 0.124747 0.220644 0.003875 0.003378
10 0.027038 0.242996 0.002864 0.003179
10 0.030913 0.240413 0.003201 0.003974
10 0.032935 0.244089 0.003201 0.004570
10 0.034198 0.241804 0.003032 0.004371
10 0.036051 0.240811 0.002695 0.003974
10 0.037820 0.239420 0.002864 0.004371
10 0.039168 0.237532 0.003201 0.004570
10 0.026449 0.241109 0.003032 0.003378
10 0.028386 0.244784 0.003201 0.003576
10 0.107901 0.200576 0.002864 0.004172
10 0.029987 0.246871 0.003369 0.003775
10 0.139488 0.210610 0.003706 0.003576
10 0.138814 0.212299 0.003706 0.003775
10 0.137129 0.216273 0.003369 0.002980
10 0.136456 0.218259 0.003706 0.003378
10 0.134265 0.221439 0.004043 0.003378
10 0.133423 0.223723 0.003706 0.003576
10 0.022069 0.227995 0.003369 0.004172
10 0.020047 0.224618 0.003032 0.004172
10 0.017857 0.220743 0.003032 0.003974
10 0.039842 0.232366 0.003201 0.002583
10 0.138730 0.187363 0.002527 0.004769
10 0.140499 0.186668 0.002695 0.004570
10 0.140920 0.200079 0.002864 0.002782
10 0.137719 0.198093 0.003538 0.002782
10 0.041442 0.184880 0.003032 0.004570
10 0.043464 0.186072 0.002695 0.003775
10 0.045401 0.186867 0.002864 0.003775
10 0.046159 0.200676 0.003706 0.003179
10 0.049949 0.202960 0.002864 0.002980
10 0.053656 0.204848 0.003538 0.003179
10 0.059468 0.208424 0.003369 0.003179
10 0.027881 0.206338 0.003538 0.003775
10 0.026449 0.223624 0.003706 0.003775
10 0.030323 0.226008 0.003706 0.002980
10 0.035630 0.229485 0.004212 0.003179
10 0.069660 0.417346 0.003538 0.002980
10 0.068733 0.419332 0.003706 0.003775
10 0.067554 0.420922 0.004043 0.003775
10 0.063679 0.442480 0.002695 0.004371
10 0.022153 0.504967 0.003201 0.003378
10 0.021395 0.506656 0.003706 0.003576
10 0.020553 0.508444 0.003369 0.003179
10 0.019542 0.510530 0.003706 0.003378
10 0.019626 0.518379 0.003538 0.003974
10 0.060310 0.440691 0.003032 0.004371
10 0.062079 0.441288 0.002864 0.003974
10 0.058373 0.443274 0.003875 0.003576
10 0.023669 0.501192 0.003538 0.003378
10 0.057530 0.445063 0.003538 0.003179
10 0.056520 0.446851 0.003538 0.003179
10 0.056098 0.448838 0.003706 0.003179
10 0.055509 0.450825 0.003201 0.003179
10 0.053993 0.452315 0.003875 0.003775
10 0.053150 0.454103 0.003538 0.002980
10 0.052476 0.455891 0.003538 0.002980
10 0.022911 0.502980 0.003369 0.003378
10 0.024427 0.499305 0.003369 0.003179
10 0.021058 0.470296 0.003706 0.003576
10 0.032598 0.480628 0.003875 0.003179
10 0.038578 0.467713 0.003706 0.003179
10 0.037399 0.469899 0.003369 0.003576
10 0.036557 0.471786 0.003706 0.003378
10 0.035630 0.473574 0.003538 0.003378
10 0.034956 0.475363 0.003201 0.002980
10 0.034114 0.477250 0.003538 0.003576
10 0.033187 0.478740 0.003369 0.002980
10 0.031671 0.482813 0.003706 0.003576
10 0.025270 0.497715 0.003369 0.003576
10 0.030745 0.484502 0.003538 0.003378
10 0.030155 0.486390 0.003706 0.003179
10 0.029313 0.488178 0.003706 0.003576
10 0.028723 0.489867 0.003538 0.003775
10 0.027796 0.491854 0.003706 0.003775
10 0.027628 0.494039 0.003369 0.003378
10 0.026280 0.495530 0.003369 0.003576
10 0.051718 0.457679 0.003706 0.003378
10 0.050708 0.459666 0.003369 0.003378
10 0.050034 0.461454 0.003706 0.002980
10 0.027881 0.512915 0.003875 0.003378
10 0.033272 0.499901 0.003875 0.003576
10 0.032598 0.501888 0.003875 0.003576
10 0.031671 0.503477 0.003706 0.003179
10 0.030829 0.505265 0.004043 0.003576
10 0.030408 0.507252 0.003538 0.003576
10 0.029481 0.509040 0.003706 0.003179
10 0.028723 0.511027 0.003875 0.003179
10 0.025691 0.514802 0.002864 0.004371
10 0.049613 0.463441 0.003201 0.002980
10 0.027207 0.515895 0.003201 0.004570
10 0.028976 0.517385 0.003032 0.004769
10 0.015330 0.521061 0.003032 0.002583
10 0.011034 0.529803 0.003538 0.003378
10 0.011877 0.528313 0.003538 0.003179
10 0.012466 0.526525 0.003706 0.003576
10 0.013477 0.524737 0.003706 0.003576
10 0.034198 0.498212 0.004043 0.003378
10 0.035125 0.496126 0.003538 0.003974
10 0.036051 0.494039 0.003706 0.003775
10 0.036809 0.492350 0.003538 0.003576
10 0.048433 0.465229 0.003538 0.002980
10 0.047507 0.466918 0.003706 0.003179
10 0.046917 0.469005 0.003875 0.003775
10 0.046243 0.470892 0.003538 0.003179
10 0.045738 0.472581 0.003201 0.003378
10 0.044643 0.474469 0.003706 0.003576
10 0.043716 0.476356 0.003538 0.003378
10 0.042958 0.477946 0.003369 0.003775
10 0.042369 0.479734 0.003875 0.003378
10 0.041863 0.481522 0.003538 0.003378
10 0.041021 0.483310 0.003538 0.003378
10 0.039757 0.484999 0.003369 0.003179
10 0.039084 0.487085 0.003369 0.003378
10 0.038325 0.488873 0.003538 0.003378
10 0.037483 0.490662 0.003875 0.003775
10 0.039168 0.466223 0.003538 0.003378
10 0.039842 0.464435 0.003538 0.003378
10 0.040768 0.462647 0.003706 0.003378
10 0.041695 0.444367 0.003875 0.003378
10 0.037904 0.430956 0.003706 0.003576
10 0.046412 0.433241 0.003875 0.002980
10 0.045654 0.435128 0.004043 0.003576
10 0.045064 0.436817 0.003538 0.002980
10 0.044137 0.438605 0.004043 0.003378
10 0.043464 0.440493 0.003706 0.003179
10 0.042537 0.442380 0.003538 0.003378
10 0.040768 0.446354 0.003706 0.002980
10 0.033524 0.462845 0.003369 0.003378
10 0.040094 0.448043 0.003706 0.003179
10 0.039252 0.449930 0.003369 0.002980
10 0.038662 0.451619 0.003201 0.003576
10 0.037567 0.453408 0.004043 0.003576
10 0.036978 0.455394 0.003538 0.003179
10 0.036220 0.457083 0.003369 0.003378
10 0.035293 0.458871 0.003538 0.003378
10 0.037230 0.432744 0.003706 0.003974
10 0.036809 0.434830 0.003538 0.003775
10 0.035714 0.436519 0.003369 0.003576
10 0.035040 0.438407 0.003369 0.003775
10 0.022827 0.466620 0.003538 0.003378
10 0.023669 0.464832 0.003538 0.003378
10 0.024259 0.462845 0.003706 0.003775
10 0.024933 0.460759 0.004043 0.003576
10 0.025775 0.459169 0.003706 0.003974
10 0.026617 0.457282 0.003706 0.003775
10 0.027712 0.455494 0.003538 0.004172
10 0.028386 0.453805 0.003538 0.003974
10 0.029228 0.451719 0.003538 0.003775
10 0.029987 0.449732 0.003706 0.003775
10 0.030745 0.447844 0.003538 0.003576
10 0.031671 0.445957 0.003706 0.003775
10 0.032345 0.444367 0.003369 0.003378
10 0.033103 0.442281 0.003538 0.003576
10 0.034030 0.440493 0.003706 0.003974
10 0.034451 0.460858 0.003538 0.003378
10 0.032850 0.464733 0.003369 0.003576
10 0.041442 0.460461 0.003369 0.002980
10 0.048602 0.443572 0.003538 0.003378
10 0.015751 0.503576 0.003875 0.003378
10 0.014909 0.505365 0.003538 0.003378
10 0.014151 0.507153 0.003369 0.003378
10 0.051634 0.436420 0.003538 0.003378
10 0.050960 0.438506 0.003538 0.003179
10 0.050118 0.440393 0.003201 0.002980
10 0.049444 0.442082 0.003201 0.003576
10 0.048012 0.445559 0.003369 0.003378
10 0.032008 0.466422 0.003369 0.002980
10 0.047086 0.447546 0.003538 0.003378
10 0.046243 0.449632 0.003201 0.003576
10 0.045569 0.451520 0.003201 0.002980
10 0.044643 0.453209 0.003369 0.003179
10 0.043632 0.455096 0.003369 0.003378
10 0.042874 0.456785 0.003538 0.003576
10 0.042116 0.458573 0.003369 0.003576
10 0.016678 0.501689 0.003369 0.003576
10 0.017689 0.499503 0.003369 0.003576
10 0.018447 0.497616 0.003201 0.003378
10 0.019289 0.495828 0.003538 0.003378
10 0.031334 0.468110 0.003369 0.003179
10 0.030576 0.469998 0.003538 0.003775
10 0.029481 0.471886 0.003706 0.003576
10 0.028892 0.473773 0.003875 0.003775
10 0.028049 0.475462 0.003538 0.003974
10 0.027375 0.477449 0.003538 0.003576
10 0.026701 0.479237 0.003538 0.003576
10 0.025606 0.481125 0.003369 0.003378
10 0.024764 0.482913 0.003369 0.003378
10 0.024090 0.484999 0.003706 0.002782
10 0.023332 0.486688 0.003875 0.003378
10 0.022321 0.488575 0.003538 0.003576
10 0.021479 0.490463 0.003538 0.003378
10 0.020721 0.492251 0.003369 0.003378
10 0.019963 0.494139 0.003201 0.003179
10 0.014319 0.522750 0.003706 0.003576
10 0.023332 0.524439 0.002864 0.004172
10 0.026365 0.527220 0.002864 0.004172
10 0.043969 0.485694 0.003706 0.004172
10 0.038325 0.498609 0.003201 0.003378
10 0.039168 0.496523 0.003201 0.002782
10 0.039842 0.494536 0.003201 0.003576
10 0.040515 0.492847 0.003538 0.003378
10 0.041105 0.490761 0.003369 0.003179
10 0.041947 0.489072 0.003369 0.003378
10 0.042706 0.486986 0.003201 0.003576
10 0.044896 0.483906 0.003201 0.002980
10 0.051803 0.466918 0.003538 0.003974
10 0.045654 0.481820 0.003369 0.003576
10 0.046243 0.480032 0.003538 0.003179
10 0.046917 0.478542 0.003201 0.003378
10 0.047928 0.476555 0.003538 0.003775
10 0.048770 0.474568 0.003538 0.003378
10 0.049444 0.472482 0.003201 0.003179
10 0.050118 0.470793 0.003201 0.003378
10 0.037315 0.500199 0.003201 0.003378
10 0.036725 0.502384 0.003369 0.003378
10 0.035883 0.503974 0.003369 0.003378
10 0.035040 0.505861 0.003369 0.003576
10 0.034282 0.537950 0.003538 0.002980
10 0.035293 0.536161 0.004212 0.003378
10 0.026954 0.545102 0.004043 0.003378
10 0.031840 0.533976 0.003706 0.003378
10 0.030997 0.536062 0.004043 0.003576
10 0.030155 0.537850 0.004043 0.003974
10 0.029481 0.539738 0.004043 0.003378
10 0.028555 0.541824 0.003875 0.003576
10 0.027712 0.543314 0.003875 0.003378
10 0.061489 0.444765 0.003369 0.003378
10 0.031334 0.514802 0.003369 0.002782
10 0.031840 0.513113 0.003032 0.002980
10 0.032513 0.511226 0.003369 0.003576
10 0.033440 0.509636 0.003538 0.003576
10 0.034367 0.507451 0.003369 0.003576
10 0.050876 0.469104 0.003369 0.003576
10 0.053150 0.465428 0.003201 0.002980
10 0.032850 0.542023 0.003369 0.003576
10 0.041442 0.521160 0.003369 0.003576
10 0.064185 0.460759 0.003032 0.003179
10 0.063427 0.462448 0.003538 0.003378
10 0.037904 0.518875 0.003706 0.004172
10 0.036135 0.521359 0.003201 0.004371
10 0.037904 0.522551 0.003032 0.004371
10 0.039673 0.523147 0.002864 0.004371
10 0.041442 0.524637 0.002695 0.004172
10 0.042453 0.519670 0.003369 0.003775
10 0.053571 0.463640 0.003032 0.002980
10 0.039168 0.517584 0.003201 0.002782
10 0.043464 0.517683 0.003706 0.003378
10 0.040010 0.515498 0.003538 0.003378
10 0.044053 0.515696 0.003201 0.003378
10 0.044980 0.514206 0.003706 0.003576
10 0.045906 0.512120 0.003875 0.003378
10 0.046749 0.510232 0.003538 0.003576
10 0.065111 0.458673 0.003201 0.003378
10 0.065785 0.456785 0.003538 0.003576
10 0.066206 0.455196 0.003706 0.003576
10 0.067217 0.453408 0.003706 0.003576
10 0.054161 0.461852 0.003538 0.002980
10 0.055088 0.459666 0.003706 0.003378
10 0.055930 0.457878 0.003369 0.003378
10 0.056604 0.456189 0.003032 0.003179
10 0.057362 0.454500 0.003201 0.003378
10 0.058541 0.452315 0.003875 0.003378
10 0.059383 0.450527 0.003538 0.003378
10 0.059973 0.448838 0.003706 0.003576
10 0.060731 0.447049 0.003538 0.003576
10 0.071007 0.446851 0.002864 0.004371
10 0.072692 0.448142 0.002864 0.004172
10 0.074377 0.449136 0.003201 0.004172
10 0.068649 0.449434 0.003538 0.003974
10 0.071934 0.451619 0.003032 0.003576
10 0.068059 0.451520 0.003369 0.003378
10 0.033356 0.539936 0.003706 0.003378
10 0.032092 0.543612 0.003538 0.003179
10 0.024764 0.526426 0.002695 0.004172
10 0.022237 0.535267 0.003706 0.003179
10 0.015667 0.549871 0.003369 0.003775
10 0.016425 0.548182 0.003538 0.003576
10 0.017436 0.545996 0.003538 0.003974
10 0.019626 0.542718 0.004212 0.004172
10 0.020131 0.540731 0.003201 0.003378
10 0.020721 0.539241 0.003706 0.003576
10 0.021563 0.537254 0.003369 0.003576
10 0.023332 0.533280 0.003875 0.003576
10 0.021985 0.589013 0.004549 0.004172
10 0.023922 0.531393 0.003706 0.003378
10 0.024511 0.529605 0.003538 0.003378
10 0.033524 0.530995 0.003369 0.004172
10 0.035125 0.532486 0.002527 0.004371
10 0.013056 0.586529 0.003201 0.003179
10 0.012635 0.610868 0.004043 0.003775
10 0.022153 0.632625 0.003875 0.005563
10 0.014993 0.551560 0.003706 0.003576
10 0.014151 0.553547 0.003706 0.003974
10 0.013140 0.555434 0.003032 0.003378
10 0.012382 0.557123 0.003538 0.003576
10 0.010866 0.551560 0.003538 0.003179
10 0.011540 0.549672 0.004212 0.003775
10 0.012466 0.547785 0.003706 0.003576
10 0.013056 0.545897 0.003538 0.002980
10 0.013982 0.544208 0.004043 0.003576
10 0.014993 0.542420 0.003706 0.003179
10 0.015920 0.540632 0.003875 0.003576
10 0.016846 0.539042 0.004043 0.003576
10 0.017099 0.537155 0.003875 0.003378
10 0.018110 0.534969 0.003875 0.003775
10 0.018952 0.533181 0.003538 0.003378
10 0.019794 0.531194 0.003538 0.003775
10 0.020468 0.529307 0.003875 0.003974
10 0.021226 0.527419 0.003706 0.003378
10 0.011456 0.559011 0.003369 0.003378
10 0.020216 0.592092 0.004043 0.003576
10 0.022574 0.587125 0.004043 0.003974
10 0.030997 0.545202 0.003706 0.003576
10 0.021985 0.556130 0.003538 0.003576
10 0.024175 0.561792 0.003875 0.003378
10 0.015836 0.570733 0.003369 0.003378
10 0.016509 0.569144 0.003369 0.003378
10 0.017268 0.567256 0.003875 0.003179
10 0.018531 0.563282 0.003706 0.003576
10 0.020637 0.560004 0.003538 0.003378
10 0.021226 0.558017 0.003706 0.003378
10 0.027123 0.556527 0.003706 0.003576
10 0.014067 0.574409 0.003875 0.003576
10 0.027291 0.554341 0.004043 0.003179
10 0.028386 0.550566 0.004212 0.003974
10 0.024175 0.552255 0.003875 0.002980
10 0.049107 0.576396 0.003538 0.004769
10 0.024511 0.550368 0.003538 0.003576
10 0.025270 0.548182 0.003706 0.003974
10 0.030155 0.546990 0.003369 0.003179
10 0.023248 0.563779 0.003706 0.003378
10 0.021563 0.567057 0.003369 0.003576
10 0.019205 0.572422 0.003706 0.003576
10 0.043716 0.540036 0.003875 0.003576
10 0.017436 0.576495 0.003201 0.003378
10 0.026280 0.579078 0.004717 0.004570
10 0.028976 0.572621 0.003706 0.002782
10 0.031418 0.567455 0.003538 0.003179
10 0.033187 0.563779 0.003706 0.003378
10 0.034619 0.560103 0.003538 0.003179
10 0.035462 0.558514 0.003875 0.003179
10 0.037230 0.554937 0.003706 0.003576
10 0.037567 0.552951 0.004043 0.003179
10 0.038494 0.551162 0.003875 0.003179
10 0.039505 0.549374 0.003875 0.003576
10 0.040263 0.547387 0.003706 0.003179
10 0.041358 0.545599 0.003538 0.003179
10 0.041695 0.543413 0.004885 0.004371
10 0.042958 0.541923 0.003706 0.002980
10 0.021563 0.468210 0.003369 0.003378
10 0.020131 0.472482 0.003538 0.003974
10 0.067133 0.423008 0.003875 0.003576
10 0.077914 0.439897 0.002527 0.003974
10 0.078083 0.429068 0.003538 0.002980
10 0.077156 0.430956 0.003706 0.003576
10 0.076314 0.432744 0.003369 0.003179
10 0.075219 0.434433 0.003875 0.003378
10 0.073029 0.437016 0.002527 0.003775
10 0.074714 0.437910 0.002864 0.003974
10 0.076482 0.438804 0.002695 0.004172
10 0.078673 0.436916 0.003369 0.003576
10 0.079262 0.425591 0.003875 0.003179
10 0.079683 0.435128 0.004043 0.003974
10 0.080441 0.433241 0.003538 0.003775
10 0.081368 0.431154 0.003369 0.003576
10 0.082547 0.427379 0.003706 0.003576
10 0.083558 0.425690 0.003706 0.003378
10 0.084316 0.424002 0.003875 0.003974
10 0.085074 0.421915 0.003369 0.003775
10 0.078757 0.427578 0.003538 0.003179
10 0.080273 0.423902 0.003875 0.003775
10 0.019458 0.474568 0.003201 0.003775
10 0.088022 0.405126 0.003538 0.003576
10 0.093750 0.392112 0.004212 0.003378
10 0.093076 0.394000 0.003538 0.003179
10 0.092318 0.395688 0.003369 0.002980
10 0.091223 0.397477 0.003875 0.003775
10 0.090970 0.399960 0.003032 0.002782
10 0.090044 0.401450 0.003538 0.003378
10 0.088865 0.402941 0.003875 0.003179
10 0.087433 0.406914 0.003369 0.003179
10 0.081031 0.421816 0.003369 0.003179
10 0.086590 0.408603 0.003706 0.003378
10 0.085916 0.410590 0.003369 0.002980
10 0.084821 0.412577 0.003538 0.002980
10 0.084485 0.414365 0.003538 0.002980
10 0.083979 0.416153 0.003538 0.002583
10 0.082800 0.417942 0.003875 0.002980
10 0.082042 0.420127 0.003369 0.003378
10 0.086001 0.419928 0.003201 0.003378
10 0.086843 0.418339 0.003538 0.002980
10 0.100404 0.433340 0.003706 0.004371
10 0.111102 0.362905 0.003538 0.003775
10 0.105374 0.375919 0.003538 0.003179
10 0.106048 0.373733 0.003538 0.003179
10 0.106974 0.372343 0.003369 0.003974
10 0.107817 0.370058 0.003369 0.003775
10 0.108491 0.368369 0.003369 0.003576
10 0.109164 0.366581 0.003369 0.003576
10 0.109923 0.364494 0.003201 0.003378
10 0.111776 0.360918 0.003875 0.003775
10 0.087517 0.416451 0.003538 0.003179
10 0.112534 0.359030 0.003369 0.003179
10 0.113208 0.356944 0.003369 0.003378
10 0.114218 0.355255 0.003706 0.003576
10 0.115061 0.353268 0.004043 0.003974
10 0.116493 0.350785 0.003538 0.003775
10 0.117335 0.348103 0.003201 0.003179
10 0.117840 0.345917 0.003201 0.003179
10 0.103689 0.379396 0.003538 0.003775
10 0.103015 0.381681 0.003538 0.003576
10 0.102005 0.383370 0.003538 0.003378
10 0.101247 0.385059 0.003369 0.003179
10 0.088359 0.414266 0.002864 0.002782
10 0.089454 0.412478 0.003706 0.003179
10 0.090044 0.410789 0.003201 0.002980
10 0.090718 0.409100 0.003538 0.003974
10 0.091392 0.407212 0.003538 0.003775
10 0.092571 0.405126 0.004212 0.003974
10 0.094171 0.401649 0.003706 0.003378
10 0.094929 0.399762 0.003538 0.003179
10 0.095772 0.397874 0.003538 0.003775
10 0.096530 0.396185 0.004043 0.003974
10 0.097372 0.394298 0.004043 0.003775
10 0.098551 0.392708 0.003706 0.003775
10 0.098888 0.390423 0.003706 0.003576
10 0.099478 0.388734 0.003538 0.003775
10 0.100489 0.386946 0.003538 0.003775
10 0.095013 0.390225 0.003369 0.003576
10 0.095772 0.388436 0.003538 0.003179
10 0.096361 0.386350 0.004043 0.003775
10 0.084063 0.393900 0.003369 0.003775
10 0.078336 0.407212 0.004043 0.003775
10 0.078925 0.405027 0.003875 0.003775
10 0.080273 0.403239 0.004549 0.003775
10 0.080947 0.401152 0.004212 0.003576
10 0.081873 0.399066 0.004043 0.003378
10 0.082631 0.397477 0.003875 0.003378
10 0.083474 0.395589 0.003875 0.003179
10 0.084821 0.392013 0.003201 0.003576
10 0.091981 0.375820 0.003706 0.003775
10 0.085580 0.390125 0.003032 0.003378
10 0.086422 0.388536 0.003706 0.003378
10 0.087517 0.386946 0.003875 0.003775
10 0.088191 0.385158 0.003538 0.003378
10 0.089033 0.383171 0.003538 0.003775
10 0.089875 0.381482 0.003538 0.003576
10 0.090381 0.379595 0.003538 0.003775
10 0.077493 0.408802 0.004043 0.004172
10 0.076819 0.410292 0.003706 0.003576
10 0.076061 0.412279 0.003538 0.003576
10 0.075472 0.413968 0.003706 0.003775
10 0.066122 0.424697 0.004212 0.003378
10 0.065617 0.426386 0.003875 0.003576
10 0.064522 0.428075 0.004043 0.004172
10 0.062500 0.430658 0.002695 0.003775
10 0.064185 0.431651 0.003032 0.004172
10 0.065869 0.432645 0.002695 0.004172
10 0.067891 0.430757 0.003706 0.003576
10 0.068817 0.428869 0.003538 0.003775
10 0.069491 0.426982 0.003538 0.003179
10 0.070418 0.424896 0.003706 0.003775
10 0.071007 0.423008 0.003875 0.003974
10 0.072102 0.421319 0.003706 0.004172
10 0.072861 0.419432 0.003538 0.003576
10 0.073619 0.417644 0.003706 0.003576
10 0.074545 0.415756 0.003875 0.003775
10 0.091223 0.377608 0.003538 0.003378
10 0.092655 0.374031 0.003369 0.003378
10 0.097288 0.384761 0.003875 0.003378
10 0.104953 0.368071 0.003706 0.003378
10 0.110091 0.355156 0.003875 0.003378
10 0.109333 0.357044 0.003706 0.003179
10 0.108575 0.358832 0.003538 0.003179
10 0.107817 0.360819 0.003369 0.003576
10 0.107227 0.362408 0.003538 0.003179
10 0.106216 0.364494 0.003875 0.003378
10 0.105458 0.366084 0.003706 0.003775
10 0.103774 0.369760 0.003706 0.003576
10 0.093245 0.372144 0.003875 0.003576
10 0.102931 0.371846 0.003706 0.003378
10 0.102342 0.373634 0.003538 0.003378
10 0.101668 0.375621 0.003201 0.002980
10 0.100573 0.377111 0.003706 0.003974
10 0.099730 0.379098 0.003032 0.003179
10 0.098804 0.380985 0.003875 0.004172
10 0.097962 0.382873 0.003538 0.003576
10 0.110933 0.353268 0.003538 0.003179
10 0.111776 0.351381 0.003875 0.003775
10 0.112702 0.349593 0.003706 0.003378
10 0.113123 0.347705 0.003538 0.003576
10 0.103858 0.346116 0.003875 0.003179
10 0.103100 0.347904 0.003706 0.003179
10 0.102679 0.350387 0.003201 0.003378
10 0.102089 0.351679 0.003706 0.003576
10 0.101247 0.353765 0.003369 0.003378
10 0.100489 0.355454 0.003538 0.003179
10 0.099730 0.357640 0.003706 0.003576
10 0.094171 0.370455 0.003706 0.003775
10 0.095098 0.368468 0.003875 0.003775
10 0.096108 0.366779 0.003875 0.003974
10 0.096782 0.364693 0.003875 0.003775
10 0.098888 0.359428 0.003369 0.003576
10 0.098046 0.361415 0.003369 0.003576
10 0.097204 0.362905 0.003369 0.002980
10 0.114218 0.345917 0.004043 0.003576
10 0.118767 0.344029 0.003369 0.003378
10 0.126685 0.332903 0.003369 0.004570
10 0.129801 0.334194 0.003201 0.004371
10 0.022321 0.437314 0.003538 0.003179
10 0.016425 0.450030 0.003875 0.003576
10 0.017183 0.448341 0.003369 0.003378
10 0.017941 0.446453 0.003538 0.003576
10 0.018784 0.444665 0.003538 0.004371
10 0.019373 0.442579 0.003369 0.003378
10 0.020468 0.440691 0.003538 0.003576
10 0.021479 0.439201 0.003538 0.003775
10 0.022743 0.435625 0.003369 0.003378
10 0.034788 0.428075 0.003201 0.003775
10 0.023501 0.433837 0.003875 0.003378
10 0.024259 0.431850 0.004043 0.003775
10 0.025017 0.429565 0.003875 0.003576
10 0.026365 0.426485 0.003538 0.003378
10 0.027207 0.424002 0.003538 0.003576
10 0.040263 0.428571 0.002695 0.004769
10 0.038494 0.427280 0.002864 0.004570
10 0.015414 0.452116 0.004212 0.003775
10 0.014067 0.455295 0.003875 0.003378
10 0.013646 0.457381 0.003706 0.003576
10 0.017268 0.438903 0.003538 0.003576
10 0.029902 0.421717 0.003201 0.004967
10 0.013056 0.448142 0.003538 0.003378
10 0.013730 0.446255 0.003538 0.003576
10 0.014572 0.444467 0.003538 0.003974
10 0.015751 0.442480 0.003875 0.003974
10 0.016425 0.440691 0.003538 0.003179
10 0.024090 0.421915 0.003706 0.003378
10 0.023248 0.424200 0.003706 0.003576
10 0.022827 0.425988 0.003201 0.002782
10 0.021648 0.427975 0.003538 0.003576
10 0.020889 0.429664 0.003369 0.002980
10 0.020300 0.431353 0.003538 0.003179
10 0.019542 0.433439 0.003369 0.003378
10 0.019036 0.435227 0.003369 0.003378
10 0.017857 0.437115 0.003706 0.003179
10 0.036894 0.426287 0.002695 0.004172
10 0.034114 0.430558 0.003538 0.003974
10 0.026196 0.419928 0.002527 0.004172
10 0.011792 0.491158 0.003369 0.003576
10 0.017099 0.470296 0.003875 0.003974
10 0.016341 0.472283 0.003706 0.003576
10 0.015246 0.473872 0.004212 0.003974
10 0.014488 0.475661 0.003706 0.003974
10 0.013561 0.477548 0.004212 0.004172
10 0.012803 0.479535 0.004043 0.003775
10 0.011877 0.481820 0.003538 0.003576
10 0.012719 0.489470 0.003538 0.003775
10 0.033272 0.432347 0.003538 0.003576
10 0.013393 0.487582 0.003875 0.003974
10 0.014488 0.485694 0.004043 0.004172
10 0.014825 0.483608 0.003369 0.003179
10 0.015667 0.481721 0.003706 0.003378
10 0.016931 0.479833 0.003875 0.003576
10 0.017773 0.477946 0.003538 0.003775
10 0.019036 0.476257 0.003706 0.003974
10 0.017941 0.468409 0.003538 0.003775
10 0.018363 0.466521 0.003706 0.003576
10 0.019626 0.464931 0.003201 0.003179
10 0.020047 0.462746 0.003369 0.003974
10 0.032429 0.434234 0.003538 0.003775
10 0.031503 0.436519 0.003369 0.003576
10 0.030997 0.438605 0.003032 0.003378
10 0.029734 0.440294 0.003875 0.003974
10 0.029228 0.442082 0.003201 0.003179
10 0.028218 0.443771 0.003875 0.003775
10 0.027375 0.445559 0.003538 0.003775
10 0.026786 0.447646 0.003369 0.003576
10 0.025775 0.449732 0.003706 0.003775
10 0.025101 0.451917 0.003369 0.003378
10 0.024175 0.453308 0.003538 0.003378
10 0.023501 0.455196 0.003538 0.003576
10 0.022658 0.456885 0.003538 0.003378
10 0.021732 0.458673 0.003706 0.003775
10 0.020974 0.461057 0.003538 0.003775
10 0.027881 0.421021 0.002527 0.004371
10 0.016846 0.418140 0.003706 0.003775
10 0.131907 0.335486 0.003032 0.004172
10 0.123652 0.354858 0.003706 0.003576
10 0.136034 0.357540 0.003538 0.003378
10 0.134939 0.359726 0.003706 0.003378
10 0.133929 0.361216 0.003706 0.003179
10 0.127022 0.347208 0.003369 0.003378
10 0.126432 0.349096 0.003538 0.003179
10 0.125758 0.351083 0.003201 0.003179
10 0.124326 0.352871 0.003369 0.003576
10 0.122810 0.356348 0.003706 0.003775
10 0.115650 0.372939 0.003875 0.003576
10 0.121968 0.358236 0.003706 0.003179
10 0.121294 0.360123 0.003369 0.002980
10 0.120451 0.361812 0.003369 0.003179
10 0.119862 0.363600 0.003201 0.003576
10 0.118935 0.365587 0.004043 0.003576
10 0.118177 0.367673 0.003538 0.003378
10 0.117335 0.369660 0.003538 0.003378
10 0.137129 0.356249 0.003369 0.003179
10 0.137635 0.354361 0.003369 0.003378
10 0.138309 0.352374 0.003706 0.003775
10 0.129296 0.344924 0.002864 0.004371
10 0.134602 0.337274 0.003032 0.004570
10 0.136540 0.338367 0.003201 0.004769
10 0.139741 0.339956 0.003201 0.005166
10 0.141678 0.340950 0.002695 0.004769
10 0.135276 0.341844 0.004043 0.003378
10 0.114555 0.303199 0.004043 0.002384
10 0.155829 0.323863 0.003369 0.003974
10 0.157261 0.325452 0.003538 0.003974
10 0.162652 0.329128 0.003538 0.004172
10 0.157092 0.333996 0.001516 0.004769
10 0.155071 0.334095 0.001516 0.004570
10 0.153218 0.333598 0.001853 0.004371
10 0.127358 0.343731 0.002695 0.004769
10 0.132160 0.346910 0.002527 0.004769
10 0.130812 0.345818 0.003201 0.004967
10 0.116493 0.370852 0.003538 0.003775
10 0.114808 0.374528 0.003538 0.003576
10 0.016173 0.419730 0.003032 0.002980
10 0.155913 0.402543 0.003538 0.003974
10 0.123400 0.383866 0.003538 0.003576
10 0.119441 0.386449 0.003369 0.003576
10 0.115566 0.390125 0.004043 0.004172
10 0.111018 0.393702 0.004380 0.003775
10 0.106890 0.397477 0.003875 0.003775
10 0.103521 0.400358 0.002864 0.003974
10 0.133339 0.402742 0.003538 0.002384
10 0.014235 0.412676 0.002864 0.004371
10 0.114471 0.376714 0.003538 0.003179
10 0.015836 0.413670 0.002695 0.003974
10 0.017352 0.414465 0.002695 0.003974
10 0.018699 0.415955 0.003032 0.004172
10 0.013814 0.415855 0.003369 0.003576
10 0.013814 0.425194 0.003369 0.003576
10 0.014656 0.423604 0.003706 0.003576
10 0.015667 0.421717 0.003369 0.003378
10 0.128117 0.379595 0.003538 0.003775
10 0.130054 0.349295 0.003369 0.003576
10 0.129212 0.351182 0.003369 0.003378
10 0.128369 0.352970 0.003369 0.003378
10 0.113460 0.378800 0.004212 0.003775
10 0.112618 0.380886 0.003538 0.003576
10 0.117840 0.377012 0.003538 0.003378
10 0.118935 0.374925 0.003706 0.003974
10 0.120030 0.373237 0.003875 0.003775
10 0.120788 0.371548 0.004043 0.003576
10 0.121715 0.369760 0.003875 0.003576
10 0.122389 0.367773 0.003875 0.003576
10 0.123063 0.365786 0.003875 0.003179
10 0.123821 0.363998 0.003706 0.003974
10 0.124579 0.362110 0.003538 0.003378
10 0.125337 0.360521 0.003369 0.003378
10 0.126348 0.358732 0.003706 0.003378
10 0.126685 0.356447 0.004380 0.003576
10 0.127443 0.354461 0.003538 0.003576
10 0.377948 0.422809 0.003538 0.002384
10 0.377358 0.426883 0.003369 0.002186
10 0.407345 0.890622 0.004380 0.002186
10 0.610091 0.171766 0.003875 0.002980
10 0.613881 0.157461 0.003706 0.002583
10 0.612786 0.159547 0.003538 0.002782
10 0.612871 0.161832 0.003369 0.002583
10 0.612028 0.163719 0.003706 0.002384
10 0.611607 0.165309 0.003875 0.002782
10 0.610933 0.167296 0.003875 0.002782
10 0.610344 0.169382 0.004043 0.002583
10 0.608996 0.173654 0.004043 0.003179
10 0.614976 0.153586 0.003538 0.002782
10 0.609333 0.175541 0.003369 0.002583
10 0.608406 0.177528 0.003538 0.002583
10 0.607564 0.179217 0.003201 0.002782
10 0.607143 0.181005 0.003706 0.003179
10 0.606385 0.183191 0.003875 0.002782
10 0.605795 0.184880 0.003706 0.002583
10 0.605206 0.187165 0.003875 0.003179
10 0.614555 0.155772 0.003369 0.002782
10 0.614892 0.151301 0.004380 0.003378
10 0.607648 0.154778 0.002695 0.003576
10 0.619188 0.131333 0.003538 0.003179
10 0.621546 0.117028 0.003875 0.002384
10 0.621883 0.119213 0.003875 0.002384
10 0.621125 0.121299 0.003369 0.002583
10 0.620704 0.123386 0.003875 0.002782
10 0.620536 0.125273 0.003201 0.002583
10 0.620115 0.127459 0.003706 0.002980
10 0.619272 0.129545 0.003706 0.002782
10 0.618767 0.133618 0.004043 0.002583
10 0.615398 0.149414 0.003369 0.002782
10 0.618598 0.136002 0.003369 0.002980
10 0.618346 0.137592 0.003538 0.002583
10 0.617756 0.139281 0.003369 0.002384
10 0.617419 0.141466 0.003369 0.002384
10 0.616998 0.143652 0.003875 0.002384
10 0.616156 0.145738 0.003538 0.002583
10 0.615650 0.147725 0.003201 0.002583
10 0.604700 0.188953 0.003538 0.002782
10 0.603774 0.190840 0.003369 0.003378
10 0.603268 0.192827 0.003369 0.003378
9 0.606553 0.222829 0.003201 0.004967
10 0.641762 0.180111 0.002190 0.004172
10 0.639151 0.179813 0.002022 0.003974
10 0.632328 0.184780 0.002190 0.004371
9 0.616071 0.197497 0.003369 0.005563
9 0.613966 0.203358 0.003201 0.006159
9 0.611776 0.209716 0.002864 0.005365
9 0.608912 0.217663 0.003538 0.006159
9 0.605542 0.219352 0.003201 0.005166
10 0.600994 0.197993 0.003538 0.002980
9 0.626263 0.219452 0.003538 0.005365
9 0.628622 0.220246 0.002864 0.005762
9 0.636877 0.195013 0.003201 0.005762
9 0.631823 0.203656 0.003201 0.005166
10 0.642689 0.174151 0.001685 0.004570
10 0.630644 0.140175 0.003201 0.004967
10 0.644205 0.136598 0.003032 0.005365
10 0.639825 0.185873 0.002695 0.004967
10 0.635782 0.189847 0.003032 0.004570
10 0.631486 0.197894 0.002864 0.004769
10 0.635361 0.199781 0.002527 0.004570
10 0.600152 0.200477 0.003875 0.003179
10 0.599057 0.204252 0.003706 0.003179
10 0.597793 0.205941 0.003875 0.002980
10 0.596951 0.210113 0.003538 0.003378
10 0.595098 0.212199 0.003875 0.003179
10 0.604616 0.206239 0.002695 0.004371
10 0.611270 0.186569 0.002527 0.004769
10 0.612365 0.191437 0.002358 0.004172
10 0.607143 0.243394 0.003032 0.004769
10 0.605627 0.248957 0.003369 0.004769
10 0.602679 0.253825 0.003201 0.004967
10 0.600320 0.258295 0.003201 0.004769
10 0.624158 0.225214 0.002695 0.004570
10 0.633086 0.207431 0.003032 0.004769
10 0.630222 0.209418 0.002695 0.004371
10 0.621799 0.114842 0.004043 0.002384
10 0.622220 0.112656 0.003875 0.002384
10 0.542874 0.121299 0.002864 0.005365
10 0.574798 0.145837 0.003032 0.004371
10 0.563595 0.138784 0.002864 0.004172
10 0.565027 0.140076 0.003706 0.004769
10 0.566880 0.140870 0.002695 0.004769
10 0.568565 0.141764 0.002695 0.004570
10 0.570081 0.142956 0.002695 0.004570
10 0.571429 0.143950 0.003032 0.004967
10 0.573197 0.144745 0.002864 0.004967
10 0.576061 0.146732 0.002864 0.004570
10 0.539168 0.123088 0.003538 0.002583
10 0.577662 0.147924 0.003032 0.005365
10 0.579346 0.148619 0.002695 0.005166
10 0.580947 0.149613 0.002864 0.004769
10 0.582294 0.150705 0.002864 0.004967
10 0.583979 0.151599 0.002527 0.003974
10 0.585748 0.152692 0.003032 0.004172
10 0.540768 0.119114 0.003369 0.003378
10 0.561489 0.138089 0.003032 0.004769
10 0.559805 0.136996 0.002695 0.004172
10 0.558036 0.135903 0.003201 0.004371
10 0.556435 0.135108 0.003369 0.005166
10 0.593582 0.157163 0.003201 0.004769
10 0.592065 0.156368 0.003201 0.004371
10 0.590549 0.155474 0.003201 0.004172
10 0.589117 0.154182 0.003032 0.004769
10 0.587348 0.153487 0.002864 0.004172
10 0.541105 0.125273 0.002695 0.004172
10 0.542453 0.126465 0.003032 0.004570
10 0.544137 0.127459 0.003369 0.004967
10 0.545738 0.128254 0.002864 0.004570
10 0.547254 0.129247 0.002864 0.004570
10 0.548854 0.130042 0.002695 0.004570
10 0.550539 0.131035 0.003032 0.004570
10 0.552139 0.131929 0.003201 0.005166
10 0.553487 0.133221 0.002864 0.004570
10 0.555256 0.133916 0.002695 0.004371
10 0.539589 0.121001 0.004043 0.003576
10 0.538410 0.125075 0.003706 0.003378
10 0.544222 0.122293 0.002864 0.004570
10 0.558541 0.131135 0.002527 0.004371
10 0.570502 0.137989 0.003201 0.004967
10 0.568480 0.137294 0.002527 0.004769
10 0.566964 0.136300 0.002527 0.004371
10 0.565532 0.134910 0.003369 0.004769
10 0.563595 0.134115 0.003201 0.004769
10 0.561826 0.132923 0.003032 0.004769
10 0.560142 0.131830 0.003032 0.004967
10 0.556856 0.130042 0.003201 0.004967
10 0.601836 0.157262 0.002864 0.004570
10 0.555509 0.128850 0.003201 0.005365
10 0.553571 0.128055 0.002695 0.004570
10 0.552392 0.126366 0.003032 0.005166
10 0.550792 0.125869 0.002527 0.004172
10 0.549023 0.125174 0.003032 0.004769
10 0.547507 0.124280 0.002695 0.004967
10 0.546159 0.123584 0.003032 0.004769
10 0.571850 0.138883 0.003201 0.004769
10 0.573366 0.139678 0.002864 0.004371
10 0.575051 0.140970 0.002864 0.004570
10 0.576398 0.142162 0.002864 0.004570
10 0.599983 0.156269 0.003201 0.004570
10 0.598383 0.155474 0.002695 0.004570
10 0.596782 0.153984 0.002864 0.005166
10 0.594929 0.153090 0.002527 0.004172
10 0.593413 0.152494 0.002864 0.004172
10 0.592065 0.151500 0.002527 0.004570
10 0.590718 0.150407 0.002864 0.004371
10 0.589033 0.149613 0.002864 0.004769
10 0.587433 0.148420 0.002695 0.004371
10 0.585832 0.147526 0.002527 0.004570
10 0.584316 0.146831 0.002864 0.004769
10 0.582631 0.145440 0.002864 0.004769
10 0.581115 0.144546 0.002864 0.004967
10 0.579852 0.143652 0.003032 0.005166
10 0.578083 0.142857 0.002864 0.004371
10 0.613376 0.130737 0.002358 0.004371
10 0.653133 0.104510 0.002695 0.004769
10 0.569997 0.051659 0.003201 0.003974
10 0.567554 0.108484 0.002022 0.004371
10 0.579431 0.111166 0.002190 0.004967
10 0.577577 0.110868 0.002190 0.004769
10 0.575893 0.110670 0.002190 0.004371
10 0.574292 0.109974 0.002022 0.004570
10 0.572524 0.109775 0.002527 0.004570
10 0.570755 0.109477 0.002022 0.004769
10 0.569154 0.109179 0.002527 0.004967
10 0.565954 0.107888 0.002527 0.004371
10 0.582968 0.111862 0.002527 0.003974
10 0.564016 0.107789 0.002358 0.004967
10 0.562079 0.107590 0.002190 0.004570
10 0.560310 0.107391 0.002358 0.004570
10 0.559131 0.106596 0.002358 0.005365
10 0.557362 0.106100 0.002527 0.004769
10 0.555340 0.106199 0.002190 0.004570
10 0.553824 0.105106 0.002527 0.005166
10 0.581115 0.111564 0.002190 0.004570
10 0.584821 0.112557 0.002190 0.004570
10 0.568986 0.126068 0.002864 0.004570
10 0.603605 0.116432 0.002022 0.004371
10 0.580189 0.117624 0.002022 0.004769
10 0.546749 0.103815 0.002527 0.004967
10 0.548770 0.104212 0.002190 0.004967
10 0.550202 0.105106 0.002358 0.004769
10 0.608827 0.117624 0.002358 0.004371
10 0.606974 0.117326 0.002358 0.004570
10 0.605121 0.117028 0.002358 0.005563
10 0.601668 0.115835 0.002864 0.004371
10 0.586506 0.112855 0.002190 0.004769
10 0.598720 0.115239 0.002358 0.004769
10 0.596951 0.114842 0.002527 0.004371
10 0.595013 0.114445 0.002358 0.004769
10 0.593413 0.114047 0.002190 0.004769
10 0.591728 0.113948 0.002190 0.004570
10 0.589875 0.113551 0.002190 0.004967
10 0.588191 0.113352 0.002190 0.004570
10 0.552139 0.104808 0.002527 0.004172
10 0.586506 0.105007 0.003875 0.002980
10 0.613292 0.106100 0.002190 0.004769
10 0.557109 0.087622 0.003032 0.002384
10 0.548349 0.080767 0.003706 0.002583
10 0.548770 0.078581 0.003538 0.002583
10 0.549276 0.076793 0.003875 0.002583
10 0.549444 0.074707 0.003538 0.002384
10 0.549613 0.072819 0.003538 0.002583
10 0.550286 0.070336 0.003875 0.002782
10 0.556183 0.089609 0.003538 0.002782
10 0.557446 0.085833 0.003369 0.002782
10 0.584737 0.099245 0.002022 0.004967
10 0.557530 0.083350 0.003538 0.002583
10 0.578420 0.041228 0.003201 0.003775
10 0.577241 0.043215 0.003538 0.004172
10 0.575893 0.044208 0.003201 0.003775
10 0.574461 0.046195 0.003706 0.004172
10 0.573534 0.047884 0.003538 0.003974
10 0.572439 0.049076 0.003369 0.003576
10 0.548181 0.082853 0.003706 0.002782
10 0.547675 0.084840 0.003706 0.002782
10 0.547675 0.087125 0.003706 0.002186
10 0.547591 0.089112 0.003875 0.002583
10 0.586590 0.099742 0.002358 0.004769
10 0.588359 0.099940 0.002190 0.003974
10 0.590044 0.100437 0.002190 0.004172
10 0.591981 0.100934 0.002022 0.004769
10 0.593750 0.101530 0.002527 0.004769
10 0.595435 0.101729 0.002527 0.004769
10 0.596698 0.102325 0.002358 0.004769
10 0.598551 0.102523 0.002022 0.004769
10 0.600236 0.103020 0.002022 0.004570
10 0.602005 0.103517 0.002190 0.004371
10 0.603774 0.103914 0.002022 0.004371
10 0.605542 0.104212 0.001853 0.004172
10 0.607311 0.104709 0.002022 0.004769
10 0.609249 0.104808 0.002190 0.004570
10 0.611102 0.105802 0.002527 0.004172
10 0.578588 0.117226 0.001853 0.004769
10 0.576735 0.116829 0.002190 0.004371
10 0.575135 0.116432 0.002022 0.004769
10 0.603689 0.141864 0.003201 0.004769
10 0.600236 0.144943 0.003032 0.004967
10 0.601752 0.145937 0.003032 0.004570
10 0.603268 0.146831 0.002695 0.004371
10 0.605458 0.149414 0.004043 0.003576
10 0.606385 0.147427 0.003875 0.003576
10 0.606216 0.144943 0.003538 0.003378
10 0.606806 0.142658 0.003706 0.003576
10 0.601920 0.141069 0.003032 0.004769
10 0.587938 0.132625 0.002695 0.004570
10 0.600404 0.139976 0.002695 0.004570
10 0.599141 0.138685 0.003201 0.004769
10 0.597288 0.137791 0.002864 0.004967
10 0.595856 0.136996 0.003032 0.004570
10 0.594171 0.136300 0.003032 0.004371
10 0.592571 0.135704 0.002527 0.004371
10 0.591307 0.134612 0.003032 0.004570
10 0.598635 0.144049 0.002864 0.004769
10 0.597204 0.142956 0.003032 0.004967
10 0.595435 0.142162 0.003538 0.004967
10 0.594171 0.140870 0.002695 0.004371
10 0.570502 0.126962 0.002527 0.004371
10 0.572187 0.128254 0.002864 0.004570
10 0.573534 0.129148 0.002864 0.004769
10 0.575303 0.129744 0.002358 0.003974
10 0.576735 0.131035 0.002864 0.004967
10 0.578083 0.131830 0.002864 0.004172
10 0.580104 0.132625 0.002527 0.004570
10 0.581536 0.133221 0.003032 0.004570
10 0.583221 0.134115 0.003032 0.004769
10 0.584569 0.135506 0.002695 0.004769
10 0.586085 0.136499 0.003032 0.003974
10 0.587770 0.137393 0.003032 0.004172
10 0.589286 0.138287 0.002695 0.003974
10 0.590633 0.139678 0.003032 0.005166
10 0.592402 0.140076 0.003201 0.004371
10 0.589370 0.133419 0.003201 0.004570
10 0.586169 0.131532 0.002864 0.004371
10 0.573282 0.116134 0.002022 0.004570
10 0.557530 0.112557 0.002864 0.006557
10 0.545654 0.109676 0.002022 0.003974
10 0.547338 0.110173 0.002022 0.004570
10 0.549276 0.110769 0.002190 0.004967
10 0.550960 0.111266 0.002527 0.005563
10 0.552645 0.111464 0.002190 0.004371
10 0.554414 0.111862 0.002022 0.004371
10 0.555846 0.112656 0.002190 0.004769
10 0.559552 0.113253 0.002190 0.004769
10 0.585158 0.130141 0.002864 0.004371
10 0.561321 0.113451 0.002358 0.005563
10 0.563005 0.113650 0.002358 0.004371
10 0.564858 0.114345 0.002358 0.004570
10 0.566712 0.114643 0.002022 0.004371
10 0.568059 0.114941 0.002022 0.004570
10 0.569997 0.115438 0.002190 0.004769
10 0.571513 0.115637 0.002190 0.004371
10 0.582042 0.118319 0.002022 0.004570
10 0.583642 0.118518 0.001853 0.003775
10 0.585580 0.118915 0.002022 0.004570
10 0.587348 0.118716 0.002190 0.003775
10 0.583474 0.129446 0.002864 0.004172
10 0.581621 0.128850 0.002864 0.004570
10 0.579936 0.127856 0.003201 0.004967
10 0.578420 0.126465 0.002864 0.004967
10 0.576819 0.125472 0.002695 0.004967
10 0.608069 0.123584 0.002190 0.004371
10 0.606048 0.123088 0.001853 0.004570
10 0.598972 0.121498 0.002190 0.004967
10 0.600741 0.121895 0.002022 0.004570
10 0.602426 0.122690 0.002022 0.004172
10 0.604279 0.122690 0.002358 0.004967
10 0.594340 0.120803 0.002358 0.004371
10 0.592234 0.120405 0.002527 0.005166
10 0.590633 0.119511 0.002358 0.004172
10 0.589033 0.119213 0.001853 0.003974
10 0.595013 0.158256 0.003032 0.004570
10 0.596530 0.159249 0.002695 0.004570
10 0.598214 0.160143 0.003032 0.004371
10 0.555003 0.177926 0.002864 0.004570
10 0.577999 0.185078 0.004043 0.003775
10 0.562921 0.182297 0.003201 0.004570
10 0.561237 0.186469 0.002864 0.004172
10 0.561405 0.181800 0.002527 0.004769
10 0.559720 0.180807 0.003201 0.004769
10 0.558288 0.179714 0.003032 0.004570
10 0.556688 0.178820 0.003538 0.004769
10 0.553656 0.176932 0.002864 0.004967
10 0.564690 0.185377 0.003706 0.003576
10 0.551803 0.176237 0.003201 0.004769
10 0.550286 0.175243 0.002527 0.004769
10 0.549276 0.173654 0.003538 0.005961
10 0.547254 0.173455 0.002527 0.004769
10 0.545991 0.171866 0.003369 0.005166
10 0.544306 0.170872 0.003369 0.005166
10 0.542537 0.170376 0.003201 0.004967
10 0.565785 0.183290 0.004212 0.004172
10 0.563848 0.187165 0.004043 0.003974
10 0.600067 0.160938 0.002695 0.003974
10 0.581705 0.194019 0.002695 0.004570
10 0.589201 0.202563 0.003875 0.003775
10 0.589960 0.200676 0.003706 0.003576
10 0.590970 0.198291 0.004043 0.003974
10 0.587938 0.197497 0.003032 0.004371
10 0.586169 0.197198 0.002864 0.004570
10 0.584821 0.196106 0.002864 0.004769
10 0.583053 0.194914 0.003032 0.004769
10 0.580104 0.193225 0.002864 0.004172
10 0.562921 0.189251 0.003875 0.003775
10 0.578504 0.192331 0.003032 0.004769
10 0.576735 0.191437 0.003201 0.004570
10 0.575387 0.190145 0.002864 0.004769
10 0.573197 0.187761 0.003875 0.003576
10 0.572524 0.189847 0.004212 0.003775
10 0.571597 0.191635 0.004043 0.003378
10 0.570670 0.193821 0.003875 0.003775
10 0.541021 0.169581 0.003201 0.005365
10 0.539336 0.168786 0.003201 0.004967
10 0.538157 0.167594 0.002864 0.004967
10 0.557951 0.184582 0.003369 0.005563
10 0.545485 0.177230 0.003369 0.005166
10 0.547086 0.178124 0.003201 0.004967
10 0.550286 0.180211 0.002864 0.004769
10 0.551971 0.181105 0.002864 0.004967
10 0.553487 0.181800 0.002527 0.005166
10 0.554835 0.182794 0.002864 0.004769
10 0.556267 0.183787 0.003369 0.005166
10 0.559552 0.185973 0.002864 0.005166
10 0.536388 0.166402 0.003706 0.004967
10 0.593245 0.190840 0.003538 0.003378
10 0.594003 0.189152 0.003706 0.003576
10 0.594761 0.187165 0.003875 0.003974
10 0.595856 0.185277 0.003706 0.003775
10 0.591223 0.188556 0.002527 0.004371
10 0.589538 0.187661 0.002864 0.004570
10 0.588022 0.186569 0.002527 0.004371
10 0.543885 0.176237 0.003201 0.004769
10 0.542032 0.175641 0.003201 0.005563
10 0.540600 0.174548 0.003369 0.004967
10 0.539168 0.173555 0.003538 0.005365
10 0.534788 0.165607 0.002864 0.004570
10 0.533272 0.164415 0.003201 0.004570
10 0.531587 0.163322 0.003201 0.004371
10 0.530155 0.162627 0.002695 0.004172
10 0.528218 0.159944 0.004549 0.004371
10 0.527544 0.162229 0.003538 0.003378
10 0.526196 0.164514 0.004212 0.003974
10 0.525185 0.166501 0.004212 0.003974
10 0.528470 0.166402 0.003032 0.004570
10 0.530239 0.167594 0.002864 0.004570
10 0.531671 0.168389 0.003032 0.004570
10 0.533103 0.169382 0.003538 0.004967
10 0.534956 0.170376 0.003201 0.004967
10 0.536388 0.171270 0.003032 0.004769
10 0.537736 0.172462 0.003369 0.004769
10 0.579852 0.197397 0.003032 0.004570
10 0.578251 0.197000 0.002527 0.004570
10 0.576651 0.196106 0.002695 0.004371
10 0.528892 0.119909 0.004212 0.002583
10 0.525185 0.136300 0.003875 0.003179
10 0.525775 0.134115 0.003706 0.002782
10 0.526112 0.131532 0.003706 0.003179
10 0.526701 0.129446 0.003875 0.002980
10 0.532261 0.128552 0.002527 0.004769
10 0.527544 0.127061 0.004212 0.003378
10 0.528639 0.121995 0.004380 0.003179
10 0.529481 0.117723 0.004043 0.002583
10 0.578251 0.208623 0.002527 0.004769
10 0.530239 0.115637 0.004212 0.003179
10 0.530492 0.113749 0.004043 0.002583
10 0.530829 0.111762 0.004043 0.002583
10 0.531418 0.109676 0.004212 0.003179
10 0.531755 0.107590 0.004549 0.002980
10 0.532008 0.105404 0.003706 0.003378
10 0.535967 0.121001 0.002527 0.004371
10 0.523753 0.140572 0.003706 0.002980
10 0.522743 0.143056 0.004380 0.003576
10 0.522153 0.145241 0.003538 0.003179
10 0.521732 0.146732 0.004043 0.003378
10 0.509518 0.177330 0.004212 0.003775
10 0.510445 0.175442 0.004380 0.003974
10 0.511203 0.173356 0.003875 0.003378
10 0.511961 0.171468 0.003706 0.003576
10 0.512887 0.169779 0.003875 0.003775
10 0.513561 0.167991 0.003875 0.003378
10 0.514404 0.165607 0.004212 0.003775
10 0.515077 0.163620 0.003875 0.003775
10 0.515836 0.161931 0.004043 0.003576
10 0.516762 0.160441 0.003538 0.003775
10 0.517604 0.158653 0.003875 0.003775
10 0.518110 0.156567 0.003201 0.002782
10 0.518615 0.154878 0.003875 0.003775
10 0.525017 0.155176 0.002864 0.005166
10 0.521058 0.148917 0.004717 0.003775
10 0.580020 0.209815 0.002695 0.004769
10 0.557530 0.196602 0.002527 0.004172
10 0.575135 0.195013 0.002695 0.004172
10 0.569239 0.232664 0.003369 0.004769
10 0.526112 0.177429 0.003369 0.004371
10 0.524596 0.176237 0.003032 0.004769
10 0.563090 0.228591 0.002864 0.004570
10 0.564858 0.229485 0.002695 0.004769
10 0.566375 0.230578 0.002695 0.004967
10 0.567891 0.231373 0.002695 0.004172
10 0.588275 0.205146 0.004043 0.004172
10 0.571176 0.233161 0.002864 0.004570
10 0.555846 0.195311 0.002527 0.004371
10 0.572439 0.234453 0.003032 0.004769
10 0.548012 0.181701 0.001685 0.004172
10 0.586169 0.202166 0.003201 0.004967
10 0.584653 0.200874 0.002864 0.004371
10 0.582800 0.199980 0.002864 0.004570
10 0.581452 0.198788 0.003201 0.004570
10 0.573619 0.194218 0.002695 0.004570
10 0.527460 0.178919 0.003032 0.004967
10 0.529481 0.179317 0.003032 0.004967
10 0.530829 0.180509 0.003369 0.005762
10 0.532345 0.181303 0.003032 0.005365
10 0.554245 0.194417 0.002358 0.004570
10 0.552476 0.193920 0.002527 0.004371
10 0.551044 0.192927 0.002695 0.004371
10 0.553403 0.189350 0.003706 0.003576
10 0.549865 0.191536 0.003032 0.004769
10 0.548012 0.190642 0.002695 0.004172
10 0.546580 0.189648 0.002864 0.004570
10 0.544896 0.188556 0.002864 0.005166
10 0.543464 0.187463 0.003032 0.004570
10 0.541779 0.186767 0.003032 0.005166
10 0.540431 0.185873 0.003032 0.004570
10 0.538831 0.185078 0.002864 0.004570
10 0.537062 0.184284 0.002695 0.004570
10 0.535714 0.183290 0.003032 0.004570
10 0.534114 0.181999 0.002864 0.004769
10 0.533440 0.153586 0.002864 0.004769
10 0.534956 0.154282 0.002864 0.004570
10 0.536472 0.155673 0.003201 0.004570
10 0.569070 0.158355 0.003032 0.004371
10 0.581873 0.162627 0.003706 0.003775
10 0.580694 0.164216 0.004717 0.004570
10 0.573619 0.155275 0.004043 0.003378
10 0.572776 0.157063 0.003706 0.002980
10 0.571597 0.159050 0.003706 0.003378
10 0.570502 0.161037 0.003538 0.003378
10 0.570502 0.154878 0.002864 0.004172
10 0.568817 0.153586 0.002864 0.003974
10 0.554835 0.144943 0.002864 0.004570
10 0.567470 0.152394 0.002864 0.004769
10 0.565448 0.151897 0.002864 0.004172
10 0.564100 0.151401 0.002864 0.004371
10 0.562668 0.150109 0.002695 0.004570
10 0.561237 0.149116 0.002864 0.004967
10 0.559552 0.148023 0.002864 0.004769
10 0.557867 0.147129 0.002864 0.004967
10 0.582716 0.160540 0.004043 0.003576
10 0.579936 0.166700 0.003538 0.003179
10 0.597288 0.163819 0.004212 0.004172
10 0.586506 0.164216 0.003201 0.004570
10 0.595940 0.174945 0.002864 0.004570
10 0.584569 0.168190 0.003032 0.004570
10 0.586422 0.168885 0.002695 0.004371
10 0.587685 0.170177 0.002864 0.004172
10 0.589370 0.170872 0.002527 0.004371
10 0.591055 0.171667 0.003201 0.004371
10 0.592402 0.173058 0.002864 0.004769
10 0.594255 0.173853 0.003201 0.004769
10 0.597540 0.170773 0.002695 0.004967
10 0.595940 0.169680 0.002864 0.004371
10 0.594340 0.169084 0.002695 0.004769
10 0.592823 0.167892 0.002695 0.004769
10 0.591223 0.167197 0.002864 0.004967
10 0.589623 0.166203 0.003032 0.004570
10 0.588191 0.164912 0.003201 0.004769
10 0.556351 0.145837 0.002864 0.004371
10 0.553150 0.144149 0.002864 0.004570
10 0.599562 0.173455 0.004043 0.003576
10 0.538915 0.136102 0.003032 0.004769
10 0.546664 0.145539 0.003032 0.004570
10 0.545317 0.144248 0.002695 0.004769
10 0.543885 0.143155 0.003201 0.004967
10 0.542200 0.142261 0.003201 0.004371
10 0.540937 0.141764 0.003032 0.004172
10 0.539336 0.140771 0.002864 0.004570
10 0.537315 0.139976 0.002864 0.004967
10 0.536135 0.135704 0.003875 0.003576
10 0.551550 0.143553 0.003032 0.004172
10 0.535293 0.137095 0.004212 0.003576
10 0.534198 0.138784 0.004043 0.004172
10 0.537062 0.133717 0.003706 0.003179
10 0.601920 0.163521 0.003369 0.003179
10 0.602931 0.161335 0.003706 0.003179
10 0.603774 0.159348 0.003369 0.003179
10 0.604363 0.157461 0.003201 0.002980
10 0.548181 0.146533 0.003369 0.004967
10 0.549949 0.147030 0.002864 0.004371
10 0.551466 0.148222 0.002864 0.004769
10 0.553403 0.148917 0.003369 0.004967
10 0.549949 0.142758 0.002864 0.004967
10 0.548602 0.141466 0.003201 0.004769
10 0.547001 0.140473 0.002695 0.004769
10 0.545401 0.139380 0.003201 0.004570
10 0.543801 0.138784 0.003032 0.004967
10 0.542200 0.137890 0.003201 0.004769
10 0.540852 0.136598 0.003201 0.004172
10 0.567301 0.157461 0.002527 0.004172
10 0.565617 0.156666 0.003201 0.004967
10 0.563932 0.155871 0.002527 0.004172
10 0.562247 0.154878 0.003201 0.004570
10 0.559299 0.152990 0.003032 0.004371
10 0.557530 0.152196 0.002864 0.004769
10 0.556183 0.151202 0.002864 0.004769
10 0.554666 0.149911 0.002864 0.004570
10 0.600236 0.171468 0.003706 0.003576
10 0.598551 0.175343 0.003369 0.003378
10 0.537989 0.156666 0.002864 0.004172
10 0.580104 0.182098 0.002864 0.004570
10 0.569154 0.175442 0.003201 0.004769
10 0.570670 0.176436 0.002864 0.004769
10 0.572439 0.176535 0.003032 0.004172
10 0.573787 0.177628 0.002695 0.003974
10 0.575387 0.178621 0.003201 0.005166
10 0.576904 0.179913 0.003201 0.004172
10 0.578420 0.180906 0.002864 0.004172
10 0.581705 0.182992 0.003032 0.004371
10 0.585158 0.179813 0.003201 0.005166
10 0.583389 0.183787 0.003032 0.005166
10 0.585158 0.184582 0.002864 0.005166
10 0.586506 0.185774 0.003201 0.005166
10 0.592739 0.184780 0.002527 0.004769
10 0.591307 0.183986 0.003032 0.005166
10 0.589791 0.182794 0.003369 0.004769
10 0.588191 0.181701 0.003201 0.005365
10 0.567722 0.174349 0.003032 0.004967
10 0.565954 0.173853 0.002864 0.004769
10 0.564606 0.172660 0.002864 0.004769
10 0.563005 0.171667 0.002695 0.004769
10 0.539420 0.157461 0.003032 0.004967
10 0.541274 0.158355 0.002695 0.004371
10 0.542621 0.159050 0.002695 0.004172
10 0.544053 0.159845 0.002864 0.004570
10 0.545738 0.161335 0.002864 0.003974
10 0.547170 0.162329 0.002695 0.004769
10 0.548854 0.162925 0.003032 0.004769
10 0.550539 0.164017 0.003032 0.004967
10 0.552139 0.164812 0.002864 0.004570
10 0.553740 0.165905 0.003032 0.005166
10 0.555340 0.166898 0.002864 0.004371
10 0.557025 0.167693 0.002864 0.004769
10 0.558288 0.168985 0.003032 0.004967
10 0.559889 0.169680 0.003201 0.004769
10 0.561658 0.170475 0.002695 0.004769
10 0.586675 0.180906 0.003201 0.004570
10 0.583221 0.178919 0.003032 0.004967
10 0.597877 0.177230 0.003706 0.003576
10 0.541442 0.153388 0.003032 0.004769
10 0.552224 0.159646 0.002358 0.004967
10 0.550539 0.159150 0.002358 0.003974
10 0.548770 0.158554 0.002864 0.004371
10 0.547423 0.157759 0.002864 0.004371
10 0.546159 0.155871 0.003369 0.004967
10 0.544222 0.155076 0.003201 0.004570
10 0.542790 0.154282 0.003032 0.004967
10 0.539757 0.152990 0.002695 0.004371
10 0.582042 0.178323 0.002695 0.004967
10 0.538157 0.151202 0.002864 0.003974
10 0.536472 0.150109 0.003201 0.004570
10 0.534788 0.148818 0.002864 0.004371
10 0.533187 0.147030 0.003369 0.003179
10 0.532261 0.149116 0.003538 0.003378
10 0.531418 0.151103 0.003875 0.003775
10 0.530408 0.153090 0.003875 0.003378
10 0.553908 0.161037 0.003032 0.004570
10 0.555425 0.161733 0.002695 0.004769
10 0.556856 0.162726 0.002527 0.004769
10 0.558204 0.157759 0.002527 0.004769
10 0.580441 0.177230 0.002864 0.004769
10 0.578504 0.176436 0.002695 0.004769
10 0.577409 0.175045 0.003201 0.005166
10 0.575724 0.173952 0.003201 0.004967
10 0.574292 0.172958 0.003032 0.004570
10 0.572692 0.172263 0.002527 0.004371
10 0.570839 0.171071 0.003201 0.004769
10 0.569323 0.170574 0.002864 0.005365
10 0.567638 0.170276 0.002864 0.004769
10 0.565869 0.168985 0.002695 0.004570
10 0.564943 0.167693 0.002864 0.004769
10 0.563258 0.166402 0.002864 0.004570
10 0.561658 0.165706 0.003032 0.004769
10 0.559889 0.164812 0.002864 0.004967
10 0.558457 0.163819 0.002358 0.004967
10 0.571092 0.049970 0.003369 0.004172
10 0.568817 0.053447 0.003875 0.004371
10 0.376853 0.428869 0.003369 0.002583
10 0.485259 0.059805 0.003201 0.001987
10 0.495536 0.071329 0.004212 0.001987
10 0.495788 0.069044 0.004043 0.002186
10 0.482227 0.099245 0.003875 0.002583
10 0.483238 0.094973 0.003538 0.001987
10 0.485175 0.051659 0.003369 0.001987
10 0.485175 0.055732 0.003369 0.002186
10 0.485259 0.057620 0.003201 0.001987
10 0.485428 0.068150 0.003538 0.001590
10 0.495451 0.075402 0.004043 0.002186
10 0.485596 0.071627 0.003201 0.001391
10 0.485091 0.073912 0.003538 0.001987
10 0.485091 0.076495 0.003201 0.002384
10 0.485007 0.078482 0.003032 0.001987
10 0.480206 0.079277 0.003538 0.001987
10 0.479869 0.076594 0.003538 0.001788
10 0.480458 0.056428 0.003706 0.001987
10 0.495451 0.073217 0.003706 0.002186
10 0.495451 0.077588 0.003706 0.001788
10 0.467739 0.073813 0.003538 0.002583
10 0.492925 0.097854 0.003032 0.002583
10 0.495367 0.053050 0.004212 0.001987
10 0.495873 0.050467 0.003201 0.001987
10 0.495704 0.058712 0.003875 0.002186
10 0.495957 0.063183 0.003706 0.001987
10 0.495704 0.065369 0.003875 0.001987
10 0.492082 0.102027 0.003369 0.002583
10 0.492503 0.099742 0.003538 0.002384
10 0.493346 0.095867 0.003538 0.002583
10 0.495367 0.079475 0.004212 0.002384
10 0.493683 0.093781 0.004212 0.002384
10 0.494020 0.091993 0.003875 0.002384
10 0.494272 0.089907 0.004043 0.002186
10 0.494525 0.087721 0.003875 0.002186
10 0.494525 0.085535 0.003875 0.002186
10 0.494609 0.083549 0.003706 0.002186
10 0.494693 0.081264 0.003875 0.002384
10 0.480627 0.059408 0.003706 0.001987
10 0.480627 0.061693 0.003369 0.002186
10 0.480795 0.064077 0.003369 0.002186
10 0.448703 0.036658 0.003201 0.005365
10 0.457800 0.048679 0.003875 0.002782
10 0.457126 0.046592 0.004212 0.002980
10 0.456452 0.044606 0.004549 0.003775
10 0.455020 0.042519 0.004717 0.003974
10 0.453588 0.040731 0.003875 0.004371
10 0.452325 0.038446 0.004043 0.004570
10 0.450640 0.037850 0.003369 0.004570
10 0.446681 0.036261 0.003201 0.006159
10 0.481048 0.066362 0.003201 0.001987
10 0.444575 0.036261 0.002022 0.004967
10 0.442554 0.035863 0.002022 0.004967
10 0.440448 0.036161 0.002527 0.004769
10 0.438427 0.036757 0.002864 0.005166
10 0.436742 0.037652 0.003201 0.004570
10 0.434720 0.038148 0.003201 0.004769
10 0.468160 0.057719 0.003706 0.001788
10 0.458558 0.051262 0.004043 0.002782
10 0.458558 0.053745 0.004043 0.002186
10 0.459148 0.058116 0.004212 0.002186
10 0.459148 0.060799 0.004212 0.002384
10 0.480290 0.068945 0.003369 0.001987
10 0.480121 0.071528 0.003369 0.002384
10 0.480290 0.074111 0.003369 0.001987
10 0.486186 0.100238 0.002695 0.004967
10 0.426213 0.044407 0.002358 0.004172
10 0.428993 0.042917 0.002864 0.004371
10 0.435647 0.048679 0.003369 0.005961
10 0.438848 0.044705 0.003032 0.005166
10 0.458895 0.076793 0.003369 0.001788
10 0.458811 0.074508 0.003538 0.001987
10 0.458895 0.071925 0.004043 0.002384
10 0.458895 0.069740 0.004380 0.001987
10 0.459148 0.067753 0.003875 0.001590
10 0.459232 0.065468 0.004043 0.001788
10 0.459232 0.062885 0.004043 0.002186
10 0.494693 0.046791 0.004549 0.002583
10 0.494188 0.040433 0.004212 0.002583
10 0.493598 0.034870 0.004043 0.002980
10 0.446681 0.025531 0.001853 0.004570
10 0.433457 0.028313 0.002695 0.004570
10 0.435310 0.027518 0.002695 0.004570
10 0.436826 0.026724 0.003032 0.004967
10 0.438763 0.026028 0.002527 0.004769
10 0.440785 0.025929 0.002190 0.004570
10 0.442891 0.025432 0.002022 0.004769
10 0.444828 0.025333 0.001853 0.004967
10 0.449966 0.026525 0.003032 0.004967
10 0.463612 0.040731 0.003706 0.003576
10 0.452241 0.027220 0.002864 0.005166
10 0.453841 0.027816 0.002695 0.004769
10 0.455357 0.029605 0.003369 0.004769
10 0.457042 0.030499 0.003032 0.004570
10 0.458474 0.031591 0.003875 0.004769
10 0.459569 0.033678 0.003706 0.004570
10 0.461169 0.035267 0.004212 0.004967
10 0.431604 0.029207 0.003032 0.004371
10 0.429751 0.030300 0.003032 0.004172
10 0.427561 0.031293 0.003032 0.004172
10 0.426129 0.032386 0.002527 0.004371
10 0.459400 0.021359 0.003032 0.004570
10 0.461001 0.022452 0.003201 0.004371
10 0.462517 0.023545 0.003538 0.004570
10 0.463949 0.025035 0.004043 0.004769
10 0.464875 0.027220 0.004212 0.004371
10 0.466307 0.028611 0.003706 0.003974
10 0.467655 0.030797 0.003706 0.003974
10 0.468582 0.032982 0.003875 0.003179
10 0.469255 0.035267 0.003875 0.002980
10 0.470098 0.037353 0.003875 0.002782
10 0.470687 0.039340 0.004043 0.002384
10 0.470856 0.042221 0.004043 0.002583
10 0.421159 0.035466 0.003369 0.004570
10 0.422844 0.034075 0.002695 0.004172
10 0.424276 0.033082 0.002864 0.004172
10 0.462938 0.038744 0.004043 0.004371
10 0.464875 0.042817 0.004212 0.003378
10 0.492335 0.029704 0.004212 0.003775
10 0.479279 0.021756 0.004043 0.003775
10 0.484670 0.043513 0.003369 0.002384
10 0.484164 0.037353 0.004043 0.003179
10 0.483154 0.030995 0.004043 0.003179
10 0.482480 0.029207 0.004380 0.003179
10 0.481722 0.027320 0.004549 0.003378
10 0.480964 0.025432 0.004043 0.003576
10 0.480121 0.023445 0.004380 0.003576
10 0.478268 0.019770 0.004043 0.004172
10 0.465549 0.045202 0.003875 0.002980
10 0.477089 0.018279 0.004043 0.004371
10 0.476078 0.016789 0.004380 0.004570
10 0.487113 0.015696 0.004212 0.003576
10 0.487786 0.017882 0.004549 0.003974
10 0.488544 0.019670 0.004043 0.003576
10 0.491156 0.025830 0.004212 0.003576
10 0.491661 0.027717 0.003875 0.002980
10 0.474899 0.015001 0.003706 0.004172
10 0.479026 0.042420 0.003538 0.003378
10 0.478858 0.039936 0.003538 0.002782
10 0.478605 0.037652 0.003706 0.002583
10 0.420654 0.016292 0.003369 0.005166
10 0.422338 0.015100 0.002695 0.004769
10 0.423939 0.013809 0.003201 0.004570
10 0.404650 0.043811 0.003369 0.004570
10 0.467739 0.016094 0.003538 0.004371
10 0.469508 0.017286 0.003369 0.004371
10 0.471024 0.019173 0.003706 0.004570
10 0.472119 0.020962 0.003538 0.004172
10 0.473130 0.022750 0.003538 0.003775
10 0.473972 0.025035 0.003875 0.003974
10 0.474983 0.026724 0.003875 0.003775
10 0.476078 0.028611 0.003706 0.003576
10 0.476499 0.030896 0.003875 0.003775
10 0.477342 0.032982 0.003875 0.003179
10 0.478100 0.035267 0.003706 0.003378
10 0.467402 0.078184 0.003875 0.001391
10 0.467487 0.076296 0.003706 0.002384
10 0.567722 0.055533 0.003706 0.004172
9 0.744778 0.133519 0.004380 0.002782
10 0.725573 0.045400 0.003032 0.001788
10 0.732143 0.050169 0.002358 0.004172
10 0.693902 0.031790 0.001685 0.004371
10 0.745283 0.076793 0.002022 0.004570
10 0.769205 0.094874 0.002022 0.004967
10 0.783019 0.095470 0.004043 0.004967
9 0.746294 0.128850 0.004043 0.002186
9 0.755980 0.129545 0.004549 0.004371
10 0.724899 0.040334 0.004043 0.001987
9 0.757412 0.138188 0.004043 0.002583
9 0.758592 0.144447 0.004043 0.002782
9 0.817470 0.108683 0.002864 0.003974
9 0.804582 0.116630 0.003032 0.003576
9 0.793969 0.170177 0.002695 0.004967
9 0.795738 0.170077 0.002527 0.004371
9 0.769710 0.192231 0.004717 0.003775
10 0.724899 0.042817 0.003032 0.001788
10 0.732311 0.040135 0.002358 0.004371
10 0.467908 0.071528 0.003875 0.001987
10 0.726415 0.073713 0.003032 0.004371
10 0.719424 0.088118 0.003875 0.002980
10 0.711675 0.073415 0.001516 0.003775
10 0.713865 0.073415 0.002190 0.004172
10 0.715718 0.073515 0.002864 0.004371
10 0.718245 0.073217 0.002864 0.004172
10 0.721530 0.072919 0.003032 0.004371
10 0.724141 0.073515 0.002864 0.004371
10 0.676381 0.084840 0.002022 0.004371
10 0.725236 0.035963 0.003369 0.002384
10 0.702830 0.079475 0.002022 0.004371
10 0.680677 0.040632 0.001853 0.004570
10 0.692133 0.055633 0.002190 0.004769
10 0.702072 0.060699 0.002190 0.004172
10 0.715886 0.033578 0.003538 0.002384
10 0.716644 0.035367 0.003706 0.002782
10 0.725236 0.033181 0.003706 0.002384
9 0.767689 0.198689 0.004043 0.003179
9 0.765920 0.201570 0.006570 0.005365
9 0.763730 0.202762 0.004212 0.003775
9 0.875842 0.129644 0.004717 0.002980
9 0.852763 0.193125 0.004380 0.003974
9 0.906671 0.176535 0.004717 0.004172
9 0.913999 0.170972 0.002527 0.004967
9 0.881991 0.170972 0.003538 0.004967
9 0.871631 0.167793 0.004043 0.002583
9 0.865398 0.167594 0.003706 0.002583
9 0.918716 0.158454 0.002190 0.004172
9 0.870115 0.139877 0.004043 0.001987
9 0.831031 0.189946 0.004043 0.003974
9 0.870536 0.130936 0.004212 0.003576
9 0.958474 0.135406 0.003538 0.003378
9 0.913999 0.096563 0.011287 0.018677
9 0.324040 0.559905 0.003875 0.005166
9 0.190701 0.170674 0.003369 0.005563
10 0.318396 0.035863 0.003369 0.002980
10 0.406840 0.893602 0.004717 0.002583
9 0.665263 0.368865 0.003706 0.004967
9 0.785883 0.333896 0.004380 0.002980
9 0.793295 0.313729 0.004380 0.003179
9 0.796664 0.337771 0.004043 0.002782
9 0.745199 0.252831 0.003875 0.004172
9 0.746294 0.250348 0.004043 0.003576
9 0.747220 0.248261 0.004212 0.004172
9 0.751011 0.239122 0.004380 0.003775
10 0.747726 0.245579 0.003875 0.003179
10 0.749495 0.244089 0.004043 0.003378
10 0.751685 0.242599 0.003369 0.003576
10 0.757075 0.234651 0.003369 0.002782
10 0.758844 0.232863 0.003538 0.003576
10 0.754633 0.230976 0.003875 0.003378
10 0.760361 0.222333 0.003875 0.003179
10 0.758592 0.219551 0.004043 0.003576
9 0.741661 0.271011 0.002864 0.004769
9 0.758676 0.286112 0.002527 0.005166
9 0.760108 0.291973 0.004043 0.004172
10 0.718329 0.090701 0.004043 0.002583
10 0.718076 0.093185 0.003875 0.002782
10 0.717150 0.097059 0.003706 0.002583
9 0.718666 0.569839 0.003032 0.003974
10 0.509097 0.066064 0.001685 0.003775
10 0.504043 0.087622 0.002022 0.003974
9 0.534367 0.674250 0.004043 0.004570
9 0.553487 0.675243 0.004549 0.002980
9 0.513393 0.607093 0.002527 0.004570
10 0.529144 0.022949 0.001685 0.004172
10 0.531924 0.092390 0.003875 0.003179
9 0.671075 0.529704 0.002190 0.003576
9 0.672591 0.431055 0.004885 0.004172
9 0.738544 0.478542 0.002358 0.004570
9 0.655408 0.486390 0.003538 0.003179
9 0.678150 0.467812 0.001516 0.003378
9 0.676213 0.452911 0.003369 0.003775
9 0.676887 0.455891 0.003032 0.003378
9 0.677139 0.459070 0.004212 0.004570
9 0.688174 0.428174 0.007075 0.007948
10 0.507328 0.052553 0.001516 0.003378
10 0.507244 0.039837 0.002022 0.004172
10 0.513224 0.034572 0.002864 0.004769
10 0.505475 0.020068 0.002527 0.004371
10 0.467823 0.069243 0.003369 0.002186
10 0.467992 0.067256 0.004043 0.002186
10 0.468076 0.064872 0.003875 0.002186
10 0.467992 0.062587 0.003706 0.001987
10 0.467992 0.060401 0.004043 0.002384
10 0.471698 0.057719 0.003369 0.002186
10 0.471698 0.060203 0.003369 0.001987
10 0.471530 0.078482 0.003706 0.001590
10 0.471277 0.075998 0.003875 0.001788
10 0.471277 0.073813 0.003538 0.002186
10 0.471361 0.071528 0.003706 0.001987
10 0.471193 0.069442 0.003706 0.002186
10 0.471530 0.067355 0.003706 0.001987
10 0.471614 0.064971 0.003875 0.002384
10 0.471361 0.062786 0.003369 0.002384
9 0.688427 0.424399 0.004212 0.004769
9 0.670822 0.412577 0.003706 0.005762
10 0.729279 0.088019 0.003706 0.003576
10 0.731385 0.112060 0.002527 0.004769
10 0.709906 0.137890 0.003369 0.002384
10 0.710327 0.136201 0.003538 0.002583
10 0.710916 0.134015 0.003706 0.002980
10 0.711169 0.131731 0.003538 0.002384
10 0.698703 0.139777 0.002527 0.004570
10 0.699714 0.135406 0.002527 0.004967
10 0.700724 0.130638 0.002527 0.004172
10 0.723551 0.108484 0.002358 0.004371
9 0.667453 0.413372 0.005054 0.004570
10 0.716055 0.104610 0.003538 0.002583
10 0.727679 0.102225 0.003875 0.003775
10 0.728100 0.099543 0.003706 0.003576
10 0.728689 0.096265 0.004212 0.003378
10 0.725657 0.095470 0.001853 0.004570
10 0.728774 0.093781 0.004043 0.003179
10 0.729195 0.090999 0.003875 0.003576
10 0.709653 0.139877 0.003538 0.002782
10 0.708895 0.142062 0.003369 0.002782
10 0.708474 0.144049 0.003538 0.002782
10 0.707800 0.146434 0.003538 0.003179
9 0.659704 0.335188 0.004717 0.004769
9 0.704936 0.312835 0.003538 0.005365
9 0.717655 0.311941 0.003369 0.004769
9 0.699882 0.309756 0.002527 0.004371
10 0.703673 0.311444 0.003032 0.004570
10 0.698450 0.308961 0.002695 0.004371
10 0.701904 0.310848 0.002864 0.003775
9 0.718413 0.198887 0.004212 0.002782
10 0.719087 0.196900 0.003538 0.001590
10 0.719761 0.194616 0.004212 0.002980
10 0.669390 0.121697 0.001853 0.004967
10 0.707042 0.150209 0.003369 0.002782
10 0.706873 0.153586 0.002022 0.003974
10 0.716981 0.140672 0.002022 0.004371
10 0.707294 0.148222 0.003201 0.002384
10 0.457631 0.019869 0.003201 0.004371
10 0.455863 0.018677 0.003032 0.004769
10 0.454094 0.017783 0.002527 0.004967
10 0.543042 0.036459 0.003538 0.001788
10 0.558373 0.032486 0.001853 0.004570
10 0.543042 0.044407 0.004885 0.002186
10 0.543379 0.022054 0.003201 0.001987
10 0.543295 0.024041 0.003032 0.001590
10 0.542958 0.042519 0.004043 0.001987
10 0.543042 0.040532 0.003875 0.001590
10 0.543042 0.038446 0.003538 0.002186
10 0.543042 0.034572 0.003538 0.001987
10 0.565785 0.043314 0.004885 0.005961
10 0.543211 0.030399 0.004212 0.001987
10 0.543464 0.028214 0.004043 0.002384
10 0.543464 0.025730 0.004043 0.002583
10 0.547591 0.022154 0.001853 0.004570
10 0.551887 0.045202 0.004043 0.002186
10 0.552055 0.042917 0.003706 0.001590
10 0.552645 0.040731 0.003875 0.001987
10 0.557025 0.045003 0.002527 0.004570
10 0.578251 0.018081 0.004549 0.003179
10 0.452325 0.017187 0.002695 0.005365
10 0.582547 0.038347 0.004043 0.002782
10 0.584232 0.052951 0.003706 0.002186
10 0.583895 0.050864 0.003369 0.002384
10 0.583895 0.048679 0.003706 0.002384
10 0.583642 0.046592 0.003875 0.002186
10 0.583642 0.044606 0.004212 0.002186
10 0.583305 0.042519 0.004212 0.002384
10 0.582884 0.040731 0.004043 0.002782
10 0.582210 0.035963 0.004380 0.003179
10 0.579009 0.020266 0.004043 0.002782
10 0.579852 0.040334 0.003369 0.003974
10 0.581789 0.033578 0.003875 0.002782
10 0.580947 0.031293 0.003875 0.002980
10 0.580778 0.028909 0.004212 0.002980
10 0.580020 0.026426 0.004380 0.003179
10 0.579346 0.024339 0.004380 0.002980
10 0.579599 0.022154 0.003875 0.002583
10 0.552392 0.038844 0.003706 0.001788
10 0.552476 0.036956 0.003538 0.001987
10 0.552392 0.034771 0.003706 0.001987
10 0.601584 0.030896 0.003706 0.004172
10 0.592065 0.043115 0.002864 0.003974
10 0.609923 0.019968 0.003875 0.004570
10 0.607901 0.023048 0.003538 0.004371
10 0.606553 0.024240 0.003538 0.004371
10 0.604869 0.026028 0.003875 0.004371
10 0.604026 0.027816 0.003538 0.003974
10 0.602931 0.029307 0.003706 0.004172
10 0.600404 0.032287 0.003706 0.004172
10 0.552392 0.032784 0.003706 0.001987
10 0.599394 0.033678 0.003369 0.004172
10 0.598383 0.035367 0.003369 0.003974
10 0.596951 0.036559 0.003538 0.003576
10 0.596024 0.038347 0.003706 0.003974
10 0.594592 0.040036 0.003538 0.003775
10 0.593245 0.041625 0.003201 0.003775
10 0.593750 0.047785 0.003538 0.003775
10 0.593666 0.019273 0.003706 0.004769
10 0.592655 0.021260 0.003369 0.003576
10 0.591392 0.022849 0.003201 0.003974
10 0.590296 0.024439 0.003369 0.003974
10 0.552476 0.030499 0.003875 0.002186
10 0.552729 0.028512 0.003706 0.002186
10 0.552898 0.026326 0.003369 0.002186
10 0.552898 0.024240 0.003369 0.002384
10 0.552898 0.022253 0.003369 0.001590
10 0.553235 0.020266 0.003369 0.001987
10 0.553235 0.018279 0.003706 0.002384
10 0.590718 0.030499 0.003538 0.003775
10 0.591897 0.028711 0.003201 0.003775
10 0.593160 0.027320 0.003706 0.004172
10 0.594171 0.025432 0.003032 0.003974
10 0.595350 0.024041 0.003369 0.003576
10 0.596782 0.022651 0.003538 0.004371
10 0.597709 0.020564 0.003369 0.003775
10 0.589117 0.025531 0.003369 0.004172
10 0.584569 0.055136 0.003706 0.002186
10 0.585411 0.059706 0.003706 0.003378
10 0.586675 0.062686 0.003538 0.004570
10 0.567807 0.061494 0.003538 0.004172
10 0.562584 0.075402 0.003538 0.002583
10 0.563005 0.073415 0.003369 0.002583
10 0.563679 0.070932 0.003369 0.002782
10 0.564522 0.069243 0.004043 0.003775
10 0.565027 0.067256 0.003706 0.003378
10 0.565785 0.065269 0.003875 0.004172
10 0.566543 0.063084 0.003369 0.003775
10 0.569070 0.060103 0.003369 0.004570
10 0.579936 0.046394 0.003201 0.004570
10 0.570334 0.058613 0.003875 0.004371
10 0.571597 0.057123 0.003706 0.004967
10 0.572692 0.055434 0.003201 0.004371
10 0.573787 0.053745 0.003369 0.004570
10 0.574882 0.052156 0.003201 0.004172
10 0.576314 0.050964 0.003032 0.004570
10 0.577493 0.049076 0.003369 0.004769
10 0.562584 0.077588 0.003875 0.002980
10 0.562079 0.079773 0.003875 0.002186
10 0.561742 0.081860 0.003538 0.002384
10 0.561489 0.083946 0.003032 0.002583
10 0.566712 0.057322 0.003032 0.003775
10 0.565195 0.058216 0.004043 0.004769
10 0.563679 0.060699 0.004043 0.004172
10 0.562668 0.062786 0.003706 0.003974
10 0.561995 0.065269 0.003706 0.003775
10 0.560984 0.067753 0.004043 0.004371
10 0.559973 0.069938 0.003706 0.003179
10 0.559720 0.072124 0.003538 0.002782
10 0.558794 0.074409 0.004043 0.002583
10 0.558878 0.076694 0.003538 0.002384
10 0.558204 0.078681 0.003875 0.002384
10 0.557951 0.080966 0.004043 0.002980
10 0.560310 0.090801 0.003706 0.002384
10 0.560731 0.088317 0.003875 0.002583
10 0.560984 0.086231 0.003706 0.001987
10 0.578504 0.047884 0.003369 0.004371
10 0.569154 0.067455 0.003201 0.004967
10 0.587854 0.064375 0.003201 0.003576
10 0.580694 0.094576 0.003706 0.002384
10 0.572692 0.089013 0.003538 0.002782
10 0.573282 0.087026 0.003706 0.002384
10 0.573534 0.084840 0.003875 0.003179
10 0.573703 0.082555 0.003538 0.002583
10 0.573871 0.080072 0.003875 0.002782
10 0.574461 0.077985 0.003706 0.002980
10 0.579346 0.072621 0.002358 0.004570
10 0.581284 0.092490 0.003875 0.002583
10 0.574798 0.059110 0.003369 0.004570
10 0.581536 0.090701 0.003369 0.002583
10 0.582042 0.088317 0.004043 0.002980
10 0.582547 0.086430 0.004043 0.002384
10 0.582800 0.084343 0.003875 0.002186
10 0.583558 0.081562 0.003706 0.002980
10 0.590212 0.068349 0.003875 0.004769
10 0.588780 0.066263 0.003369 0.004172
10 0.572692 0.091198 0.003538 0.002782
10 0.581452 0.059011 0.003538 0.004371
10 0.580020 0.060401 0.003369 0.004371
10 0.578841 0.061693 0.003369 0.004172
10 0.568144 0.076296 0.002190 0.004371
10 0.568986 0.090602 0.003875 0.002782
10 0.569323 0.088218 0.003538 0.003179
10 0.569660 0.086231 0.003538 0.002384
10 0.570081 0.083946 0.003706 0.002583
10 0.570502 0.081661 0.003875 0.003179
10 0.570165 0.079277 0.003875 0.002384
10 0.571007 0.076992 0.003538 0.002583
10 0.571850 0.074707 0.003875 0.002782
10 0.572439 0.072422 0.004043 0.003775
10 0.573197 0.070336 0.004212 0.003974
10 0.574124 0.068349 0.003706 0.004371
10 0.575556 0.066561 0.003538 0.004371
10 0.576904 0.065170 0.003538 0.004769
10 0.577746 0.063282 0.003201 0.004172
10 0.594929 0.045897 0.003538 0.003974
10 0.596108 0.044308 0.003201 0.003974
10 0.597625 0.043115 0.003538 0.004371
10 0.377864 0.054143 0.003032 0.003775
10 0.376179 0.037751 0.003706 0.003974
10 0.377443 0.035963 0.003875 0.003974
10 0.378622 0.034472 0.003538 0.003775
10 0.379717 0.032585 0.003706 0.004371
10 0.381317 0.030797 0.003875 0.004769
10 0.385024 0.026326 0.003201 0.004570
10 0.388982 0.022054 0.003369 0.003974
10 0.378622 0.051659 0.003538 0.004371
10 0.395131 0.030499 0.003538 0.004967
10 0.379970 0.049573 0.003875 0.004570
10 0.382244 0.046096 0.003369 0.003974
10 0.383423 0.044705 0.003369 0.003974
10 0.384855 0.043215 0.003538 0.004172
10 0.385613 0.041129 0.003706 0.003974
10 0.388309 0.038049 0.003706 0.004172
10 0.389656 0.036459 0.003369 0.004172
10 0.374832 0.039340 0.003706 0.004769
10 0.373400 0.040831 0.003538 0.004172
10 0.371378 0.044308 0.003201 0.003974
10 0.452156 0.107193 0.003706 0.003378
9 0.426297 0.572919 0.002190 0.004967
9 0.430003 0.571528 0.002190 0.004570
9 0.478352 0.599146 0.003875 0.004570
9 0.476584 0.597954 0.003706 0.005762
9 0.470435 0.591496 0.003538 0.005166
9 0.475067 0.596463 0.003032 0.004769
9 0.463022 0.568051 0.003201 0.003974
9 0.469003 0.557222 0.004380 0.005365
9 0.366408 0.595271 0.003032 0.005961
9 0.350994 0.557719 0.004885 0.003179
10 0.412567 0.454699 0.003369 0.002980
10 0.429161 0.154480 0.002190 0.004570
10 0.429582 0.146136 0.002022 0.004967
10 0.445334 0.111663 0.003538 0.003974
10 0.448534 0.109279 0.003538 0.003179
10 0.392015 0.033280 0.003369 0.004172
10 0.385192 0.054341 0.003538 0.004570
9 0.494525 0.660044 0.002527 0.003974
10 0.431351 0.021061 0.003201 0.004769
10 0.419643 0.028810 0.003032 0.003974
10 0.421749 0.028114 0.003538 0.004570
10 0.423265 0.026724 0.003201 0.004967
10 0.425118 0.025035 0.002864 0.004371
10 0.426634 0.023942 0.003201 0.004570
10 0.428319 0.022949 0.002527 0.004570
10 0.429835 0.021856 0.002864 0.004769
10 0.433120 0.019869 0.003032 0.004769
10 0.386540 0.051957 0.003201 0.003378
10 0.434973 0.018975 0.002358 0.004570
10 0.436995 0.017783 0.002695 0.004967
10 0.438932 0.016889 0.002864 0.004371
10 0.440785 0.016392 0.002190 0.004570
10 0.442638 0.015994 0.001853 0.004570
10 0.444828 0.016292 0.001853 0.003974
10 0.447439 0.016292 0.002358 0.004769
10 0.418379 0.030797 0.003201 0.004371
10 0.419053 0.017882 0.003201 0.004371
10 0.417621 0.018875 0.003032 0.004371
10 0.415852 0.020266 0.003538 0.004769
10 0.387382 0.050070 0.003538 0.003974
10 0.388982 0.048679 0.003369 0.003974
10 0.389656 0.046493 0.004717 0.005166
10 0.391846 0.045202 0.003706 0.004172
10 0.393194 0.043314 0.003032 0.003974
10 0.394458 0.042023 0.003201 0.004172
10 0.395553 0.039738 0.003032 0.003974
10 0.396900 0.037950 0.003369 0.003974
10 0.398164 0.036360 0.003538 0.004769
10 0.399933 0.034472 0.003706 0.004570
10 0.401533 0.032982 0.003538 0.004769
10 0.403049 0.031691 0.003538 0.004570
10 0.405071 0.030101 0.003201 0.004172
10 0.412399 0.023545 0.003369 0.004967
10 0.414505 0.021558 0.003538 0.004172
9 0.366240 0.644943 0.004043 0.003179
9 0.490903 0.663620 0.004043 0.003576
10 0.598804 0.041526 0.003875 0.004371
10 0.617588 0.032287 0.003369 0.003775
10 0.604616 0.049076 0.003369 0.003974
10 0.605879 0.047785 0.003538 0.004172
10 0.606806 0.046195 0.004380 0.004967
10 0.608322 0.044606 0.003369 0.004570
10 0.612786 0.038148 0.003538 0.003974
10 0.614303 0.036757 0.003538 0.003974
10 0.616408 0.033578 0.003369 0.003974
10 0.618683 0.030399 0.003201 0.003974
9 0.048181 0.789787 0.006739 0.008345
10 0.619862 0.029406 0.003538 0.003974
10 0.620957 0.027518 0.003706 0.004172
10 0.622389 0.026128 0.003201 0.004172
10 0.623652 0.024439 0.003369 0.003974
10 0.624495 0.022452 0.003706 0.004371
10 0.625758 0.021061 0.002864 0.003974
10 0.627022 0.019770 0.003369 0.003775
10 0.603521 0.050666 0.003201 0.003974
10 0.602089 0.051957 0.003706 0.004570
10 0.601078 0.053745 0.003369 0.004172
10 0.600067 0.055235 0.003369 0.003974
10 0.599562 0.039936 0.003369 0.004371
10 0.600910 0.038248 0.003032 0.004172
10 0.601836 0.036757 0.003201 0.003974
10 0.602931 0.034870 0.002695 0.003775
10 0.604363 0.033876 0.003201 0.004570
10 0.605711 0.032486 0.004212 0.004967
10 0.606974 0.030896 0.004043 0.004570
10 0.608069 0.029108 0.003538 0.004570
10 0.608996 0.027816 0.003369 0.004769
10 0.610175 0.026128 0.003706 0.004172
10 0.611439 0.024240 0.003538 0.004371
10 0.612786 0.023247 0.003538 0.004769
10 0.613713 0.021359 0.003706 0.004570
10 0.614808 0.019571 0.003201 0.003775
10 0.598383 0.056428 0.004043 0.004769
10 0.136371 0.084343 0.002864 0.004570
9 0.308962 0.548778 0.003032 0.004769
9 0.484838 0.653487 0.004043 0.001987
9 0.378622 0.918438 0.001853 0.005365
9 0.307530 0.662329 0.003538 0.004172
9 0.360596 0.618319 0.004885 0.009140
9 0.363039 0.621597 0.005728 0.009338
9 0.365987 0.624677 0.005222 0.010332
9 0.321092 0.902245 0.002022 0.004769
9 0.355206 0.914663 0.002527 0.005365
9 0.372473 0.916849 0.002358 0.006159
9 0.383592 0.918637 0.001685 0.004967
9 0.310900 0.549672 0.003538 0.004967
9 0.395974 0.916650 0.003538 0.006159
9 0.404902 0.903537 0.003875 0.002583
9 0.406166 0.898371 0.004380 0.002186
9 0.401449 0.886648 0.005728 0.002583
9 0.417537 0.841446 0.002527 0.006755
9 0.387382 0.873733 0.002864 0.005365
9 0.406840 0.651401 0.002022 0.004967
9 0.311658 0.659646 0.003032 0.005563
9 0.352426 0.675641 0.003032 0.004967
9 0.350152 0.677032 0.003538 0.005365
9 0.342739 0.688158 0.002527 0.004967
9 0.321429 0.557222 0.003369 0.004967
9 0.322945 0.558116 0.003032 0.004371
9 0.326061 0.562388 0.003538 0.004967
9 0.327746 0.563978 0.003538 0.005762
9 0.331873 0.567256 0.004043 0.004769
9 0.335580 0.573217 0.003706 0.004769
9 0.362618 0.568448 0.004549 0.003179
9 0.378117 0.563580 0.003538 0.002583
9 0.354026 0.609676 0.003538 0.002583
9 0.310563 0.671766 0.004212 0.004371
9 0.317217 0.673753 0.003706 0.004371
9 0.323113 0.684780 0.003369 0.005365
9 0.324124 0.686370 0.003706 0.004967
9 0.333642 0.688754 0.002527 0.005365
9 0.335664 0.689350 0.002190 0.004967
10 0.508844 0.179118 0.003875 0.003378
10 0.508170 0.180906 0.003875 0.003775
10 0.507328 0.182794 0.004212 0.003974
10 0.457800 0.300119 0.003538 0.002980
10 0.461253 0.281939 0.003706 0.001987
10 0.460580 0.285913 0.003706 0.001987
10 0.460411 0.287900 0.004043 0.002782
10 0.459316 0.291675 0.003875 0.002384
10 0.459063 0.293761 0.004043 0.002583
10 0.458726 0.295847 0.003369 0.002782
10 0.457968 0.297834 0.003875 0.002782
10 0.457126 0.302404 0.003875 0.002782
10 0.461927 0.277767 0.003706 0.002384
10 0.456536 0.305782 0.004043 0.002384
10 0.456115 0.307669 0.003875 0.002186
10 0.456031 0.309656 0.003706 0.002583
10 0.455778 0.311941 0.003538 0.002782
10 0.455357 0.314027 0.003706 0.002186
10 0.454852 0.316114 0.003369 0.001987
10 0.454178 0.318001 0.003032 0.001788
10 0.461590 0.280052 0.003369 0.002186
10 0.462180 0.275780 0.003875 0.002782
10 0.456199 0.329128 0.003369 0.002583
10 0.451567 0.401947 0.003201 0.002384
10 0.454178 0.387940 0.003706 0.002980
10 0.453673 0.389926 0.003369 0.002583
10 0.453420 0.391913 0.003538 0.002583
10 0.453083 0.393900 0.003201 0.002583
10 0.452577 0.395986 0.003201 0.002384
10 0.452241 0.398172 0.003201 0.001987
10 0.451904 0.399762 0.003201 0.001987
10 0.451398 0.404232 0.003201 0.002980
10 0.462685 0.271905 0.003875 0.002583
10 0.450977 0.406020 0.003369 0.002980
10 0.450640 0.408106 0.003369 0.001987
10 0.450387 0.409994 0.003201 0.002186
10 0.450219 0.412279 0.003538 0.002384
10 0.449798 0.414365 0.003706 0.002583
10 0.463443 0.267634 0.003706 0.002782
10 0.463275 0.269819 0.004043 0.002782
10 0.453925 0.319988 0.003875 0.002583
10 0.453673 0.322074 0.003706 0.002782
10 0.453083 0.324359 0.003875 0.002583
10 0.452577 0.349493 0.003538 0.002384
10 0.463865 0.291178 0.003538 0.002583
10 0.462096 0.298927 0.003706 0.002583
10 0.446934 0.353666 0.002358 0.004371
10 0.448787 0.353964 0.002358 0.004570
10 0.450640 0.354560 0.001685 0.004172
10 0.452241 0.354759 0.002190 0.004570
10 0.452241 0.351381 0.003201 0.002583
10 0.452914 0.347407 0.003538 0.002583
10 0.453251 0.326346 0.003538 0.002186
10 0.453251 0.345420 0.003201 0.002186
10 0.453673 0.343632 0.003369 0.002583
10 0.454009 0.341546 0.003369 0.002782
10 0.454431 0.339559 0.003875 0.002384
10 0.454768 0.337274 0.003875 0.002583
10 0.455273 0.335585 0.003875 0.003179
10 0.455526 0.333201 0.003369 0.002384
10 0.464960 0.285019 0.003706 0.002186
10 0.464960 0.283131 0.003369 0.001987
10 0.466307 0.276674 0.003706 0.002186
10 0.466644 0.274886 0.003369 0.001788
10 0.452577 0.328035 0.003538 0.002384
10 0.452325 0.330022 0.003369 0.001987
10 0.451819 0.332406 0.003706 0.002384
10 0.451482 0.334194 0.004043 0.003179
10 0.451398 0.336281 0.003201 0.002186
10 0.450640 0.338665 0.003706 0.002186
10 0.450387 0.340652 0.003201 0.001788
10 0.450219 0.342738 0.003201 0.001987
10 0.449377 0.344327 0.004212 0.002384
10 0.449292 0.346612 0.003369 0.002186
10 0.448871 0.348500 0.003538 0.002384
10 0.448282 0.350685 0.003706 0.002782
10 0.467908 0.266541 0.003538 0.002186
10 0.467487 0.268925 0.003706 0.002980
10 0.467065 0.273098 0.003538 0.002186
10 0.454599 0.385953 0.003538 0.002583
10 0.455020 0.383966 0.003369 0.002583
10 0.455441 0.381780 0.003875 0.002583
10 0.461422 0.368865 0.003032 0.002583
10 0.459232 0.383072 0.003369 0.002384
10 0.459232 0.381085 0.003706 0.002782
10 0.459821 0.378701 0.003538 0.002384
10 0.459653 0.377012 0.003201 0.002186
10 0.459990 0.375025 0.003538 0.002980
10 0.460916 0.372939 0.003706 0.002782
10 0.460832 0.370852 0.003201 0.002583
10 0.461759 0.366779 0.003369 0.002782
10 0.465802 0.346414 0.004043 0.002583
10 0.462348 0.364594 0.003875 0.002384
10 0.462601 0.362607 0.003706 0.002782
10 0.462770 0.360521 0.003369 0.002583
10 0.463106 0.358633 0.003706 0.002782
10 0.463612 0.356447 0.003706 0.002782
10 0.463780 0.354560 0.003706 0.002583
10 0.464960 0.352474 0.003706 0.003179
10 0.458642 0.385059 0.003875 0.002384
10 0.458053 0.387045 0.003706 0.002384
10 0.457547 0.388834 0.003706 0.002384
10 0.457210 0.390920 0.003369 0.002583
10 0.472035 0.310352 0.003369 0.002384
10 0.471782 0.312339 0.003538 0.002782
10 0.470687 0.318299 0.003706 0.002384
10 0.469508 0.326346 0.003706 0.002186
10 0.468918 0.330519 0.003538 0.002583
10 0.468413 0.332704 0.003201 0.002186
10 0.468245 0.334492 0.003538 0.002186
10 0.454431 0.407312 0.003538 0.002384
10 0.455020 0.405027 0.003369 0.002583
10 0.455357 0.403040 0.003032 0.002186
10 0.455610 0.401152 0.003538 0.002782
10 0.455778 0.398967 0.003201 0.001987
10 0.456368 0.397079 0.003706 0.002186
10 0.456452 0.394993 0.003201 0.002384
10 0.456621 0.392807 0.003201 0.002782
10 0.465381 0.348401 0.003875 0.002583
10 0.465970 0.344625 0.003706 0.002583
10 0.455694 0.380091 0.004043 0.002782
10 0.458979 0.361812 0.003875 0.001987
10 0.461506 0.347606 0.002864 0.002186
10 0.461422 0.349593 0.003706 0.002186
10 0.461085 0.351480 0.004043 0.001987
10 0.460243 0.353666 0.003369 0.002384
10 0.459906 0.355454 0.003369 0.001987
10 0.459316 0.357342 0.003875 0.002583
10 0.459400 0.359527 0.003369 0.002583
10 0.458726 0.363898 0.003706 0.002186
10 0.466307 0.342539 0.003706 0.002384
10 0.457968 0.365885 0.003875 0.002186
10 0.457547 0.367574 0.003706 0.002782
10 0.457210 0.369760 0.003706 0.002782
10 0.456873 0.371548 0.003369 0.001987
10 0.456284 0.373932 0.003538 0.002384
10 0.456452 0.375919 0.003201 0.002782
10 0.455863 0.377906 0.003706 0.002384
10 0.462348 0.345420 0.003201 0.002186
10 0.462096 0.343334 0.003706 0.002384
10 0.462770 0.341645 0.003706 0.002583
10 0.463275 0.339658 0.003369 0.002583
10 0.466728 0.340652 0.003538 0.002583
10 0.466981 0.338168 0.003369 0.003179
10 0.468329 0.311246 0.004043 0.002980
10 0.468160 0.313332 0.003706 0.002782
10 0.467823 0.315319 0.003369 0.002384
10 0.467065 0.317405 0.003201 0.002583
10 0.466897 0.319193 0.003538 0.002186
10 0.466560 0.321578 0.002864 0.002186
10 0.466055 0.323366 0.003875 0.002186
10 0.465549 0.327638 0.003538 0.002384
10 0.465128 0.329525 0.003706 0.002583
10 0.465296 0.331611 0.003706 0.002782
10 0.464370 0.333598 0.003875 0.002384
10 0.464117 0.335486 0.003706 0.002186
10 0.463696 0.337175 0.003538 0.002782
10 0.456115 0.331115 0.003875 0.002583
10 0.456621 0.327240 0.003201 0.002782
10 0.506486 0.184880 0.004212 0.004172
10 0.439353 0.350387 0.003369 0.002583
10 0.437163 0.364693 0.004043 0.002980
10 0.436995 0.362408 0.003369 0.002384
10 0.437584 0.360223 0.003201 0.003179
10 0.438258 0.358236 0.003538 0.002782
10 0.438679 0.356149 0.003369 0.002583
10 0.438932 0.354361 0.003201 0.002980
10 0.439269 0.352474 0.003538 0.002384
10 0.440195 0.348301 0.003369 0.002782
10 0.436152 0.368667 0.004043 0.002980
10 0.440532 0.346116 0.003706 0.002782
10 0.441038 0.344029 0.003706 0.002980
10 0.441543 0.342043 0.003706 0.002583
10 0.442301 0.340254 0.003875 0.002583
10 0.442217 0.338367 0.003706 0.002384
10 0.442385 0.336281 0.003706 0.002186
10 0.442891 0.333996 0.003706 0.002782
10 0.436742 0.366680 0.003538 0.002583
10 0.435900 0.371051 0.003875 0.002980
10 0.456873 0.325154 0.003369 0.002583
10 0.431856 0.390622 0.003201 0.002384
10 0.429582 0.404927 0.003369 0.002384
10 0.429835 0.403040 0.003538 0.002583
10 0.430256 0.400854 0.003706 0.002583
10 0.430340 0.398768 0.003538 0.002782
10 0.431098 0.396781 0.004043 0.002782
10 0.431435 0.394695 0.003706 0.002583
10 0.431772 0.392609 0.003706 0.002782
10 0.432193 0.388635 0.003538 0.002782
10 0.435731 0.372939 0.003538 0.002782
10 0.432530 0.386350 0.003538 0.002583
10 0.433288 0.384463 0.003706 0.002384
10 0.433457 0.382575 0.003706 0.002583
10 0.433794 0.380588 0.003706 0.002583
10 0.434383 0.378800 0.003875 0.002980
10 0.434720 0.376416 0.003538 0.002980
10 0.435310 0.374429 0.003706 0.002980
10 0.442975 0.332009 0.003201 0.002384
10 0.443396 0.329923 0.003706 0.002980
10 0.443649 0.328134 0.003201 0.002583
10 0.445249 0.299026 0.003706 0.002782
10 0.448113 0.285019 0.003706 0.002980
10 0.447776 0.286807 0.003706 0.002583
10 0.447524 0.288794 0.003538 0.002186
10 0.446934 0.290980 0.003369 0.002583
10 0.446597 0.292867 0.003369 0.002384
10 0.446429 0.295053 0.003032 0.002384
10 0.445839 0.297040 0.003538 0.002384
10 0.444660 0.301113 0.003538 0.002583
10 0.444154 0.326147 0.003538 0.002980
10 0.444323 0.303398 0.003875 0.002782
10 0.444154 0.305583 0.003538 0.002384
10 0.444070 0.307073 0.003369 0.002186
10 0.443396 0.309060 0.003369 0.002583
10 0.443733 0.311146 0.003032 0.001590
10 0.442722 0.312736 0.003706 0.002384
10 0.442385 0.314922 0.003369 0.002782
10 0.448366 0.282833 0.003538 0.002583
10 0.448871 0.280648 0.003538 0.002583
10 0.452577 0.281343 0.003538 0.002782
10 0.451904 0.286012 0.003538 0.002186
10 0.444491 0.324260 0.003875 0.002384
10 0.445165 0.322273 0.003538 0.002782
10 0.445502 0.320187 0.003538 0.002583
10 0.445839 0.318001 0.003875 0.002980
10 0.446092 0.315816 0.003706 0.002583
10 0.446850 0.314325 0.003538 0.002782
10 0.447102 0.312140 0.003369 0.002384
10 0.446934 0.310054 0.003032 0.002186
10 0.447861 0.307769 0.003538 0.002384
10 0.447776 0.305782 0.003032 0.002384
10 0.448197 0.303994 0.003201 0.002782
10 0.448787 0.302106 0.003369 0.002980
10 0.449040 0.299722 0.003538 0.002583
10 0.449798 0.297735 0.003706 0.002980
10 0.450724 0.289887 0.003201 0.002384
10 0.429330 0.406914 0.003538 0.002384
10 0.428908 0.408603 0.003369 0.002583
10 0.428487 0.410689 0.003875 0.002782
10 0.443733 0.395887 0.003369 0.002980
10 0.441543 0.410391 0.003369 0.002980
10 0.441543 0.408206 0.003369 0.002583
10 0.442049 0.406120 0.003706 0.002782
10 0.442133 0.403934 0.003538 0.002782
10 0.442554 0.402245 0.003369 0.002980
10 0.442891 0.400159 0.003369 0.002782
10 0.443480 0.398073 0.003875 0.002980
10 0.444660 0.393801 0.003875 0.002782
10 0.447608 0.375919 0.003369 0.003179
10 0.444660 0.392112 0.003875 0.002980
10 0.444912 0.389827 0.003369 0.002782
10 0.445165 0.387840 0.003538 0.002384
10 0.445418 0.386251 0.003369 0.002384
10 0.445755 0.383966 0.003369 0.002583
10 0.446597 0.381979 0.003369 0.002980
10 0.447102 0.379694 0.003706 0.002782
10 0.440954 0.412180 0.003538 0.002583
10 0.440280 0.414067 0.003538 0.002782
10 0.440280 0.416054 0.003875 0.002782
10 0.439943 0.418041 0.003875 0.002782
10 0.457294 0.323167 0.003201 0.002583
10 0.457631 0.320982 0.003201 0.002583
10 0.457800 0.319193 0.003201 0.002583
10 0.458221 0.317008 0.003369 0.002583
10 0.458642 0.315021 0.003538 0.002583
10 0.459148 0.312935 0.003538 0.002782
10 0.460243 0.308961 0.004043 0.002782
10 0.461001 0.304888 0.003538 0.002583
10 0.461085 0.302901 0.004043 0.002583
10 0.461422 0.301113 0.003706 0.002583
10 0.444997 0.363004 0.002190 0.004371
10 0.450472 0.364693 0.002022 0.004570
10 0.448703 0.364097 0.002190 0.004967
10 0.446934 0.363302 0.002022 0.004967
10 0.439353 0.420127 0.003706 0.002980
10 0.447102 0.377707 0.003369 0.002782
10 0.448029 0.373932 0.003538 0.002782
10 0.427898 0.412875 0.003369 0.002384
10 0.435478 0.419332 0.003706 0.002980
10 0.438595 0.405027 0.002864 0.002583
10 0.438174 0.406914 0.003032 0.002384
10 0.437753 0.409001 0.003538 0.002583
10 0.437247 0.411286 0.003201 0.002384
10 0.436826 0.413272 0.003032 0.002384
10 0.436658 0.415359 0.003032 0.002186
10 0.436405 0.417346 0.003538 0.002186
10 0.424781 0.429068 0.003538 0.002583
10 0.448366 0.371647 0.003538 0.002583
10 0.425286 0.427081 0.003875 0.002583
10 0.425708 0.424896 0.003369 0.002186
10 0.426129 0.422909 0.003538 0.002583
10 0.426466 0.421121 0.003875 0.002583
10 0.426718 0.419034 0.003706 0.002782
10 0.427308 0.416849 0.003538 0.002782
10 0.427561 0.414763 0.003706 0.002583
10 0.438511 0.402941 0.003369 0.002782
10 0.439100 0.401053 0.003538 0.002583
10 0.439353 0.398967 0.003706 0.002782
10 0.439522 0.397179 0.003369 0.002384
10 0.448619 0.369660 0.003369 0.002583
10 0.444660 0.368865 0.003538 0.002583
10 0.444575 0.370952 0.003369 0.002384
10 0.444154 0.372740 0.003201 0.002384
10 0.444070 0.374429 0.003369 0.002583
10 0.443649 0.376714 0.003538 0.002384
10 0.443480 0.378701 0.003538 0.002782
10 0.442891 0.380886 0.003369 0.002384
10 0.442385 0.383171 0.003369 0.002583
10 0.442049 0.385158 0.003369 0.002583
10 0.441627 0.386946 0.003201 0.002186
10 0.441290 0.389032 0.003538 0.002384
10 0.440701 0.390821 0.003706 0.002782
10 0.440195 0.393106 0.003706 0.002583
10 0.440111 0.394993 0.003538 0.002384
10 0.472877 0.308265 0.003706 0.002980
10 0.470098 0.303398 0.003538 0.002384
10 0.478100 0.281840 0.003706 0.002583
10 0.400606 0.437314 0.004043 0.002782
10 0.402712 0.359626 0.003538 0.002782
10 0.402375 0.361613 0.003538 0.002782
10 0.401954 0.363700 0.003706 0.002980
10 0.401617 0.365587 0.003706 0.002782
10 0.401449 0.367673 0.003369 0.002583
10 0.400943 0.369362 0.003369 0.002384
10 0.400438 0.371647 0.003369 0.002186
10 0.401196 0.435029 0.003538 0.002980
10 0.403555 0.355255 0.003538 0.002384
10 0.402123 0.431055 0.003706 0.002186
10 0.402460 0.429167 0.004043 0.002782
10 0.402796 0.427280 0.003706 0.002186
10 0.403386 0.424995 0.003538 0.002782
10 0.403639 0.423008 0.003706 0.002384
10 0.404228 0.420723 0.003538 0.002583
10 0.404734 0.416650 0.004212 0.002782
10 0.403133 0.357441 0.004043 0.003179
10 0.404144 0.353368 0.003032 0.002186
10 0.473888 0.283231 0.003706 0.002980
10 0.407261 0.333400 0.004212 0.003179
10 0.410125 0.319193 0.004212 0.002980
10 0.409956 0.321280 0.003538 0.003179
10 0.409619 0.323266 0.003538 0.003179
10 0.409114 0.325253 0.003538 0.003179
10 0.408524 0.327340 0.003369 0.002980
10 0.408187 0.329128 0.003032 0.002186
10 0.407935 0.331115 0.003538 0.002980
10 0.407092 0.335386 0.003538 0.001987
10 0.404313 0.351480 0.003369 0.002782
10 0.406503 0.337572 0.003706 0.002782
10 0.405913 0.339162 0.003875 0.002782
10 0.405829 0.341049 0.003706 0.002583
10 0.405745 0.342937 0.003875 0.002782
10 0.405408 0.345321 0.003538 0.002384
10 0.404902 0.347308 0.003875 0.002782
10 0.404481 0.349394 0.003706 0.002980
10 0.404987 0.414564 0.004043 0.002980
10 0.410209 0.390721 0.003369 0.002186
10 0.410462 0.388536 0.003201 0.002186
10 0.416358 0.356249 0.003201 0.002384
10 0.418548 0.342043 0.003538 0.002583
10 0.418127 0.344327 0.003369 0.001987
10 0.418042 0.346116 0.003538 0.001987
10 0.417874 0.348003 0.003538 0.001788
10 0.417537 0.350387 0.003875 0.002186
10 0.416947 0.352374 0.003706 0.002583
10 0.416526 0.354262 0.003875 0.002782
10 0.415937 0.358236 0.003369 0.002384
10 0.426381 0.301709 0.003369 0.002186
10 0.415431 0.360223 0.003706 0.002384
10 0.415010 0.362209 0.003875 0.002384
10 0.414842 0.364097 0.003875 0.002583
10 0.414505 0.366283 0.003538 0.002583
10 0.414168 0.368567 0.003538 0.002384
10 0.413662 0.370554 0.003875 0.002384
10 0.413494 0.372641 0.003538 0.001788
10 0.419222 0.340453 0.003538 0.002186
10 0.419643 0.338367 0.003706 0.002384
10 0.420148 0.335983 0.003369 0.001590
10 0.420654 0.334294 0.003369 0.002186
10 0.425876 0.303894 0.003369 0.002186
10 0.425455 0.306179 0.003875 0.001987
10 0.425202 0.307967 0.003369 0.002384
10 0.424697 0.310153 0.003369 0.002384
10 0.424697 0.312041 0.003369 0.002186
10 0.424107 0.314027 0.004212 0.003378
10 0.423349 0.316014 0.004043 0.002583
10 0.423181 0.318299 0.003369 0.002384
10 0.423181 0.320286 0.003369 0.002384
10 0.422759 0.322074 0.003538 0.001987
10 0.422254 0.323863 0.003875 0.002782
10 0.421664 0.325551 0.003706 0.002186
10 0.421580 0.327737 0.004212 0.002583
10 0.421243 0.329923 0.003538 0.002186
10 0.420906 0.331909 0.004549 0.002583
10 0.410293 0.317107 0.003875 0.003179
10 0.410799 0.314922 0.003875 0.003179
10 0.411557 0.313034 0.003706 0.002583
10 0.389404 0.381582 0.003875 0.002980
10 0.386877 0.395688 0.004212 0.002583
10 0.387129 0.393602 0.004043 0.002384
10 0.387382 0.391715 0.003538 0.002186
10 0.387719 0.390026 0.003875 0.002782
10 0.388646 0.387741 0.004043 0.002980
10 0.388814 0.385456 0.003706 0.002782
10 0.388898 0.383370 0.004212 0.002583
10 0.389572 0.379595 0.003538 0.002583
10 0.400691 0.375025 0.002190 0.004172
10 0.390499 0.377707 0.004043 0.002782
10 0.390751 0.375422 0.003875 0.002583
10 0.391257 0.373535 0.003875 0.003179
10 0.391678 0.371548 0.004043 0.003179
10 0.392099 0.369164 0.003875 0.003179
10 0.416526 0.306080 0.003538 0.002583
10 0.416105 0.307868 0.004043 0.002186
10 0.386624 0.397675 0.003706 0.002583
10 0.386119 0.399662 0.004043 0.002583
10 0.385361 0.401748 0.003875 0.003179
10 0.385276 0.403735 0.003706 0.002782
10 0.376348 0.430956 0.003706 0.003179
10 0.379801 0.432446 0.003538 0.002583
10 0.380644 0.429962 0.003201 0.002782
10 0.380896 0.428075 0.003369 0.002583
10 0.381149 0.426187 0.003201 0.002782
10 0.381654 0.424200 0.003875 0.003179
10 0.382075 0.422015 0.004043 0.002782
10 0.382497 0.420028 0.003538 0.002782
10 0.382918 0.417842 0.004043 0.003179
10 0.383339 0.415657 0.003875 0.002782
10 0.383507 0.413769 0.003538 0.002583
10 0.383676 0.411782 0.003875 0.002980
10 0.384350 0.409895 0.003875 0.003179
10 0.384771 0.407709 0.004043 0.002782
10 0.384602 0.405623 0.003369 0.002186
10 0.398501 0.374925 0.001853 0.004371
10 0.402291 0.375919 0.002022 0.003974
10 0.412146 0.310948 0.003538 0.003179
10 0.413831 0.320286 0.003875 0.003179
10 0.411051 0.334095 0.003706 0.002980
10 0.411557 0.331909 0.003706 0.002980
10 0.411894 0.330320 0.004043 0.002980
10 0.412315 0.328234 0.003538 0.002782
10 0.412736 0.326048 0.003369 0.002782
10 0.413241 0.324459 0.004043 0.003179
10 0.413494 0.322273 0.003875 0.002782
10 0.414252 0.318001 0.004043 0.002980
10 0.404397 0.376118 0.002190 0.005166
10 0.414673 0.315915 0.003538 0.002782
10 0.414842 0.314027 0.003538 0.003378
10 0.415347 0.312041 0.003538 0.002980
10 0.415852 0.310252 0.003875 0.002583
10 0.412736 0.305086 0.004043 0.002980
10 0.412399 0.307173 0.003706 0.002384
10 0.412146 0.308961 0.003875 0.002782
10 0.410967 0.336281 0.003875 0.002980
10 0.410714 0.338168 0.004043 0.002782
10 0.409956 0.340056 0.003538 0.002186
10 0.409619 0.342341 0.003538 0.002782
10 0.403892 0.372442 0.003201 0.002583
10 0.404144 0.370554 0.003032 0.002384
10 0.404902 0.368567 0.003538 0.002782
10 0.405660 0.366581 0.003369 0.002782
10 0.405660 0.364494 0.003706 0.002583
10 0.406082 0.362309 0.003538 0.002583
10 0.406418 0.360521 0.003875 0.002583
10 0.406503 0.358534 0.003706 0.002980
10 0.406755 0.356745 0.003201 0.002583
10 0.407513 0.354560 0.003706 0.002980
10 0.407850 0.352275 0.003706 0.002782
10 0.408187 0.350685 0.003706 0.002782
10 0.408693 0.348599 0.003706 0.002980
10 0.409198 0.346414 0.004043 0.003378
10 0.409367 0.344327 0.003706 0.002782
10 0.413073 0.374528 0.004043 0.002384
10 0.412483 0.376316 0.003538 0.002384
10 0.412483 0.378701 0.003875 0.002384
10 0.442133 0.433141 0.002527 0.004769
10 0.453083 0.425591 0.002864 0.003974
10 0.451482 0.426883 0.003369 0.004570
10 0.449966 0.428075 0.003369 0.004967
10 0.446007 0.424200 0.003538 0.003576
10 0.448366 0.429167 0.003538 0.004769
10 0.446934 0.430558 0.002695 0.004371
10 0.444912 0.431154 0.003032 0.004371
10 0.443733 0.432347 0.002358 0.004371
10 0.483406 0.299424 0.004212 0.002782
10 0.440532 0.434035 0.003032 0.004172
10 0.438763 0.434929 0.002527 0.004769
10 0.437247 0.435923 0.002864 0.004371
10 0.435647 0.436618 0.003032 0.004967
10 0.433962 0.437314 0.003032 0.004769
10 0.486354 0.287006 0.003706 0.002583
10 0.485512 0.289589 0.004043 0.002980
10 0.454346 0.424598 0.003369 0.003974
10 0.455526 0.422809 0.003369 0.004371
10 0.456705 0.420823 0.003706 0.004371
10 0.458474 0.419531 0.003538 0.004172
10 0.474225 0.393900 0.003369 0.004967
10 0.473383 0.395887 0.003032 0.004570
10 0.472288 0.397675 0.003538 0.004570
10 0.471193 0.399364 0.003369 0.003974
10 0.469845 0.401152 0.003369 0.003974
10 0.469003 0.403239 0.003706 0.004172
10 0.468160 0.404729 0.003706 0.003974
10 0.466728 0.406318 0.003538 0.004371
10 0.466055 0.408206 0.003538 0.003775
10 0.465128 0.409497 0.003369 0.003576
10 0.464201 0.411584 0.003538 0.003775
10 0.462938 0.412974 0.003369 0.003775
10 0.462180 0.414763 0.003201 0.003378
10 0.461085 0.416352 0.003369 0.004172
10 0.459821 0.417644 0.003538 0.003974
10 0.484249 0.293066 0.004549 0.003179
10 0.482648 0.305682 0.003706 0.002186
10 0.476752 0.389827 0.003369 0.004371
10 0.470603 0.366779 0.003538 0.002782
10 0.468245 0.381383 0.003875 0.002186
10 0.468834 0.379396 0.003706 0.002583
10 0.469340 0.377012 0.003369 0.002583
10 0.469677 0.375124 0.003369 0.002384
10 0.469845 0.372939 0.003706 0.002384
10 0.470098 0.371051 0.003538 0.002583
10 0.470435 0.368965 0.003538 0.002384
10 0.470435 0.364693 0.003875 0.002186
10 0.481553 0.310550 0.003538 0.001987
10 0.471108 0.362706 0.003538 0.002583
10 0.472119 0.360918 0.002864 0.002186
10 0.472372 0.358633 0.003706 0.002384
10 0.472540 0.356944 0.003369 0.002186
10 0.472793 0.354957 0.003875 0.002186
10 0.473299 0.352871 0.003875 0.001987
10 0.473888 0.350387 0.004043 0.002583
10 0.467487 0.383866 0.003369 0.002782
10 0.474057 0.371150 0.003369 0.002384
10 0.474309 0.368865 0.003538 0.002583
10 0.475067 0.366382 0.004043 0.002782
10 0.480964 0.313729 0.004380 0.002782
10 0.480121 0.317803 0.003369 0.002186
10 0.479111 0.319591 0.003706 0.002583
10 0.478268 0.327439 0.003706 0.002782
10 0.477763 0.331512 0.003706 0.002583
10 0.477089 0.333598 0.003369 0.002384
10 0.477005 0.335486 0.003538 0.002583
10 0.490482 0.338864 0.003875 0.004172
10 0.476247 0.337771 0.003706 0.002384
10 0.475741 0.340453 0.003369 0.002186
10 0.477173 0.354659 0.003875 0.003576
10 0.477005 0.356944 0.003875 0.002980
10 0.475910 0.359527 0.003369 0.002980
10 0.475825 0.361911 0.003538 0.002583
10 0.475067 0.364494 0.003706 0.002980
10 0.475741 0.392609 0.002695 0.004769
10 0.477342 0.387840 0.002527 0.004371
10 0.411725 0.380588 0.003369 0.002583
10 0.423939 0.364892 0.003538 0.002980
10 0.420317 0.385257 0.003369 0.002384
10 0.420738 0.383171 0.003538 0.002980
10 0.421327 0.381085 0.003706 0.003179
10 0.422675 0.373634 0.003706 0.001788
10 0.423096 0.371349 0.003538 0.002384
10 0.423518 0.369561 0.003706 0.002384
10 0.423602 0.367077 0.003538 0.002583
10 0.424276 0.363203 0.003201 0.002782
10 0.427392 0.345122 0.003706 0.002782
10 0.424613 0.361216 0.003538 0.002782
10 0.424781 0.359428 0.003538 0.003179
10 0.425623 0.357242 0.003538 0.002782
10 0.425876 0.355057 0.003706 0.003179
10 0.426381 0.353070 0.003369 0.002782
10 0.426634 0.350884 0.003538 0.002782
10 0.426971 0.348798 0.003201 0.002583
10 0.420148 0.387344 0.003706 0.002980
10 0.419306 0.389330 0.003706 0.002980
10 0.418632 0.391417 0.003706 0.002384
10 0.418295 0.393006 0.003706 0.002384
10 0.411304 0.382376 0.003201 0.002186
10 0.410883 0.384165 0.003706 0.002186
10 0.410799 0.386350 0.003538 0.002583
10 0.411557 0.432446 0.003706 0.002583
10 0.411894 0.429466 0.003369 0.002186
10 0.412567 0.425988 0.004043 0.002384
10 0.413157 0.423704 0.003538 0.002583
10 0.413494 0.421419 0.003538 0.001987
10 0.413662 0.419134 0.003201 0.002583
10 0.414252 0.417147 0.003032 0.002583
10 0.414842 0.413570 0.003538 0.002583
10 0.415937 0.409497 0.003706 0.002782
10 0.416105 0.407113 0.003706 0.002782
10 0.416611 0.403537 0.003706 0.002782
10 0.417790 0.397675 0.004043 0.002980
10 0.427224 0.346910 0.003706 0.002384
10 0.427982 0.343036 0.003538 0.002980
10 0.478689 0.385555 0.003201 0.004172
10 0.483743 0.363700 0.003538 0.003775
10 0.435984 0.300417 0.003369 0.002782
10 0.436826 0.298629 0.004043 0.003179
10 0.437332 0.296145 0.003706 0.002186
10 0.485765 0.354858 0.003538 0.003974
10 0.485175 0.357143 0.003369 0.004172
10 0.484923 0.359626 0.003875 0.003576
10 0.484164 0.361713 0.004043 0.004172
10 0.483406 0.366382 0.003201 0.003576
10 0.428319 0.341148 0.003201 0.002782
10 0.482817 0.368766 0.003706 0.004371
10 0.482311 0.371150 0.003706 0.003974
10 0.481974 0.373535 0.003706 0.003974
10 0.481469 0.376018 0.003369 0.003775
10 0.481301 0.378701 0.003032 0.003974
10 0.480374 0.380191 0.003875 0.004967
10 0.479700 0.383072 0.003201 0.004371
10 0.435647 0.302603 0.003706 0.002782
10 0.435310 0.304788 0.003706 0.001987
10 0.435142 0.306477 0.003706 0.002186
10 0.434805 0.308563 0.003706 0.002782
10 0.428824 0.338764 0.003538 0.002384
10 0.429414 0.336777 0.003706 0.002384
10 0.429751 0.334592 0.003369 0.002782
10 0.429919 0.332704 0.004043 0.002583
10 0.430256 0.330817 0.003706 0.002384
10 0.430761 0.328730 0.003706 0.002583
10 0.431098 0.326843 0.003706 0.002782
10 0.431772 0.325154 0.003706 0.002980
10 0.432193 0.323068 0.003875 0.002782
10 0.432278 0.320783 0.003706 0.002980
10 0.432867 0.319094 0.003875 0.002384
10 0.433204 0.316908 0.003538 0.003179
10 0.433541 0.314623 0.003875 0.002980
10 0.433878 0.312637 0.003538 0.002583
10 0.434383 0.310650 0.003875 0.002583
10 0.442385 0.317504 0.003032 0.002384
10 0.441712 0.319293 0.003706 0.003179
10 0.441375 0.321081 0.003369 0.002782
10 0.535967 0.228691 0.003201 0.004769
10 0.525017 0.222432 0.003201 0.004570
10 0.526870 0.223127 0.002527 0.004769
10 0.528302 0.223823 0.003032 0.004967
10 0.529650 0.224816 0.003032 0.004570
10 0.531166 0.225909 0.003032 0.004769
10 0.532850 0.226604 0.003032 0.004570
10 0.534367 0.227697 0.003369 0.005166
10 0.537483 0.229485 0.002864 0.004371
10 0.521900 0.220346 0.003032 0.004769
10 0.538999 0.230678 0.003201 0.004371
10 0.540600 0.231572 0.002695 0.004570
10 0.542200 0.232664 0.002864 0.004769
10 0.543716 0.233459 0.002864 0.004769
10 0.545232 0.234254 0.002864 0.005166
10 0.546580 0.235347 0.003201 0.004570
10 0.548349 0.236042 0.002695 0.004769
10 0.523501 0.221240 0.002864 0.004570
10 0.520637 0.218955 0.002864 0.004371
10 0.519205 0.246473 0.002695 0.004570
10 0.504633 0.220842 0.003201 0.004570
10 0.515414 0.227002 0.003201 0.004570
10 0.513982 0.226207 0.003032 0.004967
10 0.512466 0.225412 0.003032 0.004172
10 0.510613 0.224816 0.003032 0.004967
10 0.508844 0.223823 0.002864 0.004570
10 0.507497 0.222829 0.002527 0.004570
10 0.505812 0.221935 0.003201 0.004371
10 0.502948 0.219750 0.003538 0.004769
10 0.518784 0.218458 0.003201 0.004570
10 0.508002 0.211405 0.002864 0.004371
10 0.509602 0.212299 0.002695 0.004570
10 0.511287 0.213292 0.003032 0.004967
10 0.512719 0.214385 0.003201 0.004769
10 0.514404 0.215180 0.003201 0.004371
10 0.515751 0.216074 0.003201 0.004172
10 0.517352 0.217365 0.003032 0.004371
10 0.549781 0.236936 0.002864 0.004967
10 0.551297 0.237930 0.003201 0.004570
10 0.553066 0.239320 0.002695 0.004570
10 0.531587 0.220842 0.003201 0.004967
10 0.542537 0.227300 0.002864 0.004769
10 0.540852 0.226406 0.002864 0.004570
10 0.538999 0.225611 0.002527 0.004172
10 0.537904 0.224618 0.002358 0.004172
10 0.536304 0.224021 0.002864 0.004570
10 0.534788 0.222730 0.002864 0.004371
10 0.533103 0.221935 0.002864 0.004769
10 0.529902 0.220147 0.003201 0.004769
10 0.554666 0.240215 0.002527 0.004769
10 0.528470 0.219352 0.003032 0.004769
10 0.526870 0.218359 0.002864 0.005166
10 0.525270 0.217067 0.003032 0.004967
10 0.523838 0.216074 0.003201 0.005365
10 0.522237 0.215180 0.002695 0.005166
10 0.520721 0.214286 0.002695 0.004570
10 0.519121 0.213392 0.002864 0.004371
10 0.543969 0.228293 0.003032 0.005166
10 0.545569 0.229187 0.002864 0.004967
10 0.547170 0.230379 0.003032 0.004967
10 0.548854 0.231174 0.003032 0.005365
10 0.556014 0.240811 0.002864 0.004371
10 0.557699 0.241705 0.002864 0.004967
10 0.559299 0.242698 0.002695 0.004570
10 0.561068 0.243493 0.002864 0.004570
10 0.562584 0.244685 0.002527 0.004570
10 0.564606 0.240612 0.002864 0.004371
10 0.563005 0.239718 0.002695 0.004967
10 0.561152 0.239022 0.003032 0.004769
10 0.559805 0.238128 0.003032 0.004570
10 0.558204 0.236837 0.002864 0.004769
10 0.556520 0.235943 0.002864 0.004570
10 0.555003 0.235347 0.002864 0.004967
10 0.553487 0.234055 0.002864 0.004769
10 0.551887 0.232863 0.003032 0.004769
10 0.550623 0.232168 0.002864 0.004967
10 0.516931 0.228293 0.002864 0.004769
10 0.518531 0.229187 0.003032 0.004570
10 0.519710 0.230678 0.003032 0.005166
10 0.556098 0.252136 0.003032 0.004769
10 0.551044 0.254023 0.002695 0.004172
10 0.552645 0.255315 0.002864 0.004769
10 0.554330 0.256110 0.002864 0.004769
10 0.555677 0.257103 0.003201 0.004769
10 0.560647 0.255514 0.002695 0.004371
10 0.558962 0.254023 0.002695 0.004570
10 0.557783 0.253129 0.002695 0.004371
10 0.554414 0.251142 0.002695 0.004371
10 0.537399 0.242003 0.003706 0.003576
10 0.552982 0.250348 0.003201 0.004371
10 0.551466 0.249553 0.002864 0.004371
10 0.549949 0.248261 0.002864 0.004570
10 0.546075 0.244586 0.003538 0.003179
10 0.545232 0.246771 0.003538 0.003179
10 0.544559 0.248560 0.003538 0.003576
10 0.543295 0.250745 0.004043 0.003974
10 0.549444 0.253030 0.002864 0.004570
10 0.547759 0.252434 0.002864 0.004570
10 0.557362 0.258196 0.003201 0.004967
10 0.558794 0.259289 0.003032 0.004769
10 0.516088 0.244685 0.002527 0.004172
10 0.514741 0.243195 0.003538 0.005166
10 0.512635 0.242996 0.002358 0.003576
10 0.511456 0.241407 0.003032 0.003974
10 0.509687 0.240115 0.002864 0.004172
10 0.508170 0.239320 0.003201 0.004172
10 0.506317 0.238824 0.002864 0.004769
10 0.505138 0.237830 0.002864 0.004371
10 0.503622 0.236738 0.002864 0.004967
10 0.500253 0.234850 0.002864 0.004371
10 0.502022 0.235744 0.002695 0.004570
10 0.560815 0.261673 0.003706 0.003576
10 0.561658 0.259587 0.003706 0.003378
10 0.562416 0.257699 0.003875 0.003576
10 0.563258 0.255812 0.003538 0.003775
10 0.538325 0.240016 0.003538 0.003576
10 0.536472 0.244089 0.003538 0.003378
10 0.521479 0.231472 0.002527 0.003974
10 0.535883 0.239519 0.003032 0.004570
10 0.524090 0.238228 0.003032 0.004769
10 0.525943 0.239022 0.002695 0.004371
10 0.527375 0.240016 0.002864 0.004371
10 0.529144 0.240910 0.002695 0.004570
10 0.530829 0.241903 0.002695 0.004172
10 0.532345 0.242301 0.002695 0.004172
10 0.534198 0.243096 0.002695 0.004172
10 0.534282 0.238426 0.003201 0.004769
10 0.536220 0.246275 0.004043 0.003378
10 0.532513 0.238029 0.002695 0.003974
10 0.530745 0.237234 0.002864 0.004371
10 0.529144 0.235943 0.003369 0.005365
10 0.527375 0.235148 0.002864 0.004570
10 0.526196 0.234353 0.002864 0.004570
10 0.524511 0.233559 0.002864 0.004570
10 0.522827 0.232267 0.002864 0.004769
10 0.522658 0.237234 0.002527 0.003974
10 0.521311 0.236340 0.002864 0.004967
10 0.519626 0.235545 0.002864 0.004570
10 0.518194 0.234651 0.003032 0.004371
10 0.498063 0.223624 0.003538 0.003378
10 0.498821 0.221041 0.003706 0.003378
10 0.499916 0.219154 0.003875 0.003179
10 0.500590 0.217067 0.004212 0.003775
10 0.500590 0.223922 0.002864 0.004371
10 0.502780 0.225114 0.003201 0.005166
10 0.504296 0.225810 0.002527 0.004570
10 0.505559 0.226803 0.003032 0.004172
10 0.507075 0.228095 0.003032 0.004371
10 0.508844 0.228194 0.002864 0.004172
10 0.510192 0.229485 0.003538 0.005166
10 0.512129 0.230081 0.002358 0.003974
10 0.513309 0.231671 0.003369 0.005166
10 0.515162 0.232168 0.002695 0.004570
10 0.516762 0.233559 0.002864 0.004967
10 0.517773 0.212001 0.003201 0.004769
10 0.516173 0.211007 0.003032 0.004769
10 0.514488 0.210312 0.003032 0.004570
10 0.556688 0.207828 0.002864 0.004371
10 0.545232 0.201272 0.002864 0.004769
10 0.547001 0.202066 0.002695 0.004371
10 0.548181 0.203557 0.003032 0.004967
10 0.549781 0.204451 0.002864 0.004769
10 0.551634 0.205047 0.002864 0.004769
10 0.553235 0.205941 0.003032 0.004967
10 0.554919 0.206934 0.003032 0.004570
10 0.557951 0.209120 0.003369 0.004967
10 0.572102 0.217465 0.003369 0.004570
10 0.559383 0.210610 0.002864 0.003974
10 0.560984 0.211007 0.002695 0.004371
10 0.562500 0.211802 0.003369 0.004769
10 0.564269 0.212994 0.002864 0.004371
10 0.565785 0.213789 0.003201 0.004769
10 0.567554 0.214584 0.002358 0.004371
10 0.568817 0.215379 0.003201 0.004769
10 0.543632 0.200576 0.002695 0.004967
10 0.541947 0.199384 0.003032 0.004570
10 0.540431 0.198192 0.003032 0.004172
10 0.538831 0.197397 0.002864 0.004172
10 0.517857 0.196602 0.002695 0.004570
10 0.516257 0.195212 0.003201 0.004570
10 0.519121 0.191933 0.003875 0.003576
10 0.519458 0.185476 0.002864 0.004570
10 0.521226 0.186668 0.002695 0.004570
10 0.522658 0.187661 0.002527 0.004172
10 0.524090 0.188556 0.003706 0.005961
10 0.525943 0.189648 0.003369 0.005365
10 0.527628 0.190542 0.003369 0.004769
10 0.529060 0.191437 0.002864 0.004570
10 0.530660 0.192430 0.003032 0.004570
10 0.532513 0.193225 0.003032 0.004570
10 0.534451 0.194516 0.003201 0.004769
10 0.535883 0.195410 0.003032 0.004570
10 0.537230 0.196304 0.003369 0.004371
10 0.570334 0.216173 0.003201 0.004769
10 0.572439 0.261276 0.004043 0.003974
10 0.521226 0.198291 0.003032 0.005166
10 0.498063 0.200079 0.003538 0.003974
10 0.491408 0.212696 0.003369 0.003775
10 0.491830 0.210709 0.003538 0.003378
10 0.493093 0.208921 0.004043 0.004172
10 0.493767 0.206934 0.003706 0.004172
10 0.495030 0.205345 0.003875 0.003775
10 0.496041 0.203656 0.003875 0.003576
10 0.496883 0.201470 0.003538 0.003974
10 0.499326 0.198490 0.004043 0.003974
10 0.574208 0.258097 0.004212 0.003974
10 0.500000 0.196801 0.003706 0.003378
10 0.500674 0.195112 0.004380 0.003974
10 0.501853 0.193324 0.003706 0.003974
10 0.502864 0.191437 0.004043 0.003775
10 0.503622 0.189748 0.003538 0.003179
10 0.504464 0.188059 0.003875 0.004172
10 0.505391 0.186569 0.003369 0.003576
10 0.490313 0.214385 0.003538 0.004371
10 0.489134 0.215875 0.003538 0.004172
10 0.487871 0.217167 0.003032 0.003576
10 0.487028 0.219154 0.003706 0.003974
10 0.575724 0.255514 0.003538 0.003576
10 0.578167 0.250844 0.003706 0.003378
10 0.580020 0.247268 0.004043 0.003775
10 0.583979 0.239718 0.004212 0.003775
10 0.585327 0.236439 0.004212 0.003974
10 0.586422 0.233857 0.004043 0.003576
10 0.491661 0.223425 0.003538 0.004172
10 0.503285 0.202960 0.002864 0.004172
10 0.478774 0.230181 0.003706 0.004570
10 0.480206 0.228691 0.004212 0.004769
10 0.481385 0.226803 0.002864 0.003378
10 0.482648 0.225313 0.003369 0.003974
10 0.483912 0.224220 0.003538 0.004172
10 0.484586 0.222333 0.003538 0.003974
10 0.485849 0.220743 0.003706 0.004371
10 0.519542 0.197497 0.003032 0.004769
10 0.522490 0.199185 0.002864 0.004570
10 0.513056 0.209418 0.002864 0.003974
10 0.533187 0.210809 0.003032 0.004769
10 0.522574 0.204053 0.002695 0.004769
10 0.524090 0.204749 0.002695 0.004570
10 0.525354 0.206239 0.002864 0.004769
10 0.526617 0.207133 0.003032 0.004967
10 0.528386 0.207928 0.003201 0.004967
10 0.530155 0.209120 0.003032 0.004967
10 0.531503 0.209915 0.002695 0.004967
10 0.535040 0.211504 0.003032 0.004570
10 0.549528 0.221737 0.004043 0.003179
10 0.536304 0.212895 0.002864 0.004570
10 0.537989 0.213789 0.002864 0.004371
10 0.539673 0.214484 0.002864 0.004967
10 0.541021 0.215577 0.002864 0.004371
10 0.542790 0.216670 0.002695 0.004570
10 0.544222 0.217266 0.002527 0.004172
10 0.545906 0.217862 0.002864 0.004172
10 0.520974 0.202960 0.002527 0.004570
10 0.519205 0.201967 0.003369 0.004967
10 0.517436 0.201470 0.002864 0.004371
10 0.516088 0.200378 0.002864 0.004570
10 0.511371 0.208226 0.003201 0.004769
10 0.510024 0.207133 0.002864 0.005365
10 0.507665 0.204947 0.003875 0.003775
10 0.507075 0.207133 0.003369 0.003378
10 0.506317 0.208921 0.003201 0.003378
10 0.504801 0.210610 0.004212 0.003974
10 0.547254 0.225015 0.004212 0.003775
10 0.574461 0.236936 0.003706 0.003378
10 0.575303 0.235247 0.004043 0.003576
10 0.576988 0.230976 0.003369 0.003775
10 0.514404 0.192728 0.003538 0.003179
10 0.513140 0.194914 0.004380 0.003576
10 0.512214 0.196801 0.004212 0.003378
10 0.511456 0.198788 0.003706 0.003378
10 0.514488 0.199384 0.002695 0.004172
10 0.547507 0.219253 0.002695 0.004570
10 0.550286 0.219750 0.004212 0.003576
10 0.524427 0.199980 0.003369 0.004967
10 0.538325 0.208722 0.003201 0.004967
10 0.549107 0.215379 0.002527 0.003974
10 0.547591 0.214683 0.002864 0.004172
10 0.546159 0.213888 0.002695 0.004570
10 0.544559 0.212597 0.003201 0.004769
10 0.542706 0.212199 0.002864 0.004769
10 0.541274 0.210709 0.003032 0.004570
10 0.539589 0.209517 0.003032 0.004570
10 0.536641 0.207232 0.003201 0.004769
10 0.551213 0.218061 0.004380 0.003775
10 0.535040 0.206537 0.003032 0.004570
10 0.533356 0.205941 0.003032 0.004570
10 0.532177 0.204947 0.003369 0.004570
10 0.530492 0.204153 0.003032 0.004967
10 0.528892 0.203159 0.003538 0.004967
10 0.527123 0.202563 0.003032 0.004570
10 0.525943 0.200874 0.003032 0.004769
10 0.553571 0.210411 0.003369 0.003179
10 0.561405 0.216273 0.003538 0.003378
10 0.558794 0.222432 0.003706 0.003378
10 0.559720 0.220445 0.003538 0.002980
10 0.552224 0.215875 0.004380 0.004172
10 0.574377 0.230479 0.002527 0.004769
10 0.572776 0.229287 0.002695 0.004371
10 0.571176 0.228691 0.002527 0.004371
10 0.569575 0.227797 0.002695 0.003775
10 0.567722 0.226505 0.002358 0.003974
10 0.566459 0.226008 0.002527 0.004172
10 0.565280 0.224717 0.002527 0.004371
10 0.556856 0.226406 0.003538 0.003378
10 0.559552 0.227101 0.002864 0.003974
10 0.561573 0.227697 0.002864 0.004769
10 0.577999 0.221240 0.003032 0.004570
10 0.573703 0.218359 0.002527 0.004769
10 0.563595 0.223723 0.002527 0.004371
10 0.561658 0.222929 0.002695 0.004371
10 0.517604 0.245480 0.002864 0.004570
10 0.520637 0.247069 0.002864 0.004570
10 0.440785 0.323167 0.003538 0.002980
10 0.667200 0.158554 0.002527 0.005166
10 0.668716 0.186767 0.002190 0.004371
10 0.671749 0.180310 0.002864 0.004570
10 0.665431 0.170077 0.003032 0.005563
10 0.667958 0.169978 0.002358 0.004172
10 0.664336 0.180608 0.002864 0.004371
10 0.660125 0.184880 0.002527 0.004570
10 0.668548 0.163223 0.002527 0.005365
10 0.582126 0.256507 0.003201 0.004769
10 0.655829 0.192132 0.002358 0.004371
10 0.590633 0.239519 0.002695 0.004570
10 0.599983 0.238327 0.003201 0.005365
10 0.595603 0.228393 0.003201 0.004570
10 0.597793 0.230181 0.003201 0.005365
10 0.615145 0.252335 0.003201 0.004371
10 0.612702 0.257600 0.003032 0.004570
10 0.612028 0.253328 0.003706 0.005563
10 0.666863 0.184284 0.002527 0.004570
10 0.656755 0.201371 0.002527 0.004172
10 0.522153 0.247963 0.002864 0.004371
10 0.614471 0.384165 0.003201 0.004172
10 0.599899 0.398768 0.002022 0.003974
10 0.598130 0.400060 0.002864 0.004570
10 0.602426 0.401550 0.003706 0.004769
10 0.604953 0.401947 0.003369 0.004371
10 0.605879 0.396483 0.003201 0.004967
10 0.608491 0.392708 0.003032 0.004967
10 0.611354 0.388138 0.003706 0.004570
10 0.617082 0.379893 0.003369 0.004769
10 0.650354 0.211305 0.002864 0.005365
10 0.632160 0.260580 0.003201 0.004570
10 0.643278 0.257302 0.003201 0.004769
10 0.642183 0.254620 0.002695 0.004570
10 0.637972 0.249652 0.002695 0.004570
10 0.641762 0.239420 0.002864 0.004371
10 0.642436 0.225810 0.002527 0.004570
10 0.645384 0.226207 0.002358 0.004172
10 0.614218 0.248858 0.003032 0.004967
10 0.617925 0.245977 0.003369 0.005563
10 0.621715 0.230876 0.003201 0.005563
10 0.515836 0.294655 0.003706 0.004371
10 0.525101 0.304490 0.003706 0.004570
10 0.523838 0.302901 0.004212 0.005365
10 0.522153 0.301808 0.003538 0.004769
10 0.521058 0.300219 0.003369 0.003974
10 0.519626 0.298629 0.003201 0.004371
10 0.518531 0.297536 0.003369 0.003775
10 0.517015 0.296344 0.003369 0.004172
10 0.504464 0.284621 0.003201 0.004570
10 0.624242 0.231274 0.003538 0.005166
10 0.524175 0.296443 0.003875 0.004371
10 0.489724 0.273594 0.003706 0.004371
10 0.484333 0.268428 0.004043 0.004371
10 0.478352 0.260779 0.003538 0.004570
10 0.477089 0.258991 0.003369 0.004172
10 0.475825 0.257302 0.003201 0.003974
10 0.486523 0.243990 0.003369 0.004371
10 0.526280 0.305881 0.003706 0.004570
10 0.527544 0.307471 0.003538 0.004172
10 0.561321 0.280747 0.003369 0.003974
10 0.558204 0.285714 0.003875 0.003576
10 0.600741 0.216173 0.002358 0.003974
10 0.618093 0.226306 0.003032 0.004769
10 0.550371 0.298033 0.003706 0.003576
10 0.549444 0.299821 0.003201 0.003179
10 0.548012 0.301510 0.003032 0.003775
10 0.546917 0.303000 0.003538 0.003974
10 0.545738 0.304391 0.002864 0.003179
10 0.544643 0.305981 0.003032 0.003179
10 0.543548 0.307570 0.003538 0.003974
10 0.542537 0.309358 0.003875 0.003974
10 0.541021 0.310848 0.003201 0.004172
10 0.540010 0.312835 0.003201 0.004172
10 0.547675 0.293662 0.003369 0.003974
10 0.553150 0.293463 0.003538 0.003974
10 0.554666 0.291079 0.003538 0.003576
10 0.604363 0.391218 0.003201 0.003974
10 0.589875 0.388834 0.004212 0.002384
10 0.587517 0.392311 0.003875 0.002186
10 0.430677 0.377707 0.003538 0.002384
10 0.433204 0.363402 0.003538 0.002782
10 0.432783 0.365587 0.004043 0.002782
10 0.432446 0.367773 0.004043 0.002384
10 0.432025 0.369561 0.003875 0.002384
10 0.431604 0.371647 0.003369 0.002583
10 0.431435 0.373535 0.004043 0.002782
10 0.431267 0.376018 0.004043 0.002583
10 0.430172 0.379694 0.003875 0.002782
10 0.426718 0.397973 0.003706 0.002782
10 0.429835 0.381780 0.003875 0.002980
10 0.429666 0.383469 0.003875 0.002782
10 0.429245 0.385555 0.003369 0.002583
10 0.428908 0.387542 0.003369 0.002583
10 0.428403 0.389430 0.003369 0.002782
10 0.427982 0.391615 0.003875 0.002782
10 0.427898 0.393702 0.004043 0.002980
10 0.433457 0.361514 0.003706 0.002186
10 0.433878 0.359626 0.003875 0.002384
10 0.434383 0.357540 0.004212 0.002583
10 0.434805 0.355454 0.003706 0.002384
10 0.440785 0.324955 0.003201 0.002583
10 0.440364 0.327042 0.003369 0.002384
10 0.439858 0.329128 0.003032 0.002583
10 0.439353 0.331214 0.003706 0.003179
10 0.438932 0.333300 0.002864 0.002583
10 0.439016 0.335287 0.003369 0.002583
10 0.438763 0.337274 0.003875 0.002980
10 0.438342 0.339062 0.003369 0.002583
10 0.437837 0.341148 0.003706 0.003179
10 0.437332 0.343235 0.003369 0.002980
10 0.436742 0.345023 0.003538 0.002980
10 0.436573 0.347109 0.003875 0.002384
10 0.435984 0.348997 0.004043 0.002583
10 0.435394 0.351083 0.003875 0.002782
10 0.435057 0.353268 0.003875 0.002384
10 0.426971 0.395788 0.003875 0.002782
10 0.426466 0.399861 0.003875 0.003378
9 0.615145 0.418836 0.006570 0.008345
10 0.567049 0.420028 0.003369 0.001987
10 0.553656 0.451719 0.001853 0.003378
10 0.547591 0.441486 0.003201 0.002782
10 0.557278 0.448540 0.001685 0.003775
10 0.560310 0.447348 0.002358 0.004570
10 0.576061 0.430558 0.003201 0.004769
10 0.563258 0.420823 0.002864 0.002384
10 0.566880 0.422114 0.003369 0.002186
10 0.566796 0.417147 0.002864 0.001788
10 0.426297 0.401947 0.003875 0.002782
10 0.591560 0.418339 0.001853 0.004172
10 0.589538 0.412180 0.002527 0.004172
10 0.592318 0.408802 0.002358 0.004172
10 0.590970 0.410491 0.002695 0.004769
10 0.604869 0.430856 0.003201 0.003775
10 0.587685 0.465925 0.002527 0.004769
9 0.604616 0.458176 0.004717 0.005961
10 0.555256 0.453109 0.001685 0.003775
10 0.556856 0.453805 0.002190 0.005563
10 0.561489 0.452712 0.002695 0.003775
10 0.564437 0.452017 0.003538 0.004769
10 0.426044 0.403735 0.004380 0.002384
10 0.425623 0.405822 0.003875 0.002980
10 0.425202 0.407709 0.003369 0.003179
10 0.423770 0.413968 0.003875 0.002583
10 0.422928 0.417743 0.003875 0.002980
10 0.422591 0.419730 0.003875 0.002980
10 0.422338 0.421617 0.004380 0.002384
10 0.421749 0.425889 0.004212 0.002980
10 0.420906 0.428075 0.003875 0.002980
9 0.504801 0.397377 0.005222 0.005961
9 0.359164 0.460858 0.008086 0.003775
9 0.576988 0.408007 0.008760 0.003378
9 0.579094 0.404133 0.008592 0.003179
9 0.596445 0.381979 0.008592 0.002186
10 0.548265 0.436916 0.003875 0.002782
10 0.487618 0.245679 0.003201 0.004172
10 0.489134 0.247467 0.003538 0.004570
10 0.490566 0.248460 0.003032 0.004172
10 0.509771 0.244884 0.002695 0.004570
10 0.528049 0.268230 0.002864 0.004769
10 0.553908 0.273495 0.003369 0.003775
10 0.555172 0.271707 0.003538 0.003378
10 0.555846 0.269819 0.003875 0.003974
10 0.556435 0.267634 0.003369 0.003179
10 0.506486 0.243195 0.002527 0.003974
10 0.507581 0.244784 0.003032 0.004371
10 0.511034 0.245977 0.002864 0.004371
10 0.525185 0.254620 0.002864 0.004570
10 0.512719 0.247367 0.002864 0.004769
10 0.514404 0.248659 0.002864 0.004570
10 0.515583 0.249156 0.002527 0.004371
10 0.517520 0.250050 0.003032 0.004570
10 0.518868 0.251440 0.003032 0.004570
10 0.520300 0.252235 0.003201 0.004570
10 0.521985 0.253129 0.003201 0.004769
10 0.530155 0.269124 0.003032 0.004967
10 0.531671 0.269919 0.003369 0.004967
10 0.533187 0.271011 0.003369 0.004371
10 0.534535 0.272005 0.002695 0.003974
10 0.543885 0.283032 0.002527 0.004172
10 0.542369 0.282039 0.002864 0.004570
10 0.540937 0.280846 0.002695 0.004172
10 0.539168 0.279754 0.002527 0.004371
10 0.537483 0.278661 0.002864 0.004172
10 0.549191 0.282337 0.003032 0.003179
10 0.550708 0.280350 0.004380 0.004371
10 0.547423 0.279356 0.003201 0.004371
10 0.545569 0.279158 0.002527 0.004371
10 0.544222 0.277965 0.002527 0.004371
10 0.542621 0.276873 0.002695 0.004172
10 0.541021 0.275879 0.002864 0.004570
10 0.539589 0.275084 0.003032 0.004570
10 0.537989 0.273992 0.003201 0.004769
10 0.536472 0.272998 0.002864 0.004371
10 0.523416 0.253924 0.003032 0.004769
10 0.526533 0.255812 0.003201 0.004967
10 0.489808 0.240115 0.002864 0.003378
10 0.536304 0.256507 0.002864 0.004769
10 0.547254 0.263561 0.003201 0.004967
10 0.545822 0.262567 0.003032 0.004570
10 0.544137 0.261176 0.003032 0.004967
10 0.542537 0.260481 0.003201 0.004769
10 0.540852 0.259587 0.002864 0.004570
10 0.539505 0.258494 0.003201 0.004769
10 0.537989 0.257500 0.002864 0.005166
10 0.534704 0.255613 0.003032 0.004570
10 0.528049 0.256606 0.003201 0.004570
10 0.533272 0.254620 0.003201 0.004967
10 0.531671 0.253626 0.003032 0.004967
10 0.530239 0.252633 0.003201 0.004967
10 0.528470 0.251341 0.003369 0.004769
10 0.526786 0.250745 0.003032 0.005166
10 0.525354 0.250050 0.002527 0.005365
10 0.523753 0.248957 0.003369 0.005166
10 0.548602 0.264256 0.002864 0.004769
10 0.550034 0.265051 0.003032 0.004769
10 0.551634 0.266143 0.002864 0.004570
10 0.553656 0.267137 0.003201 0.004967
10 0.529734 0.257699 0.002864 0.004371
10 0.531503 0.258693 0.003032 0.004769
10 0.532935 0.259487 0.002527 0.004371
10 0.534619 0.260381 0.002864 0.004570
10 0.536304 0.261276 0.002864 0.004371
10 0.537736 0.262468 0.002695 0.004371
10 0.539168 0.263362 0.002864 0.004570
10 0.540515 0.264554 0.003201 0.004570
10 0.542032 0.265547 0.003201 0.004967
10 0.543632 0.266441 0.002695 0.004769
10 0.544980 0.267336 0.003032 0.004570
10 0.546749 0.268130 0.002527 0.004172
10 0.548433 0.268925 0.002527 0.004172
10 0.549949 0.270117 0.003201 0.004570
10 0.551550 0.271111 0.003032 0.004570
10 0.546075 0.285416 0.003538 0.003378
10 0.491577 0.241208 0.004043 0.004371
10 0.491408 0.250348 0.004380 0.004769
10 0.480290 0.254719 0.003706 0.004371
10 0.525606 0.288595 0.003032 0.003775
10 0.526786 0.290185 0.003032 0.003775
10 0.527965 0.291576 0.002695 0.003775
10 0.529144 0.292966 0.003032 0.003775
10 0.530660 0.294258 0.003032 0.003974
10 0.532177 0.295847 0.003369 0.004371
10 0.533356 0.297437 0.003369 0.004371
10 0.482059 0.256110 0.003538 0.004371
10 0.493430 0.269024 0.003369 0.004371
10 0.483491 0.257004 0.003706 0.004570
10 0.484501 0.258891 0.003369 0.003974
10 0.485428 0.260381 0.003538 0.004967
10 0.486944 0.261375 0.003875 0.004967
10 0.488460 0.263064 0.003538 0.004371
10 0.489555 0.264455 0.003706 0.004371
10 0.490735 0.266541 0.003369 0.004172
10 0.524259 0.287304 0.003032 0.003576
10 0.522911 0.285516 0.003032 0.003576
10 0.521479 0.284323 0.002527 0.003974
10 0.519963 0.282933 0.002864 0.003576
10 0.492588 0.251739 0.003706 0.004371
10 0.493851 0.253129 0.003538 0.004371
10 0.495536 0.254620 0.003538 0.004570
10 0.496799 0.255812 0.003369 0.004172
10 0.497810 0.257500 0.003369 0.004371
10 0.479363 0.253030 0.003201 0.003775
10 0.499073 0.258991 0.003201 0.004172
10 0.500168 0.260680 0.003369 0.004371
10 0.501769 0.261971 0.003538 0.004172
10 0.502948 0.262964 0.003538 0.003775
10 0.503959 0.264355 0.003201 0.004172
10 0.505222 0.265746 0.003369 0.004172
10 0.506654 0.267137 0.003201 0.003775
10 0.508002 0.268428 0.003201 0.004371
10 0.509518 0.270018 0.003201 0.004371
10 0.492251 0.267634 0.003369 0.004371
10 0.494525 0.270813 0.003201 0.004371
10 0.492672 0.243096 0.003538 0.004172
10 0.504043 0.255812 0.003369 0.004570
10 0.512635 0.266044 0.004043 0.004371
10 0.511624 0.264157 0.004043 0.004570
10 0.510361 0.262766 0.003538 0.004172
10 0.509265 0.261474 0.003706 0.004371
10 0.507749 0.259984 0.003032 0.003775
10 0.506654 0.258295 0.003875 0.004371
10 0.505391 0.257103 0.003369 0.004371
10 0.503032 0.254123 0.003706 0.004769
10 0.495620 0.272104 0.003369 0.004172
10 0.501600 0.252732 0.003201 0.004371
10 0.500421 0.251341 0.003201 0.003974
10 0.499158 0.250050 0.003706 0.004172
10 0.497894 0.248162 0.003538 0.004371
10 0.496631 0.246970 0.003369 0.003974
10 0.495283 0.245281 0.003032 0.003775
10 0.494104 0.244089 0.003032 0.004172
10 0.513982 0.267336 0.003369 0.004172
10 0.515667 0.268428 0.003706 0.003974
10 0.516594 0.270117 0.003538 0.004172
10 0.518026 0.271111 0.003369 0.004172
10 0.497305 0.273296 0.003032 0.004172
10 0.498568 0.274588 0.002864 0.003576
10 0.500084 0.276078 0.003201 0.004172
10 0.537483 0.292966 0.002864 0.003775
10 0.535883 0.291476 0.003369 0.003974
10 0.534704 0.290284 0.003369 0.003974
10 0.533019 0.288893 0.003032 0.003974
10 0.531671 0.287105 0.003369 0.003974
10 0.530576 0.285714 0.003201 0.004371
10 0.529481 0.284224 0.003369 0.004172
10 0.527796 0.282833 0.003706 0.004570
10 0.522995 0.277270 0.003201 0.003378
10 0.521648 0.275681 0.003538 0.004172
10 0.520637 0.273992 0.003201 0.003576
10 0.519542 0.272501 0.003706 0.004172
0 0.060647 0.621200 0.037736 0.040731